  FCIDUMP file : FCIDUMP/FCIDUMP_TTM-Ph-TTM
  NORB         : 60
  NELEC        : 76  (nalpha=38, nbeta=38)
  Scalar pot.  :  5151.8122133653
===============================================
 Testing CSF optimisation method
===============================================

************************************************
 Testing 'gwh' initial guess method
************************************************

  Initializing L-BFGS optimisation...
    > Num. MOs       =     60
    > Num. params    =    894
    > Max subspace   =     20
    > Max step size   =  0.500
    > Backtracking   =  0.100
    > Parallel tr.   = True
    > Pseudo-canon.  = True
    > Canon interval = 10
    > Hybrid prec.   = True
  ================================================================
           Energy / Eh     Step Len    Max(|G_i|)
  ================================================================
     0   275.9791962115                 4.91e+00
     1   271.4788030336    5.00e-01     4.02e+00    rescaled  
     2   269.3030248086    5.00e-01     3.29e+00    rescaled  
     3   266.5059457027    3.39e-01     5.17e+00              
     4   265.2718305160    5.00e-01     5.15e+00    understep 
     5   265.2718305160    5.00e-01     5.15e+00    understep 
     6   263.0068480240    5.00e-01     2.97e+00    rescaled  
     7   262.3444355016    5.00e-01     5.10e+00    rescaled  
     8   261.0844776247    4.88e-01     2.98e+00              
     9   260.2465020428    3.71e-01     4.18e+00              
    10   259.3629738633    2.56e-01     3.93e+00              
    11   258.3776124980    1.81e-01     4.55e+00              
    12   255.0790556152    5.00e-01     8.94e+00    rescaled  
    13   252.9222310942    5.00e-01     1.10e+01    rescaled  
    14   250.6789987818    5.00e-01     4.21e+00    rescaled  
    15   249.2123531597    5.00e-01     3.64e+00    rescaled  
    16   247.2391010274    5.00e-01     2.67e+00    rescaled  
    17   247.2524822173    4.77e-01     4.79e+00              
    18   246.7384000589    4.29e-01     4.28e+00    overstep  
    19   243.5818387412    3.95e-01     3.05e+00              
    20   240.6434577096    5.00e-01     3.14e+00    rescaled  
    21   239.4683493601    5.00e-01     5.30e+00    rescaled  
    22   237.6599163003    4.26e-01     3.96e+00              
    23   238.6083241468    5.00e-01     3.72e+00    rescaled  
    24   237.0584412693    3.78e-01     2.44e+00    overstep  
    25   236.0605313975    3.50e-01     1.90e+00              
    26   235.8715336854    1.18e-01     1.22e+00              
    27   235.4091089357    1.62e-01     8.12e-01              
    28   235.3693457614    5.67e-02     1.09e+00              
    29   235.2948650462    2.30e-02     3.70e-01              
    30   235.2819663130    2.26e-02     2.59e-01              
    31   235.2728836291    9.43e-03     1.77e-01              
    32   235.2649718033    1.13e-02     1.42e-01              
    33   235.2611618679    6.13e-03     1.45e-01              
    34   235.2597483416    3.04e-03     1.80e-02              
    35   235.2595674448    2.02e-03     7.23e-03              
    36   235.2595541126    7.54e-04     5.14e-03              
    37   235.2595468567    3.60e-04     2.22e-03              
    38   235.2595462418    1.35e-04     8.00e-04              
    39   235.2595460539    3.65e-05     2.60e-04              
    40   235.2595460460    6.46e-06     9.24e-05              
    41   235.2595460449    4.56e-06     1.43e-05              
    42   235.2595460449    8.71e-07     2.05e-06              
    43   235.2595460449    2.14e-07     1.15e-06              
    44   235.2595460448    5.58e-08     1.41e-07              
  ================================================================
  L-BFGS converged in     44 iterations (  4.74 seconds)

  Initializing Davidson diagonalisation...
    > Max iterations =   1000
    > Target states  =      5
    > Convergence    =  1.000e-04
    > Basis per root =      4
    > Max basis size =     20
  Davidson diagonalisation converged in     38 iterations (  9.59 seconds)

   --------------------------
    Converged eigenvalues:   
   --------------------------
       0        6.80565878   
       1        6.82945734   
       2        7.04661303   
       3        7.05173305   
       4        7.36016118   
   --------------------------

 ---------------------------------------------
         Total Energy =   235.25954604 Eh
              Nuclear =  5151.81221337 Eh
         One Electron = -9722.71480197 Eh
              Coulomb =  5089.50907868 Eh
        ROHF Exchange =  -283.34694403 Eh
 ---------------------------------------------
           <Sz> =  0.00
           <S2> =  0.00
  Spin Coupling = +-

 -----------------------------------------------------------------------------------------------
  Open-Shell Exchange Matrix <Ψ|Êpq Êqp|Ψ> - Np
 -----------------------------------------------------------------------------------------------
           1              2        
   1   0.00000000     1.00000000   
   2   1.00000000     0.00000000   

 -----------------------------------------------------------------------------------------------
  Open-Shell Exchange Integrals <pq|qp>
 -----------------------------------------------------------------------------------------------
           1              2        
   1   6.69575229     0.00000062   
   2   0.00000062     6.69610048   

 -----------------------------------------------------------------------------------------------
  Occupied Orbital Coefficients
 -----------------------------------------------------------------------------------------------
           1              2              3              4              5              6        
   1   0.99690563     0.00322638     0.00003677     0.00001705     0.07239523     0.00039830   
   2   0.00320477    -0.99846973    -0.00003733     0.00001525     0.00061954    -0.04636720   
   3  -0.00003739    -0.00003726     0.99970959     0.02310113     0.00000378     0.00000308   
   4   0.00001531    -0.00001569     0.02310113    -0.99970957     0.00001259    -0.00000648   
   5   0.07185558    -0.00037637     0.00000672    -0.00001124    -0.99717592    -0.00015449   
   6  -0.00023456    -0.04580874    -0.00000467    -0.00000581    -0.00015457     0.99871637   
   7   0.00000034    -0.00000004    -0.00015428    -0.00008305    -0.00000084     0.00000089   
   8  -0.00000074     0.00000008    -0.00008267     0.00015537     0.00000244    -0.00000094   
   9   0.00486917    -0.00003344     0.00000250    -0.00000480    -0.00941775     0.00000476   
  10  -0.00002093    -0.00400451    -0.00000289    -0.00000562     0.00001405     0.00902195   
  11   0.00260077    -0.00403361     0.00000152     0.00001156     0.00115100    -0.00154293   
  12  -0.00396209    -0.00265887     0.00000739    -0.00000237    -0.00171412    -0.00101234   
  13   0.00000147    -0.00000572    -0.00255798    -0.00412019     0.00000630    -0.00001189   
  14  -0.00000553    -0.00000115    -0.00412075     0.00255773    -0.00000923     0.00000179   
  15   0.00000106     0.00000033    -0.00230965     0.00403101    -0.00000329     0.00000001   
  16   0.00000102     0.00000110    -0.00402785    -0.00231171    -0.00000184    -0.00000357   
  17  -0.00396606     0.00001825    -0.00000017     0.00000049     0.00832318     0.00000672   
  18   0.00000976     0.00222081     0.00000004     0.00000020     0.00000546    -0.00607200   
  19  -0.00079464     0.00000279     0.00000001     0.00000000    -0.00334443    -0.00000513   
  20   0.00004092     0.00974616     0.00000009     0.00000067     0.00000444    -0.00564564   
  21   0.00943070    -0.00003834     0.00000009    -0.00000065    -0.00533798    -0.00000905   
  22  -0.00000004    -0.00000000    -0.00003734    -0.00032655     0.00000006    -0.00000003   
  23  -0.00000017    -0.00000016    -0.00032608     0.00003720     0.00000011     0.00000011   
  24  -0.00002744    -0.00632178    -0.00000004    -0.00000046     0.00000009     0.00162522   
  25   0.00000033     0.00000034    -0.00000546     0.00000548    -0.00000013    -0.00000015   
  26   0.01262556    -0.00004819     0.00000009    -0.00000091    -0.00554234    -0.00001233   
  27   0.00004004     0.01113490     0.00000008     0.00000081     0.00001002    -0.00753436   
  28  -0.00409173     0.00001527    -0.00000001     0.00000030     0.00399792     0.00000747   
  29   0.00000019     0.00000006    -0.00001678    -0.00001720    -0.00000023    -0.00000009   
  30  -0.00000004    -0.00000007    -0.00001672     0.00001624     0.00000006     0.00000011   
  31  -0.00000054     0.00027751     0.00000118    -0.00000193    -0.00000493     0.00013156   
  32  -0.00012394    -0.00000292    -0.00000268    -0.00000401    -0.00037886    -0.00000226   
  33   0.00000222    -0.00000145    -0.00009494    -0.00025226     0.00000657    -0.00000064   
  34   0.00000040     0.00000181    -0.00025224     0.00009515     0.00000156     0.00000088   
  35   0.00000140     0.00033552     0.00000043     0.00000093    -0.00000183     0.00154857   
  36   0.00000004    -0.00000017     0.00091161     0.00059420    -0.00000001    -0.00000127   
  37   0.00000012     0.00000018     0.00059453    -0.00091239    -0.00000010     0.00000080   
  38   0.02558855    -0.00010882     0.00000023    -0.00000183    -0.01195194    -0.00001863   
  39  -0.00010659    -0.02506717    -0.00000023    -0.00000181    -0.00001033     0.01391376   
  40   0.00276980    -0.00001232     0.00000001    -0.00000022    -0.00205742    -0.00000231   
  41  -0.00000002     0.00000007    -0.00000014    -0.00000014     0.00000002    -0.00000009   
  42   0.00000513     0.00100490    -0.00000002     0.00000010     0.00000053    -0.00161621   
  43   0.00000018    -0.00000014     0.00024273     0.00072288    -0.00000003     0.00000008   
  44  -0.00000001     0.00000009     0.00072249    -0.00024255     0.00000003    -0.00000001   
  45  -0.00000000    -0.00000003     0.00006822     0.00007691    -0.00000001    -0.00000002   
  46   0.00000000     0.00000003     0.00007694    -0.00006817     0.00000001     0.00000003   
  47   0.00006382    -0.00001156    -0.00000014    -0.00000005     0.00011547    -0.00001558   
  48  -0.00000838    -0.00008962     0.00000019    -0.00000005    -0.00001440    -0.00012524   
  49   0.00000027    -0.00000017     0.00000597     0.00002259     0.00000065    -0.00000040   
  50   0.00000035     0.00000062     0.00002264    -0.00000609     0.00000047     0.00000082   
  51   0.00228403    -0.00001034     0.00000005    -0.00000015    -0.00035587    -0.00000073   
  52   0.00001683     0.00389812     0.00000006     0.00000027     0.00000118    -0.00191223   
  53  -0.00305876     0.00001303    -0.00000004     0.00000021     0.00161029     0.00000245   
  54   0.00000218     0.00053271     0.00000001     0.00000004     0.00000022    -0.00023787   
  55  -0.00010843     0.00000040     0.00000004     0.00000000     0.00026296     0.00000059   
  56   0.00000000     0.00000002    -0.00000061    -0.00007284    -0.00000003    -0.00000001   
  57  -0.00000001     0.00000008    -0.00007287     0.00000061     0.00000015    -0.00000004   
  58  -0.00000248    -0.00077025    -0.00000001    -0.00000005    -0.00000071     0.00046305   
  59  -0.00096821     0.00000333    -0.00000001     0.00000006     0.00024412     0.00000072   
  60   0.00000204     0.00054285     0.00000000     0.00000003    -0.00000011     0.00001586   
           7              8              9              10             11             12       
   1  -0.00000031    -0.00000043     0.00263328     0.00002046     0.00390320     0.00071412   
   2  -0.00000007    -0.00000014     0.00002046    -0.00277194     0.00003158     0.00001661   
   3  -0.00033486     0.00021641     0.00000317    -0.00001513    -0.00257701    -0.00361549   
   4   0.00021498     0.00033562     0.00000387     0.00001336    -0.00295495     0.00406583   
   5  -0.00000096    -0.00000150     0.01235226     0.00000569     0.00156674     0.00028478   
   6  -0.00000049    -0.00000067    -0.00001098     0.00582555     0.00000067    -0.00001851   
   7   0.98937056    -0.10268404     0.00001828    -0.00041174    -0.01813055    -0.09496223   
   8  -0.10268476    -0.98933041     0.00014407     0.00012998    -0.07161418     0.03756077   
   9  -0.00004525    -0.00018210    -0.64122803    -0.00013845     0.04068161     0.00703264   
  10  -0.00012728    -0.00007089     0.00178187    -0.50424800    -0.00075344     0.00046031   
  11   0.00019837     0.00022547     0.19636175     0.71973540    -0.33458559    -0.06185315   
  12   0.00012054    -0.00015468    -0.29492592     0.47699142     0.50303541     0.09088437   
  13  -0.09269501    -0.04161144     0.00039126    -0.00118111     0.19022732    -0.96447409   
  14  -0.04142445     0.09303565    -0.00030708    -0.00093986    -0.67509672    -0.14382202   
  15   0.00126546     0.01699812    -0.00000178     0.00005400    -0.10518936     0.05082200   
  16  -0.01697487     0.00125847     0.00002230    -0.00045735    -0.02345733    -0.14062928   
  17  -0.00001695    -0.00002535     0.68021567     0.00023300     0.35255221     0.06436148   
  18  -0.00000001    -0.00000003    -0.00000201    -0.00061407    -0.00000099     0.00000180   
  19  -0.00000009    -0.00000016    -0.00010330     0.00000148     0.00086191     0.00015747   
  20  -0.00000008    -0.00000012    -0.00000198    -0.00690335    -0.00000153     0.00002170   
  21  -0.00000018    -0.00000028     0.00922515    -0.00000104    -0.00043608    -0.00008078   
  22  -0.00012172    -0.00014172     0.00000100     0.00000561    -0.00096982     0.00170163   
  23  -0.00014207     0.00012149    -0.00000132     0.00000477     0.00111265     0.00113914   
  24   0.00000008     0.00000009    -0.00000025     0.00284195     0.00000094    -0.00000830   
  25   0.00001231    -0.00006455     0.00000016    -0.00000016     0.00000157    -0.00000016   
  26  -0.00000017    -0.00000023     0.00911379    -0.00000279     0.00060216     0.00010961   
  27  -0.00000008    -0.00000010    -0.00000695    -0.00443649    -0.00000277     0.00001282   
  28   0.00000025     0.00000028    -0.00332362     0.00000030    -0.00108222    -0.00019766   
  29   0.00164730     0.00034079     0.00000026    -0.00000041     0.00000467    -0.00010850   
  30   0.00034089    -0.00164597    -0.00000005    -0.00000002    -0.00007791     0.00000732   
  31  -0.00000004    -0.00000090    -0.00000964    -0.00167725     0.00002582     0.00000347   
  32  -0.00000174    -0.00000071    -0.00074909     0.00002154     0.00110876     0.00016843   
  33  -0.00008631    -0.00006140     0.00001249     0.00000241     0.00059469    -0.00177206   
  34  -0.00006116     0.00008696     0.00000412    -0.00001395    -0.00121237    -0.00063288   
  35   0.00000050     0.00000037     0.00000039    -0.00105535     0.00000047     0.00000298   
  36   0.00064828    -0.00001166    -0.00000006    -0.00000101    -0.00007484    -0.00061367   
  37  -0.00001072    -0.00064911     0.00000025    -0.00000016    -0.00045694     0.00018339   
  38  -0.00000041    -0.00000053     0.01569362     0.00000004     0.00183584     0.00033470   
  39   0.00000018     0.00000017     0.00000274     0.00828144     0.00000377    -0.00002405   
  40  -0.00000004    -0.00000004     0.00116797     0.00000007     0.00035350     0.00006460   
  41  -0.00000597    -0.00000114    -0.00000001    -0.00000001     0.00000004    -0.00000140   
  42  -0.00000001    -0.00000000     0.00000016     0.00007867     0.00000000    -0.00000038   
  43   0.00010073     0.00007641     0.00000013     0.00000064    -0.00006034     0.00015967   
  44   0.00007673    -0.00009986    -0.00000022     0.00000033     0.00010883     0.00006374   
  45  -0.00027284    -0.00006991    -0.00000001     0.00000034    -0.00000682     0.00008986   
  46  -0.00006964     0.00027221    -0.00000007     0.00000001     0.00006466    -0.00000197   
  47  -0.00000047    -0.00000007     0.00020704     0.00006005    -0.00030481    -0.00006002   
  48   0.00000023    -0.00000049    -0.00002606     0.00047788     0.00004128     0.00000602   
  49   0.00005449     0.00004750     0.00000135     0.00000315    -0.00023827     0.00054868   
  50   0.00004739    -0.00005473     0.00000056    -0.00000212     0.00036788     0.00026016   
  51  -0.00000003    -0.00000002     0.00103812     0.00000016    -0.00006561    -0.00001206   
  52  -0.00000004    -0.00000002    -0.00000021    -0.00105079    -0.00000040     0.00000309   
  53   0.00000005     0.00000004    -0.00154339    -0.00000009    -0.00025490    -0.00004649   
  54  -0.00000001    -0.00000000     0.00000005    -0.00012388    -0.00000000     0.00000036   
  55   0.00000001     0.00000002    -0.00018865    -0.00000006    -0.00006508    -0.00001184   
  56   0.00000097     0.00000142    -0.00000002    -0.00000020     0.00004470    -0.00006494   
  57   0.00000143    -0.00000099    -0.00000006    -0.00000023    -0.00004156    -0.00005415   
  58   0.00000001     0.00000000     0.00000039     0.00020084     0.00000004    -0.00000064   
  59   0.00000001    -0.00000000    -0.00030297     0.00000023     0.00004896     0.00000898   
  60  -0.00000000     0.00000000    -0.00000004    -0.00016283     0.00000001     0.00000051   
           13             14             15             16             17             18       
   1  -0.00392123    -0.00003802    -0.00270065     0.00000052    -0.00000160    -0.00001407   
   2  -0.00003043     0.00494878    -0.00001617    -0.00000036     0.00000188     0.00183083   
   3  -0.00322199    -0.00000129    -0.00000165    -0.00090024     0.00374988     0.00000006   
   4  -0.00219930    -0.00000062     0.00000047    -0.00375275    -0.00090166     0.00000019   
   5  -0.00156221     0.00000437    -0.00199655     0.00000150    -0.00000294     0.00000461   
   6  -0.00000497     0.00673265     0.00000748    -0.00000033     0.00000467     0.00608732   
   7  -0.03534797     0.00000212     0.00001893     0.00033210     0.00139285    -0.00000003   
   8  -0.06431323    -0.00001638    -0.00005498    -0.00134776     0.00031713    -0.00000001   
   9  -0.04040660    -0.00270766     0.76467559    -0.00012001     0.00028721    -0.00000177   
  10   0.00160560    -0.86315287    -0.00153262     0.00001523    -0.00026812    -0.00073792   
  11   0.33448516    -0.41952129     0.19934178     0.00025489     0.00008189     0.00016429   
  12  -0.50424043    -0.28004724    -0.30244737    -0.00005476     0.00000193     0.00010786   
  13   0.01462631     0.00008673    -0.00013895    -0.10420892    -0.11032833     0.00000105   
  14  -0.70008772    -0.00020845     0.00006217     0.11042176    -0.10411111    -0.00000014   
  15  -0.09542695    -0.00018781    -0.00015794    -0.95470144     0.25588027    -0.00000001   
  16  -0.04892251    -0.00016761    -0.00034514     0.25587388     0.95472109     0.00000030   
  17  -0.35349547    -0.00060831     0.53270732    -0.00011149     0.00023481     0.00000255   
  18   0.00000144    -0.00066576    -0.00000136     0.00000002    -0.00000048     0.99994700   
  19  -0.00086565    -0.00000109     0.00278788    -0.00000076     0.00000166     0.00000194   
  20   0.00000676    -0.00882771    -0.00000322     0.00000045    -0.00000606    -0.00171232   
  21   0.00044645     0.00000264    -0.00622595     0.00000243    -0.00000507     0.00000003   
  22  -0.00065484    -0.00000048     0.00000038    -0.00015358    -0.00006003    -0.00000001   
  23   0.00131452     0.00000007    -0.00000010     0.00005975    -0.00015296     0.00000005   
  24  -0.00000344     0.00578476     0.00000283    -0.00000036     0.00000356    -0.00441299   
  25   0.00000158    -0.00000029    -0.00000027     0.00000105    -0.00000061     0.00000009   
  26  -0.00059792     0.00000008    -0.00813617     0.00000270    -0.00000601    -0.00000107   
  27   0.00000653    -0.00860947    -0.00000034     0.00000055    -0.00000532    -0.00430847   
  28   0.00108463     0.00000149     0.00108061    -0.00000039     0.00000102     0.00000243   
  29  -0.00001531    -0.00000001     0.00000001     0.00000238     0.00000401    -0.00000011   
  30  -0.00007605     0.00000002    -0.00000002    -0.00000359     0.00000217     0.00000017   
  31  -0.00000332     0.00030083    -0.00000035     0.00000053    -0.00000040    -0.00005891   
  32  -0.00110967    -0.00000455    -0.00006889     0.00000084     0.00000134     0.00000067   
  33   0.00030793    -0.00000095     0.00000079     0.00007946     0.00005626     0.00000027   
  34  -0.00131277     0.00000186     0.00000054    -0.00005652     0.00007879    -0.00000041   
  35   0.00000054    -0.00070660     0.00000019    -0.00000143    -0.00000178     0.00339362   
  36  -0.00018623     0.00000144     0.00000088    -0.00062206    -0.00188298    -0.00000268   
  37  -0.00042160     0.00000003     0.00000081     0.00188258    -0.00062069     0.00000170   
  38  -0.00183223     0.00000630    -0.01232486     0.00000411    -0.00000952    -0.00000074   
  39  -0.00001076     0.01655910     0.00000822    -0.00000118     0.00001036     0.00333239   
  40  -0.00035436     0.00000058    -0.00090075     0.00000027    -0.00000069     0.00000004   
  41  -0.00000020    -0.00000003     0.00000000    -0.00000005    -0.00000009     0.00000002   
  42  -0.00000002    -0.00037016    -0.00000043     0.00000003    -0.00000017     0.00077825   
  43  -0.00003089     0.00000013     0.00000005    -0.00049439    -0.00032554    -0.00000002   
  44   0.00011986     0.00000026     0.00000033     0.00032602    -0.00049420    -0.00000000   
  45   0.00000959     0.00000002     0.00000004    -0.00003535    -0.00005323     0.00000003   
  46   0.00006397     0.00000002     0.00000001     0.00005296    -0.00003524    -0.00000002   
  47   0.00030604    -0.00001406     0.00004838    -0.00000024    -0.00000046    -0.00000292   
  48  -0.00003553    -0.00011304    -0.00000625    -0.00000041     0.00000042    -0.00002314   
  49  -0.00013369    -0.00000054     0.00000042     0.00007346     0.00004211    -0.00000005   
  50   0.00041611     0.00000073     0.00000005    -0.00004201     0.00007363     0.00000016   
  51   0.00006671     0.00000098    -0.00105759     0.00000036    -0.00000079     0.00000026   
  52   0.00000126    -0.00195866    -0.00000109     0.00000014    -0.00000126     0.00051914   
  53   0.00025486    -0.00000040     0.00096385    -0.00000033     0.00000080     0.00000011   
  54   0.00000011    -0.00027646    -0.00000003     0.00000002    -0.00000017     0.00069186   
  55   0.00006523     0.00000010    -0.00017905     0.00000000    -0.00000003     0.00000020   
  56   0.00003264     0.00000003    -0.00000001    -0.00008770    -0.00002402     0.00000000   
  57  -0.00005113     0.00000002    -0.00000007     0.00002400    -0.00008770     0.00000002   
  58  -0.00000018     0.00020692    -0.00000004     0.00000000     0.00000013    -0.00014994   
  59  -0.00004944     0.00000006     0.00031265    -0.00000011     0.00000021    -0.00000031   
  60   0.00000011    -0.00024403     0.00000004     0.00000001    -0.00000016     0.00020095   
           19             20             21             22             23             24       
   1  -0.00000966    -0.00004034     0.00529802     0.00000003     0.00000006    -0.00002474   
   2  -0.00000009     0.00555943     0.00003748     0.00000003    -0.00000006     0.00331883   
   3  -0.00000000     0.00000016    -0.00000017    -0.00001086     0.00034372     0.00000010   
   4   0.00000003     0.00000045     0.00000042     0.00034418     0.00001068     0.00000029   
   5   0.00387547     0.00000342     0.00385887    -0.00000001     0.00000006    -0.00000105   
   6  -0.00000565     0.00376649    -0.00000616    -0.00000001    -0.00000005    -0.00004063   
   7  -0.00000003    -0.00000036    -0.00000021    -0.00019221     0.00035222    -0.00000012   
   8  -0.00000002     0.00000011     0.00000104     0.00035259     0.00019248     0.00000001   
   9   0.00133483    -0.00001737    -0.00748755    -0.00000149    -0.00000060    -0.00000914   
  10  -0.00000381    -0.00778998     0.00001983    -0.00000190     0.00000071    -0.00419704   
  11  -0.00004184     0.00143414     0.00096607     0.00000460    -0.00000057    -0.00015883   
  12   0.00006090     0.00093864    -0.00144343    -0.00000091    -0.00000296    -0.00011215   
  13  -0.00000065     0.00001051     0.00000494    -0.00170166     0.00103684     0.00000343   
  14   0.00000088    -0.00000149    -0.00000745     0.00103741     0.00170172    -0.00000084   
  15   0.00000037    -0.00000001    -0.00000254     0.00040008     0.00023334     0.00000006   
  16   0.00000022     0.00000316    -0.00000147    -0.00023377     0.00039923     0.00000155   
  17   0.00223582     0.00000084     0.00169829     0.00000000     0.00000006    -0.00000072   
  18   0.00000190     0.00130770    -0.00000022    -0.00000001    -0.00000004    -0.00510565   
  19  -0.99902754    -0.00000922     0.02948019     0.00000016     0.00000006    -0.00000412   
  20  -0.00001694     0.98865193    -0.00018093     0.00000467     0.00000393     0.05505456   
  21  -0.03366027    -0.00018497    -0.98943952    -0.00000555     0.00000480     0.00001018   
  22   0.00000007     0.00000416     0.00000588    -0.99442511     0.10532370     0.00000117   
  23   0.00000030    -0.00000379     0.00000370     0.10532369     0.99442512    -0.00000365   
  24   0.00000616     0.07446238    -0.00003348    -0.00000131    -0.00000368    -0.98619311   
  25  -0.00000061    -0.00000364     0.00000301     0.00007698     0.00007812    -0.00002109   
  26  -0.02081382    -0.00002245     0.10398596    -0.00000051     0.00000297    -0.00012583   
  27  -0.00000008    -0.08289126    -0.00002123     0.00000007     0.00000177    -0.13560066   
  28  -0.00153672     0.00000760    -0.02353265    -0.00000008    -0.00000046     0.00001743   
  29   0.00000014    -0.00000031     0.00000113    -0.00018143     0.00017382    -0.00000026   
  30  -0.00000003     0.00000041    -0.00000031     0.00017238     0.00018015     0.00000043   
  31   0.00000017     0.00216101     0.00003837     0.00001839     0.00001109     0.00015368   
  32   0.00000400    -0.00002758     0.00305604     0.00003816    -0.00002473    -0.00000268   
  33  -0.00000006    -0.00001063    -0.00005317     0.00238204    -0.00087471    -0.00000043   
  34  -0.00000001     0.00001448    -0.00001243    -0.00087599    -0.00238232     0.00000105   
  35  -0.00000202    -0.00022630    -0.00000101     0.00000323    -0.00000138     0.00271962   
  36   0.00000006    -0.00000042    -0.00000005     0.00205666    -0.00309828    -0.00000257   
  37  -0.00000002     0.00000019     0.00000086    -0.00309918    -0.00205515     0.00000172   
  38  -0.01809678     0.00002710     0.09178784     0.00000018     0.00000133     0.00000216   
  39   0.00000875     0.09919473    -0.00003148     0.00000020    -0.00000132     0.07640093   
  40  -0.00293335     0.00000574     0.01025992     0.00000004     0.00000013     0.00000331   
  41   0.00000004    -0.00000033    -0.00000007    -0.00000026     0.00000025    -0.00000033   
  42  -0.00000263    -0.00466665     0.00000412    -0.00000002     0.00000005    -0.00480654   
  43  -0.00000005     0.00000036     0.00000032     0.00056717    -0.00018512     0.00000028   
  44   0.00000004    -0.00000008    -0.00000013    -0.00018536    -0.00056701    -0.00000004   
  45  -0.00000003     0.00000007    -0.00000004     0.00011224    -0.00009799    -0.00000001   
  46   0.00000002    -0.00000004    -0.00000000    -0.00009770    -0.00011218     0.00000003   
  47   0.00003858    -0.00004609    -0.00040080     0.00000198    -0.00000193    -0.00002747   
  48  -0.00000490    -0.00036589     0.00005052     0.00000160     0.00000261    -0.00021865   
  49   0.00000026    -0.00000130    -0.00000242    -0.00040337     0.00010395    -0.00000082   
  50   0.00000013     0.00000236    -0.00000148     0.00010414     0.00040325     0.00000142   
  51  -0.00075012     0.00000362     0.00677068    -0.00000000     0.00000008     0.00000061   
  52  -0.00000212    -0.01290807     0.00000481    -0.00000004     0.00000015    -0.00884293   
  53   0.00401095    -0.00000297    -0.00883500    -0.00000003    -0.00000011    -0.00000060   
  54  -0.00000031    -0.00179538     0.00000021    -0.00000001     0.00000001    -0.00092237   
  55  -0.00004664    -0.00000010     0.00029753     0.00000008     0.00000028     0.00000049   
  56   0.00000001     0.00000002    -0.00000000     0.00050295    -0.00000008    -0.00000002   
  57  -0.00000009    -0.00000026     0.00000038    -0.00000013    -0.00050279    -0.00000017   
  58  -0.00000034     0.00164211     0.00000100    -0.00000002    -0.00000011     0.00161558   
  59   0.00091000     0.00000127    -0.00218130     0.00000001    -0.00000010     0.00000125   
  60   0.00000001    -0.00158562    -0.00000024     0.00000000     0.00000004    -0.00071919   
           25             26             27             28             29             30       
   1   0.00000009    -0.00737820     0.00004753    -0.00303546    -0.00000020     0.00000004   
   2  -0.00000023    -0.00005060    -0.00696487    -0.00002117     0.00000006    -0.00000008   
   3  -0.00000537     0.00000026    -0.00000023     0.00000015     0.00003351     0.00003255   
   4  -0.00000564    -0.00000062    -0.00000061    -0.00000024    -0.00003290     0.00003305   
   5   0.00000003    -0.00350465    -0.00000683    -0.00384879    -0.00000030     0.00000006   
   6  -0.00000005     0.00000773    -0.00542617     0.00000607     0.00000010    -0.00000014   
   7   0.00001891     0.00000020     0.00000025     0.00000024    -0.00159196    -0.00050728   
   8   0.00006296    -0.00000099    -0.00000004    -0.00000048     0.00050738    -0.00159045   
   9  -0.00000008     0.00843929     0.00002051     0.00262668     0.00000029    -0.00000025   
  10   0.00000029    -0.00002205     0.00716877    -0.00000591     0.00000008     0.00000001   
  11  -0.00000001    -0.00002158     0.00012469     0.00025789    -0.00000018     0.00000016   
  12   0.00000002     0.00001836     0.00009403    -0.00039290    -0.00000011    -0.00000012   
  13   0.00000197    -0.00000391    -0.00000620    -0.00000087     0.00006405    -0.00001433   
  14  -0.00000840     0.00000490     0.00000147     0.00000066     0.00001382     0.00006474   
  15  -0.00000239     0.00000254    -0.00000010     0.00000069     0.00000874    -0.00003024   
  16  -0.00000065     0.00000159    -0.00000262     0.00000048    -0.00003060    -0.00000871   
  17  -0.00000009    -0.00096032    -0.00000206    -0.00220403    -0.00000026     0.00000012   
  18   0.00000023     0.00000007    -0.00294499     0.00000185     0.00000012    -0.00000021   
  19   0.00000030    -0.01964050    -0.00000033    -0.00020881     0.00000003     0.00000001   
  20  -0.00000362     0.00004661    -0.06962439     0.00001186     0.00000050    -0.00000072   
  21  -0.00000121     0.08004893     0.00003174     0.02739566     0.00000192    -0.00000046   
  22  -0.00006861    -0.00000129    -0.00000035    -0.00000021    -0.00023963     0.00018360   
  23   0.00008615    -0.00000283     0.00000220    -0.00000082    -0.00018495    -0.00023817   
  24   0.00001918    -0.00012188     0.11374811    -0.00002299    -0.00000062     0.00000104   
  25  -0.99999992     0.00001413    -0.00000750     0.00000271     0.00000618    -0.00037410   
  26   0.00001526     0.96799208     0.00009531     0.12761828     0.00000919    -0.00000244   
  27   0.00001138     0.00009226    -0.96974297    -0.00004802     0.00000388    -0.00000614   
  28  -0.00000102     0.14644464     0.00006021    -0.98590085    -0.00001797     0.00000100   
  29   0.00000575    -0.00000759     0.00000422    -0.00001990     0.99978532     0.00111736   
  30  -0.00037297     0.00000249    -0.00000647     0.00000145    -0.00111778     0.99978260   
  31  -0.00000041    -0.00008843     0.00217545     0.00033605     0.00001251    -0.00006150   
  32  -0.00000011    -0.00707585    -0.00002904     0.02660480     0.00014330    -0.00002581   
  33  -0.00001888     0.00012163    -0.00001176    -0.00046261     0.00689214    -0.00304745   
  34   0.00004181     0.00003005     0.00001448    -0.00010525     0.00300332     0.00701528   
  35  -0.00000035     0.00001737    -0.04528356     0.00005030    -0.00001826     0.00001163   
  36   0.00001505     0.00000046     0.00003765     0.00000190    -0.01863192    -0.00424275   
  37   0.00007189    -0.00000319    -0.00002448    -0.00000481     0.00420544    -0.01871351   
  38   0.00000203    -0.18419714    -0.00013625    -0.10052657    -0.00000684     0.00000165   
  39  -0.00000541     0.00010914    -0.19823715     0.00004192     0.00000184    -0.00000279   
  40   0.00000024    -0.01886915    -0.00001591    -0.00739970    -0.00000048     0.00000014   
  41   0.00000003     0.00000013     0.00000041     0.00000008    -0.00012223    -0.00000190   
  42   0.00000029    -0.00000787     0.00568367    -0.00000386    -0.00000010     0.00000019   
  43   0.00001414    -0.00000043    -0.00000043     0.00000002    -0.00061866     0.00029712   
  44  -0.00002834     0.00000026    -0.00000001     0.00000018    -0.00029672    -0.00062075   
  45   0.00000147     0.00000010    -0.00000011    -0.00000019     0.00181068    -0.00008176   
  46  -0.00002346    -0.00000002     0.00000006     0.00000008     0.00008284     0.00181046   
  47  -0.00000000     0.00049257     0.00002112    -0.00035126    -0.00000012     0.00000004   
  48   0.00000000    -0.00006218     0.00016740     0.00004408     0.00000001     0.00000006   
  49   0.00000107     0.00000308     0.00000085    -0.00000177     0.00000762    -0.00000463   
  50  -0.00000186     0.00000175    -0.00000102    -0.00000166     0.00000422     0.00000818   
  51   0.00000012    -0.01037244    -0.00000900    -0.00335681    -0.00000011    -0.00000002   
  52   0.00000059    -0.00001163     0.01671194    -0.00000367    -0.00000010     0.00000020   
  53  -0.00000017     0.01268464     0.00000890     0.00664221     0.00000052    -0.00000018   
  54   0.00000006    -0.00000022     0.00173217    -0.00000041    -0.00000003     0.00000007   
  55  -0.00000001     0.00039747     0.00000002    -0.00128805    -0.00000018    -0.00000003   
  56  -0.00000286    -0.00000006    -0.00000003     0.00000009     0.00009971    -0.00009543   
  57   0.00000290     0.00000001     0.00000031    -0.00000101     0.00009527     0.00010000   
  58  -0.00000010    -0.00000112    -0.00160926     0.00000001    -0.00000000     0.00000002   
  59  -0.00000004     0.00303312    -0.00000025     0.00091532     0.00000007    -0.00000002   
  60   0.00000005    -0.00000010     0.00194834    -0.00000012    -0.00000001     0.00000001   
           31             32             33             34             35             36       
   1   0.00000240     0.00023741     0.00000205    -0.00000058    -0.00000023    -0.00000011   
   2   0.00028323    -0.00000343     0.00000178     0.00000062     0.00000674     0.00000009   
   3  -0.00000043     0.00000075    -0.00001476     0.00022966     0.00000006    -0.00107983   
   4  -0.00000146    -0.00000187     0.00022975     0.00001482    -0.00000006     0.00012820   
   5  -0.00000470    -0.00025265    -0.00000210     0.00000070     0.00000163    -0.00000006   
   6  -0.00006837     0.00000153    -0.00000044    -0.00000012     0.00184441     0.00000013   
   7  -0.00000023    -0.00000066     0.00004887    -0.00008275     0.00000010    -0.00069204   
   8   0.00000072     0.00000074    -0.00008304    -0.00004885    -0.00000014    -0.00025348   
   9  -0.00001054    -0.00057449    -0.00000365     0.00000206     0.00000116    -0.00000034   
  10  -0.00057150     0.00001393    -0.00000186    -0.00000188     0.00075950     0.00000028   
  11   0.00133857     0.00087842     0.00001144     0.00000102    -0.00050279     0.00000038   
  12   0.00085087    -0.00137559    -0.00000537     0.00000818    -0.00033242     0.00000096   
  13  -0.00000471    -0.00001488     0.00163500    -0.00092325    -0.00000175    -0.00051736   
  14   0.00000967     0.00000019    -0.00092530    -0.00163627     0.00000009    -0.00061895   
  15   0.00000194     0.00000143    -0.00028224    -0.00017737     0.00000010     0.00069826   
  16  -0.00000008    -0.00000224     0.00017729    -0.00028112    -0.00000051     0.00175487   
  17  -0.00000338    -0.00018157    -0.00000155     0.00000048     0.00000068     0.00000001   
  18   0.00013566    -0.00000262     0.00000076     0.00000040     0.00352097     0.00000021   
  19  -0.00000259    -0.00015051    -0.00000127     0.00000041     0.00000158     0.00000005   
  20  -0.00192132     0.00003581    -0.00001181    -0.00000442     0.00351486     0.00000054   
  21   0.00004712     0.00254911     0.00002139    -0.00000691     0.00000270     0.00000033   
  22   0.00001644     0.00002282    -0.00263644     0.00019088    -0.00000037     0.00092099   
  23  -0.00000710     0.00000526     0.00019217     0.00263637    -0.00000027     0.00352659   
  24  -0.00042751     0.00000767    -0.00000281    -0.00000108    -0.00817694    -0.00000066   
  25  -0.00000029    -0.00000013     0.00003439     0.00003739     0.00000063     0.00003915   
  26   0.00004748     0.00260444     0.00002040    -0.00000794     0.00001904     0.00000084   
  27   0.00322322    -0.00006053     0.00001981     0.00000817     0.04413156     0.00000319   
  28   0.00050594     0.02755806     0.00023116    -0.00007200    -0.00004896    -0.00000021   
  29  -0.00001873    -0.00006686     0.00521196    -0.00467559    -0.00000321     0.01527844   
  30   0.00004145     0.00002652    -0.00475364    -0.00531109     0.00000623     0.01185315   
  31   0.99976421    -0.00577805    -0.00074751    -0.00235880    -0.02044624     0.00008134   
  32   0.00578363     0.99954748    -0.00684543     0.00663560     0.00029471    -0.00031443   
  33  -0.00002178    -0.00858202    -0.94910588     0.31358669     0.00008317    -0.01289410   
  34   0.00245181    -0.00416692     0.31362620     0.94911714    -0.00014805    -0.02356657   
  35  -0.02032391     0.00040939    -0.00013275    -0.00005577    -0.99874674     0.00044476   
  36   0.00007286     0.00018843    -0.01562837     0.02198086     0.00070658     0.90592260   
  37  -0.00018754    -0.00015238     0.02200329     0.01569190    -0.00046610     0.42211787   
  38  -0.00003060    -0.00173273    -0.00001293     0.00000612    -0.00000135    -0.00000143   
  39   0.00024407    -0.00000338     0.00000245    -0.00000018     0.00591959     0.00000205   
  40   0.00001344     0.00069449     0.00000607    -0.00000164    -0.00000010    -0.00000005   
  41  -0.00000004     0.00000003    -0.00000340     0.00000314    -0.00000010    -0.00002932   
  42  -0.00101294     0.00001933    -0.00000628    -0.00000231    -0.00196891    -0.00000002   
  43  -0.00000028    -0.00000049     0.00005569    -0.00001566     0.00000010    -0.00060176   
  44   0.00000019     0.00000002    -0.00001685    -0.00005624     0.00000008    -0.00120313   
  45  -0.00000013    -0.00000027     0.00002774    -0.00002252    -0.00000011     0.00041944   
  46   0.00000025     0.00000008    -0.00002325    -0.00002838     0.00000014     0.00035755   
  47  -0.00005986    -0.00043372    -0.00000656     0.00000341     0.00006803     0.00000406   
  48  -0.00041037     0.00006225    -0.00000398    -0.00000449     0.00054020    -0.00000436   
  49  -0.00000424    -0.00000700     0.00051578    -0.00011434     0.00000154    -0.00029720   
  50   0.00000461    -0.00000231    -0.00011585    -0.00051617    -0.00000362    -0.00070015   
  51  -0.00001433    -0.00075226    -0.00000639     0.00000203    -0.00000035    -0.00000022   
  52   0.00032101    -0.00000601     0.00000196     0.00000082    -0.00059389    -0.00000032   
  53   0.00000124     0.00007085     0.00000052    -0.00000032     0.00000020     0.00000016   
  54  -0.00022989     0.00000431    -0.00000139    -0.00000055    -0.00155379    -0.00000006   
  55   0.00000307     0.00017336     0.00000149    -0.00000048    -0.00000101    -0.00000092   
  56   0.00000052     0.00000063    -0.00007392    -0.00000252    -0.00000007     0.00025670   
  57  -0.00000009     0.00000027    -0.00000233     0.00007398    -0.00000010     0.00169941   
  58  -0.00026547     0.00000475    -0.00000163    -0.00000063    -0.00072375     0.00000029   
  59   0.00000270     0.00015011     0.00000128    -0.00000041     0.00000004     0.00000025   
  60   0.00001560    -0.00000027     0.00000010     0.00000005    -0.00007499    -0.00000009   
           37             38             39       
   1   0.00000003     0.01998401     0.01969043   
   2  -0.00000002    -0.01945429     0.01975110   
   3   0.00012886    -0.00000123    -0.00000009   
   4   0.00108042    -0.00000002     0.00000337   
   5   0.00000010     0.01130880     0.01132490   
   6   0.00000016    -0.01229044     0.01226164   
   7  -0.00025183     0.00000002    -0.00000098   
   8   0.00069280     0.00000186     0.00000208   
   9  -0.00000017    -0.01575840    -0.01582493   
  10  -0.00000038     0.01517621    -0.01511509   
  11   0.00000125     0.00020965    -0.00096065   
  12  -0.00000042     0.00100521     0.00017957   
  13  -0.00061922    -0.00000546     0.00001918   
  14   0.00051940    -0.00000452    -0.00001101   
  15  -0.00175434    -0.00000508    -0.00000431   
  16   0.00069982    -0.00000881     0.00000246   
  17  -0.00000000     0.00419970     0.00420236   
  18   0.00000024    -0.00236912     0.00236851   
  19   0.00000006     0.01824406     0.01822442   
  20   0.00000076    -0.08457230     0.08458955   
  21  -0.00000086    -0.07864278    -0.07861710   
  22   0.00352817     0.00000038     0.00000073   
  23  -0.00091998     0.00000339    -0.00000007   
  24  -0.00000114     0.06587451    -0.06586756   
  25  -0.00005232    -0.00000693     0.00000022   
  26  -0.00000300    -0.13160080    -0.13148765   
  27   0.00000497    -0.12547441     0.12564454   
  28   0.00000391     0.05035983     0.05030890   
  29   0.01178220    -0.00000309    -0.00000166   
  30  -0.01533949     0.00000170    -0.00000035   
  31  -0.00021542     0.00005078    -0.00010035   
  32  -0.00036630    -0.00201254    -0.00200808   
  33  -0.02353901     0.00003471     0.00003390   
  34   0.01295535     0.00001006     0.00000832   
  35   0.00072195    -0.00225051     0.00224956   
  36   0.42212058     0.00000041    -0.00000027   
  37  -0.90592084    -0.00000260    -0.00000150   
  38   0.00000375    -0.66758533    -0.66757011   
  39   0.00000262     0.67070518    -0.67071650   
  40   0.00000032    -0.09186728    -0.09190431   
  41  -0.00002194    -0.00000213     0.00000367   
  42  -0.00000030    -0.04293839     0.04287457   
  43  -0.00120264    -0.00000004    -0.00000683   
  44   0.00060659    -0.00000022     0.00000228   
  45   0.00035605     0.00000078    -0.00000047   
  46  -0.00042103    -0.00000044     0.00000051   
  47   0.00000286     0.00096150     0.00109566   
  48   0.00000351    -0.00066610     0.00040660   
  49  -0.00070028     0.00000383     0.00001233   
  50   0.00029855     0.00000446    -0.00000085   
  51   0.00000014    -0.06889633    -0.06893062   
  52  -0.00000014    -0.13107879     0.13106116   
  53  -0.00000021     0.10686939     0.10686625   
  54  -0.00000013    -0.02716366     0.02716881   
  55   0.00000042    -0.00149352    -0.00148336   
  56   0.00170014    -0.00000007     0.00000137   
  57  -0.00025693    -0.00000706     0.00000011   
  58  -0.00000014     0.03537085    -0.03544983   
  59  -0.00000000     0.05081671     0.05073397   
  60   0.00000002    -0.03316261     0.03319379   

 -----------------------------------------------------------------------------------------------
  Virtual Orbital Coefficients
 -----------------------------------------------------------------------------------------------
           40             41             42             43             44             45       
   1  -0.00089935     0.00000001    -0.00000560    -0.00000005     0.00000009     0.00000000   
   2  -0.00000699     0.00000047     0.00069111    -0.00000003    -0.00000010    -0.00000002   
   3   0.00000001    -0.00000271     0.00000000    -0.00004467     0.00076221     0.00004368   
   4  -0.00000007     0.00000258     0.00000003     0.00076252     0.00004434     0.00004748   
   5   0.00026836    -0.00000001    -0.00000030     0.00000002     0.00000001    -0.00000000   
   6   0.00000002    -0.00000042    -0.00064666     0.00000000     0.00000001     0.00000005   
   7   0.00000004     0.00000979    -0.00000005    -0.00004774     0.00008174    -0.00008075   
   8  -0.00000019    -0.00000297     0.00000001     0.00008132     0.00004706    -0.00028631   
   9   0.00138420    -0.00000001    -0.00000120     0.00000014     0.00000017    -0.00000000   
  10  -0.00000268    -0.00000065    -0.00096363     0.00000016    -0.00000017     0.00000003   
  11  -0.00010654     0.00000010     0.00015933    -0.00000031     0.00000001    -0.00000005   
  12   0.00015801     0.00000006     0.00010431     0.00000006     0.00000014     0.00000002   
  13  -0.00000079     0.00000494     0.00000126     0.00008288    -0.00004745     0.00000791   
  14   0.00000114     0.00000116    -0.00000018    -0.00004782    -0.00008338    -0.00003133   
  15   0.00000045    -0.00000065     0.00000001    -0.00052931    -0.00032886    -0.00003999   
  16   0.00000027     0.00000239     0.00000038     0.00032850    -0.00052887    -0.00001003   
  17  -0.00020700    -0.00000000    -0.00000005    -0.00000000    -0.00000001     0.00000000   
  18  -0.00000002     0.00000066     0.00101099     0.00000003    -0.00000004    -0.00000003   
  19   0.00027553    -0.00000002     0.00000097     0.00000003    -0.00000000    -0.00000001   
  20  -0.00000077     0.00000143     0.00209255     0.00000018    -0.00000009     0.00000004   
  21   0.00326833    -0.00000004     0.00000245    -0.00000016    -0.00000010    -0.00000001   
  22  -0.00000005     0.00000495     0.00000001     0.00061110    -0.00004802     0.00008151   
  23  -0.00000009     0.00000394    -0.00000007    -0.00004812    -0.00061089    -0.00009876   
  24  -0.00000063    -0.00000049    -0.00069168    -0.00000018     0.00000006    -0.00000010   
  25   0.00000015    -0.00000002     0.00000010     0.00002239     0.00002396     0.00002122   
  26   0.00733550    -0.00000007     0.00000699    -0.00000045    -0.00000022    -0.00000005   
  27  -0.00000874     0.00000440     0.00642022     0.00000056    -0.00000023     0.00000001   
  28  -0.00545933     0.00000000    -0.00000259     0.00000037     0.00000006    -0.00000008   
  29   0.00000028    -0.00022171     0.00000011     0.00046010    -0.00041751    -0.00005911   
  30  -0.00000006    -0.00000320     0.00000007    -0.00041962    -0.00046290     0.00185293   
  31   0.00001388    -0.00000064    -0.00098828     0.00000011     0.00000011     0.00000026   
  32   0.00105859     0.00000012     0.00001333     0.00000032    -0.00000020     0.00000006   
  33  -0.00001843     0.00000636     0.00000493     0.00002346    -0.00000744     0.00001017   
  34  -0.00000423     0.00000288    -0.00000658    -0.00000857    -0.00002402    -0.00002137   
  35   0.00000012     0.00000123     0.00193918     0.00000106    -0.00000053    -0.00000035   
  36   0.00000005    -0.00006271    -0.00000136     0.00073910    -0.00105265     0.00011270   
  37   0.00000018     0.00001315     0.00000109    -0.00105571    -0.00074325     0.00058755   
  38   0.13899772    -0.00000079     0.00004586    -0.00000431    -0.00000380    -0.00000026   
  39   0.00003185    -0.00004188    -0.06073633    -0.00000472     0.00000361    -0.00000037   
  40  -0.98953844    -0.00000202    -0.00001349    -0.00000147     0.00000022    -0.00000182   
  41   0.00000173    -0.99857254     0.00061213     0.00011679    -0.00011031     0.00096800   
  42   0.00001752    -0.00061094    -0.99765625     0.00000250     0.00001319     0.00001414   
  43  -0.00000072    -0.00216882    -0.00000139     0.95746125    -0.28436517    -0.02210950   
  44  -0.00000065    -0.00108171    -0.00001216    -0.28439781    -0.95746897     0.04251277   
  45  -0.00000227     0.05324910    -0.00002554     0.03732530    -0.03092263     0.07861069   
  46   0.00000176     0.00323565    -0.00001644    -0.03036973    -0.03691957    -0.99545132   
  47   0.00283117    -0.00000674    -0.00171722    -0.00000460    -0.00004035     0.00000275   
  48  -0.00035427    -0.00000670    -0.01370382    -0.00000701     0.00005252     0.00019489   
  49   0.00001540     0.00068766    -0.00003543    -0.00558472     0.00132017    -0.01263289   
  50   0.00001231     0.00039866     0.00009273     0.00123772     0.00556835     0.02088694   
  51   0.00991227    -0.00000117     0.00001258    -0.00000892     0.00002395     0.00000905   
  52   0.00001287     0.00000638     0.01372466     0.00000245     0.00001572    -0.00000386   
  53   0.03533007    -0.00000063    -0.00001136    -0.00000094    -0.00000779     0.00000245   
  54   0.00001025    -0.00001455    -0.02244862    -0.00000072     0.00000077     0.00000128   
  55  -0.00235517     0.00000001     0.00000104     0.00000076     0.00000355    -0.00000048   
  56   0.00000033    -0.00003647    -0.00000020     0.00584540     0.00015624    -0.00026092   
  57  -0.00000170    -0.00003595    -0.00000047     0.00015702    -0.00584333     0.00025596   
  58  -0.00000605     0.00000468     0.00705886     0.00000016    -0.00000114    -0.00000018   
  59   0.00589788    -0.00000006     0.00000729    -0.00000002    -0.00000093     0.00000016   
  60   0.00000211     0.00000161     0.00247774     0.00000001     0.00000035    -0.00000003   
           46             47             48             49             50             51       
   1  -0.00000000     0.00008231    -0.00005191    -0.00000033    -0.00000046    -0.00060468   
   2  -0.00000001     0.00005223     0.00008281    -0.00000037     0.00000043    -0.00000465   
   3  -0.00004701    -0.00000006     0.00000025     0.00000044    -0.00002725     0.00000008   
   4   0.00004322     0.00000003     0.00000001     0.00002722     0.00000044    -0.00000006   
   5   0.00000000    -0.00009105     0.00005636     0.00000030     0.00000055    -0.00105099   
   6   0.00000003    -0.00005380    -0.00008694     0.00000035    -0.00000049     0.00000078   
   7   0.00028681    -0.00000002     0.00000000    -0.00000098    -0.00000235     0.00000002   
   8  -0.00008110     0.00000004     0.00000001     0.00000244    -0.00000134    -0.00000011   
   9  -0.00000001    -0.00011348     0.00007056     0.00000089     0.00000050     0.00088811   
  10   0.00000003    -0.00007165    -0.00011725     0.00000105    -0.00000040    -0.00000124   
  11  -0.00000006     0.00042788     0.00019520    -0.00000362     0.00000031     0.00010089   
  12  -0.00000002    -0.00019674     0.00042743     0.00000064     0.00000231    -0.00015329   
  13   0.00002994     0.00000377    -0.00000093     0.00051524     0.00034828    -0.00000028   
  14   0.00000764    -0.00000142    -0.00000330    -0.00034912     0.00051563     0.00000020   
  15  -0.00000998    -0.00000011    -0.00000007    -0.00001405     0.00000727     0.00000023   
  16   0.00003974     0.00000009    -0.00000006     0.00000724     0.00001374     0.00000015   
  17   0.00000001    -0.00004627     0.00002866     0.00000014     0.00000028    -0.00050443   
  18  -0.00000003    -0.00001881    -0.00003031     0.00000009    -0.00000019     0.00000014   
  19  -0.00000002    -0.00004475     0.00002777     0.00000013     0.00000029    -0.00123017   
  20   0.00000003    -0.00018615    -0.00029994     0.00000107    -0.00000179    -0.00000239   
  21  -0.00000002     0.00028982    -0.00017975    -0.00000087    -0.00000182     0.00477127   
  22   0.00009888    -0.00000197    -0.00000015    -0.00040265    -0.00006188    -0.00000003   
  23   0.00008174    -0.00000040     0.00000268     0.00006225    -0.00040250    -0.00000014   
  24  -0.00000009     0.00008955     0.00014428    -0.00000046     0.00000093     0.00000207   
  25  -0.00000034     0.00000001     0.00000000     0.00000207    -0.00000192     0.00000029   
  26  -0.00000003     0.00026190    -0.00016245    -0.00000050    -0.00000184     0.01178895   
  27   0.00000004    -0.00005239    -0.00008424    -0.00000006    -0.00000079    -0.00001269   
  28  -0.00000018     0.00033733    -0.00020934    -0.00000148    -0.00000182    -0.00665466   
  29  -0.00184420    -0.00000028     0.00000017    -0.00002869    -0.00003023     0.00000039   
  30  -0.00006031     0.00000016     0.00000022     0.00002910    -0.00002768    -0.00000014   
  31   0.00000007    -0.00022384    -0.00034944     0.00000528    -0.00000398    -0.00000557   
  32   0.00000037    -0.00039165     0.00024914     0.00000884     0.00000766    -0.00039058   
  33   0.00001977     0.00001044    -0.00000318     0.00047056     0.00019805     0.00000700   
  34   0.00000939     0.00000002    -0.00000666    -0.00019955     0.00047098     0.00000137   
  35  -0.00000059    -0.00029945    -0.00048254     0.00000259    -0.00000239     0.00000041   
  36  -0.00058483     0.00000302    -0.00000350     0.00039451     0.00066115    -0.00000021   
  37   0.00011164    -0.00000225    -0.00000370    -0.00066257     0.00039599     0.00000018   
  38   0.00000025     0.00070703    -0.00043685     0.00000251    -0.00000720     0.12523055   
  39  -0.00000076     0.00033529     0.00053815     0.00000196     0.00000600     0.00004141   
  40  -0.00000172    -0.00256342     0.00158861     0.00001011     0.00001454     0.01468622   
  41   0.05335536     0.00001039    -0.00000918     0.00147391     0.00159729     0.00000133   
  42   0.00000617     0.00729567     0.01177298    -0.00004553     0.00006678    -0.00000989   
  43  -0.04304278    -0.00001674    -0.00002162     0.00421230     0.00160316    -0.00001486   
  44  -0.02245753     0.00001746    -0.00004458    -0.00160030     0.00421655    -0.00002220   
  45   0.99395998     0.00012827    -0.00009729     0.01868916     0.01805621     0.00000768   
  46   0.07854232    -0.00005242    -0.00015833    -0.01700212     0.01786368    -0.00000843   
  47   0.00018561    -0.90871110     0.41688289    -0.00093824    -0.00060855     0.02017864   
  48  -0.00004645    -0.41696137    -0.90880880    -0.00100236     0.00091680    -0.00252566   
  49  -0.02210853    -0.00126627    -0.00017573     0.95504127     0.29531478     0.00011018   
  50  -0.01334223     0.00021276     0.00119530    -0.29534991     0.95504871     0.00008940   
  51   0.00000923    -0.01787097     0.01107232     0.00006640     0.00010580    -0.97424184   
  52  -0.00000331     0.00160492     0.00258271    -0.00000748     0.00001652     0.00009372   
  53   0.00000304    -0.00098331     0.00061173     0.00000839     0.00000323     0.18515585   
  54   0.00000103    -0.00033447    -0.00053920     0.00000297    -0.00000255    -0.00000652   
  55  -0.00000013     0.00082510    -0.00051266    -0.00000334    -0.00000431    -0.00275820   
  56  -0.00025469    -0.00000365    -0.00000074    -0.00067982    -0.00003232     0.00000060   
  57  -0.00026040    -0.00000042     0.00000398     0.00003252    -0.00067986    -0.00000258   
  58  -0.00000016    -0.00058139    -0.00093543     0.00000378    -0.00000528    -0.00000265   
  59   0.00000013     0.00059868    -0.00037205    -0.00000206    -0.00000357     0.00635151   
  60   0.00000002     0.00005707     0.00009187    -0.00000036     0.00000050     0.00000636   
           52             53             54             55             56             57       
   1  -0.00000909    -0.00105231    -0.00000377    -0.00000001     0.00000041    -0.00010393   
   2   0.00118151    -0.00000785     0.00050118     0.00000001     0.00000010    -0.00000058   
   3   0.00000007     0.00000004     0.00000002     0.00000210    -0.00007916    -0.00000036   
   4   0.00000012    -0.00000009     0.00000005    -0.00007914    -0.00000209    -0.00000001   
   5   0.00000058    -0.00033031     0.00000028    -0.00000004     0.00000120    -0.00027179   
   6   0.00101377     0.00000051     0.00041894    -0.00000000     0.00000006     0.00000060   
   7  -0.00000007     0.00000003    -0.00000002    -0.00000379     0.00000706     0.00000004   
   8   0.00000002    -0.00000018     0.00000000     0.00000709     0.00000384     0.00000001   
   9  -0.00000332     0.00135894    -0.00000100    -0.00000005     0.00000020    -0.00002848   
  10  -0.00160815    -0.00000270    -0.00045124    -0.00000007    -0.00000010    -0.00000006   
  11  -0.00011660     0.00001863    -0.00000904     0.00000020     0.00000010    -0.00002941   
  12  -0.00007996    -0.00003033    -0.00000671    -0.00000003    -0.00000036     0.00004441   
  13   0.00000119    -0.00000060     0.00000039    -0.00008125     0.00005000     0.00000021   
  14  -0.00000034     0.00000072    -0.00000010     0.00005013     0.00008127     0.00000045   
  15   0.00000003     0.00000040     0.00000001    -0.00006067    -0.00003506    -0.00000015   
  16   0.00000057     0.00000026     0.00000017     0.00003509    -0.00006071    -0.00000030   
  17   0.00000005    -0.00008564     0.00000024    -0.00000004     0.00000118    -0.00026197   
  18   0.00121273    -0.00000012     0.00077095     0.00000000     0.00000006     0.00000016   
  19  -0.00000035     0.00084372    -0.00000009    -0.00000000    -0.00000012     0.00001546   
  20   0.00822295    -0.00000015     0.00249822    -0.00000004     0.00000056     0.00000046   
  21   0.00000272     0.00639124     0.00000051     0.00000000     0.00000170    -0.00029692   
  22   0.00000002    -0.00000007     0.00000001     0.00048985    -0.00005424    -0.00000035   
  23  -0.00000022    -0.00000016    -0.00000007    -0.00005431    -0.00048970    -0.00000228   
  24  -0.00799068    -0.00000094    -0.00250756     0.00000000    -0.00000048    -0.00000087   
  25   0.00000048     0.00000034     0.00000014    -0.00000300    -0.00000301    -0.00000000   
  26   0.00001120     0.01431481     0.00000248     0.00000006    -0.00000012     0.00017977   
  27   0.01988017    -0.00000935     0.00484023    -0.00000004     0.00000108     0.00000085   
  28  -0.00000608    -0.00513317    -0.00000053     0.00000016    -0.00000661     0.00138479   
  29   0.00000017     0.00000015     0.00000002    -0.00012560     0.00012150     0.00000047   
  30  -0.00000021     0.00000001    -0.00000000     0.00012177     0.00012603     0.00000061   
  31   0.00031145     0.00000435    -0.00019768    -0.00000024    -0.00000008     0.00000165   
  32  -0.00000369     0.00034562     0.00000257    -0.00000045    -0.00000038     0.00013737   
  33  -0.00000173    -0.00000592     0.00000095    -0.00002812     0.00001048    -0.00000238   
  34   0.00000206    -0.00000148    -0.00000133     0.00001054     0.00002821    -0.00000039   
  35   0.00047858     0.00000006     0.00157809    -0.00000143     0.00000066     0.00000086   
  36  -0.00000025    -0.00000005    -0.00000115    -0.00094769     0.00144307     0.00000695   
  37  -0.00000000     0.00000022     0.00000080     0.00144386     0.00094759     0.00000416   
  38   0.00003325     0.12401247    -0.00000120    -0.00000036     0.00001175    -0.00143709   
  39  -0.18812096    -0.00000055    -0.03184982    -0.00000019    -0.00000758    -0.00000336   
  40  -0.00001365     0.05430122    -0.00000951     0.00000025    -0.00000713     0.00177117   
  41   0.00000272    -0.00000131     0.00000091    -0.00002202     0.00002193     0.00000011   
  42  -0.00116155    -0.00000363     0.02433582    -0.00000007     0.00000132    -0.00000095   
  43  -0.00000303     0.00000243    -0.00000099    -0.00555502     0.00184416     0.00000960   
  44  -0.00001598    -0.00000394     0.00000030     0.00184390     0.00555276     0.00002556   
  45  -0.00000409    -0.00000495     0.00000097     0.00007427    -0.00006529    -0.00000056   
  46   0.00000280     0.00000362    -0.00000092    -0.00006686    -0.00007581    -0.00000008   
  47  -0.00038985    -0.00536765     0.00013580    -0.00000363     0.00000790    -0.00101072   
  48  -0.00309450     0.00067430     0.00108304    -0.00000281    -0.00000503     0.00012768   
  49  -0.00000394    -0.00003372     0.00000378     0.00068301    -0.00017965    -0.00000660   
  50   0.00002230    -0.00001903    -0.00000707    -0.00017982    -0.00068308    -0.00000737   
  51  -0.00008896     0.20131414     0.00001234     0.00000043    -0.00000464     0.00126220   
  52  -0.98140123     0.00003299     0.03499854    -0.00000011     0.00000342     0.00000338   
  53   0.00004894     0.96985734     0.00002410    -0.00000101     0.00002645    -0.00617939   
  54  -0.02837930     0.00002719    -0.99473327    -0.00000072    -0.00000534     0.00003221   
  55  -0.00000420    -0.00624460    -0.00004219    -0.00003398     0.00524117    -0.99946580   
  56  -0.00000036     0.00000092    -0.00000010     0.99996816    -0.00506224    -0.00006102   
  57  -0.00000138    -0.00000464     0.00000501    -0.00506249    -0.99995443    -0.00524379   
  58   0.00909279    -0.00001366    -0.04333932     0.00001963     0.00004249     0.00008212   
  59   0.00001224     0.01331795    -0.00001078    -0.00001600     0.00017330    -0.03150195   
  60  -0.00542732    -0.00000083    -0.07586155    -0.00000325    -0.00001796     0.00009159   
           58             59             60       
   1  -0.00000461     0.00101246    -0.00000422   
   2   0.00072058     0.00000678     0.00058962   
   3   0.00000003    -0.00000004     0.00000002   
   4   0.00000007     0.00000009     0.00000005   
   5   0.00000082     0.00081455     0.00000075   
   6   0.00048068    -0.00000167     0.00068619   
   7  -0.00000003    -0.00000003    -0.00000002   
   8   0.00000001     0.00000014    -0.00000000   
   9  -0.00000287    -0.00109863    -0.00000138   
  10  -0.00085804     0.00000285    -0.00052207   
  11  -0.00011110    -0.00007154    -0.00003963   
  12  -0.00007496     0.00010979    -0.00002711   
  13   0.00000051     0.00000041     0.00000038   
  14  -0.00000020    -0.00000039    -0.00000011   
  15   0.00000005    -0.00000032     0.00000002   
  16   0.00000033    -0.00000024     0.00000020   
  17   0.00000029     0.00042566     0.00000023   
  18   0.00038305    -0.00000053     0.00023789   
  19   0.00000034     0.00082662    -0.00000013   
  20   0.00471629    -0.00000414     0.00297653   
  21  -0.00000379    -0.00547757    -0.00000051   
  22  -0.00000001     0.00000001     0.00000000   
  23   0.00000002     0.00000004    -0.00000005   
  24  -0.00353577     0.00000424    -0.00283761   
  25   0.00000021    -0.00000026     0.00000015   
  26  -0.00000460    -0.01029952     0.00000038   
  27   0.00859324    -0.00000140     0.00498552   
  28   0.00000214     0.00454193    -0.00000009   
  29   0.00000006    -0.00000020     0.00000004   
  30  -0.00000012     0.00000006    -0.00000005   
  31   0.00024189    -0.00000067    -0.00001310   
  32  -0.00000298    -0.00005399     0.00000019   
  33  -0.00000127     0.00000085     0.00000003   
  34   0.00000160     0.00000032    -0.00000009   
  35  -0.00058727    -0.00000019     0.00010893   
  36   0.00000027     0.00000028    -0.00000006   
  37  -0.00000064    -0.00000010    -0.00000002   
  38  -0.00005168    -0.06559494    -0.00001212   
  39  -0.05331021     0.00005303    -0.03425067   
  40  -0.00001457    -0.01454820    -0.00000310   
  41   0.00000058     0.00000015    -0.00000007   
  42   0.01085949    -0.00001416    -0.00314484   
  43  -0.00000077    -0.00000010    -0.00000014   
  44  -0.00000102     0.00000095    -0.00000018   
  45   0.00000009     0.00000017    -0.00000008   
  46  -0.00000014    -0.00000011     0.00000009   
  47  -0.00011389    -0.00048914    -0.00000406   
  48  -0.00089893     0.00006189    -0.00003365   
  49  -0.00000224    -0.00000239    -0.00000001   
  50   0.00000620    -0.00000243     0.00000024   
  51  -0.00000661    -0.01058823    -0.00000911   
  52   0.02125945    -0.00002277     0.00835682   
  53   0.00002293     0.02550081    -0.00000250   
  54  -0.02855908     0.00000630     0.08302955   
  55   0.00006534     0.03132119    -0.00009963   
  56  -0.00001965    -0.00001492    -0.00000011   
  57   0.00004573    -0.00000849     0.00001055   
  58   0.98612114     0.00002058    -0.15177574   
  59   0.00002291    -0.99678558    -0.00000782   
  60  -0.15240120     0.00000097    -0.98426340   

 -----------------------------------------------------------------------------------------------
  Generalised Fock Matrix (MO basis)
 -----------------------------------------------------------------------------------------------
           1              2              3              4              5              6        
   1  -7.93199227    -0.00000000    -0.00000000    -0.00000000    -0.00000000     0.00000000   
   2  -0.00000000    -7.92925170    -0.00000000     0.00000000    -0.00000000     0.00000000   
   3  -0.00000000    -0.00000000    -7.84270335    -0.00000000     0.00000000     0.00000000   
   4  -0.00000000     0.00000000    -0.00000000    -7.84267555     0.00000000     0.00000000   
   5  -0.00000000    -0.00000000     0.00000000     0.00000000    -7.73026488    -0.00000000   
   6   0.00000000     0.00000000     0.00000000     0.00000000    -0.00000000    -7.68755127   
   7  -0.00000000    -0.00000000     0.00000000     0.00000000     0.00000000     0.00000000   
   8   0.00000000     0.00000000     0.00000000     0.00000000     0.00000000     0.00000000   
   9  -0.00000000     0.00000000     0.00000000    -0.00000000    -0.00000000    -0.00000000   
  10  -0.00000000    -0.00000000     0.00000000    -0.00000000     0.00000000     0.00000000   
  11  -0.00000000     0.00000000     0.00000000     0.00000000     0.00000000    -0.00000000   
  12  -0.00000000    -0.00000000     0.00000000    -0.00000000    -0.00000000    -0.00000000   
  13   0.00000000    -0.00000000     0.00000000     0.00000000     0.00000000    -0.00000000   
  14   0.00000000     0.00000000    -0.00000000     0.00000000     0.00000000    -0.00000000   
  15   0.00000000    -0.00000000    -0.00000000    -0.00000000    -0.00000000    -0.00000000   
  16  -0.00000000     0.00000000    -0.00000000     0.00000000    -0.00000000     0.00000000   
  17   0.00000000     0.00000000    -0.00000000    -0.00000000    -0.00000000     0.00000000   
  18  -0.00000000    -0.00000000    -0.00000000    -0.00000000     0.00000000    -0.00000000   
  19  -0.00000000    -0.00000000    -0.00000000    -0.00000000    -0.00000000     0.00000000   
  20   0.00000000     0.00000000     0.00000000    -0.00000000    -0.00000000    -0.00000000   
  21  -0.00000000    -0.00000000    -0.00000000    -0.00000000    -0.00000000     0.00000000   
  22  -0.00000000     0.00000000     0.00000000    -0.00000000    -0.00000000    -0.00000000   
  23   0.00000000    -0.00000000    -0.00000000     0.00000000    -0.00000000    -0.00000000   
  24   0.00000000    -0.00000000    -0.00000000    -0.00000000     0.00000000     0.00000000   
  25   0.00000000     0.00000000     0.00000000     0.00000000    -0.00000000    -0.00000000   
  26  -0.00000000    -0.00000000     0.00000000     0.00000000    -0.00000000     0.00000000   
  27  -0.00000000    -0.00000000     0.00000000    -0.00000000     0.00000000     0.00000000   
  28  -0.00000000    -0.00000000    -0.00000000    -0.00000000     0.00000000     0.00000000   
  29  -0.00000000     0.00000000    -0.00000000     0.00000000    -0.00000000     0.00000000   
  30  -0.00000000     0.00000000     0.00000000     0.00000000    -0.00000000     0.00000000   
  31   0.00000000     0.00000000     0.00000000     0.00000000     0.00000000    -0.00000000   
  32  -0.00000000     0.00000000     0.00000000     0.00000000    -0.00000000    -0.00000000   
  33  -0.00000000     0.00000000     0.00000000     0.00000000    -0.00000000     0.00000000   
  34   0.00000000     0.00000000    -0.00000000     0.00000000     0.00000000     0.00000000   
  35  -0.00000000    -0.00000000     0.00000000    -0.00000000     0.00000000     0.00000000   
  36  -0.00000000    -0.00000000    -0.00000000    -0.00000000    -0.00000000     0.00000000   
  37  -0.00000000     0.00000000     0.00000000    -0.00000000    -0.00000000     0.00000000   
  38  -0.22132594    -0.21543200    -0.00000464     0.00000008     0.09845946     0.11478199   
  39  -0.21947838     0.21730783     0.00000003     0.00003133     0.09862664    -0.11447597   
  40   0.00000000     0.00000000    -0.00000000    -0.00000000    -0.00000000     0.00000001   
  41   0.00000000     0.00000001    -0.00000000     0.00000000    -0.00000000    -0.00000000   
  42  -0.00000000    -0.00000000    -0.00000000     0.00000000     0.00000001     0.00000000   
  43  -0.00000001    -0.00000001    -0.00000000    -0.00000001     0.00000000     0.00000000   
  44  -0.00000001     0.00000000     0.00000000     0.00000000     0.00000001     0.00000000   
  45   0.00000001     0.00000001     0.00000000     0.00000000    -0.00000000    -0.00000001   
  46  -0.00000000    -0.00000001     0.00000000     0.00000000     0.00000000     0.00000001   
  47   0.00000001     0.00000000    -0.00000000     0.00000000    -0.00000000    -0.00000000   
  48  -0.00000000    -0.00000000     0.00000000     0.00000000     0.00000000     0.00000000   
  49   0.00000001     0.00000001     0.00000000    -0.00000000    -0.00000000    -0.00000000   
  50  -0.00000001     0.00000000    -0.00000000     0.00000000     0.00000001     0.00000000   
  51  -0.00000000    -0.00000000     0.00000000     0.00000000     0.00000000     0.00000000   
  52  -0.00000000    -0.00000000     0.00000000     0.00000000     0.00000001     0.00000001   
  53  -0.00000000    -0.00000001    -0.00000000    -0.00000000     0.00000001     0.00000001   
  54  -0.00000000    -0.00000000    -0.00000000    -0.00000000     0.00000001     0.00000001   
  55  -0.00000000     0.00000000     0.00000000     0.00000000    -0.00000000     0.00000000   
  56   0.00000000    -0.00000000    -0.00000001     0.00000000    -0.00000000     0.00000000   
  57  -0.00000000    -0.00000000    -0.00000000     0.00000000     0.00000000     0.00000001   
  58   0.00000001     0.00000000     0.00000000     0.00000000     0.00000000     0.00000001   
  59  -0.00000000    -0.00000000    -0.00000000     0.00000000    -0.00000001    -0.00000001   
  60  -0.00000000     0.00000000     0.00000000     0.00000000     0.00000001     0.00000001   
           7              8              9              10             11             12       
   1  -0.00000000     0.00000000    -0.00000000    -0.00000000    -0.00000000    -0.00000000   
   2  -0.00000000     0.00000000     0.00000000    -0.00000000     0.00000000    -0.00000000   
   3   0.00000000     0.00000000     0.00000000     0.00000000     0.00000000     0.00000000   
   4   0.00000000     0.00000000    -0.00000000    -0.00000000     0.00000000    -0.00000000   
   5   0.00000000     0.00000000    -0.00000000     0.00000000     0.00000000    -0.00000000   
   6   0.00000000     0.00000000    -0.00000000     0.00000000    -0.00000000    -0.00000000   
   7  -6.13013756    -0.00000000     0.00000000    -0.00000000    -0.00000000    -0.00000000   
   8  -0.00000000    -6.13008987     0.00000000     0.00000000     0.00000000     0.00000000   
   9   0.00000000     0.00000000    -6.04041511     0.00000000    -0.00000000    -0.00000000   
  10  -0.00000000     0.00000000     0.00000000    -6.03230993    -0.00000000    -0.00000000   
  11  -0.00000000     0.00000000    -0.00000000    -0.00000000    -6.02849614    -0.00000000   
  12  -0.00000000     0.00000000    -0.00000000    -0.00000000    -0.00000000    -6.02848766   
  13  -0.00000000    -0.00000000     0.00000000     0.00000000    -0.00000000    -0.00000000   
  14  -0.00000000     0.00000000    -0.00000000    -0.00000000     0.00000000     0.00000000   
  15  -0.00000000    -0.00000000    -0.00000000     0.00000000    -0.00000000    -0.00000000   
  16   0.00000000    -0.00000000     0.00000000     0.00000000     0.00000000    -0.00000000   
  17  -0.00000000     0.00000000    -0.00000000    -0.00000000    -0.00000000    -0.00000000   
  18  -0.00000000     0.00000000    -0.00000000     0.00000000    -0.00000000     0.00000000   
  19  -0.00000000    -0.00000000    -0.00000000     0.00000000    -0.00000000     0.00000000   
  20   0.00000000    -0.00000000    -0.00000000    -0.00000000    -0.00000000    -0.00000000   
  21   0.00000000    -0.00000000     0.00000000    -0.00000000    -0.00000000     0.00000000   
  22   0.00000000    -0.00000000    -0.00000000    -0.00000000    -0.00000000    -0.00000000   
  23   0.00000000    -0.00000000     0.00000000     0.00000000     0.00000000     0.00000000   
  24   0.00000000    -0.00000000    -0.00000000    -0.00000000    -0.00000000    -0.00000000   
  25  -0.00000000     0.00000000    -0.00000000    -0.00000000     0.00000000    -0.00000000   
  26   0.00000000     0.00000000    -0.00000000    -0.00000000    -0.00000000     0.00000000   
  27   0.00000000    -0.00000000     0.00000000    -0.00000000     0.00000000    -0.00000000   
  28  -0.00000000    -0.00000000    -0.00000000     0.00000000     0.00000000     0.00000000   
  29   0.00000000    -0.00000000     0.00000000     0.00000000    -0.00000000    -0.00000000   
  30   0.00000000    -0.00000000     0.00000000     0.00000000     0.00000000     0.00000000   
  31  -0.00000000    -0.00000000     0.00000000     0.00000000    -0.00000000    -0.00000000   
  32   0.00000000    -0.00000000    -0.00000000     0.00000000     0.00000000    -0.00000000   
  33  -0.00000000    -0.00000000     0.00000000    -0.00000000    -0.00000000    -0.00000000   
  34  -0.00000000    -0.00000000     0.00000000     0.00000000    -0.00000000    -0.00000000   
  35  -0.00000000     0.00000000     0.00000000     0.00000000     0.00000000     0.00000000   
  36  -0.00000000     0.00000000     0.00000000    -0.00000000     0.00000000     0.00000000   
  37   0.00000000     0.00000000     0.00000000    -0.00000000    -0.00000000     0.00000000   
  38   0.00000402     0.00000558    -0.12298030     0.06810661    -0.01217482    -0.00242286   
  39   0.00000187     0.00000296    -0.12301664    -0.06810405    -0.01223360    -0.00202498   
  40   0.00000001    -0.00000001     0.00000000    -0.00000000     0.00000000    -0.00000001   
  41   0.00000000    -0.00000000     0.00000000    -0.00000000     0.00000000     0.00000001   
  42   0.00000001    -0.00000001    -0.00000000     0.00000000    -0.00000000     0.00000001   
  43   0.00000000    -0.00000000    -0.00000000     0.00000000     0.00000000    -0.00000000   
  44   0.00000001    -0.00000000    -0.00000001     0.00000000     0.00000000    -0.00000000   
  45  -0.00000001     0.00000000     0.00000001    -0.00000000    -0.00000000    -0.00000000   
  46  -0.00000000    -0.00000001    -0.00000000     0.00000000     0.00000000    -0.00000000   
  47  -0.00000000     0.00000000     0.00000000    -0.00000001     0.00000000    -0.00000000   
  48  -0.00000000     0.00000000    -0.00000001     0.00000001     0.00000001     0.00000000   
  49  -0.00000000     0.00000000     0.00000001    -0.00000000    -0.00000000     0.00000000   
  50   0.00000000    -0.00000000    -0.00000001     0.00000000    -0.00000002    -0.00000002   
  51   0.00000001    -0.00000001     0.00000000     0.00000001    -0.00000000    -0.00000002   
  52   0.00000002    -0.00000001    -0.00000001    -0.00000000    -0.00000001     0.00000000   
  53   0.00000002    -0.00000001    -0.00000000     0.00000000     0.00000000    -0.00000001   
  54   0.00000001    -0.00000001    -0.00000001     0.00000000    -0.00000000     0.00000000   
  55  -0.00000000     0.00000000     0.00000000    -0.00000000    -0.00000000     0.00000000   
  56  -0.00000000     0.00000000     0.00000000    -0.00000000    -0.00000000    -0.00000000   
  57   0.00000001    -0.00000000     0.00000000     0.00000000     0.00000001     0.00000000   
  58   0.00000001    -0.00000000    -0.00000000    -0.00000000    -0.00000001    -0.00000000   
  59  -0.00000001     0.00000001    -0.00000000     0.00000000     0.00000000     0.00000001   
  60   0.00000001    -0.00000001     0.00000001    -0.00000000     0.00000000     0.00000000   
           13             14             15             16             17             18       
   1   0.00000000     0.00000000     0.00000000    -0.00000000     0.00000000    -0.00000000   
   2  -0.00000000     0.00000000    -0.00000000     0.00000000     0.00000000    -0.00000000   
   3   0.00000000    -0.00000000    -0.00000000    -0.00000000    -0.00000000    -0.00000000   
   4   0.00000000     0.00000000    -0.00000000     0.00000000    -0.00000000    -0.00000000   
   5   0.00000000     0.00000000    -0.00000000    -0.00000000    -0.00000000     0.00000000   
   6  -0.00000000    -0.00000000    -0.00000000     0.00000000     0.00000000    -0.00000000   
   7  -0.00000000    -0.00000000    -0.00000000     0.00000000    -0.00000000    -0.00000000   
   8   0.00000000     0.00000000    -0.00000000    -0.00000000     0.00000000     0.00000000   
   9   0.00000000    -0.00000000    -0.00000000     0.00000000    -0.00000000    -0.00000000   
  10   0.00000000    -0.00000000     0.00000000     0.00000000    -0.00000000     0.00000000   
  11  -0.00000000     0.00000000    -0.00000000     0.00000000    -0.00000000    -0.00000000   
  12  -0.00000000     0.00000000    -0.00000000    -0.00000000    -0.00000000     0.00000000   
  13  -6.02847664    -0.00000000    -0.00000000     0.00000000    -0.00000000     0.00000000   
  14  -0.00000000    -6.01147089    -0.00000000     0.00000000     0.00000000    -0.00000000   
  15  -0.00000000    -0.00000000    -6.00594091    -0.00000000     0.00000000    -0.00000000   
  16   0.00000000     0.00000000    -0.00000000    -5.98131389    -0.00000000    -0.00000000   
  17  -0.00000000     0.00000000     0.00000000    -0.00000000    -5.98131371    -0.00000000   
  18   0.00000000    -0.00000000    -0.00000000    -0.00000000    -0.00000000    -3.67738103   
  19   0.00000000     0.00000000    -0.00000000     0.00000000     0.00000000    -0.00000000   
  20   0.00000000    -0.00000000     0.00000000     0.00000000     0.00000000     0.00000000   
  21   0.00000000    -0.00000000    -0.00000000     0.00000000    -0.00000000     0.00000000   
  22   0.00000000     0.00000000     0.00000000    -0.00000000    -0.00000000     0.00000000   
  23   0.00000000     0.00000000     0.00000000    -0.00000000    -0.00000000    -0.00000000   
  24   0.00000000     0.00000000     0.00000000     0.00000000     0.00000000     0.00000000   
  25   0.00000000     0.00000000     0.00000000    -0.00000000    -0.00000000     0.00000000   
  26  -0.00000000     0.00000000     0.00000000     0.00000000     0.00000000     0.00000000   
  27  -0.00000000    -0.00000000     0.00000000     0.00000000     0.00000000    -0.00000000   
  28   0.00000000    -0.00000000     0.00000000     0.00000000     0.00000000     0.00000000   
  29   0.00000000     0.00000000     0.00000000     0.00000000     0.00000000    -0.00000000   
  30   0.00000000     0.00000000     0.00000000     0.00000000     0.00000000    -0.00000000   
  31   0.00000000    -0.00000000     0.00000000     0.00000000     0.00000000     0.00000000   
  32   0.00000000    -0.00000000     0.00000000     0.00000000     0.00000000     0.00000000   
  33  -0.00000000    -0.00000000    -0.00000000     0.00000000    -0.00000000     0.00000000   
  34  -0.00000000     0.00000000     0.00000000     0.00000000     0.00000000     0.00000000   
  35   0.00000000    -0.00000000    -0.00000000     0.00000000     0.00000000    -0.00000000   
  36   0.00000000    -0.00000000     0.00000000     0.00000000    -0.00000000     0.00000000   
  37  -0.00000000    -0.00000000     0.00000000    -0.00000000    -0.00000000     0.00000000   
  38   0.01207937     0.13236626     0.10058487    -0.00004261     0.00015991     0.02183152   
  39   0.01225255    -0.13247336     0.10045181    -0.00002445    -0.00000639    -0.02182261   
  40   0.00000000    -0.00000001    -0.00000000     0.00000000     0.00000000    -0.00000001   
  41   0.00000000    -0.00000000     0.00000000    -0.00000000     0.00000000     0.00000001   
  42   0.00000001     0.00000000    -0.00000000    -0.00000000     0.00000000     0.00000001   
  43   0.00000000     0.00000001     0.00000000     0.00000001     0.00000000    -0.00000000   
  44  -0.00000000    -0.00000001    -0.00000000    -0.00000000     0.00000000     0.00000000   
  45  -0.00000001    -0.00000001    -0.00000000    -0.00000000    -0.00000000    -0.00000001   
  46  -0.00000000     0.00000001    -0.00000000    -0.00000000    -0.00000000     0.00000002   
  47  -0.00000000     0.00000000    -0.00000001     0.00000000    -0.00000000    -0.00000000   
  48  -0.00000001     0.00000000     0.00000000    -0.00000000     0.00000000    -0.00000000   
  49   0.00000000    -0.00000000    -0.00000001     0.00000001     0.00000000     0.00000000   
  50  -0.00000002     0.00000000     0.00000000    -0.00000000     0.00000000    -0.00000000   
  51  -0.00000000     0.00000000    -0.00000000    -0.00000000    -0.00000001     0.00000000   
  52  -0.00000001    -0.00000000    -0.00000000     0.00000000    -0.00000001     0.00000001   
  53   0.00000000     0.00000000    -0.00000000    -0.00000000    -0.00000000     0.00000001   
  54   0.00000000    -0.00000000    -0.00000000     0.00000000     0.00000000     0.00000001   
  55  -0.00000000    -0.00000000     0.00000000     0.00000000     0.00000000    -0.00000000   
  56  -0.00000000     0.00000000    -0.00000000    -0.00000000     0.00000001    -0.00000000   
  57   0.00000000     0.00000000     0.00000000     0.00000000     0.00000000    -0.00000000   
  58  -0.00000000    -0.00000000    -0.00000001     0.00000000    -0.00000000     0.00000001   
  59  -0.00000000     0.00000000     0.00000000     0.00000000     0.00000000    -0.00000000   
  60  -0.00000000    -0.00000000     0.00000000     0.00000000    -0.00000000    -0.00000000   
           19             20             21             22             23             24       
   1  -0.00000000     0.00000000    -0.00000000    -0.00000000     0.00000000     0.00000000   
   2  -0.00000000     0.00000000    -0.00000000     0.00000000    -0.00000000    -0.00000000   
   3  -0.00000000     0.00000000    -0.00000000     0.00000000    -0.00000000    -0.00000000   
   4  -0.00000000    -0.00000000    -0.00000000    -0.00000000     0.00000000    -0.00000000   
   5  -0.00000000    -0.00000000    -0.00000000    -0.00000000    -0.00000000     0.00000000   
   6   0.00000000    -0.00000000     0.00000000    -0.00000000    -0.00000000     0.00000000   
   7  -0.00000000     0.00000000     0.00000000     0.00000000     0.00000000     0.00000000   
   8  -0.00000000    -0.00000000    -0.00000000    -0.00000000    -0.00000000    -0.00000000   
   9  -0.00000000    -0.00000000     0.00000000    -0.00000000     0.00000000    -0.00000000   
  10   0.00000000    -0.00000000    -0.00000000    -0.00000000     0.00000000    -0.00000000   
  11  -0.00000000    -0.00000000    -0.00000000    -0.00000000     0.00000000    -0.00000000   
  12   0.00000000    -0.00000000     0.00000000    -0.00000000     0.00000000    -0.00000000   
  13   0.00000000     0.00000000     0.00000000     0.00000000     0.00000000     0.00000000   
  14   0.00000000    -0.00000000    -0.00000000     0.00000000     0.00000000     0.00000000   
  15  -0.00000000     0.00000000    -0.00000000     0.00000000     0.00000000     0.00000000   
  16   0.00000000     0.00000000     0.00000000    -0.00000000    -0.00000000     0.00000000   
  17   0.00000000     0.00000000    -0.00000000    -0.00000000    -0.00000000     0.00000000   
  18  -0.00000000     0.00000000     0.00000000     0.00000000    -0.00000000     0.00000000   
  19  -2.70098661     0.00000000     0.00000000     0.00000000    -0.00000000     0.00000000   
  20   0.00000000    -1.69026909    -0.00000000    -0.00000000    -0.00000000     0.00000000   
  21   0.00000000    -0.00000000    -1.65869079    -0.00000000     0.00000000    -0.00000000   
  22   0.00000000    -0.00000000    -0.00000000    -1.40817247    -0.00000000     0.00000000   
  23  -0.00000000    -0.00000000     0.00000000    -0.00000000    -1.40816129     0.00000000   
  24   0.00000000     0.00000000    -0.00000000     0.00000000     0.00000000    -0.84799715   
  25  -0.00000000     0.00000000     0.00000000     0.00000000     0.00000000     0.00000000   
  26  -0.00000000     0.00000000    -0.00000000    -0.00000000    -0.00000000     0.00000000   
  27   0.00000000     0.00000000    -0.00000000    -0.00000000     0.00000000     0.00000000   
  28   0.00000000    -0.00000000    -0.00000000    -0.00000000    -0.00000000    -0.00000000   
  29  -0.00000000     0.00000000     0.00000000    -0.00000000    -0.00000000    -0.00000000   
  30   0.00000000    -0.00000000     0.00000000    -0.00000000    -0.00000000    -0.00000000   
  31  -0.00000000     0.00000000     0.00000000     0.00000000    -0.00000000    -0.00000000   
  32   0.00000000     0.00000000     0.00000000     0.00000000     0.00000000    -0.00000000   
  33   0.00000000     0.00000000     0.00000000    -0.00000000    -0.00000000    -0.00000000   
  34  -0.00000000     0.00000000    -0.00000000    -0.00000000    -0.00000000    -0.00000000   
  35   0.00000000    -0.00000000    -0.00000000    -0.00000000    -0.00000000     0.00000000   
  36  -0.00000000     0.00000000    -0.00000000    -0.00000000    -0.00000000     0.00000000   
  37  -0.00000000     0.00000000     0.00000000     0.00000000     0.00000000     0.00000000   
  38   0.09554281     0.47975009    -0.44046318     0.00000008    -0.00001167     0.33844427   
  39   0.09544608    -0.48001422    -0.44014507    -0.00000116    -0.00000001    -0.33846820   
  40  -0.00000000    -0.00000000     0.00000000     0.00000000     0.00000000    -0.00000002   
  41  -0.00000000    -0.00000001     0.00000001    -0.00000000     0.00000000    -0.00000000   
  42  -0.00000000    -0.00000001     0.00000001    -0.00000000     0.00000000    -0.00000000   
  43   0.00000000     0.00000001    -0.00000002    -0.00000000     0.00000000     0.00000001   
  44  -0.00000000    -0.00000002    -0.00000000    -0.00000000    -0.00000000    -0.00000001   
  45   0.00000002    -0.00000001     0.00000001    -0.00000000     0.00000000    -0.00000000   
  46  -0.00000001     0.00000001     0.00000002    -0.00000000     0.00000000     0.00000002   
  47  -0.00000000    -0.00000001     0.00000001    -0.00000000    -0.00000000    -0.00000001   
  48   0.00000000     0.00000000    -0.00000000    -0.00000000     0.00000000     0.00000001   
  49  -0.00000000    -0.00000002     0.00000001     0.00000000    -0.00000000    -0.00000001   
  50   0.00000000     0.00000001    -0.00000003    -0.00000000    -0.00000001     0.00000000   
  51   0.00000000     0.00000002    -0.00000001    -0.00000000     0.00000000    -0.00000001   
  52  -0.00000001     0.00000000    -0.00000001     0.00000000     0.00000000    -0.00000001   
  53  -0.00000000     0.00000001     0.00000000     0.00000000     0.00000000    -0.00000000   
  54  -0.00000001    -0.00000000     0.00000000     0.00000000     0.00000000    -0.00000001   
  55  -0.00000000    -0.00000000     0.00000000    -0.00000000    -0.00000000    -0.00000000   
  56   0.00000000     0.00000001    -0.00000000    -0.00000000     0.00000000     0.00000000   
  57  -0.00000000    -0.00000001     0.00000001     0.00000000    -0.00000000    -0.00000001   
  58  -0.00000000     0.00000001    -0.00000000     0.00000000     0.00000000    -0.00000000   
  59   0.00000000    -0.00000001    -0.00000000     0.00000000    -0.00000000     0.00000001   
  60  -0.00000001    -0.00000000    -0.00000000    -0.00000000     0.00000000    -0.00000001   
           25             26             27             28             29             30       
   1   0.00000000    -0.00000000    -0.00000000    -0.00000000    -0.00000000    -0.00000000   
   2   0.00000000    -0.00000000    -0.00000000    -0.00000000     0.00000000     0.00000000   
   3   0.00000000     0.00000000     0.00000000    -0.00000000    -0.00000000     0.00000000   
   4   0.00000000     0.00000000    -0.00000000    -0.00000000     0.00000000     0.00000000   
   5  -0.00000000    -0.00000000     0.00000000     0.00000000    -0.00000000    -0.00000000   
   6  -0.00000000     0.00000000     0.00000000     0.00000000     0.00000000     0.00000000   
   7  -0.00000000     0.00000000     0.00000000    -0.00000000     0.00000000     0.00000000   
   8   0.00000000     0.00000000    -0.00000000    -0.00000000    -0.00000000    -0.00000000   
   9  -0.00000000     0.00000000     0.00000000    -0.00000000     0.00000000     0.00000000   
  10  -0.00000000    -0.00000000    -0.00000000     0.00000000     0.00000000     0.00000000   
  11   0.00000000    -0.00000000     0.00000000     0.00000000    -0.00000000     0.00000000   
  12  -0.00000000     0.00000000    -0.00000000     0.00000000    -0.00000000     0.00000000   
  13   0.00000000    -0.00000000    -0.00000000     0.00000000     0.00000000     0.00000000   
  14   0.00000000     0.00000000    -0.00000000    -0.00000000     0.00000000     0.00000000   
  15   0.00000000     0.00000000     0.00000000     0.00000000     0.00000000     0.00000000   
  16  -0.00000000     0.00000000     0.00000000     0.00000000     0.00000000     0.00000000   
  17  -0.00000000     0.00000000     0.00000000     0.00000000     0.00000000     0.00000000   
  18   0.00000000     0.00000000    -0.00000000     0.00000000    -0.00000000    -0.00000000   
  19  -0.00000000    -0.00000000     0.00000000     0.00000000    -0.00000000     0.00000000   
  20   0.00000000     0.00000000     0.00000000    -0.00000000     0.00000000    -0.00000000   
  21   0.00000000    -0.00000000    -0.00000000    -0.00000000     0.00000000     0.00000000   
  22   0.00000000    -0.00000000    -0.00000000    -0.00000000    -0.00000000    -0.00000000   
  23   0.00000000    -0.00000000     0.00000000    -0.00000000    -0.00000000    -0.00000000   
  24   0.00000000     0.00000000     0.00000000    -0.00000000    -0.00000000    -0.00000000   
  25  -0.62194987     0.00000000     0.00000000    -0.00000000    -0.00000000     0.00000000   
  26   0.00000000     0.00464323     0.00000000     0.00000000    -0.00000000     0.00000000   
  27   0.00000000     0.00000000     0.66392323    -0.00000000    -0.00000000    -0.00000000   
  28  -0.00000000     0.00000000    -0.00000000     1.23871626     0.00000000    -0.00000000   
  29  -0.00000000    -0.00000000    -0.00000000     0.00000000     1.32960643     0.00000000   
  30   0.00000000     0.00000000    -0.00000000    -0.00000000     0.00000000     1.33103930   
  31   0.00000000     0.00000000     0.00000000    -0.00000000    -0.00000000     0.00000000   
  32   0.00000000    -0.00000000     0.00000000     0.00000000    -0.00000000     0.00000000   
  33  -0.00000000     0.00000000     0.00000000    -0.00000000     0.00000000    -0.00000000   
  34   0.00000000    -0.00000000     0.00000000    -0.00000000     0.00000000    -0.00000000   
  35   0.00000000     0.00000000     0.00000000    -0.00000000    -0.00000000     0.00000000   
  36  -0.00000000    -0.00000000    -0.00000000     0.00000000     0.00000000    -0.00000000   
  37  -0.00000000    -0.00000000     0.00000000     0.00000000    -0.00000000     0.00000000   
  38  -0.00003201     0.73210240    -0.73212842     0.35144290     0.00003065    -0.00001581   
  39   0.00001459     0.73121022     0.73313440     0.35113296     0.00001768     0.00000401   
  40   0.00000003     0.00000000    -0.00000002    -0.00000001    -0.00000002    -0.00000005   
  41  -0.00000002    -0.00000001     0.00000001    -0.00000001    -0.00000001    -0.00000001   
  42  -0.00000000    -0.00000003     0.00000000     0.00000000    -0.00000004    -0.00000002   
  43   0.00000001     0.00000002    -0.00000002     0.00000001    -0.00000000     0.00000001   
  44   0.00000001     0.00000000     0.00000000     0.00000000    -0.00000000    -0.00000001   
  45  -0.00000001    -0.00000005     0.00000001     0.00000002     0.00000000     0.00000001   
  46   0.00000001    -0.00000001    -0.00000001    -0.00000001    -0.00000001     0.00000001   
  47  -0.00000000    -0.00000001     0.00000002    -0.00000001    -0.00000000    -0.00000000   
  48   0.00000000     0.00000002    -0.00000003     0.00000002     0.00000000     0.00000000   
  49  -0.00000001    -0.00000002     0.00000003    -0.00000001    -0.00000000    -0.00000001   
  50   0.00000000     0.00000005    -0.00000004     0.00000005     0.00000001     0.00000001   
  51   0.00000001     0.00000001    -0.00000003     0.00000002    -0.00000000    -0.00000000   
  52   0.00000001    -0.00000002    -0.00000001     0.00000004    -0.00000004    -0.00000001   
  53  -0.00000002    -0.00000001     0.00000001     0.00000000    -0.00000000    -0.00000003   
  54   0.00000001    -0.00000000     0.00000001     0.00000000    -0.00000001    -0.00000000   
  55   0.00000000    -0.00000000     0.00000000    -0.00000000    -0.00000000    -0.00000000   
  56   0.00000000    -0.00000000    -0.00000000    -0.00000000     0.00000000     0.00000000   
  57   0.00000001    -0.00000001     0.00000001     0.00000000     0.00000000    -0.00000000   
  58   0.00000001    -0.00000000    -0.00000001     0.00000002    -0.00000001    -0.00000001   
  59  -0.00000000     0.00000001     0.00000001    -0.00000001     0.00000000     0.00000001   
  60   0.00000001    -0.00000000    -0.00000000     0.00000001    -0.00000001    -0.00000000   
           31             32             33             34             35             36       
   1   0.00000000    -0.00000000    -0.00000000     0.00000000    -0.00000000    -0.00000000   
   2   0.00000000     0.00000000     0.00000000     0.00000000    -0.00000000    -0.00000000   
   3   0.00000000     0.00000000     0.00000000    -0.00000000     0.00000000    -0.00000000   
   4   0.00000000     0.00000000     0.00000000     0.00000000    -0.00000000    -0.00000000   
   5   0.00000000    -0.00000000    -0.00000000     0.00000000     0.00000000    -0.00000000   
   6  -0.00000000    -0.00000000     0.00000000     0.00000000     0.00000000     0.00000000   
   7  -0.00000000     0.00000000    -0.00000000    -0.00000000    -0.00000000    -0.00000000   
   8  -0.00000000    -0.00000000    -0.00000000    -0.00000000     0.00000000     0.00000000   
   9   0.00000000    -0.00000000     0.00000000     0.00000000     0.00000000     0.00000000   
  10   0.00000000     0.00000000    -0.00000000     0.00000000     0.00000000    -0.00000000   
  11  -0.00000000     0.00000000    -0.00000000    -0.00000000     0.00000000     0.00000000   
  12  -0.00000000    -0.00000000    -0.00000000    -0.00000000     0.00000000     0.00000000   
  13   0.00000000     0.00000000    -0.00000000    -0.00000000     0.00000000     0.00000000   
  14  -0.00000000    -0.00000000    -0.00000000     0.00000000    -0.00000000    -0.00000000   
  15   0.00000000     0.00000000    -0.00000000     0.00000000    -0.00000000     0.00000000   
  16   0.00000000     0.00000000     0.00000000     0.00000000     0.00000000     0.00000000   
  17   0.00000000     0.00000000    -0.00000000     0.00000000     0.00000000    -0.00000000   
  18   0.00000000     0.00000000     0.00000000     0.00000000    -0.00000000     0.00000000   
  19  -0.00000000     0.00000000     0.00000000    -0.00000000     0.00000000    -0.00000000   
  20   0.00000000     0.00000000     0.00000000     0.00000000    -0.00000000     0.00000000   
  21   0.00000000     0.00000000     0.00000000    -0.00000000    -0.00000000    -0.00000000   
  22   0.00000000     0.00000000    -0.00000000    -0.00000000    -0.00000000    -0.00000000   
  23  -0.00000000     0.00000000    -0.00000000    -0.00000000    -0.00000000    -0.00000000   
  24  -0.00000000    -0.00000000    -0.00000000    -0.00000000     0.00000000     0.00000000   
  25   0.00000000     0.00000000    -0.00000000     0.00000000     0.00000000    -0.00000000   
  26   0.00000000    -0.00000000     0.00000000    -0.00000000     0.00000000    -0.00000000   
  27   0.00000000     0.00000000     0.00000000     0.00000000     0.00000000    -0.00000000   
  28  -0.00000000     0.00000000    -0.00000000    -0.00000000    -0.00000000     0.00000000   
  29  -0.00000000    -0.00000000     0.00000000     0.00000000    -0.00000000     0.00000000   
  30   0.00000000     0.00000000    -0.00000000    -0.00000000     0.00000000    -0.00000000   
  31   1.51255492     0.00000000     0.00000000     0.00000000     0.00000000     0.00000000   
  32   0.00000000     1.51298939     0.00000000    -0.00000000     0.00000000     0.00000000   
  33   0.00000000     0.00000000     1.51417099     0.00000000    -0.00000000     0.00000000   
  34   0.00000000    -0.00000000     0.00000000     1.51418734     0.00000000     0.00000000   
  35   0.00000000     0.00000000    -0.00000000     0.00000000     1.59338522    -0.00000000   
  36   0.00000000     0.00000000     0.00000000     0.00000000    -0.00000000     1.68589635   
  37   0.00000000     0.00000000    -0.00000000    -0.00000000    -0.00000000    -0.00000000   
  38   0.00056115     0.00702181     0.00005913    -0.00002450     0.03660169     0.00001151   
  39  -0.00030974     0.00703136     0.00004865    -0.00002271    -0.03658516    -0.00000237   
  40   0.00000000     0.00000000     0.00000000    -0.00000000    -0.00000001    -0.00000000   
  41   0.00000000     0.00000000     0.00000000     0.00000000    -0.00000000    -0.00000000   
  42  -0.00000000     0.00000001     0.00000001     0.00000001    -0.00000000    -0.00000000   
  43   0.00000001     0.00000001     0.00000002     0.00000004    -0.00000000    -0.00000000   
  44   0.00000003    -0.00000003     0.00000001    -0.00000004    -0.00000001    -0.00000002   
  45   0.00000000     0.00000000     0.00000001     0.00000001    -0.00000001    -0.00000000   
  46  -0.00000001     0.00000000    -0.00000000     0.00000002    -0.00000002     0.00000000   
  47  -0.00000001    -0.00000001    -0.00000000    -0.00000000    -0.00000000     0.00000001   
  48   0.00000001    -0.00000001     0.00000000     0.00000000     0.00000001    -0.00000005   
  49  -0.00000000    -0.00000000    -0.00000002    -0.00000002    -0.00000000     0.00000000   
  50  -0.00000000     0.00000000     0.00000000     0.00000002     0.00000001    -0.00000003   
  51   0.00000003    -0.00000001     0.00000001    -0.00000003     0.00000002    -0.00000001   
  52   0.00000002    -0.00000003     0.00000002    -0.00000003     0.00000002    -0.00000001   
  53   0.00000001    -0.00000001     0.00000001    -0.00000001     0.00000003    -0.00000001   
  54   0.00000000    -0.00000000     0.00000001     0.00000000     0.00000001    -0.00000000   
  55   0.00000000     0.00000000    -0.00000000    -0.00000000    -0.00000000     0.00000000   
  56   0.00000000    -0.00000000    -0.00000000    -0.00000000     0.00000000     0.00000000   
  57  -0.00000000     0.00000000     0.00000000     0.00000000    -0.00000001     0.00000000   
  58   0.00000001    -0.00000000     0.00000001     0.00000000     0.00000001    -0.00000001   
  59  -0.00000001     0.00000001    -0.00000000    -0.00000000    -0.00000002     0.00000001   
  60   0.00000000    -0.00000000     0.00000001     0.00000001     0.00000001    -0.00000000   
           37             38             39       
   1  -0.00000000    -0.22132594    -0.21947838   
   2   0.00000000    -0.21543200     0.21730782   
   3   0.00000000    -0.00000465     0.00000003   
   4  -0.00000000     0.00000008     0.00003133   
   5  -0.00000000     0.09845946     0.09862664   
   6   0.00000000     0.11478199    -0.11447597   
   7   0.00000000     0.00000404     0.00000187   
   8   0.00000000     0.00000556     0.00000296   
   9   0.00000000    -0.12298030    -0.12301664   
  10  -0.00000000     0.06810661    -0.06810405   
  11  -0.00000000    -0.01217483    -0.01223359   
  12   0.00000000    -0.00242287    -0.00202499   
  13  -0.00000000     0.01207937     0.01225256   
  14  -0.00000000     0.13236625    -0.13247336   
  15   0.00000000     0.10058487     0.10045181   
  16  -0.00000000    -0.00004261    -0.00002445   
  17  -0.00000000     0.00015991    -0.00000639   
  18   0.00000000     0.02183153    -0.02182261   
  19  -0.00000000     0.09554278     0.09544608   
  20   0.00000000     0.47975009    -0.48001420   
  21   0.00000000    -0.44046319    -0.44014506   
  22   0.00000000     0.00000008    -0.00000116   
  23   0.00000000    -0.00001166    -0.00000000   
  24   0.00000000     0.33844424    -0.33846820   
  25  -0.00000000    -0.00003201     0.00001460   
  26  -0.00000000     0.73210237     0.73121022   
  27   0.00000000    -0.73212844     0.73313438   
  28   0.00000000     0.35144295     0.35113294   
  29  -0.00000000     0.00003064     0.00001768   
  30   0.00000000    -0.00001583     0.00000399   
  31   0.00000000     0.00056117    -0.00030974   
  32   0.00000000     0.00702180     0.00703136   
  33  -0.00000000     0.00005912     0.00004864   
  34  -0.00000000    -0.00002451    -0.00002270   
  35  -0.00000000     0.03660172    -0.03658514   
  36  -0.00000000     0.00001147    -0.00000237   
  37   1.68591165    -0.00000252    -0.00001916   
  38  -0.00000252     0.69957460    -0.01181031   
  39  -0.00001915    -0.01181038     0.69936803   
  40   0.00000000     0.00000001     0.00000001   
  41   0.00000000     0.00000003    -0.00000001   
  42  -0.00000000    -0.00000003     0.00000000   
  43  -0.00000001    -0.00000002     0.00000001   
  44   0.00000000    -0.00000002    -0.00000001   
  45   0.00000000     0.00000001    -0.00000002   
  46  -0.00000000     0.00000001     0.00000000   
  47  -0.00000000     0.00000001     0.00000000   
  48   0.00000001     0.00000003    -0.00000000   
  49  -0.00000000     0.00000002     0.00000001   
  50   0.00000001     0.00000002    -0.00000001   
  51  -0.00000000     0.00000001    -0.00000000   
  52   0.00000000     0.00000000    -0.00000001   
  53  -0.00000000    -0.00000000     0.00000000   
  54   0.00000000     0.00000000    -0.00000000   
  55   0.00000001     0.00000000    -0.00000000   
  56  -0.00000000     0.00000000     0.00000000   
  57   0.00000000     0.00000000    -0.00000001   
  58   0.00000000     0.00000000    -0.00000000   
  59   0.00000000    -0.00000000    -0.00000000   
  60   0.00000000    -0.00000000    -0.00000000   

[[ 0.996906  0.003226  0.000037 ... -0.000005  0.001012 -0.000004]
 [ 0.003205 -0.99847  -0.000037 ...  0.000721  0.000007  0.00059 ]
 [-0.000037 -0.000037  0.99971  ...  0.       -0.        0.      ]
 ...
 [-0.000002 -0.00077  -0.       ...  0.986121  0.000021 -0.151776]
 [-0.000968  0.000003 -0.       ...  0.000023 -0.996786 -0.000008]
 [ 0.000002  0.000543  0.       ... -0.152401  0.000001 -0.984263]]
 Saved MO coefficients to FCIDUMP/FCIDUMP_TTM-Ph-TTM_gwh_mo_coeff.npy

************************************************
 Testing 'core' initial guess method
************************************************

  Initializing L-BFGS optimisation...
    > Num. MOs       =     60
    > Num. params    =    894
    > Max subspace   =     20
    > Max step size   =  0.500
    > Backtracking   =  0.100
    > Parallel tr.   = True
    > Pseudo-canon.  = True
    > Canon interval = 10
    > Hybrid prec.   = True
  ================================================================
           Energy / Eh     Step Len    Max(|G_i|)
  ================================================================
     0   446.4822098242                 1.59e+01
     1   421.7112139746    5.00e-01     1.25e+01    rescaled  
     2   402.2721883976    5.00e-01     1.04e+01    rescaled  
     3   389.2428477509    5.00e-01     9.32e+00    rescaled  
     4   370.3161947574    5.00e-01     8.13e+00    rescaled  
     5   360.5988209922    5.00e-01     9.19e+00    rescaled  
     6   352.9566164896    5.00e-01     1.03e+01    rescaled  
     7   346.0901143145    5.00e-01     9.72e+00    rescaled  
     8   345.9060868819    5.00e-01     8.98e+00    rescaled  
     9   340.6142248955    5.00e-01     9.03e+00    rescaled  
    10   338.1114910862    5.00e-01     7.21e+00    rescaled  
    11   334.7113906646    5.00e-01     6.93e+00    rescaled  
    12   330.5027769477    5.00e-01     6.19e+00    rescaled  
    13   325.8452344905    5.00e-01     7.15e+00    rescaled  
    14   319.6075802332    5.00e-01     6.97e+00    rescaled  
    15   315.0087115469    5.00e-01     7.60e+00    rescaled  
    16   311.4258875099    5.00e-01     7.49e+00    rescaled  
    17   306.5346515621    5.00e-01     5.55e+00    rescaled  
    18   303.0261062727    5.00e-01     6.09e+00    rescaled  
    19   299.8287583407    5.00e-01     6.79e+00    rescaled  
    20   295.3682640452    5.00e-01     5.48e+00    rescaled  
    21   292.1994644365    5.00e-01     6.05e+00    rescaled  
    22   288.6965838539    5.00e-01     6.10e+00    rescaled  
    23   285.7858777145    5.00e-01     5.24e+00    rescaled  
    24   282.9149020593    5.00e-01     4.14e+00    rescaled  
    25   278.3906809731    5.00e-01     5.57e+00    rescaled  
    26   273.5697255082    5.00e-01     4.54e+00    rescaled  
    27   271.6117000048    5.00e-01     4.61e+00    rescaled  
    28   269.8844694057    5.00e-01     4.67e+00    rescaled  
    29   265.7268701471    4.57e-01     2.71e+00              
    30   262.7835872693    5.00e-01     2.53e+00    rescaled  
    31   260.4342350643    5.00e-01     2.72e+00    rescaled  
    32   256.4150072496    5.00e-01     2.81e+00    rescaled  
    33   253.5577752867    5.00e-01     3.12e+00    rescaled  
    34   251.6674338851    5.00e-01     2.70e+00    rescaled  
    35   248.0187759844    5.00e-01     3.98e+00    rescaled  
    36   246.0669417610    5.00e-01     3.65e+00    rescaled  
    37   244.0135642420    5.00e-01     3.34e+00    rescaled  
    38   242.0951163813    5.00e-01     3.79e+00    rescaled  
    39   240.3471059956    5.00e-01     6.07e+00    rescaled  
    40   239.1546840239    5.00e-01     3.54e+00    rescaled  
    41   238.5868016624    3.63e-01     4.12e+00              
    42   236.5939932159    2.64e-01     2.32e+00              
    43   237.0179319314    3.14e-01     2.67e+00              
    44   236.3206689137    2.47e-01     1.85e+00    overstep  
    45   235.8611710125    1.20e-01     1.47e+00              
    46   235.7569418030    1.43e-01     1.45e+00              
    47   235.4402009381    9.56e-02     6.95e-01              
    48   235.4193951447    1.36e-01     1.10e+00              
    49   235.3024008068    9.67e-02     3.12e-01              
    50   235.2795493842    1.35e-02     1.84e-01              
    51   235.2685544814    8.24e-03     1.17e-01              
    52   235.2612059341    9.57e-03     4.58e-02              
    53   235.2597683011    4.24e-03     3.11e-02              
    54   235.2595771331    1.88e-03     7.20e-03              
    55   235.2595603219    1.08e-03     1.52e-02              
    56   235.2595466145    4.53e-04     1.35e-03              
    57   235.2595460883    7.29e-05     2.60e-04              
    58   235.2595460492    1.64e-05     6.31e-05              
    59   235.2595460451    7.39e-06     3.45e-05              
    60   235.2595460449    1.48e-06     2.47e-05              
    61   235.2595460449    4.51e-07     2.50e-06              
    62   235.2595460449    7.84e-08     4.71e-07              
  ================================================================
  L-BFGS converged in     62 iterations (  4.65 seconds)

  Initializing Davidson diagonalisation...
    > Max iterations =   1000
    > Target states  =      5
    > Convergence    =  1.000e-04
    > Basis per root =      4
    > Max basis size =     20
  Davidson diagonalisation converged in     32 iterations (  8.81 seconds)

   --------------------------
    Converged eigenvalues:   
   --------------------------
       0        6.80565857   
       1        6.82945713   
       2        7.04661294   
       3        7.05173297   
       4        7.36016101   
   --------------------------

 ---------------------------------------------
         Total Energy =   235.25954604 Eh
              Nuclear =  5151.81221337 Eh
         One Electron = -9722.71480229 Eh
              Coulomb =  5089.50907899 Eh
        ROHF Exchange =  -283.34694402 Eh
 ---------------------------------------------
           <Sz> =  0.00
           <S2> =  0.00
  Spin Coupling = +-

 -----------------------------------------------------------------------------------------------
  Open-Shell Exchange Matrix <Ψ|Êpq Êqp|Ψ> - Np
 -----------------------------------------------------------------------------------------------
           1              2        
   1   0.00000000     1.00000000   
   2   1.00000000     0.00000000   

 -----------------------------------------------------------------------------------------------
  Open-Shell Exchange Integrals <pq|qp>
 -----------------------------------------------------------------------------------------------
           1              2        
   1   6.69575203     0.00000062   
   2   0.00000062     6.69610055   

 -----------------------------------------------------------------------------------------------
  Occupied Orbital Coefficients
 -----------------------------------------------------------------------------------------------
           1              2              3              4              5              6        
   1  -0.99690562     0.00322883    -0.00003659    -0.00001701     0.07239521     0.00039831   
   2  -0.00320722    -0.99846972     0.00003714    -0.00001521     0.00061951    -0.04636719   
   3   0.00003721    -0.00003707    -0.99970961    -0.02310031     0.00000373     0.00000305   
   4  -0.00001528    -0.00001565    -0.02310031     0.99970959     0.00001259    -0.00000648   
   5  -0.07185557    -0.00037617    -0.00000667     0.00001125    -0.99717592    -0.00015434   
   6   0.00023446    -0.04580873     0.00000464     0.00000582    -0.00015442     0.99871637   
   7  -0.00000033    -0.00000004     0.00015428     0.00008305    -0.00000081     0.00000092   
   8   0.00000075     0.00000008     0.00008267    -0.00015537     0.00000247    -0.00000093   
   9  -0.00486917    -0.00003343    -0.00000250     0.00000480    -0.00941775     0.00000476   
  10   0.00002092    -0.00400451     0.00000289     0.00000563     0.00001406     0.00902195   
  11  -0.00260078    -0.00403361    -0.00000153    -0.00001155     0.00115101    -0.00154293   
  12   0.00396209    -0.00265888    -0.00000739     0.00000237    -0.00171412    -0.00101234   
  13  -0.00000147    -0.00000572     0.00255798     0.00412019     0.00000630    -0.00001190   
  14   0.00000553    -0.00000115     0.00412075    -0.00255774    -0.00000923     0.00000179   
  15  -0.00000106     0.00000033     0.00230965    -0.00403102    -0.00000329     0.00000001   
  16  -0.00000102     0.00000111     0.00402785     0.00231171    -0.00000184    -0.00000357   
  17   0.00396606     0.00001824     0.00000017    -0.00000049     0.00832317     0.00000672   
  18  -0.00000975     0.00222081    -0.00000004    -0.00000020     0.00000546    -0.00607200   
  19   0.00079464     0.00000279    -0.00000001    -0.00000000    -0.00334443    -0.00000513   
  20  -0.00004089     0.00974615    -0.00000009    -0.00000067     0.00000444    -0.00564564   
  21  -0.00943070    -0.00003831    -0.00000009     0.00000065    -0.00533798    -0.00000905   
  22   0.00000004    -0.00000000     0.00003734     0.00032655     0.00000006    -0.00000003   
  23   0.00000017    -0.00000016     0.00032608    -0.00003720     0.00000011     0.00000012   
  24   0.00002742    -0.00632177     0.00000004     0.00000046     0.00000009     0.00162522   
  25  -0.00000033     0.00000034     0.00000546    -0.00000548    -0.00000013    -0.00000015   
  26  -0.01262556    -0.00004816    -0.00000009     0.00000091    -0.00554234    -0.00001233   
  27  -0.00004001     0.01113490    -0.00000008    -0.00000081     0.00001001    -0.00753436   
  28   0.00409173     0.00001526     0.00000001    -0.00000030     0.00399792     0.00000747   
  29  -0.00000019     0.00000006     0.00001678     0.00001720    -0.00000023    -0.00000009   
  30   0.00000005    -0.00000007     0.00001672    -0.00001624     0.00000006     0.00000011   
  31   0.00000055     0.00027750    -0.00000118     0.00000193    -0.00000493     0.00013156   
  32   0.00012394    -0.00000292     0.00000268     0.00000401    -0.00037886    -0.00000226   
  33  -0.00000222    -0.00000145     0.00009494     0.00025226     0.00000657    -0.00000064   
  34  -0.00000040     0.00000181     0.00025224    -0.00009515     0.00000156     0.00000088   
  35  -0.00000140     0.00033552    -0.00000043    -0.00000093    -0.00000183     0.00154857   
  36  -0.00000004    -0.00000017    -0.00091161    -0.00059420    -0.00000001    -0.00000127   
  37  -0.00000012     0.00000019    -0.00059453     0.00091239    -0.00000010     0.00000080   
  38  -0.02558855    -0.00010876    -0.00000022     0.00000183    -0.01195194    -0.00001863   
  39   0.00010654    -0.02506716     0.00000022     0.00000182    -0.00001033     0.01391375   
  40  -0.00276980    -0.00001231    -0.00000001     0.00000022    -0.00205743    -0.00000231   
  41   0.00000002     0.00000007     0.00000014     0.00000014     0.00000002    -0.00000009   
  42  -0.00000513     0.00100490     0.00000002    -0.00000010     0.00000053    -0.00161621   
  43  -0.00000018    -0.00000014    -0.00024273    -0.00072288    -0.00000003     0.00000008   
  44   0.00000001     0.00000009    -0.00072249     0.00024255     0.00000003    -0.00000001   
  45   0.00000001    -0.00000003    -0.00006822    -0.00007691    -0.00000001    -0.00000002   
  46  -0.00000000     0.00000003    -0.00007694     0.00006817     0.00000001     0.00000003   
  47  -0.00006382    -0.00001156     0.00000014     0.00000005     0.00011547    -0.00001558   
  48   0.00000838    -0.00008961    -0.00000019     0.00000005    -0.00001440    -0.00012524   
  49  -0.00000027    -0.00000018    -0.00000597    -0.00002259     0.00000065    -0.00000040   
  50  -0.00000035     0.00000062    -0.00002264     0.00000609     0.00000047     0.00000082   
  51  -0.00228404    -0.00001034    -0.00000005     0.00000015    -0.00035587    -0.00000073   
  52  -0.00001682     0.00389812    -0.00000006    -0.00000027     0.00000118    -0.00191223   
  53   0.00305875     0.00001302     0.00000004    -0.00000021     0.00161029     0.00000245   
  54  -0.00000218     0.00053271    -0.00000001    -0.00000004     0.00000022    -0.00023787   
  55   0.00010843     0.00000040    -0.00000005    -0.00000000     0.00026296     0.00000059   
  56  -0.00000000     0.00000002     0.00000061     0.00007284    -0.00000003    -0.00000001   
  57   0.00000001     0.00000008     0.00007287    -0.00000061     0.00000015    -0.00000004   
  58   0.00000248    -0.00077025     0.00000001     0.00000005    -0.00000071     0.00046305   
  59   0.00096821     0.00000333     0.00000001    -0.00000006     0.00024413     0.00000072   
  60  -0.00000204     0.00054285    -0.00000000    -0.00000003    -0.00000011     0.00001586   
           7              8              9              10             11             12       
   1  -0.00000030    -0.00000043    -0.00263327     0.00002044     0.00390139     0.00072200   
   2  -0.00000008    -0.00000014    -0.00002045    -0.00277194     0.00003154     0.00001667   
   3  -0.00033494     0.00021629    -0.00000317    -0.00001511    -0.00257002    -0.00362066   
   4   0.00021487     0.00033570    -0.00000387     0.00001336    -0.00296334     0.00405989   
   5  -0.00000094    -0.00000153    -0.01235226     0.00000567     0.00156602     0.00028793   
   6  -0.00000053    -0.00000066     0.00001097     0.00582555     0.00000073    -0.00001849   
   7   0.98940618    -0.10234027    -0.00001833    -0.00041134    -0.01794250    -0.09499835   
   8  -0.10234100    -0.98936603    -0.00014408     0.00013013    -0.07169551     0.03741685   
   9  -0.00004519    -0.00018211     0.64122827    -0.00013804     0.04066332     0.00711510   
  10  -0.00012722    -0.00007094    -0.00178127    -0.50424801    -0.00075642     0.00045721   
  11   0.00019829     0.00022554    -0.19636289     0.71973635    -0.33442756    -0.06252610   
  12   0.00012060    -0.00015464     0.29492612     0.47698998     0.50280666     0.09190103   
  13  -0.09268055    -0.04164364    -0.00039125    -0.00117877     0.19217025    -0.96408918   
  14  -0.04145677     0.09302125     0.00030762    -0.00093685    -0.67486982    -0.14517739   
  15   0.00125956     0.01699855     0.00000197     0.00005406    -0.10530017     0.05061071   
  16  -0.01697530     0.00125258    -0.00002221    -0.00045672    -0.02317870    -0.14067602   
  17  -0.00001705    -0.00002524    -0.68021503     0.00023098     0.35238969     0.06507335   
  18  -0.00000000    -0.00000003     0.00000202    -0.00061407    -0.00000100     0.00000179   
  19  -0.00000009    -0.00000016     0.00010330     0.00000148     0.00086151     0.00015921   
  20  -0.00000009    -0.00000012     0.00000199    -0.00690335    -0.00000161     0.00002168   
  21  -0.00000018    -0.00000028    -0.00922515    -0.00000104    -0.00043587    -0.00008166   
  22  -0.00012167    -0.00014176    -0.00000099     0.00000561    -0.00097330     0.00169968   
  23  -0.00014211     0.00012144     0.00000132     0.00000477     0.00111048     0.00114137   
  24   0.00000008     0.00000009     0.00000024     0.00284195     0.00000097    -0.00000829   
  25   0.00001233    -0.00006454    -0.00000016    -0.00000016     0.00000157    -0.00000016   
  26  -0.00000017    -0.00000023    -0.00911379    -0.00000280     0.00060189     0.00011082   
  27  -0.00000008    -0.00000009     0.00000695    -0.00443649    -0.00000282     0.00001280   
  28   0.00000025     0.00000028     0.00332362     0.00000031    -0.00108172    -0.00019985   
  29   0.00164718     0.00034136    -0.00000026    -0.00000041     0.00000489    -0.00010849   
  30   0.00034146    -0.00164585     0.00000005    -0.00000002    -0.00007793     0.00000717   
  31  -0.00000004    -0.00000090     0.00000964    -0.00167725     0.00002581     0.00000352   
  32  -0.00000174    -0.00000071     0.00074909     0.00002154     0.00110832     0.00017067   
  33  -0.00008629    -0.00006143    -0.00001249     0.00000241     0.00059828    -0.00177086   
  34  -0.00006119     0.00008694    -0.00000412    -0.00001395    -0.00121121    -0.00063532   
  35   0.00000050     0.00000037    -0.00000039    -0.00105535     0.00000046     0.00000298   
  36   0.00064828    -0.00001144     0.00000006    -0.00000101    -0.00007362    -0.00061382   
  37  -0.00001049    -0.00064911    -0.00000025    -0.00000016    -0.00045735     0.00018248   
  38  -0.00000041    -0.00000052    -0.01569362     0.00000002     0.00183501     0.00033840   
  39   0.00000019     0.00000017    -0.00000275     0.00828144     0.00000385    -0.00002403   
  40  -0.00000004    -0.00000004    -0.00116797     0.00000007     0.00035334     0.00006531   
  41  -0.00000597    -0.00000114     0.00000001    -0.00000001     0.00000004    -0.00000140   
  42  -0.00000001    -0.00000000    -0.00000016     0.00007867     0.00000000    -0.00000038   
  43   0.00010070     0.00007644    -0.00000013     0.00000064    -0.00006066     0.00015955   
  44   0.00007677    -0.00009983     0.00000022     0.00000033     0.00010871     0.00006396   
  45  -0.00027281    -0.00007001     0.00000001     0.00000034    -0.00000701     0.00008985   
  46  -0.00006973     0.00027219     0.00000007     0.00000001     0.00006467    -0.00000184   
  47  -0.00000047    -0.00000007    -0.00020704     0.00006005    -0.00030466    -0.00006064   
  48   0.00000023    -0.00000049     0.00002606     0.00047788     0.00004127     0.00000610   
  49   0.00005448     0.00004751    -0.00000136     0.00000315    -0.00023938     0.00054820   
  50   0.00004741    -0.00005471    -0.00000056    -0.00000212     0.00036740     0.00026090   
  51  -0.00000003    -0.00000003    -0.00103812     0.00000016    -0.00006558    -0.00001220   
  52  -0.00000004    -0.00000002     0.00000021    -0.00105079    -0.00000042     0.00000309   
  53   0.00000005     0.00000004     0.00154340    -0.00000009    -0.00025478    -0.00004700   
  54  -0.00000001    -0.00000000    -0.00000005    -0.00012388    -0.00000000     0.00000036   
  55   0.00000001     0.00000002     0.00018865    -0.00000006    -0.00006505    -0.00001197   
  56   0.00000097     0.00000142     0.00000002    -0.00000020     0.00004484    -0.00006485   
  57   0.00000143    -0.00000099     0.00000006    -0.00000023    -0.00004145    -0.00005423   
  58   0.00000001     0.00000000    -0.00000039     0.00020084     0.00000004    -0.00000064   
  59   0.00000001     0.00000000     0.00030297     0.00000023     0.00004894     0.00000908   
  60  -0.00000000     0.00000000     0.00000004    -0.00016283     0.00000001     0.00000051   
           13             14             15             16             17             18       
   1  -0.00392159     0.00003801     0.00270064    -0.00000050     0.00000161    -0.00001407   
   2  -0.00003043    -0.00494878     0.00001617     0.00000032    -0.00000188     0.00183083   
   3  -0.00322178     0.00000128     0.00000164     0.00083895    -0.00376407     0.00000006   
   4  -0.00219901     0.00000061    -0.00000047     0.00376696     0.00084032     0.00000019   
   5  -0.00156236    -0.00000437     0.00199655    -0.00000145     0.00000296     0.00000461   
   6  -0.00000496    -0.00673265    -0.00000749     0.00000025    -0.00000467     0.00608732   
   7  -0.03534686    -0.00000218    -0.00001905    -0.00035477    -0.00138725    -0.00000004   
   8  -0.06430651     0.00001629     0.00005494     0.00134239    -0.00033908    -0.00000001   
   9  -0.04040941     0.00270819    -0.76467544     0.00011520    -0.00028852    -0.00000177   
  10   0.00160496     0.86315287     0.00153335    -0.00001068     0.00026780    -0.00073792   
  11   0.33451529     0.41952146    -0.19934151    -0.00025584    -0.00007772     0.00016429   
  12  -0.50428566     0.28004698     0.30244744     0.00005477    -0.00000330     0.00010786   
  13   0.01460365    -0.00008657     0.00013853     0.10599491     0.10861372     0.00000105   
  14  -0.70002674     0.00020774    -0.00006217    -0.10870879     0.10589847    -0.00000014   
  15  -0.09541715     0.00018723     0.00015773     0.95040030    -0.27141995    -0.00000001   
  16  -0.04892093     0.00016709     0.00034438    -0.27141387    -0.95042007     0.00000030   
  17  -0.35352802     0.00060877    -0.53270759     0.00010761    -0.00023635     0.00000256   
  18   0.00000144     0.00066576     0.00000136    -0.00000002     0.00000048     0.99994700   
  19  -0.00086573     0.00000109    -0.00278788     0.00000074    -0.00000167     0.00000195   
  20   0.00000675     0.00882771     0.00000322    -0.00000035     0.00000606    -0.00171232   
  21   0.00044647    -0.00000265     0.00622595    -0.00000235     0.00000510     0.00000003   
  22  -0.00065474     0.00000048    -0.00000038     0.00015453     0.00005752    -0.00000001   
  23   0.00131443    -0.00000007     0.00000010    -0.00005725     0.00015392     0.00000005   
  24  -0.00000343    -0.00578476    -0.00000283     0.00000030    -0.00000356    -0.00441299   
  25   0.00000158     0.00000029     0.00000027    -0.00000104     0.00000063     0.00000009   
  26  -0.00059799    -0.00000009     0.00813617    -0.00000260     0.00000604    -0.00000107   
  27   0.00000652     0.00860947     0.00000034    -0.00000046     0.00000532    -0.00430847   
  28   0.00108473    -0.00000149    -0.00108060     0.00000037    -0.00000102     0.00000243   
  29  -0.00001532     0.00000001    -0.00000001    -0.00000245    -0.00000397    -0.00000012   
  30  -0.00007605    -0.00000002     0.00000002     0.00000356    -0.00000223     0.00000017   
  31  -0.00000332    -0.00030083     0.00000035    -0.00000052     0.00000041    -0.00005891   
  32  -0.00110976     0.00000455     0.00006889    -0.00000086    -0.00000133     0.00000067   
  33   0.00030786     0.00000095    -0.00000079    -0.00008037    -0.00005495     0.00000027   
  34  -0.00131266    -0.00000186    -0.00000054     0.00005523    -0.00007971    -0.00000041   
  35   0.00000054     0.00070660    -0.00000019     0.00000146     0.00000175     0.00339362   
  36  -0.00018622    -0.00000144    -0.00000088     0.00065269     0.00187258    -0.00000268   
  37  -0.00042156    -0.00000003    -0.00000081    -0.00187221     0.00065132     0.00000170   
  38  -0.00183241    -0.00000631     0.01232485    -0.00000395     0.00000957    -0.00000075   
  39  -0.00001075    -0.01655910    -0.00000824     0.00000101    -0.00001037     0.00333239   
  40  -0.00035440    -0.00000058     0.00090075    -0.00000026     0.00000069     0.00000004   
  41  -0.00000020     0.00000003    -0.00000000     0.00000005     0.00000009     0.00000001   
  42  -0.00000002     0.00037016     0.00000043    -0.00000003     0.00000017     0.00077824   
  43  -0.00003089    -0.00000013    -0.00000005     0.00049964     0.00031743    -0.00000002   
  44   0.00011985    -0.00000026    -0.00000033    -0.00031791     0.00049945     0.00000000   
  45   0.00000959    -0.00000002    -0.00000004     0.00003622     0.00005265     0.00000002   
  46   0.00006396    -0.00000002    -0.00000001    -0.00005238     0.00003610    -0.00000002   
  47   0.00030607     0.00001406    -0.00004838     0.00000025     0.00000046    -0.00000292   
  48  -0.00003553     0.00011304     0.00000626     0.00000041    -0.00000043    -0.00002314   
  49  -0.00013366     0.00000054    -0.00000042    -0.00007414    -0.00004091    -0.00000005   
  50   0.00041608    -0.00000072    -0.00000005     0.00004080    -0.00007431     0.00000016   
  51   0.00006672    -0.00000098     0.00105759    -0.00000035     0.00000080     0.00000026   
  52   0.00000126     0.00195866     0.00000109    -0.00000012     0.00000126     0.00051914   
  53   0.00025489     0.00000041    -0.00096385     0.00000032    -0.00000080     0.00000011   
  54   0.00000011     0.00027646     0.00000003    -0.00000002     0.00000017     0.00069186   
  55   0.00006523    -0.00000010     0.00017905    -0.00000000     0.00000003     0.00000020   
  56   0.00003264    -0.00000003     0.00000001     0.00008808     0.00002259     0.00000000   
  57  -0.00005112    -0.00000002     0.00000007    -0.00002256     0.00008808     0.00000002   
  58  -0.00000019    -0.00020693     0.00000004    -0.00000000    -0.00000013    -0.00014994   
  59  -0.00004945    -0.00000006    -0.00031265     0.00000011    -0.00000021    -0.00000031   
  60   0.00000011     0.00024403    -0.00000004    -0.00000001     0.00000016     0.00020095   
           19             20             21             22             23             24       
   1   0.00000966    -0.00004035    -0.00529802     0.00000003    -0.00000006    -0.00002474   
   2   0.00000009     0.00555943    -0.00003749     0.00000003     0.00000006     0.00331883   
   3   0.00000000     0.00000016     0.00000017    -0.00001086    -0.00034372     0.00000010   
   4  -0.00000003     0.00000045    -0.00000042     0.00034418    -0.00001067     0.00000029   
   5  -0.00387547     0.00000342    -0.00385887    -0.00000001    -0.00000006    -0.00000105   
   6   0.00000565     0.00376649     0.00000616    -0.00000001     0.00000006    -0.00004064   
   7   0.00000003    -0.00000036     0.00000021    -0.00019220    -0.00035222    -0.00000012   
   8   0.00000002     0.00000011    -0.00000103     0.00035259    -0.00019247     0.00000001   
   9  -0.00133483    -0.00001737     0.00748755    -0.00000149     0.00000060    -0.00000914   
  10   0.00000381    -0.00778998    -0.00001983    -0.00000190    -0.00000071    -0.00419704   
  11   0.00004184     0.00143414    -0.00096607     0.00000460     0.00000057    -0.00015883   
  12  -0.00006090     0.00093864     0.00144343    -0.00000091     0.00000296    -0.00011215   
  13   0.00000065     0.00001051    -0.00000495    -0.00170165    -0.00103685     0.00000343   
  14  -0.00000088    -0.00000149     0.00000745     0.00103743    -0.00170171    -0.00000084   
  15  -0.00000037    -0.00000000     0.00000254     0.00040008    -0.00023334     0.00000006   
  16  -0.00000022     0.00000316     0.00000147    -0.00023377    -0.00039923     0.00000155   
  17  -0.00223582     0.00000084    -0.00169829     0.00000000    -0.00000006    -0.00000072   
  18  -0.00000191     0.00130770     0.00000022    -0.00000001     0.00000004    -0.00510565   
  19   0.99902754    -0.00000922    -0.02948018     0.00000015    -0.00000006    -0.00000412   
  20   0.00001693     0.98865193     0.00018073     0.00000464    -0.00000384     0.05505455   
  21   0.03366026    -0.00018476     0.98943952    -0.00000551    -0.00000470     0.00001016   
  22  -0.00000007     0.00000413    -0.00000583    -0.99442403    -0.10533391     0.00000118   
  23  -0.00000030    -0.00000369    -0.00000361     0.10533390    -0.99442404    -0.00000366   
  24  -0.00000616     0.07446237     0.00003344    -0.00000132     0.00000370    -0.98619311   
  25   0.00000061    -0.00000364    -0.00000301     0.00007698    -0.00007812    -0.00002107   
  26   0.02081381    -0.00002245    -0.10398596    -0.00000053    -0.00000300    -0.00012580   
  27   0.00000008    -0.08289126     0.00002125     0.00000008    -0.00000179    -0.13560065   
  28   0.00153672     0.00000760     0.02353265    -0.00000007     0.00000047     0.00001743   
  29  -0.00000014    -0.00000031    -0.00000113    -0.00018143    -0.00017383    -0.00000025   
  30   0.00000001     0.00000041     0.00000032     0.00017239    -0.00018015     0.00000043   
  31  -0.00000017     0.00216101    -0.00003837     0.00001838    -0.00001109     0.00015369   
  32  -0.00000400    -0.00002759    -0.00305605     0.00003816     0.00002473    -0.00000268   
  33   0.00000006    -0.00001064     0.00005318     0.00238203     0.00087474    -0.00000043   
  34   0.00000001     0.00001448     0.00001243    -0.00087601     0.00238231     0.00000106   
  35   0.00000202    -0.00022630     0.00000102     0.00000323     0.00000138     0.00271963   
  36  -0.00000006    -0.00000042     0.00000005     0.00205663     0.00309830    -0.00000257   
  37   0.00000002     0.00000018    -0.00000086    -0.00309921     0.00205512     0.00000172   
  38   0.01809678     0.00002710    -0.09178785     0.00000016    -0.00000135     0.00000218   
  39  -0.00000874     0.09919474     0.00003146     0.00000018     0.00000134     0.07640093   
  40   0.00293335     0.00000573    -0.01025992     0.00000004    -0.00000013     0.00000332   
  41  -0.00000004    -0.00000033     0.00000007    -0.00000026    -0.00000025    -0.00000033   
  42   0.00000264    -0.00466664    -0.00000412    -0.00000001    -0.00000005    -0.00480654   
  43   0.00000005     0.00000036    -0.00000032     0.00056717     0.00018512     0.00000028   
  44  -0.00000004    -0.00000008     0.00000014    -0.00018537     0.00056701    -0.00000004   
  45   0.00000003     0.00000007     0.00000004     0.00011224     0.00009799    -0.00000002   
  46  -0.00000003    -0.00000003    -0.00000000    -0.00009770     0.00011218     0.00000003   
  47  -0.00003858    -0.00004608     0.00040081     0.00000198     0.00000193    -0.00002747   
  48   0.00000490    -0.00036589    -0.00005052     0.00000160    -0.00000262    -0.00021866   
  49  -0.00000025    -0.00000130     0.00000242    -0.00040337    -0.00010396    -0.00000082   
  50  -0.00000013     0.00000236     0.00000148     0.00010414    -0.00040325     0.00000141   
  51   0.00075012     0.00000362    -0.00677068    -0.00000000    -0.00000008     0.00000062   
  52   0.00000212    -0.01290806    -0.00000480    -0.00000004    -0.00000014    -0.00884293   
  53  -0.00401095    -0.00000297     0.00883499    -0.00000003     0.00000010    -0.00000060   
  54   0.00000031    -0.00179538    -0.00000021    -0.00000001    -0.00000001    -0.00092237   
  55   0.00004664    -0.00000010    -0.00029753     0.00000008    -0.00000028     0.00000049   
  56  -0.00000001     0.00000002     0.00000000     0.00050294     0.00000009    -0.00000002   
  57   0.00000009    -0.00000026    -0.00000038    -0.00000014     0.00050279    -0.00000017   
  58   0.00000035     0.00164211    -0.00000101    -0.00000002     0.00000011     0.00161557   
  59  -0.00091000     0.00000127     0.00218130     0.00000001     0.00000009     0.00000125   
  60  -0.00000001    -0.00158562     0.00000024     0.00000000    -0.00000004    -0.00071920   
           25             26             27             28             29             30       
   1   0.00000009     0.00737820    -0.00004753     0.00303546    -0.00000020     0.00000004   
   2  -0.00000023     0.00005060     0.00696487     0.00002117     0.00000006    -0.00000008   
   3  -0.00000537    -0.00000026     0.00000023    -0.00000015     0.00003351     0.00003255   
   4  -0.00000564     0.00000062     0.00000061     0.00000024    -0.00003290     0.00003305   
   5   0.00000003     0.00350464     0.00000683     0.00384879    -0.00000030     0.00000006   
   6  -0.00000005    -0.00000774     0.00542617    -0.00000606     0.00000010    -0.00000014   
   7   0.00001891    -0.00000020    -0.00000025    -0.00000024    -0.00159196    -0.00050727   
   8   0.00006296     0.00000099     0.00000004     0.00000048     0.00050737    -0.00159045   
   9  -0.00000008    -0.00843929    -0.00002051    -0.00262668     0.00000029    -0.00000025   
  10   0.00000029     0.00002205    -0.00716876     0.00000591     0.00000008     0.00000001   
  11  -0.00000001     0.00002158    -0.00012469    -0.00025789    -0.00000018     0.00000016   
  12   0.00000002    -0.00001836    -0.00009403     0.00039290    -0.00000011    -0.00000012   
  13   0.00000197     0.00000391     0.00000620     0.00000088     0.00006405    -0.00001433   
  14  -0.00000840    -0.00000490    -0.00000147    -0.00000066     0.00001382     0.00006474   
  15  -0.00000239    -0.00000254     0.00000010    -0.00000069     0.00000874    -0.00003024   
  16  -0.00000065    -0.00000159     0.00000262    -0.00000048    -0.00003060    -0.00000871   
  17  -0.00000009     0.00096032     0.00000206     0.00220403    -0.00000026     0.00000012   
  18   0.00000023    -0.00000007     0.00294500    -0.00000185     0.00000013    -0.00000020   
  19   0.00000030     0.01964049     0.00000033     0.00020881     0.00000004     0.00000002   
  20  -0.00000361    -0.00004660     0.06962439    -0.00001185     0.00000049    -0.00000072   
  21  -0.00000122    -0.08004893    -0.00003175    -0.02739566     0.00000193    -0.00000047   
  22  -0.00006861     0.00000130     0.00000035     0.00000022    -0.00023963     0.00018360   
  23   0.00008615     0.00000284    -0.00000221     0.00000082    -0.00018496    -0.00023817   
  24   0.00001916     0.00012187    -0.11374810     0.00002298    -0.00000061     0.00000104   
  25  -0.99999992    -0.00001413     0.00000750    -0.00000271     0.00000618    -0.00037410   
  26   0.00001526    -0.96799208    -0.00009535    -0.12761829     0.00000919    -0.00000249   
  27   0.00001138    -0.00009231     0.96974297     0.00004803     0.00000384    -0.00000613   
  28  -0.00000102    -0.14644465    -0.00006022     0.98590085    -0.00001801     0.00000122   
  29   0.00000575     0.00000759    -0.00000417     0.00001994     0.99978533     0.00111019   
  30  -0.00037297    -0.00000252     0.00000646    -0.00000168    -0.00111061     0.99978261   
  31  -0.00000041     0.00008842    -0.00217541    -0.00033606     0.00001250    -0.00006150   
  32  -0.00000011     0.00707587     0.00002902    -0.02660475     0.00014330    -0.00002580   
  33  -0.00001888    -0.00012166     0.00001172     0.00046255     0.00689212    -0.00304750   
  34   0.00004181    -0.00003005    -0.00001446     0.00010526     0.00300338     0.00701527   
  35  -0.00000035    -0.00001737     0.04528357    -0.00005036    -0.00001827     0.00001164   
  36   0.00001505    -0.00000043    -0.00003767    -0.00000185    -0.01863195    -0.00424261   
  37   0.00007189     0.00000320     0.00002445     0.00000483     0.00420532    -0.01871354   
  38   0.00000203     0.18419713     0.00013629     0.10052658    -0.00000684     0.00000172   
  39  -0.00000540    -0.00010914     0.19823716    -0.00004192     0.00000179    -0.00000280   
  40   0.00000024     0.01886915     0.00001591     0.00739970    -0.00000049     0.00000011   
  41   0.00000002    -0.00000013    -0.00000040    -0.00000007    -0.00012223    -0.00000190   
  42   0.00000029     0.00000787    -0.00568366     0.00000385    -0.00000012     0.00000018   
  43   0.00001414     0.00000044     0.00000043    -0.00000002    -0.00061865     0.00029713   
  44  -0.00002834    -0.00000026     0.00000002    -0.00000018    -0.00029673    -0.00062075   
  45   0.00000147    -0.00000010     0.00000010     0.00000018     0.00181068    -0.00008177   
  46  -0.00002346     0.00000005    -0.00000005    -0.00000010     0.00008285     0.00181046   
  47  -0.00000000    -0.00049257    -0.00002111     0.00035124    -0.00000012     0.00000004   
  48   0.00000000     0.00006219    -0.00016741    -0.00004407     0.00000001     0.00000006   
  49   0.00000107    -0.00000307    -0.00000084     0.00000179     0.00000762    -0.00000462   
  50  -0.00000186    -0.00000175     0.00000101     0.00000166     0.00000422     0.00000818   
  51   0.00000011     0.01037245     0.00000900     0.00335682    -0.00000011    -0.00000001   
  52   0.00000059     0.00001163    -0.01671194     0.00000367    -0.00000011     0.00000020   
  53  -0.00000017    -0.01268463    -0.00000890    -0.00664221     0.00000052    -0.00000016   
  54   0.00000006     0.00000022    -0.00173216     0.00000041    -0.00000003     0.00000007   
  55  -0.00000001    -0.00039747    -0.00000002     0.00128805    -0.00000018    -0.00000003   
  56  -0.00000286     0.00000006     0.00000003    -0.00000009     0.00009971    -0.00009543   
  57   0.00000290    -0.00000001    -0.00000031     0.00000101     0.00009527     0.00010000   
  58  -0.00000010     0.00000112     0.00160926    -0.00000001     0.00000000     0.00000002   
  59  -0.00000004    -0.00303312     0.00000025    -0.00091532     0.00000007    -0.00000002   
  60   0.00000005     0.00000010    -0.00194834     0.00000013    -0.00000001     0.00000001   
           31             32             33             34             35             36       
   1   0.00000240    -0.00023741    -0.00000205    -0.00000058     0.00000023     0.00000011   
   2   0.00028323     0.00000344    -0.00000178     0.00000062    -0.00000674    -0.00000009   
   3  -0.00000043    -0.00000075     0.00001475     0.00022966    -0.00000006     0.00107982   
   4  -0.00000146     0.00000187    -0.00022975     0.00001481     0.00000006    -0.00012833   
   5  -0.00000471     0.00025265     0.00000210     0.00000070    -0.00000163     0.00000006   
   6  -0.00006837    -0.00000153     0.00000044    -0.00000012    -0.00184441    -0.00000013   
   7  -0.00000023     0.00000066    -0.00004887    -0.00008275    -0.00000010     0.00069207   
   8   0.00000072    -0.00000074     0.00008304    -0.00004885     0.00000014     0.00025339   
   9  -0.00001055     0.00057449     0.00000365     0.00000207    -0.00000116     0.00000034   
  10  -0.00057150    -0.00001394     0.00000186    -0.00000189    -0.00075950    -0.00000028   
  11   0.00133859    -0.00087839    -0.00001145     0.00000102     0.00050279    -0.00000038   
  12   0.00085085     0.00137560     0.00000537     0.00000821     0.00033242    -0.00000096   
  13  -0.00000471     0.00001490    -0.00163496    -0.00092331     0.00000175     0.00051744   
  14   0.00000969    -0.00000017     0.00092537    -0.00163623    -0.00000009     0.00061889   
  15   0.00000194    -0.00000143     0.00028224    -0.00017736    -0.00000010    -0.00069804   
  16  -0.00000008     0.00000224    -0.00017728    -0.00028113     0.00000051    -0.00175495   
  17  -0.00000338     0.00018157     0.00000155     0.00000048    -0.00000068    -0.00000001   
  18   0.00013566     0.00000262    -0.00000076     0.00000041    -0.00352097    -0.00000021   
  19  -0.00000260     0.00015051     0.00000127     0.00000041    -0.00000158    -0.00000005   
  20  -0.00192133    -0.00003585     0.00001182    -0.00000444    -0.00351486    -0.00000054   
  21   0.00004716    -0.00254911    -0.00002141    -0.00000694    -0.00000270    -0.00000033   
  22   0.00001645    -0.00002283     0.00263644     0.00019099     0.00000037    -0.00092143   
  23  -0.00000712    -0.00000529    -0.00019228     0.00263636     0.00000027    -0.00352648   
  24  -0.00042750    -0.00000767     0.00000280    -0.00000108     0.00817695     0.00000066   
  25  -0.00000029     0.00000013    -0.00003439     0.00003739    -0.00000062    -0.00003914   
  26   0.00004752    -0.00260446    -0.00002044    -0.00000797    -0.00001905    -0.00000087   
  27   0.00322319     0.00006058    -0.00001978     0.00000819    -0.04413157    -0.00000322   
  28   0.00050648    -0.02755801    -0.00023126    -0.00007235     0.00004901     0.00000026   
  29  -0.00001870     0.00006695    -0.00521176    -0.00467582     0.00000322    -0.01527990   
  30   0.00004151    -0.00002647     0.00475387    -0.00531090    -0.00000624    -0.01185123   
  31   0.99976412     0.00579724     0.00074431    -0.00234947     0.02044623    -0.00008129   
  32   0.00580276    -0.99954749     0.00683957     0.00662318    -0.00029470     0.00031446   
  33  -0.00002167     0.00857275     0.94909260     0.31362713    -0.00008314     0.01289702   
  34   0.00244193     0.00415660    -0.31366652     0.94910389     0.00014806     0.02356491   
  35  -0.02032390    -0.00040978     0.00013279    -0.00005597     0.99874674    -0.00044482   
  36   0.00007273    -0.00018879     0.01562743     0.02198149    -0.00070656    -0.90597528   
  37  -0.00018777     0.00015232    -0.02200396     0.01569095     0.00046613    -0.42200480   
  38  -0.00003062     0.00173277     0.00001299     0.00000616     0.00000137     0.00000147   
  39   0.00024403     0.00000336    -0.00000240    -0.00000018    -0.00591960    -0.00000208   
  40   0.00001345    -0.00069449    -0.00000607    -0.00000164     0.00000011     0.00000005   
  41  -0.00000003    -0.00000003     0.00000340     0.00000314     0.00000010     0.00002931   
  42  -0.00101293    -0.00001934     0.00000627    -0.00000232     0.00196891     0.00000002   
  43  -0.00000029     0.00000051    -0.00005568    -0.00001565    -0.00000010     0.00060191   
  44   0.00000021    -0.00000001     0.00001685    -0.00005621    -0.00000009     0.00120306   
  45  -0.00000013     0.00000028    -0.00002774    -0.00002252     0.00000009    -0.00041948   
  46   0.00000025    -0.00000008     0.00002325    -0.00002838    -0.00000014    -0.00035750   
  47  -0.00005987     0.00043372     0.00000657     0.00000342    -0.00006803    -0.00000408   
  48  -0.00041037    -0.00006225     0.00000398    -0.00000450    -0.00054019     0.00000437   
  49  -0.00000425     0.00000700    -0.00051577    -0.00011436    -0.00000155     0.00029730   
  50   0.00000461     0.00000231     0.00011588    -0.00051617     0.00000362     0.00070014   
  51  -0.00001435     0.00075224     0.00000638     0.00000203     0.00000035     0.00000022   
  52   0.00032099     0.00000601    -0.00000195     0.00000082     0.00059389     0.00000031   
  53   0.00000125    -0.00007084    -0.00000051    -0.00000031    -0.00000020    -0.00000016   
  54  -0.00022989    -0.00000431     0.00000139    -0.00000055     0.00155379     0.00000005   
  55   0.00000307    -0.00017336    -0.00000150    -0.00000048     0.00000101     0.00000092   
  56   0.00000051    -0.00000063     0.00007392    -0.00000251     0.00000007    -0.00025691   
  57  -0.00000009    -0.00000027     0.00000233     0.00007398     0.00000010    -0.00169938   
  58  -0.00026547    -0.00000476     0.00000163    -0.00000064     0.00072375    -0.00000029   
  59   0.00000270    -0.00015011    -0.00000128    -0.00000042    -0.00000003    -0.00000025   
  60   0.00001560     0.00000027    -0.00000010     0.00000005     0.00007499     0.00000009   
           37             38             39       
   1  -0.00000003    -0.01998401     0.01969043   
   2   0.00000002     0.01945429     0.01975110   
   3  -0.00012899     0.00000123    -0.00000009   
   4  -0.00108041     0.00000002     0.00000337   
   5  -0.00000010    -0.01130880     0.01132490   
   6  -0.00000016     0.01229044     0.01226164   
   7   0.00025174    -0.00000001    -0.00000098   
   8  -0.00069283    -0.00000185     0.00000208   
   9   0.00000017     0.01575840    -0.01582493   
  10   0.00000038    -0.01517621    -0.01511509   
  11  -0.00000125    -0.00020964    -0.00096065   
  12   0.00000042    -0.00100521     0.00017957   
  13   0.00061915     0.00000547     0.00001918   
  14  -0.00051948     0.00000452    -0.00001101   
  15   0.00175443     0.00000508    -0.00000431   
  16  -0.00069960     0.00000881     0.00000246   
  17   0.00000000    -0.00419970     0.00420236   
  18  -0.00000024     0.00236912     0.00236851   
  19  -0.00000006    -0.01824405     0.01822442   
  20  -0.00000076     0.08457229     0.08458956   
  21   0.00000086     0.07864278    -0.07861710   
  22  -0.00352806    -0.00000039     0.00000075   
  23   0.00092042    -0.00000341    -0.00000008   
  24   0.00000113    -0.06587449    -0.06586757   
  25   0.00005232     0.00000693     0.00000021   
  26   0.00000299     0.13160079    -0.13148766   
  27  -0.00000495     0.12547440     0.12564455   
  28  -0.00000390    -0.05035984     0.05030890   
  29  -0.01178030     0.00000306    -0.00000168   
  30   0.01534098    -0.00000172    -0.00000032   
  31   0.00021545    -0.00005080    -0.00010036   
  32   0.00036628     0.00201257    -0.00200809   
  33   0.02353741    -0.00003472     0.00003394   
  34  -0.01295829    -0.00001007     0.00000830   
  35  -0.00072192     0.00225049     0.00224955   
  36  -0.42200751    -0.00000038    -0.00000029   
  37   0.90597352     0.00000262    -0.00000149   
  38  -0.00000375     0.66758533    -0.66757012   
  39  -0.00000260    -0.67070520    -0.67071648   
  40  -0.00000032     0.09186727    -0.09190429   
  41   0.00002194     0.00000213     0.00000367   
  42   0.00000030     0.04293837     0.04287455   
  43   0.00120256     0.00000003    -0.00000682   
  44  -0.00060674     0.00000021     0.00000228   
  45  -0.00035600    -0.00000077    -0.00000046   
  46   0.00042108     0.00000045     0.00000050   
  47  -0.00000289    -0.00096152     0.00109566   
  48  -0.00000353     0.00066613     0.00040660   
  49   0.00070026    -0.00000383     0.00001231   
  50  -0.00029864    -0.00000446    -0.00000084   
  51  -0.00000014     0.06889634    -0.06893064   
  52   0.00000014     0.13107876     0.13106117   
  53   0.00000021    -0.10686937     0.10686623   
  54   0.00000013     0.02716364     0.02716880   
  55  -0.00000042     0.00149351    -0.00148335   
  56  -0.00170010     0.00000007     0.00000136   
  57   0.00025714     0.00000707     0.00000011   
  58   0.00000014    -0.03537085    -0.03544984   
  59   0.00000000    -0.05081670     0.05073396   
  60  -0.00000002     0.03316260     0.03319379   

 -----------------------------------------------------------------------------------------------
  Virtual Orbital Coefficients
 -----------------------------------------------------------------------------------------------
           40             41             42             43             44             45       
   1  -0.00089935     0.00000001    -0.00000560     0.00000005    -0.00000009     0.00000001   
   2  -0.00000699     0.00000047     0.00069111     0.00000003     0.00000010    -0.00000002   
   3   0.00000001    -0.00000271     0.00000000     0.00004467    -0.00076221     0.00004368   
   4  -0.00000007     0.00000258     0.00000003    -0.00076252    -0.00004434     0.00004748   
   5   0.00026837    -0.00000001    -0.00000030    -0.00000002    -0.00000001    -0.00000000   
   6   0.00000002    -0.00000042    -0.00064666    -0.00000000    -0.00000001     0.00000005   
   7   0.00000004     0.00000979    -0.00000005     0.00004774    -0.00008174    -0.00008075   
   8  -0.00000019    -0.00000297     0.00000001    -0.00008132    -0.00004706    -0.00028630   
   9   0.00138420    -0.00000001    -0.00000120    -0.00000014    -0.00000017    -0.00000001   
  10  -0.00000268    -0.00000065    -0.00096363    -0.00000016     0.00000017     0.00000003   
  11  -0.00010654     0.00000010     0.00015932     0.00000031    -0.00000001    -0.00000005   
  12   0.00015801     0.00000006     0.00010431    -0.00000006    -0.00000014     0.00000002   
  13  -0.00000079     0.00000494     0.00000126    -0.00008288     0.00004745     0.00000791   
  14   0.00000114     0.00000116    -0.00000018     0.00004782     0.00008338    -0.00003133   
  15   0.00000045    -0.00000065     0.00000001     0.00052930     0.00032886    -0.00003999   
  16   0.00000028     0.00000239     0.00000038    -0.00032850     0.00052887    -0.00001003   
  17  -0.00020700    -0.00000000    -0.00000004     0.00000000     0.00000001     0.00000000   
  18  -0.00000002     0.00000065     0.00101099    -0.00000003     0.00000004    -0.00000003   
  19   0.00027553    -0.00000002     0.00000097    -0.00000003    -0.00000000    -0.00000001   
  20  -0.00000077     0.00000143     0.00209256    -0.00000018     0.00000009     0.00000004   
  21   0.00326833    -0.00000003     0.00000245     0.00000016     0.00000009    -0.00000002   
  22  -0.00000005     0.00000495     0.00000001    -0.00061111     0.00004802     0.00008151   
  23  -0.00000009     0.00000394    -0.00000007     0.00004812     0.00061089    -0.00009875   
  24  -0.00000063    -0.00000049    -0.00069168     0.00000018    -0.00000006    -0.00000010   
  25   0.00000016    -0.00000002     0.00000010    -0.00002239    -0.00002396     0.00002122   
  26   0.00733550    -0.00000007     0.00000699     0.00000045     0.00000023    -0.00000007   
  27  -0.00000874     0.00000441     0.00642022    -0.00000056     0.00000023     0.00000002   
  28  -0.00545932     0.00000001    -0.00000259    -0.00000038    -0.00000006    -0.00000010   
  29   0.00000027    -0.00022171     0.00000008    -0.00046010     0.00041750    -0.00005912   
  30  -0.00000010    -0.00000320     0.00000007     0.00041962     0.00046290     0.00185292   
  31   0.00001388    -0.00000064    -0.00098828    -0.00000013    -0.00000013     0.00000026   
  32   0.00105859     0.00000012     0.00001333    -0.00000034     0.00000022     0.00000006   
  33  -0.00001843     0.00000636     0.00000492    -0.00002344     0.00000744     0.00001017   
  34  -0.00000423     0.00000289    -0.00000657     0.00000856     0.00002399    -0.00002137   
  35   0.00000012     0.00000123     0.00193918    -0.00000106     0.00000053    -0.00000035   
  36   0.00000006    -0.00006270    -0.00000135    -0.00073910     0.00105266     0.00011270   
  37   0.00000019     0.00001315     0.00000109     0.00105571     0.00074324     0.00058755   
  38   0.13899770    -0.00000078     0.00004587     0.00000430     0.00000381    -0.00000024   
  39   0.00003184    -0.00004186    -0.06073628     0.00000471    -0.00000362    -0.00000036   
  40  -0.98953844    -0.00000202    -0.00001348     0.00000147    -0.00000021    -0.00000180   
  41   0.00000173    -0.99857254     0.00061203    -0.00011679     0.00011030     0.00096820   
  42   0.00001751    -0.00061084    -0.99765625    -0.00000251    -0.00001318     0.00001413   
  43  -0.00000072    -0.00216883    -0.00000139    -0.95746101     0.28436596    -0.02210968   
  44  -0.00000065    -0.00108171    -0.00001215     0.28439860     0.95746874     0.04251266   
  45  -0.00000226     0.05324910    -0.00002554    -0.03732529     0.03092263     0.07861439   
  46   0.00000175     0.00323565    -0.00001642     0.03036977     0.03691951    -0.99545102   
  47   0.00283118    -0.00000674    -0.00171720     0.00000462     0.00004037     0.00000276   
  48  -0.00035428    -0.00000670    -0.01370383     0.00000702    -0.00005253     0.00019491   
  49   0.00001540     0.00068766    -0.00003542     0.00558474    -0.00132018    -0.01263296   
  50   0.00001231     0.00039866     0.00009273    -0.00123773    -0.00556836     0.02088688   
  51   0.00991227    -0.00000117     0.00001258     0.00000894    -0.00002396     0.00000900   
  52   0.00001287     0.00000639     0.01372471    -0.00000245    -0.00001573    -0.00000385   
  53   0.03533007    -0.00000063    -0.00001136     0.00000094     0.00000780     0.00000246   
  54   0.00001025    -0.00001455    -0.02244862     0.00000072    -0.00000077     0.00000128   
  55  -0.00235517     0.00000001     0.00000104    -0.00000076    -0.00000355    -0.00000047   
  56   0.00000033    -0.00003647    -0.00000020    -0.00584540    -0.00015624    -0.00026092   
  57  -0.00000170    -0.00003595    -0.00000047    -0.00015702     0.00584333     0.00025596   
  58  -0.00000605     0.00000468     0.00705886    -0.00000016     0.00000114    -0.00000018   
  59   0.00589788    -0.00000006     0.00000729     0.00000002     0.00000093     0.00000016   
  60   0.00000211     0.00000161     0.00247774    -0.00000001    -0.00000035    -0.00000003   
           46             47             48             49             50             51       
   1   0.00000000     0.00008230    -0.00005193     0.00000033    -0.00000046    -0.00060468   
   2   0.00000001     0.00005225     0.00008280     0.00000038     0.00000043    -0.00000465   
   3   0.00004701    -0.00000006     0.00000025    -0.00000043    -0.00002725     0.00000007   
   4  -0.00004322     0.00000003     0.00000001    -0.00002722     0.00000044    -0.00000006   
   5  -0.00000000    -0.00009104     0.00005639    -0.00000030     0.00000055    -0.00105099   
   6  -0.00000004    -0.00005382    -0.00008693    -0.00000035    -0.00000049     0.00000078   
   7  -0.00028681    -0.00000002     0.00000000     0.00000098    -0.00000235     0.00000003   
   8   0.00008110     0.00000004     0.00000001    -0.00000244    -0.00000134    -0.00000011   
   9   0.00000001    -0.00011346     0.00007059    -0.00000089     0.00000050     0.00088811   
  10  -0.00000003    -0.00007169    -0.00011723    -0.00000105    -0.00000040    -0.00000124   
  11   0.00000006     0.00042793     0.00019507     0.00000362     0.00000031     0.00010089   
  12   0.00000002    -0.00019661     0.00042749    -0.00000064     0.00000231    -0.00015329   
  13  -0.00002994     0.00000377    -0.00000093    -0.00051526     0.00034826    -0.00000028   
  14  -0.00000764    -0.00000143    -0.00000330     0.00034909     0.00051565     0.00000021   
  15   0.00000998    -0.00000010    -0.00000007     0.00001405     0.00000727     0.00000023   
  16  -0.00003974     0.00000009    -0.00000006    -0.00000724     0.00001373     0.00000016   
  17  -0.00000001    -0.00004626     0.00002867    -0.00000014     0.00000028    -0.00050443   
  18   0.00000002    -0.00001882    -0.00003031    -0.00000009    -0.00000019     0.00000014   
  19   0.00000002    -0.00004474     0.00002778    -0.00000012     0.00000029    -0.00123017   
  20  -0.00000003    -0.00018623    -0.00029989    -0.00000106    -0.00000179    -0.00000239   
  21   0.00000002     0.00028977    -0.00017984     0.00000087    -0.00000181     0.00477126   
  22  -0.00009888    -0.00000197    -0.00000015     0.00040265    -0.00006186    -0.00000003   
  23  -0.00008174    -0.00000040     0.00000268    -0.00006223    -0.00040251    -0.00000015   
  24   0.00000010     0.00008960     0.00014426     0.00000045     0.00000093     0.00000207   
  25   0.00000034     0.00000001     0.00000000    -0.00000207    -0.00000192     0.00000030   
  26   0.00000003     0.00026186    -0.00016253     0.00000050    -0.00000183     0.01178895   
  27  -0.00000004    -0.00005242    -0.00008424     0.00000007    -0.00000078    -0.00001269   
  28   0.00000018     0.00033726    -0.00020943     0.00000149    -0.00000183    -0.00665466   
  29   0.00184420    -0.00000028     0.00000017     0.00002869    -0.00003023     0.00000039   
  30   0.00006031     0.00000016     0.00000022    -0.00002910    -0.00002768    -0.00000015   
  31  -0.00000006    -0.00022395    -0.00034937    -0.00000528    -0.00000398    -0.00000557   
  32  -0.00000037    -0.00039158     0.00024925    -0.00000885     0.00000766    -0.00039056   
  33  -0.00001977     0.00001043    -0.00000318    -0.00047057     0.00019802     0.00000697   
  34  -0.00000940     0.00000002    -0.00000665     0.00019953     0.00047099     0.00000137   
  35   0.00000056    -0.00029958    -0.00048244    -0.00000260    -0.00000239     0.00000041   
  36   0.00058482     0.00000304    -0.00000352    -0.00039455     0.00066115    -0.00000021   
  37  -0.00011164    -0.00000227    -0.00000372     0.00066256     0.00039604     0.00000018   
  38  -0.00000026     0.00070689    -0.00043702    -0.00000249    -0.00000720     0.12523056   
  39   0.00000073     0.00033545     0.00053802    -0.00000194     0.00000600     0.00004145   
  40   0.00000172    -0.00256295     0.00158938    -0.00001011     0.00001454     0.01468622   
  41  -0.05335535     0.00001039    -0.00000919    -0.00147399     0.00159722     0.00000134   
  42  -0.00000617     0.00729914     0.01177084     0.00004553     0.00006678    -0.00000989   
  43   0.04304270    -0.00001675    -0.00002162    -0.00421240     0.00160296    -0.00001488   
  44   0.02245765     0.00001746    -0.00004460     0.00160011     0.00421663    -0.00002220   
  45  -0.99395969     0.00012828    -0.00009731    -0.01869002     0.01805531     0.00000766   
  46  -0.07854603    -0.00005250    -0.00015831     0.01700124     0.01786448    -0.00000838   
  47  -0.00018563    -0.90858808     0.41715095     0.00093733    -0.00060910     0.02017860   
  48   0.00004645    -0.41722945    -0.90868576     0.00100167     0.00091772    -0.00252560   
  49   0.02210847    -0.00126530    -0.00017486    -0.95505548     0.29526883     0.00011022   
  50   0.01334231     0.00021261     0.00119618     0.29530396     0.95506292     0.00008938   
  51  -0.00000921    -0.01786768     0.01107753    -0.00006647     0.00010578    -0.97424184   
  52   0.00000327     0.00160570     0.00258218     0.00000752     0.00001652     0.00009390   
  53  -0.00000305    -0.00098314     0.00061205    -0.00000838     0.00000323     0.18515583   
  54  -0.00000103    -0.00033463    -0.00053910    -0.00000297    -0.00000255    -0.00000651   
  55   0.00000014     0.00082495    -0.00051290     0.00000334    -0.00000431    -0.00275820   
  56   0.00025469    -0.00000365    -0.00000074     0.00067982    -0.00003229     0.00000060   
  57   0.00026040    -0.00000042     0.00000398    -0.00003248    -0.00067986    -0.00000258   
  58   0.00000016    -0.00058167    -0.00093526    -0.00000378    -0.00000528    -0.00000265   
  59  -0.00000013     0.00059857    -0.00037222     0.00000207    -0.00000357     0.00635151   
  60  -0.00000002     0.00005709     0.00009186     0.00000036     0.00000050     0.00000636   
           52             53             54             55             56             57       
   1  -0.00000909    -0.00105231     0.00000377    -0.00000001     0.00000041    -0.00010393   
   2   0.00118151    -0.00000785    -0.00050118     0.00000001     0.00000010    -0.00000058   
   3   0.00000007     0.00000004    -0.00000002     0.00000210    -0.00007916    -0.00000036   
   4   0.00000012    -0.00000009    -0.00000005    -0.00007914    -0.00000209    -0.00000001   
   5   0.00000058    -0.00033031    -0.00000028    -0.00000004     0.00000120    -0.00027179   
   6   0.00101377     0.00000051    -0.00041894    -0.00000000     0.00000006     0.00000060   
   7  -0.00000006     0.00000003     0.00000002    -0.00000379     0.00000706     0.00000004   
   8   0.00000002    -0.00000018    -0.00000000     0.00000709     0.00000384     0.00000001   
   9  -0.00000332     0.00135894     0.00000100    -0.00000005     0.00000020    -0.00002848   
  10  -0.00160815    -0.00000270     0.00045124    -0.00000007    -0.00000010    -0.00000006   
  11  -0.00011660     0.00001863     0.00000904     0.00000020     0.00000010    -0.00002941   
  12  -0.00007996    -0.00003033     0.00000671    -0.00000003    -0.00000036     0.00004441   
  13   0.00000120    -0.00000060    -0.00000039    -0.00008125     0.00005001     0.00000021   
  14  -0.00000034     0.00000072     0.00000010     0.00005013     0.00008127     0.00000045   
  15   0.00000003     0.00000040    -0.00000001    -0.00006068    -0.00003506    -0.00000015   
  16   0.00000057     0.00000026    -0.00000017     0.00003509    -0.00006071    -0.00000030   
  17   0.00000005    -0.00008563    -0.00000023    -0.00000004     0.00000118    -0.00026197   
  18   0.00121273    -0.00000012    -0.00077095     0.00000000     0.00000006     0.00000016   
  19  -0.00000035     0.00084371     0.00000009    -0.00000000    -0.00000012     0.00001546   
  20   0.00822295    -0.00000016    -0.00249822    -0.00000004     0.00000057     0.00000046   
  21   0.00000272     0.00639124    -0.00000051     0.00000000     0.00000170    -0.00029692   
  22   0.00000003    -0.00000007    -0.00000001     0.00048985    -0.00005424    -0.00000035   
  23  -0.00000022    -0.00000016     0.00000007    -0.00005431    -0.00048970    -0.00000228   
  24  -0.00799068    -0.00000094     0.00250755     0.00000000    -0.00000048    -0.00000087   
  25   0.00000048     0.00000034    -0.00000014    -0.00000300    -0.00000301    -0.00000000   
  26   0.00001120     0.01431482    -0.00000248     0.00000006    -0.00000012     0.00017977   
  27   0.01988017    -0.00000936    -0.00484023    -0.00000004     0.00000108     0.00000085   
  28  -0.00000608    -0.00513317     0.00000053     0.00000016    -0.00000661     0.00138479   
  29   0.00000015     0.00000015    -0.00000001    -0.00012560     0.00012150     0.00000047   
  30  -0.00000021    -0.00000002     0.00000000     0.00012177     0.00012603     0.00000061   
  31   0.00031143     0.00000434     0.00019768    -0.00000024    -0.00000008     0.00000165   
  32  -0.00000368     0.00034563    -0.00000257    -0.00000045    -0.00000038     0.00013737   
  33  -0.00000171    -0.00000594    -0.00000095    -0.00002812     0.00001048    -0.00000238   
  34   0.00000204    -0.00000148     0.00000133     0.00001054     0.00002821    -0.00000039   
  35   0.00047858     0.00000006    -0.00157808    -0.00000142     0.00000066     0.00000086   
  36  -0.00000025    -0.00000005     0.00000115    -0.00094769     0.00144307     0.00000694   
  37   0.00000000     0.00000023    -0.00000080     0.00144386     0.00094759     0.00000415   
  38   0.00003324     0.12401244     0.00000120    -0.00000036     0.00001175    -0.00143710   
  39  -0.18812095    -0.00000056     0.03184980    -0.00000020    -0.00000759    -0.00000336   
  40  -0.00001365     0.05430121     0.00000951     0.00000025    -0.00000712     0.00177117   
  41   0.00000271    -0.00000131    -0.00000091    -0.00002202     0.00002193     0.00000011   
  42  -0.00116161    -0.00000362    -0.02433582    -0.00000007     0.00000132    -0.00000095   
  43  -0.00000302     0.00000242     0.00000099    -0.00555502     0.00184416     0.00000960   
  44  -0.00001599    -0.00000395    -0.00000030     0.00184391     0.00555276     0.00002555   
  45  -0.00000405    -0.00000495    -0.00000096     0.00007427    -0.00006529    -0.00000056   
  46   0.00000278     0.00000362     0.00000092    -0.00006686    -0.00007581    -0.00000008   
  47  -0.00038988    -0.00536766    -0.00013580    -0.00000363     0.00000790    -0.00101072   
  48  -0.00309444     0.00067432    -0.00108304    -0.00000281    -0.00000503     0.00012768   
  49  -0.00000397    -0.00003370    -0.00000378     0.00068301    -0.00017965    -0.00000660   
  50   0.00002232    -0.00001904     0.00000707    -0.00017983    -0.00068308    -0.00000737   
  51  -0.00008916     0.20131412    -0.00001234     0.00000042    -0.00000464     0.00126220   
  52  -0.98140123     0.00003294    -0.03499852    -0.00000011     0.00000343     0.00000339   
  53   0.00004893     0.96985735    -0.00002410    -0.00000100     0.00002644    -0.00617939   
  54  -0.02837929     0.00002719     0.99473327    -0.00000072    -0.00000533     0.00003222   
  55  -0.00000420    -0.00624460     0.00004220    -0.00003411     0.00523914    -0.99946580   
  56  -0.00000036     0.00000092     0.00000010     0.99996816    -0.00506349    -0.00006115   
  57  -0.00000138    -0.00000464    -0.00000500    -0.00506375    -0.99995443    -0.00524176   
  58   0.00909279    -0.00001367     0.04333934     0.00001964     0.00004245     0.00008216   
  59   0.00001224     0.01331794     0.00001078    -0.00001601     0.00017321    -0.03150201   
  60  -0.00542732    -0.00000083     0.07586155    -0.00000325    -0.00001795     0.00009157   
           58             59             60       
   1   0.00000461     0.00101246     0.00000422   
   2  -0.00072058     0.00000678    -0.00058962   
   3  -0.00000003    -0.00000004    -0.00000002   
   4  -0.00000007     0.00000009    -0.00000005   
   5  -0.00000082     0.00081455    -0.00000075   
   6  -0.00048068    -0.00000167    -0.00068619   
   7   0.00000003    -0.00000003     0.00000002   
   8  -0.00000001     0.00000014     0.00000000   
   9   0.00000287    -0.00109863     0.00000138   
  10   0.00085804     0.00000285     0.00052207   
  11   0.00011110    -0.00007154     0.00003963   
  12   0.00007496     0.00010979     0.00002711   
  13  -0.00000051     0.00000041    -0.00000038   
  14   0.00000020    -0.00000039     0.00000011   
  15  -0.00000005    -0.00000032    -0.00000002   
  16  -0.00000033    -0.00000024    -0.00000020   
  17  -0.00000029     0.00042566    -0.00000023   
  18  -0.00038305    -0.00000053    -0.00023789   
  19  -0.00000034     0.00082662     0.00000013   
  20  -0.00471629    -0.00000414    -0.00297653   
  21   0.00000379    -0.00547757     0.00000051   
  22   0.00000001     0.00000001    -0.00000000   
  23  -0.00000002     0.00000005     0.00000005   
  24   0.00353577     0.00000424     0.00283761   
  25  -0.00000021    -0.00000026    -0.00000015   
  26   0.00000460    -0.01029952    -0.00000038   
  27  -0.00859324    -0.00000140    -0.00498552   
  28  -0.00000214     0.00454193     0.00000009   
  29  -0.00000005    -0.00000020    -0.00000003   
  30   0.00000012     0.00000007     0.00000005   
  31  -0.00024189    -0.00000067     0.00001310   
  32   0.00000298    -0.00005399    -0.00000019   
  33   0.00000127     0.00000085    -0.00000003   
  34  -0.00000160     0.00000032     0.00000010   
  35   0.00058727    -0.00000018    -0.00010893   
  36  -0.00000027     0.00000028     0.00000005   
  37   0.00000064    -0.00000010     0.00000001   
  38   0.00005171    -0.06559494     0.00001212   
  39   0.05331021     0.00005304     0.03425067   
  40   0.00001457    -0.01454820     0.00000310   
  41  -0.00000058     0.00000015     0.00000007   
  42  -0.01085948    -0.00001416     0.00314484   
  43   0.00000077    -0.00000009     0.00000014   
  44   0.00000102     0.00000095     0.00000018   
  45  -0.00000010     0.00000017     0.00000008   
  46   0.00000014    -0.00000012    -0.00000009   
  47   0.00011390    -0.00048914     0.00000406   
  48   0.00089893     0.00006189     0.00003365   
  49   0.00000224    -0.00000239     0.00000001   
  50  -0.00000620    -0.00000243    -0.00000024   
  51   0.00000661    -0.01058823     0.00000911   
  52  -0.02125945    -0.00002277    -0.00835682   
  53  -0.00002294     0.02550080     0.00000250   
  54   0.02855909     0.00000631    -0.08302955   
  55  -0.00006538     0.03132126     0.00009962   
  56   0.00001966    -0.00001493     0.00000012   
  57  -0.00004570    -0.00000846    -0.00001055   
  58  -0.98612114     0.00002040     0.15177574   
  59  -0.00002273    -0.99678558     0.00000781   
  60   0.15240120     0.00000098     0.98426340   

 -----------------------------------------------------------------------------------------------
  Generalised Fock Matrix (MO basis)
 -----------------------------------------------------------------------------------------------
           1              2              3              4              5              6        
   1  -7.93199227    -0.00000000     0.00000000    -0.00000000     0.00000000     0.00000000   
   2  -0.00000000    -7.92925170     0.00000000     0.00000000    -0.00000000    -0.00000000   
   3   0.00000000     0.00000000    -7.84270333    -0.00000000    -0.00000000    -0.00000000   
   4  -0.00000000     0.00000000    -0.00000000    -7.84267555     0.00000000    -0.00000000   
   5   0.00000000    -0.00000000    -0.00000000     0.00000000    -7.73026487     0.00000000   
   6   0.00000000    -0.00000000    -0.00000000    -0.00000000     0.00000000    -7.68755126   
   7   0.00000000     0.00000000     0.00000000     0.00000000     0.00000000    -0.00000000   
   8   0.00000000     0.00000000     0.00000000     0.00000000    -0.00000000    -0.00000000   
   9   0.00000000    -0.00000000    -0.00000000    -0.00000000     0.00000000    -0.00000000   
  10   0.00000000     0.00000000    -0.00000000     0.00000000    -0.00000000    -0.00000000   
  11  -0.00000000    -0.00000000    -0.00000000     0.00000000    -0.00000000     0.00000000   
  12  -0.00000000     0.00000000    -0.00000000    -0.00000000    -0.00000000    -0.00000000   
  13   0.00000000     0.00000000    -0.00000000     0.00000000     0.00000000     0.00000000   
  14  -0.00000000    -0.00000000    -0.00000000     0.00000000    -0.00000000     0.00000000   
  15  -0.00000000     0.00000000     0.00000000    -0.00000000     0.00000000     0.00000000   
  16  -0.00000000    -0.00000000     0.00000000    -0.00000000    -0.00000000     0.00000000   
  17   0.00000000    -0.00000000    -0.00000000    -0.00000000    -0.00000000    -0.00000000   
  18   0.00000000    -0.00000000    -0.00000000    -0.00000000    -0.00000000     0.00000000   
  19   0.00000000     0.00000000     0.00000000    -0.00000000     0.00000000    -0.00000000   
  20   0.00000000     0.00000000     0.00000000     0.00000000    -0.00000000     0.00000000   
  21  -0.00000000     0.00000000     0.00000000    -0.00000000     0.00000000    -0.00000000   
  22   0.00000000    -0.00000000    -0.00000000    -0.00000000    -0.00000000    -0.00000000   
  23  -0.00000000     0.00000000     0.00000000    -0.00000000    -0.00000000    -0.00000000   
  24   0.00000000    -0.00000000    -0.00000000     0.00000000    -0.00000000    -0.00000000   
  25   0.00000000    -0.00000000     0.00000000    -0.00000000     0.00000000     0.00000000   
  26  -0.00000000     0.00000000     0.00000000    -0.00000000     0.00000000     0.00000000   
  27   0.00000000    -0.00000000     0.00000000     0.00000000    -0.00000000    -0.00000000   
  28  -0.00000000    -0.00000000     0.00000000     0.00000000    -0.00000000     0.00000000   
  29  -0.00000000    -0.00000000    -0.00000000     0.00000000    -0.00000000    -0.00000000   
  30   0.00000000     0.00000000    -0.00000000    -0.00000000    -0.00000000    -0.00000000   
  31  -0.00000000     0.00000000    -0.00000000     0.00000000     0.00000000     0.00000000   
  32   0.00000000     0.00000000    -0.00000000     0.00000000     0.00000000     0.00000000   
  33  -0.00000000     0.00000000    -0.00000000    -0.00000000    -0.00000000    -0.00000000   
  34  -0.00000000     0.00000000     0.00000000    -0.00000000    -0.00000000    -0.00000000   
  35   0.00000000    -0.00000000     0.00000000     0.00000000    -0.00000000    -0.00000000   
  36   0.00000000     0.00000000     0.00000000    -0.00000000    -0.00000000     0.00000000   
  37   0.00000000     0.00000000     0.00000000    -0.00000000    -0.00000000    -0.00000000   
  38  -0.22132542     0.21543251    -0.00000457     0.00000009    -0.09845950    -0.11478197   
  39   0.21947887     0.21730730    -0.00000003    -0.00003136     0.09862661    -0.11447596   
  40   0.00000001     0.00000000    -0.00000000     0.00000001     0.00000005     0.00000000   
  41   0.00000000     0.00000000     0.00000000     0.00000001     0.00000002    -0.00000002   
  42  -0.00000000    -0.00000000     0.00000001    -0.00000001    -0.00000001     0.00000004   
  43   0.00000000     0.00000000    -0.00000000    -0.00000001     0.00000001    -0.00000001   
  44   0.00000000    -0.00000002    -0.00000001     0.00000000    -0.00000001     0.00000001   
  45   0.00000001     0.00000002     0.00000000    -0.00000000    -0.00000001    -0.00000002   
  46  -0.00000000     0.00000001    -0.00000000    -0.00000000    -0.00000002    -0.00000000   
  47   0.00000000     0.00000001    -0.00000000     0.00000002     0.00000001    -0.00000000   
  48   0.00000000    -0.00000001    -0.00000001    -0.00000001    -0.00000000    -0.00000001   
  49   0.00000001     0.00000001     0.00000000    -0.00000002    -0.00000000    -0.00000001   
  50  -0.00000001    -0.00000000    -0.00000000     0.00000000    -0.00000001     0.00000000   
  51   0.00000002     0.00000001    -0.00000002     0.00000001     0.00000000     0.00000002   
  52   0.00000000    -0.00000000    -0.00000001    -0.00000000     0.00000002     0.00000000   
  53  -0.00000000     0.00000001    -0.00000001    -0.00000001     0.00000000    -0.00000000   
  54  -0.00000001     0.00000000     0.00000001    -0.00000001    -0.00000001    -0.00000002   
  55   0.00000001     0.00000001    -0.00000000    -0.00000000    -0.00000001     0.00000001   
  56   0.00000000     0.00000000     0.00000001    -0.00000000    -0.00000000    -0.00000001   
  57   0.00000001    -0.00000001     0.00000001    -0.00000000     0.00000004    -0.00000000   
  58   0.00000002    -0.00000001     0.00000001     0.00000000     0.00000000     0.00000001   
  59   0.00000000    -0.00000001     0.00000001    -0.00000000    -0.00000002     0.00000000   
  60   0.00000000     0.00000001     0.00000000     0.00000000     0.00000001    -0.00000003   
           7              8              9              10             11             12       
   1   0.00000000     0.00000000     0.00000000     0.00000000    -0.00000000    -0.00000000   
   2   0.00000000     0.00000000    -0.00000000     0.00000000    -0.00000000     0.00000000   
   3   0.00000000     0.00000000    -0.00000000    -0.00000000    -0.00000000    -0.00000000   
   4   0.00000000     0.00000000    -0.00000000     0.00000000     0.00000000    -0.00000000   
   5   0.00000000    -0.00000000     0.00000000    -0.00000000    -0.00000000    -0.00000000   
   6  -0.00000000    -0.00000000    -0.00000000    -0.00000000     0.00000000    -0.00000000   
   7  -6.13013754    -0.00000000    -0.00000000     0.00000000     0.00000000    -0.00000000   
   8  -0.00000000    -6.13008984    -0.00000000    -0.00000000     0.00000000    -0.00000000   
   9  -0.00000000    -0.00000000    -6.04041509     0.00000000     0.00000000    -0.00000000   
  10   0.00000000    -0.00000000     0.00000000    -6.03230993     0.00000000     0.00000000   
  11   0.00000000     0.00000000     0.00000000     0.00000000    -6.02849613     0.00000000   
  12  -0.00000000    -0.00000000    -0.00000000     0.00000000    -0.00000000    -6.02848766   
  13  -0.00000000     0.00000000    -0.00000000    -0.00000000     0.00000000     0.00000000   
  14   0.00000000    -0.00000000     0.00000000    -0.00000000     0.00000000     0.00000000   
  15   0.00000000    -0.00000000    -0.00000000     0.00000000    -0.00000000     0.00000000   
  16   0.00000000    -0.00000000     0.00000000    -0.00000000    -0.00000000    -0.00000000   
  17   0.00000000    -0.00000000    -0.00000000     0.00000000    -0.00000000    -0.00000000   
  18  -0.00000000    -0.00000000     0.00000000     0.00000000    -0.00000000     0.00000000   
  19  -0.00000000    -0.00000000     0.00000000     0.00000000    -0.00000000     0.00000000   
  20   0.00000000    -0.00000000     0.00000000    -0.00000000    -0.00000000     0.00000000   
  21  -0.00000000    -0.00000000    -0.00000000    -0.00000000    -0.00000000    -0.00000000   
  22  -0.00000000     0.00000000    -0.00000000     0.00000000     0.00000000    -0.00000000   
  23  -0.00000000     0.00000000    -0.00000000     0.00000000    -0.00000000    -0.00000000   
  24   0.00000000    -0.00000000     0.00000000     0.00000000    -0.00000000     0.00000000   
  25   0.00000000     0.00000000     0.00000000     0.00000000    -0.00000000     0.00000000   
  26  -0.00000000     0.00000000     0.00000000    -0.00000000    -0.00000000     0.00000000   
  27   0.00000000     0.00000000    -0.00000000    -0.00000000    -0.00000000     0.00000000   
  28   0.00000000     0.00000000     0.00000000    -0.00000000     0.00000000     0.00000000   
  29  -0.00000000    -0.00000000    -0.00000000     0.00000000    -0.00000000    -0.00000000   
  30  -0.00000000     0.00000000     0.00000000    -0.00000000     0.00000000    -0.00000000   
  31  -0.00000000     0.00000000     0.00000000    -0.00000000    -0.00000000     0.00000000   
  32  -0.00000000     0.00000000    -0.00000000     0.00000000    -0.00000000    -0.00000000   
  33   0.00000000    -0.00000000    -0.00000000    -0.00000000     0.00000000    -0.00000000   
  34  -0.00000000     0.00000000    -0.00000000     0.00000000    -0.00000000    -0.00000000   
  35  -0.00000000    -0.00000000    -0.00000000     0.00000000    -0.00000000    -0.00000000   
  36   0.00000000    -0.00000000    -0.00000000    -0.00000000     0.00000000     0.00000000   
  37  -0.00000000    -0.00000000    -0.00000000     0.00000000    -0.00000000     0.00000000   
  38  -0.00000410    -0.00000552    -0.12298024    -0.06810677     0.01216859     0.00244720   
  39   0.00000186     0.00000293     0.12301672    -0.06810389    -0.01222874    -0.00204981   
  40   0.00000001    -0.00000003    -0.00000002     0.00000001     0.00000002     0.00000001   
  41   0.00000000     0.00000000    -0.00000003    -0.00000000     0.00000001     0.00000002   
  42   0.00000005    -0.00000001     0.00000002     0.00000001    -0.00000001     0.00000002   
  43   0.00000000     0.00000000    -0.00000000     0.00000001    -0.00000001     0.00000000   
  44  -0.00000000     0.00000000    -0.00000001     0.00000002     0.00000003     0.00000002   
  45   0.00000001     0.00000002     0.00000001    -0.00000001    -0.00000001    -0.00000000   
  46  -0.00000001    -0.00000002    -0.00000002    -0.00000001     0.00000000    -0.00000001   
  47  -0.00000000    -0.00000001    -0.00000001    -0.00000000     0.00000002    -0.00000002   
  48  -0.00000000     0.00000000     0.00000001     0.00000001    -0.00000000     0.00000000   
  49   0.00000000     0.00000000     0.00000003    -0.00000003     0.00000001     0.00000001   
  50   0.00000000    -0.00000000    -0.00000001     0.00000000     0.00000001    -0.00000000   
  51  -0.00000002     0.00000003    -0.00000001     0.00000001     0.00000002     0.00000001   
  52  -0.00000002     0.00000001     0.00000003     0.00000001     0.00000001     0.00000001   
  53   0.00000001    -0.00000002     0.00000004    -0.00000001     0.00000001     0.00000001   
  54  -0.00000002     0.00000001     0.00000004    -0.00000001    -0.00000002    -0.00000000   
  55  -0.00000000    -0.00000000     0.00000001    -0.00000001     0.00000000     0.00000001   
  56   0.00000000    -0.00000000    -0.00000000    -0.00000000     0.00000000     0.00000001   
  57   0.00000001    -0.00000002    -0.00000000    -0.00000001     0.00000000     0.00000001   
  58   0.00000001     0.00000000     0.00000001    -0.00000001    -0.00000000    -0.00000001   
  59  -0.00000000    -0.00000000     0.00000001    -0.00000000    -0.00000002     0.00000001   
  60  -0.00000000     0.00000001    -0.00000003    -0.00000000     0.00000002     0.00000000   
           13             14             15             16             17             18       
   1   0.00000000    -0.00000000    -0.00000000    -0.00000000     0.00000000     0.00000000   
   2   0.00000000    -0.00000000     0.00000000    -0.00000000    -0.00000000    -0.00000000   
   3  -0.00000000    -0.00000000     0.00000000     0.00000000    -0.00000000    -0.00000000   
   4   0.00000000     0.00000000    -0.00000000    -0.00000000    -0.00000000    -0.00000000   
   5   0.00000000    -0.00000000     0.00000000    -0.00000000    -0.00000000    -0.00000000   
   6   0.00000000     0.00000000     0.00000000     0.00000000    -0.00000000     0.00000000   
   7  -0.00000000     0.00000000     0.00000000     0.00000000    -0.00000000    -0.00000000   
   8   0.00000000    -0.00000000    -0.00000000    -0.00000000    -0.00000000    -0.00000000   
   9  -0.00000000     0.00000000    -0.00000000     0.00000000    -0.00000000     0.00000000   
  10  -0.00000000    -0.00000000     0.00000000    -0.00000000     0.00000000     0.00000000   
  11   0.00000000     0.00000000    -0.00000000    -0.00000000    -0.00000000    -0.00000000   
  12   0.00000000     0.00000000     0.00000000    -0.00000000    -0.00000000     0.00000000   
  13  -6.02847665    -0.00000000     0.00000000     0.00000000    -0.00000000     0.00000000   
  14  -0.00000000    -6.01147089     0.00000000     0.00000000     0.00000000    -0.00000000   
  15   0.00000000     0.00000000    -6.00594090    -0.00000000     0.00000000     0.00000000   
  16   0.00000000     0.00000000    -0.00000000    -5.98131389    -0.00000000    -0.00000000   
  17  -0.00000000     0.00000000     0.00000000    -0.00000000    -5.98131369     0.00000000   
  18   0.00000000    -0.00000000     0.00000000    -0.00000000     0.00000000    -3.67738099   
  19   0.00000000    -0.00000000     0.00000000     0.00000000     0.00000000     0.00000000   
  20   0.00000000     0.00000000     0.00000000     0.00000000     0.00000000    -0.00000000   
  21   0.00000000     0.00000000     0.00000000     0.00000000    -0.00000000    -0.00000000   
  22   0.00000000    -0.00000000    -0.00000000    -0.00000000     0.00000000     0.00000000   
  23   0.00000000     0.00000000    -0.00000000     0.00000000    -0.00000000     0.00000000   
  24  -0.00000000     0.00000000     0.00000000     0.00000000     0.00000000    -0.00000000   
  25  -0.00000000     0.00000000     0.00000000     0.00000000    -0.00000000     0.00000000   
  26   0.00000000     0.00000000    -0.00000000     0.00000000    -0.00000000    -0.00000000   
  27   0.00000000     0.00000000    -0.00000000     0.00000000    -0.00000000     0.00000000   
  28  -0.00000000    -0.00000000    -0.00000000    -0.00000000    -0.00000000     0.00000000   
  29  -0.00000000    -0.00000000     0.00000000    -0.00000000    -0.00000000     0.00000000   
  30   0.00000000     0.00000000     0.00000000     0.00000000    -0.00000000     0.00000000   
  31  -0.00000000    -0.00000000    -0.00000000     0.00000000     0.00000000     0.00000000   
  32   0.00000000     0.00000000    -0.00000000     0.00000000     0.00000000    -0.00000000   
  33   0.00000000     0.00000000     0.00000000     0.00000000     0.00000000     0.00000000   
  34  -0.00000000     0.00000000    -0.00000000    -0.00000000     0.00000000    -0.00000000   
  35   0.00000000    -0.00000000    -0.00000000    -0.00000000    -0.00000000    -0.00000000   
  36   0.00000000     0.00000000    -0.00000000     0.00000000     0.00000000     0.00000000   
  37  -0.00000000     0.00000000     0.00000000     0.00000000     0.00000000     0.00000000   
  38  -0.01208071     0.13236615     0.10058494    -0.00003996     0.00016044    -0.02183155   
  39   0.01225369     0.13247344    -0.10045165     0.00002454     0.00000601    -0.02182261   
  40   0.00000002     0.00000001    -0.00000000    -0.00000000     0.00000002    -0.00000001   
  41   0.00000000    -0.00000000     0.00000000    -0.00000001    -0.00000000     0.00000006   
  42   0.00000002     0.00000000     0.00000002     0.00000000     0.00000000     0.00000003   
  43   0.00000000     0.00000001    -0.00000001     0.00000003     0.00000002    -0.00000000   
  44  -0.00000000    -0.00000000    -0.00000000     0.00000001    -0.00000003     0.00000001   
  45  -0.00000001     0.00000001    -0.00000001     0.00000000    -0.00000001    -0.00000003   
  46  -0.00000002     0.00000000    -0.00000001     0.00000000    -0.00000001     0.00000002   
  47   0.00000001    -0.00000000     0.00000002    -0.00000004    -0.00000001    -0.00000002   
  48   0.00000000    -0.00000003    -0.00000003    -0.00000001    -0.00000000    -0.00000000   
  49  -0.00000002     0.00000002    -0.00000003     0.00000002     0.00000000     0.00000002   
  50  -0.00000001    -0.00000000     0.00000000     0.00000001    -0.00000004    -0.00000000   
  51  -0.00000000     0.00000002     0.00000001    -0.00000001     0.00000002    -0.00000001   
  52   0.00000001     0.00000002     0.00000002     0.00000000     0.00000001     0.00000002   
  53   0.00000002     0.00000000     0.00000003    -0.00000001     0.00000001     0.00000001   
  54   0.00000001    -0.00000000     0.00000003     0.00000000     0.00000001     0.00000002   
  55  -0.00000001    -0.00000001     0.00000000     0.00000000     0.00000000    -0.00000001   
  56   0.00000001     0.00000000    -0.00000000    -0.00000000     0.00000000    -0.00000001   
  57  -0.00000000    -0.00000000     0.00000000    -0.00000001    -0.00000001    -0.00000001   
  58   0.00000002     0.00000000     0.00000001     0.00000001    -0.00000000    -0.00000000   
  59   0.00000000    -0.00000000     0.00000000    -0.00000000    -0.00000001    -0.00000001   
  60  -0.00000001    -0.00000000    -0.00000002     0.00000000    -0.00000000     0.00000001   
           19             20             21             22             23             24       
   1   0.00000000     0.00000000    -0.00000000     0.00000000    -0.00000000     0.00000000   
   2   0.00000000     0.00000000     0.00000000    -0.00000000     0.00000000    -0.00000000   
   3   0.00000000     0.00000000     0.00000000    -0.00000000     0.00000000    -0.00000000   
   4  -0.00000000     0.00000000    -0.00000000     0.00000000    -0.00000000     0.00000000   
   5   0.00000000    -0.00000000     0.00000000    -0.00000000    -0.00000000    -0.00000000   
   6  -0.00000000     0.00000000    -0.00000000    -0.00000000    -0.00000000    -0.00000000   
   7  -0.00000000     0.00000000    -0.00000000    -0.00000000    -0.00000000     0.00000000   
   8  -0.00000000    -0.00000000    -0.00000000     0.00000000     0.00000000    -0.00000000   
   9   0.00000000     0.00000000    -0.00000000    -0.00000000    -0.00000000     0.00000000   
  10   0.00000000    -0.00000000    -0.00000000     0.00000000     0.00000000     0.00000000   
  11  -0.00000000    -0.00000000    -0.00000000     0.00000000    -0.00000000    -0.00000000   
  12   0.00000000     0.00000000    -0.00000000    -0.00000000    -0.00000000     0.00000000   
  13   0.00000000     0.00000000     0.00000000     0.00000000     0.00000000    -0.00000000   
  14  -0.00000000     0.00000000     0.00000000    -0.00000000     0.00000000     0.00000000   
  15   0.00000000     0.00000000     0.00000000    -0.00000000    -0.00000000     0.00000000   
  16   0.00000000     0.00000000     0.00000000    -0.00000000     0.00000000     0.00000000   
  17   0.00000000     0.00000000    -0.00000000     0.00000000    -0.00000000     0.00000000   
  18   0.00000000    -0.00000000    -0.00000000     0.00000000     0.00000000    -0.00000000   
  19  -2.70098659    -0.00000000    -0.00000000    -0.00000000    -0.00000000    -0.00000000   
  20  -0.00000000    -1.69026908    -0.00000000    -0.00000000    -0.00000000    -0.00000000   
  21  -0.00000000    -0.00000000    -1.65869078     0.00000000     0.00000000     0.00000000   
  22  -0.00000000    -0.00000000     0.00000000    -1.40817247     0.00000000    -0.00000000   
  23  -0.00000000    -0.00000000     0.00000000     0.00000000    -1.40816127    -0.00000000   
  24  -0.00000000    -0.00000000     0.00000000    -0.00000000    -0.00000000    -0.84799715   
  25  -0.00000000     0.00000000    -0.00000000    -0.00000000    -0.00000000     0.00000000   
  26   0.00000000    -0.00000000    -0.00000000    -0.00000000    -0.00000000    -0.00000000   
  27   0.00000000     0.00000000     0.00000000    -0.00000000     0.00000000     0.00000000   
  28  -0.00000000     0.00000000    -0.00000000    -0.00000000    -0.00000000     0.00000000   
  29   0.00000000    -0.00000000     0.00000000     0.00000000    -0.00000000    -0.00000000   
  30   0.00000000     0.00000000    -0.00000000    -0.00000000    -0.00000000    -0.00000000   
  31  -0.00000000     0.00000000     0.00000000    -0.00000000    -0.00000000    -0.00000000   
  32  -0.00000000     0.00000000    -0.00000000     0.00000000    -0.00000000    -0.00000000   
  33  -0.00000000    -0.00000000     0.00000000    -0.00000000    -0.00000000    -0.00000000   
  34  -0.00000000    -0.00000000    -0.00000000     0.00000000    -0.00000000     0.00000000   
  35  -0.00000000    -0.00000000     0.00000000    -0.00000000    -0.00000000     0.00000000   
  36   0.00000000    -0.00000000    -0.00000000     0.00000000    -0.00000000     0.00000000   
  37   0.00000000    -0.00000000     0.00000000    -0.00000000     0.00000000     0.00000000   
  38   0.09554278    -0.47975011    -0.44046312    -0.00000010    -0.00001188    -0.33844416   
  39  -0.09544610    -0.48001423     0.44014518    -0.00000104    -0.00000001    -0.33846828   
  40   0.00000002     0.00000001     0.00000000    -0.00000001    -0.00000002    -0.00000004   
  41  -0.00000004    -0.00000000    -0.00000002     0.00000000    -0.00000000     0.00000004   
  42  -0.00000003    -0.00000007     0.00000001    -0.00000001    -0.00000003    -0.00000002   
  43   0.00000001     0.00000000    -0.00000000    -0.00000002     0.00000000    -0.00000001   
  44   0.00000001     0.00000003     0.00000001     0.00000000     0.00000002    -0.00000001   
  45   0.00000002    -0.00000002     0.00000003     0.00000001     0.00000001    -0.00000003   
  46  -0.00000001     0.00000001    -0.00000001    -0.00000000     0.00000001     0.00000006   
  47  -0.00000001    -0.00000003    -0.00000001     0.00000000     0.00000000    -0.00000001   
  48  -0.00000001     0.00000005     0.00000004     0.00000000     0.00000001     0.00000002   
  49  -0.00000001    -0.00000001     0.00000002     0.00000001    -0.00000001    -0.00000004   
  50  -0.00000000     0.00000005     0.00000003     0.00000000    -0.00000003    -0.00000000   
  51  -0.00000001    -0.00000001     0.00000005    -0.00000004    -0.00000003    -0.00000005   
  52  -0.00000002    -0.00000002     0.00000002     0.00000004    -0.00000005    -0.00000002   
  53   0.00000002     0.00000002    -0.00000010    -0.00000001    -0.00000004     0.00000001   
  54  -0.00000002     0.00000005    -0.00000003    -0.00000001    -0.00000000     0.00000001   
  55   0.00000000     0.00000001    -0.00000001    -0.00000000     0.00000000     0.00000001   
  56  -0.00000000    -0.00000001     0.00000000    -0.00000000     0.00000001    -0.00000000   
  57  -0.00000001     0.00000003    -0.00000002     0.00000000    -0.00000000     0.00000001   
  58  -0.00000001     0.00000002     0.00000001    -0.00000002     0.00000002     0.00000003   
  59  -0.00000000    -0.00000001     0.00000003     0.00000002     0.00000003     0.00000003   
  60   0.00000002     0.00000000    -0.00000001    -0.00000001     0.00000002    -0.00000003   
           25             26             27             28             29             30       
   1   0.00000000    -0.00000000     0.00000000    -0.00000000    -0.00000000     0.00000000   
   2  -0.00000000     0.00000000    -0.00000000    -0.00000000    -0.00000000     0.00000000   
   3   0.00000000     0.00000000     0.00000000     0.00000000    -0.00000000    -0.00000000   
   4  -0.00000000    -0.00000000     0.00000000     0.00000000     0.00000000    -0.00000000   
   5   0.00000000     0.00000000    -0.00000000    -0.00000000    -0.00000000    -0.00000000   
   6   0.00000000     0.00000000    -0.00000000     0.00000000    -0.00000000    -0.00000000   
   7   0.00000000    -0.00000000     0.00000000     0.00000000    -0.00000000    -0.00000000   
   8   0.00000000     0.00000000     0.00000000     0.00000000    -0.00000000     0.00000000   
   9   0.00000000     0.00000000    -0.00000000     0.00000000    -0.00000000     0.00000000   
  10   0.00000000    -0.00000000    -0.00000000    -0.00000000     0.00000000    -0.00000000   
  11  -0.00000000    -0.00000000    -0.00000000     0.00000000    -0.00000000     0.00000000   
  12   0.00000000     0.00000000     0.00000000     0.00000000    -0.00000000    -0.00000000   
  13  -0.00000000     0.00000000     0.00000000    -0.00000000    -0.00000000     0.00000000   
  14   0.00000000     0.00000000     0.00000000    -0.00000000    -0.00000000     0.00000000   
  15   0.00000000    -0.00000000    -0.00000000    -0.00000000     0.00000000     0.00000000   
  16   0.00000000     0.00000000     0.00000000    -0.00000000    -0.00000000     0.00000000   
  17  -0.00000000    -0.00000000    -0.00000000    -0.00000000    -0.00000000    -0.00000000   
  18   0.00000000    -0.00000000     0.00000000     0.00000000     0.00000000     0.00000000   
  19  -0.00000000     0.00000000     0.00000000    -0.00000000     0.00000000     0.00000000   
  20   0.00000000    -0.00000000     0.00000000     0.00000000    -0.00000000     0.00000000   
  21  -0.00000000    -0.00000000     0.00000000    -0.00000000     0.00000000    -0.00000000   
  22  -0.00000000    -0.00000000    -0.00000000    -0.00000000     0.00000000    -0.00000000   
  23  -0.00000000    -0.00000000     0.00000000    -0.00000000    -0.00000000    -0.00000000   
  24   0.00000000    -0.00000000     0.00000000     0.00000000    -0.00000000    -0.00000000   
  25  -0.62194984     0.00000000     0.00000000     0.00000000    -0.00000000    -0.00000000   
  26   0.00000000     0.00464322    -0.00000000     0.00000000     0.00000000     0.00000000   
  27   0.00000000    -0.00000000     0.66392324    -0.00000000     0.00000000    -0.00000000   
  28   0.00000000     0.00000000    -0.00000000     1.23871627    -0.00000000    -0.00000000   
  29  -0.00000000     0.00000000     0.00000000    -0.00000000     1.32960644     0.00000000   
  30  -0.00000000     0.00000000    -0.00000000    -0.00000000     0.00000000     1.33103931   
  31   0.00000000     0.00000000    -0.00000000    -0.00000000    -0.00000000    -0.00000000   
  32   0.00000000    -0.00000000    -0.00000000     0.00000000    -0.00000000    -0.00000000   
  33   0.00000000    -0.00000000    -0.00000000    -0.00000000     0.00000000    -0.00000000   
  34   0.00000000    -0.00000000    -0.00000000     0.00000000     0.00000000    -0.00000000   
  35   0.00000000    -0.00000000    -0.00000000     0.00000000    -0.00000000    -0.00000000   
  36   0.00000000     0.00000000     0.00000000     0.00000000     0.00000000    -0.00000000   
  37   0.00000000     0.00000000     0.00000000     0.00000000     0.00000000    -0.00000000   
  38   0.00003200     0.73210242    -0.73212830     0.35144293    -0.00003053     0.00001600   
  39   0.00001457    -0.73121019    -0.73313455    -0.35113296     0.00001781     0.00000383   
  40   0.00000005    -0.00000001     0.00000005    -0.00000007     0.00000004     0.00000017   
  41   0.00000002     0.00000005    -0.00000004    -0.00000005    -0.00000002     0.00000001   
  42  -0.00000002    -0.00000003    -0.00000009     0.00000002     0.00000018     0.00000002   
  43  -0.00000000     0.00000001     0.00000002     0.00000003     0.00000000    -0.00000000   
  44   0.00000001     0.00000004     0.00000003    -0.00000005     0.00000002     0.00000002   
  45   0.00000000    -0.00000011    -0.00000005     0.00000007     0.00000001     0.00000003   
  46  -0.00000002     0.00000002     0.00000002     0.00000001     0.00000004     0.00000001   
  47  -0.00000000     0.00000000    -0.00000001     0.00000010    -0.00000000    -0.00000000   
  48  -0.00000003    -0.00000008     0.00000014    -0.00000010     0.00000000     0.00000000   
  49   0.00000001    -0.00000005    -0.00000007    -0.00000012    -0.00000000     0.00000000   
  50   0.00000001     0.00000003     0.00000001     0.00000001     0.00000000     0.00000001   
  51   0.00000004    -0.00000006     0.00000000    -0.00000005     0.00000001     0.00000000   
  52  -0.00000002    -0.00000000    -0.00000000    -0.00000005     0.00000012     0.00000001   
  53  -0.00000006     0.00000012     0.00000004     0.00000004     0.00000000     0.00000016   
  54   0.00000005     0.00000006     0.00000004    -0.00000000    -0.00000004     0.00000000   
  55   0.00000000    -0.00000001    -0.00000000     0.00000001     0.00000000    -0.00000000   
  56  -0.00000001    -0.00000002    -0.00000000    -0.00000001    -0.00000000     0.00000000   
  57   0.00000002    -0.00000002     0.00000004     0.00000002    -0.00000001     0.00000000   
  58   0.00000003    -0.00000001     0.00000003    -0.00000000    -0.00000003    -0.00000000   
  59  -0.00000001    -0.00000004    -0.00000003    -0.00000004    -0.00000000    -0.00000004   
  60  -0.00000004     0.00000001    -0.00000001     0.00000002    -0.00000000     0.00000000   
           31             32             33             34             35             36       
   1  -0.00000000     0.00000000    -0.00000000    -0.00000000     0.00000000     0.00000000   
   2   0.00000000     0.00000000     0.00000000     0.00000000    -0.00000000     0.00000000   
   3  -0.00000000    -0.00000000    -0.00000000     0.00000000     0.00000000     0.00000000   
   4   0.00000000     0.00000000    -0.00000000    -0.00000000     0.00000000    -0.00000000   
   5   0.00000000     0.00000000    -0.00000000    -0.00000000    -0.00000000    -0.00000000   
   6   0.00000000     0.00000000    -0.00000000    -0.00000000    -0.00000000     0.00000000   
   7  -0.00000000    -0.00000000     0.00000000    -0.00000000    -0.00000000     0.00000000   
   8   0.00000000     0.00000000    -0.00000000     0.00000000    -0.00000000    -0.00000000   
   9   0.00000000    -0.00000000    -0.00000000    -0.00000000    -0.00000000    -0.00000000   
  10  -0.00000000     0.00000000    -0.00000000     0.00000000     0.00000000    -0.00000000   
  11  -0.00000000    -0.00000000     0.00000000    -0.00000000    -0.00000000     0.00000000   
  12   0.00000000    -0.00000000    -0.00000000    -0.00000000    -0.00000000     0.00000000   
  13  -0.00000000     0.00000000     0.00000000    -0.00000000     0.00000000     0.00000000   
  14  -0.00000000     0.00000000     0.00000000     0.00000000    -0.00000000     0.00000000   
  15  -0.00000000    -0.00000000     0.00000000    -0.00000000    -0.00000000    -0.00000000   
  16   0.00000000     0.00000000     0.00000000    -0.00000000    -0.00000000     0.00000000   
  17   0.00000000     0.00000000     0.00000000     0.00000000    -0.00000000     0.00000000   
  18   0.00000000    -0.00000000     0.00000000    -0.00000000    -0.00000000     0.00000000   
  19  -0.00000000    -0.00000000    -0.00000000    -0.00000000    -0.00000000     0.00000000   
  20   0.00000000     0.00000000    -0.00000000    -0.00000000    -0.00000000    -0.00000000   
  21   0.00000000    -0.00000000     0.00000000    -0.00000000     0.00000000    -0.00000000   
  22  -0.00000000     0.00000000    -0.00000000     0.00000000    -0.00000000     0.00000000   
  23  -0.00000000    -0.00000000    -0.00000000    -0.00000000    -0.00000000    -0.00000000   
  24  -0.00000000    -0.00000000    -0.00000000     0.00000000     0.00000000     0.00000000   
  25   0.00000000     0.00000000     0.00000000     0.00000000     0.00000000     0.00000000   
  26   0.00000000    -0.00000000    -0.00000000    -0.00000000    -0.00000000     0.00000000   
  27  -0.00000000    -0.00000000    -0.00000000    -0.00000000    -0.00000000     0.00000000   
  28  -0.00000000     0.00000000    -0.00000000     0.00000000     0.00000000     0.00000000   
  29  -0.00000000    -0.00000000     0.00000000     0.00000000    -0.00000000     0.00000000   
  30  -0.00000000    -0.00000000    -0.00000000    -0.00000000    -0.00000000    -0.00000000   
  31   1.51255493    -0.00000000    -0.00000000    -0.00000000     0.00000000     0.00000000   
  32  -0.00000000     1.51298940     0.00000000    -0.00000000     0.00000000     0.00000000   
  33  -0.00000000     0.00000000     1.51417099     0.00000000     0.00000000     0.00000000   
  34  -0.00000000    -0.00000000     0.00000000     1.51418735    -0.00000000    -0.00000000   
  35   0.00000000     0.00000000     0.00000000    -0.00000000     1.59338522     0.00000000   
  36   0.00000000     0.00000000     0.00000000    -0.00000000     0.00000000     1.68589635   
  37   0.00000000    -0.00000000    -0.00000000     0.00000000    -0.00000000    -0.00000000   
  38  -0.00056117     0.00702194     0.00005917     0.00002463     0.03660178     0.00001168   
  39  -0.00030956    -0.00703142    -0.00004894    -0.00002280     0.03658516     0.00000230   
  40   0.00000000     0.00000002     0.00000002    -0.00000004    -0.00000002     0.00000004   
  41  -0.00000004    -0.00000000     0.00000000    -0.00000003     0.00000004     0.00000005   
  42  -0.00000003    -0.00000004     0.00000002    -0.00000005     0.00000000     0.00000004   
  43   0.00000011    -0.00000013    -0.00000009    -0.00000001    -0.00000000    -0.00000000   
  44   0.00000006     0.00000005    -0.00000001     0.00000022    -0.00000004    -0.00000000   
  45  -0.00000003    -0.00000001    -0.00000001     0.00000001     0.00000002    -0.00000001   
  46  -0.00000001    -0.00000001    -0.00000001     0.00000002     0.00000010    -0.00000003   
  47  -0.00000001     0.00000002     0.00000000     0.00000000    -0.00000003     0.00000008   
  48  -0.00000000    -0.00000002    -0.00000000    -0.00000001    -0.00000010    -0.00000013   
  49   0.00000002    -0.00000003    -0.00000002     0.00000000     0.00000006    -0.00000002   
  50  -0.00000001    -0.00000001    -0.00000000     0.00000001    -0.00000001     0.00000024   
  51   0.00000008     0.00000018     0.00000016     0.00000006    -0.00000002     0.00000004   
  52   0.00000019     0.00000009    -0.00000017     0.00000004     0.00000003     0.00000009   
  53   0.00000007     0.00000007     0.00000008     0.00000002    -0.00000001     0.00000004   
  54   0.00000000    -0.00000001     0.00000001     0.00000001    -0.00000004    -0.00000004   
  55  -0.00000002     0.00000001    -0.00000002     0.00000000    -0.00000001    -0.00000000   
  56   0.00000001    -0.00000000    -0.00000000    -0.00000003    -0.00000001     0.00000000   
  57   0.00000001    -0.00000000    -0.00000001    -0.00000000     0.00000001    -0.00000000   
  58  -0.00000002     0.00000000     0.00000004     0.00000000    -0.00000002    -0.00000004   
  59  -0.00000002    -0.00000003    -0.00000005    -0.00000000     0.00000000    -0.00000002   
  60  -0.00000004    -0.00000001     0.00000003    -0.00000000    -0.00000002    -0.00000003   
           37             38             39       
   1   0.00000000    -0.22132541     0.21947890   
   2   0.00000000     0.21543253     0.21730728   
   3   0.00000000    -0.00000456    -0.00000003   
   4  -0.00000000     0.00000008    -0.00003135   
   5  -0.00000000    -0.09845949     0.09862663   
   6  -0.00000000    -0.11478197    -0.11447598   
   7  -0.00000000    -0.00000406     0.00000187   
   8  -0.00000000    -0.00000555     0.00000295   
   9  -0.00000000    -0.12298023     0.12301673   
  10   0.00000000    -0.06810677    -0.06810389   
  11  -0.00000000     0.01216859    -0.01222873   
  12   0.00000000     0.00244719    -0.00204984   
  13  -0.00000000    -0.01208072     0.01225371   
  14   0.00000000     0.13236617     0.13247343   
  15   0.00000000     0.10058494    -0.10045166   
  16   0.00000000    -0.00003996     0.00002456   
  17   0.00000000     0.00016042     0.00000600   
  18   0.00000000    -0.02183154    -0.02182261   
  19   0.00000000     0.09554278    -0.09544609   
  20  -0.00000000    -0.47975017    -0.48001413   
  21   0.00000000    -0.44046310     0.44014517   
  22  -0.00000000    -0.00000008    -0.00000112   
  23   0.00000000    -0.00001177     0.00000000   
  24   0.00000000    -0.33844423    -0.33846822   
  25   0.00000000     0.00003200     0.00001459   
  26   0.00000000     0.73210238    -0.73121021   
  27   0.00000000    -0.73212838    -0.73313443   
  28   0.00000000     0.35144293    -0.35113295   
  29   0.00000000    -0.00003060     0.00001775   
  30  -0.00000000     0.00001594     0.00000388   
  31   0.00000000    -0.00056126    -0.00030959   
  32  -0.00000000     0.00702183    -0.00703139   
  33  -0.00000000     0.00005916    -0.00004877   
  34   0.00000000     0.00002461    -0.00002280   
  35  -0.00000000     0.03660175     0.03658512   
  36  -0.00000000     0.00001154     0.00000236   
  37   1.68591164    -0.00000253     0.00001913   
  38  -0.00000256     0.69957472     0.01181025   
  39   0.00001908     0.01181043     0.69936792   
  40  -0.00000001    -0.00000001    -0.00000006   
  41  -0.00000000    -0.00000001     0.00000003   
  42  -0.00000003     0.00000010     0.00000009   
  43  -0.00000002     0.00000001    -0.00000003   
  44   0.00000002    -0.00000006     0.00000002   
  45   0.00000002    -0.00000001     0.00000002   
  46   0.00000003    -0.00000002    -0.00000006   
  47   0.00000019     0.00000001     0.00000002   
  48   0.00000006    -0.00000012    -0.00000002   
  49  -0.00000011     0.00000002     0.00000004   
  50  -0.00000003    -0.00000005     0.00000002   
  51   0.00000001    -0.00000006     0.00000005   
  52  -0.00000003     0.00000013    -0.00000005   
  53  -0.00000000     0.00000008    -0.00000011   
  54   0.00000001    -0.00000007    -0.00000005   
  55  -0.00000001     0.00000000    -0.00000003   
  56  -0.00000001    -0.00000003    -0.00000001   
  57  -0.00000000     0.00000003    -0.00000006   
  58   0.00000002    -0.00000004     0.00000004   
  59   0.00000000    -0.00000001     0.00000003   
  60   0.00000001    -0.00000004    -0.00000000   

[[-0.996906  0.003229 -0.000037 ...  0.000005  0.001012  0.000004]
 [-0.003207 -0.99847   0.000037 ... -0.000721  0.000007 -0.00059 ]
 [ 0.000037 -0.000037 -0.99971  ... -0.       -0.       -0.      ]
 ...
 [ 0.000002 -0.00077   0.       ... -0.986121  0.00002   0.151776]
 [ 0.000968  0.000003  0.       ... -0.000023 -0.996786  0.000008]
 [-0.000002  0.000543 -0.       ...  0.152401  0.000001  0.984263]]
 Saved MO coefficients to FCIDUMP/FCIDUMP_TTM-Ph-TTM_core_mo_coeff.npy
