                    ---------------------------------
                    | Radical ExROPPP Calculation |
                    ---------------------------------

Molecule: PCzPyBTM2.xyz radical

--------------------------------
Cartesian Coordinates / Angstrom
--------------------------------

Cl    3.2703  14.5615  11.9170 
Cl   -0.4257  14.9742  16.7978 
Cl   -0.9482  14.1695  13.3071 
Cl    4.8208  14.7803  15.4081 
Cl    2.7287  17.9021  14.9304 
Cl    9.8092   9.0654   4.1467 
Cl    6.3328   7.0143   2.5027 
Cl    6.7649  12.8743   1.6879 
Cl    9.5380   9.5570   0.3629 
Cl   11.5645  14.0776   3.7018 
Cl    4.2822  10.2475   1.6970 
Cl    5.7543   9.6215  -3.3812 
Cl   -2.0015  19.3543  12.9404 
Cl    3.3890  15.4466  20.5083 
N      5.1756   7.7934   4.6841
N      2.3384  12.1683  12.2032
N      1.9534   6.3477   9.9059
C      4.8254   8.6553   5.6572
C      4.0229   8.0644   6.7510
C      2.2165  15.0239  16.1436
C      5.2529   9.9851   5.6048
H      4.9861  10.6011   6.2770
C      3.5891   8.8008   7.8572
H      3.7631   9.7331   7.9107
C      2.8987   8.1539   8.8809
C      1.7326  11.1372  12.8343
C      1.6832   9.8663  12.0771
C      2.6524   6.7695   8.7860
C      1.8760  13.6290  14.0692
C      2.3244   8.5832  10.1421
C      6.4500   9.5062   3.5605
C      1.0469   8.7245  12.6056
H      0.5873   8.7948  13.4339
C      1.7322   7.4410  10.7315
C      2.4010  13.3248  12.8161
C      0.8708  16.0421  14.1967
C      1.6017  15.1843  18.5093
H      0.9267  15.2286  19.1761
C      2.3090   9.7872  10.8327
H      2.7236  10.5558  10.4586
C      1.9399  15.0328  14.6395
H      2.7835  15.4031  14.2508
C      1.0720   7.5058  11.9540
H      0.6531   6.7396  12.3280
C     -0.3760  15.7794  13.6087
C      1.6847   4.9791  10.2160
C      3.7460   6.6773   6.6927
H      4.0351   6.1838   5.9342
C      1.2707  15.0762  17.1643
C      8.3583  10.9816   2.8401
C      1.2484  11.2986  14.1313
H      0.8665  10.5623  14.5946
C      6.9154   9.8918   1.0082
C      1.3277  12.5369  14.7385
H      1.0033  12.6454  15.6249
C      3.0735   6.0195   7.6950
H      2.9031   5.0863   7.6437
C      6.0675  10.3961   4.5659
H      6.3709  11.2958   4.5359
C      0.3769   4.5299  10.2771
H     -0.3442   5.1358  10.1527
C      0.1286   3.1880  10.5214
H     -0.7659   2.8700  10.5537
C      0.3194  18.4358  13.9597
H      0.5653  19.3453  14.0802
C      3.5530  14.9804  16.5731
C     -1.2611  16.7830  13.2338
H     -2.1019  16.5639  12.8505
C     10.4892  11.6236   3.8698
H     11.2636  11.3827   4.3644
C      5.9416   8.2225   3.7091
C      1.1792   2.3120  10.7184
H      1.0053   1.3945  10.8937
C      7.4310   9.8388   2.4517
H      8.0407   9.0462   2.4446
C      3.9312  15.0925  17.9007
H      4.8474  15.0781  18.1504
C      9.5155  10.6869   3.5818
C      9.1651  13.2911   2.7570
H      9.0352  14.1930   2.4881
C      1.1797  17.4087  14.3171
C      8.2062  12.3239   2.4878
C      2.4841   2.7697  10.6603
H      3.2045   2.1656  10.7989
C      2.7453   4.1077  10.4002
H      3.6401   4.4220  10.3492
C     -0.9039  18.0966  13.4245
C     10.3124  12.9109   3.4245
C      7.8457   9.7216  -0.0204
C      2.9385  15.2255  18.8506
C      7.5226   9.6591  -1.3624
H      8.1970   9.5576  -2.0239
C      5.2170   9.9164  -0.7580
H      4.3032   9.9798  -1.0093
C      6.1898   9.7487  -1.7125
C      5.5858   9.9924   0.5827

There are 71 heavy atoms.
There are 86 electrons in 71 orbitals.


Carbon 1e params: A = -22.717075 b = 1.705616

Nitrogen 1e params: alphan2 = -17.681338 Acn2 = -24.737202 bcn2 = 1.433639

Chlorine 1e params: alphacl = -10.335674 Accl = -26.021937 bccl=1.451861
C-N1 bond
C-N1 bond
C-N2 bond
C-N2 bond
C-N1 bond
C-N2 bond
C-N1 bond
C-Cl bond
C-Cl bond
C-Cl bond
C-Cl bond
C-Cl bond
C-Cl bond
C-Cl bond
C-Cl bond
C-Cl bond
C-Cl bond
C-Cl bond
C-Cl bond
C-Cl bond
C-Cl bond
N1 atom 55
N1 atom 56
N2 atom 57
Cl atom 58
Cl atom 59
Cl atom 60
Cl atom 61
Cl atom 62
Cl atom 63
Cl atom 64
Cl atom 65
Cl atom 66
Cl atom 67
Cl atom 68
Cl atom 69
Cl atom 70
Cl atom 71

Carbon 2e params: U = 8.420838 r0 = 1.173157

Nitrogen 2e params: Un2n2 = 17.979843 r0n2n2 = 1.111791

Chlorine 2e params: Uclcl= 9.642991 r0clcl = 2.253316

Mixed 2e params: Ucn2 = 13.200341 Uccl = 9.031915 Un2cl = 13.811417 r0cn2 =1.142474 r0ccl = 1.713237 r0n2cl = 1.682554
[8.42083845 3.72387031 0.7202363  3.84251098 2.66932367 1.99089833
 1.05399085 1.17290547 1.82142629 0.86802878 1.56590967 2.49547829
 1.0876589  1.36474112 0.98224722 0.75201178 0.61957925 1.40361181
 0.78648643 1.1496077  0.75707154 1.26353083 2.70430909 0.66652947
 1.57927207 0.91952559 1.53921669 0.84795726 2.00085978 2.76410626
 1.12275336 1.00104439 0.6688208  0.71311937 0.713674   1.26446657
 2.85543384 0.98106126 1.80594221 0.65708068 1.4767531  1.21152034
 0.70489671 1.39462166 1.06858575 1.22485171 0.67319313 1.16674107
 1.28432917 0.6161919  1.12776033 1.27918597 1.12935646 1.52555211
 4.9727731  1.39638052 2.22892185 1.47948697 0.99473148 1.21168902
 1.16975399 1.03326419 2.23060857 2.7753909  1.97824224 1.74682352
 1.46238969 2.57212976 1.42609523 0.94663702 0.85459797]

-------------------------------------
Restricted Open-shell PPP Calculation
-------------------------------------

Starting SCF cycle...

Iter   Energy        Dens Change      Energy Change
-----------------------------------------------------
0 -266.7084277029283 0.32917369208011293 -266.7084277029283
1 -301.1736552100871 0.07068372476101947 -34.46522750715877
2 -308.15361800507475 0.015479581286195865 -6.979962794987671
3 -310.1305013032424 0.005258368183425954 -1.9768832981676496
4 -310.73273884854325 0.0023064740276289575 -0.6022375453008522
5 -310.9137592284073 0.001208725283376344 -0.1810203798640373
6 -310.9751196795827 0.0006515277399079533 -0.06136045117540334
7 -310.99533304432583 0.00034855599626981704 -0.020213364743142392
8 -311.00264856267427 0.0001856015076932005 -0.00731551834843458
9 -311.0053066447293 9.859749248908312e-05 -0.0026580820550066164
10 -311.006353985619 5.230228433905637e-05 -0.001047340889726911
11 -311.0067810180846 2.7724744445567495e-05 -0.0004270324656090452
12 -311.0069675012202 1.4690415183538086e-05 -0.00018648313556468565
13 -311.0070523800695 7.782529133470995e-06 -8.487884934993417e-05
14 -311.00709287295854 4.122562131225749e-06 -4.049288901342152e-05
15 -311.00711277033486 2.1837514050382367e-06 -1.9897376319022442e-05
16 -311.0071227998253 1.1567507092191676e-06 -1.0029490454144252e-05
17 -311.00712793616225 6.127518989984537e-07 -5.1363369379942014e-06
18 -311.0071305981321 3.245936813778272e-07 -2.6619698587637686e-06
19 -311.00713198801805 1.7195197687946973e-07 -1.3898859378969064e-06
20 -311.0071327175127 9.109314480504338e-08 -7.294946726688067e-07
21 -311.0071331016608 4.825864363677823e-08 -3.8414810887843487e-07
22 -311.0071333044042 2.556669398412481e-08 -2.0274336520742509e-07
23 -311.00713341156336 1.3545133348280558e-08 -1.0715916687331628e-07
24 -311.0071334682526 7.176297223132622e-09 -5.6689259508857504e-08
25 -311.0071334982677 3.802115178253018e-09 -3.001508730449132e-08
26 -311.0071335141629 2.0144516055253803e-09 -1.5895182059466606e-08
27 -311.00713352258174 1.067321231396079e-09 -8.418851393798832e-09
28 -311.0071335270451 5.65508306848983e-10 -4.463345248950645e-09
29 -311.0071335294085 2.9963165282254067e-10 -2.3634356693946756e-09
30 -311.0071335306627 1.5876044923146537e-10 -1.254193193744868e-09
31 -311.0071335313255 8.412059937512595e-11 -6.627942639170215e-10
32 -311.0071335316786 4.457134661350892e-11 -3.531113179633394e-10
33 -311.00713353186626 2.3617219291338643e-11 -1.8764012565952726e-10
34 -311.0071335319636 1.2514878022784615e-11 -9.731593308970332e-11
35 -311.0071335320158 6.629696791549122e-12 -5.2239101933082566e-11
36 -311.007133532042 3.514633029055858e-12 -2.6204816094832495e-11
37 -311.0071335320587 1.86106685617915e-12 -1.6655121726216748e-11
38 -311.0071335320657 9.875433804040767e-13 -7.048583938740194e-12
39 -311.00713353207163 5.224709553885987e-13 -5.9117155615240335e-12
40 -311.0071335320747 2.7622348852673895e-13 -3.069544618483633e-12
41 -311.007133532074 1.4632739464559563e-13 6.821210263296962e-13
42 -311.0071335320739 7.771561172376096e-14 1.1368683772161603e-13
43 -311.00713353207516 4.207745263329343e-14 -1.2505552149377763e-12
44 -311.007133532077 2.2093438190040615e-14 -1.8189894035458565e-12
45 -311.0071335320762 1.199040866595169e-14 7.958078640513122e-13
46 -311.00713353207493 6.661338147750939e-15 1.2505552149377763e-12
47 -311.0071335320743 4.884981308350689e-15 6.252776074688882e-13
ENERGY0: -311.0071335320743

--------------------------
Converged ROPPP Orbitals
--------------------------

orbital number 1 energy -11.912855454525026
[ 0.    0.02 -0.    0.    0.04  0.12  0.    0.02  0.41  0.    0.12  0.
  0.03  0.41  0.   -0.    0.    0.04  0.    0.1  -0.    0.16  0.03 -0.
 -0.    0.   -0.    0.    0.1   0.    0.04  0.01  0.   -0.    0.    0.
  0.    0.01  0.    0.   -0.    0.   -0.   -0.    0.01  0.04  0.    0.
 -0.    0.    0.    0.    0.   -0.    0.    0.    0.76  0.    0.    0.
  0.    0.    0.    0.    0.    0.   -0.    0.   -0.   -0.   -0.  ]
orbital number 2 energy -8.27540840833655
[-0.35 -0.17 -0.   -0.2  -0.08 -0.05 -0.   -0.   -0.02 -0.   -0.01 -0.27
  0.    0.02 -0.01 -0.   -0.   -0.01 -0.    0.01 -0.    0.02 -0.08 -0.
 -0.02 -0.   -0.05 -0.   -0.04 -0.18  0.01  0.01 -0.   -0.   -0.   -0.01
 -0.51  0.01 -0.07 -0.   -0.02 -0.01 -0.   -0.02  0.01  0.01 -0.   -0.01
 -0.04 -0.   -0.03 -0.03 -0.03 -0.04 -0.48 -0.01  0.02 -0.01 -0.   -0.
 -0.   -0.   -0.02 -0.43 -0.02 -0.04 -0.01 -0.04 -0.03 -0.   -0.  ]
orbital number 3 energy -8.239128834209428
[ 0.    0.   -0.02  0.   -0.   -0.01 -0.35 -0.17  0.02 -0.26 -0.05  0.
 -0.08 -0.02 -0.51 -0.03 -0.01 -0.08 -0.05 -0.05 -0.03  0.02  0.   -0.01
  0.   -0.2   0.   -0.18  0.01  0.    0.01  0.01 -0.02 -0.01 -0.02  0.
  0.01  0.01  0.   -0.01  0.    0.   -0.03  0.    0.01  0.01 -0.02  0.
  0.   -0.01  0.    0.    0.    0.    0.01 -0.49  0.02 -0.42 -0.01 -0.03
 -0.01 -0.02  0.    0.01  0.    0.    0.    0.    0.   -0.02 -0.01]
orbital number 4 energy -8.069403064629828
[-0.05 -0.03  0.   -0.02 -0.01 -0.01  0.   -0.   -0.    0.   -0.   -0.01
  0.    0.    0.    0.    0.   -0.    0.    0.    0.    0.   -0.01  0.
  0.05  0.    0.27  0.   -0.01 -0.02  0.    0.    0.    0.    0.    0.04
 -0.06  0.    0.06  0.    0.05  0.04  0.    0.05  0.    0.    0.    0.05
  0.34  0.    0.27  0.28  0.37  0.36 -0.06  0.    0.    0.    0.    0.
  0.    0.    0.05 -0.05  0.05  0.32  0.05  0.35  0.36  0.    0.  ]
orbital number 5 energy -8.020731946443007
[-0.    0.   -0.05 -0.    0.    0.    0.03  0.02 -0.    0.01  0.01 -0.
  0.01  0.    0.04 -0.27 -0.04  0.01 -0.06  0.01 -0.36 -0.   -0.   -0.05
 -0.    0.02  0.    0.01 -0.   -0.   -0.   -0.   -0.28 -0.05 -0.28 -0.
 -0.   -0.   -0.   -0.04 -0.   -0.   -0.35 -0.   -0.   -0.   -0.37 -0.
  0.   -0.05  0.    0.    0.    0.   -0.    0.04 -0.    0.04 -0.05 -0.34
 -0.05 -0.34 -0.   -0.   -0.    0.   -0.    0.    0.   -0.36 -0.04]
orbital number 6 energy -7.967529977295532
[ 0.01  0.01 -0.    0.01  0.    0.   -0.    0.    0.   -0.    0.    0.
 -0.   -0.   -0.    0.   -0.    0.   -0.   -0.    0.   -0.    0.   -0.
 -0.26 -0.    0.03 -0.    0.    0.   -0.   -0.    0.   -0.    0.   -0.28
  0.02 -0.   -0.03 -0.   -0.35 -0.28  0.   -0.35 -0.   -0.    0.   -0.38
  0.05 -0.    0.04  0.04  0.06  0.05  0.02 -0.   -0.   -0.   -0.    0.
 -0.    0.   -0.35  0.02 -0.33  0.05 -0.37  0.05  0.06  0.   -0.  ]
orbital number 7 energy -7.922889963882064
[ 0.   -0.    0.26  0.   -0.   -0.   -0.01 -0.01  0.   -0.   -0.    0.
 -0.   -0.   -0.01 -0.03  0.27 -0.    0.03 -0.   -0.05  0.    0.    0.34
 -0.   -0.   -0.   -0.    0.    0.    0.    0.   -0.04  0.36 -0.04 -0.
  0.    0.    0.    0.28 -0.   -0.   -0.05 -0.    0.    0.   -0.06 -0.
 -0.    0.37 -0.   -0.   -0.   -0.    0.   -0.01  0.   -0.01  0.33 -0.05
  0.37 -0.05 -0.    0.   -0.   -0.   -0.   -0.   -0.   -0.06  0.36]
orbital number 8 energy -7.712697851685211
[-0.   -0.05 -0.    0.   -0.07 -0.11 -0.   -0.05 -0.09  0.02 -0.11  0.02
 -0.05 -0.08  0.04 -0.   -0.   -0.07  0.   -0.06 -0.    0.45 -0.05 -0.
 -0.    0.    0.    0.01 -0.06  0.01  0.41  0.37 -0.   -0.   -0.   -0.
  0.04  0.35  0.   -0.   -0.   -0.   -0.   -0.    0.36  0.41 -0.   -0.
 -0.   -0.   -0.   -0.   -0.   -0.    0.02  0.02 -0.    0.04 -0.   -0.
 -0.   -0.   -0.    0.04 -0.   -0.   -0.   -0.   -0.   -0.   -0.  ]
orbital number 9 energy -7.123355647846038
[-0.02 -0.03 -0.   -0.01 -0.03 -0.02  0.    0.01 -0.02 -0.    0.    0.02
  0.01  0.02 -0.   -0.    0.    0.   -0.    0.01 -0.   -0.   -0.03 -0.
  0.02  0.    0.17 -0.   -0.02  0.01 -0.   -0.    0.   -0.    0.   -0.01
  0.01 -0.01  0.05  0.    0.01 -0.01 -0.    0.02 -0.   -0.    0.   -0.04
  0.06  0.   -0.13 -0.03 -0.37  0.32 -0.01 -0.    0.01 -0.01 -0.   -0.
 -0.   -0.    0.02  0.01  0.02  0.09 -0.07  0.54 -0.63  0.    0.  ]
orbital number 10 energy -7.071959125433967
[-0.02 -0.03 -0.   -0.01 -0.02 -0.02  0.01  0.02 -0.02 -0.    0.01  0.01
  0.02  0.02 -0.01 -0.01  0.    0.01 -0.    0.02 -0.01 -0.   -0.03 -0.
  0.02  0.    0.08 -0.   -0.03  0.   -0.   -0.    0.   -0.    0.   -0.01
  0.01 -0.    0.03  0.    0.01 -0.01 -0.    0.02 -0.   -0.    0.01 -0.04
  0.4   0.    0.12 -0.16 -0.14 -0.24 -0.01  0.    0.   -0.01 -0.   -0.01
 -0.   -0.    0.02  0.02  0.04  0.68 -0.07 -0.42 -0.24  0.02  0.  ]
orbital number 11 energy -7.065560730548099
[-0.02 -0.04 -0.02 -0.01 -0.03 -0.02  0.04  0.07 -0.05 -0.02  0.04  0.01
  0.06  0.05 -0.02 -0.17  0.01  0.05 -0.05  0.06 -0.31  0.   -0.04 -0.01
  0.    0.02 -0.01 -0.   -0.05 -0.    0.    0.    0.13 -0.02  0.03 -0.
  0.02  0.01  0.    0.01  0.   -0.   -0.06  0.    0.    0.    0.36 -0.
 -0.02  0.04 -0.    0.01  0.01  0.01 -0.    0.01 -0.01 -0.04 -0.02 -0.53
 -0.04 -0.1   0.    0.03  0.   -0.03 -0.    0.01  0.02  0.62  0.07]
orbital number 12 energy -7.051779898744705
[ 0.02  0.05  0.01  0.01  0.04  0.03 -0.03 -0.05  0.05  0.01 -0.03 -0.01
 -0.05 -0.05  0.02  0.06 -0.01 -0.04  0.02 -0.05 -0.25 -0.    0.05  0.01
 -0.   -0.01  0.    0.    0.05  0.   -0.   -0.    0.11  0.01 -0.17  0.
 -0.02 -0.   -0.   -0.01 -0.    0.    0.39 -0.   -0.   -0.   -0.13  0.
  0.01 -0.02  0.   -0.   -0.01  0.    0.   -0.    0.    0.04  0.01 -0.44
  0.01  0.67 -0.   -0.04 -0.    0.01  0.01  0.   -0.01 -0.22 -0.03]
orbital number 13 energy -7.0459196696504565
[ 0.14  0.28 -0.    0.07  0.22  0.17 -0.13 -0.27  0.25  0.06 -0.15 -0.06
 -0.27 -0.25  0.13 -0.04  0.   -0.21  0.   -0.27 -0.01  0.    0.28 -0.
 -0.02 -0.06  0.01 -0.    0.28  0.01  0.    0.    0.    0.    0.03  0.01
 -0.13  0.   -0.01  0.   -0.02  0.01 -0.08 -0.01  0.    0.    0.09  0.03
  0.04  0.    0.   -0.01 -0.03  0.01  0.01  0.   -0.01  0.22 -0.   -0.02
  0.   -0.14 -0.03 -0.23 -0.02  0.07  0.05  0.01 -0.06  0.15  0.  ]
orbital number 14 energy -7.022283769670537
[ 0.    0.01  0.    0.    0.01  0.   -0.02 -0.04  0.02  0.01 -0.03  0.
 -0.04 -0.02  0.02 -0.   -0.   -0.03  0.   -0.03 -0.   -0.    0.02  0.
  0.17 -0.01 -0.01 -0.    0.02  0.   -0.   -0.01  0.    0.    0.   -0.03
 -0.01 -0.01  0.02 -0.    0.3  -0.12 -0.    0.09 -0.01 -0.    0.   -0.37
 -0.04 -0.   -0.    0.01  0.04 -0.01 -0.01 -0.    0.01  0.03  0.   -0.
  0.   -0.01  0.52 -0.02  0.16 -0.07 -0.64 -0.02  0.07  0.01 -0.  ]
orbital number 15 energy -7.00839475726813
[ 0.    0.   -0.    0.    0.    0.    0.01  0.01 -0.01 -0.    0.01 -0.
  0.01  0.01 -0.01  0.    0.    0.01 -0.    0.01  0.    0.   -0.    0.
 -0.06  0.    0.01  0.   -0.   -0.    0.    0.   -0.   -0.01 -0.    0.17
  0.    0.   -0.01 -0.    0.26 -0.12  0.   -0.4   0.    0.   -0.    0.11
  0.02  0.    0.   -0.01 -0.01  0.    0.    0.   -0.01 -0.01  0.    0.
 -0.01  0.    0.46  0.   -0.68  0.03  0.2   0.   -0.03 -0.    0.01]
orbital number 16 energy -7.0056170156548685
[ 0.01  0.01 -0.11  0.    0.01  0.01  0.    0.    0.01 -0.    0.   -0.
  0.   -0.    0.    0.01  0.17  0.   -0.01 -0.    0.02  0.    0.01  0.12
  0.    0.    0.   -0.    0.01  0.    0.    0.   -0.   -0.38 -0.01 -0.
 -0.01  0.   -0.   -0.04 -0.    0.    0.02  0.01  0.    0.   -0.03 -0.
  0.    0.28 -0.   -0.   -0.    0.    0.    0.   -0.01  0.    0.19  0.03
 -0.67  0.03 -0.   -0.01  0.01  0.   -0.01  0.   -0.   -0.05  0.47]
orbital number 17 energy -6.977107250507712
[-0.16 -0.3   0.01 -0.08 -0.29 -0.29 -0.16 -0.3  -0.01  0.06 -0.3   0.06
 -0.21 -0.02  0.14 -0.01  0.01 -0.3   0.01 -0.13 -0.01 -0.02 -0.21  0.03
 -0.01 -0.08 -0.   -0.01 -0.13 -0.01 -0.08 -0.12  0.   -0.02  0.    0.01
  0.13 -0.13  0.01 -0.01 -0.01  0.   -0.01 -0.02 -0.12 -0.08  0.02  0.02
 -0.01 -0.01  0.    0.    0.01 -0.01 -0.02 -0.01  0.22  0.26  0.04 -0.02
 -0.03 -0.02 -0.02  0.26 -0.03 -0.02  0.04 -0.01  0.02  0.03 -0.01]
orbital number 18 energy -6.953329209346341
[-0.01 -0.01 -0.14 -0.   -0.01 -0.01 -0.01 -0.02  0.   -0.   -0.02  0.
 -0.02 -0.01  0.01  0.01 -0.05 -0.02 -0.02 -0.01  0.01 -0.   -0.01 -0.4
 -0.   -0.01 -0.   -0.   -0.   -0.   -0.   -0.01 -0.    0.08 -0.    0.
  0.01 -0.01  0.    0.16 -0.    0.    0.02 -0.   -0.01 -0.   -0.02  0.
 -0.    0.28  0.    0.    0.   -0.   -0.    0.    0.01  0.02 -0.67  0.02
  0.15  0.04 -0.    0.01 -0.   -0.    0.   -0.    0.   -0.04  0.48]
orbital number 19 energy -6.232426355146448
[ 0.28  0.03 -0.    0.26 -0.06 -0.14 -0.22 -0.03 -0.23 -0.05  0.06  0.07
  0.1   0.22  0.07 -0.    0.    0.02 -0.01  0.2   0.    0.01 -0.12  0.
  0.   -0.2   0.   -0.14 -0.21  0.19 -0.   -0.01  0.    0.    0.   -0.
 -0.09 -0.01  0.02  0.   -0.   -0.    0.   -0.   -0.01 -0.   -0.    0.
 -0.   -0.   -0.   -0.    0.   -0.    0.19 -0.14  0.02  0.38  0.    0.
  0.    0.   -0.   -0.5  -0.   -0.01  0.   -0.01  0.   -0.   -0.  ]
orbital number 20 energy -6.179614903540443
[-0.2   0.01 -0.   -0.2   0.16  0.26 -0.27  0.    0.01 -0.08  0.28 -0.07
  0.05  0.07  0.08 -0.    0.    0.17 -0.02  0.08  0.   -0.06  0.02  0.
 -0.   -0.26 -0.   -0.19  0.03 -0.15  0.01  0.07  0.    0.    0.    0.
  0.06  0.1  -0.02  0.    0.    0.    0.    0.    0.07  0.01 -0.   -0.
  0.   -0.    0.    0.   -0.    0.   -0.14 -0.19 -0.15  0.5   0.    0.01
  0.    0.01  0.    0.37  0.    0.01 -0.    0.01 -0.   -0.   -0.  ]
orbital number 21 energy -5.304961506698095
[ 0.11  0.21 -0.02 -0.13 -0.08 -0.33  0.05  0.15 -0.07 -0.16 -0.31 -0.28
  0.31 -0.   -0.02 -0.03 -0.   -0.12 -0.06  0.25 -0.01  0.13  0.3  -0.
 -0.05 -0.09 -0.09 -0.18  0.2  -0.3   0.05 -0.08 -0.01 -0.   -0.01 -0.01
 -0.02 -0.13 -0.15 -0.   -0.01 -0.01 -0.01 -0.01 -0.08  0.05 -0.   -0.
 -0.02 -0.   -0.02 -0.02 -0.01 -0.02  0.11  0.04  0.03  0.09  0.02  0.03
  0.02  0.03  0.05  0.12  0.05  0.09  0.02  0.08  0.03  0.01  0.  ]
orbital number 22 energy -5.194284939212149
[-0.16 -0.12 -0.04  0.14 -0.16 -0.08  0.12  0.21  0.19 -0.28 -0.15  0.32
  0.14 -0.16 -0.02 -0.07 -0.01  0.05 -0.12 -0.01 -0.02 -0.06  0.13 -0.01
  0.07 -0.15  0.13 -0.32  0.26  0.34 -0.03  0.04 -0.02 -0.01 -0.02  0.02
 -0.    0.06  0.2  -0.01  0.02  0.02 -0.02  0.02  0.04 -0.02 -0.01  0.01
  0.03 -0.    0.04  0.04  0.02  0.03 -0.22  0.13 -0.    0.09  0.04  0.07
  0.04  0.07 -0.07 -0.03 -0.07 -0.13 -0.03 -0.13 -0.06  0.03  0.01]
orbital number 23 energy -5.146871247049526
[-0.01 -0.01 -0.02  0.01  0.1   0.14  0.06  0.08 -0.03 -0.13  0.12  0.02
 -0.1  -0.13 -0.01 -0.04 -0.    0.16 -0.06 -0.2  -0.01  0.5  -0.11 -0.
  0.01 -0.06  0.01 -0.14 -0.12  0.02  0.21 -0.29 -0.01 -0.   -0.01  0.
  0.   -0.52  0.02 -0.01  0.    0.   -0.01  0.   -0.28  0.21 -0.01  0.
  0.   -0.    0.    0.    0.    0.   -0.02  0.07 -0.03  0.03  0.02  0.04
  0.02  0.04 -0.01 -0.   -0.01 -0.01 -0.   -0.01 -0.01  0.02  0.01]
orbital number 24 energy -5.022228564617944
[-0.   -0.    0.    0.   -0.   -0.   -0.   -0.   -0.    0.   -0.    0.
  0.    0.   -0.    0.    0.   -0.    0.    0.    0.   -0.    0.    0.
  0.    0.    0.    0.    0.    0.   -0.51 -0.49  0.    0.    0.    0.
 -0.    0.    0.    0.    0.    0.    0.    0.    0.49  0.51  0.    0.
  0.    0.    0.    0.    0.    0.   -0.   -0.   -0.    0.   -0.   -0.
 -0.   -0.   -0.    0.   -0.   -0.   -0.   -0.   -0.   -0.   -0.  ]
orbital number 25 energy -4.991355177813632
[-0.09  0.11  0.08  0.04  0.02 -0.09 -0.15  0.01 -0.07  0.26 -0.07  0.12
  0.18  0.04 -0.04  0.16  0.03 -0.05  0.16  0.21  0.05  0.16  0.2   0.02
  0.08  0.14  0.16  0.32  0.13  0.13  0.08 -0.09  0.08  0.03  0.08  0.04
 -0.04 -0.17  0.14  0.03  0.03  0.04  0.06  0.03 -0.09  0.08  0.04  0.02
  0.06  0.01  0.09  0.09  0.05  0.06 -0.2  -0.28 -0.06  0.07 -0.08 -0.17
 -0.08 -0.17 -0.09  0.1  -0.09 -0.18 -0.06 -0.18 -0.13 -0.12 -0.05]
orbital number 26 energy -4.8618171426550525
[ 0.06  0.08 -0.06 -0.13  0.07  0.    0.01 -0.09 -0.08  0.01  0.01 -0.14
 -0.05  0.08  0.02 -0.18 -0.04 -0.07 -0.09  0.03 -0.08 -0.03 -0.02 -0.02
  0.07  0.02  0.25  0.02 -0.1  -0.22 -0.02  0.01 -0.14 -0.03 -0.14  0.05
  0.01  0.03  0.08 -0.04  0.03  0.05 -0.08  0.03  0.01 -0.01 -0.08  0.03
  0.13 -0.02  0.23  0.23  0.13  0.13  0.12  0.05  0.02 -0.05  0.07  0.22
  0.07  0.22 -0.09 -0.01 -0.09 -0.33 -0.08 -0.32 -0.32  0.2   0.05]
orbital number 27 energy -4.822476501483459
[ 0.06 -0.04  0.06 -0.11 -0.01  0.02  0.08  0.02  0.03 -0.16  0.01 -0.11
 -0.07 -0.03  0.04  0.24  0.04  0.03  0.07 -0.09  0.13 -0.05 -0.08  0.02
  0.   -0.15  0.11 -0.27 -0.05 -0.19 -0.03  0.03  0.23  0.03  0.23  0.
  0.04  0.05  0.01  0.04  0.    0.    0.13  0.    0.02 -0.03  0.13  0.
  0.07  0.02  0.12  0.12  0.07  0.07  0.17  0.2   0.03 -0.07 -0.07 -0.32
 -0.07 -0.32 -0.   -0.07 -0.   -0.16 -0.   -0.16 -0.17 -0.32 -0.06]
orbital number 28 energy -4.770046883342472
[ 0.02  0.02 -0.   -0.05  0.02  0.    0.01 -0.02 -0.02 -0.02  0.   -0.04
 -0.02  0.02  0.01  0.01 -0.   -0.01 -0.   -0.    0.01 -0.01 -0.01 -0.
  0.29 -0.02 -0.07 -0.04 -0.03 -0.08 -0.01  0.    0.02 -0.    0.02  0.32
  0.01  0.01  0.04 -0.    0.18  0.3   0.01  0.17  0.   -0.    0.01  0.18
 -0.05 -0.   -0.1  -0.1  -0.06 -0.05  0.05  0.04  0.01 -0.02  0.   -0.02
  0.   -0.02 -0.41 -0.01 -0.41  0.12 -0.43  0.12  0.14 -0.02  0.  ]
orbital number 29 energy -4.717461304006783
[ 0.01 -0.02  0.31 -0.01 -0.02  0.    0.01  0.02  0.02 -0.02  0.   -0.01
 -0.   -0.02  0.01 -0.06  0.3   0.02  0.05 -0.02 -0.05 -0.   -0.01  0.17
  0.   -0.04  0.   -0.05  0.01 -0.02 -0.    0.   -0.1   0.19 -0.1   0.01
  0.01  0.   -0.    0.32  0.    0.01 -0.05  0.    0.   -0.   -0.06  0.
  0.    0.18  0.    0.    0.    0.    0.03  0.03  0.   -0.01 -0.42  0.11
 -0.41  0.11 -0.01 -0.02 -0.01 -0.   -0.01 -0.   -0.01  0.14 -0.43]
orbital number 30 energy -4.615913229027502
[ 0.02 -0.27 -0.01 -0.16 -0.26 -0.02 -0.02  0.27  0.24  0.04  0.01 -0.05
  0.05 -0.24 -0.14 -0.   -0.01  0.26  0.01 -0.19 -0.01 -0.   -0.05 -0.01
  0.01  0.17  0.    0.2   0.19 -0.2  -0.    0.   -0.01 -0.01 -0.01  0.02
  0.14  0.   -0.02 -0.01  0.01  0.01 -0.    0.01  0.   -0.   -0.01  0.01
  0.01 -0.01  0.02  0.02  0.01  0.01  0.33 -0.33  0.    0.25  0.01  0.01
  0.01  0.01 -0.01 -0.24 -0.01 -0.01 -0.02 -0.01 -0.03  0.02  0.02]
orbital number 31 energy -4.094443587406105
[-0.19 -0.09  0.03 -0.35 -0.01  0.09 -0.14 -0.13  0.04  0.18  0.04  0.24
  0.1   0.05  0.17  0.06 -0.04 -0.1   0.12  0.2  -0.    0.05  0.07 -0.
  0.08 -0.22  0.14 -0.06  0.15 -0.14  0.05 -0.02 -0.06 -0.   -0.06 -0.08
  0.23 -0.07  0.23 -0.04 -0.   -0.08 -0.   -0.   -0.02  0.05 -0.06 -0.07
  0.   -0.03 -0.13 -0.13 -0.12 -0.    0.19  0.15 -0.13 -0.23  0.    0.
  0.01 -0.    0.01 -0.3   0.   -0.    0.11 -0.    0.17  0.08  0.05]
orbital number 32 energy -3.937338087489039
[ 0.07 -0.08  0.08  0.16 -0.32 -0.19 -0.16 -0.01 -0.05  0.21  0.25 -0.1
 -0.17  0.09  0.17  0.15 -0.07  0.27  0.2  -0.13  0.01  0.02  0.21  0.
 -0.08 -0.26 -0.13 -0.07  0.24  0.07  0.02 -0.01 -0.12  0.   -0.12  0.06
 -0.06 -0.02 -0.17 -0.07 -0.    0.06  0.01 -0.01 -0.01  0.02 -0.12  0.06
 -0.01 -0.07  0.1   0.11  0.1  -0.01 -0.02  0.1  -0.04 -0.21 -0.   -0.02
 -0.   -0.02  0.01  0.08  0.01  0.02 -0.08  0.02 -0.13  0.15  0.09]
orbital number 33 energy -3.817614009522826
[ 0.02 -0.14  0.08  0.1   0.17  0.28 -0.07  0.09  0.26  0.1  -0.25 -0.04
  0.34 -0.24  0.06  0.17 -0.06 -0.2   0.18  0.18  0.02  0.01 -0.31  0.01
 -0.1  -0.14 -0.18 -0.04 -0.12  0.07  0.01 -0.   -0.11  0.01 -0.11  0.08
 -0.01 -0.01 -0.18 -0.07 -0.01  0.07  0.02 -0.02 -0.    0.01 -0.12  0.08
 -0.03 -0.06  0.12  0.13  0.13 -0.03  0.02  0.01 -0.03 -0.07 -0.01 -0.03
 -0.01 -0.03  0.01  0.01  0.02  0.04 -0.09  0.03 -0.15  0.14  0.08]
orbital number 34 energy -3.6476551808047217
[ 0.1   0.15  0.16  0.04  0.08 -0.09  0.08  0.16 -0.05 -0.08 -0.1  -0.1
 -0.03 -0.07 -0.08  0.34 -0.11  0.09  0.25 -0.17  0.07 -0.04 -0.04  0.03
  0.14  0.01  0.26 -0.07 -0.17 -0.06 -0.05  0.02 -0.19  0.03 -0.2  -0.09
 -0.1   0.05  0.17 -0.11  0.03 -0.08  0.07  0.03  0.02 -0.05 -0.22 -0.09
  0.06 -0.12 -0.14 -0.16 -0.17  0.05 -0.06 -0.06  0.14  0.09 -0.04 -0.08
 -0.03 -0.08 -0.03  0.11 -0.03 -0.07  0.11 -0.06  0.19  0.25  0.13]
orbital number 35 energy -3.378691743221238
[-0.21  0.1   0.1  -0.24  0.08 -0.04  0.21 -0.11 -0.15 -0.27  0.05  0.27
 -0.15  0.16 -0.18  0.23 -0.05 -0.09  0.07  0.01  0.07  0.    0.15  0.03
 -0.11  0.24 -0.26 -0.04  0.01  0.04  0.   -0.   -0.12  0.03 -0.1   0.06
  0.18 -0.   -0.05 -0.05 -0.03  0.05  0.06 -0.03 -0.    0.   -0.14  0.07
 -0.1  -0.06  0.09  0.17  0.16 -0.05  0.01 -0.   -0.01  0.17 -0.03 -0.07
 -0.03 -0.06  0.03 -0.18  0.03  0.1  -0.07  0.05 -0.16  0.14  0.06]
orbital number 36 energy -3.353172856989554
[ 0.02 -0.01 -0.01  0.02 -0.01  0.   -0.02  0.01  0.01  0.02 -0.   -0.02
  0.01 -0.01  0.01 -0.02  0.    0.01 -0.   -0.   -0.01 -0.   -0.01 -0.
  0.05 -0.02  0.01  0.   -0.   -0.   -0.    0.    0.01 -0.    0.01 -0.02
 -0.02  0.    0.01  0.    0.01 -0.02 -0.    0.01  0.   -0.    0.01 -0.03
 -0.34  0.   -0.53  0.51 -0.    0.34 -0.   -0.    0.   -0.01  0.    0.01
  0.    0.   -0.01  0.01 -0.02  0.33  0.03 -0.33  0.   -0.01 -0.  ]
orbital number 37 energy -3.316006486931435
[ 0.01 -0.    0.01  0.01 -0.    0.   -0.    0.    0.    0.01 -0.   -0.01
  0.   -0.    0.   -0.01 -0.01  0.    0.    0.    0.34  0.   -0.    0.
  0.   -0.    0.01  0.    0.   -0.    0.   -0.   -0.52  0.    0.53 -0.
 -0.   -0.    0.   -0.    0.   -0.   -0.34  0.   -0.    0.    0.01 -0.
  0.   -0.01 -0.   -0.   -0.    0.    0.    0.   -0.   -0.   -0.   -0.33
 -0.    0.34 -0.    0.   -0.   -0.    0.   -0.    0.   -0.01  0.01]
orbital number 38 energy -3.28201021279073
[ 0.    0.   -0.    0.   -0.   -0.   -0.    0.    0.    0.   -0.   -0.
  0.   -0.    0.   -0.    0.    0.   -0.   -0.   -0.   -0.   -0.   -0.
  0.08 -0.   -0.05  0.   -0.   -0.   -0.    0.    0.   -0.    0.   -0.55
 -0.    0.    0.    0.   -0.31  0.49 -0.    0.37  0.   -0.    0.   -0.04
 -0.01  0.    0.03  0.02  0.03 -0.02 -0.   -0.    0.   -0.    0.    0.
  0.    0.    0.3   0.   -0.36  0.01  0.04  0.02 -0.03 -0.   -0.  ]
orbital number 39 energy -3.220509091459742
[ 0.   -0.   -0.07  0.   -0.    0.   -0.   -0.    0.    0.    0.   -0.
  0.   -0.    0.    0.04 -0.49 -0.   -0.    0.    0.01  0.   -0.   -0.36
 -0.   -0.    0.    0.    0.   -0.    0.   -0.   -0.02  0.32 -0.02  0.
 -0.   -0.   -0.    0.55 -0.    0.    0.01 -0.   -0.    0.   -0.02  0.
  0.    0.03 -0.   -0.   -0.    0.    0.    0.   -0.   -0.    0.35 -0.01
 -0.3  -0.01  0.    0.    0.   -0.   -0.   -0.    0.    0.02 -0.03]
orbital number 40 energy -3.210605596301458
[ 0.01  0.01 -0.    0.01  0.   -0.01 -0.01  0.02  0.    0.02 -0.01 -0.01
  0.01 -0.01  0.01 -0.01 -0.    0.01 -0.   -0.01 -0.   -0.   -0.01 -0.
  0.53 -0.02 -0.3   0.   -0.01 -0.01 -0.    0.    0.01  0.    0.01 -0.17
 -0.01  0.    0.02  0.01  0.23 -0.33 -0.01  0.13  0.   -0.    0.01 -0.33
 -0.08  0.    0.17  0.11  0.19 -0.12 -0.   -0.    0.01 -0.01  0.    0.
 -0.    0.01 -0.21  0.01 -0.12  0.08  0.32  0.12 -0.18 -0.01 -0.  ]
orbital number 41 energy -3.161371974257208
[ 0.01 -0.01 -0.54  0.01 -0.01  0.01 -0.01 -0.01  0.01  0.01  0.01 -0.02
  0.   -0.    0.01  0.29  0.32 -0.   -0.02  0.01  0.11  0.   -0.01 -0.14
  0.01 -0.    0.01  0.01  0.01 -0.    0.   -0.   -0.14 -0.22 -0.12 -0.
 -0.01 -0.   -0.    0.19  0.   -0.01  0.09  0.   -0.    0.   -0.18 -0.01
  0.    0.34 -0.   -0.   -0.    0.    0.    0.   -0.01 -0.01  0.13 -0.1
  0.2  -0.09 -0.    0.01 -0.   -0.    0.01 -0.    0.    0.16 -0.33]
orbital number 42 energy -2.968919746851805
[-0.13  0.3  -0.07 -0.22  0.22 -0.2  -0.14  0.3  -0.13  0.24 -0.19  0.23
  0.04 -0.13  0.12 -0.09  0.03  0.23  0.03 -0.26 -0.04 -0.03  0.04 -0.03
 -0.09 -0.23 -0.11  0.01 -0.25  0.   -0.07  0.01  0.03 -0.03  0.04  0.04
  0.11  0.08  0.04  0.03 -0.03  0.04 -0.04 -0.03  0.01 -0.07  0.06  0.05
 -0.04  0.05  0.04  0.05  0.07 -0.05 -0.07 -0.07  0.25 -0.1   0.03  0.03
  0.02  0.03  0.03 -0.09  0.03  0.04 -0.05  0.04 -0.06 -0.05 -0.04]
orbital number 43 energy 0.0
[ 0.21  0.02  0.02  0.02 -0.1  -0.   -0.06 -0.03  0.07 -0.01  0.03  0.01
  0.03 -0.04  0.05  0.04 -0.01  0.03 -0.27  0.02  0.08 -0.   -0.07  0.04
 -0.07  0.   -0.1   0.06 -0.   -0.21  0.01  0.   -0.01  0.04 -0.01  0.02
 -0.18 -0.01  0.71 -0.01 -0.12  0.02  0.08 -0.12  0.    0.01 -0.07  0.12
 -0.19 -0.04  0.03  0.03  0.19 -0.2  -0.05  0.02 -0.02 -0.03 -0.03 -0.04
 -0.02 -0.04  0.07  0.09  0.07  0.11 -0.06  0.11 -0.1   0.04  0.02]
orbital number 44 energy 0.045161109618002904
[-0.08  0.02  0.06 -0.02  0.04 -0.03 -0.17  0.   -0.01 -0.01 -0.02  0.
  0.05 -0.04  0.14  0.1  -0.02  0.07 -0.74 -0.01  0.21  0.01  0.02  0.12
  0.02 -0.02  0.03  0.17 -0.02  0.08 -0.01 -0.   -0.03  0.12 -0.03 -0.01
  0.07  0.01 -0.27 -0.02  0.05 -0.01  0.21  0.05 -0.   -0.01 -0.2  -0.04
  0.07 -0.11 -0.01 -0.01 -0.07  0.08  0.01  0.03  0.03 -0.07 -0.07 -0.12
 -0.07 -0.12 -0.03 -0.04 -0.03 -0.04  0.02 -0.04  0.04  0.1   0.06]
orbital number 45 energy 2.4188409146802377
[-0.   -0.01  0.    0.01 -0.15  0.12 -0.07 -0.12 -0.09 -0.08  0.16 -0.
  0.2  -0.19  0.01  0.01 -0.   -0.06  0.04 -0.04 -0.01  0.5   0.17 -0.01
  0.    0.06  0.    0.02 -0.11 -0.   -0.31 -0.2  -0.   -0.01 -0.   -0.
  0.    0.48  0.   -0.   -0.   -0.   -0.01 -0.   -0.21 -0.3   0.02  0.
 -0.    0.01 -0.   -0.    0.   -0.    0.    0.06  0.06 -0.01  0.    0.01
  0.    0.01  0.   -0.    0.    0.   -0.    0.   -0.   -0.01 -0.  ]
orbital number 46 energy 2.4456923491038243
[ 0.17  0.33  0.01 -0.18 -0.26 -0.14 -0.18 -0.3   0.31 -0.2   0.1   0.21
  0.06 -0.27  0.05  0.02 -0.    0.3   0.1   0.23 -0.04 -0.09 -0.11 -0.02
 -0.01  0.17 -0.03  0.05 -0.21 -0.04  0.06  0.03 -0.01 -0.02 -0.01  0.
 -0.03 -0.09 -0.13 -0.    0.03  0.01 -0.04  0.03  0.04  0.05  0.04 -0.03
  0.05  0.02  0.01  0.01 -0.05  0.05 -0.15  0.14 -0.01 -0.02  0.01  0.02
  0.01  0.02 -0.01  0.01 -0.01 -0.02  0.01 -0.02  0.02 -0.02 -0.01]
orbital number 47 energy 2.6571506958033817
[ 0.    0.    0.   -0.    0.   -0.01 -0.   -0.    0.01 -0.   -0.    0.
 -0.   -0.    0.    0.   -0.    0.01  0.    0.01 -0.   -0.   -0.01 -0.
 -0.    0.   -0.    0.    0.   -0.   -0.49  0.51 -0.   -0.   -0.    0.
 -0.   -0.   -0.   -0.    0.    0.   -0.    0.   -0.51  0.49  0.   -0.
  0.    0.    0.    0.   -0.    0.   -0.    0.   -0.   -0.    0.    0.
  0.    0.   -0.    0.   -0.   -0.    0.   -0.    0.   -0.   -0.  ]
orbital number 48 energy 2.714794333902101
[-0.07 -0.09  0.    0.06  0.4  -0.24 -0.07 -0.09  0.02 -0.08 -0.24 -0.08
 -0.3   0.01  0.03  0.01 -0.    0.41  0.03  0.33 -0.01  0.2  -0.29 -0.01
  0.01  0.06  0.01  0.02  0.32  0.02 -0.1  -0.09 -0.   -0.01 -0.   -0.
  0.01  0.19  0.04 -0.   -0.01 -0.   -0.01 -0.01 -0.08 -0.11  0.02  0.01
 -0.02  0.01 -0.   -0.    0.02 -0.02  0.05  0.05 -0.07 -0.01  0.    0.01
  0.    0.01  0.   -0.    0.    0.01 -0.    0.01 -0.01 -0.01 -0.  ]
orbital number 49 energy 3.201135584290551
[ 0.3   0.15 -0.03 -0.18 -0.16  0.01  0.32  0.14  0.13  0.32 -0.01  0.29
 -0.26  0.11 -0.11 -0.06  0.01 -0.13 -0.1   0.12  0.06  0.15 -0.22  0.03
 -0.04 -0.18 -0.08 -0.15  0.08 -0.12 -0.06 -0.09  0.02  0.03  0.03  0.01
 -0.1   0.15 -0.11  0.01  0.04  0.02  0.06  0.04 -0.09 -0.06 -0.08 -0.05
  0.07 -0.04  0.03  0.03 -0.1   0.07 -0.17 -0.18 -0.16  0.04 -0.01 -0.02
 -0.01 -0.02 -0.02  0.04 -0.02 -0.03  0.02 -0.03  0.04  0.03  0.01]
orbital number 50 energy 3.555671758735296
[-0.21  0.02 -0.02  0.07 -0.18  0.18  0.19 -0.03  0.12  0.19 -0.18 -0.21
 -0.32 -0.14 -0.04 -0.06  0.01  0.19 -0.04  0.38  0.04 -0.01  0.35  0.02
  0.04 -0.03  0.09 -0.15 -0.39  0.12  0.    0.    0.03  0.02  0.03 -0.01
  0.08 -0.01  0.05  0.01 -0.03 -0.02  0.05 -0.03  0.    0.   -0.07  0.04
 -0.06 -0.03 -0.04 -0.04  0.1  -0.07  0.11 -0.12  0.01  0.01 -0.01 -0.02
 -0.01 -0.02  0.01 -0.03  0.01  0.02 -0.02  0.03 -0.04  0.03  0.01]
orbital number 51 energy 3.7560664607746146
[ 0.02  0.05 -0.   -0.51 -0.   -0.05  0.01 -0.01  0.02  0.02  0.06 -0.1
  0.05  0.01  0.02 -0.01  0.   -0.04 -0.   -0.04  0.01  0.01 -0.08  0.
  0.    0.03  0.09 -0.04  0.05  0.56 -0.   -0.01  0.01  0.    0.01 -0.
 -0.44  0.01  0.01  0.   -0.   -0.    0.01 -0.   -0.01 -0.   -0.01  0.
 -0.05 -0.   -0.05 -0.04  0.1  -0.07  0.37 -0.03 -0.02 -0.01 -0.   -0.
 -0.   -0.    0.    0.16  0.    0.02 -0.    0.02 -0.04  0.    0.  ]
orbital number 52 energy 3.7695925076265917
[ 0.    0.01  0.   -0.04 -0.04  0.05  0.03  0.05  0.02 -0.1  -0.05 -0.01
 -0.09  0.01 -0.45  0.07  0.    0.01  0.01  0.06 -0.04  0.01  0.04 -0.
 -0.   -0.52  0.01  0.55 -0.05  0.05 -0.   -0.01 -0.03 -0.   -0.03 -0.
 -0.04  0.01  0.   -0.    0.    0.   -0.04 -0.   -0.01 -0.    0.07 -0.
 -0.    0.   -0.   -0.    0.01 -0.01  0.03  0.37 -0.02  0.16  0.    0.01
  0.    0.01 -0.    0.01  0.    0.    0.    0.   -0.   -0.03 -0.  ]
orbital number 53 energy 3.848943962676887
[ 0.    0.01  0.    0.03  0.   -0.01  0.   -0.    0.01  0.    0.02  0.01
  0.01  0.   -0.   -0.   -0.   -0.01  0.   -0.01  0.    0.   -0.02 -0.
 -0.2  -0.    0.19  0.    0.01 -0.04 -0.   -0.    0.   -0.    0.    0.05
  0.04  0.   -0.04 -0.    0.17  0.14  0.    0.07 -0.   -0.   -0.   -0.22
  0.34  0.   -0.47  0.3   0.19 -0.53 -0.04  0.   -0.01  0.    0.   -0.
  0.   -0.   -0.06 -0.02 -0.03 -0.12  0.08  0.19 -0.07  0.   -0.  ]
orbital number 54 energy 3.8710177330467452
[ 0.    0.02  0.    0.03 -0.   -0.02  0.01 -0.    0.01  0.01  0.02  0.01
  0.01  0.   -0.01 -0.01 -0.   -0.01  0.   -0.01  0.    0.   -0.03 -0.
 -0.34 -0.01  0.27  0.    0.02 -0.04 -0.   -0.    0.   -0.    0.    0.05
  0.05  0.   -0.03 -0.    0.31  0.26  0.    0.08 -0.   -0.   -0.01 -0.37
 -0.42  0.    0.11 -0.37  0.3   0.12 -0.04  0.   -0.01  0.    0.   -0.
  0.   -0.   -0.11 -0.02 -0.03  0.15  0.13 -0.04 -0.11  0.   -0.  ]
orbital number 55 energy 3.8868635879342044
[ 0.   -0.   -0.04 -0.   -0.    0.   -0.    0.    0.   -0.   -0.    0.
 -0.    0.    0.01  0.04  0.02 -0.   -0.01  0.   -0.53  0.    0.    0.02
 -0.    0.    0.   -0.   -0.    0.   -0.   -0.   -0.47  0.03  0.43  0.
 -0.    0.   -0.    0.02  0.    0.    0.49  0.   -0.   -0.    0.04 -0.
 -0.   -0.05  0.   -0.    0.    0.    0.   -0.   -0.   -0.   -0.01  0.19
 -0.01 -0.18 -0.    0.   -0.    0.    0.   -0.   -0.   -0.01  0.02]
orbital number 56 energy 3.906273823256454
[ 0.01 -0.01 -0.37 -0.01 -0.02  0.04  0.    0.04  0.    0.01 -0.03  0.01
 -0.04  0.02  0.06  0.36  0.25 -0.   -0.08  0.02 -0.14  0.    0.02  0.13
 -0.01  0.04 -0.   -0.04 -0.02  0.   -0.   -0.   -0.12  0.31 -0.22 -0.
 -0.02  0.01  0.    0.09  0.02  0.02 -0.25 -0.   -0.   -0.    0.39 -0.02
  0.   -0.41  0.    0.   -0.    0.    0.   -0.05 -0.01 -0.02 -0.05  0.05
 -0.11  0.09 -0.01  0.01  0.   -0.    0.01 -0.    0.   -0.14  0.15]
orbital number 57 energy 3.9443222831191793
[ 0.   -0.02  0.01 -0.01  0.    0.02 -0.01  0.01 -0.01 -0.01 -0.02 -0.
 -0.01 -0.    0.01 -0.   -0.01  0.01  0.    0.01  0.   -0.    0.03 -0.
  0.08  0.01 -0.11  0.   -0.01  0.01  0.    0.    0.   -0.01  0.   -0.47
 -0.03 -0.    0.03 -0.    0.45  0.4   0.   -0.54  0.   -0.   -0.    0.08
  0.08  0.01  0.04  0.07 -0.12  0.04  0.02  0.    0.01 -0.    0.   -0.
  0.   -0.   -0.16  0.01  0.19 -0.03 -0.03 -0.01  0.04  0.   -0.  ]
orbital number 58 energy 3.9856022393480357
[ 0.01 -0.01 -0.04 -0.01 -0.01  0.02 -0.01  0.02 -0.   -0.   -0.02  0.01
 -0.02  0.01  0.02  0.09 -0.42  0.   -0.03  0.01 -0.04  0.    0.01  0.52
 -0.01  0.01 -0.01 -0.01 -0.01 -0.    0.   -0.   -0.04 -0.48 -0.05  0.01
 -0.01  0.    0.    0.46  0.    0.   -0.05  0.01 -0.    0.    0.1  -0.01
  0.   -0.04  0.    0.   -0.01  0.    0.   -0.01 -0.   -0.01 -0.19  0.01
  0.17  0.02 -0.    0.   -0.   -0.    0.   -0.    0.   -0.03  0.01]
orbital number 59 energy 4.069109703478426
[-0.12  0.19 -0.19  0.08  0.03 -0.24  0.13 -0.15  0.1   0.13  0.24 -0.11
  0.17 -0.07 -0.15 -0.13  0.07 -0.06  0.07 -0.08  0.07  0.   -0.21  0.14
  0.24 -0.08  0.22 -0.03  0.08  0.01  0.   -0.01  0.07  0.06  0.06 -0.15
  0.2   0.01 -0.12  0.13 -0.08 -0.09  0.06 -0.16 -0.01  0.   -0.14  0.26
 -0.11 -0.21 -0.11 -0.12  0.24 -0.09 -0.07  0.02 -0.02  0.05 -0.05 -0.02
 -0.02 -0.02  0.03 -0.07  0.06  0.04 -0.09  0.03 -0.08  0.05  0.08]
orbital number 60 energy 4.162459080665955
[-0.03 -0.09 -0.29  0.01  0.08 -0.01 -0.01 -0.11 -0.06 -0.    0.01 -0.02
  0.08 -0.08 -0.09 -0.29  0.13  0.08  0.21  0.    0.12 -0.02  0.07  0.17
 -0.19 -0.   -0.21  0.01 -0.    0.02 -0.01  0.03  0.15  0.12  0.15  0.12
 -0.08 -0.04  0.16  0.17  0.07  0.09  0.12  0.11  0.03 -0.01 -0.31 -0.21
  0.1  -0.32  0.11  0.12 -0.23  0.08  0.08  0.08  0.07  0.03 -0.06 -0.04
 -0.04 -0.04 -0.02  0.03 -0.04 -0.03  0.07 -0.03  0.08  0.11  0.11]
orbital number 61 energy 4.357997712786944
[ 0.23 -0.15 -0.13 -0.1  -0.07  0.26 -0.25  0.22 -0.11 -0.25 -0.26  0.23
 -0.15  0.16  0.16 -0.16  0.07  0.02  0.18  0.01  0.05  0.    0.11  0.05
  0.14  0.1   0.18  0.11 -0.01 -0.1   0.   -0.01  0.09  0.04  0.09 -0.09
 -0.1   0.02 -0.22  0.07 -0.05 -0.08  0.05 -0.06 -0.01  0.   -0.17  0.16
 -0.06 -0.14 -0.11 -0.11  0.21 -0.06 -0.08  0.06 -0.03 -0.05 -0.02 -0.02
 -0.01 -0.02  0.01  0.03  0.02  0.02 -0.05  0.02 -0.07  0.06  0.05]
orbital number 62 energy 4.717983939602244
[-0.22  0.33 -0.03  0.05 -0.19 -0.04 -0.18  0.31  0.26 -0.22 -0.01 -0.26
 -0.14  0.25  0.18 -0.05  0.02 -0.19  0.09 -0.07  0.01 -0.02 -0.15  0.01
 -0.05  0.04 -0.07  0.12 -0.06  0.13  0.09 -0.16  0.03  0.01  0.03  0.04
  0.19  0.19  0.14  0.02  0.01  0.03  0.01  0.01 -0.16  0.09 -0.06 -0.06
  0.01 -0.04  0.05  0.05 -0.09  0.01  0.01 -0.01 -0.24 -0.06 -0.   -0.
 -0.   -0.   -0.   -0.06 -0.   -0.    0.02 -0.    0.03  0.02  0.01]
orbital number 63 energy 5.225726187190861
[ 0.04 -0.14  0.    0.01  0.1  -0.04  0.04 -0.14  0.01  0.09 -0.04  0.09
  0.11  0.01 -0.08  0.01 -0.01  0.1  -0.03 -0.07  0.   -0.33  0.12  0.
  0.01  0.01  0.01 -0.06 -0.07 -0.06  0.36 -0.4  -0.01  0.   -0.01 -0.01
 -0.08  0.41 -0.03 -0.01  0.   -0.01  0.    0.   -0.4   0.36  0.01  0.01
  0.    0.01 -0.01 -0.01  0.02  0.    0.02  0.03  0.05  0.02 -0.   -0.
 -0.   -0.   -0.    0.02 -0.   -0.   -0.   -0.   -0.01 -0.   -0.  ]
orbital number 64 energy 5.950299149794506
[-0.07 -0.19  0.    0.11  0.26 -0.36  0.07  0.19  0.2  -0.19  0.37  0.18
 -0.18 -0.22  0.22  0.01  0.01 -0.28  0.04  0.18 -0.02 -0.    0.17 -0.01
 -0.   -0.11 -0.01  0.15 -0.17 -0.14  0.   -0.    0.03 -0.01  0.03 -0.02
 -0.2   0.   -0.05  0.01  0.01 -0.02 -0.02  0.01 -0.    0.   -0.03  0.02
  0.03 -0.02 -0.04 -0.04  0.04  0.03  0.14 -0.15  0.01 -0.06  0.    0.01
  0.    0.01 -0.    0.06 -0.   -0.01 -0.01 -0.01 -0.01  0.01  0.  ]
orbital number 65 energy 6.164716009583782
[ 0.11  0.08  0.01 -0.11 -0.11  0.17  0.11  0.07 -0.39 -0.15  0.15 -0.15
 -0.15 -0.38  0.17  0.03  0.01 -0.11  0.02  0.24 -0.03 -0.16 -0.16 -0.01
  0.01 -0.11  0.04  0.12  0.25  0.12  0.1  -0.07  0.04 -0.01  0.04  0.02
  0.18  0.05  0.03  0.01 -0.02  0.02 -0.03 -0.02 -0.06  0.1  -0.04 -0.02
 -0.05 -0.01  0.06  0.06 -0.06 -0.05 -0.15 -0.14  0.35 -0.05  0.    0.01
  0.    0.01  0.   -0.05  0.    0.01  0.01  0.01  0.02  0.01  0.  ]
orbital number 66 energy 6.323058124561618
[-0.03  0.05 -0.    0.01 -0.04  0.04  0.01 -0.   -0.06 -0.01 -0.   -0.02
 -0.01 -0.03  0.01  0.01 -0.    0.   -0.    0.02 -0.01 -0.02 -0.04  0.
  0.16 -0.01 -0.34  0.    0.04  0.01  0.01 -0.01  0.01  0.    0.01  0.19
  0.    0.    0.07 -0.   -0.19  0.19 -0.01 -0.19 -0.01  0.01 -0.01 -0.21
  0.35  0.   -0.35 -0.34  0.36  0.35  0.01 -0.01  0.04 -0.   -0.    0.
 -0.    0.    0.05 -0.    0.05 -0.1   0.06 -0.1  -0.1   0.   -0.  ]
orbital number 67 energy 6.34204119612287
[-0.   -0.   -0.12  0.   -0.    0.    0.03 -0.04  0.02  0.02 -0.04  0.
  0.03  0.05  0.    0.37 -0.14  0.04 -0.09 -0.04 -0.37  0.01  0.01  0.14
 -0.01 -0.01  0.01 -0.   -0.01 -0.   -0.01  0.    0.37  0.14  0.36 -0.01
 -0.   -0.   -0.   -0.14  0.01 -0.01 -0.37  0.01  0.   -0.01 -0.39  0.01
 -0.01  0.15  0.01  0.01 -0.01 -0.01  0.   -0.02 -0.03 -0.   -0.04  0.1
 -0.04  0.1  -0.    0.   -0.    0.   -0.    0.    0.    0.11 -0.04]
orbital number 68 energy 6.422690927408266
[ 0.08 -0.08 -0.   -0.04  0.07 -0.06 -0.    0.    0.07  0.    0.01  0.01
  0.01  0.03 -0.   -0.   -0.   -0.01  0.   -0.02  0.    0.02  0.06  0.
  0.35  0.    0.19 -0.   -0.06  0.02 -0.01  0.01 -0.    0.   -0.    0.34
  0.03 -0.   -0.12 -0.   -0.35  0.34  0.   -0.35  0.01 -0.01  0.   -0.36
 -0.18  0.    0.16  0.16 -0.17 -0.17 -0.05  0.   -0.05  0.   -0.   -0.
 -0.   -0.    0.09 -0.01  0.1   0.05  0.1   0.05  0.05 -0.   -0.  ]
orbital number 69 energy 6.455268015905534
[ 0.   -0.   -0.37 -0.    0.   -0.01 -0.06  0.06 -0.02  0.    0.04 -0.
 -0.04 -0.05 -0.03 -0.14 -0.37 -0.05  0.1   0.04  0.13 -0.01 -0.01  0.38
 -0.    0.04 -0.   -0.02  0.01  0.    0.01 -0.   -0.12  0.37 -0.12 -0.
  0.    0.    0.   -0.36  0.   -0.    0.13  0.   -0.    0.01  0.12  0.
  0.    0.38 -0.   -0.    0.    0.   -0.    0.04  0.03  0.01 -0.1  -0.04
 -0.1  -0.04 -0.   -0.   -0.   -0.   -0.   -0.   -0.   -0.03 -0.11]
orbital number 70 energy 6.663046211169756
[-0.18  0.12  0.04  0.13 -0.06  0.03 -0.4   0.28 -0.11  0.25  0.13  0.12
 -0.18 -0.17 -0.32  0.05  0.03 -0.18 -0.07  0.15 -0.04 -0.04 -0.09 -0.04
  0.03  0.28  0.03 -0.23  0.09 -0.11  0.02 -0.01  0.03 -0.04  0.03  0.02
 -0.15  0.01 -0.04  0.03 -0.02  0.02 -0.04 -0.02 -0.01  0.02 -0.03 -0.02
 -0.03 -0.03  0.02  0.02 -0.02 -0.03  0.15  0.33  0.12  0.09  0.01  0.01
  0.01  0.01  0.01  0.04  0.01  0.01  0.    0.01  0.01  0.01  0.01]
orbital number 71 energy 6.681537118600864
[ 0.4  -0.29  0.02 -0.27  0.19 -0.17 -0.19  0.14  0.13  0.12  0.12 -0.26
 -0.08 -0.03 -0.15  0.02  0.01 -0.11 -0.03  0.04 -0.02  0.01  0.17 -0.02
 -0.05  0.13 -0.07 -0.11 -0.12  0.23 -0.01  0.    0.01 -0.02  0.01 -0.04
  0.33 -0.    0.09  0.01  0.04 -0.04 -0.02  0.04  0.   -0.01 -0.01  0.03
  0.05 -0.01 -0.04 -0.04  0.04  0.05 -0.33  0.16 -0.04  0.04  0.    0.
  0.    0.   -0.01 -0.09 -0.01 -0.01 -0.01 -0.01 -0.01  0.    0.  ]

Orbital occupation numbers:
1: 2.000000
2: 2.000000
3: 2.000000
4: 2.000000
5: 2.000000
6: 2.000000
7: 2.000000
8: 2.000000
9: 2.000000
10: 2.000000
11: 2.000000
12: 2.000000
13: 2.000000
14: 2.000000
15: 2.000000
16: 2.000000
17: 2.000000
18: 2.000000
19: 2.000000
20: 2.000000
21: 2.000000
22: 2.000000
23: 2.000000
24: 2.000000
25: 2.000000
26: 2.000000
27: 2.000000
28: 2.000000
29: 2.000000
30: 2.000000
31: 2.000000
32: 2.000000
33: 2.000000
34: 2.000000
35: 2.000000
36: 2.000000
37: 2.000000
38: 2.000000
39: 2.000000
40: 2.000000
41: 2.000000
42: 2.000000
43: 1.000000
44: 1.000000
45: -0.000000
46: 0.000000
47: -0.000000
48: -0.000000
49: 0.000000
50: -0.000000
51: -0.000000
52: -0.000000
53: 0.000000
54: -0.000000
55: 0.000000
56: -0.000000
57: 0.000000
58: -0.000000
59: -0.000000
60: -0.000000
61: -0.000000
62: -0.000000
63: -0.000000
64: 0.000000
65: 0.000000
66: -0.000000
67: 0.000000
68: 0.000000
69: -0.000000
70: -0.000000
71: 0.000000

------------------------
Starting ExROPPP calculation for diradical in rotated basis
------------------------

Coulomb Matrix in MO basis, J_ij = (ii|jj):
 [[9.57702037 1.84193677 1.87109516 ... 1.09106422 2.31549923 2.11102652]
 [1.84193677 4.80877652 1.14836547 ... 0.72193324 1.56858258 3.30508362]
 [1.87109516 1.14836547 4.84378198 ... 1.77784591 3.32825003 1.67245876]
 ...
 [1.09106422 0.72193324 1.77784591 ... 3.41043531 1.39742002 0.86374626]
 [2.31549923 1.56858258 3.32825003 ... 1.39742002 2.81445632 1.84775934]
 [2.11102652 3.30508362 1.67245876 ... 0.86374626 1.84775934 2.81771659]]
Coulomb Matrix in MO basis, K_ij = (ij|ji):
 [[9.57702037e+00 6.30010977e-03 6.68142588e-03 ... 6.35749145e-03
  1.03663006e-01 2.41691703e-02]
 [6.30010977e-03 4.80877652e+00 1.45896547e-03 ... 1.62420162e-05
  7.82954137e-02 3.61250936e-01]
 [6.68142588e-03 1.45896547e-03 4.84378198e+00 ... 6.40907911e-03
  3.64631435e-01 8.25672092e-02]
 ...
 [6.35749145e-03 1.62420162e-05 6.40907911e-03 ... 3.41043531e+00
  5.63161242e-02 1.11938178e-02]
 [1.03663006e-01 7.82954137e-02 3.64631435e-01 ... 5.63161242e-02
  2.81445632e+00 7.07142479e-01]
 [2.41691703e-02 3.61250936e-01 8.25672092e-02 ... 1.11938178e-02
  7.07142479e-01 2.81771659e+00]]
Checking that the Hamiltonian is symmetric (a value of zero means matrix is symmetric) ... 
Frobenius norm of matrix - matrix transpose = 0.000000.

Lowest 300 states. WARNING - Some states may not be included in the spectrum.

Diagonalizing Hamiltonian using the sparse matrix method ...

Calculating dipole moments ...

Permanent dipole moment of reference states:
             Open-Shell Singlet (|OS1>) = -0.043 x -0.611 y -0.742 z
             Zwitterion 0 (|ZW0>) = -7.768 x 6.929 y 16.381 z
             Zwitterion 0' (|ZW0'>) = 7.683 x -8.151 y -17.865 z
             Open-Shell Triplet (|OS3>) = 5.911 x 0.103 y -11.136 z

Energy of the lowest CI state: -313.96636786050414

State 0 0.000 eV 
Excitation    CI Coef
|1^OS>   -0.71088
|1^ZW0>   -0.43096
|1^ZW0'>    0.43041
|1^HS1_18>   -0.05357
|1^HS1_12>   -0.09161
|1^HS1_9>   -0.09170
|1^HS2_11>   -0.07228
|1^HS2_10>   -0.06378
|1^SL1_2'>   -0.07600
|1^SL1_17'>   -0.07550
|1^SL2_5'>    0.06645
|1^SL2_16'>   -0.07585
|1^SL2_18'>   -0.05388
Ground state is singlet
TDMs with Triplet 'Ground' state
TDMX:-0.000   TDMY:-0.000   TDMZ:0.000   Oscillator Strength:-0.00000   <S**2>: 0.000
--------------------------------------------------------------------
TDMs with Singlet 'Ground' state
TDMX:1.351   TDMY:1.990   TDMZ:-1.809   Oscillator Strength:0.00000   <S**2>: 0.000
--------------------------------------------------------------------


State 1 0.112 eV 
Excitation    CI Coef
|3^OS>   -0.94830
|3^HS2_9>   -0.09200
|3^SL1_5'>    0.06289
|3^SL1_16'>   -0.09410
|3^SL1_17'>   -0.05103
|3^SL2_2'>    0.08512
|3^SL2_17'>    0.08017
|3^HL3_916'>    0.05752
TDMs with Triplet 'Ground' state
TDMX:15.518   TDMY:36.785   TDMZ:-11.745   Oscillator Strength:0.00000   <S**2>: 2.000
--------------------------------------------------------------------
TDMs with Singlet 'Ground' state
TDMX:-0.000   TDMY:-0.000   TDMZ:0.000   Oscillator Strength:0.00000   <S**2>: 2.000
--------------------------------------------------------------------


State 2 2.425 eV 
Excitation    CI Coef
|1^ZW0>   -0.07756
|1^HS1_22>   -0.06612
|1^HS1_21>    0.08021
|1^HS1_18>    0.06245
|1^HS1_12>    0.11130
|1^HS1_11>   -0.07980
|1^HS1_8>    0.15264
|1^HS1_1>    0.28792
|1^HS2_12>   -0.05304
|1^HS2_8>   -0.11382
|1^SL1_2'>    0.22821
|1^SL1_5'>    0.07403
|1^SL2_2'>   -0.31088
|1^SL2_4'>    0.12318
|1^SL2_5'>   -0.22694
|1^SL2_6'>    0.11390
|1^SL2_17'>   -0.12052
|1^SL2_18'>    0.08083
|1^HL2_4127'>    0.05653
|1^HL2_2620'>    0.05339
|1^HL2_227'>    0.06112
|1^HL2_2215'>    0.05717
|1^HL2_2217'>   -0.05649
|1^HL2_216'>   -0.07381
|1^HL2_217'>   -0.05874
|1^HL2_2118'>   -0.06557
|1^HL2_186'>   -0.07043
|1^HL2_134'>    0.11847
|1^HL2_135'>   -0.07455
|1^HL2_137'>    0.06043
|1^HL2_1318'>   -0.07512
|1^HL2_125'>    0.05943
|1^HL2_126'>   -0.09273
|1^HL2_127'>    0.07269
|1^HL2_1217'>    0.05159
|1^HL2_111'>   -0.06690
|1^HL2_112'>   -0.06673
|1^HL2_114'>    0.19759
|1^HL2_115'>   -0.06569
|1^HL2_101'>    0.08192
|1^HL2_104'>   -0.12325
|1^HL2_105'>   -0.06674
|1^HL2_92'>    0.11674
|1^HL2_96'>    0.07507
|1^HL2_82'>    0.08754
|1^HL2_84'>   -0.06022
|1^HL2_85'>    0.18020
|1^HL2_11'>    0.06987
|1^HL2_12'>    0.46589
|1^HL2_14'>   -0.07856
|1^HL2_15'>    0.09749
TDMs with Triplet 'Ground' state
TDMX:-0.000   TDMY:-0.000   TDMZ:-0.000   Oscillator Strength:0.00000   <S**2>: 0.000
--------------------------------------------------------------------
TDMs with Singlet 'Ground' state
TDMX:-0.038   TDMY:-0.076   TDMZ:0.000   Oscillator Strength:0.00043   <S**2>: 0.000
--------------------------------------------------------------------


State 3 2.575 eV 
Excitation    CI Coef
|3^HS2_8>   -0.05321
|3^HS2_1>    0.08569
|3^SL1_1'>    0.10696
|3^SL1_2'>    0.37023
|3^SL1_4'>    0.09816
|3^SL1_5'>   -0.22595
|3^SL1_6'>   -0.09315
|3^SL1_17'>    0.11155
|3^SL1_18'>    0.05755
|3^SL2_4'>   -0.07110
|3^SL2_5'>    0.16608
|3^HL1_12'>   -0.05870
|3^HL3_4026'>    0.05625
|3^HL3_2620'>    0.06103
|3^HL3_2320'>   -0.05550
|3^HL3_226'>   -0.06653
|3^HL3_2215'>    0.06008
|3^HL3_2217'>   -0.05571
|3^HL3_218'>   -0.06553
|3^HL3_2118'>   -0.06405
|3^HL3_206'>    0.07374
|3^HL3_185'>   -0.05309
|3^HL3_186'>   -0.09771
|3^HL3_188'>    0.06086
|3^HL3_168'>   -0.05568
|3^HL3_132'>    0.05454
|3^HL3_134'>    0.13539
|3^HL3_135'>   -0.07503
|3^HL3_138'>    0.07214
|3^HL3_1318'>   -0.08435
|3^HL3_126'>   -0.09511
|3^HL3_128'>   -0.05904
|3^HL3_111'>   -0.05161
|3^HL3_112'>    0.06484
|3^HL3_114'>    0.22925
|3^HL3_115'>   -0.08805
|3^HL3_118'>   -0.05390
|3^HL3_101'>    0.11657
|3^HL3_104'>   -0.16160
|3^HL3_105'>   -0.09811
|3^HL3_92'>    0.13874
|3^HL3_96'>    0.08432
|3^HL3_917'>   -0.05288
|3^HL3_81'>   -0.07199
|3^HL3_82'>   -0.10107
|3^HL3_84'>   -0.06156
|3^HL3_85'>    0.18507
|3^HL3_11'>    0.10105
|3^HL3_12'>    0.50910
|3^HL3_14'>    0.10816
|3^HL3_15'>   -0.11040
|3^HL3_16'>    0.07398
TDMs with Triplet 'Ground' state
TDMX:0.104   TDMY:3.117   TDMZ:1.190   Oscillator Strength:0.67242   <S**2>: 2.000
--------------------------------------------------------------------
TDMs with Singlet 'Ground' state
TDMX:0.000   TDMY:0.000   TDMZ:-0.000   Oscillator Strength:0.00000   <S**2>: 2.000
--------------------------------------------------------------------


State 4 2.611 eV 
Excitation    CI Coef
|5^HL_3021'>    0.06157
|5^HL_2620'>    0.07798
|5^HL_2421'>   -0.05734
|5^HL_2320'>   -0.06283
|5^HL_226'>   -0.08507
|5^HL_227'>    0.05220
|5^HL_2215'>    0.07299
|5^HL_2217'>   -0.07638
|5^HL_214'>    0.05289
|5^HL_216'>   -0.05883
|5^HL_218'>   -0.05420
|5^HL_2118'>   -0.08261
|5^HL_202'>    0.05544
|5^HL_206'>    0.08234
|5^HL_186'>   -0.11061
|5^HL_166'>    0.05816
|5^HL_134'>    0.17562
|5^HL_135'>   -0.10166
|5^HL_138'>    0.05313
|5^HL_1316'>    0.05548
|5^HL_1318'>   -0.10445
|5^HL_122'>   -0.05333
|5^HL_126'>   -0.11855
|5^HL_127'>    0.06695
|5^HL_1217'>    0.06688
|5^HL_111'>   -0.09122
|5^HL_114'>    0.29273
|5^HL_115'>   -0.08292
|5^HL_101'>    0.13957
|5^HL_104'>   -0.21213
|5^HL_105'>   -0.11136
|5^HL_92'>    0.18727
|5^HL_96'>    0.10512
|5^HL_81'>   -0.06804
|5^HL_84'>   -0.06608
|5^HL_85'>    0.21116
|5^HL_11'>    0.11616
|5^HL_12'>    0.67568
|5^HL_16'>    0.09118
TDMs with Triplet 'Ground' state
TDMX:0.000   TDMY:0.005   TDMZ:0.002   Oscillator Strength:0.00000   <S**2>: 6.000
--------------------------------------------------------------------
TDMs with Singlet 'Ground' state
TDMX:-0.000   TDMY:-0.000   TDMZ:0.000   Oscillator Strength:0.00000   <S**2>: 6.000
--------------------------------------------------------------------


State 5 2.667 eV 
Excitation    CI Coef
|1^OS>   -0.05291
|1^HS1_22>   -0.05302
|1^HS1_21>    0.08065
|1^HS1_12>    0.08747
|1^HS1_11>   -0.08946
|1^HS1_10>   -0.06305
|1^HS1_8>    0.13397
|1^HS2_1>   -0.15260
|1^SL1_1'>   -0.08416
|1^SL1_2'>   -0.20579
|1^SL1_4'>   -0.14964
|1^SL1_5'>    0.27775
|1^SL1_18'>   -0.05329
|1^SL2_1'>   -0.05964
|1^SL2_2'>   -0.27933
|1^SL2_4'>    0.05004
|1^SL2_6'>    0.15861
|1^SL2_7'>    0.05555
|1^SL2_17'>   -0.13771
|1^HL2_4026'>   -0.05514
|1^HL2_224'>    0.06491
|1^HL2_226'>    0.07013
|1^HL2_216'>   -0.05017
|1^HL2_217'>   -0.05155
|1^HL2_218'>    0.05282
|1^HL2_2117'>    0.05794
|1^HL2_204'>   -0.05086
|1^HL2_206'>   -0.06232
|1^HL2_185'>    0.08800
|1^HL2_186'>    0.06843
|1^HL2_188'>   -0.06098
|1^HL2_168'>    0.05601
|1^HL2_132'>   -0.13591
|1^HL2_134'>   -0.09016
|1^HL2_137'>    0.05737
|1^HL2_138'>   -0.07088
|1^HL2_1318'>    0.05648
|1^HL2_122'>    0.08679
|1^HL2_125'>    0.09469
|1^HL2_128'>    0.06214
|1^HL2_1218'>   -0.06040
|1^HL2_112'>   -0.14779
|1^HL2_114'>   -0.13747
|1^HL2_1115'>    0.06059
|1^HL2_101'>   -0.08991
|1^HL2_104'>    0.12455
|1^HL2_105'>    0.07288
|1^HL2_106'>    0.08388
|1^HL2_92'>   -0.11873
|1^HL2_94'>   -0.07529
|1^HL2_918'>    0.06354
|1^HL2_81'>    0.06591
|1^HL2_82'>    0.22202
|1^HL2_85'>   -0.06597
|1^HL2_86'>   -0.07256
|1^HL2_817'>    0.07802
|1^HL2_611'>   -0.06487
|1^HL2_11'>   -0.06580
|1^HL2_12'>   -0.31546
|1^HL2_14'>   -0.25186
|1^HL2_15'>    0.21170
|1^HL2_16'>   -0.08327
TDMs with Triplet 'Ground' state
TDMX:-0.000   TDMY:0.000   TDMZ:0.000   Oscillator Strength:0.00000   <S**2>: 0.000
--------------------------------------------------------------------
TDMs with Singlet 'Ground' state
TDMX:-0.456   TDMY:-1.889   TDMZ:0.036   Oscillator Strength:0.24678   <S**2>: 0.000
--------------------------------------------------------------------


State 6 2.741 eV 
Excitation    CI Coef
|1^ZW0'>    0.05525
|1^HS1_21>    0.06281
|1^HS1_18>    0.06796
|1^HS1_17>    0.09692
|1^HS1_12>    0.10713
|1^HS1_11>   -0.13025
|1^HS1_10>   -0.17487
|1^HS1_9>    0.21989
|1^HS1_8>   -0.27106
|1^HS1_3>   -0.26619
|1^HS1_1>   -0.11097
|1^HS2_11>    0.08393
|1^HS2_10>    0.07702
|1^HS2_9>   -0.23970
|1^HS2_8>    0.19052
|1^HS2_3>    0.09175
|1^HS2_1>    0.07058
|1^SL1_9'>    0.07156
|1^SL1_10'>    0.09155
|1^SL1_16'>   -0.10624
|1^SL2_6'>   -0.05922
|1^SL2_7'>   -0.06244
|1^SL2_9'>   -0.19984
|1^SL2_10'>   -0.25426
|1^SL2_13'>    0.10565
|1^SL2_15'>   -0.17084
|1^SL2_16'>    0.12524
|1^SL2_17'>   -0.14649
|1^SL2_18'>    0.06426
|1^SL2_22'>    0.07699
|1^HL2_3922'>   -0.06937
|1^HL2_1722'>   -0.09327
|1^HL2_1210'>    0.06318
|1^HL2_1110'>   -0.05714
|1^HL2_109'>   -0.05066
|1^HL2_1010'>   -0.07558
|1^HL2_99'>    0.07137
|1^HL2_910'>    0.10548
|1^HL2_915'>    0.05886
|1^HL2_916'>   -0.07635
|1^HL2_89'>   -0.05471
|1^HL2_810'>   -0.12018
|1^HL2_815'>   -0.06369
|1^HL2_816'>    0.07016
|1^HL2_817'>   -0.06495
|1^HL2_79'>    0.29823
|1^HL2_710'>   -0.17015
|1^HL2_513'>   -0.05109
|1^HL2_35'>    0.05624
|1^HL2_36'>   -0.05213
|1^HL2_39'>   -0.07715
|1^HL2_310'>   -0.05957
|1^HL2_315'>   -0.11928
|1^HL2_316'>    0.10893
|1^HL2_317'>   -0.08570
|1^HL2_110'>   -0.05307
TDMs with Triplet 'Ground' state
TDMX:-0.000   TDMY:-0.000   TDMZ:0.000   Oscillator Strength:0.00000   <S**2>: 0.000
--------------------------------------------------------------------
TDMs with Singlet 'Ground' state
TDMX:-0.639   TDMY:0.041   TDMZ:0.811   Oscillator Strength:0.07168   <S**2>: 0.000
--------------------------------------------------------------------


State 7 2.777 eV 
Excitation    CI Coef
|3^OS>    0.05078
|3^HS2_1>   -0.05566
|3^SL1_1'>   -0.06650
|3^SL1_2'>   -0.09516
|3^SL1_4'>   -0.13987
|3^SL1_5'>    0.28984
|3^SL1_6'>    0.09351
|3^SL1_17'>   -0.10955
|3^SL1_18'>   -0.07701
|3^SL2_1'>    0.09974
|3^SL2_2'>    0.40488
|3^SL2_6'>   -0.14942
|3^SL2_15'>   -0.05328
|3^SL2_17'>    0.12690
|3^HL3_226'>   -0.05774
|3^HL3_214'>    0.06966
|3^HL3_216'>   -0.11716
|3^HL3_185'>    0.08965
|3^HL3_188'>   -0.06540
|3^HL3_168'>    0.05305
|3^HL3_132'>   -0.12103
|3^HL3_134'>    0.10222
|3^HL3_137'>    0.05871
|3^HL3_138'>   -0.06556
|3^HL3_1318'>   -0.06024
|3^HL3_125'>    0.09972
|3^HL3_126'>   -0.05391
|3^HL3_127'>    0.06834
|3^HL3_111'>   -0.10928
|3^HL3_112'>   -0.18436
|3^HL3_114'>    0.17670
|3^HL3_1115'>    0.05110
|3^HL3_101'>    0.06044
|3^HL3_102'>   -0.09094
|3^HL3_104'>   -0.13490
|3^HL3_106'>    0.06791
|3^HL3_92'>    0.11122
|3^HL3_94'>   -0.07021
|3^HL3_96'>    0.05624
|3^HL3_918'>    0.05643
|3^HL3_82'>    0.20801
|3^HL3_86'>   -0.07244
|3^HL3_817'>    0.07919
|3^HL3_12'>    0.29704
|3^HL3_14'>   -0.24223
|3^HL3_15'>    0.20449
|3^HL3_16'>    0.10865
TDMs with Triplet 'Ground' state
TDMX:-0.669   TDMY:-2.873   TDMZ:-0.031   Oscillator Strength:0.56837   <S**2>: 2.000
--------------------------------------------------------------------
TDMs with Singlet 'Ground' state
TDMX:0.000   TDMY:0.000   TDMZ:-0.000   Oscillator Strength:0.00000   <S**2>: 2.000
--------------------------------------------------------------------


State 8 2.869 eV 
Excitation    CI Coef
|5^HL_4127'>    0.05526
|5^HL_4026'>   -0.05843
|5^HL_3020'>   -0.05756
|5^HL_2618'>   -0.05661
|5^HL_246'>    0.06479
|5^HL_2420'>    0.05131
|5^HL_235'>    0.06060
|5^HL_224'>    0.10044
|5^HL_227'>    0.05125
|5^HL_2218'>    0.05999
|5^HL_214'>    0.05029
|5^HL_216'>   -0.12461
|5^HL_217'>   -0.07452
|5^HL_218'>    0.05150
|5^HL_2117'>    0.07583
|5^HL_201'>    0.05133
|5^HL_204'>   -0.07409
|5^HL_185'>    0.13086
|5^HL_188'>   -0.08597
|5^HL_177'>    0.05214
|5^HL_165'>   -0.07391
|5^HL_168'>    0.07857
|5^HL_132'>   -0.23551
|5^HL_136'>   -0.06341
|5^HL_137'>    0.10448
|5^HL_138'>   -0.10270
|5^HL_1320'>    0.05083
|5^HL_124'>    0.06811
|5^HL_125'>    0.13914
|5^HL_127'>    0.10178
|5^HL_128'>    0.08363
|5^HL_1218'>   -0.10132
|5^HL_111'>   -0.06295
|5^HL_112'>   -0.26075
|5^HL_116'>   -0.07770
|5^HL_118'>    0.05032
|5^HL_1115'>    0.06502
|5^HL_1117'>   -0.10529
|5^HL_102'>   -0.06796
|5^HL_106'>    0.12906
|5^HL_94'>   -0.14815
|5^HL_918'>    0.07325
|5^HL_81'>    0.06014
|5^HL_82'>    0.35042
|5^HL_86'>   -0.11366
|5^HL_815'>   -0.05808
|5^HL_817'>    0.09904
|5^HL_14'>   -0.46966
|5^HL_15'>    0.34586
|5^HL_116'>   -0.06887
TDMs with Triplet 'Ground' state
TDMX:0.001   TDMY:0.004   TDMZ:-0.000   Oscillator Strength:0.00000   <S**2>: 6.000
--------------------------------------------------------------------
TDMs with Singlet 'Ground' state
TDMX:-0.000   TDMY:-0.000   TDMZ:0.000   Oscillator Strength:0.00000   <S**2>: 6.000
--------------------------------------------------------------------


State 9 2.898 eV 
Excitation    CI Coef
|1^HS1_3>   -0.07370
|1^HS1_2>    0.12871
|1^HS2_14>    0.09714
|1^HS2_2>    0.42573
|1^SL1_12'>   -0.38908
|1^SL1_14'>   -0.05285
|1^SL2_12'>   -0.14694
|1^HL2_3823'>    0.05097
|1^HL2_3625'>   -0.07750
|1^HL2_1623'>   -0.06775
|1^HL2_1425'>   -0.13996
|1^HL2_1112'>   -0.09875
|1^HL2_1012'>   -0.10548
|1^HL2_912'>   -0.20392
|1^HL2_812'>   -0.13255
|1^HL2_611'>   -0.21154
|1^HL2_513'>   -0.07895
|1^HL2_412'>   -0.05380
|1^HL2_414'>    0.36871
|1^HL2_310'>    0.05598
|1^HL2_25'>    0.05725
|1^HL2_212'>    0.24181
|1^HL2_215'>    0.19514
|1^HL2_216'>    0.31690
|1^HL2_217'>    0.13976
|1^HL2_112'>    0.07903
TDMs with Triplet 'Ground' state
TDMX:0.000   TDMY:0.000   TDMZ:0.000   Oscillator Strength:0.00000   <S**2>: 0.000
--------------------------------------------------------------------
TDMs with Singlet 'Ground' state
TDMX:0.192   TDMY:0.508   TDMZ:-0.332   Oscillator Strength:0.02879   <S**2>: 0.000
--------------------------------------------------------------------


State 10 2.909 eV 
Excitation    CI Coef
|3^HS2_9>   -0.10245
|3^HS2_2>   -0.20818
|3^SL1_5'>   -0.07140
|3^SL1_6'>   -0.06414
|3^SL1_8'>    0.07323
|3^SL1_12'>    0.39120
|3^SL1_14'>    0.09720
|3^SL1_15'>   -0.13008
|3^SL1_16'>   -0.29139
|3^SL1_17'>   -0.16796
|3^SL1_18'>   -0.05126
|3^SL1_23'>    0.08659
|3^SL2_12'>   -0.14690
|3^SL2_15'>    0.07756
|3^SL2_16'>    0.11773
|3^SL2_17'>    0.08368
|3^HL2_611'>    0.06735
|3^HL3_3823'>   -0.09292
|3^HL3_3111'>   -0.05618
|3^HL3_1823'>    0.05002
|3^HL3_1723'>   -0.07854
|3^HL3_1623'>    0.12094
|3^HL3_1112'>    0.10557
|3^HL3_1116'>   -0.06018
|3^HL3_1012'>    0.11107
|3^HL3_1016'>   -0.06194
|3^HL3_95'>   -0.05408
|3^HL3_912'>    0.22158
|3^HL3_914'>    0.05055
|3^HL3_915'>   -0.05449
|3^HL3_916'>   -0.14233
|3^HL3_917'>   -0.06442
|3^HL3_812'>    0.15127
|3^HL3_816'>   -0.08976
|3^HL3_817'>   -0.05605
|3^HL3_611'>    0.46594
|3^HL3_612'>   -0.05361
|3^HL3_414'>   -0.05915
|3^HL3_212'>    0.12661
|3^HL3_215'>   -0.08990
|3^HL3_216'>   -0.18230
|3^HL3_217'>   -0.08656
|3^HL3_112'>   -0.07000
TDMs with Triplet 'Ground' state
TDMX:-0.563   TDMY:-1.856   TDMZ:-0.273   Oscillator Strength:0.26289   <S**2>: 2.000
--------------------------------------------------------------------
TDMs with Singlet 'Ground' state
TDMX:0.000   TDMY:0.000   TDMZ:-0.000   Oscillator Strength:0.00000   <S**2>: 2.000
--------------------------------------------------------------------


State 11 2.923 eV 
Excitation    CI Coef
|1^HS1_15>    0.08654
|1^HS1_12>    0.05134
|1^HS1_11>   -0.07595
|1^HS1_10>   -0.10175
|1^HS1_9>    0.12899
|1^HS1_8>   -0.14376
|1^HS1_3>    0.33226
|1^HS1_1>   -0.09175
|1^HS2_9>   -0.14578
|1^HS2_8>    0.10896
|1^HS2_3>   -0.11073
|1^HS2_2>    0.05717
|1^HS2_1>    0.05406
|1^SL1_10'>   -0.07604
|1^SL1_12'>   -0.06151
|1^SL1_16'>   -0.08935
|1^SL2_9'>    0.12659
|1^SL2_10'>    0.21006
|1^SL2_15'>   -0.15356
|1^SL2_16'>    0.08686
|1^SL2_17'>   -0.09793
|1^SL2_24'>   -0.06052
|1^HL2_3724'>   -0.08273
|1^HL2_2813'>   -0.05619
|1^HL2_1522'>    0.08171
|1^HL2_1524'>    0.14660
|1^HL2_1010'>    0.05792
|1^HL2_910'>   -0.07953
|1^HL2_916'>   -0.05636
|1^HL2_810'>    0.06515
|1^HL2_510'>    0.07386
|1^HL2_513'>    0.46062
|1^HL2_515'>    0.05762
|1^HL2_414'>    0.08776
|1^HL2_35'>   -0.05303
|1^HL2_39'>   -0.21487
|1^HL2_310'>   -0.34877
|1^HL2_315'>    0.20693
|1^HL2_316'>   -0.16501
|1^HL2_317'>    0.11729
|1^HL2_212'>    0.07176
|1^HL2_216'>    0.05719
|1^HL2_110'>    0.05700
TDMs with Triplet 'Ground' state
TDMX:-0.000   TDMY:-0.000   TDMZ:-0.000   Oscillator Strength:0.00000   <S**2>: 0.000
--------------------------------------------------------------------
TDMs with Singlet 'Ground' state
TDMX:-0.193   TDMY:0.222   TDMZ:0.389   Oscillator Strength:0.01702   <S**2>: 0.000
--------------------------------------------------------------------


State 12 2.993 eV 
Excitation    CI Coef
|3^HS2_9>    0.05162
|3^HS2_2>   -0.23633
|3^SL1_12'>    0.15368
|3^SL1_15'>    0.13231
|3^SL1_16'>    0.22646
|3^SL1_17'>    0.11210
|3^SL1_25'>    0.05905
|3^SL2_12'>   -0.05123
|3^SL2_15'>   -0.08459
|3^SL2_16'>   -0.08739
|3^SL2_17'>   -0.05613
|3^HL3_3625'>    0.09906
|3^HL3_1423'>    0.07529
|3^HL3_1425'>    0.17659
|3^HL3_1012'>    0.05148
|3^HL3_912'>    0.09768
|3^HL3_915'>    0.05959
|3^HL3_916'>    0.11203
|3^HL3_812'>    0.05423
|3^HL3_816'>    0.05694
|3^HL3_611'>   -0.06464
|3^HL3_412'>    0.06144
|3^HL3_414'>   -0.55319
|3^HL3_415'>   -0.05377
|3^HL3_211'>   -0.05227
|3^HL3_212'>   -0.44900
|3^HL3_215'>   -0.19115
|3^HL3_216'>   -0.28852
|3^HL3_217'>   -0.11292
|3^HL3_116'>   -0.05476
TDMs with Triplet 'Ground' state
TDMX:0.252   TDMY:1.196   TDMZ:0.400   Oscillator Strength:0.11673   <S**2>: 2.000
--------------------------------------------------------------------
TDMs with Singlet 'Ground' state
TDMX:0.000   TDMY:0.000   TDMZ:-0.000   Oscillator Strength:0.00000   <S**2>: 2.000
--------------------------------------------------------------------


State 13 3.002 eV 
Excitation    CI Coef
|1^ZW0>    0.06060
|1^ZW0'>   -0.05809
|1^HS1_22>    0.08090
|1^HS1_21>   -0.06624
|1^HS1_12>   -0.13837
|1^HS1_9>    0.09023
|1^HS1_8>   -0.06369
|1^HS1_1>   -0.06329
|1^HS2_21>    0.05420
|1^HS2_8>    0.14855
|1^HS2_1>    0.05583
|1^SL1_2'>   -0.18623
|1^SL1_4'>   -0.07631
|1^SL1_5'>    0.16151
|1^SL1_6'>    0.18717
|1^SL1_12'>   -0.06317
|1^SL1_15'>    0.12945
|1^SL1_16'>    0.14852
|1^SL1_17'>   -0.07700
|1^SL2_1'>   -0.09107
|1^SL2_2'>   -0.05509
|1^SL2_4'>   -0.06916
|1^SL2_5'>    0.24793
|1^SL2_15'>    0.05027
|1^SL2_17'>    0.07151
|1^SL2_18'>   -0.13061
|1^HL2_305'>    0.05850
|1^HL2_2620'>    0.05086
|1^HL2_226'>   -0.12297
|1^HL2_214'>    0.08927
|1^HL2_215'>   -0.10359
|1^HL2_216'>   -0.06719
|1^HL2_217'>    0.05455
|1^HL2_218'>    0.05148
|1^HL2_202'>    0.05245
|1^HL2_182'>   -0.06070
|1^HL2_188'>   -0.08235
|1^HL2_168'>    0.06311
|1^HL2_132'>   -0.05401
|1^HL2_134'>    0.11296
|1^HL2_137'>   -0.05634
|1^HL2_138'>   -0.09521
|1^HL2_1318'>   -0.05732
|1^HL2_122'>   -0.17721
|1^HL2_127'>   -0.05381
|1^HL2_1215'>    0.05723
|1^HL2_111'>   -0.12893
|1^HL2_112'>   -0.12076
|1^HL2_114'>    0.17684
|1^HL2_115'>    0.11244
|1^HL2_1118'>   -0.05975
|1^HL2_101'>    0.07165
|1^HL2_102'>   -0.07553
|1^HL2_104'>   -0.19577
|1^HL2_92'>    0.14850
|1^HL2_96'>    0.05805
|1^HL2_916'>    0.06111
|1^HL2_85'>   -0.12636
|1^HL2_818'>    0.11734
|1^HL2_611'>   -0.14899
|1^HL2_414'>   -0.12372
|1^HL2_212'>   -0.15505
|1^HL2_11'>    0.06606
|1^HL2_12'>    0.19517
|1^HL2_14'>   -0.10648
|1^HL2_16'>    0.21615
|1^HL2_115'>    0.06455
|1^HL2_117'>   -0.12732
TDMs with Triplet 'Ground' state
TDMX:-0.000   TDMY:-0.000   TDMZ:-0.000   Oscillator Strength:0.00000   <S**2>: 0.000
--------------------------------------------------------------------
TDMs with Singlet 'Ground' state
TDMX:0.629   TDMY:0.412   TDMZ:-0.738   Oscillator Strength:0.08165   <S**2>: 0.000
--------------------------------------------------------------------


State 14 3.020 eV 
Excitation    CI Coef
|3^HS2_1>    0.06498
|3^SL1_1'>   -0.11288
|3^SL1_2'>   -0.23518
|3^SL1_4'>    0.07110
|3^SL1_5'>    0.14902
|3^SL1_6'>    0.15719
|3^SL1_8'>   -0.06544
|3^SL1_15'>    0.07367
|3^SL1_17'>   -0.11999
|3^SL1_18'>   -0.07616
|3^SL2_4'>    0.19793
|3^SL2_5'>   -0.26702
|3^SL2_18'>    0.08455
|3^HL1_12'>    0.06386
|3^HL3_224'>   -0.08512
|3^HL3_226'>   -0.09468
|3^HL3_212'>    0.06235
|3^HL3_215'>   -0.08051
|3^HL3_202'>    0.06161
|3^HL3_204'>    0.09293
|3^HL3_182'>   -0.07213
|3^HL3_184'>   -0.06425
|3^HL3_132'>    0.16790
|3^HL3_134'>    0.07395
|3^HL3_136'>    0.10466
|3^HL3_137'>   -0.05312
|3^HL3_122'>   -0.15675
|3^HL3_124'>   -0.13349
|3^HL3_1215'>    0.05633
|3^HL3_112'>    0.09308
|3^HL3_114'>    0.06257
|3^HL3_115'>    0.08446
|3^HL3_116'>    0.12023
|3^HL3_101'>    0.06166
|3^HL3_102'>   -0.07062
|3^HL3_104'>   -0.17547
|3^HL3_106'>   -0.10077
|3^HL3_92'>    0.10652
|3^HL3_94'>    0.18431
|3^HL3_82'>   -0.09031
|3^HL3_85'>   -0.07299
|3^HL3_818'>    0.07420
|3^HL3_79'>    0.08716
|3^HL3_710'>   -0.05796
|3^HL3_513'>    0.08467
|3^HL3_414'>   -0.05921
|3^HL3_39'>   -0.05850
|3^HL3_310'>   -0.07896
|3^HL3_212'>   -0.05220
|3^HL3_11'>   -0.09278
|3^HL3_12'>    0.14022
|3^HL3_14'>    0.44394
|3^HL3_16'>    0.13289
|3^HL3_117'>   -0.09110
|3^HL3_118'>   -0.08449
TDMs with Triplet 'Ground' state
TDMX:0.183   TDMY:-2.233   TDMZ:-1.320   Oscillator Strength:0.48186   <S**2>: 2.000
--------------------------------------------------------------------
TDMs with Singlet 'Ground' state
TDMX:0.000   TDMY:0.000   TDMZ:0.000   Oscillator Strength:0.00000   <S**2>: 2.000
--------------------------------------------------------------------


State 15 3.032 eV 
Excitation    CI Coef
|3^SL1_9'>    0.08200
|3^SL1_10'>    0.11744
|3^SL2_9'>    0.23890
|3^SL2_10'>    0.33913
|3^SL2_13'>   -0.08878
|3^SL2_22'>   -0.06290
|3^HL3_3922'>   -0.05303
|3^HL3_3724'>    0.08737
|3^HL3_2813'>    0.05995
|3^HL3_1722'>   -0.07712
|3^HL3_1522'>   -0.05623
|3^HL3_1524'>   -0.15963
|3^HL3_129'>    0.05419
|3^HL3_1210'>    0.08426
|3^HL3_1110'>   -0.07762
|3^HL3_109'>   -0.06584
|3^HL3_1010'>   -0.10255
|3^HL3_99'>    0.08957
|3^HL3_910'>    0.14032
|3^HL3_89'>   -0.06615
|3^HL3_810'>   -0.13786
|3^HL3_79'>    0.25569
|3^HL3_710'>   -0.11831
|3^HL3_510'>   -0.09242
|3^HL3_513'>   -0.49415
|3^HL3_515'>   -0.06849
|3^HL3_32'>    0.06548
|3^HL3_35'>    0.08507
|3^HL3_36'>   -0.07272
|3^HL3_39'>    0.13657
|3^HL3_310'>    0.28015
|3^HL3_315'>   -0.25819
|3^HL3_316'>    0.21675
|3^HL3_317'>   -0.15356
|3^HL3_318'>    0.05096
|3^HL3_19'>   -0.05486
|3^HL3_110'>   -0.08417
TDMs with Triplet 'Ground' state
TDMX:-0.238   TDMY:-0.252   TDMZ:-0.412   Oscillator Strength:0.02075   <S**2>: 2.000
--------------------------------------------------------------------
TDMs with Singlet 'Ground' state
TDMX:-0.000   TDMY:-0.000   TDMZ:0.000   Oscillator Strength:0.00000   <S**2>: 2.000
--------------------------------------------------------------------


State 16 3.057 eV 
Excitation    CI Coef
|5^HL_3625'>   -0.09713
|5^HL_2514'>    0.05112
|5^HL_1423'>   -0.09090
|5^HL_1425'>   -0.17490
|5^HL_1116'>   -0.08489
|5^HL_1016'>   -0.08874
|5^HL_915'>   -0.10289
|5^HL_916'>   -0.15572
|5^HL_917'>   -0.08041
|5^HL_815'>   -0.05285
|5^HL_816'>   -0.10399
|5^HL_611'>    0.28678
|5^HL_412'>   -0.06746
|5^HL_414'>    0.62528
|5^HL_415'>    0.05645
|5^HL_211'>    0.06180
|5^HL_212'>    0.48622
|5^HL_215'>    0.16397
|5^HL_216'>    0.23047
|5^HL_217'>    0.08923
|5^HL_116'>    0.05802
TDMs with Triplet 'Ground' state
TDMX:0.000   TDMY:-0.000   TDMZ:-0.000   Oscillator Strength:0.00000   <S**2>: 6.000
--------------------------------------------------------------------
TDMs with Singlet 'Ground' state
TDMX:-0.000   TDMY:0.000   TDMZ:0.000   Oscillator Strength:0.00000   <S**2>: 6.000
--------------------------------------------------------------------


State 17 3.064 eV 
Excitation    CI Coef
|1^HS1_22>   -0.05038
|1^HS1_21>    0.07725
|1^HS1_12>    0.06842
|1^HS2_9>    0.06906
|1^SL1_1'>   -0.12027
|1^SL1_4'>    0.12380
|1^SL1_5'>    0.16149
|1^SL1_6'>    0.05147
|1^SL1_8'>   -0.06555
|1^SL1_12'>   -0.06390
|1^SL1_15'>    0.09640
|1^SL1_16'>    0.13737
|1^SL1_17'>    0.05981
|1^SL1_18'>   -0.05569
|1^SL2_2'>   -0.15535
|1^SL2_4'>   -0.11361
|1^SL2_6'>    0.14029
|1^SL2_7'>    0.06639
|1^SL2_16'>    0.09109
|1^SL2_17'>   -0.06520
|1^SL2_18'>    0.06621
|1^HL2_3020'>    0.05082
|1^HL2_265'>    0.05805
|1^HL2_224'>   -0.06984
|1^HL2_225'>   -0.05614
|1^HL2_212'>    0.10755
|1^HL2_214'>   -0.05911
|1^HL2_204'>    0.10659
|1^HL2_184'>   -0.05466
|1^HL2_132'>    0.18082
|1^HL2_136'>    0.12826
|1^HL2_124'>   -0.14466
|1^HL2_112'>    0.11964
|1^HL2_114'>   -0.08468
|1^HL2_116'>    0.17428
|1^HL2_102'>   -0.08001
|1^HL2_106'>   -0.08638
|1^HL2_1015'>    0.06048
|1^HL2_91'>   -0.08881
|1^HL2_94'>    0.21465
|1^HL2_916'>    0.08759
|1^HL2_86'>   -0.05195
|1^HL2_816'>    0.05514
|1^HL2_817'>    0.05808
|1^HL2_611'>   -0.19095
|1^HL2_414'>   -0.17401
|1^HL2_212'>   -0.19550
|1^HL2_11'>   -0.19910
|1^HL2_14'>    0.50797
|1^HL2_118'>   -0.11154
TDMs with Triplet 'Ground' state
TDMX:0.000   TDMY:0.000   TDMZ:-0.000   Oscillator Strength:0.00000   <S**2>: 0.000
--------------------------------------------------------------------
TDMs with Singlet 'Ground' state
TDMX:0.259   TDMY:-0.010   TDMZ:-0.291   Oscillator Strength:0.01140   <S**2>: 0.000
--------------------------------------------------------------------


State 18 3.073 eV 
Excitation    CI Coef
|5^HL_3722'>   -0.05602
|5^HL_3724'>   -0.09292
|5^HL_2813'>   -0.07040
|5^HL_1724'>    0.05396
|5^HL_1522'>    0.11150
|5^HL_1524'>    0.16304
|5^HL_1216'>   -0.05327
|5^HL_1217'>    0.05577
|5^HL_1115'>   -0.06162
|5^HL_1015'>   -0.06797
|5^HL_1016'>    0.06114
|5^HL_915'>    0.09698
|5^HL_916'>   -0.07963
|5^HL_917'>    0.05974
|5^HL_85'>    0.05934
|5^HL_815'>   -0.08412
|5^HL_816'>    0.07116
|5^HL_817'>   -0.05068
|5^HL_79'>    0.18133
|5^HL_710'>   -0.14964
|5^HL_510'>    0.10622
|5^HL_513'>    0.62958
|5^HL_515'>    0.06541
|5^HL_414'>    0.05573
|5^HL_39'>   -0.27962
|5^HL_310'>   -0.42693
|5^HL_315'>    0.19329
|5^HL_316'>   -0.15100
|5^HL_317'>    0.10443
|5^HL_16'>   -0.05385
|5^HL_115'>   -0.06428
TDMs with Triplet 'Ground' state
TDMX:0.000   TDMY:0.000   TDMZ:0.000   Oscillator Strength:0.00000   <S**2>: 6.000
--------------------------------------------------------------------
TDMs with Singlet 'Ground' state
TDMX:-0.000   TDMY:0.000   TDMZ:0.000   Oscillator Strength:0.00000   <S**2>: 6.000
--------------------------------------------------------------------


State 19 3.086 eV 
Excitation    CI Coef
|5^HL_3823'>    0.09896
|5^HL_3111'>    0.06681
|5^HL_1823'>   -0.06423
|5^HL_1723'>    0.09312
|5^HL_1623'>   -0.13861
|5^HL_1425'>   -0.09638
|5^HL_1212'>   -0.05482
|5^HL_1112'>   -0.12577
|5^HL_1116'>    0.05833
|5^HL_1012'>   -0.13082
|5^HL_1016'>    0.06061
|5^HL_912'>   -0.25892
|5^HL_914'>   -0.05538
|5^HL_916'>    0.12594
|5^HL_917'>    0.06808
|5^HL_85'>    0.05884
|5^HL_812'>   -0.16900
|5^HL_816'>    0.08555
|5^HL_611'>   -0.69324
|5^HL_612'>    0.07491
|5^HL_513'>   -0.06246
|5^HL_412'>   -0.05882
|5^HL_414'>    0.27000
|5^HL_25'>    0.05742
|5^HL_214'>   -0.06643
|5^HL_215'>    0.14667
|5^HL_216'>    0.26154
|5^HL_217'>    0.12415
|5^HL_14'>   -0.05697
|5^HL_112'>    0.08067
TDMs with Triplet 'Ground' state
TDMX:-0.000   TDMY:0.000   TDMZ:-0.000   Oscillator Strength:0.00000   <S**2>: 6.000
--------------------------------------------------------------------
TDMs with Singlet 'Ground' state
TDMX:-0.000   TDMY:-0.000   TDMZ:0.000   Oscillator Strength:0.00000   <S**2>: 6.000
--------------------------------------------------------------------


State 20 3.108 eV 
Excitation    CI Coef
|5^HL_3922'>    0.09384
|5^HL_339'>    0.05051
|5^HL_3310'>   -0.05197
|5^HL_1822'>    0.06674
|5^HL_1722'>    0.13390
|5^HL_1724'>   -0.05075
|5^HL_1622'>    0.06582
|5^HL_1524'>    0.08677
|5^HL_127'>   -0.05532
|5^HL_129'>   -0.05604
|5^HL_1210'>   -0.08635
|5^HL_1217'>   -0.06010
|5^HL_119'>    0.05479
|5^HL_1110'>    0.08360
|5^HL_109'>    0.07064
|5^HL_1010'>    0.10883
|5^HL_1015'>    0.05024
|5^HL_1017'>    0.05317
|5^HL_99'>   -0.09672
|5^HL_910'>   -0.15059
|5^HL_913'>    0.05490
|5^HL_915'>   -0.07375
|5^HL_916'>    0.08328
|5^HL_917'>   -0.05061
|5^HL_85'>   -0.08837
|5^HL_86'>    0.05491
|5^HL_89'>    0.05272
|5^HL_810'>    0.17263
|5^HL_813'>   -0.05558
|5^HL_815'>    0.08839
|5^HL_816'>   -0.07018
|5^HL_817'>    0.06381
|5^HL_79'>   -0.61838
|5^HL_710'>    0.35542
|5^HL_611'>   -0.05117
|5^HL_510'>    0.06080
|5^HL_513'>    0.22174
|5^HL_35'>   -0.07039
|5^HL_36'>    0.07113
|5^HL_37'>    0.05572
|5^HL_39'>    0.05918
|5^HL_313'>   -0.06918
|5^HL_315'>    0.19273
|5^HL_316'>   -0.17202
|5^HL_317'>    0.13344
|5^HL_14'>   -0.06128
|5^HL_16'>    0.07447
|5^HL_110'>    0.07252
TDMs with Triplet 'Ground' state
TDMX:-0.000   TDMY:-0.001   TDMZ:-0.000   Oscillator Strength:0.00000   <S**2>: 6.000
--------------------------------------------------------------------
TDMs with Singlet 'Ground' state
TDMX:0.000   TDMY:0.000   TDMZ:-0.000   Oscillator Strength:0.00000   <S**2>: 6.000
--------------------------------------------------------------------


State 21 3.115 eV 
Excitation    CI Coef
|3^SL1_1'>    0.08597
|3^SL1_2'>   -0.06537
|3^SL2_1'>    0.06004
|3^SL2_2'>   -0.11702
|3^SL2_5'>   -0.09234
|3^SL2_6'>    0.09334
|3^SL2_7'>    0.07228
|3^SL2_15'>    0.08334
|3^HL3_3518'>    0.05383
|3^HL3_3519'>    0.17444
|3^HL3_221'>   -0.10722
|3^HL3_201'>   -0.41127
|3^HL3_202'>    0.07256
|3^HL3_204'>   -0.18159
|3^HL3_205'>   -0.11017
|3^HL3_193'>    0.52983
|3^HL3_181'>   -0.15927
|3^HL3_161'>    0.05677
|3^HL3_136'>   -0.05350
|3^HL3_121'>   -0.12169
|3^HL3_111'>   -0.06860
|3^HL3_116'>   -0.07358
|3^HL3_91'>    0.15499
|3^HL3_94'>   -0.05768
|3^HL3_79'>    0.16608
|3^HL3_710'>   -0.10781
|3^HL3_513'>    0.12284
|3^HL3_39'>   -0.09142
|3^HL3_310'>   -0.11801
|3^HL3_11'>    0.32244
|3^HL3_14'>   -0.15594
TDMs with Triplet 'Ground' state
TDMX:0.211   TDMY:0.098   TDMZ:-0.473   Oscillator Strength:0.02043   <S**2>: 2.000
--------------------------------------------------------------------
TDMs with Singlet 'Ground' state
TDMX:-0.000   TDMY:-0.000   TDMZ:0.000   Oscillator Strength:0.00000   <S**2>: 2.000
--------------------------------------------------------------------


State 22 3.115 eV 
Excitation    CI Coef
|1^SL1_1'>   -0.08332
|1^SL2_1'>    0.06713
|1^HL2_351'>    0.05293
|1^HL2_3518'>   -0.06561
|1^HL2_3519'>   -0.20420
|1^HL2_2619'>    0.06210
|1^HL2_221'>    0.11132
|1^HL2_224'>    0.05561
|1^HL2_211'>   -0.06621
|1^HL2_201'>    0.50091
|1^HL2_202'>   -0.08814
|1^HL2_204'>    0.17373
|1^HL2_205'>    0.12548
|1^HL2_2018'>    0.05811
|1^HL2_193'>   -0.62637
|1^HL2_181'>    0.17694
|1^HL2_184'>    0.06925
|1^HL2_161'>   -0.06063
|1^HL2_121'>    0.12092
|1^HL2_91'>   -0.14249
|1^HL2_11'>   -0.28385
|1^HL2_12'>    0.05454
|1^HL2_14'>   -0.05483
TDMs with Triplet 'Ground' state
TDMX:-0.000   TDMY:-0.000   TDMZ:0.000   Oscillator Strength:0.00000   <S**2>: 0.000
--------------------------------------------------------------------
TDMs with Singlet 'Ground' state
TDMX:-0.112   TDMY:-0.070   TDMZ:0.134   Oscillator Strength:0.00271   <S**2>: 0.000
--------------------------------------------------------------------


State 23 3.122 eV 
Excitation    CI Coef
|5^HL_351'>   -0.05209
|5^HL_3518'>    0.06422
|5^HL_3519'>    0.20417
|5^HL_2619'>   -0.05542
|5^HL_221'>   -0.12191
|5^HL_211'>    0.05214
|5^HL_201'>   -0.49025
|5^HL_202'>    0.07746
|5^HL_204'>   -0.20022
|5^HL_205'>   -0.12197
|5^HL_2018'>   -0.05495
|5^HL_193'>    0.62467
|5^HL_181'>   -0.18194
|5^HL_185'>   -0.05136
|5^HL_161'>    0.06154
|5^HL_121'>   -0.13047
|5^HL_91'>    0.15195
|5^HL_11'>    0.31767
|5^HL_14'>   -0.06849
TDMs with Triplet 'Ground' state
TDMX:-0.000   TDMY:0.000   TDMZ:-0.001   Oscillator Strength:0.00000   <S**2>: 6.000
--------------------------------------------------------------------
TDMs with Singlet 'Ground' state
TDMX:0.000   TDMY:0.000   TDMZ:0.000   Oscillator Strength:0.00000   <S**2>: 6.000
--------------------------------------------------------------------


State 24 3.126 eV 
Excitation    CI Coef
|3^HS2_9>    0.06185
|3^HS2_8>   -0.05683
|3^SL1_5'>    0.07728
|3^SL1_15'>   -0.05733
|3^SL2_2'>    0.19220
|3^SL2_5'>    0.10196
|3^SL2_6'>   -0.15570
|3^SL2_7'>   -0.13435
|3^SL2_9'>   -0.05670
|3^SL2_10'>   -0.06267
|3^SL2_13'>    0.05635
|3^SL2_15'>   -0.15441
|3^SL2_16'>    0.10365
|3^HL3_3922'>    0.05388
|3^HL3_3519'>    0.11010
|3^HL3_224'>   -0.05965
|3^HL3_225'>   -0.05627
|3^HL3_211'>    0.05334
|3^HL3_212'>    0.06072
|3^HL3_201'>   -0.28685
|3^HL3_202'>    0.05263
|3^HL3_204'>   -0.05493
|3^HL3_205'>   -0.06569
|3^HL3_193'>    0.34508
|3^HL3_181'>   -0.08794
|3^HL3_184'>   -0.06631
|3^HL3_1722'>    0.07010
|3^HL3_1522'>   -0.06620
|3^HL3_132'>    0.08533
|3^HL3_136'>    0.05934
|3^HL3_122'>    0.05783
|3^HL3_124'>   -0.09169
|3^HL3_1215'>   -0.05294
|3^HL3_114'>   -0.08126
|3^HL3_116'>    0.10473
|3^HL3_1015'>    0.07523
|3^HL3_1016'>   -0.05988
|3^HL3_94'>    0.11506
|3^HL3_915'>   -0.08167
|3^HL3_916'>    0.06229
|3^HL3_917'>   -0.06297
|3^HL3_810'>    0.06362
|3^HL3_815'>    0.05454
|3^HL3_816'>   -0.08105
|3^HL3_817'>    0.06946
|3^HL3_79'>   -0.30929
|3^HL3_710'>    0.20119
|3^HL3_513'>   -0.23248
|3^HL3_39'>    0.17061
|3^HL3_310'>    0.22056
|3^HL3_12'>   -0.07022
|3^HL3_14'>    0.26050
|3^HL3_118'>   -0.07107
TDMs with Triplet 'Ground' state
TDMX:-0.240   TDMY:-0.262   TDMZ:0.559   Oscillator Strength:0.03241   <S**2>: 2.000
--------------------------------------------------------------------
TDMs with Singlet 'Ground' state
TDMX:-0.000   TDMY:-0.000   TDMZ:-0.000   Oscillator Strength:0.00000   <S**2>: 2.000
--------------------------------------------------------------------


State 25 3.157 eV 
Excitation    CI Coef
|1^OS>   -0.09945
|1^ZW0>    0.05191
|1^ZW0'>   -0.10545
|1^HS1_12>   -0.07466
|1^HS1_10>   -0.05219
|1^HS1_9>   -0.06313
|1^HS2_11>   -0.10121
|1^HS2_10>   -0.07093
|1^HS2_2>   -0.06865
|1^HS2_1>    0.05068
|1^SL1_1'>   -0.06937
|1^SL1_2'>   -0.07177
|1^SL1_4'>    0.05530
|1^SL1_5'>    0.08700
|1^SL1_12'>    0.14129
|1^SL1_14'>    0.05038
|1^SL1_15'>   -0.09808
|1^SL1_16'>   -0.23157
|1^SL1_17'>   -0.19876
|1^SL1_18'>   -0.07784
|1^SL2_2'>   -0.17584
|1^SL2_4'>   -0.09746
|1^SL2_5'>    0.06285
|1^SL2_6'>    0.05449
|1^SL2_12'>    0.07246
|1^SL2_16'>   -0.15350
|1^SL2_17'>   -0.11570
|1^SL2_18'>   -0.06730
|1^HL2_3823'>   -0.05983
|1^HL2_212'>    0.05115
|1^HL2_201'>   -0.05266
|1^HL2_193'>    0.06123
|1^HL2_188'>   -0.06576
|1^HL2_168'>    0.05703
|1^HL2_1623'>    0.07556
|1^HL2_1423'>   -0.06451
|1^HL2_1425'>   -0.07188
|1^HL2_132'>    0.05046
|1^HL2_136'>    0.06439
|1^HL2_138'>   -0.06500
|1^HL2_122'>   -0.06146
|1^HL2_124'>   -0.08083
|1^HL2_128'>    0.05487
|1^HL2_115'>    0.05287
|1^HL2_116'>    0.06431
|1^HL2_118'>    0.07669
|1^HL2_1116'>   -0.05953
|1^HL2_102'>   -0.08348
|1^HL2_104'>   -0.07822
|1^HL2_1016'>   -0.06461
|1^HL2_92'>    0.08874
|1^HL2_94'>    0.12154
|1^HL2_95'>   -0.05648
|1^HL2_912'>    0.08024
|1^HL2_915'>   -0.09085
|1^HL2_916'>   -0.10458
|1^HL2_917'>   -0.05108
|1^HL2_82'>    0.07577
|1^HL2_85'>   -0.12488
|1^HL2_86'>   -0.07068
|1^HL2_812'>    0.06364
|1^HL2_815'>   -0.05525
|1^HL2_816'>   -0.09966
|1^HL2_611'>    0.33242
|1^HL2_414'>    0.28504
|1^HL2_212'>    0.30413
|1^HL2_11'>   -0.09234
|1^HL2_14'>    0.22428
|1^HL2_15'>    0.09633
|1^HL2_16'>    0.09512
|1^HL2_115'>    0.06523
|1^HL2_116'>    0.05833
TDMs with Triplet 'Ground' state
TDMX:0.000   TDMY:-0.000   TDMZ:-0.000   Oscillator Strength:0.00000   <S**2>: 0.000
--------------------------------------------------------------------
TDMs with Singlet 'Ground' state
TDMX:-0.614   TDMY:-2.483   TDMZ:-0.119   Oscillator Strength:0.50705   <S**2>: 0.000
--------------------------------------------------------------------


State 26 3.165 eV 
Excitation    CI Coef
|5^HL_4020'>   -0.05129
|5^HL_4026'>    0.07490
|5^HL_305'>   -0.05293
|5^HL_2426'>    0.06541
|5^HL_232'>    0.05107
|5^HL_2326'>    0.05976
|5^HL_2327'>    0.05225
|5^HL_224'>    0.06294
|5^HL_226'>    0.13192
|5^HL_215'>    0.12694
|5^HL_218'>   -0.10623
|5^HL_201'>    0.09409
|5^HL_202'>   -0.08471
|5^HL_205'>    0.05694
|5^HL_208'>   -0.05710
|5^HL_193'>   -0.11965
|5^HL_182'>    0.11427
|5^HL_184'>    0.08330
|5^HL_185'>   -0.05511
|5^HL_187'>   -0.05168
|5^HL_188'>    0.15717
|5^HL_1817'>    0.07429
|5^HL_162'>   -0.06632
|5^HL_167'>    0.05030
|5^HL_168'>   -0.13096
|5^HL_132'>   -0.07066
|5^HL_134'>   -0.08026
|5^HL_136'>   -0.09078
|5^HL_137'>    0.05976
|5^HL_138'>    0.16928
|5^HL_122'>    0.21019
|5^HL_124'>    0.13348
|5^HL_127'>    0.06601
|5^HL_128'>   -0.11208
|5^HL_1215'>   -0.08725
|5^HL_1217'>    0.07947
|5^HL_111'>    0.10541
|5^HL_114'>   -0.09109
|5^HL_115'>   -0.17796
|5^HL_116'>   -0.10531
|5^HL_118'>   -0.14263
|5^HL_1117'>    0.05026
|5^HL_1118'>    0.07103
|5^HL_101'>   -0.06318
|5^HL_102'>    0.12216
|5^HL_104'>    0.22742
|5^HL_106'>    0.05276
|5^HL_92'>   -0.12474
|5^HL_94'>   -0.13416
|5^HL_917'>   -0.05533
|5^HL_82'>   -0.08455
|5^HL_84'>   -0.08907
|5^HL_85'>    0.23051
|5^HL_86'>    0.06755
|5^HL_88'>    0.09668
|5^HL_817'>   -0.07507
|5^HL_818'>   -0.13023
|5^HL_79'>   -0.09044
|5^HL_710'>    0.05529
|5^HL_611'>    0.13602
|5^HL_11'>    0.11488
|5^HL_12'>    0.05235
|5^HL_14'>   -0.25846
|5^HL_15'>   -0.17119
|5^HL_16'>   -0.23428
|5^HL_18'>   -0.08256
|5^HL_115'>   -0.06120
|5^HL_117'>    0.16399
|5^HL_118'>    0.06668
TDMs with Triplet 'Ground' state
TDMX:-0.001   TDMY:0.000   TDMZ:-0.001   Oscillator Strength:0.00000   <S**2>: 6.000
--------------------------------------------------------------------
TDMs with Singlet 'Ground' state
TDMX:0.000   TDMY:0.000   TDMZ:0.000   Oscillator Strength:0.00000   <S**2>: 6.000
--------------------------------------------------------------------


State 27 3.205 eV 
Excitation    CI Coef
|5^HL_4127'>    0.07433
|5^HL_306'>    0.05271
|5^HL_265'>    0.05257
|5^HL_242'>   -0.05916
|5^HL_2427'>   -0.07081
|5^HL_222'>   -0.05058
|5^HL_224'>   -0.05109
|5^HL_225'>   -0.09950
|5^HL_226'>    0.09430
|5^HL_227'>    0.08626
|5^HL_212'>    0.12809
|5^HL_214'>   -0.09083
|5^HL_215'>    0.08600
|5^HL_217'>   -0.14372
|5^HL_2117'>    0.07421
|5^HL_201'>   -0.11033
|5^HL_193'>    0.11429
|5^HL_184'>   -0.07685
|5^HL_187'>   -0.09007
|5^HL_172'>   -0.05719
|5^HL_177'>    0.10417
|5^HL_167'>    0.10592
|5^HL_132'>    0.07406
|5^HL_136'>    0.12253
|5^HL_137'>    0.16814
|5^HL_122'>    0.13954
|5^HL_124'>   -0.15648
|5^HL_125'>    0.11677
|5^HL_127'>    0.20678
|5^HL_1215'>   -0.07527
|5^HL_1217'>    0.05726
|5^HL_1218'>   -0.06815
|5^HL_111'>    0.08256
|5^HL_114'>   -0.14389
|5^HL_115'>   -0.07240
|5^HL_116'>    0.17992
|5^HL_117'>   -0.08607
|5^HL_101'>   -0.06425
|5^HL_102'>   -0.10179
|5^HL_104'>    0.09636
|5^HL_106'>   -0.05937
|5^HL_1015'>    0.05192
|5^HL_91'>   -0.06265
|5^HL_92'>   -0.07870
|5^HL_94'>    0.19022
|5^HL_82'>    0.16038
|5^HL_84'>   -0.07090
|5^HL_85'>    0.14022
|5^HL_86'>   -0.11306
|5^HL_87'>    0.11084
|5^HL_817'>    0.12031
|5^HL_818'>   -0.09786
|5^HL_79'>   -0.15189
|5^HL_710'>    0.09441
|5^HL_11'>   -0.17486
|5^HL_12'>    0.07279
|5^HL_14'>    0.34961
|5^HL_15'>    0.23588
|5^HL_16'>   -0.16166
|5^HL_17'>    0.08193
|5^HL_117'>    0.10078
|5^HL_118'>   -0.10905
TDMs with Triplet 'Ground' state
TDMX:0.001   TDMY:0.000   TDMZ:0.000   Oscillator Strength:0.00000   <S**2>: 6.000
--------------------------------------------------------------------
TDMs with Singlet 'Ground' state
TDMX:0.000   TDMY:0.000   TDMZ:0.000   Oscillator Strength:0.00000   <S**2>: 6.000
--------------------------------------------------------------------


State 28 3.234 eV 
Excitation    CI Coef
|1^HS1_8>   -0.07109
|1^HS1_7>   -0.69662
|1^HS2_8>    0.06247
|1^HS2_7>    0.24073
|1^SL1_9'>   -0.13353
|1^SL1_10'>    0.08459
|1^SL2_9'>    0.35894
|1^SL2_10'>   -0.22658
|1^HL2_399'>   -0.05212
|1^HL2_189'>   -0.06053
|1^HL2_179'>   -0.11034
|1^HL2_1710'>    0.05955
|1^HL2_169'>   -0.05501
|1^HL2_99'>   -0.07767
|1^HL2_910'>    0.05538
|1^HL2_89'>    0.08184
|1^HL2_810'>   -0.07371
|1^HL2_75'>    0.06999
|1^HL2_76'>   -0.06950
|1^HL2_77'>   -0.07267
|1^HL2_79'>   -0.13547
|1^HL2_710'>   -0.16756
|1^HL2_713'>    0.06586
|1^HL2_715'>   -0.14370
|1^HL2_716'>    0.13589
|1^HL2_717'>   -0.11144
|1^HL2_722'>    0.10599
|1^HL2_724'>   -0.06449
|1^HL2_39'>    0.12878
TDMs with Triplet 'Ground' state
TDMX:0.000   TDMY:-0.000   TDMZ:-0.000   Oscillator Strength:0.00000   <S**2>: 0.000
--------------------------------------------------------------------
TDMs with Singlet 'Ground' state
TDMX:0.025   TDMY:0.000   TDMZ:0.072   Oscillator Strength:0.00047   <S**2>: 0.000
--------------------------------------------------------------------


State 29 3.245 eV 
Excitation    CI Coef
|3^HS2_11>   -0.06786
|3^HS2_9>    0.08684
|3^SL1_2'>   -0.14304
|3^SL1_4'>   -0.06822
|3^SL1_5'>   -0.05273
|3^SL1_6'>    0.05683
|3^SL1_17'>   -0.09002
|3^SL2_2'>   -0.30511
|3^SL2_5'>   -0.15169
|3^SL2_6'>    0.12352
|3^SL2_9'>   -0.07358
|3^SL2_10'>   -0.08280
|3^SL2_13'>    0.05314
|3^SL2_15'>   -0.06632
|3^SL2_16'>    0.08494
|3^SL2_17'>   -0.18833
|3^SL2_18'>    0.11954
|3^HL1_12'>    0.07960
|3^HL3_226'>   -0.08701
|3^HL3_212'>   -0.06105
|3^HL3_214'>    0.06382
|3^HL3_215'>   -0.05887
|3^HL3_217'>    0.08279
|3^HL3_201'>    0.07634
|3^HL3_193'>   -0.08326
|3^HL3_187'>    0.05266
|3^HL3_177'>   -0.06276
|3^HL3_1722'>    0.05568
|3^HL3_167'>   -0.06299
|3^HL3_1522'>   -0.05399
|3^HL3_134'>    0.05669
|3^HL3_136'>   -0.06587
|3^HL3_137'>   -0.09070
|3^HL3_122'>   -0.11608
|3^HL3_124'>    0.07550
|3^HL3_127'>   -0.13003
|3^HL3_1217'>   -0.06260
|3^HL3_111'>   -0.08325
|3^HL3_112'>   -0.05060
|3^HL3_114'>    0.14229
|3^HL3_115'>    0.05211
|3^HL3_116'>   -0.08594
|3^HL3_117'>    0.06343
|3^HL3_101'>    0.07082
|3^HL3_104'>   -0.11638
|3^HL3_106'>    0.05168
|3^HL3_91'>    0.05372
|3^HL3_92'>    0.10477
|3^HL3_94'>   -0.12801
|3^HL3_915'>   -0.07809
|3^HL3_82'>   -0.10809
|3^HL3_84'>    0.06818
|3^HL3_85'>   -0.14341
|3^HL3_86'>    0.09388
|3^HL3_810'>    0.05352
|3^HL3_815'>    0.07911
|3^HL3_816'>   -0.06024
|3^HL3_818'>    0.05817
|3^HL3_79'>   -0.27180
|3^HL3_710'>    0.17627
|3^HL3_513'>   -0.19786
|3^HL3_39'>    0.13185
|3^HL3_310'>    0.16592
|3^HL3_11'>    0.12982
|3^HL3_14'>   -0.23249
|3^HL3_15'>   -0.13919
|3^HL3_16'>    0.16280
|3^HL3_115'>    0.07075
TDMs with Triplet 'Ground' state
TDMX:0.521   TDMY:-0.107   TDMZ:-0.801   Oscillator Strength:0.07090   <S**2>: 2.000
--------------------------------------------------------------------
TDMs with Singlet 'Ground' state
TDMX:0.000   TDMY:0.000   TDMZ:-0.000   Oscillator Strength:0.00000   <S**2>: 2.000
--------------------------------------------------------------------


State 30 3.248 eV 
Excitation    CI Coef
|1^HS1_6>   -0.23243
|1^HS2_31>    0.08033
|1^HS2_6>   -0.68031
|1^SL1_11'>    0.43349
|1^SL1_12'>   -0.06138
|1^SL2_11'>    0.15885
|1^HL2_3811'>   -0.06985
|1^HL2_1811'>    0.06703
|1^HL2_1711'>   -0.08593
|1^HL2_1611'>    0.12327
|1^HL2_1011'>    0.05809
|1^HL2_911'>    0.12637
|1^HL2_811'>    0.09873
|1^HL2_65'>   -0.05785
|1^HL2_68'>    0.05035
|1^HL2_612'>    0.25387
|1^HL2_614'>    0.05632
|1^HL2_615'>   -0.09080
|1^HL2_616'>   -0.19205
|1^HL2_617'>   -0.10441
|1^HL2_623'>    0.12020
|1^HL2_625'>   -0.05266
|1^HL2_211'>    0.13340
TDMs with Triplet 'Ground' state
TDMX:-0.000   TDMY:0.000   TDMZ:0.000   Oscillator Strength:0.00000   <S**2>: 0.000
--------------------------------------------------------------------
TDMs with Singlet 'Ground' state
TDMX:0.088   TDMY:0.043   TDMZ:-0.052   Oscillator Strength:0.00097   <S**2>: 0.000
--------------------------------------------------------------------


State 31 3.339 eV 
Excitation    CI Coef
|1^OS>   -0.12577
|1^ZW0'>   -0.12242
|1^HS1_13>   -0.05097
|1^HS1_12>   -0.10978
|1^HS1_9>    0.07606
|1^HS1_8>   -0.23778
|1^HS1_7>    0.05836
|1^HS1_3>    0.06822
|1^HS1_1>   -0.17669
|1^HS2_12>    0.07412
|1^HS2_9>   -0.06452
|1^HS2_8>    0.14966
|1^HS2_1>    0.22367
|1^SL1_2'>    0.06574
|1^SL1_4'>   -0.06646
|1^SL1_7'>   -0.16448
|1^SL1_8'>   -0.10229
|1^SL2_1'>   -0.12243
|1^SL2_2'>   -0.29381
|1^SL2_4'>    0.09150
|1^SL2_6'>    0.13995
|1^SL2_7'>    0.45870
|1^HL2_417'>    0.06182
|1^HL2_227'>    0.05713
|1^HL2_217'>   -0.05525
|1^HL2_201'>    0.05641
|1^HL2_193'>   -0.08422
|1^HL2_138'>    0.05726
|1^HL2_127'>   -0.14016
|1^HL2_128'>   -0.06938
|1^HL2_1218'>    0.07924
|1^HL2_117'>    0.05560
|1^HL2_118'>   -0.06663
|1^HL2_104'>    0.07515
|1^HL2_94'>   -0.05106
|1^HL2_916'>    0.05350
|1^HL2_82'>   -0.10498
|1^HL2_86'>    0.07561
|1^HL2_87'>   -0.12126
|1^HL2_815'>    0.08299
|1^HL2_79'>   -0.13953
|1^HL2_710'>    0.10153
|1^HL2_611'>   -0.06291
|1^HL2_513'>   -0.13361
|1^HL2_39'>    0.06894
|1^HL2_310'>    0.10137
|1^HL2_11'>    0.12930
|1^HL2_14'>   -0.06484
|1^HL2_15'>   -0.21834
|1^HL2_17'>   -0.08540
|1^HL2_18'>   -0.05846
TDMs with Triplet 'Ground' state
TDMX:0.000   TDMY:0.000   TDMZ:-0.000   Oscillator Strength:0.00000   <S**2>: 0.000
--------------------------------------------------------------------
TDMs with Singlet 'Ground' state
TDMX:0.236   TDMY:-1.370   TDMZ:-1.050   Oscillator Strength:0.24840   <S**2>: 0.000
--------------------------------------------------------------------


State 32 3.390 eV 
Excitation    CI Coef
|3^HS1_6>   -0.05042
|3^HS2_31>    0.06250
|3^HS2_6>   -0.65913
|3^SL1_11'>    0.48543
|3^SL1_12'>   -0.05287
|3^SL2_11'>   -0.17647
|3^HL1_911'>   -0.07291
|3^HL1_612'>    0.10447
|3^HL1_616'>   -0.09641
|3^HL1_211'>   -0.05775
|3^HL3_3811'>   -0.05698
|3^HL3_1811'>    0.06116
|3^HL3_1711'>   -0.07484
|3^HL3_1611'>    0.10555
|3^HL3_1111'>    0.05961
|3^HL3_1011'>    0.06732
|3^HL3_911'>    0.14422
|3^HL3_811'>    0.10911
|3^HL3_62'>    0.05804
|3^HL3_66'>   -0.05080
|3^HL3_612'>    0.23546
|3^HL3_614'>    0.05292
|3^HL3_615'>   -0.07385
|3^HL3_616'>   -0.18651
|3^HL3_617'>   -0.08205
|3^HL3_623'>    0.09618
|3^HL3_211'>    0.14648
|3^HL3_111'>   -0.05144
TDMs with Triplet 'Ground' state
TDMX:0.033   TDMY:-0.091   TDMZ:0.030   Oscillator Strength:0.00082   <S**2>: 2.000
--------------------------------------------------------------------
TDMs with Singlet 'Ground' state
TDMX:0.000   TDMY:0.000   TDMZ:0.000   Oscillator Strength:0.00000   <S**2>: 2.000
--------------------------------------------------------------------


State 33 3.417 eV 
Excitation    CI Coef
|3^OS>   -0.08590
|3^HS2_6>   -0.07272
|3^HS2_1>   -0.09059
|3^SL1_2'>    0.10855
|3^SL1_4'>    0.08755
|3^SL1_5'>   -0.05436
|3^SL1_8'>    0.19740
|3^SL1_11'>    0.05395
|3^SL2_1'>   -0.23719
|3^SL2_2'>   -0.31802
|3^SL2_5'>    0.23857
|3^SL2_6'>    0.11960
|3^SL2_7'>    0.18863
|3^SL2_8'>   -0.08975
|3^SL2_16'>   -0.05672
|3^SL2_17'>   -0.10031
|3^SL2_18'>   -0.05904
|3^HL1_102'>   -0.05031
|3^HL2_12'>   -0.06722
|3^HL3_4026'>   -0.06811
|3^HL3_226'>   -0.06344
|3^HL3_218'>    0.05093
|3^HL3_201'>   -0.06374
|3^HL3_193'>    0.10688
|3^HL3_185'>    0.05939
|3^HL3_188'>   -0.10770
|3^HL3_168'>    0.10522
|3^HL3_132'>   -0.08048
|3^HL3_136'>    0.06410
|3^HL3_137'>    0.06371
|3^HL3_138'>   -0.14714
|3^HL3_1315'>   -0.05564
|3^HL3_122'>   -0.05301
|3^HL3_124'>   -0.06112
|3^HL3_127'>    0.10110
|3^HL3_128'>    0.15119
|3^HL3_1218'>   -0.07024
|3^HL3_114'>    0.07316
|3^HL3_118'>    0.16002
|3^HL3_1115'>    0.05234
|3^HL3_101'>    0.07017
|3^HL3_102'>   -0.06853
|3^HL3_104'>   -0.13116
|3^HL3_108'>    0.06852
|3^HL3_91'>   -0.06075
|3^HL3_94'>    0.06047
|3^HL3_918'>    0.05177
|3^HL3_82'>    0.16713
|3^HL3_84'>    0.05627
|3^HL3_85'>   -0.08385
|3^HL3_86'>   -0.07743
|3^HL3_87'>    0.08878
|3^HL3_88'>   -0.13157
|3^HL3_817'>    0.06018
|3^HL3_11'>   -0.22781
|3^HL3_12'>   -0.07596
|3^HL3_14'>    0.08636
|3^HL3_15'>    0.30352
|3^HL3_16'>    0.08073
|3^HL3_17'>    0.05781
|3^HL3_18'>    0.12723
TDMs with Triplet 'Ground' state
TDMX:0.028   TDMY:1.301   TDMZ:0.496   Oscillator Strength:0.15710   <S**2>: 2.000
--------------------------------------------------------------------
TDMs with Singlet 'Ground' state
TDMX:0.000   TDMY:0.000   TDMZ:-0.000   Oscillator Strength:0.00000   <S**2>: 2.000
--------------------------------------------------------------------


State 34 3.437 eV 
Excitation    CI Coef
|1^OS>   -0.11401
|1^ZW0>   -0.12898
|1^ZW0'>   -0.41651
|1^HS1_13>    0.09434
|1^HS1_12>    0.05509
|1^HS1_11>    0.05195
|1^HS1_10>    0.07099
|1^HS1_9>   -0.05206
|1^HS1_8>    0.09706
|1^HS1_7>   -0.05190
|1^HS1_1>    0.10017
|1^HS2_16>   -0.05208
|1^HS2_13>   -0.05162
|1^HS2_11>   -0.12552
|1^HS2_10>   -0.08375
|1^HS2_9>    0.30818
|1^HS2_8>   -0.14387
|1^HS2_1>    0.13380
|1^SL1_1'>    0.06625
|1^SL1_7'>    0.08514
|1^SL1_8'>   -0.06327
|1^SL2_1'>   -0.20258
|1^SL2_2'>   -0.17835
|1^SL2_4'>   -0.06430
|1^SL2_5'>    0.24367
|1^SL2_7'>   -0.20452
|1^SL2_15'>   -0.05057
|1^SL2_17'>   -0.10869
|1^HL2_226'>    0.05150
|1^HL2_227'>   -0.06023
|1^HL2_217'>    0.05637
|1^HL2_201'>    0.06544
|1^HL2_193'>   -0.10704
|1^HL2_186'>    0.05398
|1^HL2_132'>    0.07295
|1^HL2_114'>   -0.12670
|1^HL2_101'>   -0.10048
|1^HL2_104'>    0.14196
|1^HL2_105'>    0.06176
|1^HL2_91'>    0.06719
|1^HL2_95'>   -0.08421
|1^HL2_82'>   -0.05016
|1^HL2_79'>    0.19758
|1^HL2_710'>   -0.14194
|1^HL2_513'>    0.12256
|1^HL2_39'>   -0.05552
|1^HL2_310'>   -0.07886
|1^HL2_11'>    0.16799
|1^HL2_12'>    0.06065
|1^HL2_14'>   -0.06438
|1^HL2_15'>   -0.16397
|1^HL2_16'>   -0.06018
|1^HL2_116'>    0.06041
|1^HL2_118'>   -0.06525
TDMs with Triplet 'Ground' state
TDMX:0.000   TDMY:-0.000   TDMZ:-0.000   Oscillator Strength:0.00000   <S**2>: 0.000
--------------------------------------------------------------------
TDMs with Singlet 'Ground' state
TDMX:1.083   TDMY:0.861   TDMZ:-1.136   Oscillator Strength:0.26988   <S**2>: 0.000
--------------------------------------------------------------------


State 35 3.485 eV 
Excitation    CI Coef
|3^HS2_9>   -0.07144
|3^HS2_8>    0.10425
|3^HS2_2>   -0.05771
|3^SL1_1'>    0.05561
|3^SL1_2'>    0.21046
|3^SL1_5'>   -0.05163
|3^SL1_7'>   -0.20132
|3^SL1_8'>    0.08770
|3^SL1_15'>    0.06164
|3^SL2_2'>    0.13643
|3^SL2_4'>   -0.08578
|3^SL2_5'>    0.09519
|3^SL2_7'>   -0.51917
|3^SL2_8'>   -0.05044
|3^SL2_9'>    0.08630
|3^SL2_10'>    0.06499
|3^SL2_15'>    0.09881
|3^SL2_16'>   -0.07480
|3^HL1_122'>   -0.05075
|3^HL1_92'>   -0.05409
|3^HL1_12'>   -0.10512
|3^HL3_417'>    0.08027
|3^HL3_4127'>   -0.06979
|3^HL3_188'>   -0.06605
|3^HL3_177'>   -0.05142
|3^HL3_167'>   -0.07224
|3^HL3_168'>    0.06126
|3^HL3_135'>    0.05168
|3^HL3_137'>   -0.16031
|3^HL3_138'>   -0.11722
|3^HL3_127'>   -0.30815
|3^HL3_128'>    0.07120
|3^HL3_1215'>    0.10334
|3^HL3_115'>    0.06010
|3^HL3_117'>    0.10291
|3^HL3_118'>    0.10986
|3^HL3_104'>   -0.05136
|3^HL3_97'>    0.08911
|3^HL3_85'>   -0.11872
|3^HL3_87'>   -0.23445
|3^HL3_88'>   -0.10314
|3^HL3_818'>    0.06936
|3^HL3_79'>    0.05312
|3^HL3_513'>    0.06912
|3^HL3_12'>   -0.10229
|3^HL3_16'>    0.09812
|3^HL3_17'>   -0.18672
|3^HL3_18'>    0.06069
|3^HL3_115'>    0.05658
|3^HL3_117'>   -0.06214
TDMs with Triplet 'Ground' state
TDMX:-0.232   TDMY:1.565   TDMZ:1.239   Oscillator Strength:0.33349   <S**2>: 2.000
--------------------------------------------------------------------
TDMs with Singlet 'Ground' state
TDMX:0.000   TDMY:0.000   TDMZ:-0.000   Oscillator Strength:0.00000   <S**2>: 2.000
--------------------------------------------------------------------


State 36 3.504 eV 
Excitation    CI Coef
|1^HS1_5>   -0.72435
|1^HS2_5>    0.25062
|1^SL1_7'>   -0.05310
|1^SL1_13'>   -0.10248
|1^SL2_7'>    0.13409
|1^SL2_13'>    0.27587
|1^HL2_1513'>   -0.10985
|1^HL2_913'>   -0.05487
|1^HL2_59'>    0.15749
|1^HL2_510'>    0.24499
|1^HL2_515'>   -0.18427
|1^HL2_516'>    0.15272
|1^HL2_517'>   -0.11568
|1^HL2_524'>   -0.07981
|1^HL2_39'>   -0.05312
|1^HL2_310'>   -0.09991
|1^HL2_313'>   -0.22971
TDMs with Triplet 'Ground' state
TDMX:-0.000   TDMY:0.000   TDMZ:0.000   Oscillator Strength:0.00000   <S**2>: 0.000
--------------------------------------------------------------------
TDMs with Singlet 'Ground' state
TDMX:0.023   TDMY:-0.223   TDMZ:-0.023   Oscillator Strength:0.00435   <S**2>: 0.000
--------------------------------------------------------------------


State 37 3.515 eV 
Excitation    CI Coef
|1^HS1_5>   -0.08027
|1^HS1_4>    0.10263
|1^HS1_2>   -0.13570
|1^HS2_14>   -0.25277
|1^HS2_8>    0.08601
|1^HS2_4>    0.29515
|1^HS2_2>   -0.57963
|1^HS2_1>    0.05768
|1^SL1_7'>    0.06823
|1^SL1_12'>   -0.10914
|1^SL1_14'>   -0.13460
|1^SL1_23'>   -0.05543
|1^SL2_7'>   -0.17279
|1^SL2_12'>   -0.05226
|1^SL2_14'>   -0.05569
|1^SL2_15'>    0.05416
|1^HL2_1416'>   -0.06260
|1^HL2_1425'>   -0.07337
|1^HL2_127'>    0.08457
|1^HL2_87'>    0.07845
|1^HL2_79'>   -0.05963
|1^HL2_611'>   -0.24394
|1^HL2_513'>   -0.07529
|1^HL2_412'>    0.06342
|1^HL2_414'>    0.40719
|1^HL2_415'>    0.10298
|1^HL2_416'>    0.13621
|1^HL2_417'>    0.05779
|1^HL2_214'>    0.06232
|1^HL2_17'>    0.06199
TDMs with Triplet 'Ground' state
TDMX:-0.000   TDMY:0.000   TDMZ:0.000   Oscillator Strength:0.00000   <S**2>: 0.000
--------------------------------------------------------------------
TDMs with Singlet 'Ground' state
TDMX:0.439   TDMY:-0.364   TDMZ:0.628   Oscillator Strength:0.06203   <S**2>: 0.000
--------------------------------------------------------------------


State 38 3.533 eV 
Excitation    CI Coef
|1^OS>    0.09055
|1^ZW0>   -0.12183
|1^HS1_17>   -0.06967
|1^HS1_13>   -0.05820
|1^HS1_12>   -0.08027
|1^HS1_11>    0.09739
|1^HS1_10>    0.11679
|1^HS1_9>   -0.06219
|1^HS1_8>    0.15558
|1^HS1_5>    0.14752
|1^HS1_4>    0.05583
|1^HS1_2>   -0.05613
|1^HS1_1>    0.08345
|1^HS2_16>    0.05067
|1^HS2_14>   -0.06081
|1^HS2_11>   -0.06176
|1^HS2_9>    0.18530
|1^HS2_8>   -0.13494
|1^HS2_5>   -0.05204
|1^HS2_4>    0.16275
|1^HS2_2>   -0.16615
|1^HS2_1>   -0.10425
|1^SL1_7'>   -0.18025
|1^SL1_8'>    0.07182
|1^SL1_14'>   -0.07906
|1^SL1_15'>    0.07803
|1^SL2_1'>    0.06056
|1^SL2_2'>    0.20086
|1^SL2_6'>   -0.05018
|1^SL2_7'>    0.44819
|1^SL2_8'>    0.05639
|1^SL2_9'>   -0.08504
|1^SL2_10'>   -0.12623
|1^SL2_15'>   -0.12343
|1^SL2_16'>    0.07353
|1^HL2_417'>    0.05048
|1^HL2_227'>    0.08638
|1^HL2_217'>   -0.08928
|1^HL2_188'>   -0.05211
|1^HL2_138'>   -0.07924
|1^HL2_127'>   -0.14427
|1^HL2_128'>    0.06217
|1^HL2_1215'>    0.07090
|1^HL2_118'>    0.08363
|1^HL2_104'>   -0.05510
|1^HL2_97'>    0.06659
|1^HL2_87'>   -0.16873
|1^HL2_88'>   -0.08233
|1^HL2_79'>    0.22838
|1^HL2_710'>   -0.15705
|1^HL2_513'>    0.18097
|1^HL2_412'>    0.05138
|1^HL2_414'>    0.11838
|1^HL2_416'>    0.06736
|1^HL2_39'>   -0.05118
|1^HL2_310'>   -0.05676
|1^HL2_12'>   -0.05733
|1^HL2_15'>    0.05291
|1^HL2_17'>   -0.14111
TDMs with Triplet 'Ground' state
TDMX:0.000   TDMY:0.000   TDMZ:0.000   Oscillator Strength:0.00000   <S**2>: 0.000
--------------------------------------------------------------------
TDMs with Singlet 'Ground' state
TDMX:0.431   TDMY:0.231   TDMZ:0.160   Oscillator Strength:0.02294   <S**2>: 0.000
--------------------------------------------------------------------


State 39 3.579 eV 
Excitation    CI Coef
|1^HS1_4>    0.22212
|1^HS1_2>    0.06968
|1^HS2_27>   -0.05044
|1^HS2_14>    0.16401
|1^HS2_4>    0.61667
|1^HS2_2>    0.26831
|1^SL1_8'>   -0.06519
|1^SL1_12'>    0.09357
|1^SL1_14'>   -0.22566
|1^SL1_16'>   -0.05058
|1^SL2_14'>   -0.08023
|1^HL2_1414'>   -0.09798
|1^HL2_914'>   -0.06248
|1^HL2_611'>    0.14995
|1^HL2_412'>    0.29867
|1^HL2_414'>   -0.18230
|1^HL2_415'>    0.12999
|1^HL2_416'>    0.21430
|1^HL2_417'>    0.10330
|1^HL2_425'>    0.06789
|1^HL2_214'>    0.26591
TDMs with Triplet 'Ground' state
TDMX:-0.000   TDMY:-0.000   TDMZ:-0.000   Oscillator Strength:0.00000   <S**2>: 0.000
--------------------------------------------------------------------
TDMs with Singlet 'Ground' state
TDMX:-0.211   TDMY:-0.004   TDMZ:-0.277   Oscillator Strength:0.01060   <S**2>: 0.000
--------------------------------------------------------------------


State 40 3.586 eV 
Excitation    CI Coef
|1^OS>   -0.08243
|1^ZW0>    0.39653
|1^ZW0'>    0.21866
|1^HS1_21>    0.09345
|1^HS1_13>    0.07020
|1^HS1_12>    0.05377
|1^HS1_11>   -0.08509
|1^HS1_9>   -0.16923
|1^HS1_8>    0.05309
|1^HS1_1>   -0.06645
|1^HS2_12>   -0.10389
|1^HS2_10>    0.05025
|1^HS2_9>    0.06694
|1^HS2_8>   -0.13799
|1^SL1_1'>    0.13402
|1^SL1_2'>   -0.28973
|1^SL1_4'>   -0.10147
|1^SL1_8'>   -0.10178
|1^SL2_1'>   -0.05298
|1^SL2_4'>    0.05875
|1^SL2_18'>    0.07346
|1^HL1_12'>    0.06044
|1^HL2_221'>    0.07086
|1^HL2_224'>   -0.07418
|1^HL2_225'>   -0.06220
|1^HL2_226'>   -0.07704
|1^HL2_212'>    0.06941
|1^HL2_216'>   -0.05518
|1^HL2_201'>    0.05099
|1^HL2_204'>    0.06376
|1^HL2_193'>   -0.13844
|1^HL2_182'>   -0.06086
|1^HL2_186'>   -0.05123
|1^HL2_132'>    0.14949
|1^HL2_125'>    0.06452
|1^HL2_126'>   -0.05252
|1^HL2_111'>   -0.09314
|1^HL2_114'>    0.14579
|1^HL2_115'>    0.05125
|1^HL2_101'>    0.11785
|1^HL2_102'>    0.05325
|1^HL2_104'>   -0.18862
|1^HL2_105'>   -0.06385
|1^HL2_106'>   -0.08801
|1^HL2_1015'>    0.06630
|1^HL2_1017'>   -0.06924
|1^HL2_91'>    0.10207
|1^HL2_92'>   -0.08551
|1^HL2_95'>   -0.09810
|1^HL2_81'>   -0.06172
|1^HL2_82'>   -0.07094
|1^HL2_84'>    0.05595
|1^HL2_85'>    0.06002
|1^HL2_88'>    0.05543
|1^HL2_815'>   -0.06336
|1^HL2_817'>    0.05020
|1^HL2_79'>    0.05127
|1^HL2_11'>    0.26230
|1^HL2_12'>   -0.15895
|1^HL2_14'>   -0.11875
|1^HL2_15'>   -0.15682
|1^HL2_115'>   -0.05803
|1^HL2_116'>    0.06118
|1^HL2_118'>   -0.16547
|1^HL2_121'>    0.05739
TDMs with Triplet 'Ground' state
TDMX:-0.000   TDMY:-0.000   TDMZ:0.000   Oscillator Strength:0.00000   <S**2>: 0.000
--------------------------------------------------------------------
TDMs with Singlet 'Ground' state
TDMX:-0.298   TDMY:-0.981   TDMZ:0.377   Oscillator Strength:0.10488   <S**2>: 0.000
--------------------------------------------------------------------


State 41 3.597 eV 
Excitation    CI Coef
|3^HS1_2>   -0.06134
|3^HS2_14>   -0.19977
|3^HS2_8>    0.10574
|3^HS2_4>    0.16138
|3^HS2_2>   -0.63760
|3^HS2_1>    0.12492
|3^SL1_1'>    0.09726
|3^SL1_2'>    0.08953
|3^SL1_7'>    0.05221
|3^SL1_8'>    0.09243
|3^SL1_14'>   -0.08304
|3^SL2_1'>    0.12874
|3^SL2_2'>    0.05819
|3^SL2_4'>   -0.05406
|3^SL2_5'>   -0.06294
|3^SL2_7'>    0.15711
|3^HL1_216'>   -0.06183
|3^HL3_193'>   -0.06720
|3^HL3_1425'>   -0.05308
|3^HL3_138'>   -0.07546
|3^HL3_127'>    0.05977
|3^HL3_128'>    0.08889
|3^HL3_114'>   -0.06770
|3^HL3_118'>    0.08702
|3^HL3_101'>   -0.08036
|3^HL3_104'>    0.10609
|3^HL3_105'>    0.05271
|3^HL3_91'>    0.05373
|3^HL3_85'>   -0.05138
|3^HL3_87'>    0.05967
|3^HL3_88'>   -0.06379
|3^HL3_611'>   -0.17691
|3^HL3_414'>    0.35740
|3^HL3_415'>    0.06278
|3^HL3_416'>    0.08158
|3^HL3_216'>   -0.06000
|3^HL3_11'>    0.13083
|3^HL3_12'>    0.05320
|3^HL3_15'>   -0.06238
|3^HL3_18'>    0.05804
|3^HL3_118'>   -0.07451
TDMs with Triplet 'Ground' state
TDMX:0.621   TDMY:0.516   TDMZ:0.624   Oscillator Strength:0.08888   <S**2>: 2.001
--------------------------------------------------------------------
TDMs with Singlet 'Ground' state
TDMX:-0.000   TDMY:0.000   TDMZ:0.000   Oscillator Strength:0.00000   <S**2>: 2.001
--------------------------------------------------------------------


State 42 3.615 eV 
Excitation    CI Coef
|3^HS2_14>    0.11609
|3^HS2_9>    0.08762
|3^HS2_4>   -0.16641
|3^HS2_2>    0.35536
|3^SL1_1'>    0.17907
|3^SL1_2'>    0.14938
|3^SL1_5'>   -0.06712
|3^SL1_7'>    0.05230
|3^SL1_8'>    0.21110
|3^SL1_14'>    0.06200
|3^SL1_16'>    0.05683
|3^SL2_1'>    0.22391
|3^SL2_2'>    0.09079
|3^SL2_4'>   -0.11077
|3^SL2_5'>   -0.08532
|3^SL2_7'>    0.18432
|3^SL2_8'>   -0.05003
|3^SL2_15'>   -0.05656
|3^HL1_11'>   -0.10019
|3^HL1_12'>   -0.05781
|3^HL3_221'>    0.06364
|3^HL3_224'>   -0.08332
|3^HL3_212'>    0.06526
|3^HL3_204'>    0.06616
|3^HL3_193'>   -0.11481
|3^HL3_184'>   -0.05528
|3^HL3_186'>    0.05958
|3^HL3_188'>   -0.06958
|3^HL3_168'>    0.08307
|3^HL3_132'>    0.08759
|3^HL3_138'>   -0.14593
|3^HL3_127'>    0.05256
|3^HL3_128'>    0.16427
|3^HL3_114'>   -0.07028
|3^HL3_116'>    0.06746
|3^HL3_118'>    0.17310
|3^HL3_101'>   -0.09706
|3^HL3_104'>    0.12222
|3^HL3_105'>    0.06249
|3^HL3_106'>   -0.09616
|3^HL3_108'>    0.05375
|3^HL3_1015'>    0.07817
|3^HL3_1017'>   -0.06315
|3^HL3_91'>    0.09260
|3^HL3_95'>   -0.05480
|3^HL3_82'>   -0.05989
|3^HL3_84'>   -0.05241
|3^HL3_85'>   -0.05740
|3^HL3_87'>    0.05983
|3^HL3_88'>   -0.13811
|3^HL3_815'>   -0.08426
|3^HL3_817'>    0.05466
|3^HL3_611'>    0.12907
|3^HL3_414'>   -0.18792
|3^HL3_416'>   -0.07139
|3^HL3_11'>    0.23207
|3^HL3_14'>   -0.06819
|3^HL3_15'>   -0.09571
|3^HL3_18'>    0.12222
|3^HL3_116'>    0.06504
|3^HL3_118'>   -0.13941
TDMs with Triplet 'Ground' state
TDMX:-0.110   TDMY:1.501   TDMZ:-0.052   Oscillator Strength:0.19463   <S**2>: 2.000
--------------------------------------------------------------------
TDMs with Singlet 'Ground' state
TDMX:-0.000   TDMY:-0.000   TDMZ:0.000   Oscillator Strength:0.00000   <S**2>: 2.000
--------------------------------------------------------------------


State 43 3.617 eV 
Excitation    CI Coef
|1^OS>    0.06637
|1^ZW0>   -0.15062
|1^HS1_9>    0.08786
|1^HS1_8>   -0.08341
|1^HS1_3>   -0.13224
|1^HS2_14>    0.05673
|1^HS2_9>   -0.05443
|1^HS2_8>    0.10766
|1^HS2_4>    0.07441
|1^HS2_2>    0.07217
|1^HS2_1>    0.06224
|1^SL1_1'>    0.15147
|1^SL1_2'>    0.15308
|1^SL1_4'>   -0.06715
|1^SL1_8'>    0.32845
|1^SL1_18'>   -0.08220
|1^SL2_1'>   -0.14151
|1^SL2_2'>    0.07526
|1^SL2_4'>    0.20265
|1^SL2_5'>   -0.05743
|1^SL2_7'>   -0.06726
|1^SL2_8'>    0.11444
|1^SL2_10'>    0.06452
|1^SL2_15'>    0.09049
|1^HL2_408'>   -0.06411
|1^HL2_4026'>   -0.05840
|1^HL2_242'>   -0.05632
|1^HL2_2326'>   -0.05365
|1^HL2_221'>    0.07189
|1^HL2_224'>   -0.09491
|1^HL2_225'>   -0.06408
|1^HL2_226'>    0.05674
|1^HL2_212'>    0.07070
|1^HL2_204'>    0.07320
|1^HL2_193'>   -0.10026
|1^HL2_184'>   -0.08005
|1^HL2_188'>   -0.06742
|1^HL2_168'>    0.08998
|1^HL2_132'>    0.08771
|1^HL2_136'>    0.05046
|1^HL2_137'>    0.07905
|1^HL2_138'>   -0.16352
|1^HL2_127'>    0.08643
|1^HL2_128'>    0.20610
|1^HL2_116'>    0.07944
|1^HL2_117'>   -0.06176
|1^HL2_118'>    0.22230
|1^HL2_101'>   -0.08769
|1^HL2_102'>    0.07294
|1^HL2_104'>    0.11789
|1^HL2_105'>    0.06571
|1^HL2_106'>   -0.12107
|1^HL2_108'>    0.07243
|1^HL2_1015'>    0.10179
|1^HL2_1017'>   -0.06817
|1^HL2_91'>    0.07651
|1^HL2_98'>   -0.05533
|1^HL2_84'>   -0.06477
|1^HL2_85'>   -0.06497
|1^HL2_87'>    0.06283
|1^HL2_88'>   -0.18362
|1^HL2_815'>   -0.09983
|1^HL2_817'>    0.08576
|1^HL2_79'>   -0.10678
|1^HL2_710'>    0.07105
|1^HL2_414'>   -0.06264
|1^HL2_11'>    0.20402
|1^HL2_14'>   -0.07711
|1^HL2_16'>    0.05475
|1^HL2_18'>    0.16501
|1^HL2_116'>    0.06226
|1^HL2_118'>   -0.14397
|1^HL2_121'>    0.05058
TDMs with Triplet 'Ground' state
TDMX:0.000   TDMY:-0.000   TDMZ:0.000   Oscillator Strength:0.00000   <S**2>: 0.000
--------------------------------------------------------------------
TDMs with Singlet 'Ground' state
TDMX:-0.420   TDMY:-0.186   TDMZ:-0.090   Oscillator Strength:0.01944   <S**2>: 0.000
--------------------------------------------------------------------


State 44 3.638 eV 
Excitation    CI Coef
|1^ZW0>   -0.05671
|1^HS1_15>    0.15202
|1^HS1_5>    0.05845
|1^HS1_3>    0.76280
|1^HS2_3>   -0.23841
|1^SL1_8'>    0.12713
|1^SL1_10'>    0.06294
|1^SL2_7'>   -0.07741
|1^SL2_9'>   -0.11071
|1^SL2_10'>   -0.16536
|1^SL2_13'>    0.08120
|1^SL2_22'>    0.05486
|1^HL2_1524'>   -0.06579
|1^HL2_128'>    0.06035
|1^HL2_118'>    0.06937
|1^HL2_88'>   -0.06519
|1^HL2_79'>    0.14357
|1^HL2_710'>   -0.08522
|1^HL2_510'>   -0.05485
|1^HL2_513'>   -0.35029
|1^HL2_310'>    0.07410
|1^HL2_18'>    0.05804
TDMs with Triplet 'Ground' state
TDMX:-0.000   TDMY:-0.000   TDMZ:-0.000   Oscillator Strength:0.00000   <S**2>: 0.000
--------------------------------------------------------------------
TDMs with Singlet 'Ground' state
TDMX:0.410   TDMY:0.306   TDMZ:0.955   Oscillator Strength:0.10454   <S**2>: 0.000
--------------------------------------------------------------------


State 45 3.657 eV 
Excitation    CI Coef
|3^HS2_7>    0.07001
|3^SL1_9'>   -0.23862
|3^SL1_10'>    0.14524
|3^SL2_9'>   -0.65484
|3^SL2_10'>    0.38755
|3^HL1_710'>   -0.07501
|3^HL1_715'>   -0.05692
|3^HL1_716'>    0.05622
|3^HL3_189'>   -0.05232
|3^HL3_179'>   -0.06964
|3^HL3_129'>   -0.09285
|3^HL3_1210'>    0.06492
|3^HL3_119'>    0.08708
|3^HL3_1110'>   -0.05877
|3^HL3_109'>    0.11762
|3^HL3_1010'>   -0.08058
|3^HL3_99'>   -0.16945
|3^HL3_910'>    0.11397
|3^HL3_89'>    0.17806
|3^HL3_810'>   -0.12852
|3^HL3_72'>    0.05917
|3^HL3_75'>    0.05840
|3^HL3_76'>   -0.05143
|3^HL3_710'>   -0.12890
|3^HL3_715'>   -0.07879
|3^HL3_716'>    0.07545
|3^HL3_39'>    0.21400
|3^HL3_310'>   -0.12889
|3^HL3_19'>    0.08644
|3^HL3_110'>   -0.05563
TDMs with Triplet 'Ground' state
TDMX:0.461   TDMY:0.029   TDMZ:-0.112   Oscillator Strength:0.01963   <S**2>: 2.000
--------------------------------------------------------------------
TDMs with Singlet 'Ground' state
TDMX:-0.000   TDMY:0.000   TDMZ:0.000   Oscillator Strength:0.00000   <S**2>: 2.000
--------------------------------------------------------------------


State 46 3.680 eV 
Excitation    CI Coef
|1^OS>    0.10207
|1^ZW0'>    0.20773
|1^HS1_18>   -0.05533
|1^HS1_12>    0.06510
|1^HS1_11>   -0.09634
|1^HS1_8>    0.07928
|1^HS1_3>    0.06870
|1^HS1_1>    0.21238
|1^HS2_12>   -0.07991
|1^HS2_11>    0.14972
|1^HS2_9>   -0.10727
|1^HS2_8>   -0.06143
|1^HS2_1>   -0.17566
|1^SL1_2'>   -0.07023
|1^SL1_5'>    0.08214
|1^SL1_6'>    0.16569
|1^SL1_8'>   -0.24832
|1^SL1_12'>    0.05305
|1^SL2_1'>   -0.22567
|1^SL2_2'>    0.11974
|1^SL2_4'>    0.23773
|1^SL2_5'>    0.10857
|1^SL2_6'>   -0.08841
|1^SL2_7'>    0.08946
|1^SL2_8'>   -0.09162
|1^HL2_304'>   -0.06573
|1^HL2_224'>   -0.07737
|1^HL2_226'>    0.08839
|1^HL2_2215'>   -0.05654
|1^HL2_2217'>    0.05126
|1^HL2_215'>   -0.06799
|1^HL2_216'>    0.06786
|1^HL2_218'>    0.05588
|1^HL2_184'>   -0.06972
|1^HL2_186'>    0.10146
|1^HL2_134'>    0.09345
|1^HL2_137'>   -0.08640
|1^HL2_122'>   -0.06393
|1^HL2_124'>   -0.06488
|1^HL2_127'>   -0.12506
|1^HL2_128'>   -0.08261
|1^HL2_111'>    0.06226
|1^HL2_114'>   -0.06394
|1^HL2_115'>   -0.08822
|1^HL2_116'>    0.09544
|1^HL2_118'>   -0.08130
|1^HL2_1115'>   -0.05432
|1^HL2_101'>   -0.20176
|1^HL2_104'>    0.26537
|1^HL2_105'>    0.11641
|1^HL2_106'>   -0.08502
|1^HL2_1018'>    0.05595
|1^HL2_92'>    0.06342
|1^HL2_81'>    0.11517
|1^HL2_84'>   -0.18709
|1^HL2_85'>   -0.06282
|1^HL2_87'>   -0.09708
|1^HL2_88'>    0.10290
|1^HL2_414'>    0.07226
|1^HL2_12'>    0.17412
|1^HL2_15'>    0.09616
|1^HL2_16'>    0.12047
|1^HL2_17'>   -0.07267
|1^HL2_18'>   -0.08564
TDMs with Triplet 'Ground' state
TDMX:-0.000   TDMY:-0.000   TDMZ:-0.000   Oscillator Strength:0.00000   <S**2>: 0.000
--------------------------------------------------------------------
TDMs with Singlet 'Ground' state
TDMX:-0.692   TDMY:-0.883   TDMZ:1.195   Oscillator Strength:0.24217   <S**2>: 0.000
--------------------------------------------------------------------


State 47 3.680 eV 
Excitation    CI Coef
|3^HS1_4>    0.08736
|3^HS2_14>   -0.08111
|3^HS2_8>    0.06247
|3^HS2_4>   -0.56882
|3^HS2_2>   -0.14353
|3^SL1_1'>   -0.07272
|3^SL1_2'>    0.08220
|3^SL1_4'>    0.09701
|3^SL1_14'>    0.22572
|3^SL2_2'>    0.07634
|3^SL2_4'>    0.07803
|3^SL2_5'>   -0.09466
|3^SL2_7'>    0.06278
|3^SL2_14'>   -0.08545
|3^HL1_412'>   -0.06457
|3^HL1_416'>   -0.07644
|3^HL1_214'>    0.07364
|3^HL3_221'>   -0.05011
|3^HL3_224'>    0.07015
|3^HL3_225'>    0.05162
|3^HL3_193'>    0.05325
|3^HL3_1414'>    0.07250
|3^HL3_132'>   -0.06443
|3^HL3_114'>   -0.05884
|3^HL3_116'>   -0.05779
|3^HL3_101'>   -0.06458
|3^HL3_104'>    0.09472
|3^HL3_106'>    0.08534
|3^HL3_1015'>   -0.05128
|3^HL3_914'>    0.06766
|3^HL3_611'>   -0.05695
|3^HL3_412'>   -0.26114
|3^HL3_414'>    0.08392
|3^HL3_415'>   -0.11494
|3^HL3_416'>   -0.20606
|3^HL3_417'>   -0.07850
|3^HL3_214'>   -0.25575
|3^HL3_11'>   -0.11034
|3^HL3_12'>    0.10618
|3^HL3_14'>    0.06572
|3^HL3_118'>    0.08204
|5^HL_193'>    0.05162
|5^HL_137'>   -0.06450
|5^HL_127'>   -0.08255
|5^HL_11'>   -0.13167
|5^HL_14'>    0.06220
|5^HL_15'>    0.07549
|5^HL_118'>    0.07106
TDMs with Triplet 'Ground' state
TDMX:0.103   TDMY:0.415   TDMZ:0.292   Oscillator Strength:0.02347   <S**2>: 2.408
--------------------------------------------------------------------
TDMs with Singlet 'Ground' state
TDMX:-0.000   TDMY:-0.000   TDMZ:0.000   Oscillator Strength:0.00000   <S**2>: 2.408
--------------------------------------------------------------------


State 48 3.681 eV 
Excitation    CI Coef
|3^HS2_4>   -0.14808
|3^SL1_2'>    0.05418
|3^SL1_4'>    0.05527
|3^SL1_14'>    0.05815
|3^SL2_5'>   -0.05927
|3^HL3_104'>    0.05496
|3^HL3_412'>   -0.06799
|3^HL3_416'>   -0.05365
|3^HL3_214'>   -0.06675
|3^HL3_11'>   -0.05932
|3^HL3_12'>    0.05801
|5^HL_2621'>    0.05280
|5^HL_242'>   -0.06749
|5^HL_231'>   -0.05893
|5^HL_2326'>   -0.05134
|5^HL_221'>    0.09112
|5^HL_224'>   -0.09895
|5^HL_225'>   -0.07589
|5^HL_227'>    0.05463
|5^HL_212'>    0.11127
|5^HL_214'>   -0.05266
|5^HL_216'>   -0.05006
|5^HL_217'>   -0.08830
|5^HL_204'>    0.06688
|5^HL_193'>   -0.15089
|5^HL_184'>   -0.05167
|5^HL_187'>   -0.06794
|5^HL_188'>   -0.08858
|5^HL_172'>   -0.06140
|5^HL_177'>    0.07313
|5^HL_167'>    0.08395
|5^HL_168'>    0.08017
|5^HL_132'>    0.11784
|5^HL_137'>    0.19191
|5^HL_138'>   -0.10706
|5^HL_1317'>   -0.06707
|5^HL_1327'>   -0.05869
|5^HL_121'>   -0.06078
|5^HL_127'>    0.24624
|5^HL_128'>    0.12553
|5^HL_1221'>   -0.05270
|5^HL_112'>    0.05801
|5^HL_117'>   -0.10183
|5^HL_118'>    0.11584
|5^HL_102'>    0.12400
|5^HL_104'>   -0.05858
|5^HL_106'>   -0.11614
|5^HL_1015'>    0.10867
|5^HL_1017'>   -0.08084
|5^HL_91'>    0.13189
|5^HL_94'>   -0.05542
|5^HL_95'>   -0.08269
|5^HL_97'>   -0.05876
|5^HL_918'>   -0.06591
|5^HL_921'>    0.05321
|5^HL_82'>   -0.14883
|5^HL_86'>    0.05401
|5^HL_87'>    0.14401
|5^HL_88'>   -0.06410
|5^HL_815'>   -0.10771
|5^HL_817'>    0.06254
|5^HL_11'>    0.38532
|5^HL_12'>   -0.13558
|5^HL_14'>   -0.18281
|5^HL_15'>   -0.22087
|5^HL_17'>    0.09871
|5^HL_18'>    0.06186
|5^HL_116'>    0.09625
|5^HL_118'>   -0.20632
|5^HL_121'>    0.08040
TDMs with Triplet 'Ground' state
TDMX:0.058   TDMY:0.282   TDMZ:0.103   Oscillator Strength:0.00816   <S**2>: 5.533
--------------------------------------------------------------------
TDMs with Singlet 'Ground' state
TDMX:0.000   TDMY:0.000   TDMZ:-0.000   Oscillator Strength:0.00000   <S**2>: 5.533
--------------------------------------------------------------------


State 49 3.683 eV 
Excitation    CI Coef
|3^HS1_4>    0.05164
|3^HS2_14>   -0.06626
|3^HS2_8>   -0.05938
|3^HS2_4>   -0.32630
|3^HS2_2>   -0.14733
|3^SL1_1'>    0.09530
|3^SL1_2'>   -0.20531
|3^SL1_4'>   -0.17035
|3^SL1_5'>    0.07335
|3^SL1_7'>   -0.06522
|3^SL1_8'>   -0.08612
|3^SL1_14'>    0.13448
|3^SL1_18'>   -0.05345
|3^SL2_1'>   -0.07313
|3^SL2_2'>   -0.18732
|3^SL2_4'>   -0.12869
|3^SL2_5'>    0.21290
|3^SL2_7'>   -0.19990
|3^SL2_10'>    0.05728
|3^SL2_18'>   -0.09984
|3^HL1_92'>    0.05305
|3^HL1_12'>    0.10396
|3^HL1_14'>    0.07354
|3^HL3_221'>    0.07677
|3^HL3_224'>   -0.09797
|3^HL3_225'>   -0.09108
|3^HL3_226'>   -0.05147
|3^HL3_227'>    0.08268
|3^HL3_212'>    0.06525
|3^HL3_214'>   -0.07088
|3^HL3_216'>   -0.05492
|3^HL3_217'>   -0.09068
|3^HL3_204'>    0.06428
|3^HL3_193'>   -0.08426
|3^HL3_184'>   -0.07104
|3^HL3_186'>   -0.05606
|3^HL3_177'>    0.05540
|3^HL3_167'>    0.05770
|3^HL3_132'>    0.10915
|3^HL3_137'>    0.08900
|3^HL3_124'>   -0.06460
|3^HL3_125'>    0.06002
|3^HL3_127'>    0.07338
|3^HL3_111'>   -0.06222
|3^HL3_114'>    0.09913
|3^HL3_116'>    0.09147
|3^HL3_101'>    0.12296
|3^HL3_104'>   -0.17115
|3^HL3_105'>   -0.07483
|3^HL3_106'>   -0.12315
|3^HL3_1015'>    0.08487
|3^HL3_1017'>   -0.06982
|3^HL3_91'>    0.05853
|3^HL3_92'>   -0.09721
|3^HL3_95'>   -0.05202
|3^HL3_81'>   -0.06089
|3^HL3_84'>    0.06263
|3^HL3_85'>    0.08089
|3^HL3_815'>   -0.06245
|3^HL3_817'>    0.07487
|3^HL3_611'>   -0.07029
|3^HL3_412'>   -0.15674
|3^HL3_414'>    0.09065
|3^HL3_415'>   -0.06209
|3^HL3_416'>   -0.11634
|3^HL3_214'>   -0.15135
|3^HL3_11'>    0.16634
|3^HL3_12'>   -0.16220
|3^HL3_14'>   -0.10279
|3^HL3_16'>   -0.05283
|3^HL3_118'>   -0.13499
|3^HL3_121'>    0.05272
|5^HL_11'>    0.05004
TDMs with Triplet 'Ground' state
TDMX:-0.132   TDMY:-1.163   TDMZ:0.025   Oscillator Strength:0.11983   <S**2>: 2.059
--------------------------------------------------------------------
TDMs with Singlet 'Ground' state
TDMX:0.000   TDMY:0.000   TDMZ:-0.000   Oscillator Strength:0.00000   <S**2>: 2.059
--------------------------------------------------------------------


State 50 3.705 eV 
Excitation    CI Coef
|5^HL_304'>    0.06065
|5^HL_245'>   -0.05201
|5^HL_226'>   -0.14167
|5^HL_227'>    0.06236
|5^HL_2215'>    0.05933
|5^HL_215'>    0.05833
|5^HL_216'>   -0.06265
|5^HL_217'>   -0.05066
|5^HL_218'>   -0.07539
|5^HL_206'>    0.07313
|5^HL_186'>   -0.13418
|5^HL_187'>   -0.05224
|5^HL_188'>    0.08608
|5^HL_1815'>    0.05397
|5^HL_177'>    0.05484
|5^HL_166'>    0.07302
|5^HL_167'>    0.07040
|5^HL_168'>   -0.08570
|5^HL_132'>   -0.06274
|5^HL_137'>    0.13016
|5^HL_138'>    0.17399
|5^HL_1326'>    0.05513
|5^HL_125'>   -0.06773
|5^HL_127'>    0.21938
|5^HL_128'>   -0.14092
|5^HL_1217'>   -0.05314
|5^HL_111'>   -0.14685
|5^HL_114'>    0.21790
|5^HL_115'>    0.12215
|5^HL_117'>   -0.05037
|5^HL_118'>   -0.15863
|5^HL_101'>    0.21992
|5^HL_104'>   -0.38817
|5^HL_105'>   -0.09124
|5^HL_108'>   -0.06527
|5^HL_91'>   -0.05637
|5^HL_92'>   -0.10132
|5^HL_97'>   -0.05555
|5^HL_81'>   -0.06896
|5^HL_84'>    0.18762
|5^HL_87'>    0.12501
|5^HL_88'>    0.13416
|5^HL_11'>   -0.18912
|5^HL_12'>   -0.41679
|5^HL_14'>    0.05859
|5^HL_17'>    0.10315
|5^HL_18'>   -0.09073
|5^HL_115'>   -0.07444
|5^HL_118'>    0.07441
TDMs with Triplet 'Ground' state
TDMX:-0.002   TDMY:0.003   TDMZ:-0.001   Oscillator Strength:0.00000   <S**2>: 6.000
--------------------------------------------------------------------
TDMs with Singlet 'Ground' state
TDMX:0.000   TDMY:0.000   TDMZ:-0.000   Oscillator Strength:0.00000   <S**2>: 6.000
--------------------------------------------------------------------


State 51 3.711 eV 
Excitation    CI Coef
|1^OS>    0.05933
|1^ZW0>    0.09343
|1^HS1_22>   -0.06450
|1^HS1_21>    0.11472
|1^HS1_18>    0.05769
|1^HS1_17>   -0.13431
|1^HS1_16>   -0.11344
|1^HS1_13>   -0.21002
|1^HS1_12>   -0.28552
|1^HS1_11>    0.10871
|1^HS1_10>    0.06976
|1^HS1_8>   -0.07113
|1^HS1_3>    0.10288
|1^HS1_1>   -0.05481
|1^HS2_21>   -0.05953
|1^HS2_18>   -0.08753
|1^HS2_17>    0.07497
|1^HS2_16>    0.13949
|1^HS2_14>    0.06110
|1^HS2_13>    0.09299
|1^HS2_12>    0.09177
|1^HS2_11>   -0.06692
|1^HS2_8>    0.06602
|1^HS2_1>    0.14041
|1^SL1_2'>   -0.05076
|1^SL1_4'>    0.06744
|1^SL1_6'>    0.06607
|1^SL1_8'>   -0.21810
|1^SL2_2'>    0.15932
|1^SL2_5'>    0.06658
|1^SL2_8'>   -0.07674
|1^HL2_4127'>    0.07472
|1^HL2_226'>    0.06964
|1^HL2_227'>    0.11581
|1^HL2_212'>    0.05610
|1^HL2_215'>    0.05066
|1^HL2_216'>   -0.05373
|1^HL2_217'>   -0.18455
|1^HL2_2117'>    0.05684
|1^HL2_185'>    0.09713
|1^HL2_187'>   -0.11855
|1^HL2_175'>   -0.05336
|1^HL2_177'>    0.13409
|1^HL2_165'>   -0.08634
|1^HL2_167'>    0.14160
|1^HL2_157'>    0.05079
|1^HL2_132'>   -0.09877
|1^HL2_135'>   -0.11379
|1^HL2_136'>    0.07395
|1^HL2_137'>    0.23979
|1^HL2_1317'>   -0.05668
|1^HL2_122'>   -0.12655
|1^HL2_124'>    0.05869
|1^HL2_125'>   -0.07356
|1^HL2_126'>    0.09049
|1^HL2_127'>    0.28347
|1^HL2_1215'>   -0.05274
|1^HL2_114'>   -0.06620
|1^HL2_117'>   -0.09000
|1^HL2_118'>   -0.08430
|1^HL2_101'>   -0.06976
|1^HL2_104'>    0.11050
|1^HL2_105'>    0.05150
|1^HL2_107'>   -0.05963
|1^HL2_92'>    0.05086
|1^HL2_87'>    0.12570
|1^HL2_88'>    0.09410
|1^HL2_79'>    0.09758
|1^HL2_710'>   -0.05748
|1^HL2_611'>    0.05548
|1^HL2_12'>    0.11889
|1^HL2_17'>    0.09814
|1^HL2_18'>   -0.07405
TDMs with Triplet 'Ground' state
TDMX:0.000   TDMY:0.000   TDMZ:0.000   Oscillator Strength:0.00000   <S**2>: 0.000
--------------------------------------------------------------------
TDMs with Singlet 'Ground' state
TDMX:0.856   TDMY:1.591   TDMZ:-0.464   Oscillator Strength:0.31646   <S**2>: 0.000
--------------------------------------------------------------------


State 52 3.729 eV 
Excitation    CI Coef
|1^OS>    0.21238
|1^ZW0>   -0.48113
|1^ZW0'>   -0.07908
|1^HS1_17>   -0.07889
|1^HS1_12>    0.10106
|1^HS1_10>    0.06551
|1^HS1_9>    0.14658
|1^HS2_16>    0.07114
|1^HS2_10>    0.07025
|1^HS2_9>   -0.13892
|1^HS2_1>   -0.12952
|1^SL1_1'>    0.08702
|1^SL1_2'>    0.07674
|1^SL1_4'>   -0.17971
|1^SL1_5'>    0.11326
|1^SL1_8'>   -0.32749
|1^SL1_12'>    0.05491
|1^SL1_15'>    0.05039
|1^SL1_16'>   -0.09863
|1^SL1_18'>   -0.06360
|1^SL2_1'>    0.05477
|1^SL2_2'>    0.09348
|1^SL2_4'>   -0.14893
|1^SL2_5'>    0.06293
|1^SL2_8'>   -0.11695
|1^HL1_12'>   -0.08084
|1^HL2_221'>    0.06127
|1^HL2_224'>   -0.08129
|1^HL2_225'>   -0.06349
|1^HL2_226'>   -0.07623
|1^HL2_218'>    0.06565
|1^HL2_184'>   -0.05410
|1^HL2_188'>   -0.08145
|1^HL2_134'>   -0.07041
|1^HL2_128'>   -0.07086
|1^HL2_115'>    0.07406
|1^HL2_116'>    0.06976
|1^HL2_118'>   -0.07174
|1^HL2_101'>    0.13364
|1^HL2_102'>    0.09735
|1^HL2_104'>   -0.17879
|1^HL2_105'>   -0.06775
|1^HL2_106'>   -0.08894
|1^HL2_108'>   -0.06781
|1^HL2_1015'>    0.06519
|1^HL2_1017'>   -0.05822
|1^HL2_81'>   -0.06912
|1^HL2_84'>    0.13323
|1^HL2_88'>    0.12708
|1^HL2_79'>   -0.13322
|1^HL2_710'>    0.08596
|1^HL2_513'>   -0.07447
|1^HL2_11'>    0.07301
|1^HL2_12'>   -0.14826
|1^HL2_14'>   -0.09270
|1^HL2_18'>   -0.12173
|1^HL2_118'>   -0.05323
TDMs with Triplet 'Ground' state
TDMX:-0.000   TDMY:-0.000   TDMZ:-0.000   Oscillator Strength:0.00000   <S**2>: 0.000
--------------------------------------------------------------------
TDMs with Singlet 'Ground' state
TDMX:-0.290   TDMY:0.178   TDMZ:0.529   Oscillator Strength:0.03609   <S**2>: 0.000
--------------------------------------------------------------------


State 53 3.733 eV 
Excitation    CI Coef
|3^HS2_10>   -0.06148
|3^HS2_1>    0.10820
|3^SL1_1'>   -0.10033
|3^SL1_2'>   -0.06093
|3^SL1_5'>    0.10333
|3^SL1_6'>    0.14219
|3^SL1_7'>   -0.07811
|3^SL1_8'>   -0.16601
|3^SL1_16'>   -0.05564
|3^SL2_1'>    0.08001
|3^SL2_2'>   -0.34040
|3^SL2_4'>   -0.33590
|3^SL2_5'>    0.08270
|3^SL2_6'>    0.09961
|3^SL2_7'>   -0.21060
|3^SL2_17'>   -0.07527
|3^HL1_12'>    0.10253
|3^HL1_14'>    0.05275
|3^HL1_15'>   -0.05524
|3^HL2_12'>   -0.09959
|3^HL3_304'>   -0.06522
|3^HL3_226'>    0.12546
|3^HL3_2215'>   -0.06020
|3^HL3_217'>   -0.07999
|3^HL3_186'>    0.08822
|3^HL3_134'>    0.11908
|3^HL3_122'>   -0.07423
|3^HL3_111'>    0.08272
|3^HL3_114'>   -0.07885
|3^HL3_115'>   -0.08614
|3^HL3_118'>   -0.05106
|3^HL3_101'>   -0.21692
|3^HL3_104'>    0.32378
|3^HL3_105'>    0.11844
|3^HL3_92'>    0.07911
|3^HL3_81'>    0.13180
|3^HL3_82'>    0.05361
|3^HL3_84'>   -0.22170
|3^HL3_88'>    0.05661
|3^HL3_12'>    0.28453
|3^HL3_15'>    0.11175
|3^HL3_16'>    0.13876
|3^HL3_120'>   -0.05046
TDMs with Triplet 'Ground' state
TDMX:-0.251   TDMY:-1.160   TDMZ:-0.183   Oscillator Strength:0.12783   <S**2>: 2.000
--------------------------------------------------------------------
TDMs with Singlet 'Ground' state
TDMX:0.000   TDMY:-0.000   TDMZ:-0.000   Oscillator Strength:0.00000   <S**2>: 2.000
--------------------------------------------------------------------


State 54 3.768 eV 
Excitation    CI Coef
|5^HL_417'>    0.08018
|5^HL_221'>    0.05959
|5^HL_222'>   -0.06293
|5^HL_224'>   -0.08046
|5^HL_225'>   -0.07724
|5^HL_226'>   -0.05799
|5^HL_212'>    0.05131
|5^HL_214'>   -0.06234
|5^HL_217'>    0.08005
|5^HL_193'>   -0.07830
|5^HL_185'>   -0.05284
|5^HL_187'>    0.08308
|5^HL_177'>   -0.06547
|5^HL_167'>   -0.08649
|5^HL_132'>    0.21118
|5^HL_134'>   -0.06766
|5^HL_135'>    0.09771
|5^HL_136'>   -0.07102
|5^HL_137'>   -0.19350
|5^HL_1315'>    0.05970
|5^HL_1327'>    0.05176
|5^HL_122'>    0.24483
|5^HL_124'>   -0.10631
|5^HL_125'>    0.24479
|5^HL_126'>   -0.13408
|5^HL_127'>   -0.27227
|5^HL_128'>   -0.07639
|5^HL_1216'>   -0.07330
|5^HL_1217'>    0.08807
|5^HL_1218'>   -0.05043
|5^HL_111'>   -0.09179
|5^HL_114'>    0.12057
|5^HL_116'>    0.12604
|5^HL_117'>    0.09000
|5^HL_1118'>    0.05798
|5^HL_101'>    0.11669
|5^HL_104'>   -0.19371
|5^HL_105'>   -0.07985
|5^HL_106'>   -0.07696
|5^HL_107'>    0.05672
|5^HL_1015'>    0.05808
|5^HL_1017'>   -0.08153
|5^HL_91'>    0.05362
|5^HL_92'>   -0.17519
|5^HL_95'>   -0.11919
|5^HL_97'>    0.07788
|5^HL_81'>   -0.05435
|5^HL_82'>    0.20108
|5^HL_85'>    0.18742
|5^HL_86'>   -0.09614
|5^HL_87'>   -0.20645
|5^HL_817'>    0.12220
|5^HL_818'>   -0.06257
|5^HL_79'>   -0.05695
|5^HL_11'>    0.14835
|5^HL_12'>   -0.14147
|5^HL_14'>   -0.14100
|5^HL_15'>    0.08115
|5^HL_16'>   -0.12692
|5^HL_17'>   -0.14000
|5^HL_18'>   -0.06062
|5^HL_117'>    0.06820
|5^HL_118'>   -0.15618
TDMs with Triplet 'Ground' state
TDMX:0.001   TDMY:-0.001   TDMZ:-0.005   Oscillator Strength:0.00000   <S**2>: 6.000
--------------------------------------------------------------------
TDMs with Singlet 'Ground' state
TDMX:-0.000   TDMY:-0.000   TDMZ:0.000   Oscillator Strength:0.00000   <S**2>: 6.000
--------------------------------------------------------------------


State 55 3.783 eV 
Excitation    CI Coef
|5^HL_408'>    0.09337
|5^HL_4026'>    0.05437
|5^HL_224'>   -0.05895
|5^HL_226'>    0.05746
|5^HL_218'>   -0.06111
|5^HL_193'>   -0.05568
|5^HL_188'>    0.15301
|5^HL_168'>   -0.13463
|5^HL_131'>    0.05019
|5^HL_132'>    0.16272
|5^HL_134'>    0.08585
|5^HL_135'>   -0.15181
|5^HL_136'>   -0.06461
|5^HL_138'>    0.25020
|5^HL_1316'>    0.05838
|5^HL_1326'>    0.06393
|5^HL_121'>   -0.09126
|5^HL_122'>   -0.23633
|5^HL_125'>    0.14879
|5^HL_126'>    0.12042
|5^HL_127'>    0.06357
|5^HL_128'>   -0.23645
|5^HL_1217'>   -0.06868
|5^HL_112'>   -0.16585
|5^HL_114'>   -0.14276
|5^HL_115'>    0.15039
|5^HL_116'>    0.14556
|5^HL_118'>   -0.24561
|5^HL_1117'>   -0.05341
|5^HL_1118'>   -0.05667
|5^HL_101'>   -0.13604
|5^HL_104'>    0.14968
|5^HL_105'>    0.12829
|5^HL_108'>   -0.10699
|5^HL_1017'>   -0.06132
|5^HL_91'>    0.07972
|5^HL_92'>    0.15275
|5^HL_95'>   -0.06933
|5^HL_98'>    0.06795
|5^HL_81'>    0.11101
|5^HL_82'>    0.11076
|5^HL_85'>   -0.23480
|5^HL_86'>   -0.06965
|5^HL_88'>    0.23402
|5^HL_817'>    0.08058
|5^HL_818'>    0.05592
|5^HL_611'>   -0.05052
|5^HL_11'>    0.12171
|5^HL_14'>   -0.09143
|5^HL_15'>    0.08116
|5^HL_16'>    0.17351
|5^HL_18'>   -0.17519
|5^HL_117'>   -0.09791
|5^HL_118'>   -0.09807
TDMs with Triplet 'Ground' state
TDMX:0.002   TDMY:-0.001   TDMZ:0.002   Oscillator Strength:0.00000   <S**2>: 6.000
--------------------------------------------------------------------
TDMs with Singlet 'Ground' state
TDMX:-0.000   TDMY:-0.000   TDMZ:0.000   Oscillator Strength:0.00000   <S**2>: 6.000
--------------------------------------------------------------------


State 56 3.787 eV 
Excitation    CI Coef
|3^HS2_11>   -0.14020
|3^HS2_10>   -0.07753
|3^HS2_9>    0.30743
|3^HS2_8>   -0.16284
|3^HS2_1>    0.21122
|3^SL1_1'>   -0.09277
|3^SL1_2'>   -0.09125
|3^SL1_4'>    0.07522
|3^SL1_6'>   -0.05544
|3^SL1_7'>   -0.10496
|3^SL1_8'>    0.21641
|3^SL2_1'>   -0.19794
|3^SL2_2'>   -0.06243
|3^SL2_4'>    0.23482
|3^SL2_6'>   -0.08981
|3^SL2_7'>   -0.22809
|3^SL2_8'>   -0.08860
|3^HL1_112'>    0.05037
|3^HL1_102'>   -0.09628
|3^HL1_91'>    0.09111
|3^HL1_92'>    0.05230
|3^HL1_11'>    0.22810
|3^HL1_12'>    0.07396
|3^HL1_14'>   -0.13689
|3^HL1_15'>   -0.05903
|3^HL2_92'>   -0.05043
|3^HL2_12'>   -0.09122
|3^HL3_224'>    0.10466
|3^HL3_226'>    0.05007
|3^HL3_227'>    0.07065
|3^HL3_217'>   -0.08675
|3^HL3_204'>   -0.05113
|3^HL3_184'>    0.08633
|3^HL3_131'>    0.05243
|3^HL3_134'>   -0.06750
|3^HL3_137'>    0.06749
|3^HL3_138'>   -0.07559
|3^HL3_121'>   -0.06358
|3^HL3_124'>    0.08146
|3^HL3_125'>    0.06363
|3^HL3_128'>    0.12884
|3^HL3_114'>   -0.09763
|3^HL3_116'>   -0.08853
|3^HL3_118'>    0.12136
|3^HL3_104'>    0.06451
|3^HL3_106'>    0.12817
|3^HL3_108'>    0.07885
|3^HL3_95'>   -0.07295
|3^HL3_81'>   -0.06949
|3^HL3_85'>    0.11430
|3^HL3_88'>   -0.15262
|3^HL3_79'>    0.09109
|3^HL3_710'>   -0.05485
|3^HL3_611'>    0.05317
|3^HL3_11'>    0.09019
|3^HL3_12'>    0.15010
|3^HL3_15'>   -0.12594
|3^HL3_16'>   -0.16165
|3^HL3_18'>    0.10584
|3^HL3_115'>    0.05314
|3^HL3_118'>   -0.05856
TDMs with Triplet 'Ground' state
TDMX:-0.061   TDMY:-0.816   TDMZ:-0.423   Oscillator Strength:0.07636   <S**2>: 2.000
--------------------------------------------------------------------
TDMs with Singlet 'Ground' state
TDMX:0.000   TDMY:0.000   TDMZ:-0.000   Oscillator Strength:0.00000   <S**2>: 2.000
--------------------------------------------------------------------


State 57 3.820 eV 
Excitation    CI Coef
|1^HS1_7>   -0.49360
|1^HS2_7>    0.16035
|1^SL1_9'>    0.20709
|1^SL1_10'>   -0.14177
|1^SL2_9'>   -0.55658
|1^SL2_10'>    0.38142
|1^HL2_129'>    0.10122
|1^HL2_1210'>   -0.07003
|1^HL2_119'>   -0.08650
|1^HL2_1110'>    0.06040
|1^HL2_109'>   -0.11329
|1^HL2_1010'>    0.08014
|1^HL2_99'>    0.15917
|1^HL2_910'>   -0.11206
|1^HL2_89'>   -0.16235
|1^HL2_810'>    0.11027
|1^HL2_716'>    0.05046
|1^HL2_717'>   -0.05029
|1^HL2_39'>   -0.18150
|1^HL2_310'>    0.12121
|1^HL2_19'>   -0.07223
|1^HL2_110'>    0.05273
TDMs with Triplet 'Ground' state
TDMX:0.000   TDMY:0.000   TDMZ:0.000   Oscillator Strength:0.00000   <S**2>: 0.000
--------------------------------------------------------------------
TDMs with Singlet 'Ground' state
TDMX:0.605   TDMY:-0.199   TDMZ:-0.161   Oscillator Strength:0.04045   <S**2>: 0.000
--------------------------------------------------------------------


State 58 3.834 eV 
Excitation    CI Coef
|3^OS>   -0.06684
|3^HS2_18>   -0.05497
|3^HS2_16>   -0.06338
|3^HS2_9>    0.16046
|3^SL1_2'>    0.13073
|3^SL1_4'>    0.06373
|3^SL1_5'>    0.06280
|3^SL1_6'>    0.08066
|3^SL1_7'>    0.06377
|3^SL1_8'>   -0.29705
|3^SL1_12'>   -0.11117
|3^SL1_14'>   -0.05464
|3^SL1_15'>    0.08505
|3^SL1_16'>    0.21445
|3^SL1_17'>    0.14622
|3^SL2_6'>   -0.07971
|3^SL2_7'>    0.09224
|3^SL2_8'>    0.10726
|3^SL2_12'>    0.05250
|3^SL2_13'>   -0.07468
|3^SL2_15'>   -0.06638
|3^SL2_16'>   -0.11498
|3^SL2_18'>   -0.06440
|3^HL1_102'>   -0.06195
|3^HL1_11'>    0.14193
|3^HL1_14'>   -0.08437
|3^HL3_218'>    0.06549
|3^HL3_188'>   -0.06152
|3^HL3_128'>   -0.05830
|3^HL3_115'>    0.06255
|3^HL3_118'>   -0.08097
|3^HL3_106'>    0.05326
|3^HL3_916'>    0.07563
|3^HL3_85'>   -0.07568
|3^HL3_88'>    0.09001
|3^HL3_79'>    0.06732
|3^HL3_611'>    0.61988
|3^HL3_612'>   -0.06212
|3^HL3_414'>    0.19949
|3^HL3_313'>   -0.07344
|3^HL3_212'>   -0.10487
|3^HL3_12'>   -0.10680
|3^HL3_16'>    0.06297
|3^HL3_18'>   -0.09193
|3^HL3_118'>   -0.05474
TDMs with Triplet 'Ground' state
TDMX:0.199   TDMY:0.987   TDMZ:0.590   Oscillator Strength:0.12411   <S**2>: 2.000
--------------------------------------------------------------------
TDMs with Singlet 'Ground' state
TDMX:-0.000   TDMY:-0.000   TDMZ:-0.000   Oscillator Strength:0.00000   <S**2>: 2.000
--------------------------------------------------------------------


State 59 3.839 eV 
Excitation    CI Coef
|1^ZW0>    0.08815
|1^HS1_17>   -0.16682
|1^HS1_16>   -0.07678
|1^HS1_15>    0.06631
|1^HS1_12>    0.12747
|1^HS1_11>   -0.09789
|1^HS1_10>   -0.14668
|1^HS1_1>    0.23890
|1^HS2_17>    0.09998
|1^HS2_16>    0.17182
|1^HS2_12>   -0.13383
|1^HS2_10>    0.07343
|1^HS2_9>   -0.06839
|1^HS2_8>   -0.07374
|1^HS2_1>    0.08444
|1^SL1_2'>   -0.14870
|1^SL1_8'>    0.07111
|1^SL1_15'>    0.05646
|1^SL1_17'>   -0.07805
|1^SL2_1'>    0.12168
|1^SL2_2'>    0.09845
|1^SL2_4'>   -0.29978
|1^SL2_5'>    0.15819
|1^SL2_7'>    0.05054
|1^SL2_9'>   -0.08096
|1^SL2_10'>   -0.08869
|1^SL2_13'>    0.06195
|1^SL2_15'>   -0.10257
|1^HL2_222'>    0.07869
|1^HL2_224'>    0.07502
|1^HL2_184'>    0.07752
|1^HL2_131'>    0.07254
|1^HL2_134'>   -0.09661
|1^HL2_138'>   -0.06110
|1^HL2_121'>   -0.06535
|1^HL2_122'>   -0.05506
|1^HL2_124'>    0.10137
|1^HL2_127'>   -0.05596
|1^HL2_128'>    0.07131
|1^HL2_111'>    0.07397
|1^HL2_114'>   -0.16364
|1^HL2_116'>   -0.07709
|1^HL2_118'>    0.06451
|1^HL2_104'>    0.08979
|1^HL2_106'>    0.09547
|1^HL2_1015'>   -0.07728
|1^HL2_91'>    0.05067
|1^HL2_95'>   -0.06844
|1^HL2_81'>   -0.06529
|1^HL2_85'>    0.06884
|1^HL2_86'>   -0.05394
|1^HL2_87'>   -0.06224
|1^HL2_88'>   -0.07294
|1^HL2_79'>   -0.33969
|1^HL2_710'>    0.20737
|1^HL2_611'>   -0.11582
|1^HL2_414'>   -0.06133
|1^HL2_310'>   -0.06264
|1^HL2_11'>    0.11417
|1^HL2_12'>    0.18499
|1^HL2_15'>   -0.08638
|1^HL2_16'>   -0.16979
|1^HL2_115'>    0.08970
|1^HL2_117'>   -0.05376
TDMs with Triplet 'Ground' state
TDMX:-0.000   TDMY:0.000   TDMZ:0.000   Oscillator Strength:0.00000   <S**2>: 0.000
--------------------------------------------------------------------
TDMs with Singlet 'Ground' state
TDMX:-0.479   TDMY:-0.085   TDMZ:1.001   Oscillator Strength:0.11650   <S**2>: 0.000
--------------------------------------------------------------------


State 60 3.850 eV 
Excitation    CI Coef
|3^HS2_16>   -0.06155
|3^HS2_14>   -0.05010
|3^HS2_12>    0.06080
|3^HS2_11>   -0.10716
|3^HS2_10>   -0.06513
|3^HS2_9>    0.30457
|3^HS2_8>   -0.34274
|3^HS2_2>   -0.05201
|3^HS2_1>   -0.23735
|3^SL1_2'>   -0.09185
|3^SL1_4'>   -0.07518
|3^SL1_8'>    0.14784
|3^SL1_11'>    0.05569
|3^SL1_13'>   -0.10057
|3^SL1_16'>    0.05740
|3^SL2_1'>    0.13260
|3^SL2_4'>   -0.07075
|3^SL2_5'>   -0.05455
|3^SL2_7'>   -0.05300
|3^SL2_9'>   -0.06582
|3^SL2_10'>   -0.12482
|3^SL2_13'>   -0.26745
|3^HL1_112'>   -0.09520
|3^HL1_102'>    0.10614
|3^HL1_91'>   -0.07139
|3^HL1_94'>    0.06279
|3^HL1_82'>   -0.06264
|3^HL1_11'>   -0.24739
|3^HL1_14'>    0.18404
|3^HL1_15'>    0.06470
|3^HL3_218'>   -0.05286
|3^HL3_193'>    0.05433
|3^HL3_188'>    0.06789
|3^HL3_121'>    0.05280
|3^HL3_127'>   -0.05042
|3^HL3_102'>   -0.06812
|3^HL3_913'>   -0.06420
|3^HL3_79'>    0.15669
|3^HL3_710'>   -0.09425
|3^HL3_611'>    0.08448
|3^HL3_59'>    0.06922
|3^HL3_510'>    0.11283
|3^HL3_513'>   -0.10431
|3^HL3_515'>   -0.08506
|3^HL3_516'>    0.06465
|3^HL3_414'>    0.14804
|3^HL3_310'>   -0.05582
|3^HL3_313'>   -0.25804
|3^HL3_212'>   -0.07214
|3^HL3_11'>   -0.14473
|3^HL3_15'>    0.08450
|3^HL3_18'>    0.05007
|3^HL3_116'>   -0.06355
|3^HL3_118'>    0.07299
TDMs with Triplet 'Ground' state
TDMX:0.233   TDMY:0.737   TDMZ:0.052   Oscillator Strength:0.05499   <S**2>: 2.000
--------------------------------------------------------------------
TDMs with Singlet 'Ground' state
TDMX:0.000   TDMY:0.000   TDMZ:-0.000   Oscillator Strength:0.00000   <S**2>: 2.000
--------------------------------------------------------------------


State 61 3.856 eV 
Excitation    CI Coef
|3^HS2_16>   -0.05254
|3^HS2_9>    0.17559
|3^HS2_8>   -0.17006
|3^HS2_1>   -0.11481
|3^SL1_2'>   -0.05866
|3^SL1_8'>    0.08175
|3^SL1_13'>    0.18298
|3^SL1_16'>    0.07143
|3^SL2_1'>    0.06907
|3^SL2_4'>   -0.05264
|3^SL2_10'>    0.12725
|3^SL2_13'>    0.50372
|3^HL1_510'>   -0.06905
|3^HL1_313'>   -0.06838
|3^HL1_11'>   -0.10829
|3^HL1_14'>    0.09060
|3^HL3_1213'>    0.07220
|3^HL3_1113'>   -0.06645
|3^HL3_1013'>   -0.08769
|3^HL3_913'>    0.12112
|3^HL3_813'>   -0.09884
|3^HL3_79'>    0.11119
|3^HL3_710'>   -0.06361
|3^HL3_611'>    0.16464
|3^HL3_59'>   -0.11354
|3^HL3_510'>   -0.17123
|3^HL3_513'>    0.21422
|3^HL3_515'>    0.14398
|3^HL3_516'>   -0.11146
|3^HL3_517'>    0.06733
|3^HL3_414'>    0.13189
|3^HL3_39'>    0.07497
|3^HL3_310'>    0.15631
|3^HL3_313'>    0.42691
|3^HL3_212'>   -0.06729
|3^HL3_11'>   -0.07791
|3^HL3_113'>   -0.08034
TDMs with Triplet 'Ground' state
TDMX:0.023   TDMY:0.640   TDMZ:-0.131   Oscillator Strength:0.03925   <S**2>: 2.000
--------------------------------------------------------------------
TDMs with Singlet 'Ground' state
TDMX:0.000   TDMY:0.000   TDMZ:-0.000   Oscillator Strength:0.00000   <S**2>: 2.000
--------------------------------------------------------------------


State 62 3.875 eV 
Excitation    CI Coef
|3^HS2_16>    0.07115
|3^HS2_11>   -0.10868
|3^HS2_10>   -0.07295
|3^HS2_9>    0.25204
|3^HS2_8>   -0.34651
|3^HS2_6>    0.06467
|3^HS2_1>   -0.20748
|3^SL1_2'>    0.26912
|3^SL1_4'>    0.12003
|3^SL1_8'>   -0.29696
|3^SL1_11'>    0.08785
|3^SL1_12'>    0.13194
|3^SL1_15'>   -0.10868
|3^SL1_16'>   -0.12035
|3^SL1_17'>   -0.06507
|3^SL2_8'>    0.10467
|3^SL2_12'>   -0.05371
|3^SL2_13'>    0.05950
|3^SL2_16'>    0.09305
|3^HL1_102'>   -0.07981
|3^HL1_11'>    0.07336
|3^HL1_12'>   -0.13915
|3^HL1_14'>   -0.12106
|3^HL2_82'>    0.06411
|3^HL3_228'>    0.05200
|3^HL3_218'>    0.10519
|3^HL3_185'>    0.05617
|3^HL3_188'>   -0.11949
|3^HL3_168'>    0.07663
|3^HL3_138'>   -0.06921
|3^HL3_102'>    0.07884
|3^HL3_92'>    0.08667
|3^HL3_82'>   -0.07055
|3^HL3_85'>   -0.07304
|3^HL3_88'>    0.09974
|3^HL3_816'>   -0.05101
|3^HL3_79'>    0.18055
|3^HL3_710'>   -0.10707
|3^HL3_611'>   -0.37043
|3^HL3_12'>   -0.10607
|3^HL3_16'>    0.07927
|3^HL3_18'>   -0.10451
|3^HL3_118'>   -0.05573
TDMs with Triplet 'Ground' state
TDMX:-0.592   TDMY:0.203   TDMZ:0.803   Oscillator Strength:0.09558   <S**2>: 2.000
--------------------------------------------------------------------
TDMs with Singlet 'Ground' state
TDMX:0.000   TDMY:0.000   TDMZ:-0.000   Oscillator Strength:0.00000   <S**2>: 2.000
--------------------------------------------------------------------


State 63 3.882 eV 
Excitation    CI Coef
|1^OS>    0.05839
|1^ZW0>   -0.08345
|1^ZW0'>    0.14776
|1^HS1_17>    0.07175
|1^HS1_16>    0.08699
|1^HS1_13>    0.10491
|1^HS1_12>    0.12795
|1^HS1_11>    0.05007
|1^HS1_1>   -0.12486
|1^HS2_18>   -0.11326
|1^HS2_13>   -0.07233
|1^HS2_12>   -0.11663
|1^HS2_11>    0.05241
|1^HS2_9>    0.11198
|1^HS2_6>   -0.07448
|1^HS2_1>    0.14776
|1^SL1_1'>   -0.05781
|1^SL1_2'>    0.22814
|1^SL1_4'>    0.18738
|1^SL1_5'>    0.05283
|1^SL1_6'>    0.07177
|1^SL1_8'>   -0.23902
|1^SL1_11'>   -0.09879
|1^SL2_1'>    0.13482
|1^SL2_2'>    0.09448
|1^SL2_4'>    0.07281
|1^SL2_5'>   -0.14139
|1^SL2_6'>    0.13112
|1^SL2_8'>   -0.07333
|1^HL2_306'>   -0.07766
|1^HL2_264'>   -0.06967
|1^HL2_221'>   -0.08079
|1^HL2_224'>    0.17548
|1^HL2_228'>    0.06469
|1^HL2_214'>    0.10217
|1^HL2_218'>    0.12540
|1^HL2_201'>    0.05004
|1^HL2_204'>   -0.06578
|1^HL2_205'>   -0.06339
|1^HL2_208'>    0.05300
|1^HL2_181'>   -0.09351
|1^HL2_182'>   -0.06075
|1^HL2_184'>    0.12127
|1^HL2_185'>    0.10372
|1^HL2_186'>    0.06679
|1^HL2_188'>   -0.15098
|1^HL2_162'>    0.06959
|1^HL2_165'>   -0.05769
|1^HL2_166'>   -0.05256
|1^HL2_168'>    0.11005
|1^HL2_132'>    0.08754
|1^HL2_135'>    0.11253
|1^HL2_138'>   -0.13979
|1^HL2_121'>   -0.08726
|1^HL2_122'>    0.07643
|1^HL2_124'>    0.07596
|1^HL2_125'>    0.14085
|1^HL2_112'>    0.07617
|1^HL2_114'>    0.07435
|1^HL2_116'>   -0.13466
|1^HL2_1115'>    0.08883
|1^HL2_102'>    0.06914
|1^HL2_106'>    0.24601
|1^HL2_1015'>   -0.07508
|1^HL2_1017'>    0.05968
|1^HL2_95'>   -0.09814
|1^HL2_86'>   -0.13606
|1^HL2_611'>    0.11578
|1^HL2_11'>    0.05735
|1^HL2_14'>    0.05663
|1^HL2_15'>   -0.11832
|1^HL2_16'>    0.07830
|1^HL2_116'>    0.05417
|1^HL2_118'>   -0.10545
TDMs with Triplet 'Ground' state
TDMX:-0.000   TDMY:0.000   TDMZ:0.000   Oscillator Strength:0.00000   <S**2>: 0.000
--------------------------------------------------------------------
TDMs with Singlet 'Ground' state
TDMX:-0.541   TDMY:-1.147   TDMZ:0.299   Oscillator Strength:0.16147   <S**2>: 0.000
--------------------------------------------------------------------


State 64 3.891 eV 
Excitation    CI Coef
|1^ZW0'>   -0.07140
|1^HS1_17>   -0.07876
|1^HS1_6>    0.14598
|1^HS1_1>   -0.07582
|1^HS2_16>    0.08660
|1^HS2_6>    0.42732
|1^SL1_2'>    0.07824
|1^SL1_4'>    0.10030
|1^SL1_5'>   -0.05036
|1^SL1_8'>   -0.07098
|1^SL1_11'>    0.57064
|1^SL1_12'>   -0.05014
|1^SL1_15'>   -0.05322
|1^SL2_1'>   -0.08754
|1^SL2_4'>    0.09365
|1^SL2_9'>   -0.06114
|1^SL2_10'>   -0.07073
|1^SL2_11'>    0.20793
|1^HL2_134'>    0.05212
|1^HL2_1211'>    0.05151
|1^HL2_114'>    0.10752
|1^HL2_1111'>    0.11281
|1^HL2_1011'>    0.11695
|1^HL2_911'>    0.22371
|1^HL2_811'>    0.14862
|1^HL2_79'>   -0.13566
|1^HL2_710'>    0.08335
|1^HL2_611'>   -0.13381
|1^HL2_612'>   -0.06319
|1^HL2_616'>    0.07791
|1^HL2_617'>    0.05187
|1^HL2_513'>    0.08469
|1^HL2_414'>   -0.07134
|1^HL2_211'>    0.18460
|1^HL2_12'>   -0.10470
|1^HL2_16'>    0.09360
|1^HL2_111'>   -0.06443
|1^HL2_115'>   -0.06060
TDMs with Triplet 'Ground' state
TDMX:-0.000   TDMY:0.000   TDMZ:0.000   Oscillator Strength:0.00000   <S**2>: 0.000
--------------------------------------------------------------------
TDMs with Singlet 'Ground' state
TDMX:-0.342   TDMY:-0.467   TDMZ:-0.157   Oscillator Strength:0.03427   <S**2>: 0.000
--------------------------------------------------------------------


State 65 3.902 eV 
Excitation    CI Coef
|1^OS>    0.07878
|1^ZW0'>    0.17190
|1^HS1_18>    0.05111
|1^HS1_17>    0.15693
|1^HS1_16>    0.05990
|1^HS1_15>   -0.09783
|1^HS1_9>    0.05564
|1^HS1_8>   -0.05043
|1^HS1_6>    0.08224
|1^HS1_1>    0.09493
|1^HS2_18>   -0.06924
|1^HS2_17>   -0.08601
|1^HS2_16>   -0.11867
|1^HS2_10>    0.08241
|1^HS2_6>    0.23669
|1^SL1_4'>   -0.12006
|1^SL1_5'>    0.08915
|1^SL1_10'>   -0.05179
|1^SL1_11'>    0.31285
|1^SL1_12'>   -0.05426
|1^SL1_15'>    0.06766
|1^SL1_16'>    0.06617
|1^SL1_17'>   -0.05161
|1^SL2_1'>    0.20513
|1^SL2_4'>   -0.16441
|1^SL2_6'>    0.07436
|1^SL2_7'>    0.05709
|1^SL2_9'>    0.13478
|1^SL2_10'>    0.15540
|1^SL2_11'>    0.11175
|1^SL2_13'>   -0.06576
|1^SL2_15'>    0.06134
|1^SL2_17'>    0.06293
|1^HL2_222'>    0.07670
|1^HL2_131'>    0.08885
|1^HL2_134'>   -0.10281
|1^HL2_135'>   -0.05185
|1^HL2_111'>    0.08199
|1^HL2_112'>   -0.06414
|1^HL2_114'>   -0.19628
|1^HL2_1111'>    0.06101
|1^HL2_104'>    0.09436
|1^HL2_1011'>    0.06228
|1^HL2_92'>    0.05959
|1^HL2_96'>   -0.06756
|1^HL2_911'>    0.12201
|1^HL2_81'>   -0.06751
|1^HL2_84'>    0.05813
|1^HL2_89'>    0.05933
|1^HL2_811'>    0.08784
|1^HL2_817'>    0.05146
|1^HL2_79'>    0.24646
|1^HL2_710'>   -0.15144
|1^HL2_611'>    0.18989
|1^HL2_612'>   -0.06581
|1^HL2_510'>   -0.05097
|1^HL2_513'>   -0.19216
|1^HL2_414'>    0.09430
|1^HL2_315'>    0.07373
|1^HL2_316'>   -0.06075
|1^HL2_211'>    0.10078
|1^HL2_212'>   -0.05921
|1^HL2_11'>    0.05177
|1^HL2_12'>    0.18952
|1^HL2_14'>   -0.05017
|1^HL2_16'>   -0.14270
|1^HL2_115'>    0.11684
|1^HL2_117'>   -0.08322
TDMs with Triplet 'Ground' state
TDMX:-0.000   TDMY:-0.000   TDMZ:-0.000   Oscillator Strength:0.00000   <S**2>: 0.000
--------------------------------------------------------------------
TDMs with Singlet 'Ground' state
TDMX:-0.584   TDMY:-0.649   TDMZ:-0.122   Oscillator Strength:0.07429   <S**2>: 0.000
--------------------------------------------------------------------


State 66 3.904 eV 
Excitation    CI Coef
|3^HS2_11>   -0.10377
|3^HS2_9>    0.06521
|3^HS2_8>    0.07823
|3^HS2_6>   -0.08854
|3^HS2_1>    0.15222
|3^SL1_1'>    0.24584
|3^SL1_2'>    0.10530
|3^SL1_4'>   -0.07209
|3^SL1_5'>   -0.07943
|3^SL1_8'>   -0.26929
|3^SL1_11'>   -0.09847
|3^SL2_1'>   -0.11752
|3^SL2_2'>   -0.06973
|3^SL2_4'>    0.24131
|3^SL2_5'>   -0.05994
|3^SL2_7'>   -0.07810
|3^SL2_8'>    0.08791
|3^HL1_224'>    0.05230
|3^HL1_121'>    0.06955
|3^HL1_112'>   -0.14867
|3^HL1_102'>    0.16256
|3^HL1_91'>   -0.14341
|3^HL1_94'>    0.08456
|3^HL1_11'>   -0.39283
|3^HL1_14'>    0.30171
|3^HL2_12'>   -0.09260
|3^HL3_222'>    0.07318
|3^HL3_224'>    0.05498
|3^HL3_218'>    0.08270
|3^HL3_185'>    0.06625
|3^HL3_188'>   -0.10025
|3^HL3_165'>   -0.05358
|3^HL3_168'>    0.06450
|3^HL3_131'>    0.06471
|3^HL3_132'>   -0.05134
|3^HL3_134'>   -0.12421
|3^HL3_138'>   -0.05761
|3^HL3_111'>    0.06028
|3^HL3_114'>   -0.16171
|3^HL3_102'>   -0.05076
|3^HL3_106'>    0.06987
|3^HL3_92'>    0.05564
|3^HL3_96'>   -0.05978
|3^HL3_81'>   -0.05354
|3^HL3_82'>    0.09817
|3^HL3_84'>    0.10311
|3^HL3_86'>   -0.06458
|3^HL3_88'>    0.06132
|3^HL3_414'>   -0.07765
|3^HL3_12'>    0.11904
|3^HL3_14'>    0.05523
|3^HL3_15'>    0.05544
|3^HL3_16'>   -0.13272
|3^HL3_18'>   -0.09642
|3^HL3_115'>    0.10955
|3^HL3_117'>   -0.07956
TDMs with Triplet 'Ground' state
TDMX:0.245   TDMY:1.682   TDMZ:0.353   Oscillator Strength:0.27994   <S**2>: 2.000
--------------------------------------------------------------------
TDMs with Singlet 'Ground' state
TDMX:-0.000   TDMY:-0.000   TDMZ:-0.000   Oscillator Strength:0.00000   <S**2>: 2.000
--------------------------------------------------------------------


State 67 3.916 eV 
Excitation    CI Coef
|5^HL_1812'>   -0.05010
|5^HL_1816'>    0.05353
|5^HL_1212'>   -0.05479
|5^HL_1216'>    0.05240
|5^HL_1112'>   -0.12466
|5^HL_1115'>    0.05876
|5^HL_1116'>    0.12059
|5^HL_1117'>    0.05987
|5^HL_1012'>   -0.13590
|5^HL_1015'>    0.07235
|5^HL_1016'>    0.12841
|5^HL_1017'>    0.06120
|5^HL_95'>    0.06219
|5^HL_96'>    0.06016
|5^HL_98'>   -0.05440
|5^HL_912'>   -0.27074
|5^HL_914'>   -0.07134
|5^HL_915'>    0.12442
|5^HL_916'>    0.25859
|5^HL_917'>    0.13798
|5^HL_923'>   -0.07663
|5^HL_812'>   -0.18960
|5^HL_815'>    0.07742
|5^HL_816'>    0.17305
|5^HL_817'>    0.09953
|5^HL_611'>    0.56872
|5^HL_612'>   -0.05347
|5^HL_412'>   -0.08643
|5^HL_414'>    0.16701
|5^HL_25'>    0.05393
|5^HL_28'>   -0.05280
|5^HL_212'>   -0.37592
|5^HL_214'>   -0.10027
|5^HL_216'>    0.11574
|5^HL_217'>    0.06981
|5^HL_223'>   -0.06655
|5^HL_112'>    0.06949
|5^HL_116'>   -0.07416
TDMs with Triplet 'Ground' state
TDMX:0.000   TDMY:0.001   TDMZ:0.000   Oscillator Strength:0.00000   <S**2>: 6.000
--------------------------------------------------------------------
TDMs with Singlet 'Ground' state
TDMX:-0.000   TDMY:0.000   TDMZ:-0.000   Oscillator Strength:0.00000   <S**2>: 6.000
--------------------------------------------------------------------


State 68 3.924 eV 
Excitation    CI Coef
|3^HS2_9>    0.07820
|3^HS2_8>   -0.10671
|3^HS2_6>    0.08602
|3^HS2_1>   -0.06251
|3^SL1_9'>    0.06345
|3^SL1_10'>    0.12676
|3^SL1_11'>    0.09405
|3^SL2_7'>    0.06712
|3^SL2_9'>    0.20437
|3^SL2_10'>    0.37936
|3^SL2_13'>   -0.13668
|3^HL3_1210'>    0.05184
|3^HL3_1010'>   -0.06559
|3^HL3_910'>    0.08722
|3^HL3_89'>   -0.05951
|3^HL3_810'>   -0.06612
|3^HL3_79'>   -0.33212
|3^HL3_710'>    0.21287
|3^HL3_59'>    0.10694
|3^HL3_510'>    0.20048
|3^HL3_513'>    0.55654
|3^HL3_39'>    0.11603
|3^HL3_310'>    0.09820
|3^HL3_313'>   -0.16053
|3^HL3_315'>   -0.16058
|3^HL3_316'>    0.12741
|3^HL3_317'>   -0.08431
|3^HL3_324'>   -0.05703
|3^HL3_110'>   -0.05317
TDMs with Triplet 'Ground' state
TDMX:-0.312   TDMY:-0.135   TDMZ:-0.523   Oscillator Strength:0.03629   <S**2>: 2.000
--------------------------------------------------------------------
TDMs with Singlet 'Ground' state
TDMX:0.000   TDMY:0.000   TDMZ:-0.000   Oscillator Strength:0.00000   <S**2>: 2.000
--------------------------------------------------------------------


State 69 3.944 eV 
Excitation    CI Coef
|3^HS2_9>    0.08478
|3^HS2_8>   -0.09044
|3^HS2_6>   -0.56977
|3^HS2_1>   -0.05798
|3^SL1_11'>   -0.57877
|3^SL1_12'>    0.07563
|3^SL2_4'>   -0.05400
|3^SL2_11'>    0.20458
|3^HL2_612'>   -0.05693
|3^HL3_1211'>   -0.05615
|3^HL3_1111'>   -0.11906
|3^HL3_1011'>   -0.12237
|3^HL3_911'>   -0.23764
|3^HL3_811'>   -0.15862
|3^HL3_612'>    0.10284
|3^HL3_616'>   -0.10455
|3^HL3_513'>    0.10272
|3^HL3_211'>   -0.19343
|3^HL3_111'>    0.06490
TDMs with Triplet 'Ground' state
TDMX:0.249   TDMY:0.364   TDMZ:0.347   Oscillator Strength:0.02953   <S**2>: 2.000
--------------------------------------------------------------------
TDMs with Singlet 'Ground' state
TDMX:-0.000   TDMY:0.000   TDMZ:0.000   Oscillator Strength:0.00000   <S**2>: 2.000
--------------------------------------------------------------------


State 70 3.953 eV 
Excitation    CI Coef
|1^ZW0'>    0.11082
|1^HS1_15>    0.16519
|1^HS1_12>   -0.06332
|1^HS1_10>    0.05776
|1^HS1_5>   -0.21061
|1^HS1_3>    0.12342
|1^HS2_15>   -0.06095
|1^HS2_5>    0.06920
|1^SL1_2'>    0.05006
|1^SL1_4'>   -0.09256
|1^SL1_9'>    0.06933
|1^SL1_10'>    0.11057
|1^SL1_13'>    0.08861
|1^SL1_16'>    0.07789
|1^SL2_1'>    0.14347
|1^SL2_2'>   -0.07882
|1^SL2_5'>   -0.08708
|1^SL2_7'>   -0.05342
|1^SL2_9'>   -0.18705
|1^SL2_10'>   -0.29431
|1^SL2_13'>   -0.24692
|1^SL2_15'>    0.09742
|1^SL2_17'>    0.05801
|1^HL2_114'>   -0.07726
|1^HL2_1010'>   -0.05156
|1^HL2_99'>    0.05083
|1^HL2_910'>    0.07516
|1^HL2_913'>    0.05537
|1^HL2_810'>   -0.05544
|1^HL2_79'>   -0.07702
|1^HL2_710'>    0.06817
|1^HL2_611'>    0.14739
|1^HL2_59'>    0.06238
|1^HL2_510'>    0.13103
|1^HL2_513'>    0.52260
|1^HL2_414'>    0.09882
|1^HL2_39'>    0.12830
|1^HL2_310'>    0.23043
|1^HL2_313'>    0.14265
|1^HL2_315'>   -0.11141
|1^HL2_316'>    0.08986
|1^HL2_317'>   -0.06279
|1^HL2_212'>   -0.05570
|1^HL2_12'>    0.07363
|1^HL2_115'>    0.05780
TDMs with Triplet 'Ground' state
TDMX:0.000   TDMY:0.000   TDMZ:-0.000   Oscillator Strength:0.00000   <S**2>: 0.000
--------------------------------------------------------------------
TDMs with Singlet 'Ground' state
TDMX:0.394   TDMY:-0.606   TDMZ:-0.067   Oscillator Strength:0.05108   <S**2>: 0.000
--------------------------------------------------------------------


State 71 3.954 eV 
Excitation    CI Coef
|5^HL_1112'>   -0.10898
|5^HL_1012'>   -0.11482
|5^HL_912'>   -0.22334
|5^HL_812'>   -0.13655
|5^HL_611'>    0.14363
|5^HL_412'>    0.17338
|5^HL_414'>   -0.63160
|5^HL_25'>    0.06666
|5^HL_212'>    0.36488
|5^HL_214'>    0.10118
|5^HL_215'>    0.26107
|5^HL_216'>    0.39633
|5^HL_217'>    0.16649
|5^HL_225'>    0.10032
|5^HL_112'>    0.08306
TDMs with Triplet 'Ground' state
TDMX:0.000   TDMY:0.000   TDMZ:-0.000   Oscillator Strength:0.00000   <S**2>: 6.000
--------------------------------------------------------------------
TDMs with Singlet 'Ground' state
TDMX:0.000   TDMY:-0.000   TDMZ:-0.000   Oscillator Strength:0.00000   <S**2>: 6.000
--------------------------------------------------------------------


State 72 3.956 eV 
Excitation    CI Coef
|5^HL_122'>   -0.05074
|5^HL_1215'>    0.07645
|5^HL_1216'>   -0.06117
|5^HL_1115'>   -0.06378
|5^HL_1116'>    0.06014
|5^HL_1015'>   -0.10153
|5^HL_1016'>    0.07851
|5^HL_1017'>   -0.05369
|5^HL_915'>    0.12354
|5^HL_916'>   -0.10781
|5^HL_917'>    0.08735
|5^HL_815'>   -0.10607
|5^HL_816'>    0.10124
|5^HL_817'>   -0.08452
|5^HL_79'>   -0.22848
|5^HL_710'>    0.11445
|5^HL_59'>   -0.12869
|5^HL_510'>   -0.25032
|5^HL_513'>   -0.54391
|5^HL_39'>   -0.27181
|5^HL_310'>   -0.43782
|5^HL_313'>    0.24233
|5^HL_315'>    0.17577
|5^HL_316'>   -0.12462
|5^HL_317'>    0.07805
|5^HL_322'>    0.05910
|5^HL_324'>    0.06849
|5^HL_115'>   -0.06623
|5^HL_116'>    0.06014
TDMs with Triplet 'Ground' state
TDMX:0.004   TDMY:0.002   TDMZ:-0.005   Oscillator Strength:0.00000   <S**2>: 6.000
--------------------------------------------------------------------
TDMs with Singlet 'Ground' state
TDMX:0.000   TDMY:-0.000   TDMZ:-0.000   Oscillator Strength:0.00000   <S**2>: 6.000
--------------------------------------------------------------------


State 73 3.957 eV 
Excitation    CI Coef
|3^HS2_1>   -0.18082
|3^SL1_4'>   -0.23690
|3^SL1_15'>    0.08028
|3^SL2_1'>   -0.27327
|3^SL2_4'>    0.15748
|3^SL2_6'>    0.11397
|3^SL2_17'>   -0.05387
|3^HL1_112'>    0.06918
|3^HL1_101'>   -0.06789
|3^HL1_102'>   -0.07553
|3^HL1_104'>    0.05680
|3^HL1_91'>    0.05572
|3^HL1_92'>   -0.05221
|3^HL1_11'>    0.16015
|3^HL1_12'>   -0.19888
|3^HL1_14'>   -0.12265
|3^HL3_306'>    0.07767
|3^HL3_221'>    0.12254
|3^HL3_222'>    0.06544
|3^HL3_224'>   -0.19684
|3^HL3_225'>   -0.06019
|3^HL3_211'>    0.06726
|3^HL3_214'>   -0.10145
|3^HL3_215'>   -0.06897
|3^HL3_216'>    0.05199
|3^HL3_204'>    0.07466
|3^HL3_193'>    0.06806
|3^HL3_181'>    0.06684
|3^HL3_184'>   -0.12027
|3^HL3_185'>   -0.05556
|3^HL3_131'>    0.07380
|3^HL3_134'>   -0.08256
|3^HL3_137'>   -0.06935
|3^HL3_127'>   -0.08598
|3^HL3_111'>    0.10203
|3^HL3_112'>   -0.09960
|3^HL3_114'>   -0.21963
|3^HL3_116'>    0.17587
|3^HL3_1115'>   -0.08234
|3^HL3_1117'>    0.05183
|3^HL3_104'>    0.11945
|3^HL3_106'>   -0.23732
|3^HL3_108'>   -0.05221
|3^HL3_1015'>    0.11328
|3^HL3_1017'>   -0.08039
|3^HL3_92'>    0.08335
|3^HL3_95'>    0.05344
|3^HL3_915'>    0.05194
|3^HL3_82'>    0.05700
|3^HL3_86'>    0.09483
|3^HL3_87'>   -0.06411
|3^HL3_414'>    0.10600
|3^HL3_212'>   -0.05926
|3^HL3_12'>    0.23416
|3^HL3_14'>   -0.22102
|3^HL3_15'>    0.12728
|3^HL3_16'>   -0.08521
|3^HL3_115'>    0.10873
|3^HL3_117'>   -0.09332
TDMs with Triplet 'Ground' state
TDMX:-0.357   TDMY:-0.297   TDMZ:0.458   Oscillator Strength:0.04004   <S**2>: 2.000
--------------------------------------------------------------------
TDMs with Singlet 'Ground' state
TDMX:0.000   TDMY:-0.000   TDMZ:-0.000   Oscillator Strength:0.00000   <S**2>: 2.000
--------------------------------------------------------------------


State 74 3.962 eV 
Excitation    CI Coef
|1^OS>   -0.08890
|1^ZW0>    0.14452
|1^ZW0'>   -0.05367
|1^HS1_16>    0.07005
|1^HS1_15>   -0.05944
|1^HS1_9>   -0.07929
|1^HS1_5>   -0.23769
|1^HS2_16>    0.11780
|1^HS2_11>   -0.06803
|1^HS2_9>   -0.05845
|1^HS2_8>   -0.07317
|1^HS2_5>    0.07695
|1^SL1_1'>    0.11282
|1^SL1_2'>    0.10359
|1^SL1_5'>   -0.12595
|1^SL1_8'>   -0.13408
|1^SL1_13'>    0.12843
|1^SL1_15'>   -0.08755
|1^SL1_16'>   -0.12907
|1^SL1_17'>   -0.07987
|1^SL2_1'>    0.06840
|1^SL2_5'>   -0.06003
|1^SL2_13'>   -0.32596
|1^SL2_15'>   -0.09873
|1^SL2_16'>   -0.07018
|1^HL2_218'>    0.08707
|1^HL2_188'>   -0.11664
|1^HL2_168'>    0.07817
|1^HL2_132'>   -0.07510
|1^HL2_138'>   -0.10648
|1^HL2_125'>   -0.05685
|1^HL2_1213'>    0.05196
|1^HL2_105'>   -0.05658
|1^HL2_106'>   -0.06883
|1^HL2_1013'>   -0.05897
|1^HL2_913'>    0.08134
|1^HL2_916'>   -0.06473
|1^HL2_813'>   -0.06418
|1^HL2_816'>   -0.05515
|1^HL2_79'>    0.15486
|1^HL2_710'>   -0.10052
|1^HL2_611'>   -0.42288
|1^HL2_612'>    0.05124
|1^HL2_510'>   -0.06006
|1^HL2_513'>   -0.07629
|1^HL2_412'>    0.05686
|1^HL2_414'>   -0.25013
|1^HL2_313'>    0.27792
|1^HL2_315'>    0.06894
|1^HL2_212'>    0.16448
|1^HL2_113'>   -0.05486
TDMs with Triplet 'Ground' state
TDMX:0.000   TDMY:0.000   TDMZ:-0.000   Oscillator Strength:0.00000   <S**2>: 0.000
--------------------------------------------------------------------
TDMs with Singlet 'Ground' state
TDMX:0.352   TDMY:0.488   TDMZ:-0.093   Oscillator Strength:0.03604   <S**2>: 0.000
--------------------------------------------------------------------


State 75 3.964 eV 
Excitation    CI Coef
|1^ZW0>   -0.12498
|1^ZW0'>   -0.05196
|1^HS1_22>   -0.06682
|1^HS1_15>   -0.06421
|1^HS1_12>    0.09613
|1^HS1_9>    0.06261
|1^HS1_5>   -0.30986
|1^HS2_11>    0.07899
|1^HS2_5>    0.10010
|1^SL1_1'>   -0.07928
|1^SL1_2'>   -0.14105
|1^SL1_4'>    0.07507
|1^SL1_5'>    0.06053
|1^SL1_8'>    0.15197
|1^SL1_13'>    0.14723
|1^SL1_15'>    0.06958
|1^SL1_17'>    0.05902
|1^SL2_1'>   -0.18078
|1^SL2_2'>    0.08967
|1^SL2_4'>   -0.05203
|1^SL2_5'>    0.12929
|1^SL2_7'>    0.06149
|1^SL2_13'>   -0.40989
|1^HL2_224'>    0.06566
|1^HL2_215'>    0.05804
|1^HL2_218'>   -0.08295
|1^HL2_184'>    0.05355
|1^HL2_186'>   -0.05201
|1^HL2_188'>    0.10446
|1^HL2_168'>   -0.07099
|1^HL2_132'>    0.05064
|1^HL2_134'>    0.07371
|1^HL2_138'>    0.09650
|1^HL2_122'>   -0.05052
|1^HL2_1213'>    0.06168
|1^HL2_111'>   -0.06707
|1^HL2_114'>    0.08808
|1^HL2_116'>   -0.05810
|1^HL2_1113'>   -0.05864
|1^HL2_104'>   -0.06452
|1^HL2_105'>    0.05736
|1^HL2_106'>    0.09240
|1^HL2_1013'>   -0.06810
|1^HL2_913'>    0.09814
|1^HL2_813'>   -0.07814
|1^HL2_611'>    0.13526
|1^HL2_59'>   -0.05024
|1^HL2_510'>   -0.10100
|1^HL2_513'>   -0.14798
|1^HL2_414'>    0.12743
|1^HL2_313'>    0.39199
|1^HL2_315'>    0.07610
|1^HL2_316'>   -0.05271
|1^HL2_212'>   -0.07833
|1^HL2_12'>   -0.07027
|1^HL2_14'>    0.06080
|1^HL2_113'>   -0.05677
|1^HL2_115'>   -0.08539
TDMs with Triplet 'Ground' state
TDMX:0.000   TDMY:0.000   TDMZ:-0.000   Oscillator Strength:0.00000   <S**2>: 0.000
--------------------------------------------------------------------
TDMs with Singlet 'Ground' state
TDMX:-0.216   TDMY:0.098   TDMZ:0.470   Oscillator Strength:0.02688   <S**2>: 0.000
--------------------------------------------------------------------


State 76 3.979 eV 
Excitation    CI Coef
|5^HL_122'>    0.05438
|5^HL_129'>   -0.09200
|5^HL_1210'>   -0.11472
|5^HL_1215'>   -0.05598
|5^HL_1216'>    0.05141
|5^HL_116'>    0.05494
|5^HL_119'>    0.08766
|5^HL_1110'>    0.10732
|5^HL_1116'>   -0.05068
|5^HL_105'>   -0.05113
|5^HL_109'>    0.12036
|5^HL_1010'>    0.14538
|5^HL_1013'>   -0.05861
|5^HL_1015'>    0.08120
|5^HL_1016'>   -0.06692
|5^HL_95'>    0.05499
|5^HL_96'>   -0.05653
|5^HL_97'>   -0.05783
|5^HL_99'>   -0.16568
|5^HL_910'>   -0.19598
|5^HL_913'>    0.07821
|5^HL_915'>   -0.09433
|5^HL_916'>    0.09420
|5^HL_917'>   -0.08550
|5^HL_922'>    0.05041
|5^HL_86'>    0.06809
|5^HL_87'>    0.07517
|5^HL_89'>    0.19263
|5^HL_810'>    0.16843
|5^HL_813'>   -0.07484
|5^HL_815'>    0.09853
|5^HL_816'>   -0.10564
|5^HL_817'>    0.09344
|5^HL_79'>    0.39236
|5^HL_710'>   -0.31525
|5^HL_510'>   -0.08335
|5^HL_513'>   -0.27877
|5^HL_32'>   -0.08381
|5^HL_35'>   -0.12020
|5^HL_36'>    0.10704
|5^HL_37'>    0.08162
|5^HL_315'>    0.29084
|5^HL_316'>   -0.24955
|5^HL_317'>    0.18580
|5^HL_318'>   -0.06035
|5^HL_324'>    0.07065
|5^HL_17'>    0.05155
|5^HL_19'>    0.08043
|5^HL_110'>    0.09640
TDMs with Triplet 'Ground' state
TDMX:0.000   TDMY:0.001   TDMZ:0.000   Oscillator Strength:0.00000   <S**2>: 6.000
--------------------------------------------------------------------
TDMs with Singlet 'Ground' state
TDMX:0.000   TDMY:0.000   TDMZ:-0.000   Oscillator Strength:0.00000   <S**2>: 6.000
--------------------------------------------------------------------


State 77 3.994 eV 
Excitation    CI Coef
|5^HL_1114'>    0.09645
|5^HL_1014'>    0.09986
|5^HL_914'>    0.19003
|5^HL_814'>    0.10740
|5^HL_45'>   -0.05692
|5^HL_411'>   -0.05526
|5^HL_412'>   -0.47367
|5^HL_414'>   -0.15377
|5^HL_415'>   -0.25473
|5^HL_416'>   -0.36797
|5^HL_417'>   -0.14821
|5^HL_425'>    0.08810
|5^HL_212'>    0.16693
|5^HL_214'>   -0.62816
|5^HL_114'>   -0.08316
TDMs with Triplet 'Ground' state
TDMX:0.000   TDMY:-0.000   TDMZ:-0.000   Oscillator Strength:0.00000   <S**2>: 6.000
--------------------------------------------------------------------
TDMs with Singlet 'Ground' state
TDMX:0.000   TDMY:-0.000   TDMZ:0.000   Oscillator Strength:0.00000   <S**2>: 6.000
--------------------------------------------------------------------


State 78 3.999 eV 
Excitation    CI Coef
|3^HS2_11>    0.15111
|3^HS2_10>    0.06415
|3^HS2_9>   -0.17110
|3^HS2_2>    0.14292
|3^HS2_1>   -0.22981
|3^SL1_4'>    0.11081
|3^SL1_6'>    0.05558
|3^SL1_7'>   -0.05668
|3^SL1_8'>   -0.11340
|3^SL1_12'>    0.17499
|3^SL1_15'>    0.09254
|3^SL1_16'>    0.07338
|3^SL2_1'>    0.13567
|3^SL2_2'>   -0.15111
|3^SL2_4'>    0.12553
|3^SL2_5'>   -0.18323
|3^SL2_7'>   -0.16014
|3^SL2_12'>   -0.06345
|3^SL2_16'>   -0.05124
|3^HL1_11'>   -0.08240
|3^HL1_12'>   -0.05592
|3^HL1_14'>   -0.10947
|3^HL2_12'>    0.08534
|3^HL3_227'>    0.06896
|3^HL3_217'>   -0.10512
|3^HL3_218'>    0.06615
|3^HL3_185'>    0.06244
|3^HL3_187'>   -0.05782
|3^HL3_188'>   -0.12889
|3^HL3_177'>    0.06001
|3^HL3_165'>   -0.06330
|3^HL3_167'>    0.06069
|3^HL3_168'>    0.09792
|3^HL3_132'>   -0.12188
|3^HL3_135'>    0.05498
|3^HL3_136'>    0.08131
|3^HL3_137'>    0.11987
|3^HL3_138'>   -0.13194
|3^HL3_122'>    0.06211
|3^HL3_124'>    0.06905
|3^HL3_125'>   -0.15004
|3^HL3_127'>    0.07413
|3^HL3_128'>    0.08759
|3^HL3_112'>    0.10400
|3^HL3_114'>    0.05496
|3^HL3_115'>   -0.10139
|3^HL3_116'>   -0.06888
|3^HL3_118'>    0.06199
|3^HL3_1116'>    0.05407
|3^HL3_102'>    0.09965
|3^HL3_92'>   -0.06807
|3^HL3_95'>    0.05795
|3^HL3_912'>    0.06056
|3^HL3_915'>    0.05281
|3^HL3_82'>   -0.12143
|3^HL3_84'>   -0.05163
|3^HL3_85'>    0.13070
|3^HL3_79'>   -0.11842
|3^HL3_710'>    0.07050
|3^HL3_510'>   -0.05385
|3^HL3_513'>   -0.12015
|3^HL3_412'>   -0.07759
|3^HL3_414'>    0.33619
|3^HL3_310'>   -0.08146
|3^HL3_212'>   -0.18375
|3^HL3_215'>   -0.08618
|3^HL3_216'>   -0.11488
|3^HL3_12'>    0.07127
|3^HL3_16'>   -0.05101
|3^HL3_115'>   -0.06294
TDMs with Triplet 'Ground' state
TDMX:0.250   TDMY:0.966   TDMZ:-0.475   Oscillator Strength:0.11630   <S**2>: 2.000
--------------------------------------------------------------------
TDMs with Singlet 'Ground' state
TDMX:-0.000   TDMY:-0.000   TDMZ:0.000   Oscillator Strength:0.00000   <S**2>: 2.000
--------------------------------------------------------------------


State 79 4.009 eV 
Excitation    CI Coef
|5^HL_1611'>    0.06339
|5^HL_1211'>   -0.08521
|5^HL_1111'>   -0.18430
|5^HL_1011'>   -0.19266
|5^HL_911'>   -0.37732
|5^HL_811'>   -0.25539
|5^HL_62'>   -0.07695
|5^HL_65'>    0.12789
|5^HL_66'>    0.10625
|5^HL_68'>   -0.10224
|5^HL_612'>   -0.51282
|5^HL_614'>   -0.12419
|5^HL_615'>    0.18318
|5^HL_616'>    0.38526
|5^HL_617'>    0.20379
|5^HL_618'>    0.05859
|5^HL_623'>    0.13214
|5^HL_211'>   -0.33236
|5^HL_111'>    0.10320
TDMs with Triplet 'Ground' state
TDMX:-0.000   TDMY:-0.000   TDMZ:-0.000   Oscillator Strength:0.00000   <S**2>: 6.000
--------------------------------------------------------------------
TDMs with Singlet 'Ground' state
TDMX:0.000   TDMY:0.000   TDMZ:-0.000   Oscillator Strength:0.00000   <S**2>: 6.000
--------------------------------------------------------------------


State 80 4.012 eV 
Excitation    CI Coef
|5^HL_1213'>   -0.09675
|5^HL_1113'>    0.08754
|5^HL_1013'>    0.11467
|5^HL_913'>   -0.15067
|5^HL_813'>    0.11739
|5^HL_713'>   -0.05199
|5^HL_52'>    0.06483
|5^HL_55'>    0.08095
|5^HL_56'>   -0.06097
|5^HL_59'>    0.25575
|5^HL_510'>    0.40373
|5^HL_513'>   -0.26921
|5^HL_515'>   -0.30676
|5^HL_516'>    0.23695
|5^HL_517'>   -0.16237
|5^HL_518'>    0.05224
|5^HL_522'>    0.05381
|5^HL_524'>    0.07862
|5^HL_39'>   -0.11366
|5^HL_310'>   -0.22957
|5^HL_313'>   -0.57670
|5^HL_113'>    0.09854
TDMs with Triplet 'Ground' state
TDMX:0.000   TDMY:-0.000   TDMZ:0.000   Oscillator Strength:0.00000   <S**2>: 6.000
--------------------------------------------------------------------
TDMs with Singlet 'Ground' state
TDMX:-0.000   TDMY:0.000   TDMZ:-0.000   Oscillator Strength:0.00000   <S**2>: 6.000
--------------------------------------------------------------------


State 81 4.012 eV 
Excitation    CI Coef
|5^HL_302'>   -0.05813
|5^HL_306'>   -0.10361
|5^HL_264'>   -0.07907
|5^HL_221'>   -0.15387
|5^HL_224'>    0.30019
|5^HL_225'>    0.09058
|5^HL_211'>   -0.06097
|5^HL_214'>    0.13824
|5^HL_201'>    0.05622
|5^HL_204'>   -0.11599
|5^HL_205'>   -0.06155
|5^HL_193'>   -0.08440
|5^HL_181'>   -0.10141
|5^HL_184'>    0.20577
|5^HL_164'>   -0.08634
|5^HL_132'>    0.26831
|5^HL_1320'>   -0.05166
|5^HL_121'>   -0.11884
|5^HL_125'>    0.24715
|5^HL_116'>   -0.19303
|5^HL_1115'>    0.14394
|5^HL_1117'>   -0.10427
|5^HL_102'>    0.06186
|5^HL_105'>    0.05534
|5^HL_106'>    0.38991
|5^HL_107'>   -0.07296
|5^HL_108'>    0.08452
|5^HL_1015'>   -0.12380
|5^HL_1017'>    0.08300
|5^HL_91'>    0.08791
|5^HL_95'>   -0.15895
|5^HL_916'>    0.05318
|5^HL_86'>   -0.21363
|5^HL_87'>    0.09342
|5^HL_88'>   -0.07570
|5^HL_11'>    0.06021
|5^HL_14'>    0.28855
|5^HL_15'>   -0.14195
|5^HL_17'>    0.06777
|5^HL_18'>    0.06212
|5^HL_116'>    0.07653
|5^HL_118'>   -0.16822
|5^HL_119'>    0.05826
TDMs with Triplet 'Ground' state
TDMX:0.001   TDMY:0.002   TDMZ:0.003   Oscillator Strength:0.00000   <S**2>: 6.000
--------------------------------------------------------------------
TDMs with Singlet 'Ground' state
TDMX:0.000   TDMY:-0.000   TDMZ:0.000   Oscillator Strength:0.00000   <S**2>: 6.000
--------------------------------------------------------------------


State 82 4.014 eV 
Excitation    CI Coef
|3^OS>    0.05552
|3^HS2_12>   -0.05762
|3^HS2_10>    0.05401
|3^HS2_2>    0.22157
|3^HS2_1>    0.16927
|3^SL1_1'>   -0.15534
|3^SL1_4'>   -0.15086
|3^SL1_5'>    0.13899
|3^SL1_7'>    0.07587
|3^SL1_12'>    0.26760
|3^SL2_1'>   -0.26289
|3^SL2_2'>    0.06824
|3^SL2_4'>   -0.18880
|3^SL2_5'>    0.21506
|3^SL2_7'>    0.17924
|3^SL2_12'>   -0.07625
|3^SL2_15'>   -0.05826
|3^HL1_112'>   -0.05613
|3^HL1_102'>    0.11381
|3^HL1_94'>    0.08550
|3^HL1_12'>    0.06520
|3^HL1_14'>    0.24123
|3^HL2_212'>   -0.05934
|3^HL2_216'>   -0.05144
|3^HL3_224'>    0.06366
|3^HL3_227'>   -0.08109
|3^HL3_217'>    0.10851
|3^HL3_193'>    0.09255
|3^HL3_187'>    0.07189
|3^HL3_177'>   -0.06904
|3^HL3_167'>   -0.07541
|3^HL3_132'>    0.06870
|3^HL3_137'>   -0.10889
|3^HL3_138'>   -0.05979
|3^HL3_127'>   -0.09033
|3^HL3_116'>   -0.06065
|3^HL3_102'>    0.06654
|3^HL3_106'>    0.06762
|3^HL3_912'>    0.07858
|3^HL3_82'>   -0.10984
|3^HL3_79'>    0.06409
|3^HL3_611'>   -0.14701
|3^HL3_414'>    0.29965
|3^HL3_212'>   -0.14638
|3^HL3_214'>    0.05678
|3^HL3_215'>   -0.08191
|3^HL3_216'>   -0.10757
|3^HL3_11'>   -0.06643
|3^HL3_12'>    0.06174
|3^HL3_15'>   -0.17929
TDMs with Triplet 'Ground' state
TDMX:-0.757   TDMY:-1.509   TDMZ:-0.249   Oscillator Strength:0.27834   <S**2>: 2.000
--------------------------------------------------------------------
TDMs with Singlet 'Ground' state
TDMX:0.000   TDMY:-0.000   TDMZ:0.000   Oscillator Strength:0.00000   <S**2>: 2.000
--------------------------------------------------------------------


State 83 4.018 eV 
Excitation    CI Coef
|1^HS1_4>    0.14747
|1^HS2_4>    0.40225
|1^HS2_2>   -0.13918
|1^SL1_12'>   -0.23561
|1^SL1_14'>    0.47759
|1^SL2_12'>   -0.08347
|1^SL2_14'>    0.17067
|1^HL2_1114'>    0.08404
|1^HL2_1014'>    0.08658
|1^HL2_912'>   -0.07295
|1^HL2_914'>    0.15899
|1^HL2_814'>    0.08856
|1^HL2_611'>    0.11965
|1^HL2_414'>   -0.26094
|1^HL2_425'>    0.05618
|1^HL2_212'>    0.17290
|1^HL2_214'>   -0.48467
|1^HL2_114'>   -0.06881
TDMs with Triplet 'Ground' state
TDMX:0.000   TDMY:0.000   TDMZ:0.000   Oscillator Strength:0.00000   <S**2>: 0.000
--------------------------------------------------------------------
TDMs with Singlet 'Ground' state
TDMX:0.411   TDMY:-0.253   TDMZ:0.245   Oscillator Strength:0.02888   <S**2>: 0.000
--------------------------------------------------------------------


State 84 4.022 eV 
Excitation    CI Coef
|3^HS2_11>   -0.07790
|3^HS2_10>   -0.05690
|3^HS2_8>    0.13564
|3^HS2_4>   -0.09621
|3^HS2_2>    0.24113
|3^HS2_1>    0.07761
|3^SL1_1'>    0.14310
|3^SL1_4'>    0.11076
|3^SL1_5'>   -0.08676
|3^SL1_8'>    0.11930
|3^SL1_12'>    0.24654
|3^SL1_14'>   -0.10609
|3^SL1_17'>    0.05025
|3^SL2_1'>    0.10985
|3^SL2_4'>    0.12406
|3^SL2_7'>   -0.05593
|3^SL2_12'>   -0.08139
|3^HL1_14'>   -0.08584
|3^HL2_216'>   -0.05417
|3^HL2_12'>   -0.09476
|3^HL3_408'>    0.05611
|3^HL3_218'>   -0.07903
|3^HL3_193'>   -0.13716
|3^HL3_188'>    0.13479
|3^HL3_168'>   -0.09755
|3^HL3_132'>    0.08317
|3^HL3_135'>   -0.09751
|3^HL3_136'>   -0.05041
|3^HL3_138'>    0.16888
|3^HL3_121'>   -0.06763
|3^HL3_122'>   -0.11076
|3^HL3_125'>    0.12450
|3^HL3_126'>    0.05448
|3^HL3_128'>   -0.10622
|3^HL3_111'>   -0.06107
|3^HL3_112'>   -0.10519
|3^HL3_114'>   -0.05009
|3^HL3_115'>    0.14034
|3^HL3_116'>    0.06091
|3^HL3_118'>   -0.10107
|3^HL3_1112'>    0.05032
|3^HL3_1117'>   -0.06071
|3^HL3_101'>   -0.05314
|3^HL3_102'>   -0.11685
|3^HL3_105'>    0.06321
|3^HL3_91'>    0.09309
|3^HL3_94'>    0.05570
|3^HL3_95'>   -0.05797
|3^HL3_912'>    0.07397
|3^HL3_81'>    0.07153
|3^HL3_82'>    0.19709
|3^HL3_84'>    0.05863
|3^HL3_85'>   -0.15169
|3^HL3_86'>   -0.08714
|3^HL3_88'>    0.06113
|3^HL3_817'>    0.05088
|3^HL3_611'>   -0.15734
|3^HL3_414'>    0.29231
|3^HL3_212'>   -0.15721
|3^HL3_214'>    0.12932
|3^HL3_215'>   -0.07222
|3^HL3_216'>   -0.10207
|3^HL3_11'>    0.10846
|3^HL3_12'>   -0.10628
|3^HL3_15'>    0.13225
|3^HL3_16'>    0.07509
TDMs with Triplet 'Ground' state
TDMX:-0.252   TDMY:1.605   TDMZ:-0.151   Oscillator Strength:0.25487   <S**2>: 2.000
--------------------------------------------------------------------
TDMs with Singlet 'Ground' state
TDMX:0.000   TDMY:-0.000   TDMZ:-0.000   Oscillator Strength:0.00000   <S**2>: 2.000
--------------------------------------------------------------------


State 85 4.029 eV 
Excitation    CI Coef
|5^HL_179'>    0.05029
|5^HL_129'>   -0.14051
|5^HL_1210'>    0.10730
|5^HL_119'>    0.12855
|5^HL_1110'>   -0.09882
|5^HL_109'>    0.16905
|5^HL_1010'>   -0.12993
|5^HL_99'>   -0.23011
|5^HL_910'>    0.17827
|5^HL_89'>    0.21666
|5^HL_810'>   -0.20662
|5^HL_72'>    0.10767
|5^HL_75'>    0.15578
|5^HL_76'>   -0.14890
|5^HL_77'>   -0.14086
|5^HL_79'>   -0.28497
|5^HL_710'>   -0.35374
|5^HL_713'>    0.14956
|5^HL_715'>   -0.29590
|5^HL_716'>    0.27818
|5^HL_717'>   -0.22626
|5^HL_718'>    0.08334
|5^HL_722'>   -0.12281
|5^HL_59'>    0.05217
|5^HL_39'>    0.30595
|5^HL_310'>   -0.18092
|5^HL_19'>    0.10301
|5^HL_110'>   -0.07786
TDMs with Triplet 'Ground' state
TDMX:0.000   TDMY:0.000   TDMZ:-0.000   Oscillator Strength:0.00000   <S**2>: 6.000
--------------------------------------------------------------------
TDMs with Singlet 'Ground' state
TDMX:0.000   TDMY:-0.000   TDMZ:0.000   Oscillator Strength:0.00000   <S**2>: 6.000
--------------------------------------------------------------------


State 86 4.034 eV 
Excitation    CI Coef
|1^OS>   -0.10985
|1^ZW0>    0.06126
|1^ZW0'>   -0.05836
|1^HS1_18>   -0.05134
|1^HS1_11>    0.09930
|1^HS1_10>   -0.13729
|1^HS1_8>    0.10705
|1^HS2_17>    0.06650
|1^HS2_11>    0.13629
|1^HS2_10>   -0.08583
|1^HS2_9>    0.08659
|1^HS2_8>    0.14347
|1^HS2_1>    0.07312
|1^SL1_1'>    0.24884
|1^SL1_5'>   -0.13689
|1^SL1_8'>   -0.15183
|1^SL1_12'>   -0.09238
|1^SL1_16'>    0.09997
|1^SL1_17'>    0.07609
|1^SL1_18'>    0.06766
|1^SL2_6'>   -0.08735
|1^SL2_15'>   -0.05727
|1^SL2_16'>    0.05697
|1^SL2_17'>    0.06210
|1^HL2_224'>   -0.09249
|1^HL2_2218'>    0.05467
|1^HL2_214'>   -0.06063
|1^HL2_218'>    0.06920
|1^HL2_193'>   -0.11041
|1^HL2_184'>   -0.06699
|1^HL2_188'>   -0.09393
|1^HL2_168'>    0.07056
|1^HL2_132'>   -0.13846
|1^HL2_134'>   -0.06044
|1^HL2_135'>    0.05123
|1^HL2_138'>   -0.08455
|1^HL2_122'>    0.05391
|1^HL2_111'>    0.06257
|1^HL2_112'>    0.26822
|1^HL2_116'>    0.06787
|1^HL2_1116'>    0.05310
|1^HL2_102'>   -0.43004
|1^HL2_104'>   -0.05096
|1^HL2_106'>   -0.13172
|1^HL2_1015'>   -0.05398
|1^HL2_1017'>    0.05216
|1^HL2_92'>   -0.06539
|1^HL2_912'>   -0.05020
|1^HL2_915'>    0.06467
|1^HL2_82'>    0.23646
|1^HL2_85'>    0.06860
|1^HL2_86'>    0.05482
|1^HL2_816'>    0.06146
|1^HL2_79'>   -0.08041
|1^HL2_611'>    0.28820
|1^HL2_513'>   -0.08988
|1^HL2_414'>    0.07290
|1^HL2_310'>   -0.07072
|1^HL2_313'>    0.06132
|1^HL2_212'>   -0.10761
|1^HL2_11'>    0.09610
|1^HL2_15'>    0.07158
|1^HL2_16'>   -0.09923
|1^HL2_118'>    0.06177
TDMs with Triplet 'Ground' state
TDMX:-0.000   TDMY:-0.000   TDMZ:0.000   Oscillator Strength:0.00000   <S**2>: 0.000
--------------------------------------------------------------------
TDMs with Singlet 'Ground' state
TDMX:-0.072   TDMY:0.098   TDMZ:0.300   Oscillator Strength:0.01036   <S**2>: 0.000
--------------------------------------------------------------------


State 87 4.051 eV 
Excitation    CI Coef
|1^OS>   -0.12392
|1^ZW0>    0.10080
|1^ZW0'>   -0.09540
|1^HS1_13>   -0.08318
|1^HS1_12>    0.05031
|1^HS1_10>    0.06113
|1^HS1_8>   -0.12660
|1^HS1_4>    0.06830
|1^HS1_2>    0.05900
|1^HS2_12>    0.08914
|1^HS2_10>    0.06131
|1^HS2_8>   -0.13462
|1^HS2_4>    0.17351
|1^HS2_2>    0.14090
|1^SL1_1'>   -0.10403
|1^SL1_5'>   -0.05405
|1^SL1_8'>   -0.07293
|1^SL1_12'>    0.15181
|1^SL1_14'>    0.17199
|1^SL1_15'>    0.08511
|1^SL1_16'>    0.14044
|1^SL2_5'>    0.07371
|1^SL2_12'>    0.06064
|1^SL2_14'>    0.06691
|1^SL2_16'>    0.05521
|1^HL2_218'>    0.08049
|1^HL2_193'>    0.14577
|1^HL2_188'>   -0.13825
|1^HL2_168'>    0.10844
|1^HL2_132'>   -0.12455
|1^HL2_135'>    0.07552
|1^HL2_136'>    0.06056
|1^HL2_138'>   -0.15944
|1^HL2_121'>    0.09816
|1^HL2_122'>    0.10527
|1^HL2_125'>   -0.15935
|1^HL2_128'>    0.10390
|1^HL2_114'>    0.07477
|1^HL2_115'>   -0.09822
|1^HL2_116'>   -0.05964
|1^HL2_118'>    0.09687
|1^HL2_1117'>    0.06501
|1^HL2_101'>    0.05792
|1^HL2_102'>    0.21140
|1^HL2_91'>   -0.10325
|1^HL2_92'>   -0.06692
|1^HL2_95'>    0.06038
|1^HL2_914'>    0.05569
|1^HL2_81'>   -0.05085
|1^HL2_82'>   -0.20619
|1^HL2_85'>    0.11738
|1^HL2_86'>    0.08773
|1^HL2_88'>   -0.05998
|1^HL2_513'>   -0.06848
|1^HL2_412'>   -0.09926
|1^HL2_414'>    0.31282
|1^HL2_212'>   -0.16049
|1^HL2_214'>   -0.22560
|1^HL2_215'>   -0.08940
|1^HL2_216'>   -0.11032
|1^HL2_11'>   -0.14553
|1^HL2_15'>   -0.09363
|1^HL2_16'>   -0.06299
|1^HL2_115'>   -0.05582
|1^HL2_118'>    0.06006
TDMs with Triplet 'Ground' state
TDMX:0.000   TDMY:0.000   TDMZ:-0.000   Oscillator Strength:0.00000   <S**2>: 0.000
--------------------------------------------------------------------
TDMs with Singlet 'Ground' state
TDMX:-0.065   TDMY:0.089   TDMZ:-0.352   Oscillator Strength:0.01351   <S**2>: 0.000
--------------------------------------------------------------------


State 88 4.051 eV 
Excitation    CI Coef
|5^HL_244'>    0.05324
|5^HL_247'>    0.05202
|5^HL_238'>    0.05036
|5^HL_222'>    0.07122
|5^HL_2215'>    0.05464
|5^HL_2217'>   -0.07258
|5^HL_211'>    0.05604
|5^HL_212'>    0.05737
|5^HL_214'>   -0.12746
|5^HL_215'>    0.05998
|5^HL_202'>   -0.06192
|5^HL_182'>    0.17608
|5^HL_186'>   -0.06211
|5^HL_188'>    0.05521
|5^HL_172'>   -0.05426
|5^HL_174'>    0.07386
|5^HL_162'>   -0.13305
|5^HL_131'>    0.18038
|5^HL_134'>   -0.15758
|5^HL_135'>   -0.26499
|5^HL_122'>   -0.19795
|5^HL_126'>    0.14657
|5^HL_127'>   -0.12293
|5^HL_128'>    0.07427
|5^HL_114'>   -0.17154
|5^HL_115'>    0.11569
|5^HL_117'>    0.05785
|5^HL_118'>    0.11620
|5^HL_101'>    0.13663
|5^HL_102'>   -0.06157
|5^HL_104'>   -0.08574
|5^HL_105'>   -0.06955
|5^HL_108'>    0.05844
|5^HL_1018'>   -0.09509
|5^HL_92'>    0.08470
|5^HL_96'>   -0.16453
|5^HL_915'>    0.06595
|5^HL_81'>   -0.14443
|5^HL_84'>    0.23884
|5^HL_87'>   -0.13794
|5^HL_88'>   -0.16181
|5^HL_818'>    0.05903
|5^HL_12'>    0.06546
|5^HL_16'>   -0.41575
|5^HL_17'>   -0.12134
|5^HL_18'>    0.10359
|5^HL_112'>   -0.06076
|5^HL_115'>    0.26609
|5^HL_117'>   -0.16600
TDMs with Triplet 'Ground' state
TDMX:0.007   TDMY:0.003   TDMZ:-0.019   Oscillator Strength:0.00004   <S**2>: 5.997
--------------------------------------------------------------------
TDMs with Singlet 'Ground' state
TDMX:0.000   TDMY:-0.000   TDMZ:0.000   Oscillator Strength:0.00000   <S**2>: 5.997
--------------------------------------------------------------------


State 89 4.053 eV 
Excitation    CI Coef
|3^HS1_4>    0.08745
|3^HS2_9>    0.06000
|3^HS2_4>   -0.47817
|3^HS2_1>    0.09260
|3^SL1_5'>   -0.07467
|3^SL1_8'>   -0.08362
|3^SL1_14'>   -0.39562
|3^SL1_15'>   -0.06184
|3^SL1_16'>   -0.05016
|3^SL2_1'>    0.08796
|3^SL2_2'>    0.05744
|3^SL2_4'>   -0.05173
|3^SL2_14'>    0.13764
|3^SL2_15'>    0.05550
|3^HL1_11'>    0.10121
|3^HL1_12'>    0.14656
|3^HL2_12'>   -0.05167
|3^HL3_224'>   -0.05411
|3^HL3_188'>   -0.06903
|3^HL3_132'>   -0.08691
|3^HL3_135'>    0.06244
|3^HL3_138'>   -0.07192
|3^HL3_121'>    0.06566
|3^HL3_122'>    0.10112
|3^HL3_125'>   -0.05696
|3^HL3_115'>   -0.05649
|3^HL3_1114'>   -0.07798
|3^HL3_102'>   -0.07148
|3^HL3_106'>   -0.09250
|3^HL3_1014'>   -0.08293
|3^HL3_914'>   -0.15323
|3^HL3_82'>    0.05054
|3^HL3_85'>    0.07205
|3^HL3_86'>    0.05558
|3^HL3_814'>   -0.08591
|3^HL3_412'>    0.11294
|3^HL3_425'>   -0.06124
|3^HL3_214'>    0.48738
|3^HL3_215'>    0.05679
|3^HL3_216'>    0.05359
|3^HL3_11'>   -0.05792
|3^HL3_16'>   -0.05924
|3^HL3_114'>    0.06570
|3^HL3_118'>    0.06437
TDMs with Triplet 'Ground' state
TDMX:0.007   TDMY:-0.127   TDMZ:-0.311   Oscillator Strength:0.01088   <S**2>: 2.002
--------------------------------------------------------------------
TDMs with Singlet 'Ground' state
TDMX:0.000   TDMY:-0.000   TDMZ:0.000   Oscillator Strength:0.00000   <S**2>: 2.002
--------------------------------------------------------------------


State 90 4.061 eV 
Excitation    CI Coef
|3^HS2_12>   -0.05946
|3^HS2_10>    0.07060
|3^HS2_9>   -0.10901
|3^HS2_4>   -0.24501
|3^HS2_2>   -0.10330
|3^HS2_1>   -0.26270
|3^SL1_1'>   -0.05654
|3^SL1_5'>    0.16357
|3^SL1_6'>    0.08011
|3^SL1_8'>    0.11423
|3^SL1_12'>   -0.09691
|3^SL1_14'>   -0.19788
|3^SL1_17'>   -0.06120
|3^SL1_18'>   -0.06933
|3^SL2_1'>   -0.18445
|3^SL2_2'>   -0.12181
|3^SL2_4'>    0.05470
|3^SL2_5'>    0.06676
|3^SL2_8'>   -0.05747
|3^SL2_14'>    0.07199
|3^HL1_92'>   -0.06508
|3^HL1_85'>   -0.05594
|3^HL1_11'>   -0.18407
|3^HL1_12'>   -0.32353
|3^HL2_114'>    0.05706
|3^HL2_12'>    0.15972
|3^HL3_224'>    0.09054
|3^HL3_214'>    0.06282
|3^HL3_218'>   -0.05967
|3^HL3_184'>    0.06947
|3^HL3_188'>    0.07998
|3^HL3_168'>   -0.05854
|3^HL3_132'>    0.12774
|3^HL3_134'>    0.05867
|3^HL3_135'>   -0.07859
|3^HL3_137'>    0.05429
|3^HL3_138'>    0.07783
|3^HL3_121'>   -0.08909
|3^HL3_122'>   -0.14851
|3^HL3_124'>    0.05837
|3^HL3_127'>    0.06117
|3^HL3_112'>   -0.05526
|3^HL3_114'>   -0.05193
|3^HL3_115'>    0.05789
|3^HL3_116'>   -0.06551
|3^HL3_102'>    0.20465
|3^HL3_104'>    0.08173
|3^HL3_105'>    0.05236
|3^HL3_106'>    0.14311
|3^HL3_914'>   -0.07579
|3^HL3_82'>   -0.16963
|3^HL3_85'>   -0.06543
|3^HL3_86'>   -0.08042
|3^HL3_611'>    0.08021
|3^HL3_412'>    0.06221
|3^HL3_414'>   -0.07374
|3^HL3_214'>    0.23144
|3^HL3_216'>    0.05207
|3^HL3_11'>    0.05944
|3^HL3_16'>    0.09722
|3^HL3_118'>   -0.10063
TDMs with Triplet 'Ground' state
TDMX:-0.452   TDMY:-0.373   TDMZ:1.081   Oscillator Strength:0.14619   <S**2>: 2.001
--------------------------------------------------------------------
TDMs with Singlet 'Ground' state
TDMX:0.000   TDMY:0.000   TDMZ:-0.000   Oscillator Strength:0.00000   <S**2>: 2.001
--------------------------------------------------------------------


State 91 4.071 eV 
Excitation    CI Coef
|1^OS>    0.08487
|1^ZW0>   -0.05330
|1^HS1_18>    0.08646
|1^HS1_17>    0.09241
|1^HS1_16>    0.05466
|1^HS1_11>    0.05284
|1^HS1_10>   -0.08626
|1^HS1_2>    0.05802
|1^HS1_1>    0.06053
|1^HS2_17>   -0.07582
|1^HS2_11>    0.06639
|1^HS2_9>   -0.16278
|1^HS2_4>    0.11192
|1^HS2_2>    0.17803
|1^HS2_1>   -0.09144
|1^SL1_1'>    0.18340
|1^SL1_4'>    0.10474
|1^SL1_5'>    0.06574
|1^SL1_8'>    0.06851
|1^SL1_12'>    0.27247
|1^SL1_14'>    0.12725
|1^SL2_1'>   -0.17601
|1^SL2_4'>   -0.11738
|1^SL2_6'>    0.06251
|1^SL2_12'>    0.09539
|1^SL2_15'>    0.11608
|1^SL2_16'>   -0.05258
|1^SL2_17'>    0.06015
|1^HL2_221'>   -0.07190
|1^HL2_225'>    0.05466
|1^HL2_201'>   -0.05646
|1^HL2_193'>   -0.25124
|1^HL2_181'>   -0.05048
|1^HL2_112'>    0.14222
|1^HL2_1115'>    0.06574
|1^HL2_102'>   -0.17081
|1^HL2_106'>    0.07494
|1^HL2_1012'>    0.05333
|1^HL2_1017'>    0.07268
|1^HL2_91'>    0.11786
|1^HL2_95'>    0.05482
|1^HL2_912'>    0.08805
|1^HL2_815'>    0.07681
|1^HL2_79'>    0.15358
|1^HL2_710'>   -0.08140
|1^HL2_611'>   -0.29876
|1^HL2_510'>    0.07760
|1^HL2_513'>    0.16079
|1^HL2_412'>   -0.05353
|1^HL2_414'>    0.21427
|1^HL2_39'>    0.07858
|1^HL2_310'>    0.14419
|1^HL2_313'>   -0.10825
|1^HL2_214'>   -0.11031
|1^HL2_215'>   -0.07522
|1^HL2_216'>   -0.09445
|1^HL2_11'>    0.23452
|1^HL2_14'>    0.14563
|1^HL2_15'>    0.05425
TDMs with Triplet 'Ground' state
TDMX:0.000   TDMY:0.000   TDMZ:-0.000   Oscillator Strength:0.00000   <S**2>: 0.000
--------------------------------------------------------------------
TDMs with Singlet 'Ground' state
TDMX:-0.155   TDMY:1.271   TDMZ:-0.191   Oscillator Strength:0.16701   <S**2>: 0.000
--------------------------------------------------------------------


State 92 4.081 eV 
Excitation    CI Coef
|5^HL_408'>    0.05985
|5^HL_247'>   -0.05073
|5^HL_248'>    0.05136
|5^HL_238'>    0.07450
|5^HL_224'>   -0.10169
|5^HL_225'>    0.07749
|5^HL_212'>   -0.19972
|5^HL_216'>    0.10803
|5^HL_217'>    0.07438
|5^HL_218'>   -0.09169
|5^HL_2117'>   -0.08297
|5^HL_205'>    0.07692
|5^HL_193'>    0.10063
|5^HL_181'>    0.10166
|5^HL_182'>    0.07980
|5^HL_185'>   -0.23286
|5^HL_186'>   -0.05976
|5^HL_188'>    0.14180
|5^HL_1817'>    0.05142
|5^HL_172'>    0.06025
|5^HL_175'>    0.05419
|5^HL_161'>   -0.06817
|5^HL_162'>   -0.06358
|5^HL_165'>    0.19655
|5^HL_168'>   -0.08288
|5^HL_132'>    0.20303
|5^HL_134'>    0.08797
|5^HL_135'>   -0.05762
|5^HL_136'>   -0.13335
|5^HL_138'>    0.06154
|5^HL_1317'>    0.11141
|5^HL_1327'>    0.06129
|5^HL_124'>   -0.07943
|5^HL_125'>    0.10474
|5^HL_127'>    0.10366
|5^HL_128'>    0.13356
|5^HL_1226'>   -0.05991
|5^HL_112'>   -0.15708
|5^HL_117'>   -0.08583
|5^HL_118'>    0.19631
|5^HL_106'>   -0.10857
|5^HL_108'>    0.09463
|5^HL_1015'>    0.05149
|5^HL_91'>   -0.05567
|5^HL_81'>    0.06075
|5^HL_82'>    0.07745
|5^HL_86'>    0.10264
|5^HL_87'>    0.17567
|5^HL_88'>   -0.29540
|5^HL_815'>   -0.05952
|5^HL_11'>   -0.11173
|5^HL_14'>   -0.10442
|5^HL_16'>    0.06331
|5^HL_17'>    0.15342
|5^HL_18'>    0.40830
|5^HL_115'>   -0.06105
|5^HL_117'>    0.05553
|5^HL_118'>    0.07287
TDMs with Triplet 'Ground' state
TDMX:0.007   TDMY:-0.011   TDMZ:-0.044   Oscillator Strength:0.00021   <S**2>: 5.988
--------------------------------------------------------------------
TDMs with Singlet 'Ground' state
TDMX:-0.000   TDMY:-0.000   TDMZ:0.000   Oscillator Strength:0.00000   <S**2>: 5.988
--------------------------------------------------------------------


State 93 4.082 eV 
Excitation    CI Coef
|3^HS2_12>    0.08261
|3^HS2_9>   -0.15044
|3^HS2_8>    0.22873
|3^HS2_1>    0.08490
|3^SL1_15'>   -0.06133
|3^SL1_17'>   -0.05775
|3^SL2_6'>   -0.05460
|3^SL2_7'>   -0.13725
|3^SL2_9'>   -0.06757
|3^SL2_10'>   -0.11433
|3^SL2_15'>   -0.20994
|3^SL2_16'>    0.11908
|3^SL2_17'>   -0.12905
|3^SL2_18'>    0.06437
|3^HL1_12'>   -0.12571
|3^HL2_310'>   -0.06387
|3^HL3_217'>   -0.07887
|3^HL3_193'>    0.06392
|3^HL3_187'>   -0.06132
|3^HL3_167'>    0.05761
|3^HL3_132'>   -0.10169
|3^HL3_137'>    0.11555
|3^HL3_125'>   -0.11084
|3^HL3_127'>    0.10912
|3^HL3_1215'>   -0.05552
|3^HL3_1216'>    0.06892
|3^HL3_1217'>   -0.05038
|3^HL3_1117'>    0.05459
|3^HL3_1015'>    0.07383
|3^HL3_1016'>   -0.05315
|3^HL3_95'>    0.10470
|3^HL3_97'>   -0.05900
|3^HL3_915'>   -0.09027
|3^HL3_82'>   -0.08324
|3^HL3_85'>   -0.10036
|3^HL3_86'>    0.11264
|3^HL3_87'>    0.09112
|3^HL3_815'>    0.09476
|3^HL3_79'>    0.38321
|3^HL3_710'>   -0.21587
|3^HL3_59'>    0.07469
|3^HL3_510'>    0.15624
|3^HL3_513'>    0.28002
|3^HL3_39'>    0.14564
|3^HL3_310'>    0.28754
|3^HL3_313'>   -0.17463
|3^HL3_315'>   -0.06457
|3^HL3_15'>   -0.07364
|3^HL3_16'>    0.05640
|3^HL3_118'>    0.05068
TDMs with Triplet 'Ground' state
TDMX:-0.035   TDMY:0.241   TDMZ:0.604   Oscillator Strength:0.04127   <S**2>: 2.012
--------------------------------------------------------------------
TDMs with Singlet 'Ground' state
TDMX:-0.000   TDMY:0.000   TDMZ:0.000   Oscillator Strength:0.00000   <S**2>: 2.012
--------------------------------------------------------------------


State 94 4.096 eV 
Excitation    CI Coef
|1^HS1_17>   -0.05385
|1^HS1_8>    0.05353
|1^HS1_1>   -0.06719
|1^HS2_11>   -0.06297
|1^HS2_9>    0.07056
|1^HS2_4>    0.06071
|1^HS2_2>    0.11551
|1^HS2_1>    0.05762
|1^SL1_3'>    0.27628
|1^SL1_4'>   -0.06539
|1^SL1_12'>    0.14807
|1^SL1_14'>    0.06326
|1^SL2_1'>    0.13926
|1^SL2_3'>   -0.24525
|1^SL2_6'>   -0.05218
|1^SL2_12'>    0.05715
|1^HL2_223'>   -0.09062
|1^HL2_203'>   -0.33733
|1^HL2_191'>    0.38835
|1^HL2_192'>   -0.06854
|1^HL2_193'>    0.05683
|1^HL2_194'>    0.12983
|1^HL2_195'>    0.08162
|1^HL2_183'>   -0.11727
|1^HL2_163'>    0.05201
|1^HL2_132'>    0.06449
|1^HL2_122'>   -0.05496
|1^HL2_123'>   -0.09386
|1^HL2_125'>    0.07612
|1^HL2_113'>   -0.05355
|1^HL2_115'>    0.05923
|1^HL2_102'>   -0.08539
|1^HL2_93'>    0.20809
|1^HL2_95'>   -0.06087
|1^HL2_82'>    0.09722
|1^HL2_85'>   -0.05026
|1^HL2_611'>   -0.13261
|1^HL2_513'>   -0.06535
|1^HL2_414'>    0.12444
|1^HL2_310'>   -0.06373
|1^HL2_214'>   -0.06169
|1^HL2_216'>   -0.05532
|1^HL2_13'>    0.43246
|1^HL2_14'>   -0.08243
|1^HL2_16'>    0.06998
TDMs with Triplet 'Ground' state
TDMX:-0.000   TDMY:0.000   TDMZ:0.000   Oscillator Strength:0.00000   <S**2>: 0.000
--------------------------------------------------------------------
TDMs with Singlet 'Ground' state
TDMX:-0.034   TDMY:0.141   TDMZ:-0.458   Oscillator Strength:0.02317   <S**2>: 0.000
--------------------------------------------------------------------


State 95 4.096 eV 
Excitation    CI Coef
|1^HS1_17>   -0.08230
|1^HS1_13>    0.06376
|1^HS1_8>    0.08111
|1^HS1_2>    0.07293
|1^HS1_1>   -0.10483
|1^HS2_12>   -0.06872
|1^HS2_11>   -0.10461
|1^HS2_9>    0.11304
|1^HS2_8>    0.05314
|1^HS2_4>    0.09376
|1^HS2_2>    0.17908
|1^HS2_1>    0.09459
|1^SL1_1'>   -0.05598
|1^SL1_2'>    0.07757
|1^SL1_3'>   -0.17631
|1^SL1_4'>   -0.09940
|1^SL1_12'>    0.22830
|1^SL1_14'>    0.09728
|1^SL2_1'>    0.22263
|1^SL2_3'>    0.15527
|1^SL2_4'>    0.06623
|1^SL2_5'>   -0.07930
|1^SL2_6'>   -0.07972
|1^SL2_12'>    0.08849
|1^SL2_15'>   -0.06209
|1^HL2_223'>    0.05747
|1^HL2_203'>    0.21803
|1^HL2_191'>   -0.24862
|1^HL2_193'>    0.10204
|1^HL2_194'>   -0.08496
|1^HL2_195'>   -0.05257
|1^HL2_183'>    0.07490
|1^HL2_188'>    0.06223
|1^HL2_132'>    0.10022
|1^HL2_136'>   -0.05223
|1^HL2_138'>    0.07593
|1^HL2_122'>   -0.08663
|1^HL2_123'>    0.05912
|1^HL2_125'>    0.11916
|1^HL2_128'>   -0.05671
|1^HL2_114'>   -0.06898
|1^HL2_115'>    0.09382
|1^HL2_116'>    0.05936
|1^HL2_102'>   -0.12393
|1^HL2_104'>    0.05570
|1^HL2_106'>   -0.05685
|1^HL2_92'>    0.06719
|1^HL2_93'>   -0.13262
|1^HL2_95'>   -0.09494
|1^HL2_912'>    0.05455
|1^HL2_82'>    0.15053
|1^HL2_85'>   -0.07591
|1^HL2_79'>   -0.07052
|1^HL2_611'>   -0.20313
|1^HL2_513'>   -0.10222
|1^HL2_412'>   -0.05147
|1^HL2_414'>    0.19317
|1^HL2_39'>   -0.05484
|1^HL2_310'>   -0.09969
|1^HL2_313'>    0.05414
|1^HL2_212'>   -0.07518
|1^HL2_214'>   -0.09551
|1^HL2_215'>   -0.05967
|1^HL2_216'>   -0.08571
|1^HL2_11'>   -0.07311
|1^HL2_13'>   -0.27829
|1^HL2_14'>   -0.12085
|1^HL2_16'>    0.10187
|1^HL2_117'>   -0.05695
TDMs with Triplet 'Ground' state
TDMX:-0.000   TDMY:-0.000   TDMZ:-0.000   Oscillator Strength:0.00000   <S**2>: 0.000
--------------------------------------------------------------------
TDMs with Singlet 'Ground' state
TDMX:-0.041   TDMY:0.203   TDMZ:-0.717   Oscillator Strength:0.05587   <S**2>: 0.000
--------------------------------------------------------------------


State 96 4.097 eV 
Excitation    CI Coef
|5^HL_417'>    0.06233
|5^HL_247'>   -0.07382
|5^HL_237'>    0.05365
|5^HL_222'>    0.19747
|5^HL_225'>    0.06468
|5^HL_226'>   -0.07578
|5^HL_227'>   -0.08022
|5^HL_211'>    0.07478
|5^HL_212'>   -0.06582
|5^HL_215'>   -0.21756
|5^HL_216'>    0.06097
|5^HL_217'>    0.12210
|5^HL_2117'>   -0.05335
|5^HL_193'>    0.07134
|5^HL_182'>   -0.09322
|5^HL_186'>    0.09658
|5^HL_187'>    0.09602
|5^HL_188'>   -0.05060
|5^HL_1817'>   -0.07880
|5^HL_172'>    0.09721
|5^HL_175'>    0.10488
|5^HL_176'>   -0.05523
|5^HL_177'>   -0.05433
|5^HL_162'>    0.12764
|5^HL_166'>   -0.09086
|5^HL_167'>   -0.07034
|5^HL_1617'>    0.07009
|5^HL_131'>    0.07932
|5^HL_132'>    0.05506
|5^HL_134'>   -0.22398
|5^HL_135'>    0.13603
|5^HL_136'>   -0.05023
|5^HL_137'>   -0.07427
|5^HL_1318'>   -0.07676
|5^HL_122'>    0.13189
|5^HL_125'>    0.06107
|5^HL_127'>    0.16018
|5^HL_1217'>    0.06565
|5^HL_1227'>    0.06289
|5^HL_114'>   -0.09251
|5^HL_117'>   -0.10974
|5^HL_118'>   -0.07310
|5^HL_101'>    0.10566
|5^HL_105'>   -0.07886
|5^HL_107'>   -0.06716
|5^HL_108'>   -0.05765
|5^HL_1018'>   -0.06009
|5^HL_96'>   -0.10587
|5^HL_915'>    0.08296
|5^HL_81'>   -0.11386
|5^HL_84'>    0.13896
|5^HL_87'>    0.26580
|5^HL_88'>    0.15189
|5^HL_818'>    0.07504
|5^HL_12'>    0.14352
|5^HL_16'>   -0.18894
|5^HL_17'>    0.39087
|5^HL_18'>   -0.16149
|5^HL_115'>    0.12674
|5^HL_117'>   -0.17351
TDMs with Triplet 'Ground' state
TDMX:0.003   TDMY:0.003   TDMZ:-0.005   Oscillator Strength:0.00000   <S**2>: 6.000
--------------------------------------------------------------------
TDMs with Singlet 'Ground' state
TDMX:-0.000   TDMY:0.000   TDMZ:-0.000   Oscillator Strength:0.00000   <S**2>: 6.000
--------------------------------------------------------------------


State 97 4.110 eV 
Excitation    CI Coef
|3^SL1_3'>   -0.30191
|3^SL2_3'>   -0.27125
|3^HL1_93'>    0.05023
|3^HL1_13'>    0.08745
|3^HL3_353'>    0.05576
|3^HL3_223'>    0.10761
|3^HL3_213'>   -0.05200
|3^HL3_203'>    0.41174
|3^HL3_191'>   -0.48075
|3^HL3_192'>    0.08261
|3^HL3_194'>   -0.16158
|3^HL3_195'>   -0.10156
|3^HL3_183'>    0.14751
|3^HL3_163'>   -0.06206
|3^HL3_123'>    0.12001
|3^HL3_113'>    0.06137
|3^HL3_93'>   -0.23495
|3^HL3_13'>   -0.50214
TDMs with Triplet 'Ground' state
TDMX:-0.033   TDMY:-0.031   TDMZ:-0.002   Oscillator Strength:0.00021   <S**2>: 2.000
--------------------------------------------------------------------
TDMs with Singlet 'Ground' state
TDMX:0.000   TDMY:0.000   TDMZ:0.000   Oscillator Strength:0.00000   <S**2>: 2.000
--------------------------------------------------------------------


State 98 4.116 eV 
Excitation    CI Coef
|5^HL_221'>   -0.06505
|5^HL_224'>   -0.06923
|5^HL_225'>    0.11171
|5^HL_2218'>    0.06758
|5^HL_212'>   -0.07680
|5^HL_201'>   -0.07283
|5^HL_193'>   -0.20424
|5^HL_181'>   -0.06152
|5^HL_1818'>    0.05479
|5^HL_121'>   -0.07193
|5^HL_111'>    0.05043
|5^HL_112'>    0.46009
|5^HL_1115'>    0.06838
|5^HL_101'>   -0.12961
|5^HL_102'>   -0.67887
|5^HL_106'>   -0.07334
|5^HL_1015'>   -0.12625
|5^HL_1017'>    0.10023
|5^HL_91'>    0.08473
|5^HL_82'>    0.23408
|5^HL_86'>    0.05741
|5^HL_815'>    0.05218
|5^HL_817'>   -0.07331
|5^HL_11'>    0.21163
|5^HL_15'>   -0.06252
TDMs with Triplet 'Ground' state
TDMX:0.002   TDMY:0.000   TDMZ:0.007   Oscillator Strength:0.00001   <S**2>: 6.000
--------------------------------------------------------------------
TDMs with Singlet 'Ground' state
TDMX:0.000   TDMY:0.000   TDMZ:0.000   Oscillator Strength:0.00000   <S**2>: 6.000
--------------------------------------------------------------------


State 99 4.124 eV 
Excitation    CI Coef
|1^OS>    0.11221
|1^ZW0>   -0.10241
|1^HS1_11>    0.13376
|1^HS1_10>   -0.10635
|1^HS1_1>    0.09708
|1^HS2_16>    0.05799
|1^HS2_12>   -0.05076
|1^HS2_11>    0.14579
|1^HS2_10>   -0.09933
|1^HS2_9>   -0.06903
|1^HS2_8>   -0.05569
|1^HS2_1>    0.06718
|1^SL1_1'>   -0.33041
|1^SL1_2'>   -0.11275
|1^SL1_4'>   -0.18533
|1^SL2_4'>    0.08249
|1^SL2_5'>    0.10918
|1^SL2_6'>    0.05152
|1^SL2_15'>    0.06308
|1^SL2_16'>   -0.05254
|1^HL2_264'>   -0.05970
|1^HL2_234'>    0.05756
|1^HL2_201'>    0.12131
|1^HL2_204'>    0.06822
|1^HL2_193'>    0.28409
|1^HL2_185'>    0.05005
|1^HL2_112'>    0.34506
|1^HL2_114'>    0.09795
|1^HL2_101'>   -0.05422
|1^HL2_102'>   -0.31526
|1^HL2_104'>   -0.06223
|1^HL2_106'>   -0.06616
|1^HL2_1016'>   -0.05087
|1^HL2_1017'>    0.05239
|1^HL2_91'>   -0.11048
|1^HL2_94'>   -0.11552
|1^HL2_95'>   -0.05208
|1^HL2_86'>    0.08060
|1^HL2_79'>    0.09442
|1^HL2_710'>   -0.05181
|1^HL2_611'>   -0.06194
|1^HL2_513'>    0.07396
|1^HL2_414'>   -0.06981
|1^HL2_310'>    0.08234
|1^HL2_212'>    0.08741
|1^HL2_11'>   -0.15499
|1^HL2_14'>   -0.20533
|1^HL2_15'>   -0.27649
|1^HL2_16'>   -0.07547
|1^HL2_118'>   -0.05174
TDMs with Triplet 'Ground' state
TDMX:0.000   TDMY:0.000   TDMZ:-0.000   Oscillator Strength:0.00000   <S**2>: 0.000
--------------------------------------------------------------------
TDMs with Singlet 'Ground' state
TDMX:-0.103   TDMY:-0.397   TDMZ:0.052   Oscillator Strength:0.01730   <S**2>: 0.000
--------------------------------------------------------------------


State 100 4.130 eV 
Excitation    CI Coef
|3^HS2_11>   -0.07251
|3^HS2_9>    0.06226
|3^HS2_1>    0.06921
|3^SL1_1'>   -0.16588
|3^SL1_2'>    0.18902
|3^SL1_4'>   -0.12148
|3^SL1_5'>   -0.14634
|3^SL1_7'>   -0.05407
|3^SL1_17'>    0.05367
|3^SL2_2'>    0.09342
|3^SL2_5'>   -0.14421
|3^SL2_7'>   -0.14155
|3^SL2_15'>    0.05546
|3^SL2_17'>    0.08503
|3^HL1_85'>    0.06898
|3^HL1_11'>    0.07496
|3^HL1_12'>    0.20653
|3^HL1_14'>    0.10789
|3^HL2_82'>    0.05010
|3^HL3_221'>    0.06618
|3^HL3_227'>    0.07557
|3^HL3_217'>   -0.11766
|3^HL3_201'>    0.13663
|3^HL3_204'>    0.06419
|3^HL3_193'>    0.35462
|3^HL3_181'>    0.07945
|3^HL3_187'>   -0.09299
|3^HL3_177'>    0.07758
|3^HL3_167'>    0.09477
|3^HL3_135'>   -0.09159
|3^HL3_137'>    0.17024
|3^HL3_121'>    0.05312
|3^HL3_122'>   -0.17211
|3^HL3_124'>    0.05556
|3^HL3_125'>   -0.07180
|3^HL3_126'>    0.08213
|3^HL3_127'>    0.17933
|3^HL3_1217'>   -0.06137
|3^HL3_115'>    0.13482
|3^HL3_117'>   -0.05297
|3^HL3_102'>    0.08344
|3^HL3_106'>   -0.05572
|3^HL3_1017'>   -0.05340
|3^HL3_91'>   -0.11045
|3^HL3_92'>    0.12491
|3^HL3_94'>   -0.06749
|3^HL3_95'>   -0.05943
|3^HL3_82'>   -0.09201
|3^HL3_84'>    0.05738
|3^HL3_85'>   -0.15325
|3^HL3_87'>    0.05358
|3^HL3_815'>   -0.05980
|3^HL3_79'>   -0.09848
|3^HL3_710'>    0.05070
|3^HL3_513'>   -0.07652
|3^HL3_310'>   -0.09117
|3^HL3_313'>    0.05121
|3^HL3_11'>   -0.27576
|3^HL3_12'>   -0.06789
|3^HL3_14'>   -0.16198
|3^HL3_15'>   -0.16338
|3^HL3_16'>    0.11292
|3^HL3_116'>    0.05315
|3^HL3_117'>   -0.06373
TDMs with Triplet 'Ground' state
TDMX:0.325   TDMY:0.607   TDMZ:-0.597   Oscillator Strength:0.08168   <S**2>: 2.000
--------------------------------------------------------------------
TDMs with Singlet 'Ground' state
TDMX:-0.000   TDMY:0.000   TDMZ:0.000   Oscillator Strength:0.00000   <S**2>: 2.000
--------------------------------------------------------------------


State 101 4.154 eV 
Excitation    CI Coef
|5^HL_353'>    0.05523
|5^HL_223'>    0.11504
|5^HL_213'>   -0.05331
|5^HL_203'>    0.47340
|5^HL_191'>   -0.58708
|5^HL_192'>    0.10266
|5^HL_194'>   -0.19774
|5^HL_195'>   -0.12374
|5^HL_183'>    0.18569
|5^HL_163'>   -0.06663
|5^HL_123'>    0.15835
|5^HL_113'>    0.05906
|5^HL_93'>   -0.20455
|5^HL_13'>   -0.47958
TDMs with Triplet 'Ground' state
TDMX:-0.000   TDMY:0.000   TDMZ:0.001   Oscillator Strength:0.00000   <S**2>: 6.000
--------------------------------------------------------------------
TDMs with Singlet 'Ground' state
TDMX:0.000   TDMY:-0.000   TDMZ:-0.000   Oscillator Strength:0.00000   <S**2>: 6.000
--------------------------------------------------------------------


State 102 4.163 eV 
Excitation    CI Coef
|3^HS2_10>   -0.11745
|3^HS2_9>    0.15410
|3^HS2_8>    0.09285
|3^HS2_1>    0.16475
|3^SL1_1'>   -0.22298
|3^SL2_1'>    0.15885
|3^SL2_2'>   -0.12054
|3^SL2_4'>   -0.15574
|3^SL2_5'>   -0.08388
|3^HL1_222'>   -0.05033
|3^HL1_114'>   -0.06494
|3^HL1_105'>    0.05881
|3^HL1_92'>   -0.09479
|3^HL1_84'>    0.06876
|3^HL1_85'>   -0.13371
|3^HL1_11'>   -0.05718
|3^HL1_12'>   -0.62015
|3^HL2_114'>   -0.05087
|3^HL2_12'>   -0.14117
|3^HL3_201'>    0.10156
|3^HL3_193'>    0.20450
|3^HL3_132'>    0.05989
|3^HL3_122'>    0.06040
|3^HL3_125'>    0.07350
|3^HL3_111'>   -0.06381
|3^HL3_112'>    0.07643
|3^HL3_114'>    0.12179
|3^HL3_102'>   -0.06813
|3^HL3_104'>   -0.11915
|3^HL3_91'>   -0.07689
|3^HL3_92'>   -0.08061
|3^HL3_95'>   -0.07306
|3^HL3_82'>    0.05062
|3^HL3_85'>    0.06889
|3^HL3_79'>   -0.07576
|3^HL3_310'>   -0.05564
|3^HL3_11'>   -0.14135
|3^HL3_14'>   -0.09921
|3^HL3_15'>   -0.09897
|3^HL3_16'>   -0.15852
|3^HL3_117'>    0.05458
|3^HL3_118'>   -0.05371
TDMs with Triplet 'Ground' state
TDMX:-1.093   TDMY:0.061   TDMZ:1.811   Oscillator Strength:0.44449   <S**2>: 2.000
--------------------------------------------------------------------
TDMs with Singlet 'Ground' state
TDMX:0.000   TDMY:-0.000   TDMZ:-0.000   Oscillator Strength:0.00000   <S**2>: 2.000
--------------------------------------------------------------------


State 103 4.195 eV 
Excitation    CI Coef
|3^HS2_11>    0.06492
|3^HS2_10>   -0.12970
|3^HS2_9>    0.11081
|3^SL1_2'>   -0.09188
|3^SL1_4'>   -0.10370
|3^SL1_5'>   -0.06158
|3^SL1_17'>    0.05003
|3^SL2_1'>   -0.34945
|3^SL2_2'>    0.13901
|3^SL2_4'>    0.17743
|3^SL2_6'>    0.09438
|3^HL1_101'>   -0.06113
|3^HL1_102'>    0.08489
|3^HL1_12'>   -0.15302
|3^HL1_14'>    0.07391
|3^HL3_222'>   -0.07457
|3^HL3_224'>   -0.08224
|3^HL3_211'>   -0.07127
|3^HL3_214'>    0.05735
|3^HL3_201'>   -0.06216
|3^HL3_193'>   -0.09286
|3^HL3_182'>   -0.05033
|3^HL3_184'>   -0.05872
|3^HL3_131'>   -0.08881
|3^HL3_132'>   -0.06445
|3^HL3_134'>    0.11213
|3^HL3_135'>    0.08009
|3^HL3_137'>    0.05165
|3^HL3_121'>   -0.06129
|3^HL3_125'>   -0.05532
|3^HL3_126'>   -0.07877
|3^HL3_127'>    0.06687
|3^HL3_111'>    0.11672
|3^HL3_112'>    0.28128
|3^HL3_101'>   -0.14452
|3^HL3_102'>   -0.38256
|3^HL3_105'>    0.06587
|3^HL3_106'>   -0.12050
|3^HL3_1015'>   -0.05153
|3^HL3_1017'>    0.06269
|3^HL3_1018'>    0.06249
|3^HL3_96'>    0.12090
|3^HL3_917'>    0.05823
|3^HL3_81'>    0.08667
|3^HL3_82'>    0.06008
|3^HL3_84'>   -0.09310
|3^HL3_86'>    0.07166
|3^HL3_817'>   -0.07569
|3^HL3_11'>    0.10171
|3^HL3_12'>   -0.05825
|3^HL3_14'>   -0.06683
|3^HL3_15'>   -0.10664
|3^HL3_16'>    0.28100
|3^HL3_115'>   -0.17306
|3^HL3_117'>    0.12804
TDMs with Triplet 'Ground' state
TDMX:-0.334   TDMY:-0.191   TDMZ:0.357   Oscillator Strength:0.02758   <S**2>: 2.000
--------------------------------------------------------------------
TDMs with Singlet 'Ground' state
TDMX:-0.000   TDMY:0.000   TDMZ:0.000   Oscillator Strength:0.00000   <S**2>: 2.000
--------------------------------------------------------------------


State 104 4.201 eV 
Excitation    CI Coef
|5^HL_302'>    0.05170
|5^HL_264'>    0.06685
|5^HL_221'>   -0.07802
|5^HL_212'>   -0.07963
|5^HL_201'>   -0.35585
|5^HL_204'>   -0.13579
|5^HL_193'>   -0.59680
|5^HL_181'>   -0.11405
|5^HL_184'>   -0.05483
|5^HL_185'>   -0.08335
|5^HL_165'>    0.05145
|5^HL_132'>   -0.10279
|5^HL_121'>   -0.07496
|5^HL_124'>   -0.07555
|5^HL_125'>   -0.10564
|5^HL_111'>   -0.06368
|5^HL_112'>   -0.20211
|5^HL_102'>    0.18099
|5^HL_91'>    0.10532
|5^HL_94'>    0.09789
|5^HL_95'>    0.14063
|5^HL_11'>    0.28095
|5^HL_14'>    0.24000
|5^HL_15'>    0.24443
|5^HL_17'>    0.06317
|5^HL_116'>   -0.05554
|5^HL_118'>    0.14525
|5^HL_119'>   -0.06186
TDMs with Triplet 'Ground' state
TDMX:0.000   TDMY:0.002   TDMZ:-0.005   Oscillator Strength:0.00000   <S**2>: 6.000
--------------------------------------------------------------------
TDMs with Singlet 'Ground' state
TDMX:-0.000   TDMY:0.000   TDMZ:0.000   Oscillator Strength:0.00000   <S**2>: 6.000
--------------------------------------------------------------------


State 105 4.214 eV 
Excitation    CI Coef
|3^HS2_12>   -0.06585
|3^HS2_11>    0.18034
|3^HS2_10>   -0.11316
|3^HS2_8>   -0.06626
|3^HS2_1>   -0.12638
|3^SL1_1'>   -0.08079
|3^SL2_1'>    0.08852
|3^SL2_2'>   -0.06179
|3^SL2_4'>   -0.18991
|3^SL2_15'>    0.06634
|3^HL1_11'>    0.08876
|3^HL2_112'>   -0.06505
|3^HL2_114'>    0.06581
|3^HL2_104'>   -0.05203
|3^HL2_82'>    0.05180
|3^HL2_85'>    0.05633
|3^HL2_12'>    0.14778
|3^HL2_14'>   -0.07270
|3^HL3_304'>   -0.06332
|3^HL3_244'>    0.06257
|3^HL3_221'>   -0.05508
|3^HL3_222'>    0.08653
|3^HL3_225'>    0.07059
|3^HL3_2218'>    0.05030
|3^HL3_2220'>    0.05462
|3^HL3_214'>   -0.07718
|3^HL3_205'>   -0.05363
|3^HL3_193'>   -0.11160
|3^HL3_181'>   -0.06350
|3^HL3_182'>    0.07307
|3^HL3_185'>    0.05798
|3^HL3_131'>    0.09162
|3^HL3_132'>   -0.06007
|3^HL3_134'>   -0.08171
|3^HL3_135'>   -0.15022
|3^HL3_137'>    0.05066
|3^HL3_121'>   -0.05597
|3^HL3_122'>   -0.18203
|3^HL3_126'>    0.15951
|3^HL3_112'>    0.30658
|3^HL3_102'>   -0.38733
|3^HL3_104'>   -0.07734
|3^HL3_1015'>   -0.09696
|3^HL3_1017'>    0.09117
|3^HL3_92'>    0.07697
|3^HL3_96'>   -0.15816
|3^HL3_915'>    0.06641
|3^HL3_81'>   -0.05157
|3^HL3_84'>    0.12230
|3^HL3_85'>   -0.07005
|3^HL3_817'>   -0.05762
|3^HL3_818'>    0.06473
|3^HL3_11'>    0.07306
|3^HL3_15'>   -0.06177
|3^HL3_16'>   -0.26733
|3^HL3_115'>    0.20436
|3^HL3_117'>   -0.19117
TDMs with Triplet 'Ground' state
TDMX:-0.092   TDMY:-0.505   TDMZ:0.004   Oscillator Strength:0.02649   <S**2>: 2.000
--------------------------------------------------------------------
TDMs with Singlet 'Ground' state
TDMX:-0.000   TDMY:0.000   TDMZ:0.000   Oscillator Strength:0.00000   <S**2>: 2.000
--------------------------------------------------------------------


State 106 4.221 eV 
Excitation    CI Coef
|1^OS>   -0.14337
|1^ZW0'>   -0.15526
|1^HS1_22>   -0.10154
|1^HS1_21>    0.11501
|1^HS1_18>    0.07499
|1^HS1_17>    0.15616
|1^HS1_16>    0.05271
|1^HS1_12>    0.14320
|1^HS1_11>   -0.07676
|1^HS1_10>   -0.13083
|1^HS1_9>    0.05410
|1^HS2_18>   -0.05850
|1^HS2_17>   -0.07782
|1^HS2_16>   -0.10853
|1^HS2_13>   -0.05919
|1^HS2_1>   -0.09802
|1^SL1_1'>    0.10810
|1^SL1_5'>   -0.07550
|1^SL1_6'>    0.07571
|1^SL1_15'>   -0.07070
|1^SL2_1'>    0.32565
|1^SL2_4'>   -0.30378
|1^SL2_5'>    0.05058
|1^SL2_6'>   -0.07406
|1^SL2_7'>    0.10109
|1^SL2_16'>   -0.08038
|1^HL2_304'>    0.05791
|1^HL2_244'>   -0.07163
|1^HL2_222'>   -0.06154
|1^HL2_224'>   -0.07420
|1^HL2_2220'>   -0.05445
|1^HL2_211'>   -0.06964
|1^HL2_214'>    0.08520
|1^HL2_217'>   -0.05716
|1^HL2_182'>   -0.06609
|1^HL2_131'>   -0.07283
|1^HL2_134'>    0.11075
|1^HL2_135'>    0.08594
|1^HL2_137'>    0.08440
|1^HL2_124'>    0.06392
|1^HL2_126'>   -0.12696
|1^HL2_127'>    0.07581
|1^HL2_111'>    0.12674
|1^HL2_114'>   -0.08094
|1^HL2_101'>   -0.08031
|1^HL2_104'>    0.11973
|1^HL2_106'>   -0.07155
|1^HL2_1015'>    0.05617
|1^HL2_96'>    0.15408
|1^HL2_97'>   -0.05086
|1^HL2_915'>   -0.08613
|1^HL2_916'>    0.05077
|1^HL2_81'>    0.06293
|1^HL2_84'>   -0.09171
|1^HL2_513'>    0.05710
|1^HL2_39'>    0.07258
|1^HL2_310'>    0.11350
|1^HL2_313'>   -0.05549
|1^HL2_14'>   -0.10406
|1^HL2_16'>    0.37928
|1^HL2_17'>   -0.05002
|1^HL2_115'>   -0.16367
|1^HL2_117'>    0.13334
TDMs with Triplet 'Ground' state
TDMX:-0.000   TDMY:0.000   TDMZ:0.000   Oscillator Strength:0.00000   <S**2>: 0.000
--------------------------------------------------------------------
TDMs with Singlet 'Ground' state
TDMX:-0.572   TDMY:0.691   TDMZ:1.105   Oscillator Strength:0.20952   <S**2>: 0.000
--------------------------------------------------------------------


State 107 4.245 eV 
Excitation    CI Coef
|3^HS2_11>    0.16492
|3^HS2_10>   -0.05680
|3^HS2_9>   -0.10936
|3^HS2_1>   -0.20853
|3^SL1_4'>    0.11653
|3^SL1_5'>   -0.08837
|3^SL2_2'>   -0.07209
|3^SL2_4'>    0.13691
|3^SL2_5'>   -0.08161
|3^SL2_6'>   -0.06783
|3^SL2_15'>   -0.05580
|3^HL1_91'>   -0.05813
|3^HL1_92'>    0.05892
|3^HL1_94'>   -0.05950
|3^HL1_95'>    0.05035
|3^HL1_11'>   -0.13119
|3^HL1_12'>    0.22641
|3^HL1_14'>   -0.10305
|3^HL2_122'>   -0.05726
|3^HL2_82'>   -0.05818
|3^HL2_12'>    0.06473
|3^HL2_14'>    0.05669
|3^HL2_15'>   -0.05970
|3^HL3_264'>   -0.06766
|3^HL3_201'>    0.23701
|3^HL3_204'>    0.09644
|3^HL3_193'>    0.32772
|3^HL3_181'>    0.06365
|3^HL3_184'>    0.06621
|3^HL3_132'>    0.20203
|3^HL3_137'>   -0.07859
|3^HL3_122'>    0.08470
|3^HL3_125'>    0.24682
|3^HL3_126'>   -0.06949
|3^HL3_127'>   -0.08025
|3^HL3_112'>    0.13842
|3^HL3_114'>    0.05610
|3^HL3_116'>    0.06790
|3^HL3_1115'>    0.06199
|3^HL3_1117'>   -0.05742
|3^HL3_101'>   -0.05215
|3^HL3_102'>   -0.20478
|3^HL3_95'>   -0.15217
|3^HL3_82'>    0.16742
|3^HL3_85'>    0.06907
|3^HL3_86'>   -0.10565
|3^HL3_817'>    0.09356
|3^HL3_79'>    0.06527
|3^HL3_513'>    0.05014
|3^HL3_310'>    0.07935
|3^HL3_11'>   -0.05385
|3^HL3_12'>    0.07357
|3^HL3_14'>   -0.20351
|3^HL3_118'>   -0.19417
|3^HL3_119'>    0.05105
TDMs with Triplet 'Ground' state
TDMX:0.720   TDMY:0.693   TDMZ:-0.796   Oscillator Strength:0.16514   <S**2>: 2.000
--------------------------------------------------------------------
TDMs with Singlet 'Ground' state
TDMX:0.000   TDMY:-0.000   TDMZ:-0.000   Oscillator Strength:0.00000   <S**2>: 2.000
--------------------------------------------------------------------


State 108 4.247 eV 
Excitation    CI Coef
|1^OS>   -0.18495
|1^ZW0'>   -0.18939
|1^HS1_22>   -0.07045
|1^HS1_21>    0.08825
|1^HS1_18>    0.06814
|1^HS1_17>    0.16406
|1^HS1_16>    0.05872
|1^HS1_13>    0.07347
|1^HS1_12>    0.12756
|1^HS1_11>   -0.20655
|1^HS1_10>   -0.06345
|1^HS1_9>    0.09557
|1^HS1_8>    0.05659
|1^HS1_1>    0.06929
|1^HS2_17>   -0.08364
|1^HS2_16>   -0.15002
|1^HS2_11>    0.06386
|1^HS2_10>   -0.07625
|1^HS2_8>    0.20127
|1^HS2_1>    0.07081
|1^SL1_1'>    0.08608
|1^SL1_4'>    0.13384
|1^SL1_5'>   -0.15812
|1^SL1_6'>   -0.06972
|1^SL1_8'>   -0.06636
|1^SL1_16'>    0.05255
|1^SL2_1'>   -0.16656
|1^SL2_2'>    0.31444
|1^SL2_4'>    0.06111
|1^SL2_7'>    0.13161
|1^SL2_16'>   -0.11321
|1^HL2_217'>   -0.06347
|1^HL2_201'>    0.17376
|1^HL2_193'>    0.24805
|1^HL2_181'>    0.08656
|1^HL2_184'>    0.05602
|1^HL2_132'>    0.05928
|1^HL2_135'>   -0.06186
|1^HL2_137'>    0.06488
|1^HL2_121'>    0.06080
|1^HL2_122'>   -0.05845
|1^HL2_125'>    0.11128
|1^HL2_126'>    0.06242
|1^HL2_1215'>   -0.05326
|1^HL2_111'>   -0.05681
|1^HL2_112'>   -0.12575
|1^HL2_114'>    0.06037
|1^HL2_116'>    0.07097
|1^HL2_102'>    0.08901
|1^HL2_104'>   -0.09225
|1^HL2_106'>    0.05893
|1^HL2_1015'>    0.05082
|1^HL2_95'>   -0.06073
|1^HL2_96'>   -0.10165
|1^HL2_916'>    0.05488
|1^HL2_82'>    0.11154
|1^HL2_84'>    0.08262
|1^HL2_85'>   -0.06494
|1^HL2_86'>   -0.06905
|1^HL2_817'>    0.11342
|1^HL2_611'>   -0.06155
|1^HL2_513'>    0.05738
|1^HL2_39'>    0.07273
|1^HL2_310'>    0.11618
|1^HL2_313'>   -0.05893
|1^HL2_11'>   -0.12181
|1^HL2_15'>    0.06561
|1^HL2_16'>   -0.18632
|1^HL2_115'>    0.12647
|1^HL2_117'>   -0.06321
|1^HL2_118'>   -0.05659
TDMs with Triplet 'Ground' state
TDMX:0.000   TDMY:0.000   TDMZ:-0.000   Oscillator Strength:0.00000   <S**2>: 0.000
--------------------------------------------------------------------
TDMs with Singlet 'Ground' state
TDMX:-0.707   TDMY:1.419   TDMZ:1.219   Oscillator Strength:0.41610   <S**2>: 0.000
--------------------------------------------------------------------


State 109 4.289 eV 
Excitation    CI Coef
|3^HS2_12>    0.05926
|3^HS2_11>   -0.09515
|3^HS2_8>    0.06756
|3^SL1_1'>   -0.40105
|3^SL1_2'>    0.26750
|3^SL1_5'>   -0.07544
|3^SL2_2'>   -0.10929
|3^SL2_4'>    0.06889
|3^SL2_5'>   -0.19586
|3^SL2_18'>    0.06771
|3^HL1_124'>   -0.05692
|3^HL1_112'>   -0.09884
|3^HL1_101'>    0.05240
|3^HL1_102'>    0.08743
|3^HL1_91'>    0.10244
|3^HL1_94'>    0.09643
|3^HL1_95'>    0.06033
|3^HL1_82'>   -0.10864
|3^HL1_11'>    0.21787
|3^HL1_14'>    0.35443
|3^HL2_134'>    0.06620
|3^HL2_122'>   -0.06791
|3^HL2_114'>    0.10416
|3^HL2_101'>    0.08453
|3^HL2_104'>   -0.10262
|3^HL2_92'>    0.07804
|3^HL2_82'>   -0.06778
|3^HL2_12'>    0.17956
|3^HL2_14'>    0.07411
|3^HL2_15'>   -0.07206
|3^HL2_16'>    0.06535
|3^HL3_201'>   -0.21384
|3^HL3_204'>   -0.06462
|3^HL3_193'>   -0.26490
|3^HL3_181'>   -0.09082
|3^HL3_132'>    0.06684
|3^HL3_121'>   -0.08573
|3^HL3_122'>    0.14500
|3^HL3_125'>    0.05754
|3^HL3_111'>   -0.08155
|3^HL3_102'>    0.05132
|3^HL3_82'>    0.08945
|3^HL3_85'>    0.05306
|3^HL3_86'>   -0.05223
|3^HL3_817'>    0.05539
|3^HL3_11'>    0.07005
|3^HL3_14'>   -0.05366
|3^HL3_15'>    0.08448
TDMs with Triplet 'Ground' state
TDMX:-0.018   TDMY:-0.174   TDMZ:0.031   Oscillator Strength:0.00322   <S**2>: 2.000
--------------------------------------------------------------------
TDMs with Singlet 'Ground' state
TDMX:-0.000   TDMY:0.000   TDMZ:-0.000   Oscillator Strength:0.00000   <S**2>: 2.000
--------------------------------------------------------------------


State 110 4.309 eV 
Excitation    CI Coef
|1^OS>    0.05087
|1^ZW0>   -0.05625
|1^ZW0'>   -0.07019
|1^HS1_21>   -0.06483
|1^HS1_18>   -0.05224
|1^HS1_13>    0.06061
|1^HS1_12>    0.12746
|1^HS1_10>    0.11474
|1^HS1_1>    0.10310
|1^HS2_13>   -0.08874
|1^HS2_12>   -0.05837
|1^HS2_10>   -0.05970
|1^HS2_8>    0.19868
|1^HS2_1>    0.41903
|1^SL1_1'>   -0.29518
|1^SL1_2'>   -0.18256
|1^SL1_4'>   -0.07626
|1^SL1_6'>   -0.05055
|1^SL1_12'>    0.05864
|1^SL2_1'>    0.09797
|1^SL2_2'>    0.13904
|1^SL2_7'>    0.12259
|1^SL2_15'>    0.05006
|1^SL2_16'>   -0.06520
|1^HL2_224'>   -0.07009
|1^HL2_225'>   -0.05550
|1^HL2_212'>   -0.07252
|1^HL2_201'>   -0.28727
|1^HL2_202'>    0.05758
|1^HL2_204'>   -0.07896
|1^HL2_193'>   -0.31823
|1^HL2_181'>   -0.09731
|1^HL2_184'>   -0.07279
|1^HL2_185'>   -0.06316
|1^HL2_135'>    0.08754
|1^HL2_121'>   -0.06209
|1^HL2_122'>    0.12107
|1^HL2_124'>   -0.08092
|1^HL2_126'>   -0.07608
|1^HL2_112'>   -0.12369
|1^HL2_114'>    0.06093
|1^HL2_115'>   -0.10186
|1^HL2_102'>    0.09335
|1^HL2_104'>   -0.06866
|1^HL2_106'>   -0.08337
|1^HL2_92'>   -0.10840
|1^HL2_82'>    0.11541
|1^HL2_85'>    0.07806
|1^HL2_818'>   -0.06318
|1^HL2_79'>    0.09102
|1^HL2_611'>   -0.05315
|1^HL2_212'>    0.05180
|1^HL2_12'>    0.07717
|1^HL2_16'>   -0.05941
|1^HL2_117'>    0.13144
|1^HL2_118'>    0.07563
TDMs with Triplet 'Ground' state
TDMX:0.000   TDMY:0.000   TDMZ:-0.000   Oscillator Strength:0.00000   <S**2>: 0.000
--------------------------------------------------------------------
TDMs with Singlet 'Ground' state
TDMX:0.349   TDMY:0.651   TDMZ:-0.689   Oscillator Strength:0.10782   <S**2>: 0.000
--------------------------------------------------------------------


State 111 4.314 eV 
Excitation    CI Coef
|1^OS>   -0.15669
|1^ZW0'>   -0.12583
|1^HS1_21>    0.09805
|1^HS1_18>    0.09749
|1^HS1_17>    0.13189
|1^HS1_13>   -0.05174
|1^HS1_12>   -0.06033
|1^HS1_11>   -0.06188
|1^HS1_10>   -0.09083
|1^HS1_9>    0.09104
|1^HS1_8>   -0.08916
|1^HS2_18>   -0.10562
|1^HS2_17>   -0.10084
|1^HS2_16>   -0.10705
|1^HS2_13>    0.06498
|1^HS2_10>   -0.05714
|1^HS2_9>    0.10053
|1^HS2_8>   -0.14239
|1^HS2_1>   -0.20617
|1^SL1_1'>   -0.34907
|1^SL1_2'>    0.06420
|1^SL1_4'>    0.11848
|1^SL2_1'>    0.20397
|1^SL2_2'>    0.06320
|1^SL2_4'>    0.19750
|1^SL2_7'>   -0.07728
|1^SL2_15'>   -0.12008
|1^SL2_17'>   -0.06500
|1^HL2_234'>    0.05049
|1^HL2_224'>   -0.08171
|1^HL2_211'>    0.05998
|1^HL2_201'>   -0.28077
|1^HL2_202'>    0.05127
|1^HL2_204'>   -0.08425
|1^HL2_205'>   -0.07235
|1^HL2_193'>   -0.32642
|1^HL2_181'>   -0.13212
|1^HL2_182'>    0.05674
|1^HL2_131'>    0.05239
|1^HL2_135'>   -0.11581
|1^HL2_121'>   -0.14434
|1^HL2_122'>   -0.11640
|1^HL2_125'>   -0.05188
|1^HL2_126'>    0.10405
|1^HL2_111'>   -0.05091
|1^HL2_112'>    0.07948
|1^HL2_114'>    0.06120
|1^HL2_116'>    0.07261
|1^HL2_92'>    0.06412
|1^HL2_96'>   -0.08630
|1^HL2_916'>    0.05231
|1^HL2_82'>   -0.07954
|1^HL2_85'>   -0.07511
|1^HL2_79'>   -0.13014
|1^HL2_710'>    0.07628
|1^HL2_11'>    0.05375
|1^HL2_12'>   -0.09939
|1^HL2_14'>   -0.11007
|1^HL2_16'>   -0.09425
|1^HL2_115'>    0.09663
|1^HL2_117'>   -0.09264
TDMs with Triplet 'Ground' state
TDMX:-0.000   TDMY:0.000   TDMZ:-0.000   Oscillator Strength:0.00000   <S**2>: 0.000
--------------------------------------------------------------------
TDMs with Singlet 'Ground' state
TDMX:-0.822   TDMY:-0.790   TDMZ:1.187   Oscillator Strength:0.28624   <S**2>: 0.000
--------------------------------------------------------------------


State 112 4.328 eV 
Excitation    CI Coef
|3^SL1_13'>    0.11308
|3^SL2_10'>    0.09685
|3^SL2_13'>    0.30795
|3^HL1_1213'>   -0.06198
|3^HL1_1113'>    0.05514
|3^HL1_1013'>    0.07135
|3^HL1_913'>   -0.09468
|3^HL1_813'>    0.07262
|3^HL1_52'>   -0.06726
|3^HL1_55'>   -0.07729
|3^HL1_56'>    0.05565
|3^HL1_59'>   -0.22753
|3^HL1_510'>   -0.34505
|3^HL1_515'>    0.22552
|3^HL1_516'>   -0.17822
|3^HL1_517'>    0.12240
|3^HL1_313'>   -0.36329
|3^HL1_315'>   -0.06024
|3^HL1_113'>    0.05784
|3^HL3_1513'>    0.08433
|3^HL3_52'>    0.06569
|3^HL3_55'>    0.07113
|3^HL3_56'>   -0.05285
|3^HL3_59'>    0.21902
|3^HL3_510'>    0.34625
|3^HL3_513'>   -0.15964
|3^HL3_515'>   -0.24715
|3^HL3_516'>    0.19283
|3^HL3_517'>   -0.12960
|3^HL3_522'>    0.06014
|3^HL3_524'>    0.09513
|3^HL3_39'>   -0.06417
|3^HL3_310'>   -0.13176
|3^HL3_313'>   -0.13078
|3^HL3_315'>    0.05053
TDMs with Triplet 'Ground' state
TDMX:-0.034   TDMY:-0.088   TDMZ:-0.015   Oscillator Strength:0.00094   <S**2>: 2.000
--------------------------------------------------------------------
TDMs with Singlet 'Ground' state
TDMX:-0.000   TDMY:-0.000   TDMZ:0.000   Oscillator Strength:0.00000   <S**2>: 2.000
--------------------------------------------------------------------


State 113 4.339 eV 
Excitation    CI Coef
|3^HS2_13>    0.06236
|3^HS2_12>   -0.09658
|3^HS2_11>    0.17200
|3^HS2_10>    0.08339
|3^HS2_9>   -0.14307
|3^HS2_8>   -0.13436
|3^HS2_1>   -0.11136
|3^SL1_1'>   -0.36529
|3^SL1_2'>    0.06499
|3^SL1_4'>    0.16929
|3^SL2_4'>    0.11949
|3^SL2_5'>   -0.05109
|3^SL2_6'>   -0.08683
|3^HL1_121'>    0.06400
|3^HL1_102'>    0.08713
|3^HL1_11'>   -0.11845
|3^HL1_14'>    0.05289
|3^HL1_15'>    0.07448
|3^HL2_2620'>   -0.05774
|3^HL2_226'>    0.08264
|3^HL2_2215'>   -0.05699
|3^HL2_206'>   -0.06481
|3^HL2_186'>    0.07599
|3^HL2_134'>   -0.13871
|3^HL2_135'>    0.07168
|3^HL2_1318'>    0.07647
|3^HL2_122'>    0.09454
|3^HL2_126'>    0.06742
|3^HL2_111'>    0.09668
|3^HL2_114'>   -0.22512
|3^HL2_101'>   -0.09531
|3^HL2_104'>    0.17272
|3^HL2_105'>    0.07372
|3^HL2_92'>   -0.11785
|3^HL2_96'>   -0.08033
|3^HL2_82'>    0.07156
|3^HL2_85'>   -0.10505
|3^HL2_11'>   -0.08944
|3^HL2_12'>   -0.40195
|3^HL2_16'>   -0.11368
|3^HL3_224'>   -0.09216
|3^HL3_201'>   -0.12744
|3^HL3_193'>   -0.13114
|3^HL3_181'>   -0.05550
|3^HL3_135'>   -0.05727
|3^HL3_121'>   -0.08558
|3^HL3_122'>   -0.05915
|3^HL3_124'>    0.06534
|3^HL3_116'>    0.05311
|3^HL3_106'>   -0.06297
|3^HL3_82'>   -0.05144
|3^HL3_14'>   -0.14126
|3^HL3_17'>   -0.05549
TDMs with Triplet 'Ground' state
TDMX:0.443   TDMY:0.112   TDMZ:-0.349   Oscillator Strength:0.03428   <S**2>: 2.000
--------------------------------------------------------------------
TDMs with Singlet 'Ground' state
TDMX:-0.000   TDMY:-0.000   TDMZ:0.000   Oscillator Strength:0.00000   <S**2>: 2.000
--------------------------------------------------------------------


State 114 4.346 eV 
Excitation    CI Coef
|3^SL1_3'>   -0.39279
|3^SL2_3'>   -0.56546
|3^HL1_203'>   -0.07315
|3^HL1_191'>   -0.10365
|3^HL1_113'>   -0.05031
|3^HL1_103'>   -0.05864
|3^HL1_93'>    0.17070
|3^HL1_13'>    0.39029
|3^HL2_93'>   -0.05121
|3^HL3_203'>   -0.23509
|3^HL3_191'>    0.42084
|3^HL3_192'>   -0.07272
|3^HL3_194'>    0.14241
|3^HL3_195'>    0.09150
|3^HL3_183'>   -0.11473
|3^HL3_123'>   -0.10307
|3^HL3_103'>    0.05085
|3^HL3_93'>   -0.05177
|3^HL3_13'>   -0.06816
TDMs with Triplet 'Ground' state
TDMX:-0.088   TDMY:-0.036   TDMZ:-0.010   Oscillator Strength:0.00095   <S**2>: 2.000
--------------------------------------------------------------------
TDMs with Singlet 'Ground' state
TDMX:0.000   TDMY:0.000   TDMZ:-0.000   Oscillator Strength:0.00000   <S**2>: 2.000
--------------------------------------------------------------------


State 115 4.349 eV 
Excitation    CI Coef
|1^OS>   -0.06380
|1^ZW0>    0.08346
|1^ZW0'>   -0.09646
|1^HS1_21>   -0.09076
|1^HS1_18>   -0.12211
|1^HS1_17>   -0.17079
|1^HS1_16>   -0.07276
|1^HS1_12>   -0.08776
|1^HS1_11>   -0.06979
|1^HS1_10>    0.14908
|1^HS1_9>   -0.05525
|1^HS1_8>    0.06697
|1^HS1_1>    0.05158
|1^HS2_21>    0.09555
|1^HS2_18>    0.18019
|1^HS2_17>    0.11695
|1^HS2_16>    0.07061
|1^HS2_13>    0.08920
|1^HS2_12>    0.08540
|1^HS2_11>    0.34084
|1^HS2_10>   -0.29698
|1^HS2_9>   -0.17959
|1^HS2_8>    0.17901
|1^HS2_1>   -0.19073
|1^SL1_2'>    0.08128
|1^SL1_4'>    0.15740
|1^SL1_16'>    0.06912
|1^SL2_1'>    0.29472
|1^SL2_2'>   -0.15787
|1^SL2_4'>   -0.14354
|1^SL2_6'>    0.09062
|1^SL2_15'>    0.05227
|1^HL2_304'>   -0.06385
|1^HL2_222'>   -0.10061
|1^HL2_132'>    0.07505
|1^HL2_121'>   -0.06957
|1^HL2_124'>    0.06698
|1^HL2_111'>    0.06864
|1^HL2_114'>    0.12187
|1^HL2_115'>   -0.12765
|1^HL2_1116'>    0.07992
|1^HL2_104'>   -0.10171
|1^HL2_105'>    0.19807
|1^HL2_1016'>   -0.05666
|1^HL2_1018'>    0.06804
|1^HL2_85'>   -0.06864
|1^HL2_79'>    0.14828
|1^HL2_710'>   -0.09329
|1^HL2_11'>    0.09365
|1^HL2_12'>   -0.06098
|1^HL2_14'>   -0.09244
|1^HL2_118'>   -0.09668
TDMs with Triplet 'Ground' state
TDMX:-0.000   TDMY:0.000   TDMZ:0.000   Oscillator Strength:0.00000   <S**2>: 0.000
--------------------------------------------------------------------
TDMs with Singlet 'Ground' state
TDMX:0.508   TDMY:0.792   TDMZ:-0.488   Oscillator Strength:0.11962   <S**2>: 0.000
--------------------------------------------------------------------


State 116 4.350 eV 
Excitation    CI Coef
|3^SL1_12'>    0.06542
|3^SL1_14'>   -0.33149
|3^SL2_14'>    0.11638
|3^HL1_1114'>    0.06878
|3^HL1_1014'>    0.07042
|3^HL1_914'>    0.13135
|3^HL1_814'>    0.07306
|3^HL1_42'>   -0.05039
|3^HL1_45'>    0.06035
|3^HL1_411'>    0.05299
|3^HL1_412'>    0.40643
|3^HL1_415'>    0.21079
|3^HL1_416'>    0.30309
|3^HL1_417'>    0.12433
|3^HL1_214'>   -0.41671
|3^HL1_215'>   -0.05566
|3^HL1_216'>   -0.05474
|3^HL1_114'>   -0.05336
|3^HL3_1414'>   -0.09278
|3^HL3_412'>   -0.36655
|3^HL3_414'>   -0.06578
|3^HL3_415'>   -0.18922
|3^HL3_416'>   -0.27400
|3^HL3_417'>   -0.11047
|3^HL3_425'>    0.10137
|3^HL3_212'>    0.06568
|3^HL3_214'>   -0.09784
TDMs with Triplet 'Ground' state
TDMX:0.106   TDMY:0.010   TDMZ:-0.078   Oscillator Strength:0.00180   <S**2>: 2.000
--------------------------------------------------------------------
TDMs with Singlet 'Ground' state
TDMX:0.000   TDMY:0.000   TDMZ:-0.000   Oscillator Strength:0.00000   <S**2>: 2.000
--------------------------------------------------------------------


State 117 4.385 eV 
Excitation    CI Coef
|1^SL1_3'>    0.34992
|1^SL2_3'>   -0.61992
|1^HL1_93'>    0.05431
|1^HL2_203'>    0.25793
|1^HL2_191'>   -0.51983
|1^HL2_192'>    0.09092
|1^HL2_194'>   -0.17617
|1^HL2_195'>   -0.11332
|1^HL2_183'>    0.12668
|1^HL2_123'>    0.11170
|1^HL2_103'>   -0.08455
|1^HL2_93'>    0.09777
|1^HL2_13'>    0.18466
TDMs with Triplet 'Ground' state
TDMX:0.000   TDMY:-0.000   TDMZ:0.000   Oscillator Strength:0.00000   <S**2>: 0.000
--------------------------------------------------------------------
TDMs with Singlet 'Ground' state
TDMX:-0.067   TDMY:-0.072   TDMZ:0.047   Oscillator Strength:0.00127   <S**2>: 0.000
--------------------------------------------------------------------


State 118 4.389 eV 
Excitation    CI Coef
|3^HS2_16>   -0.05543
|3^HS2_12>    0.10141
|3^HS2_11>   -0.15872
|3^HS2_10>   -0.05120
|3^HS2_9>    0.12621
|3^HS2_8>    0.14601
|3^HS2_1>    0.05221
|3^SL1_1'>   -0.25029
|3^SL1_4'>    0.33567
|3^SL2_1'>   -0.17848
|3^SL2_2'>    0.09502
|3^SL2_4'>   -0.11790
|3^SL2_5'>    0.07069
|3^SL2_9'>    0.05551
|3^SL2_15'>    0.06074
|3^HL1_181'>    0.05114
|3^HL1_121'>    0.11427
|3^HL1_112'>   -0.05786
|3^HL1_102'>   -0.06420
|3^HL1_104'>   -0.08192
|3^HL1_91'>   -0.09375
|3^HL1_94'>   -0.07886
|3^HL1_82'>    0.15927
|3^HL1_11'>   -0.39264
|3^HL1_12'>    0.14760
|3^HL1_14'>   -0.23802
|3^HL1_15'>    0.09110
|3^HL2_112'>    0.05043
|3^HL2_101'>    0.05599
|3^HL2_104'>   -0.08465
|3^HL2_12'>    0.12165
|3^HL3_224'>   -0.10340
|3^HL3_201'>   -0.14515
|3^HL3_193'>   -0.11893
|3^HL3_181'>   -0.05169
|3^HL3_132'>   -0.05476
|3^HL3_121'>   -0.05917
|3^HL3_122'>    0.05112
|3^HL3_112'>   -0.05875
|3^HL3_116'>    0.06913
|3^HL3_106'>   -0.09831
|3^HL3_1015'>    0.05153
|3^HL3_86'>    0.06737
|3^HL3_79'>   -0.05638
|3^HL3_710'>   -0.07424
|3^HL3_715'>   -0.05495
|3^HL3_716'>    0.05260
|3^HL3_212'>   -0.05338
|3^HL3_14'>   -0.13900
|3^HL3_15'>   -0.08174
|3^HL3_17'>    0.05703
|3^HL3_18'>   -0.05365
|3^HL3_117'>   -0.05219
TDMs with Triplet 'Ground' state
TDMX:0.058   TDMY:0.972   TDMZ:0.087   Oscillator Strength:0.10024   <S**2>: 2.000
--------------------------------------------------------------------
TDMs with Singlet 'Ground' state
TDMX:-0.000   TDMY:-0.000   TDMZ:0.000   Oscillator Strength:0.00000   <S**2>: 2.000
--------------------------------------------------------------------


State 119 4.397 eV 
Excitation    CI Coef
|3^HS2_6>    0.08306
|3^SL1_11'>   -0.10446
|3^HL1_1111'>    0.10754
|3^HL1_1011'>    0.11337
|3^HL1_911'>    0.22280
|3^HL1_811'>    0.15075
|3^HL1_62'>   -0.07701
|3^HL1_65'>    0.10730
|3^HL1_66'>    0.08678
|3^HL1_68'>   -0.08454
|3^HL1_612'>   -0.35667
|3^HL1_614'>   -0.09426
|3^HL1_615'>    0.13870
|3^HL1_616'>    0.28121
|3^HL1_617'>    0.14595
|3^HL1_211'>    0.19570
|3^HL1_111'>   -0.06194
|3^HL2_612'>    0.05592
|3^HL3_1711'>    0.05666
|3^HL3_1611'>   -0.09749
|3^HL3_1211'>    0.05028
|3^HL3_1111'>    0.10482
|3^HL3_1011'>    0.10758
|3^HL3_911'>    0.20745
|3^HL3_811'>    0.13807
|3^HL3_62'>    0.07181
|3^HL3_65'>   -0.11410
|3^HL3_66'>   -0.08758
|3^HL3_68'>    0.08317
|3^HL3_612'>    0.40210
|3^HL3_614'>    0.09798
|3^HL3_615'>   -0.14350
|3^HL3_616'>   -0.29212
|3^HL3_617'>   -0.15385
|3^HL3_623'>   -0.14974
|3^HL3_211'>    0.17983
|3^HL3_111'>   -0.05514
TDMs with Triplet 'Ground' state
TDMX:-0.256   TDMY:-0.179   TDMZ:-0.112   Oscillator Strength:0.01155   <S**2>: 2.000
--------------------------------------------------------------------
TDMs with Singlet 'Ground' state
TDMX:-0.000   TDMY:-0.000   TDMZ:-0.000   Oscillator Strength:0.00000   <S**2>: 2.000
--------------------------------------------------------------------


State 120 4.401 eV 
Excitation    CI Coef
|1^ZW0>   -0.11062
|1^HS1_22>   -0.06168
|1^HS1_17>    0.06733
|1^HS1_10>    0.08492
|1^HS1_8>   -0.08307
|1^HS1_1>    0.06917
|1^HS2_18>   -0.07823
|1^HS2_17>   -0.05934
|1^HS2_12>   -0.05300
|1^HS2_11>    0.14401
|1^HS2_10>   -0.19939
|1^HS2_9>    0.13927
|1^HS2_8>   -0.07272
|1^HS2_1>    0.12624
|1^SL1_1'>    0.39142
|1^SL1_2'>   -0.33955
|1^SL1_4'>   -0.27127
|1^SL1_5'>    0.11065
|1^SL1_16'>   -0.08015
|1^SL2_1'>    0.28613
|1^SL2_4'>    0.22890
|1^SL2_5'>   -0.07549
|1^SL2_7'>   -0.06536
|1^SL2_15'>   -0.05875
|1^SL2_17'>   -0.08677
|1^HL2_304'>   -0.05780
|1^HL2_221'>   -0.05941
|1^HL2_224'>    0.11426
|1^HL2_211'>   -0.05212
|1^HL2_134'>    0.07841
|1^HL2_135'>   -0.05441
|1^HL2_122'>   -0.11055
|1^HL2_124'>   -0.11430
|1^HL2_111'>    0.11822
|1^HL2_114'>    0.06838
|1^HL2_115'>   -0.11612
|1^HL2_116'>   -0.08031
|1^HL2_101'>    0.06815
|1^HL2_104'>   -0.06826
|1^HL2_105'>    0.13808
|1^HL2_106'>    0.07819
|1^HL2_1016'>   -0.06680
|1^HL2_1017'>    0.05219
|1^HL2_82'>   -0.09394
|1^HL2_79'>   -0.07978
|1^HL2_11'>   -0.07838
|1^HL2_14'>    0.19040
|1^HL2_16'>   -0.05873
|1^HL2_118'>    0.05994
TDMs with Triplet 'Ground' state
TDMX:0.000   TDMY:0.000   TDMZ:-0.000   Oscillator Strength:0.00000   <S**2>: 0.000
--------------------------------------------------------------------
TDMs with Singlet 'Ground' state
TDMX:-0.467   TDMY:-1.461   TDMZ:0.195   Oscillator Strength:0.25773   <S**2>: 0.000
--------------------------------------------------------------------


State 121 4.411 eV 
Excitation    CI Coef
|3^HS2_7>    0.05388
|3^SL1_4'>   -0.06766
|3^SL1_9'>    0.05796
|3^SL2_1'>    0.06981
|3^SL2_4'>    0.05632
|3^SL2_9'>    0.15869
|3^SL2_10'>   -0.09866
|3^HL1_129'>   -0.07426
|3^HL1_119'>    0.06701
|3^HL1_109'>    0.08882
|3^HL1_1010'>   -0.05146
|3^HL1_99'>   -0.12181
|3^HL1_910'>    0.07208
|3^HL1_89'>    0.13047
|3^HL1_810'>   -0.05858
|3^HL1_72'>   -0.07619
|3^HL1_75'>   -0.11259
|3^HL1_76'>    0.09973
|3^HL1_77'>    0.09414
|3^HL1_79'>    0.08426
|3^HL1_710'>    0.22326
|3^HL1_713'>   -0.09636
|3^HL1_715'>    0.18717
|3^HL1_716'>   -0.16862
|3^HL1_717'>    0.13678
|3^HL1_39'>    0.13137
|3^HL1_310'>   -0.07025
|3^HL1_11'>    0.10039
|3^HL1_14'>    0.07208
|3^HL1_19'>    0.05139
|3^HL3_179'>    0.07759
|3^HL3_1710'>   -0.05112
|3^HL3_129'>   -0.06996
|3^HL3_119'>    0.06490
|3^HL3_109'>    0.08264
|3^HL3_1010'>   -0.05074
|3^HL3_99'>   -0.11301
|3^HL3_910'>    0.06399
|3^HL3_89'>    0.10151
|3^HL3_810'>   -0.08962
|3^HL3_72'>    0.13294
|3^HL3_75'>    0.15558
|3^HL3_76'>   -0.14304
|3^HL3_77'>   -0.13214
|3^HL3_79'>   -0.21632
|3^HL3_710'>   -0.36259
|3^HL3_713'>    0.14159
|3^HL3_715'>   -0.26872
|3^HL3_716'>    0.25571
|3^HL3_717'>   -0.19822
|3^HL3_718'>    0.07387
|3^HL3_722'>   -0.13412
|3^HL3_724'>    0.05799
|3^HL3_39'>    0.14876
|3^HL3_310'>   -0.06440
|3^HL3_19'>    0.05131
TDMs with Triplet 'Ground' state
TDMX:0.154   TDMY:-0.174   TDMZ:0.011   Oscillator Strength:0.00570   <S**2>: 2.000
--------------------------------------------------------------------
TDMs with Singlet 'Ground' state
TDMX:-0.000   TDMY:-0.000   TDMZ:-0.000   Oscillator Strength:0.00000   <S**2>: 2.000
--------------------------------------------------------------------


State 122 4.429 eV 
Excitation    CI Coef
|3^HS2_8>   -0.06426
|3^HS2_1>    0.06079
|3^SL1_2'>   -0.06352
|3^SL1_4'>    0.07569
|3^SL1_5'>   -0.08846
|3^SL1_8'>   -0.32404
|3^SL1_15'>   -0.06223
|3^SL2_1'>   -0.09450
|3^SL2_4'>   -0.05686
|3^SL2_8'>    0.17170
|3^SL2_15'>    0.06427
|3^SL2_16'>    0.05975
|3^HL1_188'>    0.05032
|3^HL1_132'>   -0.05720
|3^HL1_135'>    0.05334
|3^HL1_122'>    0.05738
|3^HL1_128'>    0.05704
|3^HL1_112'>    0.08392
|3^HL1_115'>   -0.05198
|3^HL1_118'>    0.08502
|3^HL1_108'>    0.05521
|3^HL1_82'>   -0.06927
|3^HL1_88'>   -0.07457
|3^HL1_11'>   -0.07229
|3^HL1_12'>   -0.06633
|3^HL1_18'>    0.09633
|3^HL2_12'>    0.05941
|3^HL3_408'>    0.08817
|3^HL3_248'>    0.08617
|3^HL3_238'>    0.11686
|3^HL3_212'>   -0.11781
|3^HL3_215'>    0.07417
|3^HL3_201'>   -0.09856
|3^HL3_193'>   -0.06314
|3^HL3_182'>    0.13428
|3^HL3_185'>   -0.16595
|3^HL3_1817'>    0.05374
|3^HL3_1826'>    0.05520
|3^HL3_162'>   -0.11050
|3^HL3_165'>    0.12454
|3^HL3_132'>    0.14302
|3^HL3_134'>    0.08463
|3^HL3_135'>   -0.14213
|3^HL3_136'>   -0.07609
|3^HL3_1317'>    0.06336
|3^HL3_1326'>    0.06371
|3^HL3_122'>   -0.07535
|3^HL3_124'>   -0.05135
|3^HL3_125'>    0.06608
|3^HL3_128'>    0.14391
|3^HL3_112'>   -0.13726
|3^HL3_118'>    0.18852
|3^HL3_108'>    0.09338
|3^HL3_82'>    0.06795
|3^HL3_86'>    0.07704
|3^HL3_87'>    0.05577
|3^HL3_88'>   -0.29659
|3^HL3_11'>   -0.05810
|3^HL3_15'>   -0.06021
|3^HL3_16'>   -0.07311
|3^HL3_18'>    0.37163
|3^HL3_117'>    0.05631
|3^HL3_118'>    0.05110
TDMs with Triplet 'Ground' state
TDMX:0.046   TDMY:-0.048   TDMZ:0.030   Oscillator Strength:0.00055   <S**2>: 2.000
--------------------------------------------------------------------
TDMs with Singlet 'Ground' state
TDMX:0.000   TDMY:0.000   TDMZ:0.000   Oscillator Strength:0.00000   <S**2>: 2.000
--------------------------------------------------------------------


State 123 4.470 eV 
Excitation    CI Coef
|3^HS2_11>   -0.06696
|3^HS2_10>    0.08594
|3^HS2_1>   -0.09971
|3^SL1_1'>   -0.08306
|3^SL1_2'>   -0.40201
|3^SL1_4'>    0.33142
|3^SL1_5'>   -0.31182
|3^SL1_6'>   -0.11028
|3^SL1_17'>    0.12949
|3^SL1_18'>    0.06888
|3^SL2_2'>    0.17905
|3^SL2_4'>   -0.07590
|3^SL2_5'>    0.06366
|3^SL2_6'>    0.09296
|3^SL2_15'>    0.05962
|3^SL2_17'>   -0.08868
|3^SL2_18'>   -0.05048
|3^HL1_114'>   -0.05689
|3^HL1_102'>    0.16978
|3^HL1_91'>    0.06901
|3^HL1_95'>    0.09000
|3^HL1_82'>   -0.14004
|3^HL1_11'>    0.20262
|3^HL1_12'>   -0.14712
|3^HL1_14'>    0.19573
|3^HL1_15'>    0.07592
|3^HL2_132'>    0.06810
|3^HL2_112'>    0.08618
|3^HL2_82'>   -0.05575
|3^HL2_79'>    0.05209
|3^HL2_513'>    0.05562
|3^HL2_310'>   -0.06211
|3^HL2_12'>    0.06238
|3^HL2_14'>    0.07279
|3^HL3_221'>    0.05950
|3^HL3_212'>    0.05522
|3^HL3_201'>    0.17525
|3^HL3_204'>    0.05114
|3^HL3_193'>    0.12470
|3^HL3_188'>   -0.05590
|3^HL3_132'>   -0.06050
|3^HL3_138'>   -0.05610
|3^HL3_122'>   -0.08021
|3^HL3_112'>   -0.16263
|3^HL3_104'>    0.07731
|3^HL3_94'>    0.05384
|3^HL3_11'>    0.16337
|3^HL3_14'>    0.06924
|3^HL3_18'>   -0.06426
|3^HL3_115'>    0.05853
|3^HL3_117'>   -0.05731
|3^HL3_118'>   -0.05010
TDMs with Triplet 'Ground' state
TDMX:-0.017   TDMY:0.644   TDMZ:0.347   Oscillator Strength:0.05719   <S**2>: 2.000
--------------------------------------------------------------------
TDMs with Singlet 'Ground' state
TDMX:-0.000   TDMY:0.000   TDMZ:0.000   Oscillator Strength:0.00000   <S**2>: 2.000
--------------------------------------------------------------------


State 124 4.473 eV 
Excitation    CI Coef
|1^OS>    0.10816
|1^ZW0>    0.05150
|1^ZW0'>    0.21616
|1^HS1_24>    0.07222
|1^HS1_17>    0.11922
|1^HS1_16>    0.09583
|1^HS1_15>   -0.09350
|1^HS1_13>    0.09409
|1^HS1_10>    0.15918
|1^HS1_9>   -0.07022
|1^HS1_1>   -0.17670
|1^HS2_17>   -0.11056
|1^HS2_16>   -0.17937
|1^HS2_13>   -0.08268
|1^HS2_11>    0.18415
|1^HS2_10>   -0.22071
|1^HS2_9>    0.11754
|1^HS2_1>   -0.11889
|1^SL1_1'>   -0.05812
|1^SL1_2'>    0.16064
|1^SL1_4'>   -0.16898
|1^SL1_5'>   -0.09407
|1^SL1_10'>    0.05333
|1^SL1_12'>    0.05531
|1^SL1_16'>   -0.10823
|1^SL2_1'>   -0.19636
|1^SL2_2'>   -0.11666
|1^SL2_4'>   -0.31785
|1^SL2_6'>   -0.06457
|1^SL2_7'>    0.10397
|1^SL2_9'>   -0.09030
|1^SL2_10'>   -0.14114
|1^SL2_15'>   -0.06610
|1^SL2_16'>    0.08527
|1^SL2_22'>    0.07153
|1^HL2_212'>   -0.05673
|1^HL2_217'>   -0.06678
|1^HL2_201'>   -0.05846
|1^HL2_177'>    0.06326
|1^HL2_1710'>    0.05033
|1^HL2_167'>    0.05812
|1^HL2_1616'>   -0.05192
|1^HL2_134'>   -0.05422
|1^HL2_135'>    0.05441
|1^HL2_137'>    0.09207
|1^HL2_127'>    0.12043
|1^HL2_115'>   -0.11050
|1^HL2_117'>   -0.05007
|1^HL2_101'>   -0.11491
|1^HL2_104'>   -0.14070
|1^HL2_105'>    0.10877
|1^HL2_92'>    0.07670
|1^HL2_84'>    0.06463
|1^HL2_87'>    0.09335
|1^HL2_79'>   -0.15488
|1^HL2_710'>    0.08298
|1^HL2_611'>   -0.09233
|1^HL2_310'>   -0.09115
|1^HL2_12'>    0.06724
|1^HL2_17'>    0.11087
|1^HL2_117'>   -0.10069
TDMs with Triplet 'Ground' state
TDMX:-0.000   TDMY:0.000   TDMZ:0.000   Oscillator Strength:0.00000   <S**2>: 0.000
--------------------------------------------------------------------
TDMs with Singlet 'Ground' state
TDMX:0.351   TDMY:-0.294   TDMZ:-0.543   Oscillator Strength:0.05529   <S**2>: 0.000
--------------------------------------------------------------------


State 125 4.486 eV 
Excitation    CI Coef
|3^HS2_11>   -0.16875
|3^HS2_10>    0.10625
|3^HS2_1>    0.12734
|3^SL1_2'>    0.16391
|3^SL1_4'>    0.35867
|3^SL1_5'>    0.34768
|3^SL1_6'>    0.12287
|3^SL2_1'>    0.05986
|3^SL2_2'>   -0.10000
|3^SL2_4'>    0.10994
|3^SL2_5'>    0.11665
|3^SL2_6'>   -0.06943
|3^SL2_7'>    0.07782
|3^HL1_124'>   -0.06512
|3^HL1_112'>   -0.05683
|3^HL1_102'>    0.06372
|3^HL1_95'>   -0.05798
|3^HL1_82'>   -0.06806
|3^HL1_14'>    0.10722
|3^HL1_15'>   -0.17438
|3^HL3_261'>    0.05026
|3^HL3_231'>   -0.05908
|3^HL3_221'>    0.09008
|3^HL3_224'>   -0.08252
|3^HL3_214'>   -0.06759
|3^HL3_215'>    0.06202
|3^HL3_201'>    0.22255
|3^HL3_202'>   -0.08915
|3^HL3_204'>    0.10020
|3^HL3_205'>    0.08142
|3^HL3_193'>    0.17763
|3^HL3_181'>    0.09618
|3^HL3_182'>    0.07937
|3^HL3_162'>   -0.05850
|3^HL3_132'>   -0.13109
|3^HL3_124'>    0.12092
|3^HL3_125'>   -0.08510
|3^HL3_127'>   -0.06192
|3^HL3_112'>    0.14239
|3^HL3_115'>    0.08973
|3^HL3_102'>   -0.08924
|3^HL3_104'>    0.06492
|3^HL3_105'>   -0.10154
|3^HL3_106'>   -0.10161
|3^HL3_95'>    0.10090
|3^HL3_86'>    0.05501
|3^HL3_87'>   -0.08419
|3^HL3_88'>   -0.06028
|3^HL3_11'>    0.23133
|3^HL3_12'>   -0.05859
|3^HL3_15'>    0.10137
|3^HL3_17'>   -0.11429
|3^HL3_18'>    0.07959
|3^HL3_117'>    0.05015
|3^HL3_118'>    0.07904
|3^HL3_119'>   -0.06953
TDMs with Triplet 'Ground' state
TDMX:-0.479   TDMY:-1.218   TDMZ:0.202   Oscillator Strength:0.18786   <S**2>: 2.000
--------------------------------------------------------------------
TDMs with Singlet 'Ground' state
TDMX:-0.000   TDMY:0.000   TDMZ:0.000   Oscillator Strength:0.00000   <S**2>: 2.000
--------------------------------------------------------------------


State 126 4.504 eV 
Excitation    CI Coef
|3^HS2_16>   -0.06704
|3^HS2_11>    0.06798
|3^HS2_10>   -0.12671
|3^HS2_9>    0.05169
|3^HS2_8>    0.11405
|3^HS2_3>    0.05930
|3^HS2_1>   -0.06443
|3^SL1_1'>    0.18533
|3^SL1_2'>    0.06678
|3^SL1_17'>   -0.06908
|3^SL2_1'>   -0.26420
|3^SL2_2'>    0.06653
|3^SL2_4'>   -0.17502
|3^SL2_5'>   -0.13610
|3^SL2_6'>   -0.06063
|3^SL2_7'>    0.11801
|3^SL2_10'>   -0.06722
|3^SL2_16'>    0.09361
|3^SL2_17'>    0.10771
|3^SL2_18'>    0.08704
|3^HL1_125'>    0.06839
|3^HL1_127'>   -0.06215
|3^HL1_101'>   -0.06054
|3^HL1_82'>    0.07030
|3^HL1_87'>   -0.06505
|3^HL1_11'>    0.09541
|3^HL1_14'>    0.10945
|3^HL1_15'>    0.07158
|3^HL1_17'>   -0.06853
|3^HL2_216'>    0.05141
|3^HL2_185'>   -0.05208
|3^HL2_132'>    0.07870
|3^HL2_112'>    0.05891
|3^HL2_82'>   -0.11143
|3^HL2_86'>    0.05203
|3^HL2_513'>   -0.05253
|3^HL2_310'>    0.05010
|3^HL2_14'>    0.09391
|3^HL2_15'>   -0.12526
|3^HL3_417'>   -0.06403
|3^HL3_304'>   -0.05249
|3^HL3_247'>    0.08080
|3^HL3_237'>   -0.06358
|3^HL3_222'>   -0.11483
|3^HL3_225'>   -0.06424
|3^HL3_226'>    0.05230
|3^HL3_212'>    0.10258
|3^HL3_215'>    0.09535
|3^HL3_182'>    0.09326
|3^HL3_172'>   -0.08458
|3^HL3_175'>   -0.05622
|3^HL3_162'>   -0.08150
|3^HL3_165'>   -0.06242
|3^HL3_132'>   -0.08691
|3^HL3_134'>    0.09459
|3^HL3_135'>   -0.13696
|3^HL3_136'>    0.06280
|3^HL3_125'>   -0.05687
|3^HL3_126'>    0.06998
|3^HL3_127'>   -0.14623
|3^HL3_1227'>   -0.05022
|3^HL3_114'>    0.12024
|3^HL3_117'>    0.07559
|3^HL3_101'>    0.07566
|3^HL3_102'>    0.08375
|3^HL3_105'>    0.11064
|3^HL3_107'>    0.05666
|3^HL3_84'>   -0.05929
|3^HL3_87'>   -0.22971
|3^HL3_212'>   -0.07627
|3^HL3_12'>   -0.09024
|3^HL3_15'>    0.06304
|3^HL3_16'>   -0.10700
|3^HL3_17'>   -0.27740
TDMs with Triplet 'Ground' state
TDMX:0.196   TDMY:0.238   TDMZ:-0.127   Oscillator Strength:0.01197   <S**2>: 2.000
--------------------------------------------------------------------
TDMs with Singlet 'Ground' state
TDMX:0.000   TDMY:-0.000   TDMZ:-0.000   Oscillator Strength:0.00000   <S**2>: 2.000
--------------------------------------------------------------------


State 127 4.506 eV 
Excitation    CI Coef
|1^OS>    0.10447
|1^ZW0>   -0.07052
|1^HS1_17>    0.13997
|1^HS1_16>    0.07915
|1^HS1_15>   -0.09544
|1^HS1_12>   -0.10068
|1^HS1_11>    0.09352
|1^HS1_10>    0.10534
|1^HS2_18>   -0.05583
|1^HS2_17>   -0.11677
|1^HS2_16>   -0.10901
|1^HS2_12>    0.10331
|1^HS2_11>   -0.07628
|1^HS2_1>    0.08075
|1^SL1_1'>   -0.10371
|1^SL1_2'>   -0.21719
|1^SL1_4'>    0.43231
|1^SL1_5'>    0.18663
|1^SL1_8'>    0.06288
|1^SL1_10'>    0.05140
|1^SL1_16'>   -0.07767
|1^SL2_1'>    0.12197
|1^SL2_5'>   -0.05432
|1^SL2_9'>   -0.08124
|1^SL2_10'>   -0.14392
|1^SL2_15'>   -0.07779
|1^SL2_22'>    0.07971
|1^HL2_231'>   -0.06854
|1^HL2_221'>    0.12174
|1^HL2_224'>   -0.09199
|1^HL2_201'>    0.22934
|1^HL2_204'>    0.10984
|1^HL2_205'>    0.06065
|1^HL2_193'>    0.16716
|1^HL2_181'>    0.05605
|1^HL2_182'>   -0.06160
|1^HL2_1710'>    0.06485
|1^HL2_1715'>    0.05133
|1^HL2_132'>   -0.07903
|1^HL2_135'>    0.05294
|1^HL2_122'>    0.11022
|1^HL2_124'>    0.08614
|1^HL2_114'>    0.10400
|1^HL2_115'>   -0.05617
|1^HL2_116'>    0.07010
|1^HL2_106'>   -0.09094
|1^HL2_92'>   -0.11456
|1^HL2_82'>    0.08275
|1^HL2_84'>   -0.06328
|1^HL2_85'>    0.10257
|1^HL2_79'>   -0.14391
|1^HL2_710'>    0.08624
|1^HL2_611'>   -0.05605
|1^HL2_310'>   -0.07508
|1^HL2_11'>    0.28197
|1^HL2_14'>   -0.05571
|1^HL2_15'>    0.09550
|1^HL2_16'>   -0.05889
|1^HL2_119'>   -0.06006
TDMs with Triplet 'Ground' state
TDMX:-0.000   TDMY:-0.000   TDMZ:0.000   Oscillator Strength:0.00000   <S**2>: 0.000
--------------------------------------------------------------------
TDMs with Singlet 'Ground' state
TDMX:0.395   TDMY:-0.205   TDMZ:-0.339   Oscillator Strength:0.03456   <S**2>: 0.000
--------------------------------------------------------------------


State 128 4.509 eV 
Excitation    CI Coef
|3^HS2_11>    0.05070
|3^HS2_9>   -0.05183
|3^SL1_1'>    0.23768
|3^SL1_2'>    0.05225
|3^SL1_4'>    0.25643
|3^SL1_5'>    0.08047
|3^SL1_6'>    0.15311
|3^SL1_8'>    0.10259
|3^SL1_15'>    0.06602
|3^SL1_17'>   -0.08372
|3^SL2_1'>   -0.31586
|3^SL2_2'>    0.05255
|3^SL2_4'>   -0.18568
|3^SL2_5'>   -0.28302
|3^SL2_7'>   -0.13615
|3^SL2_18'>    0.16687
|3^HL1_135'>   -0.06438
|3^HL1_122'>   -0.08830
|3^HL1_127'>    0.06372
|3^HL1_101'>   -0.05292
|3^HL1_102'>    0.05657
|3^HL1_104'>   -0.08277
|3^HL1_82'>   -0.09297
|3^HL1_84'>    0.06780
|3^HL1_87'>    0.06282
|3^HL1_11'>    0.10164
|3^HL1_14'>    0.13181
|3^HL1_16'>   -0.05791
|3^HL1_17'>    0.07789
|3^HL2_132'>   -0.08374
|3^HL2_112'>   -0.05251
|3^HL2_94'>   -0.05337
|3^HL2_82'>    0.08389
|3^HL2_12'>   -0.06627
|3^HL2_14'>   -0.15831
|3^HL2_15'>    0.05805
|3^HL3_247'>   -0.06012
|3^HL3_222'>    0.05267
|3^HL3_225'>    0.05169
|3^HL3_212'>   -0.06884
|3^HL3_215'>   -0.09670
|3^HL3_186'>    0.05091
|3^HL3_172'>    0.05530
|3^HL3_165'>    0.05018
|3^HL3_135'>    0.06345
|3^HL3_122'>    0.16104
|3^HL3_127'>    0.14418
|3^HL3_114'>    0.11425
|3^HL3_117'>   -0.08071
|3^HL3_101'>    0.14176
|3^HL3_84'>   -0.05347
|3^HL3_87'>    0.18078
|3^HL3_12'>   -0.06415
|3^HL3_17'>    0.22540
TDMs with Triplet 'Ground' state
TDMX:0.191   TDMY:-0.038   TDMZ:-0.181   Oscillator Strength:0.00760   <S**2>: 2.000
--------------------------------------------------------------------
TDMs with Singlet 'Ground' state
TDMX:-0.000   TDMY:-0.000   TDMZ:0.000   Oscillator Strength:0.00000   <S**2>: 2.000
--------------------------------------------------------------------


State 129 4.524 eV 
Excitation    CI Coef
|5^HL_1211'>   -0.09317
|5^HL_1111'>   -0.20453
|5^HL_1011'>   -0.21567
|5^HL_911'>   -0.42584
|5^HL_811'>   -0.28891
|5^HL_61'>    0.05859
|5^HL_62'>    0.16011
|5^HL_64'>    0.05049
|5^HL_65'>   -0.17277
|5^HL_66'>   -0.11893
|5^HL_68'>    0.10379
|5^HL_611'>    0.06435
|5^HL_612'>    0.44571
|5^HL_614'>    0.10566
|5^HL_615'>   -0.15887
|5^HL_616'>   -0.31122
|5^HL_617'>   -0.14182
|5^HL_623'>    0.06231
|5^HL_411'>   -0.05211
|5^HL_22'>    0.05809
|5^HL_211'>   -0.38415
|5^HL_212'>    0.05237
|5^HL_111'>    0.11951
TDMs with Triplet 'Ground' state
TDMX:-0.000   TDMY:0.003   TDMZ:0.000   Oscillator Strength:0.00000   <S**2>: 6.000
--------------------------------------------------------------------
TDMs with Singlet 'Ground' state
TDMX:-0.000   TDMY:-0.000   TDMZ:0.000   Oscillator Strength:0.00000   <S**2>: 6.000
--------------------------------------------------------------------


State 130 4.525 eV 
Excitation    CI Coef
|3^OS>   -0.06510
|3^HS2_16>    0.12755
|3^HS2_8>   -0.06311
|3^HS2_3>   -0.09285
|3^HS2_1>    0.10823
|3^SL1_1'>    0.08968
|3^SL1_2'>   -0.06353
|3^SL1_6'>    0.06034
|3^SL1_12'>    0.10109
|3^SL1_15'>    0.11594
|3^SL1_16'>    0.18788
|3^SL1_23'>   -0.08417
|3^SL1_25'>    0.10618
|3^SL2_1'>   -0.12518
|3^SL2_4'>   -0.10270
|3^SL2_5'>   -0.17478
|3^SL2_6'>   -0.12346
|3^SL2_9'>    0.05342
|3^SL2_10'>    0.09884
|3^SL2_12'>    0.06745
|3^SL2_15'>   -0.29429
|3^SL2_16'>   -0.27281
|3^SL2_17'>   -0.15649
|3^SL2_23'>    0.06532
|3^SL2_25'>   -0.08959
|3^HL1_101'>   -0.05169
|3^HL1_611'>    0.05623
|3^HL1_510'>    0.06646
|3^HL1_313'>    0.06506
|3^HL1_11'>   -0.06916
|3^HL1_12'>   -0.05870
|3^HL1_15'>   -0.07974
|3^HL2_1116'>   -0.06920
|3^HL2_104'>   -0.05498
|3^HL2_1016'>   -0.06615
|3^HL2_912'>    0.06029
|3^HL2_915'>   -0.06563
|3^HL2_916'>   -0.12245
|3^HL2_917'>   -0.06109
|3^HL2_816'>   -0.06211
|3^HL2_611'>    0.15230
|3^HL2_513'>    0.08621
|3^HL2_414'>    0.12155
|3^HL2_310'>   -0.05987
|3^HL2_212'>    0.18513
|3^HL2_12'>    0.05819
|3^HL3_201'>   -0.09932
|3^HL3_193'>   -0.06031
|3^HL3_1412'>    0.05354
|3^HL3_114'>    0.06839
|3^HL3_101'>    0.05232
|3^HL3_95'>   -0.05018
|3^HL3_912'>    0.09774
|3^HL3_915'>   -0.05490
|3^HL3_916'>   -0.14249
|3^HL3_917'>   -0.05311
|3^HL3_87'>   -0.06397
|3^HL3_812'>    0.06456
|3^HL3_816'>   -0.07102
|3^HL3_611'>   -0.07301
|3^HL3_32'>   -0.06033
|3^HL3_39'>   -0.05665
|3^HL3_310'>   -0.10155
|3^HL3_313'>    0.05093
|3^HL3_315'>    0.05833
|3^HL3_316'>   -0.05496
|3^HL3_212'>    0.24619
|3^HL3_214'>    0.06422
|3^HL3_11'>   -0.10601
|3^HL3_14'>   -0.05070
|3^HL3_17'>   -0.06963
TDMs with Triplet 'Ground' state
TDMX:-0.058   TDMY:0.703   TDMZ:0.049   Oscillator Strength:0.05403   <S**2>: 2.000
--------------------------------------------------------------------
TDMs with Singlet 'Ground' state
TDMX:-0.000   TDMY:-0.000   TDMZ:0.000   Oscillator Strength:0.00000   <S**2>: 2.000
--------------------------------------------------------------------


State 131 4.530 eV 
Excitation    CI Coef
|1^ZW0'>   -0.14829
|1^HS1_24>    0.05847
|1^HS1_23>   -0.05201
|1^HS1_22>    0.08625
|1^HS1_21>   -0.08521
|1^HS1_18>   -0.09551
|1^HS1_13>    0.13481
|1^HS1_12>    0.06001
|1^HS1_11>    0.06468
|1^HS1_9>   -0.06631
|1^HS1_8>   -0.06852
|1^HS1_1>   -0.17145
|1^HS2_21>    0.08015
|1^HS2_18>    0.14299
|1^HS2_16>   -0.06005
|1^HS2_13>   -0.05204
|1^HS2_12>    0.09510
|1^HS2_9>   -0.11013
|1^HS2_1>   -0.23915
|1^SL1_1'>    0.12243
|1^SL1_2'>   -0.08200
|1^SL1_5'>    0.13110
|1^SL1_6'>    0.10823
|1^SL1_7'>   -0.06591
|1^SL1_8'>    0.07747
|1^SL1_15'>    0.06769
|1^SL1_17'>   -0.10061
|1^SL2_1'>    0.12897
|1^SL2_2'>    0.10475
|1^SL2_4'>    0.26442
|1^SL2_5'>    0.14007
|1^SL2_6'>    0.06472
|1^SL2_7'>    0.20870
|1^SL2_18'>   -0.09973
|1^HL1_12'>   -0.06001
|1^HL2_247'>   -0.05779
|1^HL2_222'>    0.13365
|1^HL2_225'>    0.05260
|1^HL2_227'>    0.07851
|1^HL2_215'>   -0.07593
|1^HL2_217'>   -0.08732
|1^HL2_201'>   -0.06053
|1^HL2_193'>   -0.05073
|1^HL2_167'>    0.05364
|1^HL2_132'>    0.11837
|1^HL2_135'>    0.11085
|1^HL2_137'>    0.09187
|1^HL2_1318'>   -0.05678
|1^HL2_122'>    0.14895
|1^HL2_127'>    0.16995
|1^HL2_1217'>    0.06270
|1^HL2_112'>    0.11596
|1^HL2_117'>   -0.06606
|1^HL2_101'>    0.13049
|1^HL2_102'>   -0.05436
|1^HL2_104'>    0.12201
|1^HL2_105'>   -0.05684
|1^HL2_106'>    0.06726
|1^HL2_107'>   -0.05876
|1^HL2_1015'>   -0.05022
|1^HL2_1018'>   -0.06667
|1^HL2_92'>   -0.06925
|1^HL2_81'>   -0.10012
|1^HL2_84'>   -0.08985
|1^HL2_85'>    0.09548
|1^HL2_87'>    0.16480
|1^HL2_88'>    0.06087
|1^HL2_12'>    0.15901
|1^HL2_17'>    0.19121
|1^HL2_18'>   -0.05926
|1^HL2_117'>   -0.09761
TDMs with Triplet 'Ground' state
TDMX:-0.000   TDMY:0.000   TDMZ:-0.000   Oscillator Strength:0.00000   <S**2>: 0.000
--------------------------------------------------------------------
TDMs with Singlet 'Ground' state
TDMX:0.926   TDMY:1.401   TDMZ:-0.849   Oscillator Strength:0.39309   <S**2>: 0.000
--------------------------------------------------------------------


State 132 4.534 eV 
Excitation    CI Coef
|3^SL1_3'>   -0.46118
|3^SL2_3'>    0.66799
|3^HL1_203'>   -0.12267
|3^HL1_191'>   -0.15903
|3^HL1_194'>   -0.06418
|3^HL1_183'>   -0.05422
|3^HL1_123'>   -0.10603
|3^HL1_103'>    0.08723
|3^HL1_93'>    0.17163
|3^HL1_13'>    0.41902
|3^HL3_113'>   -0.11043
|3^HL3_103'>   -0.15691
TDMs with Triplet 'Ground' state
TDMX:-0.061   TDMY:0.047   TDMZ:-0.001   Oscillator Strength:0.00064   <S**2>: 2.000
--------------------------------------------------------------------
TDMs with Singlet 'Ground' state
TDMX:0.000   TDMY:0.000   TDMZ:-0.000   Oscillator Strength:0.00000   <S**2>: 2.000
--------------------------------------------------------------------


State 133 4.537 eV 
Excitation    CI Coef
|5^HL_179'>   -0.05151
|5^HL_129'>    0.16160
|5^HL_1210'>   -0.09601
|5^HL_119'>   -0.15014
|5^HL_1110'>    0.08752
|5^HL_109'>   -0.19888
|5^HL_1010'>    0.11451
|5^HL_99'>    0.27389
|5^HL_910'>   -0.15525
|5^HL_89'>   -0.29776
|5^HL_810'>    0.13657
|5^HL_72'>    0.22977
|5^HL_74'>   -0.07024
|5^HL_75'>    0.22001
|5^HL_76'>   -0.17041
|5^HL_77'>   -0.14425
|5^HL_79'>   -0.21220
|5^HL_710'>   -0.33057
|5^HL_713'>    0.12942
|5^HL_715'>   -0.24742
|5^HL_716'>    0.21510
|5^HL_717'>   -0.14420
|5^HL_722'>    0.07222
|5^HL_510'>    0.05352
|5^HL_32'>   -0.09527
|5^HL_35'>   -0.06119
|5^HL_39'>   -0.31735
|5^HL_310'>    0.22963
|5^HL_19'>   -0.12319
|5^HL_110'>    0.06844
TDMs with Triplet 'Ground' state
TDMX:0.000   TDMY:0.000   TDMZ:-0.000   Oscillator Strength:0.00000   <S**2>: 6.000
--------------------------------------------------------------------
TDMs with Singlet 'Ground' state
TDMX:0.000   TDMY:-0.000   TDMZ:-0.000   Oscillator Strength:0.00000   <S**2>: 6.000
--------------------------------------------------------------------


State 134 4.540 eV 
Excitation    CI Coef
|3^HS2_16>    0.08143
|3^HS2_11>   -0.05752
|3^HS2_5>   -0.11048
|3^HS2_3>    0.17726
|3^SL1_2'>   -0.07378
|3^SL1_13'>   -0.06147
|3^SL1_16'>    0.08107
|3^SL2_9'>   -0.09093
|3^SL2_10'>   -0.17431
|3^SL2_13'>   -0.17804
|3^SL2_16'>   -0.12288
|3^HL1_1013'>    0.05153
|3^HL1_913'>   -0.06988
|3^HL1_813'>    0.05727
|3^HL1_52'>   -0.10308
|3^HL1_55'>   -0.07326
|3^HL1_56'>    0.05159
|3^HL1_59'>   -0.18859
|3^HL1_510'>   -0.29354
|3^HL1_515'>    0.16790
|3^HL1_516'>   -0.13828
|3^HL1_517'>    0.08168
|3^HL1_32'>    0.07791
|3^HL1_313'>   -0.31445
|3^HL1_315'>   -0.07226
|3^HL1_316'>    0.06175
|3^HL1_14'>   -0.05389
|3^HL1_113'>    0.05351
|3^HL2_1524'>   -0.05390
|3^HL2_79'>   -0.06783
|3^HL2_710'>    0.06184
|3^HL2_513'>   -0.19365
|3^HL2_39'>    0.11272
|3^HL2_310'>    0.15160
|3^HL2_315'>   -0.08339
|3^HL2_316'>    0.06858
|3^HL2_317'>   -0.05455
|3^HL3_1513'>   -0.05929
|3^HL3_913'>   -0.05001
|3^HL3_916'>   -0.05413
|3^HL3_52'>   -0.09042
|3^HL3_55'>   -0.05700
|3^HL3_59'>   -0.17042
|3^HL3_510'>   -0.27883
|3^HL3_513'>    0.10032
|3^HL3_515'>    0.16998
|3^HL3_516'>   -0.13836
|3^HL3_517'>    0.07925
|3^HL3_524'>   -0.06065
|3^HL3_32'>    0.09926
|3^HL3_39'>    0.05777
|3^HL3_310'>    0.08039
|3^HL3_313'>   -0.16095
|3^HL3_315'>   -0.11655
|3^HL3_316'>    0.10644
|3^HL3_212'>    0.09105
TDMs with Triplet 'Ground' state
TDMX:0.344   TDMY:0.193   TDMZ:0.507   Oscillator Strength:0.04479   <S**2>: 2.000
--------------------------------------------------------------------
TDMs with Singlet 'Ground' state
TDMX:0.000   TDMY:0.000   TDMZ:-0.000   Oscillator Strength:0.00000   <S**2>: 2.000
--------------------------------------------------------------------


State 135 4.542 eV 
Excitation    CI Coef
|5^HL_1114'>    0.08933
|5^HL_1014'>    0.09319
|5^HL_914'>    0.17854
|5^HL_814'>    0.10167
|5^HL_42'>   -0.08634
|5^HL_45'>    0.08581
|5^HL_411'>    0.06017
|5^HL_412'>    0.52814
|5^HL_415'>    0.24969
|5^HL_416'>    0.35727
|5^HL_417'>    0.13334
|5^HL_214'>   -0.63299
|5^HL_215'>   -0.08137
|5^HL_216'>   -0.08191
|5^HL_114'>   -0.07988
TDMs with Triplet 'Ground' state
TDMX:0.000   TDMY:-0.000   TDMZ:-0.000   Oscillator Strength:0.00000   <S**2>: 6.000
--------------------------------------------------------------------
TDMs with Singlet 'Ground' state
TDMX:-0.000   TDMY:-0.000   TDMZ:0.000   Oscillator Strength:0.00000   <S**2>: 6.000
--------------------------------------------------------------------


State 136 4.549 eV 
Excitation    CI Coef
|1^SL1_3'>   -0.60173
|1^SL2_3'>   -0.63804
|1^HL2_213'>    0.05642
|1^HL2_191'>    0.24096
|1^HL2_194'>    0.08128
|1^HL2_195'>    0.05237
|1^HL2_113'>   -0.13067
|1^HL2_103'>   -0.19272
|1^HL2_93'>   -0.14017
|1^HL2_83'>    0.05846
|1^HL2_13'>   -0.23132
TDMs with Triplet 'Ground' state
TDMX:-0.000   TDMY:-0.000   TDMZ:-0.000   Oscillator Strength:0.00000   <S**2>: 0.000
--------------------------------------------------------------------
TDMs with Singlet 'Ground' state
TDMX:0.031   TDMY:0.097   TDMZ:-0.033   Oscillator Strength:0.00127   <S**2>: 0.000
--------------------------------------------------------------------


State 137 4.550 eV 
Excitation    CI Coef
|5^HL_1213'>    0.09068
|5^HL_1113'>   -0.08342
|5^HL_1013'>   -0.10933
|5^HL_913'>    0.14462
|5^HL_813'>   -0.11310
|5^HL_52'>    0.13683
|5^HL_55'>    0.12170
|5^HL_56'>   -0.08054
|5^HL_59'>    0.29107
|5^HL_510'>    0.46832
|5^HL_515'>   -0.28335
|5^HL_516'>    0.21539
|5^HL_517'>   -0.13387
|5^HL_310'>    0.05944
|5^HL_313'>    0.62603
|5^HL_315'>    0.09703
|5^HL_316'>   -0.05682
|5^HL_113'>   -0.09696
TDMs with Triplet 'Ground' state
TDMX:0.000   TDMY:-0.000   TDMZ:0.000   Oscillator Strength:0.00000   <S**2>: 6.000
--------------------------------------------------------------------
TDMs with Singlet 'Ground' state
TDMX:0.000   TDMY:0.000   TDMZ:-0.000   Oscillator Strength:0.00000   <S**2>: 6.000
--------------------------------------------------------------------


State 138 4.551 eV 
Excitation    CI Coef
|5^HL_421'>   -0.05770
|5^HL_261'>   -0.08327
|5^HL_264'>   -0.08522
|5^HL_231'>    0.09349
|5^HL_234'>    0.08389
|5^HL_221'>   -0.09143
|5^HL_224'>   -0.06080
|5^HL_211'>    0.08061
|5^HL_201'>   -0.48240
|5^HL_202'>    0.09743
|5^HL_204'>   -0.14703
|5^HL_205'>   -0.12764
|5^HL_2018'>   -0.05051
|5^HL_193'>   -0.29390
|5^HL_181'>   -0.13250
|5^HL_132'>    0.11872
|5^HL_125'>    0.06595
|5^HL_112'>    0.07720
|5^HL_91'>   -0.10244
|5^HL_94'>   -0.09057
|5^HL_95'>   -0.10267
|5^HL_82'>   -0.07526
|5^HL_313'>   -0.06036
|5^HL_11'>   -0.52125
|5^HL_12'>    0.09614
|5^HL_14'>   -0.30111
|5^HL_15'>   -0.21217
|5^HL_118'>   -0.06006
|5^HL_119'>    0.12621
TDMs with Triplet 'Ground' state
TDMX:0.001   TDMY:-0.005   TDMZ:0.000   Oscillator Strength:0.00000   <S**2>: 6.000
--------------------------------------------------------------------
TDMs with Singlet 'Ground' state
TDMX:0.000   TDMY:-0.000   TDMZ:-0.000   Oscillator Strength:0.00000   <S**2>: 6.000
--------------------------------------------------------------------


State 139 4.566 eV 
Excitation    CI Coef
|1^HS1_15>    0.08706
|1^HS1_5>   -0.20760
|1^SL1_8'>    0.05019
|1^SL1_10'>   -0.05131
|1^SL1_13'>   -0.12791
|1^SL2_9'>    0.07056
|1^SL2_10'>    0.13783
|1^SL2_13'>    0.33452
|1^HL2_3713'>    0.06958
|1^HL2_159'>   -0.05048
|1^HL2_1510'>   -0.09432
|1^HL2_1513'>   -0.22076
|1^HL2_52'>   -0.14393
|1^HL2_55'>   -0.12161
|1^HL2_56'>    0.07873
|1^HL2_59'>   -0.29468
|1^HL2_510'>   -0.48844
|1^HL2_513'>    0.15071
|1^HL2_515'>    0.30144
|1^HL2_516'>   -0.22884
|1^HL2_517'>    0.14487
|1^HL2_522'>   -0.11478
|1^HL2_524'>   -0.21091
|1^HL2_39'>    0.06912
|1^HL2_310'>    0.13108
|1^HL2_313'>    0.09447
|1^HL2_315'>   -0.06476
|1^HL2_316'>    0.05573
|1^HL2_324'>    0.06684
|1^HL2_18'>   -0.05391
TDMs with Triplet 'Ground' state
TDMX:-0.000   TDMY:-0.000   TDMZ:-0.000   Oscillator Strength:0.00000   <S**2>: 0.000
--------------------------------------------------------------------
TDMs with Singlet 'Ground' state
TDMX:-0.113   TDMY:-0.074   TDMZ:-0.109   Oscillator Strength:0.00338   <S**2>: 0.000
--------------------------------------------------------------------


State 140 4.572 eV 
Excitation    CI Coef
|3^HS2_16>   -0.08182
|3^HS2_11>    0.15734
|3^HS2_10>   -0.17497
|3^HS2_9>    0.07718
|3^HS2_8>    0.05875
|3^HS2_5>   -0.10689
|3^HS2_3>   -0.19717
|3^SL1_2'>    0.06218
|3^SL1_13'>   -0.07843
|3^SL1_16'>   -0.05769
|3^SL2_2'>   -0.05066
|3^SL2_4'>    0.15486
|3^SL2_5'>    0.05244
|3^SL2_6'>   -0.06137
|3^SL2_9'>    0.08817
|3^SL2_10'>    0.12965
|3^SL2_13'>   -0.18693
|3^SL2_15'>   -0.06888
|3^SL2_22'>   -0.05216
|3^HL1_52'>   -0.07074
|3^HL1_59'>   -0.09978
|3^HL1_510'>   -0.13818
|3^HL1_515'>    0.09215
|3^HL1_516'>   -0.07776
|3^HL1_32'>   -0.07768
|3^HL1_39'>   -0.05643
|3^HL1_313'>   -0.16214
|3^HL1_14'>    0.10508
|3^HL2_1524'>    0.07793
|3^HL2_510'>    0.07276
|3^HL2_513'>    0.24809
|3^HL2_414'>    0.05402
|3^HL2_39'>   -0.14603
|3^HL2_310'>   -0.20916
|3^HL2_315'>    0.13310
|3^HL2_316'>   -0.10956
|3^HL2_317'>    0.08826
|3^HL2_212'>    0.05162
|3^HL2_14'>    0.05020
|3^HL3_304'>   -0.05072
|3^HL3_212'>   -0.05280
|3^HL3_112'>   -0.06615
|3^HL3_114'>    0.08305
|3^HL3_115'>   -0.11228
|3^HL3_1118'>   -0.05200
|3^HL3_101'>   -0.06536
|3^HL3_102'>    0.10114
|3^HL3_104'>   -0.11114
|3^HL3_105'>    0.11749
|3^HL3_1018'>    0.05831
|3^HL3_910'>   -0.06215
|3^HL3_81'>    0.05403
|3^HL3_82'>   -0.05861
|3^HL3_810'>    0.05170
|3^HL3_52'>   -0.08952
|3^HL3_55'>   -0.05674
|3^HL3_59'>   -0.15322
|3^HL3_510'>   -0.25612
|3^HL3_515'>    0.14970
|3^HL3_516'>   -0.12834
|3^HL3_517'>    0.07203
|3^HL3_32'>   -0.09925
|3^HL3_310'>   -0.08519
|3^HL3_313'>   -0.12455
|3^HL3_315'>    0.06551
|3^HL3_316'>   -0.07737
|3^HL3_11'>    0.05445
|3^HL3_15'>    0.05814
|3^HL3_16'>   -0.06744
|3^HL3_17'>    0.06173
TDMs with Triplet 'Ground' state
TDMX:-0.383   TDMY:-0.676   TDMZ:-0.342   Oscillator Strength:0.07877   <S**2>: 2.000
--------------------------------------------------------------------
TDMs with Singlet 'Ground' state
TDMX:-0.000   TDMY:0.000   TDMZ:0.000   Oscillator Strength:0.00000   <S**2>: 2.000
--------------------------------------------------------------------


State 141 4.574 eV 
Excitation    CI Coef
|1^OS>   -0.06071
|1^ZW0'>   -0.05708
|1^HS1_24>   -0.05004
|1^HS1_21>    0.08863
|1^HS1_13>   -0.08713
|1^HS1_8>    0.09311
|1^HS2_23>   -0.05774
|1^HS2_18>   -0.10089
|1^HS2_16>    0.05264
|1^HS2_10>   -0.05123
|1^HS2_8>    0.15583
|1^SL1_1'>   -0.08106
|1^SL1_4'>   -0.19805
|1^SL1_8'>    0.29127
|1^SL2_1'>   -0.05723
|1^SL2_2'>    0.06983
|1^SL2_5'>   -0.06800
|1^SL2_6'>   -0.05027
|1^SL2_7'>   -0.09390
|1^SL2_8'>    0.18749
|1^HL2_408'>   -0.09413
|1^HL2_248'>   -0.09094
|1^HL2_238'>   -0.12291
|1^HL2_224'>    0.05575
|1^HL2_225'>   -0.05425
|1^HL2_212'>    0.13654
|1^HL2_218'>   -0.07384
|1^HL2_202'>    0.05346
|1^HL2_181'>   -0.07110
|1^HL2_182'>   -0.15836
|1^HL2_184'>   -0.05992
|1^HL2_185'>    0.16336
|1^HL2_188'>    0.05552
|1^HL2_1826'>   -0.06400
|1^HL2_161'>    0.05035
|1^HL2_162'>    0.11552
|1^HL2_165'>   -0.14535
|1^HL2_1626'>    0.05286
|1^HL2_132'>   -0.14008
|1^HL2_134'>   -0.07785
|1^HL2_135'>    0.12943
|1^HL2_136'>    0.09586
|1^HL2_1317'>   -0.07511
|1^HL2_1326'>   -0.07224
|1^HL2_122'>    0.05463
|1^HL2_125'>   -0.05739
|1^HL2_127'>   -0.07837
|1^HL2_128'>   -0.13576
|1^HL2_112'>    0.07863
|1^HL2_115'>   -0.05488
|1^HL2_118'>   -0.16505
|1^HL2_102'>    0.09631
|1^HL2_106'>    0.05375
|1^HL2_108'>   -0.07286
|1^HL2_82'>   -0.05835
|1^HL2_86'>   -0.10211
|1^HL2_87'>   -0.09573
|1^HL2_88'>    0.27790
|1^HL2_817'>    0.05815
|1^HL2_510'>    0.06203
|1^HL2_12'>    0.07276
|1^HL2_14'>    0.05888
|1^HL2_16'>    0.05022
|1^HL2_18'>   -0.36585
|1^HL2_117'>   -0.05055
|1^HL2_118'>   -0.08586
TDMs with Triplet 'Ground' state
TDMX:0.000   TDMY:0.000   TDMZ:-0.000   Oscillator Strength:0.00000   <S**2>: 0.000
--------------------------------------------------------------------
TDMs with Singlet 'Ground' state
TDMX:-0.176   TDMY:0.254   TDMZ:0.255   Oscillator Strength:0.01799   <S**2>: 0.000
--------------------------------------------------------------------


State 142 4.575 eV 
Excitation    CI Coef
|3^HS2_11>    0.21009
|3^HS2_10>   -0.22500
|3^HS2_9>    0.12845
|3^HS2_5>    0.05232
|3^HS2_3>    0.12581
|3^HS2_1>    0.07124
|3^SL1_1'>   -0.07049
|3^SL1_3'>    0.05534
|3^SL1_4'>    0.05599
|3^SL1_5'>    0.08742
|3^SL1_6'>   -0.12289
|3^SL1_12'>    0.05881
|3^SL2_4'>    0.22264
|3^SL2_5'>    0.11961
|3^SL2_13'>    0.06823
|3^SL2_16'>   -0.07462
|3^SL2_18'>   -0.06876
|3^HL1_112'>    0.06148
|3^HL1_104'>    0.05165
|3^HL1_82'>   -0.06079
|3^HL1_84'>   -0.06075
|3^HL1_510'>    0.05785
|3^HL1_313'>    0.07241
|3^HL1_11'>   -0.06859
|3^HL1_13'>    0.06478
|3^HL1_14'>    0.10897
|3^HL1_15'>   -0.11544
|3^HL2_1524'>   -0.07686
|3^HL2_510'>   -0.06099
|3^HL2_513'>   -0.24307
|3^HL2_39'>    0.13623
|3^HL2_310'>    0.20426
|3^HL2_315'>   -0.13161
|3^HL2_316'>    0.10855
|3^HL2_317'>   -0.08350
|3^HL2_212'>    0.05499
|3^HL2_12'>    0.07496
|3^HL2_14'>    0.06960
|3^HL3_304'>   -0.07797
|3^HL3_222'>   -0.05553
|3^HL3_212'>   -0.07213
|3^HL3_215'>   -0.05849
|3^HL3_201'>    0.07796
|3^HL3_191'>   -0.05759
|3^HL3_193'>    0.05048
|3^HL3_182'>   -0.06463
|3^HL3_112'>   -0.13708
|3^HL3_114'>    0.12074
|3^HL3_115'>   -0.16230
|3^HL3_1115'>   -0.07024
|3^HL3_1116'>    0.05227
|3^HL3_1118'>   -0.06906
|3^HL3_101'>   -0.09409
|3^HL3_102'>    0.14956
|3^HL3_104'>   -0.15623
|3^HL3_105'>    0.16960
|3^HL3_1016'>   -0.06415
|3^HL3_1018'>    0.08978
|3^HL3_96'>   -0.06973
|3^HL3_81'>    0.08075
|3^HL3_85'>   -0.05589
|3^HL3_59'>    0.06376
|3^HL3_510'>    0.10828
|3^HL3_515'>   -0.06627
|3^HL3_516'>    0.05727
|3^HL3_32'>    0.06168
|3^HL3_313'>    0.07591
|3^HL3_212'>    0.05602
|3^HL3_11'>    0.10042
|3^HL3_13'>    0.05887
|3^HL3_15'>    0.05598
|3^HL3_16'>   -0.10154
|3^HL3_17'>    0.08235
|3^HL3_118'>    0.06539
TDMs with Triplet 'Ground' state
TDMX:-0.101   TDMY:-0.077   TDMZ:0.008   Oscillator Strength:0.00177   <S**2>: 2.000
--------------------------------------------------------------------
TDMs with Singlet 'Ground' state
TDMX:-0.000   TDMY:0.000   TDMZ:0.000   Oscillator Strength:0.00000   <S**2>: 2.000
--------------------------------------------------------------------


State 143 4.576 eV 
Excitation    CI Coef
|3^SL1_3'>    0.34497
|3^SL2_3'>   -0.19476
|3^HL1_203'>   -0.14901
|3^HL1_191'>   -0.20837
|3^HL1_194'>   -0.08419
|3^HL1_195'>   -0.05411
|3^HL1_183'>   -0.08636
|3^HL1_123'>   -0.11499
|3^HL1_113'>   -0.08037
|3^HL1_103'>   -0.07539
|3^HL1_93'>    0.14432
|3^HL1_13'>    0.49881
|3^HL3_191'>   -0.41074
|3^HL3_192'>    0.06978
|3^HL3_194'>   -0.13780
|3^HL3_195'>   -0.08894
|3^HL3_93'>    0.17113
|3^HL3_13'>    0.43510
TDMs with Triplet 'Ground' state
TDMX:-0.060   TDMY:-0.033   TDMZ:-0.026   Oscillator Strength:0.00058   <S**2>: 2.000
--------------------------------------------------------------------
TDMs with Singlet 'Ground' state
TDMX:0.000   TDMY:-0.000   TDMZ:-0.000   Oscillator Strength:0.00000   <S**2>: 2.000
--------------------------------------------------------------------


State 144 4.584 eV 
Excitation    CI Coef
|1^HS1_4>   -0.11366
|1^HS2_4>   -0.19610
|1^SL1_12'>   -0.08391
|1^SL1_14'>    0.37162
|1^SL2_14'>    0.13231
|1^HL2_3614'>    0.07973
|1^HL2_1814'>    0.05221
|1^HL2_1412'>   -0.07436
|1^HL2_1414'>    0.25459
|1^HL2_41'>   -0.05238
|1^HL2_42'>   -0.14154
|1^HL2_45'>    0.11574
|1^HL2_46'>    0.05989
|1^HL2_411'>    0.05577
|1^HL2_412'>    0.56274
|1^HL2_414'>    0.08038
|1^HL2_415'>    0.26230
|1^HL2_416'>    0.36448
|1^HL2_417'>    0.12355
|1^HL2_423'>   -0.08904
|1^HL2_425'>   -0.24574
|1^HL2_212'>   -0.08823
|1^HL2_214'>    0.05657
|1^HL2_216'>   -0.05938
|1^HL2_225'>    0.05488
TDMs with Triplet 'Ground' state
TDMX:-0.000   TDMY:-0.000   TDMZ:-0.000   Oscillator Strength:0.00000   <S**2>: 0.000
--------------------------------------------------------------------
TDMs with Singlet 'Ground' state
TDMX:0.070   TDMY:-0.008   TDMZ:-0.007   Oscillator Strength:0.00056   <S**2>: 0.000
--------------------------------------------------------------------


State 145 4.586 eV 
Excitation    CI Coef
|5^HL_301'>    0.06680
|5^HL_304'>   -0.20405
|5^HL_262'>   -0.11235
|5^HL_266'>   -0.13241
|5^HL_244'>    0.12170
|5^HL_232'>    0.10818
|5^HL_236'>    0.09177
|5^HL_222'>   -0.10182
|5^HL_2220'>    0.09953
|5^HL_202'>    0.07439
|5^HL_2020'>   -0.06300
|5^HL_186'>    0.09463
|5^HL_166'>   -0.05100
|5^HL_131'>   -0.05209
|5^HL_134'>    0.12479
|5^HL_135'>   -0.10460
|5^HL_1321'>   -0.07627
|5^HL_124'>   -0.05730
|5^HL_126'>    0.17656
|5^HL_114'>    0.36674
|5^HL_115'>   -0.25565
|5^HL_116'>    0.06919
|5^HL_1116'>    0.08308
|5^HL_1118'>   -0.13114
|5^HL_1119'>    0.07320
|5^HL_1121'>   -0.07961
|5^HL_1126'>   -0.05071
|5^HL_101'>   -0.08881
|5^HL_104'>   -0.24006
|5^HL_105'>    0.30446
|5^HL_1016'>   -0.08896
|5^HL_1018'>    0.14044
|5^HL_1019'>   -0.06414
|5^HL_96'>   -0.19702
|5^HL_915'>    0.05576
|5^HL_81'>    0.18346
|5^HL_84'>   -0.17195
|5^HL_85'>   -0.07481
|5^HL_12'>   -0.09431
|5^HL_16'>   -0.32344
|5^HL_17'>    0.05120
|5^HL_18'>   -0.05337
|5^HL_115'>    0.09349
|5^HL_120'>   -0.09175
TDMs with Triplet 'Ground' state
TDMX:0.001   TDMY:-0.002   TDMZ:-0.000   Oscillator Strength:0.00000   <S**2>: 6.000
--------------------------------------------------------------------
TDMs with Singlet 'Ground' state
TDMX:0.000   TDMY:0.000   TDMZ:0.000   Oscillator Strength:0.00000   <S**2>: 6.000
--------------------------------------------------------------------


State 146 4.605 eV 
Excitation    CI Coef
|3^HS2_16>    0.09508
|3^HS2_12>   -0.07526
|3^HS2_11>    0.08306
|3^HS2_8>   -0.10672
|3^HS2_3>   -0.05057
|3^HS2_1>    0.18534
|3^SL1_2'>   -0.06412
|3^SL1_8'>    0.08169
|3^SL1_9'>   -0.05130
|3^SL1_10'>   -0.07485
|3^SL1_12'>   -0.08461
|3^SL1_15'>    0.05970
|3^SL1_17'>    0.06469
|3^SL2_4'>    0.07995
|3^SL2_6'>    0.07085
|3^SL2_9'>   -0.06608
|3^SL2_10'>   -0.11112
|3^SL2_12'>    0.06350
|3^SL2_15'>    0.11673
|3^SL2_16'>    0.08510
|3^SL2_17'>    0.05178
|3^HL1_112'>    0.07714
|3^HL1_104'>    0.07410
|3^HL1_82'>   -0.09963
|3^HL1_11'>   -0.07916
|3^HL1_15'>   -0.14167
|3^HL2_3625'>    0.06390
|3^HL2_1524'>    0.05165
|3^HL2_1425'>    0.11609
|3^HL2_132'>   -0.06186
|3^HL2_111'>   -0.05810
|3^HL2_112'>   -0.07152
|3^HL2_114'>    0.08329
|3^HL2_104'>   -0.07423
|3^HL2_910'>   -0.05482
|3^HL2_912'>    0.06888
|3^HL2_915'>    0.05741
|3^HL2_916'>    0.05367
|3^HL2_82'>    0.06534
|3^HL2_79'>   -0.07856
|3^HL2_513'>    0.14888
|3^HL2_414'>   -0.35817
|3^HL2_39'>   -0.06321
|3^HL2_310'>   -0.11664
|3^HL2_315'>    0.10218
|3^HL2_316'>   -0.08433
|3^HL2_317'>    0.06330
|3^HL2_212'>   -0.31169
|3^HL2_215'>   -0.14893
|3^HL2_216'>   -0.21758
|3^HL2_217'>   -0.09037
|3^HL2_12'>    0.08125
|3^HL2_14'>   -0.10395
|3^HL2_15'>    0.06975
|3^HL2_16'>    0.06671
|3^HL3_225'>   -0.05496
|3^HL3_201'>   -0.05417
|3^HL3_132'>   -0.06562
|3^HL3_112'>   -0.05894
|3^HL3_114'>    0.06329
|3^HL3_115'>   -0.06115
|3^HL3_102'>    0.08460
|3^HL3_104'>   -0.05264
|3^HL3_105'>    0.05740
|3^HL3_95'>   -0.05229
|3^HL3_87'>   -0.08535
|3^HL3_88'>    0.06644
|3^HL3_310'>    0.05583
|3^HL3_212'>    0.07042
|3^HL3_11'>   -0.08198
|3^HL3_14'>   -0.05265
|3^HL3_16'>   -0.05046
|3^HL3_17'>   -0.08749
|3^HL3_18'>   -0.08831
TDMs with Triplet 'Ground' state
TDMX:0.415   TDMY:0.126   TDMZ:-0.270   Oscillator Strength:0.02872   <S**2>: 2.000
--------------------------------------------------------------------
TDMs with Singlet 'Ground' state
TDMX:-0.000   TDMY:-0.000   TDMZ:0.000   Oscillator Strength:0.00000   <S**2>: 2.000
--------------------------------------------------------------------


State 147 4.614 eV 
Excitation    CI Coef
|1^OS>   -0.07307
|1^ZW0>    0.10216
|1^ZW0'>   -0.13370
|1^HS1_24>   -0.10089
|1^HS1_23>    0.07614
|1^HS1_22>    0.06243
|1^HS1_17>    0.06870
|1^HS1_15>   -0.17714
|1^HS1_12>   -0.19508
|1^HS1_11>    0.09224
|1^HS1_9>   -0.08663
|1^HS1_1>    0.14102
|1^HS2_17>   -0.07498
|1^HS2_16>   -0.09579
|1^HS2_15>    0.06436
|1^HS2_13>    0.08265
|1^HS2_12>    0.24558
|1^HS2_9>   -0.19580
|1^HS2_8>    0.15009
|1^HS2_1>   -0.07577
|1^SL1_4'>   -0.28482
|1^SL1_5'>   -0.05162
|1^SL1_8'>   -0.10716
|1^SL1_10'>    0.05411
|1^SL1_16'>    0.05161
|1^SL2_1'>   -0.09865
|1^SL2_2'>    0.17870
|1^SL2_5'>   -0.09194
|1^SL2_6'>    0.08478
|1^SL2_7'>   -0.09188
|1^SL2_8'>   -0.05070
|1^SL2_9'>   -0.07996
|1^SL2_10'>   -0.14875
|1^SL2_13'>    0.09740
|1^SL2_22'>    0.08670
|1^HL1_92'>   -0.05288
|1^HL2_224'>    0.05784
|1^HL2_212'>    0.05435
|1^HL2_215'>    0.07639
|1^HL2_217'>    0.05047
|1^HL2_187'>    0.05629
|1^HL2_172'>   -0.07388
|1^HL2_1710'>    0.06761
|1^HL2_132'>    0.21138
|1^HL2_137'>   -0.07153
|1^HL2_125'>    0.08655
|1^HL2_126'>   -0.09362
|1^HL2_127'>   -0.07203
|1^HL2_112'>    0.05484
|1^HL2_114'>   -0.06362
|1^HL2_1115'>    0.05091
|1^HL2_101'>   -0.07662
|1^HL2_106'>    0.10866
|1^HL2_92'>   -0.10452
|1^HL2_96'>    0.06530
|1^HL2_85'>    0.09990
|1^HL2_86'>   -0.13036
|1^HL2_88'>   -0.08718
|1^HL2_817'>    0.06045
|1^HL2_79'>   -0.07222
|1^HL2_710'>    0.05337
|1^HL2_59'>   -0.05491
|1^HL2_510'>   -0.08788
|1^HL2_515'>    0.05605
|1^HL2_310'>   -0.06028
|1^HL2_315'>    0.05368
|1^HL2_11'>   -0.05060
|1^HL2_12'>    0.10858
|1^HL2_15'>    0.09126
|1^HL2_18'>    0.08714
|1^HL2_115'>   -0.07904
|1^HL2_117'>    0.08886
|1^HL2_118'>   -0.12188
TDMs with Triplet 'Ground' state
TDMX:0.000   TDMY:0.000   TDMZ:-0.000   Oscillator Strength:0.00000   <S**2>: 0.000
--------------------------------------------------------------------
TDMs with Singlet 'Ground' state
TDMX:0.737   TDMY:0.952   TDMZ:-0.100   Oscillator Strength:0.16491   <S**2>: 0.000
--------------------------------------------------------------------


State 148 4.618 eV 
Excitation    CI Coef
|3^HS2_11>    0.06267
|3^HS2_3>    0.07568
|3^HS2_1>    0.10185
|3^SL1_2'>   -0.07122
|3^SL1_4'>    0.07220
|3^SL1_5'>   -0.08743
|3^SL1_6'>   -0.06413
|3^SL1_10'>   -0.05662
|3^SL1_15'>   -0.05316
|3^SL1_16'>   -0.09371
|3^SL2_5'>   -0.05134
|3^SL2_9'>   -0.06100
|3^SL2_10'>   -0.10793
|3^SL2_12'>   -0.07196
|3^HL1_32'>    0.05137
|3^HL1_16'>    0.06229
|3^HL2_3625'>   -0.05499
|3^HL2_224'>    0.06416
|3^HL2_212'>   -0.05195
|3^HL2_214'>    0.07063
|3^HL2_216'>   -0.08522
|3^HL2_204'>   -0.08128
|3^HL2_185'>    0.06057
|3^HL2_188'>   -0.05087
|3^HL2_1425'>   -0.09981
|3^HL2_132'>   -0.16370
|3^HL2_136'>   -0.06155
|3^HL2_138'>   -0.06451
|3^HL2_124'>    0.07260
|3^HL2_127'>    0.05176
|3^HL2_111'>   -0.08366
|3^HL2_112'>   -0.15453
|3^HL2_114'>    0.10488
|3^HL2_116'>   -0.09757
|3^HL2_1117'>   -0.05811
|3^HL2_104'>   -0.06309
|3^HL2_106'>    0.10065
|3^HL2_1015'>   -0.05508
|3^HL2_94'>   -0.11187
|3^HL2_912'>   -0.07074
|3^HL2_916'>   -0.05311
|3^HL2_82'>    0.16295
|3^HL2_513'>    0.07067
|3^HL2_414'>    0.31276
|3^HL2_310'>   -0.05686
|3^HL2_212'>    0.24752
|3^HL2_215'>    0.13063
|3^HL2_216'>    0.19276
|3^HL2_217'>    0.08135
|3^HL2_11'>    0.07838
|3^HL2_12'>    0.05548
|3^HL2_14'>   -0.32904
|3^HL2_15'>    0.16228
|3^HL2_16'>    0.07361
|3^HL2_118'>    0.07490
|3^HL3_132'>   -0.05182
|3^HL3_112'>   -0.07718
|3^HL3_92'>   -0.05256
|3^HL3_82'>    0.06512
|3^HL3_85'>    0.06280
|3^HL3_87'>   -0.08733
|3^HL3_315'>   -0.05084
|3^HL3_212'>   -0.13302
|3^HL3_17'>   -0.10357
TDMs with Triplet 'Ground' state
TDMX:0.183   TDMY:0.010   TDMZ:-0.220   Oscillator Strength:0.00906   <S**2>: 2.000
--------------------------------------------------------------------
TDMs with Singlet 'Ground' state
TDMX:-0.000   TDMY:-0.000   TDMZ:0.000   Oscillator Strength:0.00000   <S**2>: 2.000
--------------------------------------------------------------------


State 149 4.625 eV 
Excitation    CI Coef
|5^HL_191'>    0.60206
|5^HL_192'>   -0.10520
|5^HL_194'>    0.20155
|5^HL_195'>    0.12725
|5^HL_123'>    0.11318
|5^HL_113'>    0.05201
|5^HL_93'>   -0.21927
|5^HL_13'>   -0.70135
TDMs with Triplet 'Ground' state
TDMX:-0.001   TDMY:0.000   TDMZ:0.002   Oscillator Strength:0.00000   <S**2>: 6.000
--------------------------------------------------------------------
TDMs with Singlet 'Ground' state
TDMX:0.000   TDMY:0.000   TDMZ:-0.000   Oscillator Strength:0.00000   <S**2>: 6.000
--------------------------------------------------------------------


State 150 4.636 eV 
Excitation    CI Coef
|3^HS2_4>   -0.22268
|3^SL1_12'>   -0.11479
|3^SL1_14'>    0.23776
|3^SL2_12'>    0.08741
|3^SL2_14'>   -0.07686
|3^HL1_914'>    0.08044
|3^HL1_82'>    0.06946
|3^HL1_42'>   -0.10627
|3^HL1_45'>    0.10065
|3^HL1_412'>    0.32725
|3^HL1_415'>    0.15878
|3^HL1_416'>    0.19875
|3^HL1_417'>    0.06862
|3^HL1_214'>   -0.34351
|3^HL1_215'>   -0.05574
|3^HL1_216'>   -0.05583
|3^HL1_15'>    0.05339
|3^HL1_16'>    0.05484
|3^HL2_912'>    0.05686
|3^HL2_611'>    0.05095
|3^HL2_412'>    0.07046
|3^HL2_414'>   -0.08317
|3^HL2_212'>   -0.07315
|3^HL2_214'>    0.05986
|3^HL2_215'>   -0.05204
|3^HL2_216'>   -0.07953
|3^HL3_3614'>    0.05426
|3^HL3_1412'>   -0.06087
|3^HL3_1414'>    0.18514
|3^HL3_42'>   -0.08181
|3^HL3_45'>    0.09329
|3^HL3_412'>    0.42049
|3^HL3_415'>    0.19304
|3^HL3_416'>    0.24859
|3^HL3_417'>    0.09277
|3^HL3_423'>   -0.05909
|3^HL3_425'>   -0.16719
|3^HL3_214'>   -0.13551
|3^HL3_215'>   -0.05201
|3^HL3_216'>   -0.07005
TDMs with Triplet 'Ground' state
TDMX:0.289   TDMY:0.052   TDMZ:0.019   Oscillator Strength:0.00957   <S**2>: 2.000
--------------------------------------------------------------------
TDMs with Singlet 'Ground' state
TDMX:0.000   TDMY:0.000   TDMZ:-0.000   Oscillator Strength:0.00000   <S**2>: 2.000
--------------------------------------------------------------------


State 151 4.641 eV 
Excitation    CI Coef
|3^HS2_18>    0.05212
|3^HS2_12>    0.08359
|3^HS2_11>   -0.09912
|3^HS2_4>    0.05696
|3^SL1_6'>   -0.05924
|3^SL1_8'>   -0.07311
|3^SL1_10'>    0.06978
|3^SL1_14'>   -0.07317
|3^SL2_4'>   -0.05081
|3^SL2_5'>   -0.05412
|3^SL2_6'>   -0.14174
|3^SL2_8'>    0.07879
|3^SL2_9'>    0.05927
|3^SL2_10'>    0.10719
|3^SL2_12'>    0.06875
|3^HL1_222'>    0.09178
|3^HL1_202'>   -0.05431
|3^HL1_182'>    0.06738
|3^HL1_131'>   -0.06553
|3^HL1_132'>    0.07190
|3^HL1_134'>    0.09161
|3^HL1_122'>    0.12672
|3^HL1_124'>   -0.07849
|3^HL1_125'>    0.10352
|3^HL1_111'>   -0.09575
|3^HL1_112'>   -0.12772
|3^HL1_115'>    0.09275
|3^HL1_101'>   -0.06670
|3^HL1_104'>    0.19533
|3^HL1_1018'>   -0.05091
|3^HL1_92'>   -0.06286
|3^HL1_94'>    0.06535
|3^HL1_96'>    0.07094
|3^HL1_81'>    0.17167
|3^HL1_82'>    0.26701
|3^HL1_84'>   -0.22336
|3^HL1_86'>   -0.08564
|3^HL1_87'>   -0.07219
|3^HL1_88'>    0.06365
|3^HL1_412'>   -0.08654
|3^HL1_214'>    0.08205
|3^HL1_11'>    0.07041
|3^HL1_15'>    0.23144
|3^HL1_16'>    0.24215
|3^HL1_17'>   -0.10738
|3^HL1_115'>   -0.09303
|3^HL1_117'>    0.06559
|3^HL2_193'>    0.05030
|3^HL2_1425'>    0.05021
|3^HL2_132'>   -0.06771
|3^HL2_116'>   -0.05524
|3^HL2_94'>   -0.05471
|3^HL2_912'>    0.06599
|3^HL2_79'>    0.08031
|3^HL2_710'>   -0.05233
|3^HL2_611'>    0.05927
|3^HL2_513'>   -0.10372
|3^HL2_414'>   -0.15558
|3^HL2_310'>    0.06889
|3^HL2_315'>   -0.06784
|3^HL2_316'>    0.05787
|3^HL2_212'>   -0.09691
|3^HL2_215'>   -0.07123
|3^HL2_216'>   -0.10706
|3^HL2_11'>    0.05583
|3^HL2_14'>   -0.14114
|3^HL3_201'>    0.07387
|3^HL3_114'>    0.05031
|3^HL3_412'>   -0.09587
|3^HL3_415'>   -0.05172
|3^HL3_416'>   -0.06750
|3^HL3_212'>    0.05704
|3^HL3_11'>    0.10799
TDMs with Triplet 'Ground' state
TDMX:0.392   TDMY:0.569   TDMZ:-0.361   Oscillator Strength:0.06737   <S**2>: 2.000
--------------------------------------------------------------------
TDMs with Singlet 'Ground' state
TDMX:-0.000   TDMY:-0.000   TDMZ:-0.000   Oscillator Strength:0.00000   <S**2>: 2.000
--------------------------------------------------------------------


State 152 4.649 eV 
Excitation    CI Coef
|3^HS2_3>   -0.05627
|3^HS2_1>    0.05277
|3^SL1_1'>    0.06000
|3^SL1_5'>   -0.08583
|3^SL1_8'>    0.06529
|3^SL1_9'>    0.09986
|3^SL1_10'>    0.15272
|3^SL1_15'>   -0.07528
|3^SL2_7'>    0.09140
|3^SL2_9'>    0.14293
|3^SL2_10'>    0.22220
|3^SL2_13'>   -0.07995
|3^SL2_15'>   -0.05681
|3^SL2_16'>    0.12979
|3^SL2_22'>   -0.08073
|3^HL1_112'>    0.07357
|3^HL1_81'>   -0.05708
|3^HL1_82'>   -0.18257
|3^HL1_84'>    0.05244
|3^HL1_86'>    0.06097
|3^HL1_79'>   -0.05628
|3^HL1_15'>   -0.13768
|3^HL2_193'>    0.05156
|3^HL2_1722'>   -0.06225
|3^HL2_1524'>   -0.08579
|3^HL2_1210'>    0.07348
|3^HL2_1110'>   -0.05635
|3^HL2_109'>   -0.05295
|3^HL2_1010'>   -0.07989
|3^HL2_99'>    0.07899
|3^HL2_910'>    0.12035
|3^HL2_89'>   -0.05043
|3^HL2_810'>   -0.11018
|3^HL2_79'>    0.25590
|3^HL2_710'>   -0.16277
|3^HL2_510'>   -0.06111
|3^HL2_513'>   -0.24541
|3^HL2_35'>    0.06309
|3^HL2_36'>   -0.05253
|3^HL2_39'>    0.06178
|3^HL2_310'>    0.15283
|3^HL2_315'>   -0.17464
|3^HL2_316'>    0.14654
|3^HL2_317'>   -0.10904
|3^HL2_212'>   -0.05535
|3^HL2_11'>    0.05066
|3^HL2_14'>   -0.11327
|3^HL2_110'>   -0.05182
|3^HL3_212'>    0.05380
|3^HL3_201'>   -0.10065
|3^HL3_1010'>    0.05961
|3^HL3_99'>   -0.05732
|3^HL3_910'>   -0.06919
|3^HL3_916'>    0.06940
|3^HL3_89'>    0.07314
|3^HL3_810'>    0.07584
|3^HL3_817'>    0.07870
|3^HL3_79'>    0.07039
|3^HL3_710'>   -0.07451
|3^HL3_510'>   -0.06493
|3^HL3_515'>    0.05315
|3^HL3_32'>   -0.09181
|3^HL3_35'>   -0.07681
|3^HL3_36'>    0.06014
|3^HL3_313'>   -0.05224
|3^HL3_315'>    0.11424
|3^HL3_316'>   -0.10073
|3^HL3_317'>    0.06102
|3^HL3_212'>   -0.05539
|3^HL3_11'>   -0.13612
|3^HL3_14'>   -0.07486
|3^HL3_17'>   -0.08118
|3^HL3_18'>   -0.05256
|3^HL3_118'>   -0.05191
TDMs with Triplet 'Ground' state
TDMX:-0.260   TDMY:-0.580   TDMZ:-0.472   Oscillator Strength:0.06968   <S**2>: 2.000
--------------------------------------------------------------------
TDMs with Singlet 'Ground' state
TDMX:0.000   TDMY:-0.000   TDMZ:-0.000   Oscillator Strength:0.00000   <S**2>: 2.000
--------------------------------------------------------------------


State 153 4.653 eV 
Excitation    CI Coef
|1^OS>   -0.07781
|1^ZW0'>   -0.13172
|1^HS1_22>    0.06409
|1^HS1_21>   -0.10122
|1^HS1_18>   -0.09716
|1^HS1_17>   -0.05400
|1^HS1_15>    0.17824
|1^HS1_12>   -0.05080
|1^HS1_9>    0.08183
|1^HS1_8>   -0.24363
|1^HS1_1>   -0.05484
|1^HS2_21>    0.06295
|1^HS2_18>    0.05285
|1^HS2_15>   -0.06905
|1^HS2_10>   -0.07583
|1^HS2_9>    0.12423
|1^HS2_8>   -0.18003
|1^HS2_1>   -0.11077
|1^SL1_1'>   -0.19732
|1^SL1_2'>   -0.14022
|1^SL1_4'>   -0.11185
|1^SL1_5'>    0.09783
|1^SL1_6'>   -0.17321
|1^SL1_17'>    0.09149
|1^SL2_1'>   -0.12717
|1^SL2_2'>    0.20422
|1^SL2_4'>   -0.12734
|1^SL2_5'>   -0.38544
|1^SL2_6'>    0.07673
|1^SL2_7'>    0.05568
|1^SL2_9'>    0.05032
|1^SL2_10'>    0.11030
|1^SL2_13'>   -0.05237
|1^SL2_15'>   -0.07246
|1^SL2_16'>   -0.06511
|1^SL2_18'>    0.12656
|1^SL2_22'>   -0.09044
|1^HL1_95'>    0.05060
|1^HL2_201'>    0.14193
|1^HL2_204'>    0.05126
|1^HL2_193'>    0.06332
|1^HL2_182'>   -0.08036
|1^HL2_175'>    0.05351
|1^HL2_1710'>   -0.06764
|1^HL2_1515'>    0.05456
|1^HL2_132'>    0.05470
|1^HL2_121'>   -0.07283
|1^HL2_122'>   -0.13146
|1^HL2_126'>   -0.05550
|1^HL2_114'>   -0.06897
|1^HL2_115'>   -0.06507
|1^HL2_101'>   -0.16939
|1^HL2_95'>    0.05843
|1^HL2_82'>   -0.07358
|1^HL2_87'>    0.05601
|1^HL2_324'>    0.05050
|1^HL2_11'>    0.18431
|1^HL2_12'>    0.05633
|1^HL2_15'>    0.16952
|1^HL2_17'>    0.08597
TDMs with Triplet 'Ground' state
TDMX:0.000   TDMY:0.000   TDMZ:0.000   Oscillator Strength:0.00000   <S**2>: 0.000
--------------------------------------------------------------------
TDMs with Singlet 'Ground' state
TDMX:0.036   TDMY:-0.387   TDMZ:-0.599   Oscillator Strength:0.05814   <S**2>: 0.000
--------------------------------------------------------------------


State 154 4.680 eV 
Excitation    CI Coef
|3^HS2_11>    0.14648
|3^HS2_10>   -0.12145
|3^SL1_1'>   -0.08583
|3^SL1_4'>   -0.09394
|3^SL1_6'>    0.06986
|3^SL1_8'>   -0.10082
|3^SL1_17'>    0.05255
|3^SL2_2'>    0.05192
|3^SL2_4'>    0.09624
|3^SL2_6'>    0.07309
|3^SL2_8'>    0.09080
|3^SL2_12'>    0.07316
|3^SL2_16'>   -0.06182
|3^SL2_17'>   -0.06699
|3^HL1_222'>   -0.10805
|3^HL1_212'>   -0.06926
|3^HL1_214'>   -0.06320
|3^HL1_131'>    0.10501
|3^HL1_134'>   -0.09759
|3^HL1_135'>   -0.09042
|3^HL1_122'>   -0.15369
|3^HL1_125'>    0.06747
|3^HL1_112'>   -0.10161
|3^HL1_114'>    0.07503
|3^HL1_1118'>   -0.05566
|3^HL1_101'>    0.08332
|3^HL1_102'>   -0.09170
|3^HL1_104'>   -0.32023
|3^HL1_105'>    0.07382
|3^HL1_1018'>    0.05205
|3^HL1_91'>    0.06335
|3^HL1_92'>    0.14682
|3^HL1_96'>   -0.08681
|3^HL1_81'>   -0.08681
|3^HL1_82'>    0.19255
|3^HL1_84'>    0.32706
|3^HL1_85'>   -0.09092
|3^HL1_86'>   -0.05899
|3^HL1_88'>    0.08745
|3^HL1_15'>    0.13939
|3^HL1_16'>   -0.20409
|3^HL1_17'>    0.05210
|3^HL1_18'>   -0.14166
|3^HL1_115'>    0.12936
|3^HL1_117'>   -0.10993
|3^HL2_201'>   -0.10248
|3^HL2_204'>   -0.05987
|3^HL2_193'>    0.11171
|3^HL2_112'>   -0.05470
|3^HL2_912'>    0.07123
|3^HL2_611'>    0.09349
|3^HL2_414'>   -0.11920
|3^HL2_215'>   -0.05603
|3^HL2_216'>   -0.08966
|3^HL2_11'>    0.05305
|3^HL2_14'>   -0.05311
|3^HL3_201'>    0.08711
|3^HL3_112'>   -0.10317
|3^HL3_114'>   -0.08432
|3^HL3_84'>    0.05830
|3^HL3_212'>    0.08239
|3^HL3_11'>    0.13780
|3^HL3_14'>    0.07556
|3^HL3_15'>    0.05490
|3^HL3_18'>    0.06959
TDMs with Triplet 'Ground' state
TDMX:-0.171   TDMY:0.864   TDMZ:0.843   Oscillator Strength:0.16632   <S**2>: 2.000
--------------------------------------------------------------------
TDMs with Singlet 'Ground' state
TDMX:-0.000   TDMY:-0.000   TDMZ:-0.000   Oscillator Strength:0.00000   <S**2>: 2.000
--------------------------------------------------------------------


State 155 4.682 eV 
Excitation    CI Coef
|3^HS2_12>    0.05262
|3^HL1_82'>   -0.06598
|3^HL2_351'>   -0.05123
|3^HL2_3518'>    0.06554
|3^HL2_3519'>    0.19798
|3^HL2_2619'>   -0.05851
|3^HL2_221'>   -0.11485
|3^HL2_211'>    0.06420
|3^HL2_201'>   -0.52363
|3^HL2_202'>    0.10113
|3^HL2_204'>   -0.21726
|3^HL2_205'>   -0.15501
|3^HL2_2018'>   -0.07617
|3^HL2_193'>    0.55167
|3^HL2_181'>   -0.17888
|3^HL2_184'>   -0.05846
|3^HL2_185'>   -0.05422
|3^HL2_161'>    0.05757
|3^HL2_121'>   -0.11386
|3^HL2_91'>    0.11701
|3^HL2_82'>   -0.05295
|3^HL2_79'>   -0.08429
|3^HL2_710'>    0.05900
|3^HL2_11'>    0.23652
|3^HL2_12'>   -0.06210
|3^HL3_11'>   -0.05550
TDMs with Triplet 'Ground' state
TDMX:-0.116   TDMY:-0.140   TDMZ:-0.020   Oscillator Strength:0.00374   <S**2>: 2.000
--------------------------------------------------------------------
TDMs with Singlet 'Ground' state
TDMX:-0.000   TDMY:-0.000   TDMZ:0.000   Oscillator Strength:0.00000   <S**2>: 2.000
--------------------------------------------------------------------


State 156 4.694 eV 
Excitation    CI Coef
|3^HS2_7>    0.29187
|3^HS2_3>   -0.06161
|3^SL1_9'>    0.07163
|3^SL2_9'>    0.14532
|3^SL2_10'>   -0.09455
|3^HL1_129'>    0.06804
|3^HL1_119'>   -0.07178
|3^HL1_109'>   -0.09994
|3^HL1_1010'>    0.06130
|3^HL1_99'>    0.14243
|3^HL1_910'>   -0.08699
|3^HL1_89'>   -0.16960
|3^HL1_810'>    0.07598
|3^HL1_72'>    0.25996
|3^HL1_74'>   -0.05418
|3^HL1_75'>    0.17480
|3^HL1_76'>   -0.14323
|3^HL1_77'>   -0.11717
|3^HL1_79'>   -0.07042
|3^HL1_710'>   -0.26306
|3^HL1_713'>    0.11154
|3^HL1_715'>   -0.19092
|3^HL1_716'>    0.18907
|3^HL1_717'>   -0.10791
|3^HL1_32'>   -0.06326
|3^HL1_39'>   -0.20123
|3^HL1_310'>    0.08232
|3^HL1_19'>   -0.07934
|3^HL2_72'>   -0.05300
|3^HL2_79'>   -0.08133
|3^HL2_710'>    0.12633
|3^HL2_513'>   -0.07346
|3^HL2_310'>    0.05156
|3^HL3_129'>    0.05253
|3^HL3_109'>   -0.06350
|3^HL3_99'>    0.09077
|3^HL3_89'>   -0.10158
|3^HL3_72'>    0.21351
|3^HL3_75'>    0.13141
|3^HL3_76'>   -0.11918
|3^HL3_77'>   -0.09564
|3^HL3_79'>   -0.17453
|3^HL3_710'>   -0.23829
|3^HL3_713'>    0.10110
|3^HL3_715'>   -0.17033
|3^HL3_716'>    0.18512
|3^HL3_717'>   -0.10514
|3^HL3_39'>   -0.07510
|3^HL3_310'>    0.09448
TDMs with Triplet 'Ground' state
TDMX:-0.585   TDMY:-0.153   TDMZ:-0.088   Oscillator Strength:0.04184   <S**2>: 2.000
--------------------------------------------------------------------
TDMs with Singlet 'Ground' state
TDMX:-0.000   TDMY:-0.000   TDMZ:0.000   Oscillator Strength:0.00000   <S**2>: 2.000
--------------------------------------------------------------------


State 157 4.700 eV 
Excitation    CI Coef
|5^HL_162'>   -0.05002
|5^HL_142'>    0.09854
|5^HL_145'>   -0.08437
|5^HL_92'>   -0.07971
|5^HL_911'>   -0.05135
|5^HL_82'>   -0.07836
|5^HL_62'>   -0.14146
|5^HL_65'>    0.07336
|5^HL_612'>    0.07505
|5^HL_616'>   -0.06289
|5^HL_617'>   -0.06031
|5^HL_21'>   -0.25723
|5^HL_22'>   -0.72045
|5^HL_24'>   -0.18347
|5^HL_25'>    0.40723
|5^HL_26'>    0.17142
|5^HL_28'>   -0.10324
|5^HL_216'>   -0.09754
|5^HL_217'>   -0.18381
|5^HL_218'>   -0.08606
TDMs with Triplet 'Ground' state
TDMX:-0.000   TDMY:-0.001   TDMZ:0.001   Oscillator Strength:0.00000   <S**2>: 6.000
--------------------------------------------------------------------
TDMs with Singlet 'Ground' state
TDMX:-0.000   TDMY:-0.000   TDMZ:0.000   Oscillator Strength:0.00000   <S**2>: 6.000
--------------------------------------------------------------------


State 158 4.702 eV 
Excitation    CI Coef
|5^HL_152'>    0.10957
|5^HL_155'>    0.08798
|5^HL_910'>   -0.05335
|5^HL_810'>    0.05035
|5^HL_72'>   -0.06702
|5^HL_710'>   -0.07849
|5^HL_716'>    0.05233
|5^HL_717'>   -0.05634
|5^HL_32'>    0.76539
|5^HL_34'>   -0.19903
|5^HL_35'>    0.40093
|5^HL_36'>   -0.18716
|5^HL_37'>   -0.11380
|5^HL_316'>   -0.11351
|5^HL_317'>    0.21966
|5^HL_318'>   -0.12972
TDMs with Triplet 'Ground' state
TDMX:-0.000   TDMY:-0.000   TDMZ:0.000   Oscillator Strength:0.00000   <S**2>: 6.000
--------------------------------------------------------------------
TDMs with Singlet 'Ground' state
TDMX:-0.000   TDMY:-0.000   TDMZ:0.000   Oscillator Strength:0.00000   <S**2>: 6.000
--------------------------------------------------------------------


State 159 4.702 eV 
Excitation    CI Coef
|1^OS>    0.05106
|1^HS1_24>   -0.10275
|1^HS1_23>    0.09775
|1^HS1_21>    0.05133
|1^HS1_18>    0.12453
|1^HS1_17>    0.05929
|1^HS1_15>    0.23333
|1^HS1_13>   -0.09925
|1^HS1_12>   -0.05661
|1^HS1_9>    0.09340
|1^HS1_8>   -0.09828
|1^HS1_2>   -0.05193
|1^HS1_1>   -0.28994
|1^HS2_18>   -0.17895
|1^HS2_17>   -0.08105
|1^HS2_16>    0.09001
|1^HS2_15>   -0.09066
|1^HS2_14>    0.07230
|1^HS2_13>    0.17199
|1^HS2_9>    0.10180
|1^HS2_8>   -0.18148
|1^HS2_1>   -0.06997
|1^SL1_1'>    0.06183
|1^SL1_5'>   -0.06308
|1^SL1_15'>    0.05091
|1^SL2_4'>   -0.17293
|1^SL2_5'>    0.15338
|1^SL2_9'>    0.11156
|1^SL2_10'>    0.10435
|1^SL2_13'>   -0.05234
|1^SL2_16'>    0.05038
|1^SL2_18'>   -0.09376
|1^SL2_20'>    0.06102
|1^SL2_21'>   -0.06303
|1^SL2_22'>   -0.06095
|1^SL2_24'>   -0.05809
|1^SL2_27'>   -0.07612
|1^HL2_304'>   -0.05418
|1^HL2_262'>   -0.05008
|1^HL2_247'>   -0.06084
|1^HL2_232'>    0.07316
|1^HL2_159'>   -0.05879
|1^HL2_1510'>   -0.11768
|1^HL2_1515'>    0.08400
|1^HL2_1516'>   -0.06916
|1^HL2_132'>    0.08105
|1^HL2_134'>    0.06658
|1^HL2_135'>   -0.05334
|1^HL2_137'>   -0.07959
|1^HL2_122'>    0.17962
|1^HL2_124'>   -0.05299
|1^HL2_125'>    0.14008
|1^HL2_127'>   -0.05460
|1^HL2_1227'>    0.05964
|1^HL2_112'>   -0.05568
|1^HL2_114'>    0.06259
|1^HL2_115'>   -0.09183
|1^HL2_92'>   -0.09272
|1^HL2_95'>   -0.12084
|1^HL2_82'>    0.18984
|1^HL2_84'>   -0.15913
|1^HL2_85'>    0.19906
|1^HL2_86'>   -0.07523
|1^HL2_816'>   -0.05379
|1^HL2_72'>   -0.07247
|1^HL2_75'>   -0.06246
|1^HL2_710'>    0.09840
|1^HL2_315'>   -0.06096
|1^HL2_316'>    0.05827
|1^HL2_322'>    0.05174
|1^HL2_324'>    0.08371
|1^HL2_11'>   -0.10170
|1^HL2_12'>    0.07342
|1^HL2_14'>   -0.07390
|1^HL2_15'>    0.06831
|1^HL2_16'>   -0.11573
|1^HL2_115'>   -0.07553
|1^HL2_118'>   -0.05949
|1^HL2_120'>   -0.08051
TDMs with Triplet 'Ground' state
TDMX:-0.000   TDMY:-0.000   TDMZ:0.000   Oscillator Strength:0.00000   <S**2>: 0.000
--------------------------------------------------------------------
TDMs with Singlet 'Ground' state
TDMX:0.411   TDMY:1.721   TDMZ:-0.359   Oscillator Strength:0.37541   <S**2>: 0.000
--------------------------------------------------------------------


State 160 4.705 eV 
Excitation    CI Coef
|3^HS2_14>    0.05746
|3^HS2_12>    0.15162
|3^HS2_10>   -0.06598
|3^HS2_9>   -0.10367
|3^HS2_3>   -0.18295
|3^SL1_1'>   -0.18795
|3^SL1_2'>    0.08422
|3^SL1_4'>   -0.15949
|3^SL1_6'>    0.12668
|3^SL1_12'>    0.12250
|3^SL1_15'>    0.10610
|3^SL1_16'>    0.13164
|3^SL1_25'>    0.05048
|3^SL2_1'>   -0.05654
|3^SL2_2'>    0.12222
|3^SL2_6'>    0.30758
|3^SL2_8'>   -0.06864
|3^SL2_10'>    0.06084
|3^SL2_12'>   -0.12200
|3^SL2_17'>   -0.06690
|3^SL2_18'>    0.05557
|3^HL1_135'>    0.05980
|3^HL1_121'>    0.07509
|3^HL1_122'>    0.14313
|3^HL1_124'>    0.05459
|3^HL1_126'>   -0.05947
|3^HL1_111'>    0.11038
|3^HL1_115'>   -0.10747
|3^HL1_101'>   -0.06693
|3^HL1_104'>    0.09965
|3^HL1_92'>   -0.09379
|3^HL1_84'>   -0.06187
|3^HL1_85'>    0.11618
|3^HL1_88'>   -0.08645
|3^HL1_32'>   -0.08973
|3^HL1_11'>   -0.08851
|3^HL1_14'>   -0.10431
|3^HL1_15'>    0.07462
|3^HL1_16'>   -0.18382
|3^HL1_17'>   -0.05638
|3^HL1_18'>    0.08399
|3^HL2_122'>   -0.06576
|3^HL2_912'>   -0.07485
|3^HL2_85'>   -0.06833
|3^HL2_79'>   -0.12515
|3^HL2_710'>    0.08382
|3^HL2_611'>   -0.13285
|3^HL2_513'>   -0.05659
|3^HL2_216'>    0.05563
|3^HL2_16'>    0.07199
|3^HL3_224'>    0.07754
|3^HL3_212'>    0.05814
|3^HL3_201'>    0.14372
|3^HL3_193'>    0.05446
|3^HL3_122'>    0.14097
|3^HL3_124'>   -0.07278
|3^HL3_412'>    0.06784
|3^HL3_32'>   -0.06665
|3^HL3_212'>    0.08404
|3^HL3_216'>    0.06475
|3^HL3_11'>    0.20715
|3^HL3_12'>   -0.07056
|3^HL3_14'>    0.15297
TDMs with Triplet 'Ground' state
TDMX:0.162   TDMY:0.146   TDMZ:-0.659   Oscillator Strength:0.05417   <S**2>: 2.000
--------------------------------------------------------------------
TDMs with Singlet 'Ground' state
TDMX:0.000   TDMY:0.000   TDMZ:-0.000   Oscillator Strength:0.00000   <S**2>: 2.000
--------------------------------------------------------------------


State 161 4.717 eV 
Excitation    CI Coef
|1^OS>   -0.06647
|1^ZW0>    0.10365
|1^HS1_15>   -0.06625
|1^HS1_10>   -0.06225
|1^HS1_8>   -0.22226
|1^HS1_1>    0.07196
|1^HS2_12>   -0.10919
|1^HS2_10>   -0.07354
|1^HS2_9>    0.12715
|1^HS2_8>   -0.13590
|1^HS2_1>    0.18275
|1^SL1_1'>    0.19654
|1^SL1_2'>    0.23847
|1^SL1_4'>    0.06772
|1^SL1_5'>    0.32358
|1^SL1_6'>    0.10797
|1^SL1_8'>    0.09198
|1^SL1_16'>    0.14316
|1^SL1_17'>   -0.07921
|1^SL2_2'>    0.23038
|1^SL2_4'>   -0.11407
|1^SL2_6'>    0.27534
|1^SL2_9'>   -0.05355
|1^SL2_10'>   -0.06133
|1^SL2_15'>    0.18186
|1^SL2_17'>   -0.05988
|1^SL2_20'>   -0.05586
|1^SL2_24'>    0.05157
|1^HL1_12'>    0.06688
|1^HL2_234'>    0.05064
|1^HL2_222'>   -0.05484
|1^HL2_224'>   -0.10107
|1^HL2_212'>   -0.05958
|1^HL2_201'>   -0.10682
|1^HL2_188'>    0.06408
|1^HL2_168'>   -0.05333
|1^HL2_1510'>    0.05109
|1^HL2_132'>   -0.05568
|1^HL2_138'>    0.07822
|1^HL2_121'>    0.07157
|1^HL2_124'>    0.08304
|1^HL2_128'>   -0.06119
|1^HL2_1218'>   -0.07059
|1^HL2_111'>    0.06076
|1^HL2_112'>    0.15202
|1^HL2_114'>    0.05739
|1^HL2_116'>    0.11242
|1^HL2_104'>   -0.07028
|1^HL2_105'>    0.05863
|1^HL2_1017'>   -0.05864
|1^HL2_918'>    0.06299
|1^HL2_82'>   -0.07618
|1^HL2_87'>   -0.05521
|1^HL2_815'>   -0.05263
|1^HL2_310'>   -0.07785
|1^HL2_212'>    0.07538
|1^HL2_11'>   -0.17901
|1^HL2_14'>   -0.20072
|1^HL2_15'>    0.13409
|1^HL2_117'>    0.07152
|1^HL2_118'>    0.11459
TDMs with Triplet 'Ground' state
TDMX:0.000   TDMY:0.000   TDMZ:-0.000   Oscillator Strength:0.00000   <S**2>: 0.000
--------------------------------------------------------------------
TDMs with Singlet 'Ground' state
TDMX:0.593   TDMY:0.414   TDMZ:-0.675   Oscillator Strength:0.11300   <S**2>: 0.000
--------------------------------------------------------------------


State 162 4.726 eV 
Excitation    CI Coef
|3^HS2_16>   -0.05174
|3^HS2_12>   -0.14131
|3^HS2_11>    0.05764
|3^HS2_10>    0.10731
|3^HS2_8>   -0.05207
|3^HS2_2>   -0.12136
|3^SL1_1'>    0.07955
|3^SL1_4'>    0.09719
|3^SL1_11'>    0.05260
|3^SL1_12'>    0.39335
|3^SL1_14'>    0.05588
|3^SL1_15'>    0.20876
|3^SL1_16'>    0.21053
|3^SL1_17'>    0.11962
|3^SL1_23'>    0.10597
|3^SL1_25'>    0.08933
|3^SL2_2'>   -0.05199
|3^SL2_12'>   -0.24652
|3^SL2_14'>   -0.06087
|3^SL2_17'>    0.08208
|3^SL2_23'>   -0.06871
|3^HL1_121'>   -0.06443
|3^HL1_122'>   -0.06135
|3^HL1_124'>   -0.06712
|3^HL1_125'>    0.06318
|3^HL1_111'>   -0.05504
|3^HL1_112'>   -0.09094
|3^HL1_115'>    0.05629
|3^HL1_912'>   -0.05689
|3^HL1_82'>    0.11440
|3^HL1_88'>    0.07462
|3^HL1_414'>    0.07888
|3^HL1_22'>   -0.10800
|3^HL1_25'>    0.08117
|3^HL1_212'>    0.07690
|3^HL1_215'>    0.05133
|3^HL1_216'>    0.05023
|3^HL1_11'>    0.06601
|3^HL1_14'>    0.05993
|3^HL1_15'>    0.05685
|3^HL1_16'>    0.05316
|3^HL1_18'>   -0.08638
|3^HL2_1112'>   -0.06961
|3^HL2_1012'>   -0.07311
|3^HL2_912'>   -0.11368
|3^HL2_812'>   -0.07645
|3^HL2_79'>    0.06294
|3^HL2_611'>   -0.18367
|3^HL2_414'>   -0.07854
|3^HL2_212'>   -0.07471
|3^HL3_201'>   -0.06089
|3^HL3_1612'>    0.05301
|3^HL3_1012'>   -0.05496
|3^HL3_912'>   -0.12409
|3^HL3_812'>   -0.07317
|3^HL3_412'>    0.10134
|3^HL3_414'>   -0.06257
|3^HL3_416'>    0.05927
|3^HL3_22'>   -0.07114
|3^HL3_25'>    0.08118
|3^HL3_212'>    0.22128
|3^HL3_215'>    0.14904
|3^HL3_216'>    0.20914
|3^HL3_217'>    0.08269
|3^HL3_11'>   -0.10079
|3^HL3_14'>   -0.07374
TDMs with Triplet 'Ground' state
TDMX:0.125   TDMY:1.229   TDMZ:-0.305   Oscillator Strength:0.18310   <S**2>: 2.000
--------------------------------------------------------------------
TDMs with Singlet 'Ground' state
TDMX:-0.000   TDMY:0.000   TDMZ:0.000   Oscillator Strength:0.00000   <S**2>: 2.000
--------------------------------------------------------------------


State 163 4.733 eV 
Excitation    CI Coef
|3^HS1_3>   -0.12968
|3^HS2_16>    0.07008
|3^HS2_8>   -0.07129
|3^HS2_3>    0.42938
|3^SL1_2'>    0.08843
|3^SL1_4'>   -0.07463
|3^SL1_6'>    0.12409
|3^SL1_15'>    0.06249
|3^SL2_6'>    0.10540
|3^SL2_10'>   -0.05115
|3^SL2_13'>    0.05401
|3^SL2_22'>    0.05019
|3^HL1_122'>    0.07305
|3^HL1_111'>    0.06609
|3^HL1_101'>   -0.06279
|3^HL1_104'>    0.07072
|3^HL1_92'>   -0.07561
|3^HL1_99'>    0.05238
|3^HL1_82'>    0.06853
|3^HL1_84'>   -0.05856
|3^HL1_85'>    0.10114
|3^HL1_87'>   -0.06027
|3^HL1_72'>    0.05031
|3^HL1_710'>   -0.08469
|3^HL1_715'>   -0.06168
|3^HL1_716'>    0.05784
|3^HL1_32'>    0.11522
|3^HL1_310'>    0.08320
|3^HL1_316'>    0.06065
|3^HL1_16'>   -0.13627
|3^HL1_17'>   -0.06246
|3^HL2_3922'>   -0.05326
|3^HL2_201'>   -0.06179
|3^HL2_193'>    0.06269
|3^HL2_1722'>   -0.07140
|3^HL2_1522'>    0.05180
|3^HL2_810'>   -0.05637
|3^HL2_79'>    0.42645
|3^HL2_710'>   -0.29579
|3^HL2_513'>    0.13808
|3^HL2_32'>   -0.05964
|3^HL2_39'>   -0.12609
|3^HL2_310'>   -0.12275
|3^HL2_317'>   -0.05372
|3^HL2_14'>    0.08711
|3^HL3_201'>    0.05531
|3^HL3_122'>    0.06603
|3^HL3_710'>   -0.07475
|3^HL3_510'>   -0.05069
|3^HL3_32'>    0.16210
|3^HL3_310'>   -0.09246
|3^HL3_313'>   -0.07520
|3^HL3_11'>    0.06365
|3^HL3_12'>   -0.06369
TDMs with Triplet 'Ground' state
TDMX:0.323   TDMY:0.132   TDMZ:0.117   Oscillator Strength:0.01534   <S**2>: 2.000
--------------------------------------------------------------------
TDMs with Singlet 'Ground' state
TDMX:0.000   TDMY:0.000   TDMZ:-0.000   Oscillator Strength:0.00000   <S**2>: 2.000
--------------------------------------------------------------------


State 164 4.753 eV 
Excitation    CI Coef
|3^HS1_3>    0.06214
|3^HS2_16>    0.11547
|3^HS2_14>    0.06692
|3^HS2_12>   -0.19168
|3^HS2_11>    0.05532
|3^HS2_10>    0.11877
|3^HS2_9>   -0.06429
|3^HS2_8>   -0.18195
|3^HS2_6>    0.06785
|3^HS2_3>   -0.20274
|3^HS2_2>    0.06666
|3^HS2_1>    0.15560
|3^SL1_1'>    0.05328
|3^SL1_6'>    0.06877
|3^SL1_11'>   -0.11601
|3^SL1_12'>   -0.16434
|3^SL1_23'>   -0.05284
|3^SL2_4'>    0.05467
|3^SL2_6'>    0.09204
|3^SL2_15'>    0.11479
|3^SL2_17'>    0.05305
|3^HL1_132'>    0.05458
|3^HL1_121'>   -0.05393
|3^HL1_124'>   -0.06684
|3^HL1_125'>    0.08842
|3^HL1_112'>   -0.07957
|3^HL1_95'>   -0.05874
|3^HL1_911'>   -0.08867
|3^HL1_912'>    0.05622
|3^HL1_82'>    0.17739
|3^HL1_88'>    0.06142
|3^HL1_811'>   -0.06664
|3^HL1_61'>    0.05421
|3^HL1_62'>    0.14180
|3^HL1_65'>   -0.12294
|3^HL1_66'>   -0.06632
|3^HL1_68'>    0.05166
|3^HL1_612'>    0.15509
|3^HL1_615'>   -0.06871
|3^HL1_616'>   -0.10737
|3^HL1_32'>   -0.09098
|3^HL1_21'>    0.06155
|3^HL1_22'>    0.15100
|3^HL1_25'>   -0.10441
|3^HL1_211'>   -0.11078
|3^HL1_16'>   -0.05948
|3^HL1_18'>   -0.07843
|3^HL2_201'>   -0.06835
|3^HL2_193'>    0.06805
|3^HL2_132'>    0.06162
|3^HL2_124'>   -0.07031
|3^HL2_116'>    0.07009
|3^HL2_102'>   -0.05789
|3^HL2_104'>   -0.05810
|3^HL2_94'>    0.08663
|3^HL2_79'>    0.05439
|3^HL2_611'>   -0.11065
|3^HL2_612'>    0.06352
|3^HL2_513'>   -0.08030
|3^HL2_414'>    0.12906
|3^HL2_216'>    0.07354
|3^HL2_14'>    0.19618
|3^HL3_1711'>    0.07015
|3^HL3_1611'>   -0.10670
|3^HL3_125'>    0.05583
|3^HL3_912'>    0.05213
|3^HL3_82'>    0.07406
|3^HL3_65'>   -0.05377
|3^HL3_612'>    0.14574
|3^HL3_616'>   -0.08843
|3^HL3_617'>   -0.05110
|3^HL3_623'>   -0.11630
|3^HL3_32'>   -0.06980
|3^HL3_39'>    0.05554
|3^HL3_310'>    0.09693
|3^HL3_22'>    0.05419
|3^HL3_25'>   -0.05566
|3^HL3_212'>   -0.06561
|3^HL3_215'>   -0.07465
|3^HL3_216'>   -0.09924
|3^HL3_11'>   -0.06941
|3^HL3_12'>   -0.05130
TDMs with Triplet 'Ground' state
TDMX:0.529   TDMY:0.032   TDMZ:-0.329   Oscillator Strength:0.04429   <S**2>: 2.000
--------------------------------------------------------------------
TDMs with Singlet 'Ground' state
TDMX:-0.000   TDMY:0.000   TDMZ:0.000   Oscillator Strength:0.00000   <S**2>: 2.000
--------------------------------------------------------------------


State 165 4.762 eV 
Excitation    CI Coef
|1^HS1_7>    0.16257
|1^SL1_5'>   -0.05384
|1^SL1_9'>    0.06352
|1^SL2_9'>   -0.16042
|1^SL2_10'>    0.11494
|1^HL2_399'>    0.07650
|1^HL2_3910'>   -0.05043
|1^HL2_219'>    0.05193
|1^HL2_189'>    0.09125
|1^HL2_1810'>   -0.06042
|1^HL2_179'>    0.20849
|1^HL2_1710'>   -0.12996
|1^HL2_169'>    0.11288
|1^HL2_1610'>   -0.06661
|1^HL2_159'>   -0.09483
|1^HL2_129'>   -0.08354
|1^HL2_1210'>    0.06204
|1^HL2_119'>    0.07215
|1^HL2_1110'>   -0.05099
|1^HL2_109'>    0.08952
|1^HL2_1010'>   -0.06180
|1^HL2_99'>   -0.11335
|1^HL2_910'>    0.07770
|1^HL2_82'>    0.05894
|1^HL2_89'>    0.09651
|1^HL2_810'>   -0.10342
|1^HL2_72'>    0.19389
|1^HL2_74'>   -0.05457
|1^HL2_75'>    0.19148
|1^HL2_76'>   -0.16013
|1^HL2_77'>   -0.13799
|1^HL2_79'>   -0.24871
|1^HL2_710'>   -0.37355
|1^HL2_713'>    0.15328
|1^HL2_715'>   -0.27260
|1^HL2_716'>    0.25434
|1^HL2_717'>   -0.19727
|1^HL2_718'>    0.07103
|1^HL2_722'>   -0.28083
|1^HL2_724'>    0.13894
|1^HL2_39'>    0.16425
|1^HL2_310'>   -0.06306
|1^HL2_11'>   -0.05150
TDMs with Triplet 'Ground' state
TDMX:-0.000   TDMY:0.000   TDMZ:0.000   Oscillator Strength:0.00000   <S**2>: 0.000
--------------------------------------------------------------------
TDMs with Singlet 'Ground' state
TDMX:-0.007   TDMY:0.198   TDMZ:0.115   Oscillator Strength:0.00614   <S**2>: 0.000
--------------------------------------------------------------------


State 166 4.770 eV 
Excitation    CI Coef
|3^HS2_16>   -0.05979
|3^HS2_12>    0.10344
|3^HS2_10>   -0.05874
|3^HS2_8>    0.10839
|3^HS2_6>    0.13194
|3^HS2_3>    0.13552
|3^HS2_1>   -0.08611
|3^SL1_11'>   -0.15035
|3^SL1_12'>    0.14773
|3^SL2_6'>   -0.05106
|3^SL2_11'>    0.06215
|3^SL2_15'>   -0.06668
|3^HL1_125'>   -0.05138
|3^HL1_112'>    0.05416
|3^HL1_1111'>   -0.06769
|3^HL1_1011'>   -0.07669
|3^HL1_911'>   -0.16796
|3^HL1_82'>   -0.07006
|3^HL1_811'>   -0.12973
|3^HL1_61'>    0.08584
|3^HL1_62'>    0.21889
|3^HL1_64'>    0.06992
|3^HL1_65'>   -0.18851
|3^HL1_66'>   -0.10591
|3^HL1_68'>    0.08470
|3^HL1_612'>    0.28992
|3^HL1_614'>    0.07690
|3^HL1_615'>   -0.10982
|3^HL1_616'>   -0.18294
|3^HL1_617'>   -0.07374
|3^HL1_32'>    0.06277
|3^HL1_22'>    0.05424
|3^HL1_211'>   -0.20091
|3^HL1_18'>    0.06582
|3^HL1_111'>    0.06258
|3^HL2_911'>    0.05480
|3^HL2_612'>    0.09325
|3^HL2_616'>   -0.07201
|3^HL2_414'>   -0.11463
|3^HL2_216'>   -0.05204
|3^HL2_14'>   -0.10949
|3^HL3_3811'>    0.07223
|3^HL3_1811'>   -0.08787
|3^HL3_1711'>    0.12947
|3^HL3_1611'>   -0.19620
|3^HL3_1612'>    0.05124
|3^HL3_1411'>    0.06698
|3^HL3_62'>    0.07216
|3^HL3_65'>   -0.09434
|3^HL3_66'>   -0.05707
|3^HL3_612'>    0.24576
|3^HL3_614'>    0.06429
|3^HL3_615'>   -0.09141
|3^HL3_616'>   -0.17338
|3^HL3_617'>   -0.09623
|3^HL3_623'>   -0.22570
|3^HL3_625'>    0.07646
|3^HL3_32'>    0.05244
|3^HL3_310'>   -0.05669
|3^HL3_22'>   -0.05981
|3^HL3_211'>    0.05261
|3^HL3_212'>    0.08109
|3^HL3_215'>    0.05213
|3^HL3_216'>    0.06248
TDMs with Triplet 'Ground' state
TDMX:0.087   TDMY:0.417   TDMZ:0.416   Oscillator Strength:0.04050   <S**2>: 2.000
--------------------------------------------------------------------
TDMs with Singlet 'Ground' state
TDMX:-0.000   TDMY:0.000   TDMZ:0.000   Oscillator Strength:0.00000   <S**2>: 2.000
--------------------------------------------------------------------


State 167 4.778 eV 
Excitation    CI Coef
|1^ZW0>    0.05314
|1^ZW0'>    0.07641
|1^HS1_15>    0.30194
|1^HS1_14>   -0.08512
|1^HS1_12>   -0.12112
|1^HS1_11>    0.09855
|1^HS1_10>    0.09299
|1^HS1_9>   -0.15638
|1^HS1_2>    0.21805
|1^HS1_1>    0.20910
|1^HS2_21>   -0.06477
|1^HS2_16>   -0.06898
|1^HS2_15>   -0.10772
|1^HS2_14>   -0.20807
|1^HS2_13>   -0.06830
|1^HS2_12>    0.11041
|1^HS2_11>   -0.05730
|1^HS2_10>   -0.08547
|1^HS2_8>    0.17919
|1^HS2_2>    0.07202
|1^SL1_1'>    0.12367
|1^SL1_4'>    0.09604
|1^SL1_5'>    0.09940
|1^SL1_6'>    0.08748
|1^SL1_12'>   -0.08127
|1^SL1_16'>   -0.17519
|1^SL1_18'>   -0.05726
|1^SL1_24'>    0.05061
|1^SL1_25'>   -0.06710
|1^SL2_6'>    0.05002
|1^SL2_9'>    0.07080
|1^SL2_10'>    0.11303
|1^SL2_15'>   -0.21099
|1^SL2_16'>    0.06848
|1^SL2_17'>   -0.15125
|1^SL2_18'>    0.06255
|1^SL2_24'>   -0.14870
|1^HL2_201'>   -0.09783
|1^HL2_159'>   -0.12188
|1^HL2_1510'>   -0.19262
|1^HL2_1513'>    0.05079
|1^HL2_1515'>    0.13266
|1^HL2_1516'>   -0.10586
|1^HL2_1517'>    0.07844
|1^HL2_1412'>   -0.08746
|1^HL2_1416'>   -0.08022
|1^HL2_134'>   -0.05253
|1^HL2_135'>    0.05290
|1^HL2_121'>    0.05308
|1^HL2_124'>    0.07238
|1^HL2_112'>    0.07131
|1^HL2_82'>   -0.06524
|1^HL2_84'>    0.07763
|1^HL2_513'>   -0.07064
|1^HL2_315'>   -0.05195
|1^HL2_322'>    0.09110
|1^HL2_324'>    0.13871
|1^HL2_22'>    0.09932
|1^HL2_212'>   -0.08782
|1^HL2_216'>   -0.08277
|1^HL2_225'>    0.07038
|1^HL2_11'>   -0.12755
|1^HL2_12'>    0.05876
|1^HL2_14'>   -0.09833
TDMs with Triplet 'Ground' state
TDMX:0.000   TDMY:0.000   TDMZ:0.000   Oscillator Strength:0.00000   <S**2>: 0.000
--------------------------------------------------------------------
TDMs with Singlet 'Ground' state
TDMX:-0.003   TDMY:-0.931   TDMZ:-0.431   Oscillator Strength:0.12327   <S**2>: 0.000
--------------------------------------------------------------------


State 168 4.789 eV 
Excitation    CI Coef
|1^ZW0>    0.11727
|1^HS1_15>    0.06070
|1^HS1_11>   -0.05229
|1^HS1_9>   -0.11969
|1^HS2_10>   -0.06138
|1^HS2_1>    0.08655
|1^SL1_1'>   -0.20201
|1^SL1_2'>    0.34888
|1^SL1_4'>   -0.32261
|1^SL1_5'>    0.12066
|1^SL1_6'>    0.21687
|1^SL1_15'>    0.05526
|1^SL1_17'>   -0.13387
|1^SL2_1'>    0.13836
|1^SL2_2'>    0.09393
|1^SL2_4'>    0.05235
|1^SL2_5'>    0.15689
|1^SL2_6'>   -0.07914
|1^SL2_18'>   -0.11755
|1^HL2_264'>    0.06129
|1^HL2_234'>   -0.05256
|1^HL2_224'>    0.05946
|1^HL2_211'>   -0.05883
|1^HL2_201'>    0.21259
|1^HL2_202'>   -0.06881
|1^HL2_204'>    0.05685
|1^HL2_205'>    0.06327
|1^HL2_193'>    0.07671
|1^HL2_182'>    0.08154
|1^HL2_121'>   -0.08425
|1^HL2_122'>    0.12838
|1^HL2_124'>   -0.12185
|1^HL2_125'>   -0.06183
|1^HL2_126'>    0.06069
|1^HL2_112'>    0.08531
|1^HL2_104'>   -0.06471
|1^HL2_95'>    0.07136
|1^HL2_612'>   -0.08645
|1^HL2_616'>    0.05962
|1^HL2_623'>    0.05385
|1^HL2_11'>    0.34620
|1^HL2_12'>   -0.10308
|1^HL2_14'>    0.21153
|1^HL2_15'>    0.13956
|1^HL2_18'>    0.06651
|1^HL2_118'>    0.06624
|1^HL2_119'>   -0.08821
TDMs with Triplet 'Ground' state
TDMX:-0.000   TDMY:0.000   TDMZ:-0.000   Oscillator Strength:0.00000   <S**2>: 0.000
--------------------------------------------------------------------
TDMs with Singlet 'Ground' state
TDMX:0.393   TDMY:0.563   TDMZ:-0.307   Oscillator Strength:0.06635   <S**2>: 0.000
--------------------------------------------------------------------


State 169 4.793 eV 
Excitation    CI Coef
|3^HS2_16>   -0.06322
|3^HS2_11>    0.10395
|3^HS2_10>   -0.06974
|3^HS2_9>    0.05435
|3^HS2_8>    0.05221
|3^HS2_3>   -0.09051
|3^SL1_1'>    0.13600
|3^SL1_2'>   -0.08793
|3^SL1_4'>    0.17948
|3^SL1_6'>    0.05866
|3^SL1_16'>   -0.05714
|3^SL2_1'>    0.10610
|3^SL2_4'>    0.07907
|3^SL2_5'>    0.09166
|3^SL2_7'>   -0.07168
|3^SL2_16'>   -0.05808
|3^SL2_18'>   -0.07716
|3^HL1_215'>   -0.05364
|3^HL1_217'>   -0.05112
|3^HL1_182'>   -0.07462
|3^HL1_162'>    0.05896
|3^HL1_134'>   -0.09658
|3^HL1_135'>    0.10353
|3^HL1_122'>    0.27941
|3^HL1_124'>   -0.09666
|3^HL1_125'>    0.08393
|3^HL1_126'>   -0.05496
|3^HL1_127'>   -0.07533
|3^HL1_1217'>    0.06530
|3^HL1_111'>    0.12945
|3^HL1_114'>   -0.05179
|3^HL1_115'>   -0.14734
|3^HL1_101'>   -0.09870
|3^HL1_102'>    0.05485
|3^HL1_105'>    0.05142
|3^HL1_92'>   -0.16402
|3^HL1_94'>    0.06462
|3^HL1_95'>   -0.05206
|3^HL1_97'>    0.06100
|3^HL1_81'>   -0.05261
|3^HL1_82'>    0.19200
|3^HL1_85'>    0.17589
|3^HL1_87'>   -0.15694
|3^HL1_88'>   -0.10041
|3^HL1_72'>   -0.05136
|3^HL1_32'>   -0.10938
|3^HL1_35'>   -0.05168
|3^HL1_22'>   -0.05133
|3^HL1_11'>    0.11188
|3^HL1_14'>    0.15196
|3^HL1_16'>   -0.28227
|3^HL1_17'>   -0.16912
|3^HL1_18'>    0.05633
|3^HL1_115'>    0.08536
|3^HL2_193'>   -0.05142
|3^HL2_611'>    0.08124
|3^HL2_14'>   -0.07341
|3^HL3_201'>   -0.11142
|3^HL3_132'>    0.05118
|3^HL3_134'>   -0.07144
|3^HL3_135'>    0.06651
|3^HL3_124'>    0.08097
|3^HL3_126'>   -0.05440
|3^HL3_111'>    0.05059
|3^HL3_84'>    0.07826
|3^HL3_11'>   -0.17083
|3^HL3_12'>    0.09054
|3^HL3_14'>   -0.12916
|3^HL3_17'>    0.06309
TDMs with Triplet 'Ground' state
TDMX:0.108   TDMY:-0.124   TDMZ:-0.360   Oscillator Strength:0.01799   <S**2>: 2.000
--------------------------------------------------------------------
TDMs with Singlet 'Ground' state
TDMX:-0.000   TDMY:-0.000   TDMZ:0.000   Oscillator Strength:0.00000   <S**2>: 2.000
--------------------------------------------------------------------


State 170 4.804 eV 
Excitation    CI Coef
|1^HS1_6>   -0.12876
|1^HS1_2>   -0.09601
|1^HS2_16>   -0.05497
|1^HS2_14>    0.06707
|1^HS2_6>   -0.12630
|1^SL1_2'>   -0.05131
|1^SL1_4'>    0.05391
|1^SL1_11'>    0.17746
|1^SL1_12'>    0.06159
|1^SL2_11'>    0.06143
|1^HL1_612'>    0.05504
|1^HL1_616'>   -0.05144
|1^HL2_3811'>   -0.09632
|1^HL2_1811'>    0.10383
|1^HL2_1711'>   -0.16218
|1^HL2_1611'>    0.25133
|1^HL2_1411'>   -0.08819
|1^HL2_1111'>   -0.09127
|1^HL2_1011'>   -0.09064
|1^HL2_911'>   -0.17127
|1^HL2_811'>   -0.11567
|1^HL2_61'>   -0.07529
|1^HL2_62'>   -0.21944
|1^HL2_64'>   -0.05761
|1^HL2_65'>    0.18800
|1^HL2_66'>    0.12371
|1^HL2_68'>   -0.10341
|1^HL2_611'>   -0.07005
|1^HL2_612'>   -0.46700
|1^HL2_614'>   -0.11535
|1^HL2_615'>    0.15213
|1^HL2_616'>    0.31526
|1^HL2_617'>    0.14328
|1^HL2_623'>    0.30874
|1^HL2_625'>   -0.10658
|1^HL2_22'>   -0.06607
|1^HL2_211'>   -0.15251
|1^HL2_216'>    0.05565
|1^HL2_11'>   -0.05457
TDMs with Triplet 'Ground' state
TDMX:0.000   TDMY:-0.000   TDMZ:0.000   Oscillator Strength:0.00000   <S**2>: 0.000
--------------------------------------------------------------------
TDMs with Singlet 'Ground' state
TDMX:-0.084   TDMY:0.015   TDMZ:0.025   Oscillator Strength:0.00092   <S**2>: 0.000
--------------------------------------------------------------------


State 171 4.809 eV 
Excitation    CI Coef
|3^SL1_3'>    0.50228
|3^SL2_3'>    0.11984
|3^HL1_203'>   -0.19529
|3^HL1_191'>   -0.26152
|3^HL1_192'>    0.05781
|3^HL1_194'>   -0.10672
|3^HL1_195'>   -0.06618
|3^HL1_183'>   -0.11620
|3^HL1_123'>   -0.13552
|3^HL1_113'>   -0.05051
|3^HL1_13'>    0.18204
|3^HL3_203'>    0.26302
|3^HL3_191'>    0.40783
|3^HL3_192'>   -0.07079
|3^HL3_194'>    0.13164
|3^HL3_195'>    0.07868
|3^HL3_183'>    0.16448
|3^HL3_123'>    0.20683
|3^HL3_113'>    0.08020
|3^HL3_103'>    0.05541
|3^HL3_93'>   -0.06440
|3^HL3_13'>   -0.40947
TDMs with Triplet 'Ground' state
TDMX:0.061   TDMY:0.021   TDMZ:0.011   Oscillator Strength:0.00049   <S**2>: 2.000
--------------------------------------------------------------------
TDMs with Singlet 'Ground' state
TDMX:-0.000   TDMY:-0.000   TDMZ:0.000   Oscillator Strength:0.00000   <S**2>: 2.000
--------------------------------------------------------------------


State 172 4.816 eV 
Excitation    CI Coef
|3^HS1_3>   -0.09849
|3^HS2_18>    0.08858
|3^HS2_12>    0.20766
|3^HS2_11>   -0.09429
|3^HS2_10>   -0.12275
|3^HS2_9>   -0.09948
|3^HS2_5>   -0.08025
|3^HS2_3>    0.32667
|3^SL1_1'>    0.11903
|3^SL1_2'>   -0.05468
|3^SL1_4'>    0.09694
|3^SL1_5'>    0.06318
|3^SL1_8'>   -0.05596
|3^SL1_12'>   -0.05741
|3^SL1_16'>    0.08159
|3^SL2_1'>    0.09219
|3^SL2_2'>    0.05437
|3^SL2_4'>    0.11655
|3^SL2_5'>    0.16909
|3^SL2_6'>    0.05903
|3^SL2_9'>    0.07749
|3^SL2_10'>    0.13088
|3^SL2_13'>    0.09603
|3^SL2_16'>    0.08685
|3^HL1_102'>    0.05256
|3^HL1_52'>    0.06209
|3^HL1_55'>    0.05019
|3^HL1_510'>    0.05331
|3^HL1_35'>   -0.06540
|3^HL1_11'>    0.10033
|3^HL2_215'>   -0.05037
|3^HL2_188'>   -0.07569
|3^HL2_168'>    0.06406
|3^HL2_138'>   -0.09018
|3^HL2_122'>   -0.09555
|3^HL2_128'>    0.06579
|3^HL2_1217'>   -0.05756
|3^HL2_115'>    0.06680
|3^HL2_118'>    0.07574
|3^HL2_104'>   -0.05403
|3^HL2_85'>   -0.08241
|3^HL2_88'>   -0.06225
|3^HL2_817'>    0.05383
|3^HL2_79'>   -0.23198
|3^HL2_710'>    0.16561
|3^HL2_611'>   -0.12430
|3^HL2_513'>    0.07248
|3^HL2_32'>   -0.06923
|3^HL2_15'>    0.06478
|3^HL2_16'>    0.07368
|3^HL2_117'>   -0.05640
|3^HL3_201'>   -0.09414
|3^HL3_1513'>    0.11818
|3^HL3_132'>    0.05225
|3^HL3_121'>    0.05853
|3^HL3_124'>    0.06645
|3^HL3_910'>   -0.05225
|3^HL3_82'>   -0.07594
|3^HL3_52'>   -0.10213
|3^HL3_510'>   -0.06196
|3^HL3_524'>    0.08865
|3^HL3_32'>    0.13249
|3^HL3_39'>   -0.05022
|3^HL3_310'>   -0.09668
|3^HL3_313'>   -0.16158
|3^HL3_315'>    0.07600
|3^HL3_317'>    0.07850
|3^HL3_22'>    0.05552
|3^HL3_11'>   -0.14819
|3^HL3_14'>   -0.09101
|3^HL3_15'>   -0.08336
TDMs with Triplet 'Ground' state
TDMX:-0.089   TDMY:0.133   TDMZ:0.468   Oscillator Strength:0.02823   <S**2>: 2.002
--------------------------------------------------------------------
TDMs with Singlet 'Ground' state
TDMX:0.000   TDMY:-0.000   TDMZ:0.000   Oscillator Strength:0.00000   <S**2>: 2.002
--------------------------------------------------------------------


State 173 4.821 eV 
Excitation    CI Coef
|5^HL_212'>    0.08298
|5^HL_182'>   -0.06080
|5^HL_185'>    0.09384
|5^HL_172'>    0.08857
|5^HL_1711'>    0.05462
|5^HL_1717'>    0.05700
|5^HL_162'>   -0.07911
|5^HL_165'>    0.08292
|5^HL_1611'>   -0.08141
|5^HL_132'>    0.05769
|5^HL_125'>    0.10469
|5^HL_1218'>   -0.05730
|5^HL_111'>   -0.06005
|5^HL_112'>   -0.12386
|5^HL_115'>    0.09555
|5^HL_116'>    0.10548
|5^HL_1117'>   -0.09623
|5^HL_101'>   -0.06299
|5^HL_102'>   -0.25380
|5^HL_105'>    0.09379
|5^HL_106'>    0.11724
|5^HL_1017'>   -0.09371
|5^HL_91'>   -0.11686
|5^HL_92'>   -0.28093
|5^HL_94'>   -0.15607
|5^HL_95'>    0.31037
|5^HL_96'>    0.07148
|5^HL_98'>   -0.07519
|5^HL_916'>   -0.06626
|5^HL_917'>   -0.07723
|5^HL_918'>   -0.05775
|5^HL_81'>   -0.10153
|5^HL_82'>   -0.42212
|5^HL_85'>    0.07013
|5^HL_72'>    0.10833
|5^HL_61'>   -0.10542
|5^HL_62'>   -0.29950
|5^HL_64'>   -0.07792
|5^HL_65'>    0.16151
|5^HL_66'>    0.06165
|5^HL_612'>    0.07106
|5^HL_616'>   -0.07552
|5^HL_617'>   -0.09491
|5^HL_623'>   -0.07300
|5^HL_21'>    0.06745
|5^HL_22'>    0.18496
|5^HL_25'>   -0.10610
|5^HL_211'>   -0.07329
|5^HL_12'>    0.06049
|5^HL_15'>    0.13082
TDMs with Triplet 'Ground' state
TDMX:-0.006   TDMY:-0.022   TDMZ:-0.012   Oscillator Strength:0.00008   <S**2>: 5.994
--------------------------------------------------------------------
TDMs with Singlet 'Ground' state
TDMX:0.000   TDMY:0.000   TDMZ:-0.000   Oscillator Strength:0.00000   <S**2>: 5.994
--------------------------------------------------------------------


State 174 4.821 eV 
Excitation    CI Coef
|1^SL1_3'>   -0.49389
|1^SL2_3'>    0.12257
|1^HL2_223'>   -0.06246
|1^HL2_203'>   -0.33604
|1^HL2_191'>   -0.48054
|1^HL2_192'>    0.08403
|1^HL2_194'>   -0.15466
|1^HL2_195'>   -0.09190
|1^HL2_1919'>    0.05654
|1^HL2_183'>   -0.20472
|1^HL2_123'>   -0.25099
|1^HL2_113'>   -0.09487
|1^HL2_103'>   -0.06469
|1^HL2_93'>    0.06844
|1^HL2_13'>    0.46081
TDMs with Triplet 'Ground' state
TDMX:-0.000   TDMY:-0.000   TDMZ:-0.000   Oscillator Strength:0.00000   <S**2>: 0.000
--------------------------------------------------------------------
TDMs with Singlet 'Ground' state
TDMX:-0.015   TDMY:-0.041   TDMZ:0.012   Oscillator Strength:0.00024   <S**2>: 0.000
--------------------------------------------------------------------


State 175 4.830 eV 
Excitation    CI Coef
|3^HS2_16>   -0.09374
|3^HS2_14>   -0.05036
|3^HS2_10>    0.06373
|3^HS2_7>    0.07050
|3^HS2_5>    0.09479
|3^HS2_3>    0.14232
|3^SL1_13'>   -0.06768
|3^SL1_17'>   -0.05338
|3^SL2_6'>    0.07109
|3^SL2_10'>    0.09343
|3^SL2_13'>   -0.18174
|3^SL2_22'>   -0.07160
|3^HL1_152'>    0.06899
|3^HL1_155'>    0.05548
|3^HL1_72'>   -0.05035
|3^HL1_52'>   -0.06295
|3^HL1_510'>   -0.05549
|3^HL1_32'>    0.49997
|3^HL1_34'>   -0.11865
|3^HL1_35'>    0.25725
|3^HL1_36'>   -0.14264
|3^HL1_37'>   -0.07942
|3^HL1_39'>    0.05629
|3^HL1_310'>    0.06117
|3^HL1_315'>   -0.08702
|3^HL1_317'>    0.05351
|3^HL1_22'>   -0.12296
|3^HL1_25'>    0.07742
|3^HL2_94'>    0.05641
|3^HL2_79'>   -0.13535
|3^HL2_710'>    0.09282
|3^HL2_611'>    0.05509
|3^HL2_513'>    0.05139
|3^HL2_313'>   -0.05621
|3^HL2_11'>   -0.05727
|3^HL2_14'>    0.10681
|3^HL2_15'>    0.06074
|3^HL3_1513'>   -0.13342
|3^HL3_1013'>   -0.05045
|3^HL3_910'>   -0.05374
|3^HL3_913'>    0.06446
|3^HL3_810'>    0.05552
|3^HL3_813'>   -0.05397
|3^HL3_72'>    0.06654
|3^HL3_52'>    0.11925
|3^HL3_510'>    0.07393
|3^HL3_522'>   -0.05643
|3^HL3_524'>   -0.10201
|3^HL3_32'>   -0.20181
|3^HL3_34'>    0.07356
|3^HL3_35'>   -0.16593
|3^HL3_36'>    0.08761
|3^HL3_37'>    0.05750
|3^HL3_313'>    0.21715
|3^HL3_315'>    0.10144
TDMs with Triplet 'Ground' state
TDMX:0.269   TDMY:-0.407   TDMZ:-0.039   Oscillator Strength:0.02767   <S**2>: 2.001
--------------------------------------------------------------------
TDMs with Singlet 'Ground' state
TDMX:-0.000   TDMY:-0.000   TDMZ:0.000   Oscillator Strength:0.00000   <S**2>: 2.001
--------------------------------------------------------------------


State 176 4.832 eV 
Excitation    CI Coef
|3^HS1_3>   -0.06204
|3^HS2_18>   -0.09567
|3^HS2_16>    0.05460
|3^HS2_14>    0.06082
|3^HS2_12>   -0.18015
|3^HS2_11>    0.06100
|3^HS2_10>    0.05629
|3^HS2_5>   -0.05325
|3^HS2_3>    0.19594
|3^HS2_1>    0.05258
|3^SL1_1'>   -0.05333
|3^SL1_6'>   -0.05136
|3^SL1_17'>    0.08060
|3^SL2_1'>   -0.05143
|3^SL2_2'>   -0.05517
|3^SL2_5'>   -0.08933
|3^SL2_6'>   -0.06200
|3^SL2_9'>    0.08914
|3^SL2_10'>    0.12473
|3^SL2_17'>    0.07187
|3^SL2_22'>   -0.08542
|3^HL1_122'>    0.05893
|3^HL1_125'>    0.07893
|3^HL1_111'>    0.05499
|3^HL1_101'>   -0.05216
|3^HL1_102'>   -0.05372
|3^HL1_82'>    0.11877
|3^HL1_87'>   -0.05524
|3^HL1_32'>    0.18627
|3^HL1_35'>    0.07960
|3^HL1_21'>    0.11693
|3^HL1_22'>    0.31761
|3^HL1_24'>    0.08296
|3^HL1_25'>   -0.18871
|3^HL1_26'>   -0.07907
|3^HL1_28'>    0.05018
|3^HL1_215'>   -0.05098
|3^HL1_16'>   -0.07423
|3^HL1_17'>   -0.05508
|3^HL2_4026'>    0.05133
|3^HL2_215'>    0.06076
|3^HL2_218'>   -0.06452
|3^HL2_182'>    0.06417
|3^HL2_188'>    0.09456
|3^HL2_168'>   -0.08215
|3^HL2_138'>    0.10858
|3^HL2_122'>    0.08061
|3^HL2_128'>   -0.08280
|3^HL2_115'>   -0.06326
|3^HL2_118'>   -0.09818
|3^HL2_104'>    0.05756
|3^HL2_92'>   -0.05193
|3^HL2_94'>   -0.06772
|3^HL2_82'>   -0.06490
|3^HL2_85'>    0.09214
|3^HL2_88'>    0.05893
|3^HL2_79'>   -0.22846
|3^HL2_710'>    0.17010
|3^HL2_611'>   -0.11087
|3^HL2_11'>    0.07813
|3^HL2_14'>   -0.11269
|3^HL2_15'>   -0.09556
|3^HL2_16'>   -0.07502
|3^HL2_18'>   -0.05000
|3^HL2_117'>    0.06020
|3^HL3_1513'>    0.07217
|3^HL3_910'>   -0.05976
|3^HL3_82'>    0.06881
|3^HL3_810'>    0.05753
|3^HL3_52'>   -0.06451
|3^HL3_524'>    0.05271
|3^HL3_32'>   -0.06165
|3^HL3_35'>   -0.09544
|3^HL3_313'>   -0.11038
|3^HL3_315'>    0.07884
|3^HL3_22'>   -0.07379
|3^HL3_11'>    0.05576
TDMs with Triplet 'Ground' state
TDMX:0.475   TDMY:0.681   TDMZ:-0.223   Oscillator Strength:0.08545   <S**2>: 2.001
--------------------------------------------------------------------
TDMs with Singlet 'Ground' state
TDMX:-0.000   TDMY:-0.000   TDMZ:0.000   Oscillator Strength:0.00000   <S**2>: 2.001
--------------------------------------------------------------------


State 177 4.834 eV 
Excitation    CI Coef
|1^OS>   -0.06178
|1^HS1_15>    0.14185
|1^HS1_14>    0.16992
|1^HS1_9>   -0.09874
|1^HS1_4>   -0.07366
|1^HS1_2>   -0.43715
|1^HS1_1>    0.20508
|1^HS2_14>    0.37669
|1^HS2_12>    0.07826
|1^HS2_10>   -0.05128
|1^HS2_9>   -0.07841
|1^HS2_2>   -0.11936
|1^SL1_6'>    0.06089
|1^SL1_12'>    0.13570
|1^SL1_15'>    0.11614
|1^SL1_16'>    0.08718
|1^SL1_17'>    0.07536
|1^SL1_23'>    0.08932
|1^SL1_25'>    0.09550
|1^SL2_6'>   -0.05833
|1^SL2_12'>    0.06008
|1^SL2_15'>   -0.08265
|1^SL2_16'>    0.12210
|1^SL2_18'>    0.06053
|1^SL2_24'>   -0.08529
|1^HL2_1712'>   -0.05696
|1^HL2_1612'>    0.07284
|1^HL2_159'>   -0.06333
|1^HL2_1510'>   -0.11240
|1^HL2_1515'>    0.06527
|1^HL2_1516'>   -0.05686
|1^HL2_1412'>    0.18059
|1^HL2_1415'>    0.11075
|1^HL2_1416'>    0.16551
|1^HL2_1417'>    0.08547
|1^HL2_132'>    0.05658
|1^HL2_912'>   -0.07153
|1^HL2_923'>    0.05018
|1^HL2_82'>   -0.05303
|1^HL2_84'>    0.08668
|1^HL2_85'>   -0.08439
|1^HL2_87'>    0.05704
|1^HL2_612'>    0.07118
|1^HL2_616'>   -0.05743
|1^HL2_623'>   -0.05572
|1^HL2_414'>    0.05656
|1^HL2_322'>    0.05597
|1^HL2_324'>    0.07510
|1^HL2_22'>   -0.19147
|1^HL2_216'>    0.12725
|1^HL2_225'>   -0.16422
|1^HL2_12'>   -0.05345
|1^HL2_17'>    0.06591
TDMs with Triplet 'Ground' state
TDMX:-0.000   TDMY:0.000   TDMZ:0.000   Oscillator Strength:0.00000   <S**2>: 0.000
--------------------------------------------------------------------
TDMs with Singlet 'Ground' state
TDMX:-0.294   TDMY:-1.396   TDMZ:0.352   Oscillator Strength:0.25563   <S**2>: 0.000
--------------------------------------------------------------------


State 178 4.836 eV 
Excitation    CI Coef
|3^HS2_18>   -0.08188
|3^HS2_16>   -0.11498
|3^HS2_14>   -0.09785
|3^HS2_12>   -0.23337
|3^HS2_11>    0.14367
|3^HS2_10>    0.22026
|3^HS2_9>    0.07707
|3^HS2_7>   -0.09020
|3^HS2_5>   -0.08329
|3^HS2_3>    0.10678
|3^HS2_1>    0.07850
|3^SL1_13'>    0.05032
|3^SL1_15'>   -0.06125
|3^SL1_16'>   -0.08480
|3^SL1_17'>   -0.05744
|3^SL1_25'>   -0.05417
|3^SL2_4'>   -0.05830
|3^SL2_5'>   -0.10446
|3^SL2_9'>    0.07106
|3^SL2_10'>    0.06043
|3^SL2_12'>    0.07303
|3^SL2_13'>    0.10432
|3^SL2_16'>   -0.05211
|3^SL2_22'>   -0.05914
|3^HL1_101'>   -0.05462
|3^HL1_104'>    0.08323
|3^HL1_84'>   -0.05013
|3^HL1_611'>   -0.05252
|3^HL1_52'>    0.05224
|3^HL1_510'>    0.05455
|3^HL1_32'>   -0.14486
|3^HL1_34'>    0.05379
|3^HL1_35'>   -0.10219
|3^HL1_21'>   -0.11404
|3^HL1_22'>   -0.29989
|3^HL1_24'>   -0.07678
|3^HL1_25'>    0.17749
|3^HL1_26'>    0.07524
|3^HL1_212'>    0.05201
|3^HL1_215'>    0.05082
|3^HL2_124'>   -0.05707
|3^HL2_94'>    0.05302
|3^HL2_912'>    0.06062
|3^HL2_79'>   -0.19555
|3^HL2_710'>    0.14941
|3^HL2_611'>    0.16841
|3^HL2_11'>   -0.05375
|3^HL2_14'>    0.11797
|3^HL3_179'>    0.06937
|3^HL3_1616'>   -0.05638
|3^HL3_1510'>    0.05496
|3^HL3_1513'>    0.11983
|3^HL3_1412'>   -0.09660
|3^HL3_1416'>   -0.05281
|3^HL3_124'>   -0.05233
|3^HL3_101'>    0.06996
|3^HL3_104'>    0.05451
|3^HL3_109'>    0.05187
|3^HL3_99'>   -0.06797
|3^HL3_916'>    0.05346
|3^HL3_82'>    0.05926
|3^HL3_84'>   -0.05073
|3^HL3_89'>    0.06957
|3^HL3_72'>   -0.09113
|3^HL3_722'>   -0.06413
|3^HL3_52'>   -0.10622
|3^HL3_510'>   -0.05498
|3^HL3_522'>    0.05121
|3^HL3_524'>    0.08782
|3^HL3_32'>    0.08605
|3^HL3_39'>    0.05636
|3^HL3_313'>   -0.17988
|3^HL3_317'>    0.05426
|3^HL3_212'>   -0.05463
|3^HL3_225'>    0.05440
TDMs with Triplet 'Ground' state
TDMX:-0.117   TDMY:-0.527   TDMZ:-0.918   Oscillator Strength:0.13127   <S**2>: 2.005
--------------------------------------------------------------------
TDMs with Singlet 'Ground' state
TDMX:-0.000   TDMY:-0.000   TDMZ:0.000   Oscillator Strength:0.00000   <S**2>: 2.005
--------------------------------------------------------------------


State 179 4.847 eV 
Excitation    CI Coef
|3^HS1_3>   -0.08000
|3^HS2_7>   -0.17486
|3^HS2_5>    0.15217
|3^HS2_3>    0.24410
|3^SL1_13'>   -0.09277
|3^SL2_9'>    0.07994
|3^SL2_13'>   -0.23702
|3^HL1_72'>    0.09215
|3^HL1_75'>    0.09250
|3^HL1_710'>   -0.05063
|3^HL1_52'>   -0.11302
|3^HL1_55'>   -0.09053
|3^HL1_59'>   -0.06693
|3^HL1_510'>   -0.07534
|3^HL1_515'>    0.06332
|3^HL1_32'>   -0.25169
|3^HL1_34'>    0.08836
|3^HL1_35'>   -0.17835
|3^HL1_36'>    0.07818
|3^HL1_39'>   -0.05589
|3^HL1_313'>   -0.05659
|3^HL1_22'>    0.08542
|3^HL1_25'>   -0.05230
|3^HL2_79'>   -0.07340
|3^HL2_710'>    0.06147
|3^HL2_32'>   -0.05500
|3^HL2_313'>   -0.07255
|3^HL3_3713'>    0.05696
|3^HL3_179'>    0.12517
|3^HL3_1710'>   -0.07839
|3^HL3_169'>    0.07044
|3^HL3_159'>   -0.07450
|3^HL3_1513'>   -0.21058
|3^HL3_129'>   -0.07596
|3^HL3_1213'>    0.06079
|3^HL3_119'>    0.06668
|3^HL3_1113'>   -0.05211
|3^HL3_109'>    0.08539
|3^HL3_1013'>   -0.06568
|3^HL3_99'>   -0.11464
|3^HL3_913'>    0.08265
|3^HL3_89'>    0.11917
|3^HL3_813'>   -0.06815
|3^HL3_72'>   -0.16501
|3^HL3_75'>   -0.07233
|3^HL3_722'>   -0.14039
|3^HL3_724'>    0.06600
|3^HL3_52'>    0.18530
|3^HL3_55'>    0.07673
|3^HL3_59'>    0.09715
|3^HL3_510'>    0.09946
|3^HL3_522'>   -0.08426
|3^HL3_524'>   -0.15575
|3^HL3_32'>    0.17303
|3^HL3_39'>    0.13440
|3^HL3_313'>    0.33009
|3^HL3_315'>    0.10582
|3^HL3_316'>   -0.06195
|3^HL3_317'>    0.10307
|3^HL3_19'>    0.05098
|3^HL3_113'>   -0.06049
TDMs with Triplet 'Ground' state
TDMX:-0.065   TDMY:-0.153   TDMZ:0.134   Oscillator Strength:0.00532   <S**2>: 2.008
--------------------------------------------------------------------
TDMs with Singlet 'Ground' state
TDMX:0.000   TDMY:0.000   TDMZ:-0.000   Oscillator Strength:0.00000   <S**2>: 2.008
--------------------------------------------------------------------


State 180 4.847 eV 
Excitation    CI Coef
|5^HL_222'>    0.09197
|5^HL_212'>   -0.05673
|5^HL_215'>   -0.07554
|5^HL_182'>   -0.06808
|5^HL_186'>    0.05887
|5^HL_1817'>   -0.05710
|5^HL_172'>   -0.06225
|5^HL_175'>   -0.09451
|5^HL_179'>    0.09322
|5^HL_1710'>   -0.07553
|5^HL_162'>   -0.09067
|5^HL_1611'>   -0.05235
|5^HL_122'>   -0.15735
|5^HL_125'>   -0.10394
|5^HL_126'>    0.10755
|5^HL_1217'>   -0.08993
|5^HL_1218'>    0.06719
|5^HL_111'>   -0.07419
|5^HL_114'>   -0.06822
|5^HL_115'>    0.17548
|5^HL_116'>   -0.05051
|5^HL_102'>    0.13510
|5^HL_105'>    0.15418
|5^HL_106'>   -0.07306
|5^HL_1017'>    0.05586
|5^HL_1018'>   -0.08327
|5^HL_91'>   -0.05729
|5^HL_92'>   -0.40571
|5^HL_94'>    0.07202
|5^HL_95'>   -0.11036
|5^HL_96'>    0.09203
|5^HL_97'>    0.06158
|5^HL_917'>   -0.11262
|5^HL_82'>    0.25209
|5^HL_84'>   -0.13029
|5^HL_85'>    0.12922
|5^HL_89'>   -0.05046
|5^HL_72'>   -0.36694
|5^HL_74'>    0.10037
|5^HL_75'>   -0.18035
|5^HL_76'>    0.06340
|5^HL_79'>   -0.05775
|5^HL_710'>   -0.08533
|5^HL_715'>   -0.06157
|5^HL_716'>    0.09352
|5^HL_717'>   -0.13523
|5^HL_718'>    0.07210
|5^HL_722'>   -0.09762
|5^HL_61'>   -0.05857
|5^HL_62'>   -0.17704
|5^HL_65'>    0.08527
|5^HL_617'>   -0.05053
|5^HL_52'>    0.06858
|5^HL_32'>   -0.07896
|5^HL_39'>   -0.08299
|5^HL_310'>    0.06726
|5^HL_22'>    0.05606
|5^HL_12'>    0.11319
|5^HL_15'>   -0.12964
TDMs with Triplet 'Ground' state
TDMX:-0.006   TDMY:-0.026   TDMZ:-0.011   Oscillator Strength:0.00010   <S**2>: 5.988
--------------------------------------------------------------------
TDMs with Singlet 'Ground' state
TDMX:0.000   TDMY:0.000   TDMZ:-0.000   Oscillator Strength:0.00000   <S**2>: 5.988
--------------------------------------------------------------------


State 181 4.854 eV 
Excitation    CI Coef
|1^OS>   -0.05298
|1^HS1_16>    0.07765
|1^HS1_15>   -0.10573
|1^HS1_8>   -0.16189
|1^HS1_1>    0.27508
|1^HS2_18>   -0.11064
|1^HS2_16>    0.26208
|1^HS2_13>    0.12217
|1^HS2_11>   -0.07533
|1^HS2_9>   -0.08112
|1^HS2_8>   -0.14248
|1^HS2_2>    0.05986
|1^HS2_1>    0.07589
|1^SL1_5'>   -0.07143
|1^SL1_8'>    0.05200
|1^SL1_12'>   -0.24239
|1^SL1_23'>   -0.11648
|1^SL2_2'>   -0.07084
|1^SL2_6'>   -0.14753
|1^SL2_12'>   -0.10037
|1^SL2_15'>   -0.08501
|1^SL2_17'>    0.06589
|1^SL2_22'>    0.06174
|1^SL2_23'>   -0.05422
|1^HL2_417'>    0.08046
|1^HL2_247'>   -0.09081
|1^HL2_237'>    0.06686
|1^HL2_212'>   -0.05500
|1^HL2_215'>   -0.08915
|1^HL2_182'>   -0.12039
|1^HL2_186'>    0.05665
|1^HL2_172'>    0.05818
|1^HL2_1712'>    0.07408
|1^HL2_1716'>   -0.06404
|1^HL2_162'>    0.09472
|1^HL2_1611'>    0.05439
|1^HL2_1612'>   -0.11675
|1^HL2_1616'>    0.06592
|1^HL2_1617'>    0.08565
|1^HL2_1412'>    0.05516
|1^HL2_132'>    0.13474
|1^HL2_135'>    0.06394
|1^HL2_1327'>    0.05894
|1^HL2_122'>    0.07519
|1^HL2_125'>    0.08302
|1^HL2_127'>    0.07099
|1^HL2_112'>   -0.05742
|1^HL2_117'>   -0.05053
|1^HL2_102'>   -0.05104
|1^HL2_104'>   -0.06960
|1^HL2_923'>   -0.05885
|1^HL2_81'>    0.05803
|1^HL2_84'>    0.06551
|1^HL2_85'>   -0.13637
|1^HL2_87'>    0.16714
|1^HL2_88'>    0.07011
|1^HL2_611'>    0.08315
|1^HL2_612'>   -0.10308
|1^HL2_616'>    0.07798
|1^HL2_623'>    0.08338
|1^HL2_414'>    0.05793
|1^HL2_211'>   -0.05616
|1^HL2_212'>   -0.16507
|1^HL2_215'>   -0.08097
|1^HL2_216'>   -0.11690
|1^HL2_223'>   -0.06280
|1^HL2_12'>   -0.12245
|1^HL2_17'>    0.23835
TDMs with Triplet 'Ground' state
TDMX:-0.000   TDMY:0.000   TDMZ:0.000   Oscillator Strength:0.00000   <S**2>: 0.000
--------------------------------------------------------------------
TDMs with Singlet 'Ground' state
TDMX:-0.398   TDMY:-1.310   TDMZ:0.889   Oscillator Strength:0.31718   <S**2>: 0.000
--------------------------------------------------------------------


State 182 4.865 eV 
Excitation    CI Coef
|3^HS2_16>   -0.18656
|3^HS2_14>   -0.07641
|3^HS2_11>    0.07556
|3^HS2_10>    0.08755
|3^HS2_9>    0.05492
|3^HS2_3>   -0.05270
|3^SL1_12'>    0.11804
|3^SL1_14'>    0.06984
|3^SL1_17'>   -0.06962
|3^SL1_23'>    0.07954
|3^SL2_6'>    0.06321
|3^SL2_16'>   -0.07882
|3^SL2_17'>   -0.07519
|3^HL1_142'>   -0.06579
|3^HL1_145'>    0.05735
|3^HL1_102'>    0.05940
|3^HL1_612'>   -0.05901
|3^HL1_21'>    0.16720
|3^HL1_22'>    0.47441
|3^HL1_24'>    0.12299
|3^HL1_25'>   -0.26614
|3^HL1_26'>   -0.11554
|3^HL1_28'>    0.06852
|3^HL1_215'>   -0.05492
|3^HL1_217'>    0.07083
|3^HL2_188'>   -0.07108
|3^HL2_168'>    0.06214
|3^HL2_138'>   -0.07798
|3^HL2_124'>   -0.05455
|3^HL2_128'>    0.06172
|3^HL2_118'>    0.07478
|3^HL2_94'>    0.06316
|3^HL2_912'>    0.05570
|3^HL2_82'>    0.05012
|3^HL2_85'>   -0.06921
|3^HL2_611'>    0.17396
|3^HL2_414'>   -0.09158
|3^HL2_216'>   -0.05386
|3^HL2_11'>   -0.07565
|3^HL2_14'>    0.11427
|3^HL2_15'>    0.08422
|3^HL2_16'>    0.05457
|3^HL3_1612'>    0.06745
|3^HL3_1616'>   -0.06765
|3^HL3_1412'>   -0.07433
|3^HL3_62'>   -0.07134
|3^HL3_65'>    0.05637
|3^HL3_21'>   -0.09402
|3^HL3_22'>   -0.26402
|3^HL3_24'>   -0.06947
|3^HL3_25'>    0.17056
|3^HL3_26'>    0.07884
|3^HL3_214'>    0.07351
|3^HL3_215'>    0.06136
|3^HL3_223'>    0.06007
TDMs with Triplet 'Ground' state
TDMX:-0.120   TDMY:-0.836   TDMZ:-0.130   Oscillator Strength:0.08495   <S**2>: 2.002
--------------------------------------------------------------------
TDMs with Singlet 'Ground' state
TDMX:-0.000   TDMY:-0.000   TDMZ:0.000   Oscillator Strength:0.00000   <S**2>: 2.002
--------------------------------------------------------------------


State 183 4.873 eV 
Excitation    CI Coef
|5^HL_1414'>   -0.16884
|5^HL_41'>   -0.27157
|5^HL_42'>   -0.76149
|5^HL_44'>   -0.18616
|5^HL_45'>    0.39597
|5^HL_46'>    0.16284
|5^HL_48'>   -0.09562
|5^HL_416'>   -0.10838
|5^HL_417'>   -0.17740
|5^HL_418'>   -0.07698
|5^HL_423'>    0.05636
|5^HL_425'>    0.11162
|5^HL_214'>    0.06344
TDMs with Triplet 'Ground' state
TDMX:-0.000   TDMY:-0.002   TDMZ:-0.000   Oscillator Strength:0.00000   <S**2>: 6.000
--------------------------------------------------------------------
TDMs with Singlet 'Ground' state
TDMX:-0.000   TDMY:-0.000   TDMZ:0.000   Oscillator Strength:0.00000   <S**2>: 6.000
--------------------------------------------------------------------


State 184 4.878 eV 
Excitation    CI Coef
|5^HL_282'>    0.05382
|5^HL_1510'>   -0.07101
|5^HL_1513'>   -0.20773
|5^HL_82'>   -0.05498
|5^HL_52'>    0.76569
|5^HL_54'>   -0.19322
|5^HL_55'>    0.36699
|5^HL_56'>   -0.16927
|5^HL_57'>   -0.10279
|5^HL_510'>   -0.08680
|5^HL_515'>    0.05574
|5^HL_516'>   -0.10682
|5^HL_517'>    0.19861
|5^HL_518'>   -0.11174
|5^HL_522'>   -0.08957
|5^HL_524'>   -0.13242
|5^HL_313'>   -0.09145
TDMs with Triplet 'Ground' state
TDMX:0.001   TDMY:0.010   TDMZ:0.001   Oscillator Strength:0.00001   <S**2>: 6.000
--------------------------------------------------------------------
TDMs with Singlet 'Ground' state
TDMX:-0.000   TDMY:0.000   TDMZ:0.000   Oscillator Strength:0.00000   <S**2>: 6.000
--------------------------------------------------------------------


State 185 4.887 eV 
Excitation    CI Coef
|5^HL_304'>    0.08370
|5^HL_262'>    0.08311
|5^HL_266'>    0.05300
|5^HL_232'>   -0.05083
|5^HL_222'>   -0.24179
|5^HL_212'>   -0.09818
|5^HL_202'>    0.08103
|5^HL_182'>   -0.21592
|5^HL_186'>   -0.05211
|5^HL_188'>    0.05108
|5^HL_179'>    0.05353
|5^HL_162'>    0.08230
|5^HL_134'>   -0.16006
|5^HL_135'>    0.08821
|5^HL_121'>   -0.05109
|5^HL_122'>   -0.12257
|5^HL_126'>   -0.10416
|5^HL_111'>    0.30533
|5^HL_114'>   -0.05436
|5^HL_115'>   -0.12034
|5^HL_1118'>   -0.06391
|5^HL_1121'>    0.07038
|5^HL_101'>   -0.35251
|5^HL_102'>    0.06959
|5^HL_104'>   -0.28796
|5^HL_105'>    0.18100
|5^HL_1016'>   -0.08017
|5^HL_1018'>    0.15938
|5^HL_1021'>   -0.07610
|5^HL_92'>    0.09320
|5^HL_96'>    0.07327
|5^HL_84'>    0.43555
|5^HL_818'>   -0.11930
|5^HL_72'>   -0.13032
|5^HL_75'>   -0.06279
|5^HL_62'>   -0.06804
|5^HL_52'>   -0.06968
|5^HL_12'>    0.13734
|5^HL_16'>   -0.05769
|5^HL_120'>    0.09977
TDMs with Triplet 'Ground' state
TDMX:-0.001   TDMY:0.008   TDMZ:-0.001   Oscillator Strength:0.00001   <S**2>: 6.000
--------------------------------------------------------------------
TDMs with Singlet 'Ground' state
TDMX:0.000   TDMY:0.000   TDMZ:-0.000   Oscillator Strength:0.00000   <S**2>: 6.000
--------------------------------------------------------------------


State 186 4.891 eV 
Excitation    CI Coef
|3^HS1_3>    0.06562
|3^HS2_12>    0.12655
|3^HS2_11>   -0.05436
|3^HS2_10>   -0.06774
|3^HS2_7>   -0.29253
|3^HS2_3>   -0.20407
|3^SL2_5'>    0.05950
|3^SL2_9'>    0.08366
|3^SL2_10'>   -0.09207
|3^SL2_13'>    0.08759
|3^HL1_89'>   -0.06176
|3^HL1_72'>    0.08580
|3^HL1_75'>    0.11756
|3^HL1_76'>   -0.06967
|3^HL1_77'>   -0.05649
|3^HL1_710'>   -0.14927
|3^HL1_713'>    0.05934
|3^HL1_715'>   -0.09825
|3^HL1_716'>    0.05768
|3^HL1_717'>   -0.05616
|3^HL1_32'>    0.27244
|3^HL1_34'>   -0.09069
|3^HL1_35'>    0.17607
|3^HL1_36'>   -0.07730
|3^HL1_37'>   -0.05040
|3^HL1_39'>   -0.06502
|3^HL1_310'>    0.05127
|3^HL2_72'>    0.05080
|3^HL2_513'>   -0.06289
|3^HL2_310'>    0.05177
|3^HL3_399'>    0.07111
|3^HL3_219'>    0.05151
|3^HL3_189'>    0.09392
|3^HL3_1810'>   -0.05496
|3^HL3_179'>    0.21440
|3^HL3_1710'>   -0.13592
|3^HL3_169'>    0.11472
|3^HL3_1610'>   -0.07519
|3^HL3_159'>   -0.07901
|3^HL3_1510'>    0.06936
|3^HL3_1513'>    0.05994
|3^HL3_129'>   -0.09659
|3^HL3_1210'>    0.07906
|3^HL3_119'>    0.08016
|3^HL3_1110'>   -0.06877
|3^HL3_109'>    0.09776
|3^HL3_1010'>   -0.08585
|3^HL3_99'>   -0.11879
|3^HL3_910'>    0.11321
|3^HL3_82'>   -0.05092
|3^HL3_89'>    0.11454
|3^HL3_810'>   -0.11116
|3^HL3_72'>   -0.22078
|3^HL3_75'>   -0.08172
|3^HL3_76'>    0.06026
|3^HL3_722'>   -0.23912
|3^HL3_724'>    0.11701
|3^HL3_510'>   -0.05785
|3^HL3_32'>   -0.15998
|3^HL3_39'>    0.14382
|3^HL3_310'>   -0.12511
|3^HL3_313'>   -0.07738
|3^HL3_315'>   -0.06981
|3^HL3_317'>   -0.08627
|3^HL3_110'>   -0.05138
TDMs with Triplet 'Ground' state
TDMX:-0.458   TDMY:-0.085   TDMZ:0.295   Oscillator Strength:0.03554   <S**2>: 2.000
--------------------------------------------------------------------
TDMs with Singlet 'Ground' state
TDMX:-0.000   TDMY:-0.000   TDMZ:0.000   Oscillator Strength:0.00000   <S**2>: 2.000
--------------------------------------------------------------------


State 187 4.900 eV 
Excitation    CI Coef
|5^HL_3811'>   -0.05289
|5^HL_227'>   -0.05899
|5^HL_212'>    0.05460
|5^HL_217'>    0.08066
|5^HL_189'>    0.06287
|5^HL_1811'>    0.08548
|5^HL_172'>   -0.05632
|5^HL_179'>    0.13740
|5^HL_1710'>   -0.06087
|5^HL_1711'>   -0.12658
|5^HL_169'>    0.07101
|5^HL_1611'>    0.19113
|5^HL_159'>   -0.05289
|5^HL_1411'>   -0.07866
|5^HL_137'>   -0.05492
|5^HL_122'>   -0.05462
|5^HL_112'>    0.10865
|5^HL_116'>    0.05886
|5^HL_102'>   -0.06064
|5^HL_106'>    0.07570
|5^HL_92'>   -0.13328
|5^HL_94'>   -0.08394
|5^HL_95'>    0.12900
|5^HL_81'>   -0.06317
|5^HL_82'>   -0.30294
|5^HL_86'>   -0.07617
|5^HL_87'>    0.06714
|5^HL_89'>   -0.05362
|5^HL_72'>   -0.27419
|5^HL_74'>    0.07777
|5^HL_75'>   -0.14331
|5^HL_76'>    0.06409
|5^HL_710'>   -0.05305
|5^HL_716'>    0.06671
|5^HL_717'>   -0.10673
|5^HL_718'>    0.05799
|5^HL_722'>   -0.11964
|5^HL_724'>    0.05226
|5^HL_61'>    0.14967
|5^HL_62'>    0.43831
|5^HL_64'>    0.10662
|5^HL_65'>   -0.21546
|5^HL_66'>   -0.08058
|5^HL_612'>   -0.05974
|5^HL_616'>    0.08314
|5^HL_617'>    0.11577
|5^HL_623'>    0.16425
|5^HL_52'>   -0.06465
|5^HL_39'>   -0.06902
|5^HL_310'>    0.05282
|5^HL_22'>   -0.07061
|5^HL_211'>    0.09224
|5^HL_14'>   -0.08280
|5^HL_15'>    0.26082
|5^HL_17'>    0.06172
TDMs with Triplet 'Ground' state
TDMX:-0.018   TDMY:0.039   TDMZ:0.003   Oscillator Strength:0.00022   <S**2>: 5.981
--------------------------------------------------------------------
TDMs with Singlet 'Ground' state
TDMX:0.000   TDMY:-0.000   TDMZ:0.000   Oscillator Strength:0.00000   <S**2>: 5.981
--------------------------------------------------------------------


State 188 4.902 eV 
Excitation    CI Coef
|3^HS2_16>   -0.05563
|3^HS2_4>   -0.13282
|3^SL1_12'>    0.06764
|3^SL1_14'>   -0.30183
|3^SL2_6'>   -0.05836
|3^SL2_14'>    0.10689
|3^HL1_41'>    0.12813
|3^HL1_42'>    0.37446
|3^HL1_44'>    0.08646
|3^HL1_45'>   -0.19191
|3^HL1_46'>   -0.08512
|3^HL1_412'>   -0.05920
|3^HL1_415'>   -0.05069
|3^HL1_417'>    0.05000
|3^HL1_22'>    0.05879
|3^HL2_214'>   -0.07985
|3^HL3_3614'>   -0.06013
|3^HL3_1414'>   -0.23629
|3^HL3_914'>    0.09419
|3^HL3_814'>    0.05677
|3^HL3_41'>   -0.13707
|3^HL3_42'>   -0.35719
|3^HL3_44'>   -0.09922
|3^HL3_45'>    0.22149
|3^HL3_46'>    0.09126
|3^HL3_412'>    0.21458
|3^HL3_415'>    0.09593
|3^HL3_416'>    0.06940
|3^HL3_423'>    0.07516
|3^HL3_425'>    0.17042
|3^HL3_214'>   -0.39248
|3^HL3_114'>   -0.05320
TDMs with Triplet 'Ground' state
TDMX:-0.353   TDMY:0.092   TDMZ:0.080   Oscillator Strength:0.01634   <S**2>: 2.016
--------------------------------------------------------------------
TDMs with Singlet 'Ground' state
TDMX:0.000   TDMY:0.000   TDMZ:0.000   Oscillator Strength:0.00000   <S**2>: 2.016
--------------------------------------------------------------------


State 189 4.916 eV 
Excitation    CI Coef
|3^HS2_13>   -0.05412
|3^HS2_8>   -0.07273
|3^SL1_2'>   -0.07190
|3^SL1_4'>   -0.06118
|3^SL1_5'>   -0.12058
|3^SL1_6'>   -0.21822
|3^SL1_8'>    0.08861
|3^SL1_16'>    0.06184
|3^SL1_17'>    0.05534
|3^SL2_1'>   -0.08840
|3^SL2_2'>   -0.09687
|3^SL2_4'>   -0.16587
|3^SL2_5'>   -0.15068
|3^SL2_6'>   -0.39080
|3^SL2_8'>    0.07852
|3^SL2_12'>   -0.06039
|3^SL2_15'>   -0.07494
|3^SL2_16'>    0.13933
|3^SL2_17'>    0.11774
|3^HL1_134'>   -0.07039
|3^HL1_135'>    0.07734
|3^HL1_122'>    0.12185
|3^HL1_112'>    0.07854
|3^HL1_115'>   -0.06911
|3^HL1_101'>    0.06040
|3^HL1_102'>   -0.06084
|3^HL1_104'>   -0.12141
|3^HL1_81'>   -0.07495
|3^HL1_82'>    0.07658
|3^HL1_84'>    0.09753
|3^HL1_88'>   -0.09935
|3^HL1_42'>   -0.06765
|3^HL1_11'>   -0.06065
|3^HL1_12'>   -0.06156
|3^HL1_17'>   -0.05790
|3^HL1_18'>    0.09624
|3^HL2_226'>   -0.05081
|3^HL2_218'>    0.05567
|3^HL2_193'>    0.05083
|3^HL2_182'>   -0.05787
|3^HL2_184'>   -0.06164
|3^HL2_188'>   -0.08416
|3^HL2_168'>    0.07040
|3^HL2_136'>    0.06972
|3^HL2_138'>   -0.08956
|3^HL2_122'>   -0.06710
|3^HL2_124'>   -0.09824
|3^HL2_128'>    0.06413
|3^HL2_115'>    0.07057
|3^HL2_116'>    0.07293
|3^HL2_118'>    0.07272
|3^HL2_102'>   -0.08247
|3^HL2_104'>   -0.13056
|3^HL2_94'>    0.06741
|3^HL2_82'>    0.06896
|3^HL2_85'>   -0.08393
|3^HL2_86'>   -0.05468
|3^HL2_817'>    0.06719
|3^HL2_611'>   -0.11413
|3^HL2_11'>   -0.12880
|3^HL2_14'>    0.14941
|3^HL2_15'>    0.11678
|3^HL2_16'>    0.05193
|3^HL2_117'>   -0.05118
|3^HL3_182'>   -0.07242
|3^HL3_162'>    0.05556
|3^HL3_135'>    0.07363
|3^HL3_122'>   -0.08217
|3^HL3_125'>   -0.06753
|3^HL3_126'>   -0.09339
|3^HL3_111'>    0.05275
|3^HL3_84'>    0.05037
|3^HL3_42'>    0.05808
|3^HL3_11'>    0.09309
|3^HL3_15'>    0.08950
|3^HL3_17'>    0.05353
TDMs with Triplet 'Ground' state
TDMX:0.179   TDMY:0.873   TDMZ:0.250   Oscillator Strength:0.10093   <S**2>: 2.000
--------------------------------------------------------------------
TDMs with Singlet 'Ground' state
TDMX:0.000   TDMY:0.000   TDMZ:-0.000   Oscillator Strength:0.00000   <S**2>: 2.000
--------------------------------------------------------------------


State 190 4.923 eV 
Excitation    CI Coef
|5^HL_212'>   -0.06058
|5^HL_217'>   -0.05121
|5^HL_182'>   -0.07783
|5^HL_188'>   -0.05170
|5^HL_189'>   -0.08814
|5^HL_1811'>    0.07582
|5^HL_179'>   -0.18518
|5^HL_1710'>    0.07532
|5^HL_1711'>   -0.11170
|5^HL_169'>   -0.09562
|5^HL_1611'>    0.16883
|5^HL_159'>    0.07982
|5^HL_1411'>   -0.07029
|5^HL_122'>   -0.12571
|5^HL_112'>   -0.15401
|5^HL_114'>   -0.07958
|5^HL_115'>    0.11908
|5^HL_1118'>   -0.05262
|5^HL_101'>   -0.11280
|5^HL_104'>   -0.12857
|5^HL_105'>    0.18670
|5^HL_91'>   -0.09490
|5^HL_92'>   -0.35952
|5^HL_96'>    0.10505
|5^HL_97'>    0.05306
|5^HL_917'>   -0.10331
|5^HL_82'>    0.13251
|5^HL_85'>    0.11171
|5^HL_86'>    0.05519
|5^HL_87'>   -0.05231
|5^HL_89'>    0.06090
|5^HL_72'>    0.31191
|5^HL_74'>   -0.08312
|5^HL_75'>    0.14689
|5^HL_76'>   -0.06757
|5^HL_710'>    0.05015
|5^HL_716'>   -0.06733
|5^HL_717'>    0.11189
|5^HL_718'>   -0.05964
|5^HL_722'>    0.15761
|5^HL_724'>   -0.07106
|5^HL_61'>    0.10752
|5^HL_62'>    0.31174
|5^HL_64'>    0.07485
|5^HL_65'>   -0.15430
|5^HL_66'>   -0.06114
|5^HL_616'>    0.05696
|5^HL_617'>    0.08278
|5^HL_623'>    0.14433
|5^HL_32'>    0.05783
|5^HL_39'>    0.08205
|5^HL_310'>   -0.05361
|5^HL_211'>    0.07183
|5^HL_12'>    0.13151
|5^HL_14'>    0.05428
|5^HL_15'>   -0.16531
|5^HL_18'>   -0.05068
TDMs with Triplet 'Ground' state
TDMX:-0.019   TDMY:-0.042   TDMZ:0.021   Oscillator Strength:0.00030   <S**2>: 5.985
--------------------------------------------------------------------
TDMs with Singlet 'Ground' state
TDMX:-0.000   TDMY:0.000   TDMZ:-0.000   Oscillator Strength:0.00000   <S**2>: 5.985
--------------------------------------------------------------------


State 191 4.929 eV 
Excitation    CI Coef
|3^HS2_17>    0.10449
|3^HS2_16>    0.23935
|3^HS2_14>    0.07444
|3^HS2_13>    0.11319
|3^HS2_11>   -0.14404
|3^HS2_10>    0.15653
|3^HS2_9>   -0.08248
|3^HS2_8>   -0.06093
|3^HS2_2>   -0.06182
|3^SL1_6'>   -0.13272
|3^SL1_12'>    0.08226
|3^SL1_15'>   -0.16550
|3^SL1_17'>   -0.05646
|3^SL2_4'>    0.09702
|3^SL2_15'>   -0.20686
|3^SL2_16'>    0.06645
|3^SL2_17'>   -0.10068
|3^SL2_22'>    0.06643
|3^SL2_24'>   -0.09883
|3^HL1_172'>    0.05504
|3^HL1_122'>    0.07812
|3^HL1_111'>   -0.07462
|3^HL1_112'>   -0.14756
|3^HL1_114'>    0.05424
|3^HL1_101'>    0.11256
|3^HL1_102'>    0.06485
|3^HL1_104'>   -0.07574
|3^HL1_106'>    0.06195
|3^HL1_92'>   -0.05602
|3^HL1_95'>    0.07068
|3^HL1_81'>   -0.10154
|3^HL1_82'>   -0.05466
|3^HL1_79'>    0.08128
|3^HL1_52'>   -0.07421
|3^HL1_513'>    0.05955
|3^HL1_42'>    0.09871
|3^HL1_45'>   -0.05132
|3^HL1_310'>   -0.05093
|3^HL1_11'>    0.05358
|3^HL1_14'>   -0.10949
|3^HL1_15'>    0.10675
|3^HL1_16'>   -0.08874
|3^HL1_115'>    0.06540
|3^HL2_215'>    0.05049
|3^HL2_217'>   -0.05327
|3^HL2_137'>    0.07069
|3^HL2_138'>    0.05127
|3^HL2_127'>    0.08095
|3^HL2_1215'>   -0.06351
|3^HL2_102'>   -0.05900
|3^HL2_82'>    0.06068
|3^HL2_85'>    0.06381
|3^HL2_611'>    0.14638
|3^HL2_15'>    0.06476
|3^HL3_304'>   -0.06876
|3^HL3_262'>   -0.05575
|3^HL3_1616'>    0.05788
|3^HL3_1412'>    0.06834
|3^HL3_134'>    0.09136
|3^HL3_135'>   -0.05884
|3^HL3_126'>    0.06588
|3^HL3_114'>    0.07233
|3^HL3_105'>    0.05057
|3^HL3_1016'>    0.05850
|3^HL3_912'>   -0.09353
|3^HL3_917'>    0.06152
|3^HL3_81'>    0.08285
|3^HL3_84'>   -0.13091
|3^HL3_812'>   -0.07275
|3^HL3_816'>    0.06250
|3^HL3_611'>    0.05106
|3^HL3_52'>    0.05249
|3^HL3_42'>   -0.07684
|3^HL3_39'>   -0.07302
|3^HL3_310'>   -0.06149
|3^HL3_21'>   -0.06983
|3^HL3_22'>   -0.14399
|3^HL3_25'>    0.11282
|3^HL3_26'>    0.06054
|3^HL3_212'>   -0.12253
|3^HL3_216'>    0.06298
|3^HL3_16'>   -0.09375
|3^HL3_120'>   -0.06342
TDMs with Triplet 'Ground' state
TDMX:-0.334   TDMY:-0.556   TDMZ:0.407   Oscillator Strength:0.06913   <S**2>: 2.019
--------------------------------------------------------------------
TDMs with Singlet 'Ground' state
TDMX:0.000   TDMY:0.000   TDMZ:-0.000   Oscillator Strength:0.00000   <S**2>: 2.019
--------------------------------------------------------------------


State 192 4.934 eV 
Excitation    CI Coef
|1^ZW0'>    0.08264
|1^HS1_24>   -0.07170
|1^HS1_22>    0.08610
|1^HS1_21>   -0.06138
|1^HS1_18>   -0.05049
|1^HS1_16>   -0.06732
|1^HS1_11>    0.09972
|1^HS1_9>    0.13021
|1^HS1_8>   -0.27659
|1^HS1_2>    0.13977
|1^HS1_1>    0.37424
|1^HS2_21>    0.05788
|1^HS2_18>   -0.05897
|1^HS2_16>   -0.18957
|1^HS2_14>   -0.14039
|1^HS2_11>    0.07170
|1^HS2_10>    0.09498
|1^HS2_9>    0.13038
|1^SL1_5'>   -0.12291
|1^SL1_8'>    0.06138
|1^SL1_12'>    0.19119
|1^SL1_16'>    0.07159
|1^SL1_23'>    0.12326
|1^SL2_2'>   -0.17434
|1^SL2_4'>    0.05587
|1^SL2_5'>    0.12028
|1^SL2_6'>   -0.08731
|1^SL2_7'>    0.09320
|1^SL2_12'>    0.06516
|1^SL2_15'>    0.09271
|1^SL2_17'>    0.08593
|1^SL2_22'>   -0.07268
|1^SL2_24'>    0.05703
|1^HL1_12'>    0.07442
|1^HL1_15'>   -0.05121
|1^HL2_212'>    0.07522
|1^HL2_175'>    0.05024
|1^HL2_1712'>   -0.05979
|1^HL2_1716'>    0.07853
|1^HL2_1612'>    0.10514
|1^HL2_1615'>   -0.07131
|1^HL2_1616'>   -0.07795
|1^HL2_1412'>   -0.14258
|1^HL2_1416'>   -0.05004
|1^HL2_132'>    0.07075
|1^HL2_122'>    0.08840
|1^HL2_127'>    0.07387
|1^HL2_111'>   -0.05237
|1^HL2_115'>    0.06221
|1^HL2_101'>    0.05165
|1^HL2_1016'>    0.05069
|1^HL2_95'>   -0.05883
|1^HL2_917'>    0.09784
|1^HL2_923'>    0.06664
|1^HL2_85'>   -0.05121
|1^HL2_86'>   -0.06193
|1^HL2_87'>    0.05091
|1^HL2_88'>    0.05536
|1^HL2_815'>   -0.05823
|1^HL2_823'>    0.05270
|1^HL2_611'>   -0.06721
|1^HL2_414'>   -0.06601
|1^HL2_310'>   -0.05923
|1^HL2_25'>    0.06991
|1^HL2_212'>    0.13050
|1^HL2_215'>    0.09189
|1^HL2_216'>    0.08571
|1^HL2_223'>    0.10791
|1^HL2_225'>    0.06885
|1^HL2_12'>   -0.11919
|1^HL2_15'>    0.13743
|1^HL2_18'>   -0.05018
|1^HL2_115'>   -0.05011
|1^HL2_117'>    0.12786
|1^HL2_118'>   -0.07706
TDMs with Triplet 'Ground' state
TDMX:0.000   TDMY:0.000   TDMZ:-0.000   Oscillator Strength:0.00000   <S**2>: 0.000
--------------------------------------------------------------------
TDMs with Singlet 'Ground' state
TDMX:-0.118   TDMY:0.243   TDMZ:-0.481   Oscillator Strength:0.03686   <S**2>: 0.000
--------------------------------------------------------------------


State 193 4.947 eV 
Excitation    CI Coef
|5^HL_227'>    0.16847
|5^HL_228'>    0.05395
|5^HL_212'>   -0.08759
|5^HL_217'>   -0.22216
|5^HL_218'>    0.06059
|5^HL_219'>    0.05954
|5^HL_187'>   -0.10378
|5^HL_188'>   -0.10400
|5^HL_189'>    0.07964
|5^HL_172'>    0.13823
|5^HL_175'>    0.06136
|5^HL_177'>    0.15762
|5^HL_179'>    0.14119
|5^HL_1710'>   -0.07088
|5^HL_1717'>    0.05516
|5^HL_165'>    0.08594
|5^HL_167'>    0.13814
|5^HL_168'>    0.09135
|5^HL_169'>    0.06979
|5^HL_1611'>    0.05562
|5^HL_159'>   -0.07447
|5^HL_132'>    0.05694
|5^HL_136'>   -0.07281
|5^HL_137'>    0.16962
|5^HL_138'>   -0.06060
|5^HL_1317'>    0.05760
|5^HL_122'>    0.18367
|5^HL_124'>   -0.11918
|5^HL_125'>    0.15409
|5^HL_112'>   -0.34349
|5^HL_102'>   -0.23758
|5^HL_105'>   -0.05030
|5^HL_91'>   -0.05927
|5^HL_92'>    0.09521
|5^HL_95'>    0.12603
|5^HL_97'>    0.05010
|5^HL_918'>   -0.05369
|5^HL_82'>   -0.07349
|5^HL_85'>   -0.06717
|5^HL_86'>    0.14693
|5^HL_87'>   -0.16896
|5^HL_88'>    0.05296
|5^HL_815'>    0.07218
|5^HL_817'>   -0.10764
|5^HL_72'>   -0.20001
|5^HL_75'>   -0.09365
|5^HL_717'>   -0.06088
|5^HL_722'>   -0.12832
|5^HL_724'>    0.05920
|5^HL_62'>    0.08112
|5^HL_39'>   -0.06412
|5^HL_14'>    0.09760
|5^HL_15'>   -0.27877
|5^HL_17'>   -0.19805
|5^HL_18'>   -0.09107
|5^HL_118'>    0.07901
TDMs with Triplet 'Ground' state
TDMX:0.026   TDMY:0.002   TDMZ:-0.017   Oscillator Strength:0.00011   <S**2>: 5.990
--------------------------------------------------------------------
TDMs with Singlet 'Ground' state
TDMX:-0.000   TDMY:-0.000   TDMZ:0.000   Oscillator Strength:0.00000   <S**2>: 5.990
--------------------------------------------------------------------


State 194 4.949 eV 
Excitation    CI Coef
|3^HS2_4>   -0.08838
|3^SL1_12'>    0.05849
|3^SL1_14'>   -0.29200
|3^SL2_14'>    0.10512
|3^HL1_52'>   -0.06329
|3^HL1_41'>   -0.19382
|3^HL1_42'>   -0.52928
|3^HL1_44'>   -0.13286
|3^HL1_45'>    0.27022
|3^HL1_46'>    0.10591
|3^HL1_48'>   -0.06681
|3^HL1_412'>   -0.10663
|3^HL1_416'>   -0.11979
|3^HL1_417'>   -0.13463
|3^HL1_418'>   -0.05663
|3^HL1_214'>    0.09620
|3^HL2_214'>   -0.08557
|3^HL3_3614'>   -0.05107
|3^HL3_1414'>   -0.19780
|3^HL3_914'>    0.07664
|3^HL3_41'>    0.07208
|3^HL3_42'>    0.23165
|3^HL3_45'>   -0.09318
|3^HL3_412'>    0.18061
|3^HL3_415'>    0.06669
|3^HL3_416'>    0.11480
|3^HL3_417'>    0.08817
|3^HL3_423'>    0.05363
|3^HL3_425'>    0.15113
|3^HL3_214'>   -0.35677
TDMs with Triplet 'Ground' state
TDMX:-0.341   TDMY:-0.109   TDMZ:0.023   Oscillator Strength:0.01528   <S**2>: 2.007
--------------------------------------------------------------------
TDMs with Singlet 'Ground' state
TDMX:-0.000   TDMY:0.000   TDMZ:-0.000   Oscillator Strength:0.00000   <S**2>: 2.007
--------------------------------------------------------------------


State 195 4.955 eV 
Excitation    CI Coef
|3^HS2_11>    0.06658
|3^HS2_5>   -0.09780
|3^SL1_13'>    0.05047
|3^SL2_13'>    0.12112
|3^HL1_111'>    0.05112
|3^HL1_101'>   -0.09318
|3^HL1_104'>    0.06068
|3^HL1_81'>    0.05520
|3^HL1_52'>   -0.64917
|3^HL1_54'>    0.15443
|3^HL1_55'>   -0.28708
|3^HL1_56'>    0.13578
|3^HL1_57'>    0.08414
|3^HL1_59'>    0.05454
|3^HL1_510'>    0.10698
|3^HL1_513'>    0.05985
|3^HL1_516'>    0.06828
|3^HL1_517'>   -0.14971
|3^HL1_518'>    0.07954
|3^HL1_313'>    0.10075
|3^HL1_315'>    0.05022
|3^HL3_1513'>    0.06750
|3^HL3_52'>    0.34664
|3^HL3_54'>   -0.09747
|3^HL3_55'>    0.18375
|3^HL3_56'>   -0.08171
|3^HL3_57'>   -0.05603
|3^HL3_510'>   -0.08106
|3^HL3_516'>   -0.06607
|3^HL3_517'>    0.09335
|3^HL3_518'>   -0.05529
|3^HL3_524'>    0.05725
|3^HL3_313'>   -0.14503
TDMs with Triplet 'Ground' state
TDMX:0.177   TDMY:-0.127   TDMZ:-0.492   Oscillator Strength:0.03438   <S**2>: 2.000
--------------------------------------------------------------------
TDMs with Singlet 'Ground' state
TDMX:0.000   TDMY:-0.000   TDMZ:0.000   Oscillator Strength:0.00000   <S**2>: 2.000
--------------------------------------------------------------------


State 196 4.969 eV 
Excitation    CI Coef
|3^HS2_21>   -0.05665
|3^HS2_18>   -0.08888
|3^HS2_17>   -0.07843
|3^HS2_16>   -0.10688
|3^HS2_12>    0.05637
|3^HS2_11>   -0.12813
|3^HS2_10>    0.06980
|3^HS2_9>    0.06079
|3^HS2_8>    0.09210
|3^HS2_7>    0.06823
|3^HS2_5>   -0.07310
|3^SL1_7'>    0.05711
|3^SL1_15'>    0.15402
|3^SL1_17'>    0.06943
|3^SL2_2'>   -0.05885
|3^SL2_5'>   -0.05573
|3^SL2_15'>    0.19905
|3^SL2_16'>   -0.13567
|3^SL2_17'>    0.09614
|3^SL2_22'>   -0.07036
|3^SL2_24'>    0.11380
|3^HL1_182'>   -0.05301
|3^HL1_162'>    0.07312
|3^HL1_135'>    0.12681
|3^HL1_122'>    0.13013
|3^HL1_126'>   -0.06806
|3^HL1_111'>   -0.17369
|3^HL1_114'>    0.15349
|3^HL1_118'>    0.05070
|3^HL1_101'>    0.29938
|3^HL1_104'>   -0.15600
|3^HL1_105'>   -0.09799
|3^HL1_81'>   -0.11883
|3^HL1_84'>    0.05953
|3^HL1_87'>   -0.06188
|3^HL1_88'>   -0.10196
|3^HL1_72'>    0.08783
|3^HL1_79'>   -0.18248
|3^HL1_710'>    0.14669
|3^HL1_52'>   -0.18290
|3^HL1_55'>   -0.07044
|3^HL1_513'>   -0.08854
|3^HL1_517'>   -0.05139
|3^HL1_39'>    0.07330
|3^HL1_310'>    0.06485
|3^HL1_313'>    0.05983
|3^HL1_12'>   -0.06973
|3^HL1_14'>   -0.08533
|3^HL1_15'>    0.06314
|3^HL1_16'>    0.06426
|3^HL1_17'>   -0.10547
|3^HL1_18'>    0.12561
|3^HL2_217'>   -0.05272
|3^HL2_137'>    0.07929
|3^HL2_127'>    0.10337
|3^HL2_916'>   -0.06003
|3^HL2_87'>    0.05141
|3^HL2_15'>    0.06434
|3^HL2_16'>   -0.05305
|3^HL3_1510'>   -0.05232
|3^HL3_1513'>    0.07285
|3^HL3_122'>    0.06603
|3^HL3_114'>    0.06864
|3^HL3_81'>    0.06310
|3^HL3_84'>   -0.07955
|3^HL3_52'>    0.06657
|3^HL3_39'>    0.06357
|3^HL3_310'>    0.08305
|3^HL3_313'>   -0.08761
|3^HL3_22'>    0.08823
|3^HL3_25'>   -0.06042
|3^HL3_212'>    0.06692
TDMs with Triplet 'Ground' state
TDMX:-0.485   TDMY:0.553   TDMZ:1.564   Oscillator Strength:0.35538   <S**2>: 2.000
--------------------------------------------------------------------
TDMs with Singlet 'Ground' state
TDMX:0.000   TDMY:-0.000   TDMZ:-0.000   Oscillator Strength:0.00000   <S**2>: 2.000
--------------------------------------------------------------------


State 197 4.975 eV 
Excitation    CI Coef
|1^ZW0>    0.06010
|1^HS1_21>    0.07139
|1^HS1_17>   -0.09167
|1^HS1_16>   -0.16016
|1^HS1_15>   -0.19935
|1^HS1_13>   -0.07956
|1^HS1_8>    0.06229
|1^HS1_2>   -0.14867
|1^HS2_18>   -0.13490
|1^HS2_17>    0.14976
|1^HS2_15>    0.06708
|1^HS2_14>    0.07550
|1^HS2_13>    0.10570
|1^HS2_11>    0.05741
|1^HS2_9>    0.08093
|1^HS2_8>    0.06130
|1^SL1_5'>    0.16763
|1^SL1_6'>    0.11862
|1^SL1_15'>   -0.07141
|1^SL1_16'>   -0.25518
|1^SL1_17'>   -0.14248
|1^SL1_23'>    0.16502
|1^SL1_25'>   -0.13010
|1^SL2_2'>    0.08217
|1^SL2_4'>   -0.08390
|1^SL2_5'>   -0.07340
|1^SL2_6'>   -0.07511
|1^SL2_9'>    0.05414
|1^SL2_10'>    0.10360
|1^SL2_15'>   -0.21612
|1^SL2_16'>   -0.13520
|1^SL2_17'>   -0.11844
|1^SL2_18'>   -0.07000
|1^SL2_23'>    0.08099
|1^SL2_25'>   -0.07806
|1^HL2_417'>    0.06414
|1^HL2_247'>   -0.06964
|1^HL2_237'>    0.05073
|1^HL2_1815'>   -0.05508
|1^HL2_1712'>   -0.07914
|1^HL2_1716'>    0.10317
|1^HL2_1612'>    0.13062
|1^HL2_1615'>   -0.05670
|1^HL2_1616'>   -0.10935
|1^HL2_1617'>   -0.07209
|1^HL2_159'>    0.08108
|1^HL2_1510'>    0.13669
|1^HL2_1515'>   -0.08139
|1^HL2_1516'>    0.05602
|1^HL2_1412'>   -0.11843
|1^HL2_132'>    0.05326
|1^HL2_137'>   -0.08272
|1^HL2_1327'>    0.05022
|1^HL2_122'>    0.09166
|1^HL2_95'>    0.06181
|1^HL2_912'>   -0.05517
|1^HL2_916'>    0.08841
|1^HL2_917'>    0.05333
|1^HL2_923'>    0.08627
|1^HL2_85'>    0.05548
|1^HL2_87'>    0.07677
|1^HL2_823'>    0.06051
|1^HL2_611'>   -0.06709
|1^HL2_513'>    0.05588
|1^HL2_412'>   -0.05407
|1^HL2_32'>    0.06932
|1^HL2_39'>    0.08900
|1^HL2_310'>    0.13469
|1^HL2_315'>   -0.05142
|1^HL2_322'>   -0.08164
|1^HL2_324'>   -0.10206
|1^HL2_22'>   -0.06727
|1^HL2_212'>   -0.15737
|1^HL2_223'>    0.09944
|1^HL2_17'>    0.13987
|1^HL2_18'>    0.07832
|1^HL2_118'>    0.05683
TDMs with Triplet 'Ground' state
TDMX:-0.000   TDMY:0.000   TDMZ:0.000   Oscillator Strength:0.00000   <S**2>: 0.000
--------------------------------------------------------------------
TDMs with Singlet 'Ground' state
TDMX:-0.036   TDMY:0.528   TDMZ:-0.122   Oscillator Strength:0.03599   <S**2>: 0.000
--------------------------------------------------------------------


State 198 4.988 eV 
Excitation    CI Coef
|5^HL_245'>    0.05269
|5^HL_247'>   -0.06128
|5^HL_248'>   -0.05319
|5^HL_232'>   -0.05108
|5^HL_237'>    0.05574
|5^HL_238'>   -0.06185
|5^HL_222'>    0.12179
|5^HL_225'>    0.05271
|5^HL_227'>    0.17601
|5^HL_228'>   -0.10023
|5^HL_215'>   -0.12066
|5^HL_216'>    0.05590
|5^HL_217'>   -0.18741
|5^HL_218'>   -0.23511
|5^HL_208'>   -0.10201
|5^HL_182'>   -0.18330
|5^HL_187'>   -0.09767
|5^HL_188'>    0.24198
|5^HL_1817'>   -0.07447
|5^HL_177'>    0.15702
|5^HL_179'>   -0.05440
|5^HL_162'>    0.17347
|5^HL_167'>    0.14200
|5^HL_168'>   -0.21317
|5^HL_157'>    0.05905
|5^HL_134'>   -0.10324
|5^HL_135'>    0.19286
|5^HL_137'>    0.12652
|5^HL_138'>    0.19662
|5^HL_1326'>   -0.05309
|5^HL_122'>    0.16100
|5^HL_127'>    0.05309
|5^HL_1220'>   -0.07078
|5^HL_1227'>    0.06761
|5^HL_112'>    0.17911
|5^HL_1121'>   -0.05001
|5^HL_101'>    0.08806
|5^HL_102'>    0.07563
|5^HL_105'>    0.06054
|5^HL_107'>   -0.06359
|5^HL_1018'>   -0.05185
|5^HL_92'>   -0.05134
|5^HL_97'>    0.12090
|5^HL_98'>   -0.08913
|5^HL_84'>   -0.06986
|5^HL_85'>   -0.10034
|5^HL_87'>   -0.16665
|5^HL_88'>   -0.19120
|5^HL_816'>   -0.05012
|5^HL_818'>    0.09590
|5^HL_14'>   -0.05055
|5^HL_15'>    0.13451
|5^HL_16'>    0.08880
|5^HL_17'>   -0.15104
|5^HL_18'>    0.16771
|5^HL_115'>    0.17709
|5^HL_117'>   -0.16055
TDMs with Triplet 'Ground' state
TDMX:-0.014   TDMY:0.052   TDMZ:-0.013   Oscillator Strength:0.00037   <S**2>: 5.970
--------------------------------------------------------------------
TDMs with Singlet 'Ground' state
TDMX:0.000   TDMY:0.000   TDMZ:0.000   Oscillator Strength:0.00000   <S**2>: 5.970
--------------------------------------------------------------------


State 199 4.995 eV 
Excitation    CI Coef
|3^HS2_16>    0.14062
|3^HS2_14>   -0.13172
|3^HS2_13>    0.05914
|3^HS2_12>    0.10872
|3^HS2_11>   -0.06307
|3^HS2_10>   -0.08986
|3^HS2_9>   -0.07507
|3^HS2_2>    0.05322
|3^SL1_17'>    0.07089
|3^SL1_23'>   -0.08694
|3^SL2_8'>    0.06738
|3^SL2_15'>    0.18964
|3^HL1_132'>    0.08484
|3^HL1_136'>   -0.07055
|3^HL1_125'>    0.10025
|3^HL1_112'>    0.06758
|3^HL1_116'>    0.05734
|3^HL1_101'>   -0.09791
|3^HL1_102'>   -0.23456
|3^HL1_106'>   -0.05677
|3^HL1_92'>   -0.05462
|3^HL1_86'>    0.05457
|3^HL1_87'>   -0.06442
|3^HL1_88'>    0.06499
|3^HL1_79'>   -0.09713
|3^HL1_710'>    0.07345
|3^HL1_414'>    0.09530
|3^HL1_22'>   -0.05919
|3^HL1_212'>    0.12621
|3^HL1_215'>    0.09719
|3^HL1_216'>    0.13964
|3^HL1_217'>    0.07429
|3^HL1_11'>   -0.07508
|3^HL1_14'>    0.16214
|3^HL1_15'>   -0.24680
|3^HL1_17'>   -0.07568
|3^HL1_18'>   -0.10851
|3^HL1_118'>   -0.05248
|3^HL2_137'>    0.06508
|3^HL2_127'>    0.08225
|3^HL2_114'>   -0.05445
|3^HL2_611'>    0.09584
|3^HL2_414'>    0.05703
|3^HL2_14'>    0.05163
|3^HL2_15'>    0.05353
|3^HL3_1812'>   -0.05147
|3^HL3_1712'>    0.06869
|3^HL3_1611'>   -0.06263
|3^HL3_1612'>   -0.10248
|3^HL3_1616'>    0.06384
|3^HL3_142'>    0.06110
|3^HL3_145'>   -0.05241
|3^HL3_1415'>   -0.05817
|3^HL3_1416'>   -0.08982
|3^HL3_132'>    0.05385
|3^HL3_911'>    0.05897
|3^HL3_923'>   -0.07797
|3^HL3_82'>   -0.06377
|3^HL3_823'>   -0.05467
|3^HL3_62'>   -0.12534
|3^HL3_65'>    0.07886
|3^HL3_310'>    0.05428
|3^HL3_21'>   -0.12158
|3^HL3_22'>   -0.31985
|3^HL3_24'>   -0.09365
|3^HL3_25'>    0.18323
|3^HL3_26'>    0.06914
|3^HL3_211'>    0.05591
|3^HL3_212'>   -0.05263
|3^HL3_217'>   -0.05426
|3^HL3_225'>    0.09329
TDMs with Triplet 'Ground' state
TDMX:0.098   TDMY:0.579   TDMZ:-0.390   Oscillator Strength:0.05948   <S**2>: 2.020
--------------------------------------------------------------------
TDMs with Singlet 'Ground' state
TDMX:-0.000   TDMY:-0.000   TDMZ:0.000   Oscillator Strength:0.00000   <S**2>: 2.020
--------------------------------------------------------------------


State 200 4.999 eV 
Excitation    CI Coef
|3^HS2_14>   -0.24692
|3^HS2_13>   -0.07905
|3^HS2_12>   -0.12367
|3^HS2_10>    0.06121
|3^HS2_8>   -0.05596
|3^HS2_2>    0.11970
|3^HS2_1>    0.06788
|3^SL1_12'>   -0.05703
|3^SL1_15'>    0.05279
|3^SL1_17'>   -0.05800
|3^SL1_23'>   -0.09658
|3^SL2_17'>    0.06353
|3^HL1_136'>    0.05235
|3^HL1_125'>   -0.05833
|3^HL1_111'>   -0.11337
|3^HL1_112'>   -0.09750
|3^HL1_101'>    0.16954
|3^HL1_102'>    0.16270
|3^HL1_106'>    0.06182
|3^HL1_95'>    0.05287
|3^HL1_81'>   -0.08608
|3^HL1_82'>   -0.06321
|3^HL1_62'>    0.06718
|3^HL1_414'>    0.12068
|3^HL1_212'>    0.15191
|3^HL1_215'>    0.11422
|3^HL1_216'>    0.16771
|3^HL1_217'>    0.08020
|3^HL1_11'>    0.06365
|3^HL1_12'>   -0.05129
|3^HL1_14'>   -0.15923
|3^HL1_15'>    0.21743
|3^HL1_18'>    0.05723
|3^HL1_118'>    0.05039
|3^HL2_217'>    0.06413
|3^HL2_167'>   -0.05155
|3^HL2_137'>   -0.09290
|3^HL2_127'>   -0.12000
|3^HL2_114'>    0.06262
|3^HL2_104'>   -0.05705
|3^HL2_82'>   -0.06496
|3^HL2_87'>   -0.06515
|3^HL2_611'>   -0.08512
|3^HL2_216'>    0.05068
|3^HL2_11'>    0.07054
|3^HL2_12'>   -0.05812
|3^HL2_14'>   -0.08584
|3^HL2_15'>   -0.09766
|3^HL3_212'>   -0.05092
|3^HL3_1812'>   -0.05619
|3^HL3_1712'>    0.06841
|3^HL3_1612'>   -0.09045
|3^HL3_142'>    0.05881
|3^HL3_1412'>   -0.17110
|3^HL3_1415'>   -0.10769
|3^HL3_1416'>   -0.16773
|3^HL3_1417'>   -0.05798
|3^HL3_132'>   -0.05788
|3^HL3_122'>   -0.06033
|3^HL3_111'>    0.09093
|3^HL3_101'>   -0.07625
|3^HL3_104'>   -0.06919
|3^HL3_92'>    0.05243
|3^HL3_912'>    0.05626
|3^HL3_923'>   -0.06842
|3^HL3_84'>    0.08037
|3^HL3_62'>   -0.08220
|3^HL3_65'>    0.05615
|3^HL3_21'>   -0.08747
|3^HL3_22'>   -0.22742
|3^HL3_24'>   -0.06066
|3^HL3_25'>    0.10690
|3^HL3_216'>   -0.06139
|3^HL3_217'>   -0.06027
|3^HL3_225'>    0.17891
TDMs with Triplet 'Ground' state
TDMX:-0.325   TDMY:-0.050   TDMZ:0.161   Oscillator Strength:0.01600   <S**2>: 2.022
--------------------------------------------------------------------
TDMs with Singlet 'Ground' state
TDMX:-0.000   TDMY:-0.000   TDMZ:-0.000   Oscillator Strength:0.00000   <S**2>: 2.022
--------------------------------------------------------------------


State 201 5.002 eV 
Excitation    CI Coef
|1^HS1_4>   -0.41866
|1^HS1_2>    0.10787
|1^SL1_12'>    0.08773
|1^SL1_14'>   -0.26511
|1^SL2_14'>   -0.09287
|1^HL2_3614'>   -0.07492
|1^HL2_1814'>   -0.05247
|1^HL2_1714'>    0.05166
|1^HL2_1614'>   -0.05453
|1^HL2_1414'>   -0.28853
|1^HL2_914'>    0.08927
|1^HL2_814'>    0.05659
|1^HL2_41'>   -0.12334
|1^HL2_42'>   -0.45850
|1^HL2_44'>   -0.06233
|1^HL2_45'>    0.14944
|1^HL2_46'>    0.07486
|1^HL2_412'>    0.18901
|1^HL2_415'>    0.05939
|1^HL2_416'>    0.11797
|1^HL2_423'>    0.08391
|1^HL2_425'>    0.21711
|1^HL2_313'>   -0.05698
|1^HL2_22'>    0.08516
|1^HL2_212'>    0.07769
|1^HL2_214'>   -0.40879
|1^HL2_114'>   -0.05860
TDMs with Triplet 'Ground' state
TDMX:0.000   TDMY:-0.000   TDMZ:0.000   Oscillator Strength:0.00000   <S**2>: 0.000
--------------------------------------------------------------------
TDMs with Singlet 'Ground' state
TDMX:-0.367   TDMY:-0.184   TDMZ:0.182   Oscillator Strength:0.02476   <S**2>: 0.000
--------------------------------------------------------------------


State 202 5.005 eV 
Excitation    CI Coef
|1^HS1_28>   -0.05718
|1^HS1_5>   -0.22968
|1^HS2_5>   -0.12515
|1^SL1_13'>    0.12330
|1^SL2_10'>   -0.07840
|1^SL2_13'>   -0.29731
|1^HL2_3713'>   -0.08196
|1^HL2_1813'>    0.05872
|1^HL2_1713'>    0.06970
|1^HL2_1510'>    0.05107
|1^HL2_1513'>    0.29008
|1^HL2_1213'>   -0.07088
|1^HL2_1113'>    0.06250
|1^HL2_1013'>    0.07902
|1^HL2_913'>   -0.09864
|1^HL2_813'>    0.08320
|1^HL2_713'>   -0.06290
|1^HL2_52'>   -0.34334
|1^HL2_54'>    0.06603
|1^HL2_55'>   -0.14235
|1^HL2_56'>    0.08017
|1^HL2_59'>   -0.15196
|1^HL2_510'>   -0.25951
|1^HL2_515'>    0.10808
|1^HL2_516'>   -0.08775
|1^HL2_522'>    0.12005
|1^HL2_524'>    0.20612
|1^HL2_32'>    0.07324
|1^HL2_310'>   -0.09932
|1^HL2_313'>   -0.53096
|1^HL2_315'>   -0.05456
|1^HL2_113'>    0.09271
TDMs with Triplet 'Ground' state
TDMX:0.000   TDMY:-0.000   TDMZ:-0.000   Oscillator Strength:0.00000   <S**2>: 0.000
--------------------------------------------------------------------
TDMs with Singlet 'Ground' state
TDMX:0.162   TDMY:0.037   TDMZ:0.140   Oscillator Strength:0.00579   <S**2>: 0.000
--------------------------------------------------------------------


State 203 5.019 eV 
Excitation    CI Coef
|3^HS2_21>    0.06483
|3^HS2_17>    0.06188
|3^HS2_16>    0.06315
|3^HS2_11>    0.15692
|3^SL2_2'>    0.07570
|3^SL2_4'>    0.07011
|3^SL2_5'>    0.05895
|3^SL2_6'>    0.11907
|3^SL2_8'>   -0.10003
|3^SL2_15'>   -0.08394
|3^SL2_17'>   -0.08306
|3^SL2_18'>    0.07475
|3^SL2_22'>    0.05562
|3^SL2_24'>   -0.06673
|3^HL1_191'>    0.06363
|3^HL1_162'>    0.06418
|3^HL1_165'>   -0.05115
|3^HL1_135'>    0.07537
|3^HL1_111'>   -0.16843
|3^HL1_112'>    0.17045
|3^HL1_114'>    0.16101
|3^HL1_118'>    0.06545
|3^HL1_1118'>    0.05452
|3^HL1_101'>    0.24853
|3^HL1_102'>   -0.22038
|3^HL1_104'>   -0.11346
|3^HL1_106'>   -0.06948
|3^HL1_91'>    0.05466
|3^HL1_92'>    0.09213
|3^HL1_94'>    0.05605
|3^HL1_95'>   -0.09628
|3^HL1_82'>    0.23897
|3^HL1_85'>   -0.07764
|3^HL1_88'>   -0.11243
|3^HL1_62'>    0.12991
|3^HL1_65'>   -0.05906
|3^HL1_414'>    0.05136
|3^HL1_11'>   -0.07636
|3^HL1_12'>   -0.07046
|3^HL1_13'>    0.05242
|3^HL1_14'>    0.19537
|3^HL1_15'>   -0.12096
|3^HL1_16'>    0.17727
|3^HL1_17'>   -0.08055
|3^HL1_18'>    0.17406
|3^HL1_118'>   -0.05074
|3^HL2_102'>    0.06083
|3^HL3_222'>    0.10301
|3^HL3_212'>    0.06618
|3^HL3_203'>    0.05151
|3^HL3_182'>    0.09122
|3^HL3_122'>    0.06302
|3^HL3_126'>    0.05160
|3^HL3_111'>   -0.13823
|3^HL3_1118'>    0.05533
|3^HL3_101'>    0.21574
|3^HL3_104'>    0.13970
|3^HL3_105'>   -0.06838
|3^HL3_1018'>   -0.08619
|3^HL3_81'>   -0.08319
|3^HL3_84'>   -0.13414
|3^HL3_818'>    0.07373
|3^HL3_62'>   -0.08389
|3^HL3_65'>    0.05017
|3^HL3_12'>   -0.07823
|3^HL3_16'>    0.08916
TDMs with Triplet 'Ground' state
TDMX:-0.315   TDMY:0.874   TDMZ:0.879   Oscillator Strength:0.19667   <S**2>: 2.000
--------------------------------------------------------------------
TDMs with Singlet 'Ground' state
TDMX:0.000   TDMY:-0.000   TDMZ:-0.000   Oscillator Strength:0.00000   <S**2>: 2.000
--------------------------------------------------------------------


State 204 5.019 eV 
Excitation    CI Coef
|3^HL1_233'>    0.06073
|3^HL1_223'>   -0.08928
|3^HL1_213'>    0.05153
|3^HL1_203'>   -0.39053
|3^HL1_191'>   -0.50044
|3^HL1_192'>    0.11031
|3^HL1_194'>   -0.20648
|3^HL1_195'>   -0.12855
|3^HL1_183'>   -0.11916
|3^HL1_13'>   -0.37336
|3^HL1_15'>   -0.05652
|3^HL3_353'>    0.12502
|3^HL3_263'>   -0.07111
|3^HL3_233'>    0.06838
|3^HL3_223'>   -0.09497
|3^HL3_213'>    0.05099
|3^HL3_203'>   -0.40328
|3^HL3_191'>   -0.20504
|3^HL3_194'>   -0.05658
|3^HL3_1919'>    0.13111
|3^HL3_183'>   -0.13470
|3^HL3_123'>   -0.05066
|3^HL3_13'>   -0.17190
TDMs with Triplet 'Ground' state
TDMX:0.325   TDMY:0.027   TDMZ:0.076   Oscillator Strength:0.01347   <S**2>: 2.000
--------------------------------------------------------------------
TDMs with Singlet 'Ground' state
TDMX:-0.000   TDMY:-0.000   TDMZ:0.000   Oscillator Strength:0.00000   <S**2>: 2.000
--------------------------------------------------------------------


State 205 5.028 eV 
Excitation    CI Coef
|5^HL_353'>   -0.22564
|5^HL_263'>    0.12894
|5^HL_233'>   -0.12356
|5^HL_223'>    0.17097
|5^HL_213'>   -0.09073
|5^HL_203'>    0.70888
|5^HL_191'>    0.34306
|5^HL_192'>   -0.05945
|5^HL_194'>    0.09403
|5^HL_1918'>   -0.07386
|5^HL_1919'>   -0.23651
|5^HL_183'>    0.22681
|5^HL_163'>   -0.06341
|5^HL_123'>    0.06530
|5^HL_13'>    0.34130
TDMs with Triplet 'Ground' state
TDMX:-0.013   TDMY:-0.000   TDMZ:-0.009   Oscillator Strength:0.00003   <S**2>: 5.994
--------------------------------------------------------------------
TDMs with Singlet 'Ground' state
TDMX:-0.000   TDMY:-0.000   TDMZ:0.000   Oscillator Strength:0.00000   <S**2>: 5.994
--------------------------------------------------------------------


State 206 5.029 eV 
Excitation    CI Coef
|3^HS2_18>   -0.07133
|3^HS2_16>    0.14646
|3^HS2_14>    0.21882
|3^HS2_8>   -0.05782
|3^HS2_6>   -0.11005
|3^HS2_2>   -0.09942
|3^SL1_4'>    0.05187
|3^SL1_6'>    0.05702
|3^SL1_11'>   -0.06799
|3^SL1_16'>   -0.08279
|3^SL1_17'>   -0.05089
|3^SL1_23'>    0.05484
|3^SL2_15'>    0.07519
|3^HL1_165'>   -0.05720
|3^HL1_132'>   -0.07934
|3^HL1_122'>   -0.06370
|3^HL1_911'>    0.05911
|3^HL1_82'>    0.09636
|3^HL1_87'>    0.08537
|3^HL1_88'>   -0.08578
|3^HL1_61'>    0.05206
|3^HL1_62'>    0.17211
|3^HL1_65'>   -0.07692
|3^HL1_414'>   -0.06777
|3^HL1_310'>    0.05505
|3^HL1_22'>   -0.09157
|3^HL1_212'>   -0.08370
|3^HL1_216'>   -0.08838
|3^HL1_217'>   -0.05432
|3^HL1_15'>    0.10976
|3^HL1_17'>    0.08163
|3^HL1_18'>    0.13096
|3^HL2_611'>    0.19588
|3^HL2_612'>   -0.07329
|3^HL3_222'>   -0.07458
|3^HL3_182'>   -0.07710
|3^HL3_1611'>   -0.07858
|3^HL3_1411'>    0.05262
|3^HL3_1412'>    0.19341
|3^HL3_1415'>    0.08945
|3^HL3_1416'>    0.14253
|3^HL3_1417'>    0.05749
|3^HL3_134'>   -0.06983
|3^HL3_111'>    0.09996
|3^HL3_1111'>    0.06387
|3^HL3_101'>   -0.10010
|3^HL3_104'>   -0.06787
|3^HL3_1011'>    0.06734
|3^HL3_911'>    0.13164
|3^HL3_912'>   -0.07030
|3^HL3_84'>    0.13439
|3^HL3_811'>    0.09330
|3^HL3_812'>   -0.05021
|3^HL3_61'>   -0.11056
|3^HL3_62'>   -0.28476
|3^HL3_64'>   -0.08461
|3^HL3_65'>    0.19383
|3^HL3_66'>    0.08594
|3^HL3_68'>   -0.05133
|3^HL3_612'>   -0.10458
|3^HL3_615'>    0.05097
|3^HL3_623'>   -0.07308
|3^HL3_211'>    0.13226
|3^HL3_212'>   -0.11316
|3^HL3_223'>   -0.07105
|3^HL3_225'>   -0.15938
TDMs with Triplet 'Ground' state
TDMX:0.334   TDMY:0.102   TDMZ:0.296   Oscillator Strength:0.02524   <S**2>: 2.032
--------------------------------------------------------------------
TDMs with Singlet 'Ground' state
TDMX:-0.000   TDMY:-0.000   TDMZ:0.000   Oscillator Strength:0.00000   <S**2>: 2.032
--------------------------------------------------------------------


State 207 5.029 eV 
Excitation    CI Coef
|1^OS>   -0.09368
|1^HS1_24>    0.06019
|1^HS1_23>   -0.05429
|1^HS1_22>   -0.14664
|1^HS1_21>    0.15074
|1^HS1_18>    0.08612
|1^HS1_17>   -0.05088
|1^HS1_15>   -0.06759
|1^HS1_14>   -0.05789
|1^HS1_13>   -0.05879
|1^HS1_8>    0.07165
|1^HS1_4>    0.08664
|1^HS1_2>    0.26904
|1^HS1_1>   -0.06757
|1^HS2_21>   -0.12586
|1^HS2_18>   -0.07423
|1^HS2_17>    0.07621
|1^HS2_16>    0.17128
|1^HS2_14>   -0.16293
|1^HS2_13>    0.06721
|1^HS2_12>    0.06154
|1^HS2_11>    0.09355
|1^HS2_10>   -0.09240
|1^HS2_2>   -0.08841
|1^HS2_1>   -0.08145
|1^SL1_5'>    0.07534
|1^SL1_6'>    0.11057
|1^SL1_7'>    0.05933
|1^SL1_12'>    0.26084
|1^SL1_14'>    0.07583
|1^SL1_15'>    0.15436
|1^SL1_16'>    0.23250
|1^SL1_17'>    0.08473
|1^SL1_25'>    0.08372
|1^SL2_4'>    0.05329
|1^SL2_6'>   -0.09982
|1^SL2_7'>   -0.06554
|1^SL2_12'>    0.09312
|1^SL2_16'>    0.09827
|1^SL2_17'>    0.05781
|1^HL2_417'>    0.07675
|1^HL2_262'>    0.05052
|1^HL2_247'>   -0.07668
|1^HL2_232'>   -0.05722
|1^HL2_237'>    0.05832
|1^HL2_212'>   -0.05538
|1^HL2_187'>    0.06617
|1^HL2_1414'>    0.06310
|1^HL2_131'>    0.06109
|1^HL2_134'>   -0.10240
|1^HL2_137'>   -0.10441
|1^HL2_1321'>    0.05258
|1^HL2_1327'>    0.05673
|1^HL2_127'>   -0.05270
|1^HL2_114'>   -0.06646
|1^HL2_96'>    0.06186
|1^HL2_81'>   -0.10528
|1^HL2_84'>    0.11568
|1^HL2_86'>    0.05131
|1^HL2_88'>   -0.05660
|1^HL2_611'>    0.05894
|1^HL2_42'>    0.06624
|1^HL2_414'>   -0.06894
|1^HL2_24'>   -0.07150
|1^HL2_25'>    0.11710
|1^HL2_212'>    0.24326
|1^HL2_214'>    0.11318
|1^HL2_215'>    0.16158
|1^HL2_216'>    0.14947
|1^HL2_217'>    0.07893
|1^HL2_12'>    0.06190
|1^HL2_16'>    0.07488
|1^HL2_17'>    0.11500
|1^HL2_18'>    0.09263
|1^HL2_117'>   -0.06120
|1^HL2_120'>    0.07258
TDMs with Triplet 'Ground' state
TDMX:-0.000   TDMY:-0.000   TDMZ:-0.000   Oscillator Strength:0.00000   <S**2>: 0.000
--------------------------------------------------------------------
TDMs with Singlet 'Ground' state
TDMX:-0.986   TDMY:-0.720   TDMZ:0.890   Oscillator Strength:0.28144   <S**2>: 0.000
--------------------------------------------------------------------


State 208 5.034 eV 
Excitation    CI Coef
|3^HS2_18>    0.06418
|3^HS2_17>    0.08766
|3^HS2_16>    0.05730
|3^HS2_13>   -0.09981
|3^HS2_12>   -0.11963
|3^HS2_11>    0.12225
|3^HS2_10>   -0.12467
|3^HS2_5>    0.05189
|3^SL1_2'>    0.05362
|3^SL1_4'>    0.12015
|3^SL1_5'>    0.13128
|3^SL1_17'>   -0.05849
|3^SL2_2'>    0.05319
|3^SL2_4'>   -0.15962
|3^SL2_5'>   -0.07567
|3^SL2_6'>    0.20618
|3^SL2_15'>   -0.06534
|3^SL2_16'>    0.05708
|3^SL2_17'>   -0.15959
|3^SL2_22'>    0.06039
|3^SL2_24'>   -0.07629
|3^HL1_222'>    0.06761
|3^HL1_135'>    0.05341
|3^HL1_126'>   -0.08414
|3^HL1_105'>   -0.07328
|3^HL1_92'>    0.10599
|3^HL1_82'>   -0.08888
|3^HL1_85'>   -0.06239
|3^HL1_87'>   -0.07212
|3^HL1_72'>    0.13682
|3^HL1_75'>    0.05541
|3^HL1_52'>    0.05515
|3^HL1_15'>    0.10920
|3^HL1_16'>    0.16320
|3^HL1_17'>   -0.11902
|3^HL2_217'>   -0.07124
|3^HL2_177'>    0.05686
|3^HL2_167'>    0.05800
|3^HL2_137'>    0.09592
|3^HL2_122'>    0.06059
|3^HL2_124'>   -0.05009
|3^HL2_127'>    0.12711
|3^HL2_114'>   -0.07290
|3^HL2_116'>    0.06855
|3^HL2_117'>   -0.05280
|3^HL2_82'>    0.05407
|3^HL2_85'>    0.07022
|3^HL2_87'>    0.07330
|3^HL2_611'>   -0.05135
|3^HL2_11'>   -0.06141
|3^HL2_14'>    0.07048
|3^HL2_15'>    0.06813
|3^HL2_16'>   -0.05520
|3^HL2_17'>    0.05981
|3^HL3_304'>    0.08533
|3^HL3_262'>    0.08441
|3^HL3_266'>    0.05315
|3^HL3_232'>   -0.06063
|3^HL3_222'>   -0.09270
|3^HL3_227'>    0.05121
|3^HL3_214'>   -0.06246
|3^HL3_217'>   -0.06215
|3^HL3_182'>   -0.05197
|3^HL3_134'>   -0.15403
|3^HL3_135'>    0.09384
|3^HL3_137'>    0.06656
|3^HL3_126'>   -0.05546
|3^HL3_111'>    0.13959
|3^HL3_112'>   -0.09110
|3^HL3_116'>   -0.07534
|3^HL3_101'>   -0.08050
|3^HL3_102'>    0.05485
|3^HL3_104'>   -0.05626
|3^HL3_92'>    0.05559
|3^HL3_94'>    0.05102
|3^HL3_96'>    0.07920
|3^HL3_81'>   -0.06655
|3^HL3_82'>    0.09236
|3^HL3_84'>    0.24861
|3^HL3_818'>   -0.05384
|3^HL3_72'>   -0.05223
|3^HL3_12'>    0.07769
|3^HL3_15'>   -0.07713
|3^HL3_17'>   -0.06583
|3^HL3_118'>   -0.05403
|3^HL3_120'>    0.09585
TDMs with Triplet 'Ground' state
TDMX:-0.031   TDMY:-0.124   TDMZ:0.039   Oscillator Strength:0.00216   <S**2>: 2.001
--------------------------------------------------------------------
TDMs with Singlet 'Ground' state
TDMX:-0.000   TDMY:0.000   TDMZ:0.000   Oscillator Strength:0.00000   <S**2>: 2.001
--------------------------------------------------------------------


State 209 5.034 eV 
Excitation    CI Coef
|1^ZW0'>    0.06816
|1^HS1_15>    0.05854
|1^HS1_12>   -0.06904
|1^HS1_11>   -0.05083
|1^HS1_10>   -0.05324
|1^HS1_9>    0.10844
|1^HS1_8>    0.18804
|1^HS2_21>   -0.10656
|1^HS2_18>   -0.12598
|1^HS2_17>    0.06892
|1^HS2_11>   -0.18847
|1^HS2_10>    0.17562
|1^HS2_8>    0.07489
|1^HS2_1>   -0.08451
|1^SL1_4'>   -0.07609
|1^SL1_5'>   -0.16669
|1^SL1_6'>   -0.20341
|1^SL1_12'>    0.05955
|1^SL1_23'>    0.06109
|1^SL2_1'>    0.10178
|1^SL2_4'>    0.11125
|1^SL2_5'>    0.23694
|1^SL2_6'>    0.44299
|1^SL2_8'>   -0.07425
|1^SL2_9'>   -0.05007
|1^SL2_10'>   -0.08072
|1^SL2_15'>    0.08511
|1^SL2_20'>   -0.05126
|1^HL2_417'>    0.05424
|1^HL2_247'>   -0.05588
|1^HL2_222'>   -0.08839
|1^HL2_225'>    0.07055
|1^HL2_211'>   -0.05980
|1^HL2_212'>   -0.14840
|1^HL2_182'>   -0.10031
|1^HL2_186'>   -0.05333
|1^HL2_172'>    0.06454
|1^HL2_162'>    0.07752
|1^HL2_131'>   -0.05529
|1^HL2_135'>    0.05709
|1^HL2_137'>   -0.08932
|1^HL2_122'>   -0.05342
|1^HL2_125'>   -0.09621
|1^HL2_126'>   -0.07590
|1^HL2_111'>    0.10134
|1^HL2_114'>    0.08723
|1^HL2_116'>    0.05824
|1^HL2_1118'>   -0.06737
|1^HL2_101'>   -0.15369
|1^HL2_104'>   -0.05337
|1^HL2_1018'>    0.09677
|1^HL2_92'>    0.08281
|1^HL2_81'>    0.10880
|1^HL2_87'>    0.10555
|1^HL2_32'>   -0.06394
|1^HL2_310'>   -0.06237
|1^HL2_11'>    0.08316
|1^HL2_14'>    0.09500
|1^HL2_16'>   -0.08450
|1^HL2_17'>    0.17839
|1^HL2_118'>    0.05520
TDMs with Triplet 'Ground' state
TDMX:0.000   TDMY:0.000   TDMZ:0.000   Oscillator Strength:0.00000   <S**2>: 0.000
--------------------------------------------------------------------
TDMs with Singlet 'Ground' state
TDMX:-0.340   TDMY:0.570   TDMZ:0.579   Oscillator Strength:0.09575   <S**2>: 0.000
--------------------------------------------------------------------


State 210 5.042 eV 
Excitation    CI Coef
|3^HS2_14>    0.09295
|3^HS2_12>   -0.08294
|3^HS2_11>    0.07454
|3^HS2_8>   -0.06887
|3^HS2_2>   -0.05311
|3^SL1_6'>    0.05454
|3^SL1_16'>   -0.05908
|3^SL1_17'>   -0.08609
|3^SL2_7'>   -0.05229
|3^HL1_165'>    0.08685
|3^HL1_132'>    0.12902
|3^HL1_136'>   -0.06188
|3^HL1_125'>    0.09831
|3^HL1_127'>   -0.06862
|3^HL1_128'>   -0.08420
|3^HL1_111'>   -0.14425
|3^HL1_114'>    0.06482
|3^HL1_115'>    0.05609
|3^HL1_117'>    0.05599
|3^HL1_118'>   -0.08062
|3^HL1_101'>    0.24961
|3^HL1_102'>   -0.08298
|3^HL1_104'>   -0.07846
|3^HL1_108'>   -0.05039
|3^HL1_92'>   -0.09118
|3^HL1_81'>   -0.19839
|3^HL1_82'>   -0.19401
|3^HL1_85'>    0.05353
|3^HL1_87'>   -0.16435
|3^HL1_88'>    0.12047
|3^HL1_815'>    0.05108
|3^HL1_72'>    0.05099
|3^HL1_79'>   -0.12814
|3^HL1_710'>    0.08000
|3^HL1_61'>   -0.06985
|3^HL1_62'>   -0.21824
|3^HL1_64'>   -0.05365
|3^HL1_65'>    0.09836
|3^HL1_612'>    0.05485
|3^HL1_617'>   -0.05535
|3^HL1_513'>   -0.09745
|3^HL1_414'>   -0.05570
|3^HL1_39'>    0.08098
|3^HL1_310'>    0.11422
|3^HL1_315'>   -0.06017
|3^HL1_15'>   -0.16997
|3^HL1_16'>    0.08794
|3^HL1_17'>   -0.20569
|3^HL1_18'>   -0.16275
|3^HL2_217'>    0.05953
|3^HL2_167'>   -0.05257
|3^HL2_137'>   -0.09322
|3^HL2_127'>   -0.14079
|3^HL2_117'>    0.05076
|3^HL2_82'>   -0.06872
|3^HL2_85'>   -0.07422
|3^HL2_87'>   -0.08562
|3^HL2_611'>    0.10508
|3^HL2_11'>    0.05770
|3^HL2_12'>   -0.05916
|3^HL2_14'>   -0.05070
|3^HL2_15'>   -0.09107
|3^HL2_16'>    0.05776
|3^HL2_17'>   -0.07127
|3^HL3_1412'>    0.10070
|3^HL3_1415'>    0.05050
|3^HL3_1416'>    0.07736
|3^HL3_111'>    0.06483
|3^HL3_112'>   -0.05436
|3^HL3_81'>   -0.06759
|3^HL3_84'>    0.07161
|3^HL3_62'>    0.12348
|3^HL3_65'>   -0.06718
|3^HL3_225'>   -0.08780
|3^HL3_17'>    0.05996
TDMs with Triplet 'Ground' state
TDMX:-0.346   TDMY:-0.740   TDMZ:0.762   Oscillator Strength:0.15071   <S**2>: 2.016
--------------------------------------------------------------------
TDMs with Singlet 'Ground' state
TDMX:0.000   TDMY:0.000   TDMZ:-0.000   Oscillator Strength:0.00000   <S**2>: 2.016
--------------------------------------------------------------------


State 211 5.058 eV 
Excitation    CI Coef
|3^HL1_82'>   -0.05261
|3^HL2_611'>   -0.06720
|3^HL3_62'>   -0.05775
|5^HL_247'>    0.05452
|5^HL_235'>    0.06060
|5^HL_238'>   -0.05615
|5^HL_225'>   -0.13359
|5^HL_227'>   -0.10142
|5^HL_228'>   -0.09721
|5^HL_212'>    0.17202
|5^HL_216'>   -0.06244
|5^HL_217'>    0.12421
|5^HL_218'>   -0.15391
|5^HL_2117'>    0.09345
|5^HL_208'>   -0.07096
|5^HL_184'>   -0.08498
|5^HL_185'>    0.17108
|5^HL_188'>    0.18321
|5^HL_1811'>    0.05478
|5^HL_177'>   -0.10119
|5^HL_179'>    0.08801
|5^HL_1711'>   -0.08588
|5^HL_164'>    0.05401
|5^HL_165'>   -0.11009
|5^HL_167'>   -0.06825
|5^HL_168'>   -0.18082
|5^HL_1611'>    0.13193
|5^HL_1411'>   -0.05638
|5^HL_131'>   -0.05995
|5^HL_132'>   -0.34533
|5^HL_137'>   -0.08050
|5^HL_138'>    0.12725
|5^HL_122'>    0.08306
|5^HL_1221'>   -0.06546
|5^HL_112'>   -0.22744
|5^HL_102'>   -0.08890
|5^HL_107'>    0.06472
|5^HL_97'>   -0.08630
|5^HL_98'>   -0.10690
|5^HL_918'>   -0.06989
|5^HL_82'>    0.14966
|5^HL_86'>    0.08250
|5^HL_87'>    0.12526
|5^HL_88'>   -0.12628
|5^HL_722'>   -0.06339
|5^HL_62'>   -0.05861
|5^HL_623'>    0.11082
|5^HL_14'>    0.12802
|5^HL_15'>   -0.31119
|5^HL_17'>    0.06949
|5^HL_18'>    0.14514
|5^HL_116'>    0.10151
|5^HL_118'>   -0.14916
|5^HL_126'>    0.05520
TDMs with Triplet 'Ground' state
TDMX:-0.000   TDMY:0.041   TDMZ:-0.101   Oscillator Strength:0.00145   <S**2>: 5.765
--------------------------------------------------------------------
TDMs with Singlet 'Ground' state
TDMX:0.000   TDMY:0.000   TDMZ:-0.000   Oscillator Strength:0.00000   <S**2>: 5.765
--------------------------------------------------------------------


State 212 5.059 eV 
Excitation    CI Coef
|1^OS>    0.06231
|1^HS1_24>   -0.05187
|1^HS1_22>   -0.05671
|1^HS1_15>   -0.09148
|1^HS1_8>   -0.19978
|1^HS1_3>    0.06714
|1^HS1_2>   -0.12201
|1^HS1_1>   -0.06100
|1^HS2_21>   -0.07983
|1^HS2_14>    0.07119
|1^HS2_13>   -0.10364
|1^HS2_11>    0.08770
|1^HS2_10>   -0.16665
|1^HS2_9>    0.06927
|1^HS2_8>   -0.06038
|1^HS2_1>   -0.05588
|1^SL1_4'>    0.08303
|1^SL1_5'>   -0.09941
|1^SL1_12'>   -0.09552
|1^SL1_15'>   -0.08467
|1^SL1_16'>   -0.10359
|1^SL1_20'>    0.05635
|1^SL2_4'>    0.25042
|1^SL2_5'>    0.25884
|1^SL2_6'>    0.08102
|1^SL2_8'>   -0.06556
|1^SL2_9'>    0.05738
|1^SL2_10'>    0.10047
|1^SL2_17'>    0.06206
|1^SL2_27'>   -0.05317
|1^HL1_14'>   -0.07621
|1^HL2_304'>    0.11998
|1^HL2_262'>    0.12027
|1^HL2_266'>    0.06441
|1^HL2_232'>   -0.09226
|1^HL2_222'>   -0.12020
|1^HL2_214'>   -0.09563
|1^HL2_215'>    0.07418
|1^HL2_182'>   -0.09740
|1^HL2_186'>   -0.07740
|1^HL2_175'>   -0.06843
|1^HL2_166'>    0.05224
|1^HL2_1510'>    0.06535
|1^HL2_131'>    0.05912
|1^HL2_134'>   -0.17084
|1^HL2_135'>    0.11274
|1^HL2_136'>    0.05074
|1^HL2_121'>   -0.05656
|1^HL2_126'>   -0.12790
|1^HL2_111'>    0.13316
|1^HL2_112'>   -0.08215
|1^HL2_114'>   -0.06786
|1^HL2_1121'>    0.06129
|1^HL2_101'>   -0.07323
|1^HL2_105'>    0.06320
|1^HL2_95'>   -0.06577
|1^HL2_96'>    0.10735
|1^HL2_81'>   -0.13169
|1^HL2_82'>    0.08508
|1^HL2_84'>    0.23945
|1^HL2_85'>    0.05696
|1^HL2_86'>   -0.08499
|1^HL2_87'>   -0.08385
|1^HL2_88'>   -0.05526
|1^HL2_818'>   -0.08548
|1^HL2_32'>    0.12516
|1^HL2_34'>   -0.06290
|1^HL2_315'>   -0.05728
|1^HL2_324'>   -0.05726
|1^HL2_25'>   -0.06850
|1^HL2_212'>   -0.07095
|1^HL2_215'>   -0.06667
|1^HL2_216'>   -0.06182
|1^HL2_12'>    0.14239
|1^HL2_15'>    0.12344
|1^HL2_17'>   -0.09046
|1^HL2_18'>    0.06827
|1^HL2_120'>    0.14709
TDMs with Triplet 'Ground' state
TDMX:-0.000   TDMY:-0.000   TDMZ:0.000   Oscillator Strength:0.00000   <S**2>: 0.000
--------------------------------------------------------------------
TDMs with Singlet 'Ground' state
TDMX:0.486   TDMY:1.211   TDMZ:-0.335   Oscillator Strength:0.22490   <S**2>: 0.000
--------------------------------------------------------------------


State 213 5.059 eV 
Excitation    CI Coef
|3^HS2_18>    0.06986
|3^HS2_16>   -0.15548
|3^HS2_10>   -0.06876
|3^HS2_6>   -0.14445
|3^HS2_5>    0.19296
|3^SL1_6'>   -0.05143
|3^SL1_11'>   -0.10032
|3^SL1_16'>    0.05306
|3^SL2_7'>   -0.05387
|3^SL2_13'>    0.05741
|3^SL2_15'>   -0.05092
|3^SL2_16'>    0.05270
|3^HL1_185'>   -0.05125
|3^HL1_165'>    0.06758
|3^HL1_132'>    0.08950
|3^HL1_125'>    0.05766
|3^HL1_127'>   -0.05791
|3^HL1_112'>   -0.06198
|3^HL1_118'>   -0.05330
|3^HL1_102'>    0.08217
|3^HL1_911'>    0.05341
|3^HL1_82'>   -0.24576
|3^HL1_87'>   -0.11124
|3^HL1_88'>    0.08817
|3^HL1_72'>    0.10775
|3^HL1_62'>    0.10693
|3^HL1_611'>   -0.05586
|3^HL1_52'>    0.07881
|3^HL1_414'>   -0.07259
|3^HL1_212'>   -0.06738
|3^HL1_14'>   -0.08702
|3^HL1_17'>   -0.11261
|3^HL1_18'>   -0.13932
|3^HL2_911'>    0.05114
|3^HL2_611'>   -0.18847
|3^HL3_222'>    0.06495
|3^HL3_1711'>    0.06463
|3^HL3_1611'>   -0.10486
|3^HL3_111'>   -0.08176
|3^HL3_1111'>    0.08176
|3^HL3_101'>    0.09101
|3^HL3_104'>    0.05541
|3^HL3_1011'>    0.08812
|3^HL3_911'>    0.17324
|3^HL3_84'>   -0.08285
|3^HL3_811'>    0.12344
|3^HL3_61'>   -0.12034
|3^HL3_62'>   -0.30779
|3^HL3_64'>   -0.09646
|3^HL3_65'>    0.20964
|3^HL3_66'>    0.09139
|3^HL3_68'>   -0.06333
|3^HL3_612'>   -0.14015
|3^HL3_615'>    0.06202
|3^HL3_616'>    0.05831
|3^HL3_623'>   -0.10000
|3^HL3_52'>    0.08241
|3^HL3_510'>   -0.06207
|3^HL3_310'>   -0.05193
|3^HL3_313'>   -0.05881
|3^HL3_21'>    0.05159
|3^HL3_22'>    0.12145
|3^HL3_25'>   -0.07748
|3^HL3_211'>    0.17775
|3^HL3_111'>   -0.05891
|5^HL_132'>    0.07520
|5^HL_15'>    0.06761
TDMs with Triplet 'Ground' state
TDMX:0.158   TDMY:0.065   TDMZ:-0.103   Oscillator Strength:0.00483   <S**2>: 2.178
--------------------------------------------------------------------
TDMs with Singlet 'Ground' state
TDMX:0.000   TDMY:0.000   TDMZ:-0.000   Oscillator Strength:0.00000   <S**2>: 2.178
--------------------------------------------------------------------


State 214 5.070 eV 
Excitation    CI Coef
|3^HS2_5>    0.65183
|3^HS2_3>   -0.06752
|3^SL1_13'>    0.07247
|3^SL2_10'>    0.07418
|3^SL2_13'>    0.19565
|3^HL1_82'>    0.09590
|3^HL1_51'>    0.05565
|3^HL1_52'>    0.17410
|3^HL1_513'>   -0.08497
|3^HL1_516'>    0.08065
|3^HL1_310'>    0.09420
|3^HL1_315'>   -0.07608
|3^HL1_316'>    0.05592
|3^HL2_611'>    0.06430
|3^HL2_52'>   -0.11533
|3^HL2_55'>   -0.05342
|3^HL2_515'>   -0.05406
|3^HL2_516'>    0.05231
|3^HL2_517'>   -0.07374
|3^HL2_313'>    0.05406
|3^HL3_1513'>   -0.11512
|3^HL3_101'>   -0.05071
|3^HL3_62'>    0.06501
|3^HL3_51'>    0.07750
|3^HL3_52'>    0.32178
|3^HL3_59'>   -0.10543
|3^HL3_510'>   -0.18674
|3^HL3_515'>    0.11126
|3^HL3_517'>    0.10551
|3^HL3_524'>   -0.08780
|3^HL3_32'>    0.06360
|3^HL3_313'>   -0.28281
TDMs with Triplet 'Ground' state
TDMX:-0.127   TDMY:0.318   TDMZ:-0.073   Oscillator Strength:0.01488   <S**2>: 2.000
--------------------------------------------------------------------
TDMs with Singlet 'Ground' state
TDMX:-0.000   TDMY:-0.000   TDMZ:0.000   Oscillator Strength:0.00000   <S**2>: 2.000
--------------------------------------------------------------------


State 215 5.074 eV 
Excitation    CI Coef
|5^HL_3612'>    0.05057
|5^HL_3614'>   -0.13678
|5^HL_1814'>   -0.08858
|5^HL_1714'>    0.09371
|5^HL_1611'>    0.05409
|5^HL_1614'>   -0.09239
|5^HL_1412'>    0.26087
|5^HL_1414'>   -0.69522
|5^HL_1416'>    0.06579
|5^HL_1214'>    0.05107
|5^HL_1114'>    0.07646
|5^HL_1014'>    0.05953
|5^HL_914'>    0.07361
|5^HL_41'>    0.06415
|5^HL_42'>    0.19252
|5^HL_45'>   -0.07634
|5^HL_412'>    0.10721
|5^HL_423'>    0.17968
|5^HL_425'>    0.46107
|5^HL_214'>    0.09969
|5^HL_223'>   -0.06552
|5^HL_225'>   -0.16450
TDMs with Triplet 'Ground' state
TDMX:0.001   TDMY:0.000   TDMZ:0.001   Oscillator Strength:0.00000   <S**2>: 6.000
--------------------------------------------------------------------
TDMs with Singlet 'Ground' state
TDMX:-0.000   TDMY:-0.000   TDMZ:0.000   Oscillator Strength:0.00000   <S**2>: 6.000
--------------------------------------------------------------------


State 216 5.079 eV 
Excitation    CI Coef
|3^HS1_3>    0.05081
|3^HS2_7>    0.06918
|3^HS2_5>   -0.10473
|3^HS2_3>   -0.16435
|3^SL1_6'>   -0.05963
|3^SL1_15'>   -0.07280
|3^SL2_6'>   -0.06863
|3^SL2_13'>   -0.05094
|3^SL2_15'>   -0.07909
|3^SL2_24'>   -0.11155
|3^HL1_111'>    0.05982
|3^HL1_101'>   -0.10379
|3^HL1_102'>    0.06035
|3^HL1_81'>    0.08477
|3^HL1_72'>    0.21772
|3^HL1_75'>    0.09239
|3^HL1_79'>   -0.07678
|3^HL1_710'>    0.11745
|3^HL1_61'>    0.05003
|3^HL1_62'>    0.14801
|3^HL1_65'>   -0.06457
|3^HL1_52'>   -0.05604
|3^HL1_510'>   -0.05700
|3^HL1_513'>   -0.25064
|3^HL1_515'>   -0.05523
|3^HL1_35'>    0.07891
|3^HL1_39'>    0.28350
|3^HL1_310'>    0.36950
|3^HL1_315'>   -0.26095
|3^HL1_316'>    0.19752
|3^HL1_317'>   -0.16923
|3^HL1_318'>    0.05048
|3^HL3_152'>    0.05592
|3^HL3_155'>    0.05420
|3^HL3_159'>    0.10365
|3^HL3_1510'>    0.16756
|3^HL3_1515'>   -0.09732
|3^HL3_1516'>    0.07415
|3^HL3_111'>   -0.05185
|3^HL3_104'>    0.05069
|3^HL3_72'>   -0.08703
|3^HL3_75'>   -0.05912
|3^HL3_32'>    0.20330
|3^HL3_34'>   -0.07528
|3^HL3_35'>    0.13749
|3^HL3_313'>    0.05971
|3^HL3_316'>   -0.06693
|3^HL3_317'>    0.05567
|3^HL3_322'>   -0.08228
|3^HL3_324'>   -0.12902
|3^HL3_211'>   -0.05137
TDMs with Triplet 'Ground' state
TDMX:0.406   TDMY:-0.109   TDMZ:0.139   Oscillator Strength:0.02388   <S**2>: 2.000
--------------------------------------------------------------------
TDMs with Singlet 'Ground' state
TDMX:-0.000   TDMY:-0.000   TDMZ:0.000   Oscillator Strength:0.00000   <S**2>: 2.000
--------------------------------------------------------------------


State 217 5.079 eV 
Excitation    CI Coef
|5^HL_3811'>    0.11879
|5^HL_2111'>    0.06763
|5^HL_1811'>   -0.20261
|5^HL_1711'>    0.30824
|5^HL_1712'>   -0.07401
|5^HL_1611'>   -0.47059
|5^HL_1612'>    0.11125
|5^HL_1411'>    0.20120
|5^HL_1414'>   -0.08894
|5^HL_132'>   -0.08311
|5^HL_1211'>    0.05346
|5^HL_112'>   -0.09128
|5^HL_1111'>    0.06699
|5^HL_102'>   -0.05397
|5^HL_92'>   -0.06061
|5^HL_811'>   -0.05681
|5^HL_61'>    0.12270
|5^HL_62'>    0.38783
|5^HL_64'>    0.08304
|5^HL_65'>   -0.13088
|5^HL_612'>   -0.14232
|5^HL_616'>    0.05740
|5^HL_617'>    0.07134
|5^HL_623'>   -0.41065
|5^HL_625'>    0.14022
|5^HL_425'>    0.05355
|5^HL_211'>   -0.17859
|5^HL_15'>   -0.08479
|5^HL_111'>    0.05505
TDMs with Triplet 'Ground' state
TDMX:-0.010   TDMY:-0.002   TDMZ:-0.009   Oscillator Strength:0.00002   <S**2>: 5.997
--------------------------------------------------------------------
TDMs with Singlet 'Ground' state
TDMX:0.000   TDMY:0.000   TDMZ:-0.000   Oscillator Strength:0.00000   <S**2>: 5.997
--------------------------------------------------------------------


State 218 5.085 eV 
Excitation    CI Coef
|3^HS2_11>    0.09267
|3^HS2_10>   -0.14400
|3^HS2_6>   -0.06892
|3^SL1_11'>   -0.09983
|3^HL1_132'>   -0.08437
|3^HL1_125'>   -0.05988
|3^HL1_82'>    0.09259
|3^HL1_87'>    0.08961
|3^HL1_88'>   -0.07121
|3^HL1_61'>   -0.19116
|3^HL1_62'>   -0.54301
|3^HL1_64'>   -0.13778
|3^HL1_65'>    0.23712
|3^HL1_66'>    0.07261
|3^HL1_612'>    0.14000
|3^HL1_616'>   -0.12784
|3^HL1_617'>   -0.13791
|3^HL1_618'>   -0.05539
|3^HL1_310'>    0.05805
|3^HL1_211'>   -0.08870
|3^HL1_15'>    0.18148
|3^HL1_16'>    0.05035
|3^HL1_17'>    0.09432
|3^HL1_18'>    0.11793
|3^HL2_127'>    0.06309
|3^HL2_911'>    0.05701
|3^HL2_611'>   -0.06474
|3^HL2_15'>    0.05040
|3^HL3_222'>    0.06036
|3^HL3_1711'>    0.08070
|3^HL3_1611'>   -0.12740
|3^HL3_111'>   -0.07587
|3^HL3_1111'>    0.06353
|3^HL3_101'>    0.10415
|3^HL3_104'>    0.07556
|3^HL3_1011'>    0.06891
|3^HL3_1018'>   -0.05998
|3^HL3_911'>    0.13371
|3^HL3_81'>   -0.06308
|3^HL3_811'>    0.09674
|3^HL3_62'>    0.08159
|3^HL3_612'>   -0.10016
|3^HL3_616'>    0.06991
|3^HL3_617'>    0.06222
|3^HL3_623'>   -0.12313
|3^HL3_32'>    0.05392
|3^HL3_22'>   -0.11770
|3^HL3_25'>    0.05475
|3^HL3_211'>    0.14357
TDMs with Triplet 'Ground' state
TDMX:0.187   TDMY:0.288   TDMZ:0.267   Oscillator Strength:0.02303   <S**2>: 2.001
--------------------------------------------------------------------
TDMs with Singlet 'Ground' state
TDMX:0.000   TDMY:0.000   TDMZ:0.000   Oscillator Strength:0.00000   <S**2>: 2.001
--------------------------------------------------------------------


State 219 5.090 eV 
Excitation    CI Coef
|1^HS1_21>    0.06659
|1^HS1_15>    0.18970
|1^HS1_4>   -0.06614
|1^HS1_3>   -0.13876
|1^HS1_2>   -0.06379
|1^HS2_18>   -0.07241
|1^HS2_17>    0.05052
|1^HS2_16>    0.07663
|1^HS2_15>   -0.06217
|1^HS2_13>    0.06763
|1^HS2_11>    0.21678
|1^HS2_10>   -0.10471
|1^HS2_3>   -0.15049
|1^SL1_3'>   -0.05308
|1^SL1_6'>    0.05060
|1^SL1_9'>    0.05336
|1^SL1_10'>    0.09428
|1^SL1_12'>   -0.05283
|1^SL1_15'>   -0.17415
|1^SL1_17'>   -0.06584
|1^SL1_25'>   -0.05759
|1^SL2_9'>   -0.13737
|1^SL2_10'>   -0.23462
|1^SL2_15'>    0.12312
|1^SL2_16'>   -0.17603
|1^SL2_17'>    0.06562
|1^SL2_18'>   -0.06498
|1^HL2_203'>    0.12733
|1^HL2_1919'>   -0.05001
|1^HL2_1510'>   -0.10221
|1^HL2_1515'>    0.08112
|1^HL2_1516'>   -0.06576
|1^HL2_1412'>   -0.05244
|1^HL2_131'>    0.06833
|1^HL2_134'>   -0.05895
|1^HL2_114'>   -0.10197
|1^HL2_1118'>    0.05864
|1^HL2_101'>    0.11889
|1^HL2_104'>    0.07371
|1^HL2_1018'>   -0.06330
|1^HL2_910'>   -0.05538
|1^HL2_81'>   -0.16445
|1^HL2_84'>    0.07683
|1^HL2_810'>    0.06905
|1^HL2_710'>   -0.06810
|1^HL2_32'>   -0.41479
|1^HL2_34'>    0.07377
|1^HL2_35'>   -0.18635
|1^HL2_36'>    0.11617
|1^HL2_37'>    0.05534
|1^HL2_39'>   -0.08576
|1^HL2_310'>   -0.08957
|1^HL2_315'>    0.14502
|1^HL2_316'>   -0.12201
|1^HL2_324'>    0.11654
|1^HL2_212'>   -0.07467
|1^HL2_13'>    0.10159
|1^HL2_16'>    0.09793
|1^HL2_18'>    0.07212
|1^HL2_110'>    0.05759
TDMs with Triplet 'Ground' state
TDMX:-0.000   TDMY:-0.000   TDMZ:-0.000   Oscillator Strength:0.00000   <S**2>: 0.000
--------------------------------------------------------------------
TDMs with Singlet 'Ground' state
TDMX:0.064   TDMY:0.550   TDMZ:0.255   Oscillator Strength:0.04633   <S**2>: 0.000
--------------------------------------------------------------------


State 220 5.092 eV 
Excitation    CI Coef
|5^HL_3710'>   -0.05943
|5^HL_3713'>   -0.12778
|5^HL_2113'>    0.06137
|5^HL_1813'>    0.09438
|5^HL_1713'>    0.11197
|5^HL_159'>    0.14958
|5^HL_1510'>    0.30501
|5^HL_1513'>    0.63955
|5^HL_1516'>    0.05351
|5^HL_1213'>   -0.09694
|5^HL_1113'>    0.06049
|5^HL_1013'>    0.05804
|5^HL_52'>    0.25841
|5^HL_54'>   -0.05900
|5^HL_55'>    0.09427
|5^HL_59'>   -0.06053
|5^HL_510'>   -0.10288
|5^HL_522'>    0.22946
|5^HL_524'>    0.40947
|5^HL_313'>    0.09139
|5^HL_322'>   -0.09833
|5^HL_324'>   -0.18056
TDMs with Triplet 'Ground' state
TDMX:-0.003   TDMY:-0.004   TDMZ:-0.002   Oscillator Strength:0.00000   <S**2>: 6.000
--------------------------------------------------------------------
TDMs with Singlet 'Ground' state
TDMX:0.000   TDMY:0.000   TDMZ:0.000   Oscillator Strength:0.00000   <S**2>: 6.000
--------------------------------------------------------------------


State 221 5.094 eV 
Excitation    CI Coef
|1^SL1_3'>   -0.25401
|1^SL2_3'>    0.09789
|1^HL2_353'>   -0.23346
|1^HL2_263'>    0.13485
|1^HL2_233'>   -0.12461
|1^HL2_223'>    0.16509
|1^HL2_213'>   -0.08763
|1^HL2_203'>    0.60961
|1^HL2_191'>    0.21507
|1^HL2_194'>    0.05170
|1^HL2_1918'>   -0.08317
|1^HL2_1919'>   -0.24090
|1^HL2_183'>    0.13101
|1^HL2_123'>   -0.08939
|1^HL2_32'>    0.08759
|1^HL2_13'>    0.48610
TDMs with Triplet 'Ground' state
TDMX:-0.000   TDMY:-0.000   TDMZ:-0.000   Oscillator Strength:0.00000   <S**2>: 0.000
--------------------------------------------------------------------
TDMs with Singlet 'Ground' state
TDMX:-0.015   TDMY:-0.148   TDMZ:-0.057   Oscillator Strength:0.00318   <S**2>: 0.000
--------------------------------------------------------------------


State 222 5.094 eV 
Excitation    CI Coef
|3^HS2_16>   -0.07588
|3^HS2_11>   -0.06103
|3^HS2_10>    0.07154
|3^HS2_3>   -0.05469
|3^SL1_3'>   -0.24245
|3^SL2_3'>   -0.09309
|3^SL2_15'>   -0.05568
|3^HL1_223'>   -0.05524
|3^HL1_203'>   -0.20264
|3^HL1_191'>   -0.25798
|3^HL1_192'>    0.05907
|3^HL1_194'>   -0.10704
|3^HL1_195'>   -0.06544
|3^HL1_123'>    0.06527
|3^HL1_82'>    0.07547
|3^HL1_79'>    0.08950
|3^HL1_710'>   -0.05382
|3^HL1_62'>   -0.06103
|3^HL1_13'>   -0.30260
|3^HL1_15'>   -0.06513
|3^HL2_611'>   -0.06198
|3^HL3_353'>   -0.18187
|3^HL3_263'>    0.10519
|3^HL3_233'>   -0.09682
|3^HL3_223'>    0.12748
|3^HL3_213'>   -0.06830
|3^HL3_203'>    0.47190
|3^HL3_191'>    0.16615
|3^HL3_1918'>   -0.06462
|3^HL3_1919'>   -0.18738
|3^HL3_183'>    0.10015
|3^HL3_123'>   -0.07173
|3^HL3_101'>   -0.06564
|3^HL3_32'>    0.07409
|3^HL3_13'>    0.37829
TDMs with Triplet 'Ground' state
TDMX:0.319   TDMY:0.152   TDMZ:0.045   Oscillator Strength:0.01548   <S**2>: 2.000
--------------------------------------------------------------------
TDMs with Singlet 'Ground' state
TDMX:-0.000   TDMY:-0.000   TDMZ:0.000   Oscillator Strength:0.00000   <S**2>: 2.000
--------------------------------------------------------------------


State 223 5.096 eV 
Excitation    CI Coef
|3^HS2_17>   -0.06864
|3^HS2_16>   -0.16860
|3^HS2_14>   -0.07180
|3^HS2_11>   -0.17287
|3^HS2_10>    0.21746
|3^HS2_9>   -0.07215
|3^HS2_6>   -0.05878
|3^HS2_5>   -0.07537
|3^HS2_3>   -0.08920
|3^HS2_1>   -0.07079
|3^SL1_3'>    0.10331
|3^SL2_1'>   -0.05506
|3^SL2_2'>    0.05813
|3^SL2_6'>    0.09942
|3^SL2_8'>   -0.05314
|3^SL2_15'>   -0.10797
|3^SL2_17'>   -0.09574
|3^HL1_203'>    0.09354
|3^HL1_191'>    0.11344
|3^HL1_112'>    0.10606
|3^HL1_115'>    0.05467
|3^HL1_101'>    0.05449
|3^HL1_102'>   -0.10472
|3^HL1_105'>   -0.06162
|3^HL1_106'>   -0.06461
|3^HL1_95'>   -0.07750
|3^HL1_81'>   -0.05743
|3^HL1_82'>    0.12888
|3^HL1_85'>    0.06406
|3^HL1_72'>   -0.09596
|3^HL1_79'>    0.16990
|3^HL1_710'>   -0.12757
|3^HL1_62'>   -0.07524
|3^HL1_315'>   -0.05647
|3^HL1_13'>    0.13500
|3^HL1_14'>    0.10385
|3^HL1_15'>   -0.19401
|3^HL2_112'>    0.05374
|3^HL2_101'>   -0.05882
|3^HL2_102'>   -0.05610
|3^HL2_104'>    0.06442
|3^HL2_611'>   -0.10728
|3^HL2_12'>    0.05825
|3^HL3_353'>    0.07573
|3^HL3_222'>   -0.09767
|3^HL3_223'>   -0.05629
|3^HL3_203'>   -0.19727
|3^HL3_191'>   -0.06891
|3^HL3_1919'>    0.07834
|3^HL3_1510'>    0.06204
|3^HL3_1515'>   -0.05287
|3^HL3_1412'>   -0.08699
|3^HL3_111'>    0.13804
|3^HL3_114'>    0.07202
|3^HL3_101'>   -0.19725
|3^HL3_104'>   -0.13452
|3^HL3_1017'>    0.05312
|3^HL3_1018'>    0.09705
|3^HL3_911'>    0.07698
|3^HL3_81'>    0.12294
|3^HL3_82'>    0.05665
|3^HL3_84'>    0.08185
|3^HL3_811'>    0.05504
|3^HL3_62'>   -0.06317
|3^HL3_65'>    0.05162
|3^HL3_612'>   -0.06879
|3^HL3_32'>    0.13619
|3^HL3_34'>   -0.05260
|3^HL3_35'>    0.08651
|3^HL3_324'>   -0.07023
|3^HL3_22'>    0.08630
|3^HL3_211'>    0.08508
|3^HL3_225'>    0.05569
|3^HL3_13'>   -0.15998
|3^HL3_16'>   -0.09892
|3^HL3_18'>   -0.07649
|3^HL3_118'>   -0.06091
TDMs with Triplet 'Ground' state
TDMX:0.042   TDMY:0.384   TDMZ:0.056   Oscillator Strength:0.01861   <S**2>: 2.002
--------------------------------------------------------------------
TDMs with Singlet 'Ground' state
TDMX:0.000   TDMY:0.000   TDMZ:0.000   Oscillator Strength:0.00000   <S**2>: 2.002
--------------------------------------------------------------------


State 224 5.107 eV 
Excitation    CI Coef
|1^HS1_6>   -0.05540
|1^HS1_4>    0.45657
|1^HS1_2>   -0.26697
|1^HS2_14>   -0.10131
|1^HS2_4>   -0.29178
|1^HS2_2>    0.18123
|1^SL1_12'>    0.09643
|1^SL1_14'>   -0.18431
|1^SL1_23'>   -0.06431
|1^SL1_25'>   -0.05636
|1^SL2_14'>   -0.06301
|1^HL2_142'>    0.05139
|1^HL2_1412'>   -0.13012
|1^HL2_1414'>   -0.15900
|1^HL2_1415'>   -0.10103
|1^HL2_1416'>   -0.13463
|1^HL2_914'>    0.05795
|1^HL2_62'>   -0.06243
|1^HL2_42'>    0.19683
|1^HL2_44'>   -0.05361
|1^HL2_45'>    0.09746
|1^HL2_412'>    0.22938
|1^HL2_415'>    0.11730
|1^HL2_417'>    0.05465
|1^HL2_425'>    0.10745
|1^HL2_21'>   -0.07707
|1^HL2_22'>   -0.33470
|1^HL2_25'>    0.07754
|1^HL2_214'>   -0.29611
|1^HL2_225'>    0.15551
TDMs with Triplet 'Ground' state
TDMX:-0.000   TDMY:0.000   TDMZ:0.000   Oscillator Strength:0.00000   <S**2>: 0.000
--------------------------------------------------------------------
TDMs with Singlet 'Ground' state
TDMX:-0.083   TDMY:0.227   TDMZ:-0.064   Oscillator Strength:0.00779   <S**2>: 0.000
--------------------------------------------------------------------


State 225 5.115 eV 
Excitation    CI Coef
|3^HS2_11>   -0.09167
|3^HS2_10>    0.13746
|3^HS2_7>    0.19051
|3^HS2_3>    0.05159
|3^SL2_5'>    0.05891
|3^SL2_22'>    0.05350
|3^HL1_101'>   -0.09970
|3^HL1_102'>   -0.05145
|3^HL1_109'>    0.05345
|3^HL1_92'>    0.11375
|3^HL1_99'>   -0.08131
|3^HL1_81'>    0.13076
|3^HL1_82'>    0.13779
|3^HL1_88'>   -0.06600
|3^HL1_89'>    0.09365
|3^HL1_72'>    0.53050
|3^HL1_74'>   -0.11982
|3^HL1_75'>    0.19217
|3^HL1_76'>   -0.07270
|3^HL1_710'>    0.15423
|3^HL1_713'>   -0.06498
|3^HL1_715'>    0.07746
|3^HL1_716'>   -0.09168
|3^HL1_717'>    0.15910
|3^HL1_718'>   -0.07124
|3^HL1_62'>   -0.11626
|3^HL1_65'>    0.05010
|3^HL1_513'>    0.08679
|3^HL1_32'>    0.05353
|3^HL1_310'>   -0.13322
|3^HL1_315'>    0.06547
|3^HL1_316'>   -0.05188
|3^HL1_317'>    0.05632
|3^HL1_14'>    0.05093
|3^HL1_16'>   -0.06407
|3^HL1_18'>    0.06865
|3^HL1_19'>    0.05543
|3^HL2_137'>   -0.07444
|3^HL2_127'>   -0.11190
|3^HL2_87'>   -0.06244
|3^HL2_17'>   -0.05219
|3^HL3_179'>   -0.07749
|3^HL3_101'>   -0.08628
|3^HL3_81'>    0.11028
|3^HL3_72'>   -0.20460
|3^HL3_74'>    0.07575
|3^HL3_75'>   -0.14418
|3^HL3_76'>    0.05820
|3^HL3_722'>    0.06252
|3^HL3_32'>   -0.13306
|3^HL3_35'>   -0.07055
|3^HL3_324'>    0.05017
TDMs with Triplet 'Ground' state
TDMX:0.024   TDMY:0.114   TDMZ:0.055   Oscillator Strength:0.00204   <S**2>: 2.000
--------------------------------------------------------------------
TDMs with Singlet 'Ground' state
TDMX:0.000   TDMY:0.000   TDMZ:0.000   Oscillator Strength:0.00000   <S**2>: 2.000
--------------------------------------------------------------------


State 226 5.117 eV 
Excitation    CI Coef
|5^HL_3612'>   -0.09386
|5^HL_3615'>   -0.05388
|5^HL_3616'>   -0.07897
|5^HL_1812'>   -0.05770
|5^HL_1816'>   -0.06168
|5^HL_1712'>    0.05355
|5^HL_1716'>    0.07047
|5^HL_1615'>   -0.05072
|5^HL_1616'>   -0.07785
|5^HL_145'>   -0.05989
|5^HL_1411'>   -0.06823
|5^HL_1412'>   -0.52322
|5^HL_1414'>   -0.23393
|5^HL_1415'>   -0.27841
|5^HL_1416'>   -0.39389
|5^HL_1417'>   -0.15472
|5^HL_1116'>    0.05157
|5^HL_1125'>   -0.07219
|5^HL_1025'>   -0.07488
|5^HL_916'>    0.06121
|5^HL_925'>   -0.14258
|5^HL_825'>   -0.08083
|5^HL_414'>    0.08103
|5^HL_423'>    0.07099
|5^HL_425'>    0.17053
|5^HL_223'>    0.18298
|5^HL_225'>    0.42611
|5^HL_125'>    0.05968
TDMs with Triplet 'Ground' state
TDMX:0.006   TDMY:0.003   TDMZ:0.003   Oscillator Strength:0.00001   <S**2>: 5.999
--------------------------------------------------------------------
TDMs with Singlet 'Ground' state
TDMX:0.000   TDMY:0.000   TDMZ:-0.000   Oscillator Strength:0.00000   <S**2>: 5.999
--------------------------------------------------------------------


State 227 5.123 eV 
Excitation    CI Coef
|3^HS2_17>   -0.14365
|3^HS2_16>   -0.19671
|3^HS2_14>    0.17484
|3^HS2_13>   -0.08560
|3^HS2_10>   -0.08245
|3^HS2_7>    0.12431
|3^HS2_6>    0.05251
|3^HS2_2>   -0.07527
|3^SL1_12'>   -0.11128
|3^SL1_16'>   -0.07868
|3^SL1_17'>   -0.06624
|3^SL1_18'>   -0.06072
|3^SL1_25'>    0.05021
|3^SL2_12'>    0.09448
|3^SL2_15'>   -0.05866
|3^SL2_22'>   -0.07001
|3^SL2_24'>    0.05642
|3^HL1_112'>    0.07537
|3^HL1_101'>    0.06225
|3^HL1_92'>   -0.09366
|3^HL1_81'>   -0.07899
|3^HL1_72'>    0.13984
|3^HL1_79'>    0.18574
|3^HL1_710'>   -0.08411
|3^HL1_717'>    0.06025
|3^HL1_62'>    0.09843
|3^HL1_513'>    0.06679
|3^HL1_414'>    0.06701
|3^HL1_32'>    0.06638
|3^HL1_310'>   -0.13300
|3^HL1_21'>   -0.05331
|3^HL1_22'>   -0.09966
|3^HL1_25'>    0.07137
|3^HL1_212'>    0.08471
|3^HL1_215'>    0.08297
|3^HL1_216'>    0.10184
|3^HL2_611'>   -0.15327
|3^HL2_414'>    0.06778
|3^HL2_216'>   -0.05493
|3^HL3_185'>   -0.05631
|3^HL3_1710'>    0.07321
|3^HL3_1716'>   -0.08366
|3^HL3_162'>   -0.06501
|3^HL3_1510'>   -0.05949
|3^HL3_1412'>    0.21753
|3^HL3_1415'>    0.09404
|3^HL3_1416'>    0.15285
|3^HL3_1417'>    0.06907
|3^HL3_95'>   -0.05989
|3^HL3_911'>   -0.06541
|3^HL3_925'>    0.05974
|3^HL3_82'>    0.08623
|3^HL3_72'>   -0.08536
|3^HL3_75'>   -0.06675
|3^HL3_612'>    0.08565
|3^HL3_32'>    0.09353
|3^HL3_35'>    0.05775
|3^HL3_322'>    0.07285
|3^HL3_21'>   -0.10859
|3^HL3_22'>   -0.25890
|3^HL3_24'>   -0.08189
|3^HL3_25'>    0.13303
|3^HL3_211'>   -0.08863
|3^HL3_216'>   -0.08007
|3^HL3_217'>   -0.05681
|3^HL3_223'>   -0.08470
|3^HL3_225'>   -0.17716
|3^HL3_15'>   -0.06150
|3^HL3_18'>   -0.05661
|5^HL_179'>   -0.08791
|5^HL_1710'>    0.05705
|5^HL_72'>   -0.10444
|5^HL_722'>    0.08210
TDMs with Triplet 'Ground' state
TDMX:-0.455   TDMY:-0.251   TDMZ:-0.158   Oscillator Strength:0.03622   <S**2>: 2.201
--------------------------------------------------------------------
TDMs with Singlet 'Ground' state
TDMX:-0.000   TDMY:-0.000   TDMZ:0.000   Oscillator Strength:0.00000   <S**2>: 2.201
--------------------------------------------------------------------


State 228 5.124 eV 
Excitation    CI Coef
|3^HL3_1412'>   -0.05228
|3^HL3_22'>    0.05604
|5^HL_399'>   -0.09072
|5^HL_3910'>    0.06040
|5^HL_229'>    0.05420
|5^HL_219'>   -0.09934
|5^HL_2110'>    0.06278
|5^HL_189'>   -0.17438
|5^HL_1810'>    0.11274
|5^HL_179'>   -0.37161
|5^HL_1710'>    0.24945
|5^HL_169'>   -0.19118
|5^HL_1610'>    0.13439
|5^HL_159'>    0.12495
|5^HL_1510'>   -0.17313
|5^HL_1513'>    0.07101
|5^HL_129'>    0.10318
|5^HL_1210'>   -0.05086
|5^HL_112'>   -0.07069
|5^HL_119'>   -0.05737
|5^HL_102'>   -0.05800
|5^HL_92'>    0.06233
|5^HL_82'>   -0.06183
|5^HL_810'>   -0.05481
|5^HL_72'>   -0.45538
|5^HL_74'>    0.10494
|5^HL_75'>   -0.15704
|5^HL_79'>   -0.08470
|5^HL_710'>   -0.14309
|5^HL_713'>    0.05427
|5^HL_716'>    0.06867
|5^HL_717'>   -0.10118
|5^HL_722'>    0.35204
|5^HL_724'>   -0.16688
|5^HL_727'>    0.05046
|5^HL_39'>    0.13568
|5^HL_310'>   -0.07838
|5^HL_324'>    0.05566
|5^HL_15'>   -0.05051
|5^HL_19'>    0.05562
TDMs with Triplet 'Ground' state
TDMX:0.101   TDMY:0.054   TDMZ:0.031   Oscillator Strength:0.00173   <S**2>: 5.807
--------------------------------------------------------------------
TDMs with Singlet 'Ground' state
TDMX:0.000   TDMY:0.000   TDMZ:-0.000   Oscillator Strength:0.00000   <S**2>: 5.807
--------------------------------------------------------------------


State 229 5.130 eV 
Excitation    CI Coef
|1^HS1_14>   -0.06789
|1^HS1_9>   -0.06227
|1^HS1_8>   -0.08457
|1^HS1_6>   -0.19194
|1^HS1_4>   -0.33752
|1^HS1_2>   -0.16405
|1^HS2_14>   -0.10801
|1^HS2_11>   -0.12951
|1^HS2_10>    0.06927
|1^HS2_9>   -0.05165
|1^HS2_4>    0.22746
|1^HS2_2>    0.14926
|1^SL1_5'>    0.05593
|1^SL1_14'>    0.11008
|1^SL1_23'>   -0.07312
|1^SL2_6'>   -0.13618
|1^HL2_222'>   -0.07357
|1^HL2_1611'>   -0.07199
|1^HL2_1612'>   -0.06390
|1^HL2_142'>    0.05854
|1^HL2_145'>   -0.06123
|1^HL2_1412'>   -0.14507
|1^HL2_1414'>    0.06758
|1^HL2_1415'>   -0.08930
|1^HL2_1416'>   -0.12567
|1^HL2_111'>    0.08774
|1^HL2_114'>    0.05974
|1^HL2_101'>   -0.13748
|1^HL2_104'>   -0.09724
|1^HL2_1018'>    0.06068
|1^HL2_911'>    0.06082
|1^HL2_923'>   -0.05666
|1^HL2_81'>    0.09208
|1^HL2_62'>   -0.20395
|1^HL2_65'>    0.05187
|1^HL2_623'>   -0.07143
|1^HL2_42'>   -0.21105
|1^HL2_412'>   -0.16320
|1^HL2_415'>   -0.07158
|1^HL2_32'>   -0.06065
|1^HL2_21'>   -0.12365
|1^HL2_22'>   -0.36896
|1^HL2_24'>   -0.07539
|1^HL2_25'>    0.13985
|1^HL2_26'>    0.06143
|1^HL2_211'>    0.05610
|1^HL2_212'>   -0.06118
|1^HL2_214'>    0.15229
|1^HL2_225'>    0.17212
|1^HL2_16'>   -0.05918
TDMs with Triplet 'Ground' state
TDMX:-0.000   TDMY:0.000   TDMZ:-0.000   Oscillator Strength:0.00000   <S**2>: 0.000
--------------------------------------------------------------------
TDMs with Singlet 'Ground' state
TDMX:0.356   TDMY:0.832   TDMZ:-0.275   Oscillator Strength:0.11238   <S**2>: 0.000
--------------------------------------------------------------------


State 230 5.135 eV 
Excitation    CI Coef
|5^HL_379'>    0.05145
|5^HL_3710'>    0.07849
|5^HL_3713'>   -0.06037
|5^HL_3715'>   -0.06440
|5^HL_3716'>    0.05114
|5^HL_2110'>   -0.05053
|5^HL_1810'>   -0.07616
|5^HL_1815'>    0.05450
|5^HL_1710'>   -0.09586
|5^HL_1715'>    0.07098
|5^HL_1716'>   -0.06158
|5^HL_152'>   -0.06523
|5^HL_155'>   -0.08260
|5^HL_156'>    0.06263
|5^HL_159'>   -0.30324
|5^HL_1510'>   -0.42358
|5^HL_1513'>    0.30885
|5^HL_1515'>    0.32334
|5^HL_1516'>   -0.24656
|5^HL_1517'>    0.16648
|5^HL_1518'>   -0.05138
|5^HL_1210'>    0.06009
|5^HL_1215'>   -0.05147
|5^HL_1224'>    0.06907
|5^HL_1124'>   -0.06249
|5^HL_1024'>   -0.08143
|5^HL_924'>    0.10692
|5^HL_824'>   -0.08193
|5^HL_72'>    0.07913
|5^HL_724'>    0.05877
|5^HL_52'>    0.05183
|5^HL_513'>    0.08068
|5^HL_522'>    0.11016
|5^HL_524'>    0.18610
|5^HL_322'>    0.22509
|5^HL_324'>    0.36864
|5^HL_124'>   -0.06564
TDMs with Triplet 'Ground' state
TDMX:-0.007   TDMY:0.000   TDMZ:-0.001   Oscillator Strength:0.00001   <S**2>: 5.999
--------------------------------------------------------------------
TDMs with Singlet 'Ground' state
TDMX:0.000   TDMY:-0.000   TDMZ:0.000   Oscillator Strength:0.00000   <S**2>: 5.999
--------------------------------------------------------------------


State 231 5.143 eV 
Excitation    CI Coef
|3^HS2_18>   -0.06103
|3^HS2_16>    0.12249
|3^HS2_14>   -0.13017
|3^HS2_7>    0.13812
|3^HS2_2>    0.06696
|3^SL1_6'>    0.07163
|3^SL1_12'>    0.11050
|3^SL1_17'>    0.06498
|3^SL1_18'>    0.05976
|3^SL1_23'>   -0.06657
|3^SL2_8'>    0.05103
|3^SL2_12'>   -0.06044
|3^SL2_22'>   -0.06828
|3^HL1_162'>   -0.05051
|3^HL1_127'>    0.06550
|3^HL1_111'>   -0.09174
|3^HL1_115'>    0.06684
|3^HL1_101'>    0.16945
|3^HL1_105'>    0.05391
|3^HL1_92'>   -0.25179
|3^HL1_96'>    0.05653
|3^HL1_910'>    0.05109
|3^HL1_915'>    0.06177
|3^HL1_81'>   -0.24306
|3^HL1_82'>    0.06095
|3^HL1_84'>   -0.10944
|3^HL1_85'>    0.12237
|3^HL1_87'>    0.06908
|3^HL1_810'>   -0.06738
|3^HL1_72'>    0.18032
|3^HL1_79'>    0.26913
|3^HL1_710'>   -0.12916
|3^HL1_717'>    0.06993
|3^HL1_611'>   -0.08910
|3^HL1_414'>   -0.11942
|3^HL1_310'>   -0.08865
|3^HL1_212'>   -0.15287
|3^HL1_215'>   -0.08887
|3^HL1_216'>   -0.11560
|3^HL1_217'>   -0.05110
|3^HL1_17'>    0.09259
|3^HL2_414'>   -0.05454
|3^HL3_182'>   -0.07147
|3^HL3_175'>   -0.06982
|3^HL3_1710'>    0.05914
|3^HL3_1712'>    0.06415
|3^HL3_1716'>   -0.05454
|3^HL3_1612'>   -0.09637
|3^HL3_1416'>   -0.09391
|3^HL3_111'>   -0.05761
|3^HL3_101'>    0.11045
|3^HL3_105'>    0.10078
|3^HL3_92'>   -0.10052
|3^HL3_94'>   -0.05926
|3^HL3_95'>    0.07072
|3^HL3_923'>   -0.07835
|3^HL3_81'>   -0.16840
|3^HL3_82'>   -0.07591
|3^HL3_88'>   -0.05054
|3^HL3_823'>   -0.05093
|3^HL3_72'>   -0.08558
|3^HL3_75'>   -0.07995
|3^HL3_32'>    0.06733
|3^HL3_21'>    0.06301
|3^HL3_22'>    0.13437
|3^HL3_25'>   -0.06759
|3^HL3_216'>    0.06214
|3^HL3_225'>    0.09479
|3^HL3_15'>    0.06377
|3^HL3_18'>    0.07246
TDMs with Triplet 'Ground' state
TDMX:-0.213   TDMY:0.351   TDMZ:-0.015   Oscillator Strength:0.02081   <S**2>: 2.006
--------------------------------------------------------------------
TDMs with Singlet 'Ground' state
TDMX:-0.000   TDMY:-0.000   TDMZ:0.000   Oscillator Strength:0.00000   <S**2>: 2.006
--------------------------------------------------------------------


State 232 5.148 eV 
Excitation    CI Coef
|5^HL_3812'>   -0.09490
|5^HL_3816'>    0.07299
|5^HL_2112'>   -0.06282
|5^HL_185'>   -0.05594
|5^HL_1812'>    0.17962
|5^HL_1815'>   -0.05978
|5^HL_1816'>   -0.12070
|5^HL_1817'>   -0.06601
|5^HL_175'>    0.07884
|5^HL_176'>    0.05784
|5^HL_178'>   -0.05988
|5^HL_1711'>   -0.05412
|5^HL_1712'>   -0.26967
|5^HL_1714'>   -0.06589
|5^HL_1715'>    0.08757
|5^HL_1716'>    0.19449
|5^HL_1717'>    0.09594
|5^HL_162'>    0.06625
|5^HL_165'>   -0.10394
|5^HL_166'>   -0.09159
|5^HL_168'>    0.09425
|5^HL_1611'>    0.08327
|5^HL_1612'>    0.41005
|5^HL_1614'>    0.10034
|5^HL_1615'>   -0.14652
|5^HL_1616'>   -0.29646
|5^HL_1617'>   -0.15158
|5^HL_1412'>   -0.11715
|5^HL_1415'>    0.08354
|5^HL_1416'>    0.15975
|5^HL_1417'>    0.08084
|5^HL_1212'>   -0.05517
|5^HL_1223'>    0.06036
|5^HL_1112'>   -0.08528
|5^HL_1116'>    0.06092
|5^HL_1123'>    0.13312
|5^HL_1012'>   -0.06726
|5^HL_1016'>    0.05114
|5^HL_1023'>    0.14097
|5^HL_912'>   -0.08747
|5^HL_916'>    0.06996
|5^HL_917'>    0.05804
|5^HL_923'>    0.27777
|5^HL_925'>   -0.08049
|5^HL_823'>    0.18801
|5^HL_825'>   -0.05644
|5^HL_62'>   -0.10452
|5^HL_611'>    0.10020
|5^HL_223'>    0.22589
|5^HL_225'>   -0.12147
|5^HL_123'>   -0.07602
TDMs with Triplet 'Ground' state
TDMX:0.010   TDMY:-0.007   TDMZ:0.008   Oscillator Strength:0.00003   <S**2>: 5.995
--------------------------------------------------------------------
TDMs with Singlet 'Ground' state
TDMX:-0.000   TDMY:-0.000   TDMZ:-0.000   Oscillator Strength:0.00000   <S**2>: 5.995
--------------------------------------------------------------------


State 233 5.148 eV 
Excitation    CI Coef
|1^HS1_22>    0.07763
|1^HS1_16>    0.07629
|1^HS1_12>   -0.08262
|1^HS1_9>    0.06110
|1^HS1_8>    0.10905
|1^HS1_4>   -0.17425
|1^HS1_2>   -0.12643
|1^HS2_21>    0.08944
|1^HS2_16>    0.07779
|1^HS2_13>    0.06753
|1^HS2_11>    0.22127
|1^HS2_10>   -0.13504
|1^HS2_4>    0.11682
|1^HS2_3>    0.14085
|1^HS2_2>    0.11181
|1^HS2_1>    0.09590
|1^SL1_4'>   -0.06247
|1^SL1_5'>   -0.12907
|1^SL1_8'>    0.08814
|1^SL1_14'>    0.05295
|1^SL1_17'>    0.10671
|1^SL1_23'>   -0.09559
|1^SL2_2'>    0.05847
|1^SL2_5'>    0.05219
|1^SL2_6'>    0.26723
|1^SL2_8'>   -0.05106
|1^SL2_16'>    0.10625
|1^SL2_17'>   -0.08138
|1^SL2_24'>   -0.05851
|1^HL2_222'>    0.13824
|1^HL2_215'>   -0.06750
|1^HL2_1612'>   -0.06725
|1^HL2_1617'>    0.05174
|1^HL2_1412'>   -0.08908
|1^HL2_1415'>   -0.06726
|1^HL2_1416'>   -0.08943
|1^HL2_134'>    0.05223
|1^HL2_126'>   -0.06005
|1^HL2_111'>   -0.16026
|1^HL2_114'>   -0.11112
|1^HL2_1117'>    0.05036
|1^HL2_1118'>    0.07192
|1^HL2_101'>    0.24576
|1^HL2_104'>    0.17686
|1^HL2_105'>   -0.05269
|1^HL2_1017'>   -0.05090
|1^HL2_1018'>   -0.10457
|1^HL2_92'>    0.06345
|1^HL2_98'>    0.05389
|1^HL2_912'>    0.05890
|1^HL2_923'>   -0.05559
|1^HL2_81'>   -0.16201
|1^HL2_84'>   -0.08244
|1^HL2_87'>    0.06349
|1^HL2_42'>   -0.10933
|1^HL2_412'>   -0.07406
|1^HL2_32'>    0.21172
|1^HL2_35'>    0.06693
|1^HL2_22'>   -0.22215
|1^HL2_25'>    0.07442
|1^HL2_214'>    0.07185
|1^HL2_225'>    0.12090
|1^HL2_12'>   -0.10831
|1^HL2_16'>    0.10240
|1^HL2_17'>    0.05444
|1^HL2_115'>   -0.07276
|1^HL2_117'>    0.08833
|1^HL2_118'>    0.05369
TDMs with Triplet 'Ground' state
TDMX:-0.000   TDMY:0.000   TDMZ:-0.000   Oscillator Strength:0.00000   <S**2>: 0.000
--------------------------------------------------------------------
TDMs with Singlet 'Ground' state
TDMX:-0.393   TDMY:-1.065   TDMZ:-0.033   Oscillator Strength:0.16269   <S**2>: 0.000
--------------------------------------------------------------------


State 234 5.153 eV 
Excitation    CI Coef
|3^HS2_18>    0.11293
|3^HS2_14>   -0.14540
|3^HS2_13>   -0.15611
|3^HS2_12>   -0.15112
|3^HS2_11>   -0.09212
|3^HS2_7>   -0.07593
|3^HS2_2>    0.08137
|3^HS2_1>   -0.05369
|3^SL1_12'>    0.09490
|3^SL1_17'>   -0.07672
|3^SL1_18'>   -0.10565
|3^SL1_21'>   -0.05100
|3^SL1_23'>   -0.10140
|3^SL1_25'>    0.06802
|3^SL2_4'>    0.05108
|3^SL2_8'>   -0.07560
|3^SL2_15'>   -0.09127
|3^SL2_16'>   -0.08095
|3^SL2_17'>    0.07887
|3^SL2_20'>    0.06170
|3^HL1_132'>   -0.06806
|3^HL1_101'>   -0.12809
|3^HL1_102'>   -0.21167
|3^HL1_104'>   -0.07110
|3^HL1_92'>   -0.06521
|3^HL1_95'>    0.10574
|3^HL1_916'>    0.06523
|3^HL1_81'>    0.10561
|3^HL1_88'>   -0.07547
|3^HL1_72'>   -0.07636
|3^HL1_79'>   -0.12796
|3^HL1_710'>    0.06924
|3^HL1_611'>   -0.09299
|3^HL1_414'>   -0.16653
|3^HL1_310'>    0.08454
|3^HL1_212'>   -0.25375
|3^HL1_215'>   -0.13161
|3^HL1_216'>   -0.17653
|3^HL1_217'>   -0.08170
|3^HL1_14'>    0.12629
|3^HL1_15'>    0.05611
|3^HL1_18'>    0.08413
|3^HL2_138'>   -0.05046
|3^HL2_611'>   -0.05456
|3^HL2_414'>   -0.05878
|3^HL3_222'>    0.05360
|3^HL3_1812'>   -0.05719
|3^HL3_1816'>    0.05501
|3^HL3_1712'>    0.08797
|3^HL3_1716'>   -0.06467
|3^HL3_162'>   -0.06648
|3^HL3_165'>    0.08666
|3^HL3_1612'>   -0.13585
|3^HL3_1615'>    0.05278
|3^HL3_1616'>    0.09839
|3^HL3_1412'>    0.08342
|3^HL3_131'>   -0.05881
|3^HL3_132'>   -0.07500
|3^HL3_136'>   -0.08799
|3^HL3_111'>   -0.07305
|3^HL3_115'>    0.05777
|3^HL3_1123'>   -0.05174
|3^HL3_1020'>   -0.05731
|3^HL3_1023'>   -0.05433
|3^HL3_92'>   -0.08664
|3^HL3_923'>   -0.11148
|3^HL3_81'>    0.11194
|3^HL3_84'>   -0.09027
|3^HL3_86'>    0.07412
|3^HL3_823'>   -0.07843
|3^HL3_216'>    0.06246
|3^HL3_223'>   -0.11249
|3^HL3_14'>    0.06107
|3^HL3_15'>   -0.14553
|3^HL3_18'>   -0.08412
TDMs with Triplet 'Ground' state
TDMX:0.263   TDMY:0.204   TDMZ:0.326   Oscillator Strength:0.02688   <S**2>: 2.006
--------------------------------------------------------------------
TDMs with Singlet 'Ground' state
TDMX:-0.000   TDMY:0.000   TDMZ:0.000   Oscillator Strength:0.00000   <S**2>: 2.006
--------------------------------------------------------------------


State 235 5.168 eV 
Excitation    CI Coef
|3^HS2_21>   -0.05720
|3^HS2_16>   -0.06768
|3^HS2_13>   -0.18379
|3^HS2_12>   -0.15840
|3^HS2_11>   -0.10540
|3^HS2_10>    0.10770
|3^SL1_4'>   -0.06484
|3^SL1_6'>    0.12134
|3^SL1_15'>   -0.09708
|3^SL1_17'>    0.06773
|3^SL1_18'>    0.07419
|3^SL1_20'>    0.07505
|3^SL1_21'>    0.05810
|3^SL1_26'>   -0.07542
|3^SL2_8'>    0.13376
|3^SL2_15'>    0.07018
|3^SL2_17'>   -0.11459
|3^SL2_18'>   -0.08796
|3^SL2_24'>   -0.07571
|3^SL2_26'>    0.05154
|3^HL1_111'>   -0.06250
|3^HL1_114'>    0.07082
|3^HL1_118'>    0.05122
|3^HL1_105'>   -0.06134
|3^HL1_92'>    0.13084
|3^HL1_96'>   -0.05722
|3^HL1_81'>    0.12379
|3^HL1_82'>   -0.07999
|3^HL1_85'>   -0.05778
|3^HL1_87'>   -0.06470
|3^HL1_72'>   -0.06417
|3^HL1_62'>   -0.06453
|3^HL1_16'>   -0.06078
|3^HL1_17'>   -0.07358
|3^HL2_611'>   -0.12423
|3^HL3_405'>    0.05263
|3^HL3_304'>   -0.05258
|3^HL3_264'>   -0.06368
|3^HL3_242'>   -0.05786
|3^HL3_245'>    0.06989
|3^HL3_231'>   -0.06074
|3^HL3_232'>   -0.08758
|3^HL3_235'>    0.08290
|3^HL3_236'>    0.06949
|3^HL3_228'>   -0.05639
|3^HL3_216'>    0.05076
|3^HL3_218'>   -0.09706
|3^HL3_182'>   -0.07094
|3^HL3_185'>    0.06951
|3^HL3_188'>    0.12721
|3^HL3_176'>   -0.05163
|3^HL3_162'>    0.05030
|3^HL3_168'>   -0.12198
|3^HL3_159'>    0.09339
|3^HL3_1510'>    0.15666
|3^HL3_1515'>   -0.08581
|3^HL3_1516'>    0.06736
|3^HL3_1412'>    0.07710
|3^HL3_1416'>    0.05114
|3^HL3_132'>   -0.08797
|3^HL3_134'>   -0.08643
|3^HL3_135'>    0.14749
|3^HL3_136'>    0.06804
|3^HL3_138'>    0.09534
|3^HL3_122'>    0.06056
|3^HL3_124'>    0.06638
|3^HL3_1217'>    0.05257
|3^HL3_111'>   -0.12431
|3^HL3_112'>    0.08587
|3^HL3_114'>    0.08938
|3^HL3_116'>    0.07022
|3^HL3_1115'>   -0.07919
|3^HL3_101'>    0.09079
|3^HL3_105'>    0.07599
|3^HL3_1020'>    0.05158
|3^HL3_94'>   -0.07274
|3^HL3_98'>   -0.05740
|3^HL3_917'>   -0.06017
|3^HL3_81'>    0.09291
|3^HL3_82'>   -0.08458
|3^HL3_84'>   -0.11459
|3^HL3_85'>   -0.06558
|3^HL3_86'>   -0.08523
|3^HL3_88'>   -0.13661
|3^HL3_322'>   -0.09161
|3^HL3_324'>   -0.11998
|3^HL3_21'>   -0.06564
|3^HL3_22'>   -0.12148
|3^HL3_25'>    0.05761
|3^HL3_225'>   -0.06147
|3^HL3_11'>   -0.05624
|3^HL3_15'>    0.07573
|3^HL3_18'>    0.13498
|3^HL3_115'>    0.07481
|3^HL3_117'>   -0.08598
|3^HL3_118'>   -0.05204
|3^HL3_120'>    0.07707
|3^HL3_121'>    0.07825
TDMs with Triplet 'Ground' state
TDMX:-0.145   TDMY:-0.062   TDMZ:0.017   Oscillator Strength:0.00312   <S**2>: 2.006
--------------------------------------------------------------------
TDMs with Singlet 'Ground' state
TDMX:0.000   TDMY:0.000   TDMZ:-0.000   Oscillator Strength:0.00000   <S**2>: 2.006
--------------------------------------------------------------------


State 236 5.171 eV 
Excitation    CI Coef
|1^HS1_6>   -0.59379
|1^HS1_4>    0.07272
|1^HS1_2>    0.12835
|1^HS2_6>    0.11619
|1^HS2_2>   -0.07230
|1^SL1_5'>   -0.06799
|1^SL1_11'>   -0.05867
|1^SL2_6'>    0.07414
|1^HL1_62'>   -0.05703
|1^HL2_3811'>    0.05281
|1^HL2_1811'>   -0.05260
|1^HL2_1711'>    0.08724
|1^HL2_1611'>   -0.13768
|1^HL2_1411'>    0.06015
|1^HL2_1412'>    0.08839
|1^HL2_1416'>    0.06658
|1^HL2_111'>   -0.08112
|1^HL2_1111'>    0.06094
|1^HL2_101'>    0.09440
|1^HL2_1011'>    0.06357
|1^HL2_911'>    0.12514
|1^HL2_84'>   -0.05060
|1^HL2_811'>    0.08618
|1^HL2_61'>   -0.11289
|1^HL2_62'>   -0.53928
|1^HL2_65'>    0.09543
|1^HL2_66'>    0.05902
|1^HL2_617'>   -0.08319
|1^HL2_623'>   -0.15176
|1^HL2_625'>    0.05619
|1^HL2_22'>    0.12592
|1^HL2_211'>    0.12550
|1^HL2_225'>   -0.08856
TDMs with Triplet 'Ground' state
TDMX:-0.000   TDMY:-0.000   TDMZ:0.000   Oscillator Strength:0.00000   <S**2>: 0.000
--------------------------------------------------------------------
TDMs with Singlet 'Ground' state
TDMX:-0.048   TDMY:-0.078   TDMZ:0.240   Oscillator Strength:0.00838   <S**2>: 0.000
--------------------------------------------------------------------


State 237 5.174 eV 
Excitation    CI Coef
|5^HL_3910'>   -0.07339
|5^HL_3915'>   -0.05648
|5^HL_3916'>    0.05453
|5^HL_2210'>    0.05378
|5^HL_219'>   -0.05457
|5^HL_2110'>   -0.09274
|5^HL_2115'>   -0.06278
|5^HL_2116'>    0.05727
|5^HL_185'>    0.07936
|5^HL_186'>   -0.06368
|5^HL_187'>   -0.05992
|5^HL_189'>   -0.09358
|5^HL_1810'>   -0.15336
|5^HL_1813'>    0.06060
|5^HL_1815'>   -0.10157
|5^HL_1816'>    0.09902
|5^HL_1817'>   -0.08066
|5^HL_172'>    0.09408
|5^HL_175'>    0.13614
|5^HL_176'>   -0.13078
|5^HL_177'>   -0.13173
|5^HL_179'>   -0.20111
|5^HL_1710'>   -0.32153
|5^HL_1713'>    0.12796
|5^HL_1715'>   -0.23898
|5^HL_1716'>    0.21796
|5^HL_1717'>   -0.17196
|5^HL_1718'>    0.05433
|5^HL_165'>    0.06483
|5^HL_166'>   -0.06453
|5^HL_167'>   -0.06629
|5^HL_169'>   -0.10349
|5^HL_1610'>   -0.16444
|5^HL_1613'>    0.06524
|5^HL_1615'>   -0.12853
|5^HL_1616'>    0.12229
|5^HL_1617'>   -0.08743
|5^HL_155'>   -0.05724
|5^HL_156'>    0.05459
|5^HL_159'>    0.05921
|5^HL_1510'>    0.09748
|5^HL_1515'>    0.12880
|5^HL_1516'>   -0.11696
|5^HL_1517'>    0.09417
|5^HL_129'>    0.06354
|5^HL_1210'>    0.08322
|5^HL_1215'>    0.06004
|5^HL_1216'>   -0.06333
|5^HL_1217'>    0.05869
|5^HL_1222'>    0.11727
|5^HL_1110'>   -0.05148
|5^HL_1122'>   -0.10948
|5^HL_1017'>   -0.05370
|5^HL_1022'>   -0.14684
|5^HL_1024'>    0.06312
|5^HL_922'>    0.20078
|5^HL_924'>   -0.08664
|5^HL_822'>   -0.20487
|5^HL_824'>    0.09123
|5^HL_72'>   -0.08665
|5^HL_79'>   -0.07565
|5^HL_322'>   -0.22057
|5^HL_324'>    0.14820
|5^HL_122'>   -0.08798
TDMs with Triplet 'Ground' state
TDMX:0.005   TDMY:0.007   TDMZ:0.001   Oscillator Strength:0.00001   <S**2>: 5.997
--------------------------------------------------------------------
TDMs with Singlet 'Ground' state
TDMX:0.000   TDMY:0.000   TDMZ:0.000   Oscillator Strength:0.00000   <S**2>: 5.997
--------------------------------------------------------------------


State 238 5.185 eV 
Excitation    CI Coef
|3^HS2_16>    0.08557
|3^HS2_10>   -0.06123
|3^HS2_7>    0.12614
|3^SL1_15'>    0.17815
|3^SL1_16'>    0.08913
|3^SL1_18'>   -0.06529
|3^SL2_2'>   -0.06576
|3^SL2_5'>    0.07658
|3^SL2_10'>   -0.07721
|3^SL2_12'>   -0.08042
|3^SL2_15'>    0.16222
|3^SL2_16'>    0.08242
|3^SL2_17'>    0.15232
|3^SL2_18'>    0.06198
|3^SL2_22'>   -0.10748
|3^SL2_24'>   -0.05325
|3^HL1_101'>   -0.08949
|3^HL1_104'>   -0.06197
|3^HL1_81'>    0.09705
|3^HL1_82'>   -0.12005
|3^HL1_87'>   -0.06178
|3^HL1_79'>    0.09791
|3^HL1_710'>   -0.08606
|3^HL1_611'>    0.07621
|3^HL1_513'>    0.09268
|3^HL1_414'>    0.06906
|3^HL1_32'>    0.09936
|3^HL1_39'>   -0.12303
|3^HL1_310'>   -0.17793
|3^HL1_315'>    0.08114
|3^HL1_316'>   -0.07863
|3^HL1_22'>    0.06156
|3^HL1_212'>    0.08629
|3^HL1_15'>    0.06504
|3^HL1_17'>   -0.08071
|3^HL2_611'>    0.33097
|3^HL2_612'>   -0.07432
|3^HL3_3710'>   -0.05110
|3^HL3_1810'>    0.05199
|3^HL3_1710'>    0.07314
|3^HL3_152'>    0.06877
|3^HL3_155'>    0.07319
|3^HL3_159'>    0.15803
|3^HL3_1510'>    0.25379
|3^HL3_1515'>   -0.17671
|3^HL3_1516'>    0.14264
|3^HL3_1517'>   -0.08636
|3^HL3_1215'>    0.05150
|3^HL3_101'>   -0.07814
|3^HL3_105'>   -0.07462
|3^HL3_922'>   -0.05563
|3^HL3_924'>   -0.05188
|3^HL3_81'>    0.07466
|3^HL3_32'>    0.13568
|3^HL3_35'>    0.08291
|3^HL3_39'>    0.06537
|3^HL3_322'>   -0.10471
|3^HL3_324'>   -0.25824
|3^HL3_22'>    0.11129
TDMs with Triplet 'Ground' state
TDMX:-0.076   TDMY:0.402   TDMZ:-0.460   Oscillator Strength:0.04709   <S**2>: 2.001
--------------------------------------------------------------------
TDMs with Singlet 'Ground' state
TDMX:0.000   TDMY:0.000   TDMZ:0.000   Oscillator Strength:0.00000   <S**2>: 2.001
--------------------------------------------------------------------


State 239 5.192 eV 
Excitation    CI Coef
|1^HS1_23>   -0.10814
|1^HS1_22>   -0.05204
|1^HS1_21>    0.06859
|1^HS1_12>    0.15305
|1^HS1_11>    0.08387
|1^HS1_9>   -0.10979
|1^HS1_8>   -0.14048
|1^HS1_6>    0.07914
|1^HS2_21>   -0.13161
|1^HS2_18>   -0.05833
|1^HS2_13>   -0.12435
|1^HS2_12>    0.07095
|1^HS2_11>   -0.10305
|1^HS2_5>    0.12914
|1^SL1_4'>   -0.09387
|1^SL1_5'>   -0.06284
|1^SL1_6'>   -0.05065
|1^SL1_15'>   -0.07878
|1^SL1_17'>    0.08544
|1^SL1_18'>    0.10982
|1^SL1_20'>    0.09567
|1^SL1_21'>    0.05918
|1^SL1_26'>   -0.07311
|1^SL2_2'>   -0.06318
|1^SL2_4'>   -0.10719
|1^SL2_7'>   -0.07534
|1^SL2_8'>   -0.09621
|1^SL2_17'>    0.12825
|1^SL2_18'>    0.07186
|1^SL2_21'>    0.05267
|1^SL2_26'>   -0.05833
|1^HL1_14'>    0.05261
|1^HL2_301'>    0.05364
|1^HL2_304'>   -0.09812
|1^HL2_264'>   -0.07394
|1^HL2_266'>   -0.06796
|1^HL2_245'>    0.08660
|1^HL2_231'>   -0.05927
|1^HL2_232'>   -0.09378
|1^HL2_234'>    0.05899
|1^HL2_236'>    0.08737
|1^HL2_226'>    0.07789
|1^HL2_2220'>    0.05162
|1^HL2_212'>    0.07104
|1^HL2_215'>    0.06920
|1^HL2_204'>    0.05558
|1^HL2_188'>    0.06733
|1^HL2_168'>   -0.05895
|1^HL2_131'>   -0.05797
|1^HL2_135'>    0.10759
|1^HL2_136'>    0.07518
|1^HL2_138'>    0.06961
|1^HL2_122'>    0.05969
|1^HL2_124'>    0.05231
|1^HL2_1217'>    0.06157
|1^HL2_111'>   -0.26406
|1^HL2_112'>    0.06834
|1^HL2_114'>    0.05534
|1^HL2_116'>    0.06466
|1^HL2_1115'>   -0.06722
|1^HL2_1117'>    0.07560
|1^HL2_1126'>   -0.07547
|1^HL2_101'>    0.20599
|1^HL2_105'>    0.13351
|1^HL2_1019'>   -0.05055
|1^HL2_1020'>    0.07659
|1^HL2_1021'>    0.07905
|1^HL2_92'>   -0.08696
|1^HL2_94'>   -0.06766
|1^HL2_917'>   -0.06735
|1^HL2_81'>    0.09314
|1^HL2_82'>   -0.09170
|1^HL2_84'>   -0.24028
|1^HL2_85'>   -0.12763
|1^HL2_86'>   -0.08653
|1^HL2_87'>   -0.06412
|1^HL2_88'>   -0.12496
|1^HL2_821'>   -0.05454
|1^HL2_826'>    0.05022
|1^HL2_62'>    0.06399
|1^HL2_52'>    0.10244
|1^HL2_313'>   -0.05573
|1^HL2_12'>    0.07171
|1^HL2_15'>    0.15133
|1^HL2_17'>   -0.07436
|1^HL2_18'>    0.13842
|1^HL2_115'>    0.09704
|1^HL2_117'>   -0.11368
|1^HL2_120'>    0.07981
TDMs with Triplet 'Ground' state
TDMX:0.000   TDMY:0.000   TDMZ:-0.000   Oscillator Strength:0.00000   <S**2>: 0.000
--------------------------------------------------------------------
TDMs with Singlet 'Ground' state
TDMX:0.255   TDMY:0.483   TDMZ:-0.205   Oscillator Strength:0.04332   <S**2>: 0.000
--------------------------------------------------------------------


State 240 5.193 eV 
Excitation    CI Coef
|5^HL_301'>    0.05779
|5^HL_241'>   -0.07137
|5^HL_222'>   -0.16622
|5^HL_226'>    0.09117
|5^HL_2215'>   -0.05987
|5^HL_211'>    0.05489
|5^HL_212'>   -0.09543
|5^HL_202'>    0.09642
|5^HL_182'>   -0.06190
|5^HL_131'>    0.13068
|5^HL_134'>    0.10461
|5^HL_1318'>   -0.05491
|5^HL_121'>   -0.08452
|5^HL_122'>   -0.08329
|5^HL_111'>    0.07478
|5^HL_115'>   -0.22621
|5^HL_1116'>    0.05202
|5^HL_1118'>   -0.06510
|5^HL_101'>    0.29713
|5^HL_102'>   -0.07170
|5^HL_104'>    0.09570
|5^HL_105'>    0.25867
|5^HL_1018'>    0.05542
|5^HL_1019'>   -0.07317
|5^HL_91'>    0.05742
|5^HL_92'>    0.06782
|5^HL_96'>    0.06165
|5^HL_81'>   -0.71020
|5^HL_82'>    0.11924
|5^HL_71'>    0.06010
|5^HL_31'>    0.05203
|5^HL_12'>   -0.11713
|5^HL_16'>    0.11400
|5^HL_115'>   -0.06666
TDMs with Triplet 'Ground' state
TDMX:0.010   TDMY:0.018   TDMZ:-0.005   Oscillator Strength:0.00006   <S**2>: 5.998
--------------------------------------------------------------------
TDMs with Singlet 'Ground' state
TDMX:-0.000   TDMY:-0.000   TDMZ:0.000   Oscillator Strength:0.00000   <S**2>: 5.998
--------------------------------------------------------------------


State 241 5.193 eV 
Excitation    CI Coef
|3^HS1_7>    0.08407
|3^HS2_13>   -0.05386
|3^HS2_7>   -0.49893
|3^SL1_6'>    0.05389
|3^SL1_9'>   -0.07186
|3^SL2_9'>   -0.15517
|3^SL2_10'>    0.06954
|3^SL2_18'>   -0.05239
|3^HL1_102'>   -0.09145
|3^HL1_92'>   -0.10183
|3^HL1_81'>   -0.07692
|3^HL1_84'>   -0.05398
|3^HL1_72'>    0.07659
|3^HL1_74'>   -0.06540
|3^HL1_75'>    0.10171
|3^HL1_710'>    0.07294
|3^HL1_716'>   -0.09643
|3^HL1_717'>    0.05458
|3^HL1_611'>    0.06146
|3^HL1_414'>    0.13262
|3^HL1_22'>    0.07922
|3^HL1_212'>    0.17366
|3^HL1_215'>    0.06977
|3^HL1_216'>    0.09757
|3^HL1_14'>    0.05390
|3^HL1_15'>    0.07165
|3^HL2_72'>    0.08409
|3^HL2_715'>    0.05300
|3^HL2_717'>    0.06441
|3^HL2_611'>    0.09455
|3^HL3_132'>   -0.05171
|3^HL3_111'>   -0.05205
|3^HL3_119'>   -0.06022
|3^HL3_101'>    0.05208
|3^HL3_105'>    0.06084
|3^HL3_109'>   -0.08501
|3^HL3_1010'>    0.06147
|3^HL3_99'>    0.13252
|3^HL3_910'>   -0.07850
|3^HL3_82'>    0.05787
|3^HL3_89'>   -0.17135
|3^HL3_810'>    0.07838
|3^HL3_71'>   -0.06976
|3^HL3_72'>   -0.21116
|3^HL3_75'>    0.07219
|3^HL3_79'>   -0.12611
|3^HL3_710'>   -0.19227
|3^HL3_713'>    0.08071
|3^HL3_715'>   -0.13922
|3^HL3_716'>    0.06286
|3^HL3_717'>   -0.13232
|3^HL3_39'>   -0.20916
|3^HL3_310'>    0.16249
|3^HL3_324'>   -0.05122
|3^HL3_21'>    0.05212
|3^HL3_22'>    0.12718
|3^HL3_25'>   -0.05951
|3^HL3_15'>   -0.06775
|3^HL3_19'>   -0.08727
TDMs with Triplet 'Ground' state
TDMX:0.542   TDMY:0.306   TDMZ:-0.114   Oscillator Strength:0.04992   <S**2>: 2.001
--------------------------------------------------------------------
TDMs with Singlet 'Ground' state
TDMX:-0.000   TDMY:-0.000   TDMZ:0.000   Oscillator Strength:0.00000   <S**2>: 2.001
--------------------------------------------------------------------


State 242 5.196 eV 
Excitation    CI Coef
|1^HS1_12>   -0.05129
|1^HS1_5>    0.11386
|1^HS2_5>    0.60611
|1^HS2_3>   -0.17308
|1^SL1_13'>    0.07805
|1^SL2_13'>   -0.17952
|1^SL2_17'>   -0.06928
|1^HL1_52'>    0.13071
|1^HL1_55'>    0.06589
|1^HL1_517'>    0.06714
|1^HL2_72'>   -0.05669
|1^HL2_51'>    0.11199
|1^HL2_52'>    0.48954
|1^HL2_59'>   -0.11164
|1^HL2_510'>   -0.19889
|1^HL2_515'>    0.09150
|1^HL2_517'>    0.09583
|1^HL2_32'>   -0.05885
|1^HL2_313'>   -0.26164
|1^HL2_315'>   -0.08338
|1^HL2_18'>   -0.05393
|1^HL2_113'>    0.05645
TDMs with Triplet 'Ground' state
TDMX:0.000   TDMY:0.000   TDMZ:-0.000   Oscillator Strength:0.00000   <S**2>: 0.000
--------------------------------------------------------------------
TDMs with Singlet 'Ground' state
TDMX:0.009   TDMY:-0.486   TDMZ:0.180   Oscillator Strength:0.03428   <S**2>: 0.000
--------------------------------------------------------------------


State 243 5.201 eV 
Excitation    CI Coef
|3^HS2_18>   -0.05657
|3^HS2_13>    0.10843
|3^HS2_12>    0.12029
|3^HS2_11>    0.06472
|3^HS2_7>   -0.21559
|3^HS2_2>    0.07689
|3^SL1_12'>    0.05943
|3^SL1_15'>    0.06394
|3^SL2_9'>   -0.10356
|3^SL2_16'>   -0.07900
|3^SL2_22'>   -0.07273
|3^HL1_132'>    0.05710
|3^HL1_112'>   -0.07627
|3^HL1_102'>    0.13468
|3^HL1_92'>    0.13857
|3^HL1_95'>   -0.06129
|3^HL1_84'>    0.05825
|3^HL1_79'>   -0.05406
|3^HL1_710'>    0.05094
|3^HL1_611'>   -0.07166
|3^HL1_513'>    0.08623
|3^HL1_414'>   -0.25274
|3^HL1_32'>    0.10368
|3^HL1_39'>   -0.09411
|3^HL1_310'>   -0.13202
|3^HL1_315'>    0.07698
|3^HL1_316'>   -0.07087
|3^HL1_317'>    0.05582
|3^HL1_21'>   -0.06825
|3^HL1_22'>   -0.15245
|3^HL1_212'>   -0.31206
|3^HL1_215'>   -0.13697
|3^HL1_216'>   -0.19531
|3^HL1_217'>   -0.08855
|3^HL1_14'>   -0.08675
|3^HL1_15'>   -0.09963
|3^HL1_16'>    0.05732
|3^HL1_17'>   -0.05175
|3^HL2_611'>   -0.10407
|3^HL3_1710'>    0.07515
|3^HL3_159'>    0.05555
|3^HL3_1510'>    0.09402
|3^HL3_1515'>   -0.09192
|3^HL3_1516'>    0.07348
|3^HL3_1412'>   -0.07559
|3^HL3_1416'>   -0.05096
|3^HL3_132'>    0.06908
|3^HL3_111'>    0.05676
|3^HL3_912'>    0.05348
|3^HL3_922'>   -0.05084
|3^HL3_84'>    0.05555
|3^HL3_89'>   -0.07968
|3^HL3_822'>    0.05069
|3^HL3_72'>   -0.08557
|3^HL3_79'>   -0.05988
|3^HL3_710'>   -0.08746
|3^HL3_715'>   -0.06601
|3^HL3_717'>   -0.06300
|3^HL3_42'>    0.07721
|3^HL3_32'>    0.12170
|3^HL3_35'>    0.05920
|3^HL3_39'>   -0.09836
|3^HL3_310'>    0.06769
|3^HL3_324'>   -0.13187
|3^HL3_21'>   -0.09129
|3^HL3_22'>   -0.22720
|3^HL3_24'>   -0.06927
|3^HL3_25'>    0.10488
|3^HL3_225'>    0.08396
|3^HL3_15'>    0.06936
TDMs with Triplet 'Ground' state
TDMX:0.026   TDMY:-0.468   TDMZ:0.251   Oscillator Strength:0.03520   <S**2>: 2.001
--------------------------------------------------------------------
TDMs with Singlet 'Ground' state
TDMX:-0.000   TDMY:-0.000   TDMZ:0.000   Oscillator Strength:0.00000   <S**2>: 2.001
--------------------------------------------------------------------


State 244 5.206 eV 
Excitation    CI Coef
|3^SL1_6'>    0.05776
|3^SL1_14'>   -0.19489
|3^SL2_14'>    0.06263
|3^HL1_112'>    0.06478
|3^HL1_102'>   -0.10225
|3^HL1_41'>    0.15784
|3^HL1_42'>    0.35943
|3^HL1_44'>    0.10802
|3^HL1_45'>   -0.17637
|3^HL1_46'>   -0.05193
|3^HL1_415'>   -0.06041
|3^HL1_416'>   -0.05006
|3^HL1_214'>   -0.09535
|3^HL1_14'>    0.06254
|3^HL1_15'>    0.09461
|3^HL2_214'>   -0.05843
|3^HL3_1412'>   -0.07822
|3^HL3_1414'>    0.23811
|3^HL3_41'>    0.23119
|3^HL3_42'>    0.53756
|3^HL3_44'>    0.15827
|3^HL3_45'>   -0.25931
|3^HL3_46'>   -0.07465
|3^HL3_412'>    0.13934
|3^HL3_416'>    0.06149
|3^HL3_417'>    0.05937
|3^HL3_423'>   -0.05221
|3^HL3_425'>   -0.17183
|3^HL3_214'>   -0.20316
|3^HL3_15'>   -0.05068
TDMs with Triplet 'Ground' state
TDMX:-0.348   TDMY:0.394   TDMZ:-0.010   Oscillator Strength:0.03448   <S**2>: 2.001
--------------------------------------------------------------------
TDMs with Singlet 'Ground' state
TDMX:0.000   TDMY:0.000   TDMZ:-0.000   Oscillator Strength:0.00000   <S**2>: 2.001
--------------------------------------------------------------------


State 245 5.208 eV 
Excitation    CI Coef
|1^HS1_33>    0.05316
|1^HS1_24>   -0.08890
|1^HS1_22>    0.08745
|1^HS1_21>   -0.07905
|1^HS1_15>   -0.06081
|1^HS1_8>    0.05276
|1^HS1_7>    0.17203
|1^HS1_3>   -0.06329
|1^HS2_23>   -0.05073
|1^HS2_22>   -0.05077
|1^HS2_7>    0.14471
|1^HS2_3>   -0.30286
|1^SL1_6'>    0.11738
|1^SL1_12'>    0.05717
|1^SL1_15'>    0.09656
|1^SL1_17'>    0.06678
|1^SL2_8'>   -0.06098
|1^SL2_9'>    0.08627
|1^SL2_15'>   -0.23363
|1^SL2_16'>    0.09028
|1^SL2_20'>    0.05057
|1^SL2_27'>   -0.05230
|1^HL1_72'>    0.05134
|1^HL1_32'>   -0.06767
|1^HL2_264'>   -0.05550
|1^HL2_242'>   -0.08870
|1^HL2_235'>    0.07752
|1^HL2_185'>    0.06178
|1^HL2_176'>   -0.05073
|1^HL2_179'>   -0.11999
|1^HL2_1710'>    0.07520
|1^HL2_169'>   -0.06993
|1^HL2_159'>    0.08058
|1^HL2_132'>   -0.06299
|1^HL2_136'>    0.08768
|1^HL2_129'>    0.06231
|1^HL2_116'>    0.05633
|1^HL2_119'>   -0.06458
|1^HL2_1115'>   -0.05906
|1^HL2_101'>   -0.06117
|1^HL2_109'>   -0.08180
|1^HL2_1020'>    0.05386
|1^HL2_94'>   -0.05886
|1^HL2_99'>    0.10898
|1^HL2_86'>   -0.06605
|1^HL2_88'>   -0.05411
|1^HL2_89'>   -0.11753
|1^HL2_72'>    0.36410
|1^HL2_74'>   -0.07529
|1^HL2_75'>    0.14678
|1^HL2_76'>   -0.08017
|1^HL2_77'>   -0.05876
|1^HL2_722'>    0.12843
|1^HL2_724'>   -0.06755
|1^HL2_32'>   -0.25335
|1^HL2_39'>   -0.06138
|1^HL2_310'>    0.21114
|1^HL2_313'>   -0.07284
|1^HL2_315'>   -0.06927
|1^HL2_317'>   -0.06497
|1^HL2_322'>   -0.05178
|1^HL2_21'>   -0.05052
|1^HL2_22'>   -0.07629
|1^HL2_25'>    0.05976
|1^HL2_11'>   -0.05929
|1^HL2_18'>    0.07122
|1^HL2_19'>   -0.06539
|1^HL2_121'>    0.10642
TDMs with Triplet 'Ground' state
TDMX:-0.000   TDMY:-0.000   TDMZ:-0.000   Oscillator Strength:0.00000   <S**2>: 0.000
--------------------------------------------------------------------
TDMs with Singlet 'Ground' state
TDMX:-0.271   TDMY:-0.670   TDMZ:0.024   Oscillator Strength:0.06672   <S**2>: 0.000
--------------------------------------------------------------------


State 246 5.210 eV 
Excitation    CI Coef
|3^HS2_16>    0.05406
|3^HS2_7>   -0.12233
|3^HS2_3>   -0.07487
|3^SL1_16'>    0.06449
|3^SL1_17'>   -0.06451
|3^SL2_5'>    0.06099
|3^SL2_10'>    0.10423
|3^SL2_16'>    0.07098
|3^SL2_17'>   -0.06131
|3^SL2_18'>    0.07673
|3^SL2_24'>    0.09342
|3^HL1_132'>    0.05847
|3^HL1_122'>   -0.05894
|3^HL1_127'>   -0.05844
|3^HL1_114'>    0.11911
|3^HL1_101'>   -0.05899
|3^HL1_104'>   -0.10125
|3^HL1_92'>    0.14804
|3^HL1_81'>    0.23124
|3^HL1_82'>   -0.18178
|3^HL1_85'>   -0.07213
|3^HL1_87'>   -0.11910
|3^HL1_810'>   -0.05394
|3^HL1_79'>    0.35180
|3^HL1_710'>   -0.23251
|3^HL1_510'>   -0.05486
|3^HL1_513'>   -0.12900
|3^HL1_313'>    0.06992
|3^HL1_315'>   -0.08763
|3^HL1_316'>    0.07092
|3^HL1_317'>   -0.07186
|3^HL1_17'>   -0.15316
|3^HL2_611'>    0.11219
|3^HL2_11'>    0.06709
|3^HL3_1815'>    0.06200
|3^HL3_1716'>   -0.05442
|3^HL3_159'>   -0.14272
|3^HL3_1510'>   -0.24874
|3^HL3_1513'>    0.06114
|3^HL3_1515'>    0.13030
|3^HL3_1516'>   -0.10329
|3^HL3_1517'>    0.07234
|3^HL3_138'>    0.05517
|3^HL3_101'>   -0.05954
|3^HL3_105'>   -0.09760
|3^HL3_924'>    0.06282
|3^HL3_81'>    0.14370
|3^HL3_824'>   -0.05409
|3^HL3_72'>   -0.05636
|3^HL3_710'>   -0.07622
|3^HL3_32'>    0.11491
|3^HL3_35'>    0.06555
|3^HL3_39'>   -0.09458
|3^HL3_322'>    0.14770
|3^HL3_324'>    0.19136
|3^HL3_17'>    0.05277
|3^HL3_18'>    0.07027
TDMs with Triplet 'Ground' state
TDMX:-0.209   TDMY:-0.416   TDMZ:-0.626   Oscillator Strength:0.07597   <S**2>: 2.001
--------------------------------------------------------------------
TDMs with Singlet 'Ground' state
TDMX:0.000   TDMY:0.000   TDMZ:-0.000   Oscillator Strength:0.00000   <S**2>: 2.001
--------------------------------------------------------------------


State 247 5.221 eV 
Excitation    CI Coef
|1^HS1_33>   -0.05426
|1^HS1_24>   -0.07584
|1^HS1_22>    0.10707
|1^HS1_21>   -0.09095
|1^HS1_18>   -0.05076
|1^HS1_7>   -0.21871
|1^HS1_3>   -0.05354
|1^HS1_2>    0.09671
|1^HS2_22>   -0.06315
|1^HS2_21>    0.11961
|1^HS2_16>    0.06882
|1^HS2_11>    0.07597
|1^HS2_10>    0.07174
|1^HS2_8>   -0.05532
|1^HS2_7>   -0.20349
|1^HS2_3>   -0.12439
|1^SL1_6'>    0.08949
|1^SL1_12'>    0.05211
|1^SL1_15'>    0.06377
|1^SL1_21'>    0.05055
|1^SL2_8'>   -0.05786
|1^SL2_9'>   -0.07997
|1^SL2_15'>   -0.20261
|1^SL2_20'>    0.05645
|1^SL2_22'>    0.05853
|1^SL2_24'>   -0.05572
|1^HL1_72'>   -0.06212
|1^HL2_399'>    0.05467
|1^HL2_264'>   -0.05134
|1^HL2_242'>   -0.08280
|1^HL2_235'>    0.06239
|1^HL2_226'>   -0.05058
|1^HL2_185'>    0.05199
|1^HL2_189'>    0.06334
|1^HL2_179'>    0.13916
|1^HL2_1710'>   -0.06397
|1^HL2_169'>    0.07222
|1^HL2_132'>   -0.05879
|1^HL2_136'>    0.08665
|1^HL2_137'>    0.05587
|1^HL2_138'>    0.06990
|1^HL2_127'>    0.05895
|1^HL2_129'>   -0.07558
|1^HL2_111'>    0.10153
|1^HL2_116'>    0.05128
|1^HL2_119'>    0.06503
|1^HL2_1117'>    0.06624
|1^HL2_101'>   -0.12016
|1^HL2_105'>   -0.07127
|1^HL2_106'>    0.05130
|1^HL2_109'>    0.08693
|1^HL2_1020'>    0.05558
|1^HL2_94'>   -0.06132
|1^HL2_97'>   -0.06973
|1^HL2_99'>   -0.12044
|1^HL2_82'>   -0.05257
|1^HL2_84'>    0.08007
|1^HL2_87'>    0.07853
|1^HL2_89'>    0.14549
|1^HL2_815'>    0.07754
|1^HL2_72'>   -0.40659
|1^HL2_74'>    0.05947
|1^HL2_75'>   -0.15504
|1^HL2_76'>    0.09704
|1^HL2_79'>    0.07317
|1^HL2_710'>    0.07178
|1^HL2_716'>   -0.05280
|1^HL2_722'>   -0.13794
|1^HL2_724'>    0.06498
|1^HL2_32'>   -0.11370
|1^HL2_39'>    0.19497
|1^HL2_21'>   -0.05060
|1^HL2_25'>    0.06745
|1^HL2_11'>   -0.05925
|1^HL2_18'>    0.08660
|1^HL2_19'>    0.06820
|1^HL2_121'>    0.09223
TDMs with Triplet 'Ground' state
TDMX:0.000   TDMY:0.000   TDMZ:0.000   Oscillator Strength:0.00000   <S**2>: 0.000
--------------------------------------------------------------------
TDMs with Singlet 'Ground' state
TDMX:-0.084   TDMY:-1.019   TDMZ:-0.152   Oscillator Strength:0.13656   <S**2>: 0.000
--------------------------------------------------------------------


State 248 5.222 eV 
Excitation    CI Coef
|3^HS2_18>    0.13875
|3^HS2_16>   -0.05976
|3^HS2_14>   -0.05448
|3^HS2_13>   -0.15145
|3^HS2_12>   -0.14719
|3^SL1_5'>    0.11759
|3^SL1_6'>   -0.23505
|3^SL1_8'>   -0.07608
|3^SL1_14'>   -0.05444
|3^SL1_17'>    0.06675
|3^SL1_18'>    0.07788
|3^SL2_2'>    0.06432
|3^SL2_5'>   -0.09752
|3^SL2_6'>    0.20942
|3^SL2_7'>   -0.05494
|3^SL2_12'>   -0.06288
|3^SL2_16'>    0.14032
|3^SL2_17'>    0.07057
|3^HL1_121'>    0.06741
|3^HL1_124'>   -0.07881
|3^HL1_127'>    0.06466
|3^HL1_112'>   -0.17974
|3^HL1_102'>    0.22681
|3^HL1_104'>   -0.11556
|3^HL1_91'>   -0.07792
|3^HL1_92'>   -0.09611
|3^HL1_95'>   -0.09362
|3^HL1_81'>    0.13516
|3^HL1_82'>    0.16319
|3^HL1_87'>    0.06171
|3^HL1_611'>    0.05227
|3^HL1_42'>    0.07679
|3^HL1_212'>    0.05076
|3^HL1_11'>    0.05720
|3^HL1_14'>   -0.13118
|3^HL1_15'>   -0.27904
|3^HL1_17'>    0.06314
|3^HL2_611'>    0.20722
|3^HL3_212'>    0.07046
|3^HL3_165'>    0.05736
|3^HL3_1412'>    0.08617
|3^HL3_1414'>    0.07033
|3^HL3_132'>    0.11778
|3^HL3_122'>   -0.05252
|3^HL3_124'>   -0.08644
|3^HL3_112'>    0.06137
|3^HL3_115'>    0.07251
|3^HL3_116'>   -0.07519
|3^HL3_1115'>    0.06316
|3^HL3_1117'>   -0.06039
|3^HL3_91'>   -0.06555
|3^HL3_95'>    0.06791
|3^HL3_81'>    0.06238
|3^HL3_82'>   -0.19687
|3^HL3_815'>   -0.06252
|3^HL3_42'>    0.11741
|3^HL3_45'>   -0.05456
|3^HL3_223'>   -0.05447
|3^HL3_225'>   -0.05435
|3^HL3_14'>   -0.10510
|3^HL3_15'>    0.13725
|3^HL3_18'>   -0.06753
|3^HL3_118'>   -0.05246
|3^HL3_120'>    0.05133
TDMs with Triplet 'Ground' state
TDMX:-0.353   TDMY:-0.097   TDMZ:0.482   Oscillator Strength:0.04590   <S**2>: 2.007
--------------------------------------------------------------------
TDMs with Singlet 'Ground' state
TDMX:0.000   TDMY:0.000   TDMZ:-0.000   Oscillator Strength:0.00000   <S**2>: 2.007
--------------------------------------------------------------------


State 249 5.226 eV 
Excitation    CI Coef
|5^HL_306'>   -0.06637
|5^HL_3015'>    0.05410
|5^HL_261'>    0.12556
|5^HL_264'>   -0.15706
|5^HL_242'>   -0.06430
|5^HL_246'>    0.07006
|5^HL_231'>   -0.12953
|5^HL_232'>   -0.06176
|5^HL_234'>    0.12481
|5^HL_235'>    0.10134
|5^HL_221'>    0.05735
|5^HL_224'>   -0.15031
|5^HL_225'>    0.11608
|5^HL_2226'>    0.05072
|5^HL_212'>   -0.10478
|5^HL_214'>   -0.07616
|5^HL_215'>    0.08255
|5^HL_216'>    0.06427
|5^HL_2117'>   -0.05080
|5^HL_204'>    0.09167
|5^HL_1818'>    0.06228
|5^HL_132'>   -0.08572
|5^HL_134'>   -0.06009
|5^HL_1315'>   -0.05479
|5^HL_121'>   -0.23313
|5^HL_124'>    0.33550
|5^HL_1218'>    0.06248
|5^HL_111'>   -0.15586
|5^HL_112'>   -0.08466
|5^HL_114'>    0.10451
|5^HL_116'>    0.15377
|5^HL_1115'>   -0.15192
|5^HL_1117'>    0.15284
|5^HL_1120'>   -0.08618
|5^HL_1127'>   -0.05551
|5^HL_104'>    0.05272
|5^HL_1015'>    0.06329
|5^HL_1017'>   -0.06821
|5^HL_1020'>    0.14683
|5^HL_91'>    0.25347
|5^HL_94'>   -0.29172
|5^HL_81'>    0.08893
|5^HL_82'>    0.09982
|5^HL_86'>   -0.17051
|5^HL_815'>    0.11684
|5^HL_817'>   -0.07579
|5^HL_820'>   -0.07512
|5^HL_11'>   -0.17645
|5^HL_12'>    0.05173
|5^HL_14'>    0.22232
|5^HL_18'>   -0.08661
|5^HL_119'>   -0.05493
|5^HL_120'>    0.07983
|5^HL_121'>    0.15593
TDMs with Triplet 'Ground' state
TDMX:-0.012   TDMY:0.014   TDMZ:0.000   Oscillator Strength:0.00004   <S**2>: 5.989
--------------------------------------------------------------------
TDMs with Singlet 'Ground' state
TDMX:0.000   TDMY:0.000   TDMZ:-0.000   Oscillator Strength:0.00000   <S**2>: 5.989
--------------------------------------------------------------------


State 250 5.226 eV 
Excitation    CI Coef
|1^HS1_24>    0.06068
|1^HS1_22>   -0.07007
|1^HS1_21>    0.05568
|1^HS1_17>   -0.07484
|1^HS1_16>   -0.07298
|1^HS1_15>   -0.08108
|1^HS1_9>   -0.05174
|1^HS1_8>   -0.14605
|1^HS1_7>   -0.05870
|1^HS1_5>   -0.05236
|1^HS1_3>   -0.07762
|1^HS2_22>    0.07941
|1^HS2_18>    0.08599
|1^HS2_16>   -0.09903
|1^HS2_15>    0.05806
|1^HS2_10>   -0.09192
|1^HS2_8>   -0.06753
|1^HS2_7>   -0.08437
|1^HS2_5>   -0.20375
|1^HS2_3>   -0.43194
|1^SL1_5'>   -0.11560
|1^SL1_6'>   -0.10849
|1^SL1_10'>   -0.05771
|1^SL1_15'>    0.08159
|1^SL1_18'>   -0.05993
|1^SL2_5'>    0.08402
|1^SL2_6'>    0.11889
|1^SL2_7'>   -0.06294
|1^SL2_9'>    0.05058
|1^SL2_10'>    0.11995
|1^SL2_16'>    0.11779
|1^SL2_17'>   -0.12145
|1^SL2_18'>    0.06315
|1^SL2_20'>   -0.06600
|1^HL1_32'>   -0.09791
|1^HL1_35'>   -0.05787
|1^HL1_317'>   -0.05578
|1^HL2_242'>    0.07634
|1^HL2_247'>   -0.05011
|1^HL2_235'>   -0.05705
|1^HL2_185'>   -0.06901
|1^HL2_188'>   -0.05086
|1^HL2_1510'>    0.09093
|1^HL2_134'>    0.05057
|1^HL2_136'>   -0.05813
|1^HL2_137'>   -0.06904
|1^HL2_138'>   -0.07442
|1^HL2_127'>   -0.05255
|1^HL2_111'>   -0.10756
|1^HL2_101'>    0.09939
|1^HL2_104'>    0.05762
|1^HL2_95'>   -0.07016
|1^HL2_97'>    0.05715
|1^HL2_84'>   -0.08391
|1^HL2_88'>    0.07336
|1^HL2_810'>   -0.05941
|1^HL2_72'>   -0.13895
|1^HL2_710'>    0.05748
|1^HL2_52'>   -0.17378
|1^HL2_510'>    0.05281
|1^HL2_31'>   -0.08569
|1^HL2_32'>   -0.32246
|1^HL2_39'>    0.11780
|1^HL2_310'>    0.10368
|1^HL2_315'>   -0.09151
|1^HL2_317'>   -0.08889
|1^HL2_324'>   -0.05177
|1^HL2_11'>    0.05312
|1^HL2_16'>    0.05095
|1^HL2_18'>   -0.11530
|1^HL2_110'>   -0.05809
|1^HL2_121'>   -0.06891
TDMs with Triplet 'Ground' state
TDMX:-0.000   TDMY:0.000   TDMZ:0.000   Oscillator Strength:0.00000   <S**2>: 0.000
--------------------------------------------------------------------
TDMs with Singlet 'Ground' state
TDMX:-0.176   TDMY:-0.648   TDMZ:0.179   Oscillator Strength:0.06192   <S**2>: 0.000
--------------------------------------------------------------------


State 251 5.234 eV 
Excitation    CI Coef
|3^HS2_18>    0.09778
|3^HS2_17>    0.05486
|3^HS2_16>   -0.05181
|3^HS2_13>   -0.06173
|3^HS2_9>    0.06569
|3^HS2_7>   -0.06803
|3^HS2_3>    0.08356
|3^SL1_5'>   -0.10206
|3^SL1_6'>    0.09194
|3^SL1_12'>   -0.05127
|3^SL1_15'>    0.12182
|3^SL1_16'>    0.12522
|3^SL1_18'>   -0.07007
|3^SL2_5'>    0.09094
|3^SL2_6'>   -0.08270
|3^SL2_8'>    0.09788
|3^SL2_12'>   -0.06157
|3^SL2_15'>    0.13305
|3^SL2_16'>    0.07777
|3^SL2_18'>    0.06736
|3^SL2_22'>    0.07028
|3^SL2_24'>   -0.07347
|3^HL1_122'>    0.05389
|3^HL1_127'>    0.05977
|3^HL1_101'>    0.10521
|3^HL1_102'>    0.08803
|3^HL1_92'>   -0.08093
|3^HL1_81'>   -0.10046
|3^HL1_82'>    0.09087
|3^HL1_84'>   -0.07982
|3^HL1_85'>    0.06620
|3^HL1_87'>    0.08258
|3^HL1_79'>    0.17960
|3^HL1_710'>   -0.10716
|3^HL1_513'>   -0.11987
|3^HL1_414'>   -0.12236
|3^HL1_32'>   -0.17098
|3^HL1_34'>    0.06437
|3^HL1_35'>   -0.06366
|3^HL1_39'>    0.07653
|3^HL1_310'>    0.06956
|3^HL1_22'>   -0.08984
|3^HL1_212'>   -0.13816
|3^HL1_216'>   -0.06608
|3^HL1_14'>   -0.05795
|3^HL1_15'>   -0.07850
|3^HL1_16'>   -0.08197
|3^HL1_17'>    0.11105
|3^HL2_137'>    0.06442
|3^HL2_127'>    0.07737
|3^HL2_128'>    0.06453
|3^HL2_118'>    0.05937
|3^HL2_104'>    0.08534
|3^HL2_611'>    0.05112
|3^HL2_414'>    0.07670
|3^HL2_11'>    0.12094
|3^HL2_12'>    0.08802
|3^HL2_14'>   -0.07958
|3^HL2_118'>   -0.06002
|3^HL3_232'>    0.05179
|3^HL3_182'>    0.05129
|3^HL3_175'>    0.05980
|3^HL3_179'>   -0.06088
|3^HL3_1710'>   -0.05272
|3^HL3_1715'>   -0.05836
|3^HL3_1716'>    0.07908
|3^HL3_1615'>   -0.05385
|3^HL3_159'>    0.07905
|3^HL3_1510'>    0.11338
|3^HL3_132'>   -0.07198
|3^HL3_1215'>    0.05428
|3^HL3_111'>    0.08833
|3^HL3_101'>   -0.07776
|3^HL3_102'>    0.05875
|3^HL3_105'>   -0.08295
|3^HL3_95'>   -0.05999
|3^HL3_922'>    0.05340
|3^HL3_822'>   -0.05090
|3^HL3_32'>   -0.26314
|3^HL3_34'>    0.08354
|3^HL3_35'>   -0.13410
|3^HL3_310'>    0.06681
|3^HL3_322'>   -0.12030
|3^HL3_21'>   -0.06079
|3^HL3_22'>   -0.12709
|3^HL3_25'>    0.05014
|3^HL3_120'>   -0.06391
TDMs with Triplet 'Ground' state
TDMX:-0.030   TDMY:0.453   TDMZ:-0.252   Oscillator Strength:0.03389   <S**2>: 2.002
--------------------------------------------------------------------
TDMs with Singlet 'Ground' state
TDMX:-0.000   TDMY:-0.000   TDMZ:-0.000   Oscillator Strength:0.00000   <S**2>: 2.002
--------------------------------------------------------------------


State 252 5.243 eV 
Excitation    CI Coef
|3^HS2_14>    0.05612
|3^HS2_12>   -0.06923
|3^HS2_11>    0.05396
|3^HS2_10>    0.05197
|3^HS2_9>    0.08149
|3^HS2_7>   -0.08544
|3^HS2_1>    0.05635
|3^SL1_16'>   -0.09498
|3^SL1_17'>   -0.06553
|3^SL2_2'>    0.08927
|3^SL2_8'>   -0.10665
|3^SL2_12'>    0.09984
|3^SL2_15'>    0.06504
|3^SL2_16'>   -0.12935
|3^SL2_17'>   -0.13386
|3^SL2_18'>    0.10334
|3^SL2_19'>   -0.05133
|3^SL2_21'>    0.05031
|3^SL2_27'>    0.05521
|3^HL1_111'>   -0.10047
|3^HL1_114'>    0.13255
|3^HL1_102'>   -0.07619
|3^HL1_104'>   -0.13587
|3^HL1_92'>   -0.14517
|3^HL1_94'>   -0.08123
|3^HL1_95'>    0.08029
|3^HL1_81'>    0.16768
|3^HL1_82'>   -0.06937
|3^HL1_84'>   -0.06109
|3^HL1_611'>   -0.12192
|3^HL1_22'>    0.05786
|3^HL1_216'>    0.06998
|3^HL1_15'>    0.09171
|3^HL2_104'>   -0.05461
|3^HL2_611'>   -0.21952
|3^HL2_612'>    0.07159
|3^HL3_264'>   -0.07224
|3^HL3_245'>   -0.05333
|3^HL3_232'>    0.05223
|3^HL3_234'>    0.06276
|3^HL3_224'>   -0.05448
|3^HL3_225'>    0.05176
|3^HL3_226'>   -0.05317
|3^HL3_218'>    0.05313
|3^HL3_182'>    0.07831
|3^HL3_186'>   -0.06241
|3^HL3_188'>   -0.08527
|3^HL3_162'>   -0.07475
|3^HL3_165'>    0.05022
|3^HL3_168'>    0.07138
|3^HL3_1510'>    0.05740
|3^HL3_132'>    0.10649
|3^HL3_135'>   -0.10009
|3^HL3_136'>    0.05181
|3^HL3_138'>   -0.06175
|3^HL3_121'>   -0.07029
|3^HL3_124'>    0.06171
|3^HL3_1215'>    0.05056
|3^HL3_111'>    0.06661
|3^HL3_115'>    0.10209
|3^HL3_116'>    0.07374
|3^HL3_101'>   -0.22092
|3^HL3_105'>   -0.13439
|3^HL3_1020'>    0.06147
|3^HL3_92'>   -0.10586
|3^HL3_94'>   -0.12423
|3^HL3_95'>    0.09652
|3^HL3_81'>    0.11921
|3^HL3_82'>   -0.25589
|3^HL3_85'>    0.08936
|3^HL3_86'>   -0.08990
|3^HL3_88'>    0.05554
|3^HL3_62'>   -0.08692
|3^HL3_612'>    0.05858
|3^HL3_322'>   -0.05062
|3^HL3_22'>    0.05642
|3^HL3_211'>   -0.06156
|3^HL3_212'>    0.05656
|3^HL3_15'>    0.14425
|3^HL3_18'>   -0.09731
|3^HL3_118'>    0.07919
TDMs with Triplet 'Ground' state
TDMX:-0.257   TDMY:-0.074   TDMZ:0.215   Oscillator Strength:0.01482   <S**2>: 2.001
--------------------------------------------------------------------
TDMs with Singlet 'Ground' state
TDMX:0.000   TDMY:0.000   TDMZ:0.000   Oscillator Strength:0.00000   <S**2>: 2.001
--------------------------------------------------------------------


State 253 5.252 eV 
Excitation    CI Coef
|3^HS2_14>    0.06778
|3^HS2_11>   -0.07602
|3^HS2_10>    0.06397
|3^HS2_9>    0.06529
|3^HS2_8>    0.08538
|3^HS2_7>   -0.06388
|3^SL1_5'>    0.20191
|3^SL1_6'>   -0.20946
|3^SL1_8'>   -0.08221
|3^SL1_12'>   -0.07537
|3^SL1_15'>    0.10000
|3^SL1_16'>    0.06097
|3^SL1_17'>    0.07020
|3^SL1_18'>    0.07055
|3^SL2_6'>    0.15351
|3^SL2_8'>   -0.06956
|3^SL2_15'>    0.05788
|3^SL2_16'>    0.07854
|3^SL2_17'>    0.10367
|3^HL1_121'>   -0.08639
|3^HL1_122'>   -0.06281
|3^HL1_124'>    0.09923
|3^HL1_127'>   -0.06078
|3^HL1_111'>    0.14508
|3^HL1_112'>    0.12253
|3^HL1_114'>   -0.12252
|3^HL1_116'>    0.06489
|3^HL1_101'>   -0.09674
|3^HL1_102'>   -0.12058
|3^HL1_104'>    0.06685
|3^HL1_91'>    0.06775
|3^HL1_94'>   -0.06822
|3^HL1_96'>    0.06228
|3^HL1_81'>   -0.18592
|3^HL1_82'>   -0.10460
|3^HL1_84'>    0.17725
|3^HL1_86'>   -0.06920
|3^HL1_87'>   -0.08032
|3^HL1_79'>    0.21401
|3^HL1_710'>   -0.14501
|3^HL1_513'>   -0.12317
|3^HL1_32'>   -0.10258
|3^HL1_212'>   -0.07118
|3^HL1_14'>    0.10704
|3^HL1_15'>    0.15976
|3^HL1_16'>    0.08992
|3^HL1_17'>   -0.10582
|3^HL2_137'>   -0.05415
|3^HL2_127'>   -0.06334
|3^HL2_114'>    0.06041
|3^HL2_101'>    0.06490
|3^HL2_104'>   -0.11261
|3^HL2_106'>    0.06428
|3^HL2_1015'>   -0.05426
|3^HL2_84'>    0.06118
|3^HL2_79'>    0.06029
|3^HL2_611'>    0.05744
|3^HL2_414'>    0.09165
|3^HL2_11'>   -0.11967
|3^HL2_12'>   -0.09935
|3^HL2_14'>    0.05777
|3^HL2_118'>    0.07082
|3^HL3_1612'>    0.05589
|3^HL3_132'>    0.08425
|3^HL3_134'>    0.05102
|3^HL3_112'>    0.06449
|3^HL3_1117'>   -0.05121
|3^HL3_105'>    0.05863
|3^HL3_106'>   -0.05553
|3^HL3_92'>   -0.06561
|3^HL3_912'>    0.06366
|3^HL3_82'>   -0.10413
|3^HL3_812'>    0.06136
|3^HL3_32'>   -0.12372
|3^HL3_34'>    0.05606
|3^HL3_35'>   -0.06069
|3^HL3_21'>   -0.05075
|3^HL3_22'>   -0.10392
|3^HL3_212'>    0.07885
|3^HL3_216'>   -0.05661
|3^HL3_121'>   -0.05230
TDMs with Triplet 'Ground' state
TDMX:0.092   TDMY:0.310   TDMZ:-1.041   Oscillator Strength:0.14969   <S**2>: 2.001
--------------------------------------------------------------------
TDMs with Singlet 'Ground' state
TDMX:-0.000   TDMY:0.000   TDMZ:0.000   Oscillator Strength:0.00000   <S**2>: 2.001
--------------------------------------------------------------------


State 254 5.266 eV 
Excitation    CI Coef
|3^HS2_18>   -0.11666
|3^HS2_17>    0.06263
|3^HS2_16>    0.10734
|3^HS2_14>    0.08441
|3^HS2_13>    0.07208
|3^HS2_12>    0.14380
|3^HS2_11>    0.07307
|3^HS2_1>   -0.07134
|3^SL1_4'>    0.05670
|3^SL1_5'>    0.14265
|3^SL1_6'>   -0.10482
|3^SL1_8'>    0.06303
|3^SL2_5'>   -0.07255
|3^SL2_8'>    0.15205
|3^SL2_18'>   -0.08729
|3^SL2_22'>   -0.05059
|3^HL1_134'>   -0.05418
|3^HL1_121'>    0.06062
|3^HL1_122'>    0.08761
|3^HL1_126'>    0.07448
|3^HL1_111'>   -0.10837
|3^HL1_112'>    0.06607
|3^HL1_114'>    0.20912
|3^HL1_104'>   -0.21204
|3^HL1_91'>   -0.06007
|3^HL1_92'>   -0.20724
|3^HL1_81'>    0.25384
|3^HL1_84'>   -0.16567
|3^HL1_88'>    0.07228
|3^HL1_79'>    0.05016
|3^HL1_14'>    0.05528
|3^HL1_17'>    0.06865
|3^HL1_18'>   -0.11389
|3^HL2_611'>   -0.10352
|3^HL2_11'>   -0.07752
|3^HL3_264'>    0.06642
|3^HL3_232'>   -0.05179
|3^HL3_234'>   -0.06351
|3^HL3_238'>    0.05721
|3^HL3_222'>    0.07586
|3^HL3_224'>    0.06084
|3^HL3_225'>   -0.06519
|3^HL3_215'>   -0.05657
|3^HL3_182'>   -0.06855
|3^HL3_188'>    0.05339
|3^HL3_162'>    0.06553
|3^HL3_165'>   -0.07159
|3^HL3_1616'>   -0.05265
|3^HL3_1412'>   -0.08447
|3^HL3_134'>   -0.06920
|3^HL3_135'>    0.08198
|3^HL3_138'>    0.07854
|3^HL3_1315'>    0.06572
|3^HL3_121'>    0.09140
|3^HL3_124'>   -0.07583
|3^HL3_115'>    0.07545
|3^HL3_116'>   -0.10174
|3^HL3_1118'>    0.07074
|3^HL3_1120'>    0.05722
|3^HL3_105'>   -0.05149
|3^HL3_1020'>   -0.05295
|3^HL3_91'>   -0.05753
|3^HL3_94'>    0.10910
|3^HL3_98'>    0.05285
|3^HL3_81'>    0.22366
|3^HL3_82'>    0.10659
|3^HL3_86'>    0.11706
|3^HL3_32'>   -0.07870
|3^HL3_324'>   -0.05442
|3^HL3_223'>    0.06083
|3^HL3_15'>   -0.15958
|3^HL3_18'>    0.13436
|3^HL3_120'>    0.05405
TDMs with Triplet 'Ground' state
TDMX:-0.314   TDMY:0.220   TDMZ:0.486   Oscillator Strength:0.04835   <S**2>: 2.002
--------------------------------------------------------------------
TDMs with Singlet 'Ground' state
TDMX:-0.000   TDMY:0.000   TDMZ:0.000   Oscillator Strength:0.00000   <S**2>: 2.002
--------------------------------------------------------------------


State 255 5.267 eV 
Excitation    CI Coef
|1^HS1_24>    0.09272
|1^HS1_23>   -0.05618
|1^HS1_21>    0.06896
|1^HS1_18>   -0.05224
|1^HS1_16>    0.05018
|1^HS1_13>    0.08189
|1^HS1_12>    0.16338
|1^HS1_11>    0.19164
|1^HS1_10>    0.11934
|1^HS1_9>   -0.10992
|1^HS1_8>   -0.06725
|1^HS1_6>   -0.11305
|1^HS1_1>   -0.09675
|1^HS2_23>    0.09492
|1^HS2_21>    0.11587
|1^HS2_17>    0.08187
|1^HS2_16>    0.14581
|1^HS2_14>    0.06106
|1^HS2_13>    0.06700
|1^HS2_12>    0.06988
|1^HS2_11>    0.16090
|1^HS2_10>    0.10388
|1^HS2_9>   -0.07646
|1^HS2_8>   -0.05604
|1^HS2_1>    0.07927
|1^SL1_5'>   -0.07175
|1^SL1_6'>   -0.17318
|1^SL1_8'>    0.11384
|1^SL1_15'>    0.13040
|1^SL1_23'>    0.06891
|1^SL1_25'>   -0.05392
|1^SL2_5'>    0.06176
|1^SL2_6'>    0.07446
|1^SL2_7'>   -0.09003
|1^SL2_8'>   -0.05492
|1^SL2_15'>   -0.07254
|1^SL2_18'>   -0.06207
|1^SL2_22'>    0.08268
|1^SL2_24'>   -0.07625
|1^SL2_27'>    0.05089
|1^HL1_12'>    0.06797
|1^HL2_408'>    0.07557
|1^HL2_242'>    0.06035
|1^HL2_248'>    0.07425
|1^HL2_235'>   -0.11902
|1^HL2_238'>    0.09275
|1^HL2_222'>    0.05280
|1^HL2_212'>    0.10940
|1^HL2_215'>   -0.06474
|1^HL2_216'>   -0.07493
|1^HL2_2117'>    0.05527
|1^HL2_1815'>    0.06641
|1^HL2_1817'>   -0.05164
|1^HL2_1820'>   -0.05433
|1^HL2_1826'>    0.05799
|1^HL2_172'>   -0.05897
|1^HL2_176'>    0.06234
|1^HL2_177'>    0.06053
|1^HL2_1710'>    0.05767
|1^HL2_1715'>    0.05320
|1^HL2_165'>   -0.09087
|1^HL2_1616'>   -0.05968
|1^HL2_1510'>   -0.05150
|1^HL2_1412'>   -0.08942
|1^HL2_132'>    0.09224
|1^HL2_134'>    0.06945
|1^HL2_138'>    0.08840
|1^HL2_1318'>   -0.05998
|1^HL2_126'>   -0.05649
|1^HL2_128'>   -0.07023
|1^HL2_111'>    0.11451
|1^HL2_1115'>    0.05097
|1^HL2_101'>   -0.16372
|1^HL2_102'>    0.05044
|1^HL2_105'>   -0.10508
|1^HL2_98'>    0.11029
|1^HL2_918'>    0.08258
|1^HL2_923'>    0.05281
|1^HL2_81'>    0.13874
|1^HL2_87'>   -0.11168
|1^HL2_72'>    0.09061
|1^HL2_310'>    0.08422
|1^HL2_322'>    0.05820
|1^HL2_223'>    0.06974
|1^HL2_11'>    0.05104
|1^HL2_14'>   -0.07468
|1^HL2_15'>    0.17077
|1^HL2_17'>   -0.12267
|1^HL2_18'>    0.07642
|1^HL2_115'>    0.09929
|1^HL2_117'>   -0.06337
|1^HL2_118'>    0.11841
|1^HL2_121'>   -0.12403
TDMs with Triplet 'Ground' state
TDMX:-0.000   TDMY:0.000   TDMZ:0.000   Oscillator Strength:0.00000   <S**2>: 0.000
--------------------------------------------------------------------
TDMs with Singlet 'Ground' state
TDMX:0.032   TDMY:-0.917   TDMZ:-0.498   Oscillator Strength:0.14076   <S**2>: 0.000
--------------------------------------------------------------------


State 256 5.275 eV 
Excitation    CI Coef
|3^HS2_18>    0.10430
|3^HS2_16>   -0.07571
|3^HS2_13>   -0.07725
|3^HS2_9>   -0.07688
|3^HS2_8>   -0.06400
|3^SL1_5'>    0.14198
|3^SL1_6'>    0.10041
|3^SL1_7'>   -0.08140
|3^SL1_8'>    0.09723
|3^SL1_15'>   -0.08293
|3^SL1_16'>    0.09875
|3^SL1_17'>    0.18393
|3^SL1_18'>    0.09780
|3^SL2_8'>   -0.09662
|3^SL2_12'>   -0.08544
|3^SL2_15'>    0.05086
|3^SL2_16'>    0.12681
|3^HL1_132'>   -0.05733
|3^HL1_122'>    0.11196
|3^HL1_124'>    0.08949
|3^HL1_111'>   -0.08055
|3^HL1_112'>    0.18846
|3^HL1_114'>    0.15310
|3^HL1_115'>   -0.06380
|3^HL1_118'>   -0.05113
|3^HL1_101'>    0.06771
|3^HL1_105'>   -0.07840
|3^HL1_91'>    0.08857
|3^HL1_95'>   -0.05266
|3^HL1_96'>   -0.08818
|3^HL1_912'>    0.07457
|3^HL1_916'>   -0.05044
|3^HL1_81'>    0.12763
|3^HL1_84'>   -0.15497
|3^HL1_86'>   -0.05477
|3^HL1_88'>    0.08055
|3^HL1_79'>   -0.05386
|3^HL1_611'>    0.17841
|3^HL1_414'>   -0.07992
|3^HL1_22'>   -0.08831
|3^HL1_212'>   -0.10535
|3^HL1_215'>   -0.07623
|3^HL1_216'>   -0.11169
|3^HL1_217'>   -0.05407
|3^HL1_14'>    0.05556
|3^HL1_15'>    0.13578
|3^HL1_16'>   -0.08260
|3^HL1_17'>    0.05831
|3^HL1_18'>   -0.09631
|3^HL2_611'>    0.17068
|3^HL2_414'>    0.08726
|3^HL3_264'>   -0.05248
|3^HL3_234'>    0.05466
|3^HL3_228'>    0.05319
|3^HL3_212'>   -0.06783
|3^HL3_214'>   -0.06267
|3^HL3_215'>    0.05294
|3^HL3_218'>    0.10042
|3^HL3_182'>    0.07188
|3^HL3_185'>   -0.06662
|3^HL3_188'>   -0.13137
|3^HL3_165'>    0.05055
|3^HL3_168'>    0.14085
|3^HL3_132'>    0.06230
|3^HL3_138'>   -0.12736
|3^HL3_1315'>   -0.05101
|3^HL3_121'>   -0.07365
|3^HL3_122'>   -0.05644
|3^HL3_124'>    0.06481
|3^HL3_125'>    0.05870
|3^HL3_111'>   -0.06311
|3^HL3_116'>    0.05894
|3^HL3_1115'>   -0.07355
|3^HL3_1117'>    0.06164
|3^HL3_1020'>    0.05007
|3^HL3_91'>    0.09976
|3^HL3_92'>    0.08716
|3^HL3_94'>   -0.07716
|3^HL3_81'>    0.07064
|3^HL3_82'>    0.05232
|3^HL3_86'>   -0.05012
|3^HL3_88'>    0.10924
|3^HL3_815'>    0.05668
|3^HL3_817'>   -0.06434
|3^HL3_818'>   -0.07171
|3^HL3_62'>    0.05118
|3^HL3_22'>   -0.11350
|3^HL3_14'>    0.05382
|3^HL3_18'>   -0.17754
|3^HL3_117'>    0.05740
|3^HL3_118'>    0.06388
|3^HL3_120'>    0.06572
TDMs with Triplet 'Ground' state
TDMX:0.325   TDMY:1.072   TDMZ:0.158   Oscillator Strength:0.16197   <S**2>: 2.060
--------------------------------------------------------------------
TDMs with Singlet 'Ground' state
TDMX:-0.000   TDMY:0.000   TDMZ:0.000   Oscillator Strength:0.00000   <S**2>: 2.060
--------------------------------------------------------------------


State 257 5.276 eV 
Excitation    CI Coef
|5^HL_405'>    0.05652
|5^HL_408'>   -0.07420
|5^HL_305'>   -0.05341
|5^HL_262'>    0.12690
|5^HL_2615'>    0.05484
|5^HL_2617'>   -0.05247
|5^HL_241'>   -0.05960
|5^HL_245'>    0.14979
|5^HL_247'>   -0.05128
|5^HL_248'>   -0.07821
|5^HL_232'>   -0.22968
|5^HL_234'>   -0.05263
|5^HL_236'>    0.09980
|5^HL_237'>    0.05034
|5^HL_238'>   -0.08770
|5^HL_222'>   -0.14469
|5^HL_224'>    0.06180
|5^HL_225'>   -0.05409
|5^HL_226'>    0.12010
|5^HL_2215'>    0.05277
|5^HL_2217'>   -0.11952
|5^HL_2227'>    0.07555
|5^HL_214'>   -0.09028
|5^HL_215'>    0.23300
|5^HL_2118'>   -0.10026
|5^HL_2126'>    0.07866
|5^HL_202'>   -0.06984
|5^HL_204'>   -0.05716
|5^HL_205'>    0.06233
|5^HL_185'>   -0.07464
|5^HL_1815'>   -0.08086
|5^HL_1817'>    0.07637
|5^HL_1820'>    0.09313
|5^HL_1826'>   -0.05535
|5^HL_175'>   -0.07768
|5^HL_1617'>   -0.08266
|5^HL_1620'>   -0.05664
|5^HL_134'>   -0.09271
|5^HL_135'>    0.06799
|5^HL_138'>   -0.07940
|5^HL_1316'>   -0.05407
|5^HL_1318'>    0.09365
|5^HL_1321'>    0.08036
|5^HL_121'>    0.09467
|5^HL_122'>   -0.05644
|5^HL_124'>   -0.10285
|5^HL_128'>    0.05205
|5^HL_1215'>   -0.05236
|5^HL_1217'>    0.08896
|5^HL_111'>   -0.21263
|5^HL_114'>   -0.05274
|5^HL_1118'>    0.06471
|5^HL_101'>    0.22918
|5^HL_102'>   -0.06357
|5^HL_105'>    0.15578
|5^HL_1019'>   -0.05597
|5^HL_1021'>    0.08137
|5^HL_91'>   -0.07215
|5^HL_92'>    0.12232
|5^HL_94'>    0.09767
|5^HL_97'>    0.06705
|5^HL_98'>   -0.10081
|5^HL_915'>    0.06557
|5^HL_917'>   -0.06934
|5^HL_920'>    0.05726
|5^HL_81'>    0.15160
|5^HL_84'>   -0.07673
|5^HL_85'>   -0.17285
|5^HL_86'>    0.05251
|5^HL_816'>    0.06406
|5^HL_818'>   -0.10877
|5^HL_819'>    0.06171
|5^HL_821'>   -0.08850
|5^HL_826'>    0.05439
|5^HL_11'>    0.05542
|5^HL_14'>   -0.07607
|5^HL_16'>    0.11065
|5^HL_17'>    0.14675
|5^HL_18'>   -0.16153
|5^HL_117'>   -0.08546
|5^HL_120'>    0.25082
TDMs with Triplet 'Ground' state
TDMX:0.019   TDMY:0.113   TDMZ:0.005   Oscillator Strength:0.00166   <S**2>: 5.937
--------------------------------------------------------------------
TDMs with Singlet 'Ground' state
TDMX:0.000   TDMY:0.000   TDMZ:-0.000   Oscillator Strength:0.00000   <S**2>: 5.937
--------------------------------------------------------------------


State 258 5.287 eV 
Excitation    CI Coef
|3^HS2_13>    0.07727
|3^HS2_12>    0.08865
|3^HS2_10>   -0.05410
|3^HS2_3>    0.07979
|3^SL1_5'>   -0.12142
|3^SL1_6'>    0.22070
|3^SL1_15'>   -0.07120
|3^SL1_16'>   -0.11450
|3^SL1_17'>    0.06127
|3^SL2_6'>   -0.09404
|3^SL2_7'>    0.06466
|3^SL2_8'>   -0.12063
|3^SL2_12'>    0.06254
|3^SL2_16'>   -0.13982
|3^SL2_17'>    0.08408
|3^SL2_18'>   -0.07021
|3^SL2_22'>   -0.06666
|3^HL1_121'>    0.08749
|3^HL1_124'>   -0.07610
|3^HL1_112'>   -0.06343
|3^HL1_116'>   -0.05731
|3^HL1_102'>    0.09569
|3^HL1_91'>   -0.05071
|3^HL1_92'>    0.16473
|3^HL1_94'>    0.08477
|3^HL1_81'>    0.17724
|3^HL1_85'>   -0.06172
|3^HL1_86'>    0.05001
|3^HL1_87'>   -0.06577
|3^HL1_79'>    0.23998
|3^HL1_710'>   -0.17429
|3^HL1_510'>   -0.09045
|3^HL1_513'>   -0.20891
|3^HL1_32'>   -0.14662
|3^HL1_34'>    0.06353
|3^HL1_313'>    0.05814
|3^HL1_212'>    0.06145
|3^HL1_11'>    0.05158
|3^HL1_14'>   -0.09158
|3^HL1_15'>   -0.10722
|3^HL1_17'>   -0.07719
|3^HL2_11'>   -0.06063
|3^HL2_15'>    0.05916
|3^HL3_212'>   -0.10130
|3^HL3_185'>   -0.09374
|3^HL3_188'>   -0.08271
|3^HL3_165'>    0.07096
|3^HL3_168'>    0.07111
|3^HL3_159'>    0.06276
|3^HL3_1510'>    0.09341
|3^HL3_1513'>    0.05385
|3^HL3_131'>    0.07564
|3^HL3_132'>    0.10286
|3^HL3_138'>   -0.09061
|3^HL3_114'>   -0.05695
|3^HL3_101'>    0.08735
|3^HL3_105'>    0.10820
|3^HL3_96'>    0.05370
|3^HL3_81'>   -0.08142
|3^HL3_84'>    0.05656
|3^HL3_87'>   -0.05915
|3^HL3_88'>    0.05993
|3^HL3_32'>   -0.21689
|3^HL3_34'>    0.06511
|3^HL3_35'>   -0.09889
|3^HL3_310'>    0.05196
|3^HL3_324'>   -0.08572
|3^HL3_11'>    0.05034
|3^HL3_16'>    0.05341
|3^HL3_18'>   -0.13900
|3^HL3_116'>   -0.06217
|3^HL3_118'>    0.07016
|3^HL3_120'>    0.05967
TDMs with Triplet 'Ground' state
TDMX:-0.675   TDMY:-0.982   TDMZ:-0.550   Oscillator Strength:0.21838   <S**2>: 2.007
--------------------------------------------------------------------
TDMs with Singlet 'Ground' state
TDMX:0.000   TDMY:-0.000   TDMZ:-0.000   Oscillator Strength:0.00000   <S**2>: 2.007
--------------------------------------------------------------------


State 259 5.302 eV 
Excitation    CI Coef
|3^HS2_14>    0.08901
|3^HS2_13>    0.05173
|3^HS2_5>   -0.07696
|3^HS2_3>   -0.07890
|3^SL1_2'>   -0.05509
|3^SL1_5'>   -0.10598
|3^SL1_6'>    0.19072
|3^SL1_11'>    0.09431
|3^SL1_12'>   -0.07305
|3^SL1_16'>    0.13092
|3^SL1_17'>    0.06338
|3^SL2_5'>    0.06370
|3^SL2_12'>   -0.05343
|3^SL2_15'>   -0.08239
|3^SL2_16'>    0.14905
|3^SL2_17'>    0.15487
|3^SL2_20'>    0.05017
|3^HL1_124'>   -0.06010
|3^HL1_111'>   -0.11744
|3^HL1_112'>   -0.08540
|3^HL1_102'>   -0.12456
|3^HL1_91'>   -0.06905
|3^HL1_95'>    0.09855
|3^HL1_96'>   -0.06731
|3^HL1_911'>   -0.08438
|3^HL1_81'>    0.13041
|3^HL1_84'>   -0.13520
|3^HL1_86'>    0.05152
|3^HL1_811'>   -0.05170
|3^HL1_62'>   -0.10199
|3^HL1_32'>    0.07500
|3^HL1_211'>   -0.05457
|3^HL1_16'>   -0.10731
|3^HL2_611'>    0.08354
|3^HL2_414'>    0.09205
|3^HL3_182'>   -0.06128
|3^HL3_1716'>    0.05210
|3^HL3_1612'>    0.06241
|3^HL3_1510'>   -0.08186
|3^HL3_1513'>   -0.12239
|3^HL3_1412'>   -0.07700
|3^HL3_1414'>   -0.06911
|3^HL3_131'>    0.06159
|3^HL3_134'>   -0.05278
|3^HL3_124'>   -0.07384
|3^HL3_1218'>   -0.05790
|3^HL3_115'>   -0.05043
|3^HL3_1115'>    0.05385
|3^HL3_1117'>   -0.06269
|3^HL3_102'>   -0.07551
|3^HL3_104'>   -0.05322
|3^HL3_105'>    0.06231
|3^HL3_91'>   -0.11134
|3^HL3_92'>   -0.08198
|3^HL3_911'>   -0.08509
|3^HL3_81'>   -0.13249
|3^HL3_82'>   -0.11097
|3^HL3_811'>   -0.07251
|3^HL3_812'>    0.06118
|3^HL3_815'>   -0.05295
|3^HL3_61'>   -0.09996
|3^HL3_62'>   -0.24601
|3^HL3_64'>   -0.05966
|3^HL3_65'>    0.08226
|3^HL3_612'>    0.13937
|3^HL3_616'>   -0.07765
|3^HL3_617'>   -0.05867
|3^HL3_524'>   -0.06894
|3^HL3_32'>    0.17433
|3^HL3_34'>   -0.05994
|3^HL3_35'>    0.07573
|3^HL3_324'>    0.07608
|3^HL3_211'>   -0.13542
|3^HL3_212'>    0.09731
|3^HL3_223'>    0.07038
|3^HL3_11'>    0.08442
|3^HL3_14'>   -0.05535
|3^HL3_15'>    0.05604
|3^HL3_121'>   -0.08858
TDMs with Triplet 'Ground' state
TDMX:0.118   TDMY:0.254   TDMZ:-0.461   Oscillator Strength:0.03700   <S**2>: 2.001
--------------------------------------------------------------------
TDMs with Singlet 'Ground' state
TDMX:-0.000   TDMY:0.000   TDMZ:-0.000   Oscillator Strength:0.00000   <S**2>: 2.001
--------------------------------------------------------------------


State 260 5.304 eV 
Excitation    CI Coef
|1^HS1_21>    0.08536
|1^HS1_18>    0.11128
|1^HS1_17>   -0.09681
|1^HS1_16>   -0.07488
|1^HS1_13>    0.11175
|1^HS1_10>   -0.08517
|1^HS1_6>    0.08007
|1^HS2_21>   -0.11151
|1^HS2_18>    0.06361
|1^HS2_17>    0.05669
|1^HS2_12>   -0.16711
|1^HS2_11>    0.06129
|1^HS2_10>   -0.17092
|1^HS2_9>    0.11548
|1^HS2_8>    0.06897
|1^HS2_3>    0.13003
|1^SL1_2'>   -0.07206
|1^SL1_5'>   -0.07772
|1^SL1_6'>   -0.07892
|1^SL1_16'>   -0.08200
|1^SL1_18'>    0.07442
|1^SL1_20'>   -0.05189
|1^SL1_25'>    0.05295
|1^SL2_2'>   -0.09462
|1^SL2_8'>    0.14015
|1^SL2_10'>   -0.05340
|1^SL2_15'>   -0.07737
|1^SL2_17'>    0.07727
|1^SL2_18'>   -0.16781
|1^SL2_19'>    0.07581
|1^SL2_21'>   -0.07385
|1^HL1_12'>    0.07521
|1^HL2_408'>   -0.05882
|1^HL2_264'>   -0.06887
|1^HL2_248'>   -0.05036
|1^HL2_234'>    0.06065
|1^HL2_238'>   -0.06668
|1^HL2_222'>    0.06086
|1^HL2_224'>   -0.06338
|1^HL2_225'>    0.06303
|1^HL2_212'>    0.06555
|1^HL2_215'>    0.09537
|1^HL2_202'>   -0.06136
|1^HL2_182'>    0.13391
|1^HL2_185'>   -0.05009
|1^HL2_186'>   -0.07243
|1^HL2_188'>   -0.11637
|1^HL2_162'>   -0.11084
|1^HL2_165'>    0.07014
|1^HL2_166'>    0.05090
|1^HL2_168'>    0.07456
|1^HL2_1412'>    0.10760
|1^HL2_132'>    0.15302
|1^HL2_135'>   -0.05664
|1^HL2_138'>   -0.13006
|1^HL2_1318'>    0.06102
|1^HL2_121'>   -0.05012
|1^HL2_1215'>    0.05595
|1^HL2_1217'>   -0.08280
|1^HL2_115'>    0.08530
|1^HL2_1120'>   -0.06575
|1^HL2_101'>   -0.12493
|1^HL2_105'>   -0.10684
|1^HL2_106'>    0.05167
|1^HL2_1017'>   -0.08324
|1^HL2_1018'>   -0.07245
|1^HL2_1019'>    0.05246
|1^HL2_1020'>    0.06773
|1^HL2_92'>   -0.07042
|1^HL2_94'>   -0.06564
|1^HL2_81'>    0.10431
|1^HL2_82'>   -0.22827
|1^HL2_86'>   -0.08243
|1^HL2_88'>    0.07842
|1^HL2_815'>    0.05328
|1^HL2_35'>   -0.07473
|1^HL2_315'>    0.05548
|1^HL2_21'>   -0.08077
|1^HL2_22'>   -0.08463
|1^HL2_25'>    0.06560
|1^HL2_212'>   -0.05719
|1^HL2_223'>   -0.07021
|1^HL2_225'>   -0.06737
|1^HL2_15'>    0.18355
|1^HL2_17'>    0.07992
|1^HL2_18'>   -0.19762
|1^HL2_116'>   -0.06618
|1^HL2_118'>    0.13385
TDMs with Triplet 'Ground' state
TDMX:-0.000   TDMY:-0.000   TDMZ:0.000   Oscillator Strength:0.00000   <S**2>: 0.000
--------------------------------------------------------------------
TDMs with Singlet 'Ground' state
TDMX:-0.079   TDMY:0.194   TDMZ:0.026   Oscillator Strength:0.00578   <S**2>: 0.000
--------------------------------------------------------------------


State 261 5.311 eV 
Excitation    CI Coef
|3^HS2_5>   -0.22509
|3^SL1_5'>   -0.10449
|3^SL1_6'>    0.06592
|3^SL1_8'>   -0.05605
|3^SL1_11'>   -0.11137
|3^SL1_13'>    0.06836
|3^SL2_6'>    0.05238
|3^SL2_13'>    0.17729
|3^SL2_15'>   -0.07166
|3^SL2_17'>    0.05449
|3^HL1_112'>    0.08537
|3^HL1_114'>    0.05506
|3^HL1_1111'>    0.05103
|3^HL1_1011'>    0.05106
|3^HL1_911'>    0.09729
|3^HL1_81'>    0.06478
|3^HL1_84'>   -0.09572
|3^HL1_811'>    0.05661
|3^HL1_61'>    0.06054
|3^HL1_62'>    0.13414
|3^HL1_65'>   -0.05853
|3^HL1_611'>   -0.05366
|3^HL1_55'>    0.06084
|3^HL1_211'>    0.05992
|3^HL1_16'>   -0.05686
|3^HL2_611'>   -0.06509
|3^HL2_510'>   -0.05282
|3^HL2_313'>    0.10167
|3^HL2_11'>   -0.07204
|3^HL3_3713'>    0.06851
|3^HL3_1813'>   -0.05287
|3^HL3_1713'>   -0.06518
|3^HL3_1611'>    0.05724
|3^HL3_1510'>   -0.05677
|3^HL3_1513'>   -0.40760
|3^HL3_1515'>   -0.05473
|3^HL3_1213'>    0.06218
|3^HL3_112'>    0.08641
|3^HL3_911'>    0.09010
|3^HL3_82'>   -0.10894
|3^HL3_811'>    0.08273
|3^HL3_815'>   -0.05600
|3^HL3_61'>    0.10421
|3^HL3_62'>    0.28899
|3^HL3_64'>    0.08498
|3^HL3_65'>   -0.10454
|3^HL3_612'>   -0.13850
|3^HL3_616'>    0.08009
|3^HL3_617'>    0.06048
|3^HL3_623'>    0.05561
|3^HL3_51'>   -0.05279
|3^HL3_55'>    0.06000
|3^HL3_522'>   -0.14073
|3^HL3_524'>   -0.24713
|3^HL3_313'>   -0.15496
|3^HL3_211'>    0.14902
|3^HL3_14'>   -0.05507
|3^HL3_15'>    0.13451
|3^HL3_121'>   -0.06311
TDMs with Triplet 'Ground' state
TDMX:0.257   TDMY:0.700   TDMZ:0.014   Oscillator Strength:0.07085   <S**2>: 2.027
--------------------------------------------------------------------
TDMs with Singlet 'Ground' state
TDMX:-0.000   TDMY:0.000   TDMZ:-0.000   Oscillator Strength:0.00000   <S**2>: 2.027
--------------------------------------------------------------------


State 262 5.313 eV 
Excitation    CI Coef
|3^HS2_8>   -0.06039
|3^HS2_5>   -0.22676
|3^HS2_3>    0.05006
|3^SL1_5'>    0.07874
|3^SL1_6'>   -0.06789
|3^SL1_8'>    0.05480
|3^SL1_11'>    0.09538
|3^SL1_13'>    0.07324
|3^SL2_13'>    0.17250
|3^SL2_15'>    0.09383
|3^SL2_17'>   -0.08663
|3^HL1_111'>    0.05469
|3^HL1_102'>    0.06620
|3^HL1_911'>   -0.08309
|3^HL1_84'>    0.11650
|3^HL1_61'>   -0.05257
|3^HL1_62'>   -0.11941
|3^HL1_65'>    0.05086
|3^HL1_55'>    0.06578
|3^HL1_16'>    0.09654
|3^HL2_515'>    0.05046
|3^HL2_313'>    0.09232
|3^HL2_11'>    0.06124
|3^HL3_3713'>    0.06951
|3^HL3_1813'>   -0.05943
|3^HL3_1713'>   -0.07412
|3^HL3_1611'>   -0.05507
|3^HL3_1510'>   -0.05970
|3^HL3_1513'>   -0.40950
|3^HL3_1515'>   -0.06374
|3^HL3_1414'>    0.06551
|3^HL3_132'>   -0.06381
|3^HL3_1213'>    0.05891
|3^HL3_1218'>    0.05927
|3^HL3_112'>   -0.05954
|3^HL3_1115'>   -0.05357
|3^HL3_1117'>    0.05923
|3^HL3_911'>   -0.07437
|3^HL3_82'>    0.13031
|3^HL3_811'>   -0.06973
|3^HL3_61'>   -0.09050
|3^HL3_62'>   -0.25226
|3^HL3_64'>   -0.07679
|3^HL3_65'>    0.09270
|3^HL3_612'>    0.11521
|3^HL3_616'>   -0.06672
|3^HL3_617'>   -0.05113
|3^HL3_51'>   -0.05234
|3^HL3_55'>    0.06612
|3^HL3_522'>   -0.14017
|3^HL3_524'>   -0.25203
|3^HL3_32'>   -0.09810
|3^HL3_313'>   -0.16057
|3^HL3_22'>    0.05326
|3^HL3_211'>   -0.12506
|3^HL3_11'>   -0.05262
|3^HL3_14'>    0.06438
|3^HL3_15'>   -0.10496
|3^HL3_121'>    0.07913
TDMs with Triplet 'Ground' state
TDMX:-0.579   TDMY:-0.606   TDMZ:-0.023   Oscillator Strength:0.08959   <S**2>: 2.012
--------------------------------------------------------------------
TDMs with Singlet 'Ground' state
TDMX:0.000   TDMY:-0.000   TDMZ:-0.000   Oscillator Strength:0.00000   <S**2>: 2.012
--------------------------------------------------------------------


State 263 5.317 eV 
Excitation    CI Coef
|1^OS>    0.05778
|1^HS1_24>   -0.05538
|1^HS1_13>   -0.09920
|1^HS1_9>   -0.07853
|1^HS1_8>   -0.10381
|1^HS1_6>    0.12224
|1^HS1_4>    0.09865
|1^HS1_2>    0.26586
|1^HS2_23>   -0.06029
|1^HS2_22>    0.05027
|1^HS2_14>   -0.07623
|1^HS2_13>   -0.07022
|1^HS2_6>   -0.06151
|1^HS2_3>    0.12171
|1^HS2_2>   -0.07821
|1^SL1_6'>   -0.15544
|1^SL1_16'>   -0.12749
|1^SL1_17'>   -0.12808
|1^SL1_18'>   -0.08353
|1^SL1_23'>    0.07001
|1^SL1_25'>    0.05187
|1^SL2_2'>    0.07401
|1^SL2_8'>   -0.07592
|1^SL2_16'>   -0.08613
|1^SL2_17'>   -0.09563
|1^HL2_264'>    0.07813
|1^HL2_234'>   -0.07755
|1^HL2_222'>    0.08068
|1^HL2_224'>    0.05002
|1^HL2_225'>   -0.06392
|1^HL2_1412'>    0.22512
|1^HL2_1415'>    0.07887
|1^HL2_1416'>    0.11839
|1^HL2_1417'>    0.05840
|1^HL2_131'>   -0.07026
|1^HL2_132'>   -0.11003
|1^HL2_138'>    0.06046
|1^HL2_124'>   -0.07468
|1^HL2_116'>   -0.05632
|1^HL2_1120'>    0.05877
|1^HL2_1020'>   -0.06998
|1^HL2_94'>    0.10160
|1^HL2_912'>   -0.06130
|1^HL2_925'>    0.05794
|1^HL2_81'>    0.08674
|1^HL2_82'>    0.08056
|1^HL2_86'>    0.09031
|1^HL2_65'>    0.06349
|1^HL2_41'>   -0.07996
|1^HL2_42'>   -0.09053
|1^HL2_44'>   -0.05324
|1^HL2_45'>    0.09435
|1^HL2_21'>   -0.20289
|1^HL2_22'>   -0.27549
|1^HL2_24'>   -0.15876
|1^HL2_25'>    0.25329
|1^HL2_26'>    0.07267
|1^HL2_28'>   -0.05254
|1^HL2_212'>   -0.21589
|1^HL2_215'>    0.05226
|1^HL2_223'>   -0.09179
|1^HL2_225'>   -0.18646
|1^HL2_15'>   -0.09595
|1^HL2_18'>    0.09374
|1^HL2_118'>   -0.10118
TDMs with Triplet 'Ground' state
TDMX:-0.000   TDMY:-0.000   TDMZ:0.000   Oscillator Strength:0.00000   <S**2>: 0.000
--------------------------------------------------------------------
TDMs with Singlet 'Ground' state
TDMX:0.387   TDMY:0.965   TDMZ:-0.367   Oscillator Strength:0.15823   <S**2>: 0.000
--------------------------------------------------------------------


State 264 5.318 eV 
Excitation    CI Coef
|5^HL_415'>   -0.05132
|5^HL_417'>    0.13435
|5^HL_408'>    0.11289
|5^HL_242'>    0.14859
|5^HL_247'>   -0.19917
|5^HL_248'>    0.10469
|5^HL_2417'>    0.05015
|5^HL_234'>    0.06328
|5^HL_235'>   -0.13291
|5^HL_237'>    0.13277
|5^HL_238'>    0.17037
|5^HL_225'>   -0.14654
|5^HL_227'>    0.11711
|5^HL_228'>    0.08006
|5^HL_2218'>    0.08612
|5^HL_212'>    0.10904
|5^HL_216'>   -0.16113
|5^HL_217'>   -0.08839
|5^HL_218'>    0.08939
|5^HL_2115'>   -0.05826
|5^HL_2117'>    0.12474
|5^HL_2120'>    0.08305
|5^HL_2127'>   -0.10209
|5^HL_185'>    0.09999
|5^HL_187'>    0.06542
|5^HL_1818'>   -0.10327
|5^HL_1821'>   -0.06348
|5^HL_1826'>    0.10551
|5^HL_175'>   -0.05116
|5^HL_176'>    0.06945
|5^HL_177'>    0.09214
|5^HL_1717'>   -0.05435
|5^HL_1718'>    0.05071
|5^HL_165'>   -0.10125
|5^HL_168'>    0.05067
|5^HL_1618'>    0.09581
|5^HL_1621'>    0.05729
|5^HL_1626'>   -0.08295
|5^HL_132'>   -0.11738
|5^HL_137'>   -0.12417
|5^HL_138'>    0.08806
|5^HL_1315'>    0.10373
|5^HL_1317'>   -0.05886
|5^HL_1320'>   -0.13299
|5^HL_1327'>    0.12296
|5^HL_121'>   -0.05720
|5^HL_124'>    0.13305
|5^HL_125'>   -0.05273
|5^HL_128'>   -0.07192
|5^HL_1221'>    0.07579
|5^HL_111'>   -0.06278
|5^HL_117'>   -0.09736
|5^HL_1115'>   -0.05602
|5^HL_102'>   -0.06232
|5^HL_106'>   -0.10042
|5^HL_107'>   -0.12399
|5^HL_91'>    0.08200
|5^HL_94'>   -0.12618
|5^HL_97'>    0.20102
|5^HL_98'>    0.20291
|5^HL_921'>   -0.05158
|5^HL_82'>   -0.14608
|5^HL_87'>   -0.05087
|5^HL_21'>    0.06201
|5^HL_14'>    0.10836
|5^HL_17'>    0.24477
|5^HL_18'>    0.23859
|5^HL_118'>    0.08689
|5^HL_121'>   -0.11938
TDMs with Triplet 'Ground' state
TDMX:-0.033   TDMY:-0.033   TDMZ:0.029   Oscillator Strength:0.00039   <S**2>: 5.929
--------------------------------------------------------------------
TDMs with Singlet 'Ground' state
TDMX:-0.000   TDMY:-0.000   TDMZ:0.000   Oscillator Strength:0.00000   <S**2>: 5.929
--------------------------------------------------------------------


State 265 5.323 eV 
Excitation    CI Coef
|1^HS1_24>    0.05760
|1^HS1_21>   -0.07307
|1^HS1_18>   -0.08315
|1^HS1_16>    0.06610
|1^HS1_13>    0.17433
|1^HS1_12>   -0.10228
|1^HS1_9>    0.08419
|1^HS1_8>    0.08642
|1^HS1_6>    0.07406
|1^HS1_4>    0.06377
|1^HS1_2>    0.16256
|1^HS1_1>   -0.06105
|1^HS2_23>    0.05600
|1^HS2_22>   -0.09662
|1^HS2_21>    0.05235
|1^HS2_16>    0.09473
|1^HS2_13>    0.13355
|1^HS2_11>   -0.09848
|1^HS2_10>    0.16532
|1^HS2_3>   -0.06775
|1^HS2_2>   -0.05238
|1^SL1_8'>    0.05074
|1^SL1_15'>   -0.13667
|1^SL1_16'>   -0.11349
|1^SL1_17'>    0.07049
|1^SL1_18'>    0.06927
|1^SL2_5'>    0.06135
|1^SL2_6'>   -0.05449
|1^SL2_8'>    0.07575
|1^SL2_17'>   -0.06026
|1^HL1_12'>    0.07074
|1^HL2_241'>   -0.05263
|1^HL2_245'>    0.05727
|1^HL2_235'>   -0.05967
|1^HL2_221'>   -0.06112
|1^HL2_222'>   -0.19983
|1^HL2_212'>   -0.05736
|1^HL2_201'>    0.05567
|1^HL2_202'>    0.08496
|1^HL2_182'>   -0.09779
|1^HL2_188'>   -0.05900
|1^HL2_168'>    0.06135
|1^HL2_1412'>    0.08158
|1^HL2_131'>    0.13078
|1^HL2_132'>    0.19141
|1^HL2_137'>    0.07562
|1^HL2_138'>   -0.06620
|1^HL2_122'>   -0.07826
|1^HL2_1215'>   -0.05606
|1^HL2_115'>   -0.11942
|1^HL2_1118'>   -0.05634
|1^HL2_101'>    0.13188
|1^HL2_102'>   -0.05442
|1^HL2_105'>    0.13028
|1^HL2_1018'>    0.08010
|1^HL2_1019'>   -0.05299
|1^HL2_95'>    0.05193
|1^HL2_918'>    0.05871
|1^HL2_81'>   -0.31082
|1^HL2_85'>    0.05663
|1^HL2_87'>   -0.10688
|1^HL2_818'>   -0.06809
|1^HL2_42'>   -0.05357
|1^HL2_45'>    0.05875
|1^HL2_21'>   -0.06666
|1^HL2_22'>   -0.15863
|1^HL2_24'>   -0.10113
|1^HL2_25'>    0.14725
|1^HL2_28'>   -0.05489
|1^HL2_212'>   -0.11852
|1^HL2_225'>   -0.06220
|1^HL2_14'>   -0.07232
|1^HL2_15'>    0.14269
|1^HL2_16'>   -0.05659
|1^HL2_17'>   -0.15895
|1^HL2_18'>   -0.10616
|1^HL2_115'>   -0.07835
|1^HL2_116'>   -0.05848
|1^HL2_117'>    0.09587
|1^HL2_118'>    0.12116
|1^HL2_121'>   -0.08349
TDMs with Triplet 'Ground' state
TDMX:0.000   TDMY:0.000   TDMZ:0.000   Oscillator Strength:0.00000   <S**2>: 0.000
--------------------------------------------------------------------
TDMs with Singlet 'Ground' state
TDMX:0.450   TDMY:0.583   TDMZ:-0.779   Oscillator Strength:0.14983   <S**2>: 0.000
--------------------------------------------------------------------


State 266 5.329 eV 
Excitation    CI Coef
|3^HS2_18>    0.09227
|3^HS2_11>    0.09152
|3^HS2_3>   -0.06068
|3^SL1_7'>   -0.05365
|3^SL1_15'>    0.08643
|3^SL2_6'>   -0.13471
|3^SL2_7'>    0.16263
|3^SL2_15'>    0.09264
|3^SL2_22'>    0.05377
|3^HL1_121'>    0.06807
|3^HL1_124'>   -0.07929
|3^HL1_112'>   -0.05534
|3^HL1_114'>   -0.10926
|3^HL1_101'>    0.10651
|3^HL1_104'>    0.08712
|3^HL1_91'>   -0.08024
|3^HL1_92'>    0.07366
|3^HL1_94'>    0.09120
|3^HL1_81'>   -0.17998
|3^HL1_82'>    0.06334
|3^HL1_611'>   -0.05979
|3^HL1_513'>    0.05334
|3^HL1_32'>    0.07929
|3^HL1_14'>   -0.05840
|3^HL1_16'>   -0.06373
|3^HL2_217'>    0.05039
|3^HL2_193'>    0.05112
|3^HL2_132'>   -0.05380
|3^HL2_137'>   -0.05243
|3^HL2_11'>   -0.16789
|3^HL2_14'>    0.07587
|3^HL2_15'>    0.07686
|3^HL2_118'>    0.08913
|3^HL3_232'>   -0.05933
|3^HL3_222'>    0.11943
|3^HL3_227'>    0.10252
|3^HL3_217'>   -0.11757
|3^HL3_202'>   -0.06573
|3^HL3_185'>   -0.06185
|3^HL3_187'>   -0.07599
|3^HL3_172'>    0.07118
|3^HL3_175'>    0.05162
|3^HL3_177'>    0.08969
|3^HL3_179'>   -0.05851
|3^HL3_1710'>   -0.06026
|3^HL3_1715'>   -0.05471
|3^HL3_165'>    0.07663
|3^HL3_167'>    0.08446
|3^HL3_1513'>   -0.08962
|3^HL3_1414'>    0.10378
|3^HL3_131'>   -0.06547
|3^HL3_132'>    0.11111
|3^HL3_134'>   -0.05447
|3^HL3_135'>    0.11611
|3^HL3_137'>    0.12857
|3^HL3_122'>    0.13389
|3^HL3_124'>   -0.05767
|3^HL3_125'>    0.05437
|3^HL3_112'>   -0.05753
|3^HL3_115'>    0.05981
|3^HL3_101'>   -0.08868
|3^HL3_105'>   -0.10422
|3^HL3_81'>    0.25838
|3^HL3_84'>   -0.06945
|3^HL3_87'>   -0.13716
|3^HL3_815'>    0.06242
|3^HL3_42'>   -0.06457
|3^HL3_425'>   -0.06391
|3^HL3_31'>   -0.05770
|3^HL3_32'>    0.15781
|3^HL3_35'>    0.05862
|3^HL3_324'>    0.06230
|3^HL3_21'>   -0.05500
|3^HL3_15'>   -0.05887
|3^HL3_17'>   -0.19588
|3^HL3_18'>   -0.05191
|3^HL3_115'>    0.13455
|3^HL3_117'>   -0.10439
|3^HL3_118'>    0.07479
|3^HL3_120'>    0.05629
TDMs with Triplet 'Ground' state
TDMX:0.098   TDMY:-0.149   TDMZ:-0.380   Oscillator Strength:0.02250   <S**2>: 2.002
--------------------------------------------------------------------
TDMs with Singlet 'Ground' state
TDMX:0.000   TDMY:0.000   TDMZ:-0.000   Oscillator Strength:0.00000   <S**2>: 2.002
--------------------------------------------------------------------


State 267 5.331 eV 
Excitation    CI Coef
|5^HL_61'>   -0.11107
|5^HL_64'>    0.06897
|5^HL_21'>   -0.83785
|5^HL_22'>    0.30187
|5^HL_24'>    0.36584
|5^HL_25'>    0.10407
|5^HL_26'>    0.09739
|5^HL_28'>   -0.05896
TDMs with Triplet 'Ground' state
TDMX:0.001   TDMY:0.001   TDMZ:-0.002   Oscillator Strength:0.00000   <S**2>: 5.998
--------------------------------------------------------------------
TDMs with Singlet 'Ground' state
TDMX:-0.000   TDMY:-0.000   TDMZ:-0.000   Oscillator Strength:0.00000   <S**2>: 5.998
--------------------------------------------------------------------


State 268 5.334 eV 
Excitation    CI Coef
|3^HS2_4>   -0.09461
|3^SL1_5'>    0.10979
|3^SL1_8'>    0.07116
|3^SL1_11'>   -0.05406
|3^SL1_14'>    0.20382
|3^SL2_14'>   -0.06848
|3^SL2_15'>    0.08671
|3^HL1_124'>   -0.07088
|3^HL1_112'>   -0.16764
|3^HL1_114'>   -0.05454
|3^HL1_101'>   -0.08675
|3^HL1_104'>   -0.05793
|3^HL1_91'>   -0.10713
|3^HL1_92'>   -0.07233
|3^HL1_96'>    0.06008
|3^HL1_911'>    0.05348
|3^HL1_84'>    0.13206
|3^HL1_86'>    0.05979
|3^HL1_88'>   -0.06274
|3^HL1_62'>    0.07525
|3^HL1_611'>   -0.05990
|3^HL1_42'>    0.09771
|3^HL1_412'>    0.06006
|3^HL1_214'>   -0.08473
|3^HL1_11'>    0.05165
|3^HL1_16'>    0.10711
|3^HL1_18'>    0.07177
|3^HL2_101'>   -0.05948
|3^HL2_104'>    0.08137
|3^HL2_412'>    0.09596
|3^HL2_414'>    0.08671
|3^HL2_415'>    0.06478
|3^HL2_416'>    0.08810
|3^HL2_214'>    0.14012
|3^HL2_11'>    0.07743
|3^HL2_12'>    0.06801
|3^HL3_3614'>   -0.06647
|3^HL3_168'>    0.05335
|3^HL3_1513'>   -0.06210
|3^HL3_1414'>   -0.42840
|3^HL3_111'>   -0.05258
|3^HL3_112'>   -0.11145
|3^HL3_1114'>    0.05889
|3^HL3_92'>   -0.07251
|3^HL3_95'>    0.05290
|3^HL3_815'>    0.05741
|3^HL3_817'>   -0.05267
|3^HL3_61'>    0.05912
|3^HL3_62'>    0.15421
|3^HL3_65'>   -0.05487
|3^HL3_612'>   -0.05434
|3^HL3_41'>    0.08016
|3^HL3_42'>    0.19866
|3^HL3_45'>   -0.06527
|3^HL3_412'>    0.12343
|3^HL3_414'>    0.05505
|3^HL3_423'>    0.11549
|3^HL3_425'>    0.25771
|3^HL3_32'>    0.06895
|3^HL3_211'>    0.06923
|3^HL3_214'>    0.17595
|3^HL3_15'>   -0.10758
|3^HL3_121'>    0.05041
TDMs with Triplet 'Ground' state
TDMX:-0.012   TDMY:-0.038   TDMZ:0.043   Oscillator Strength:0.00045   <S**2>: 2.011
--------------------------------------------------------------------
TDMs with Singlet 'Ground' state
TDMX:0.000   TDMY:-0.000   TDMZ:-0.000   Oscillator Strength:0.00000   <S**2>: 2.011
--------------------------------------------------------------------


State 269 5.339 eV 
Excitation    CI Coef
|3^HS2_18>   -0.05005
|3^HS2_14>    0.05397
|3^HS2_10>    0.08086
|3^HS2_4>    0.07953
|3^SL1_5'>    0.14304
|3^SL1_8'>    0.08881
|3^SL1_14'>   -0.15579
|3^SL1_17'>    0.05665
|3^SL2_8'>    0.05712
|3^SL2_14'>    0.05702
|3^SL2_15'>    0.05976
|3^HL1_124'>   -0.05003
|3^HL1_112'>   -0.15182
|3^HL1_101'>   -0.10119
|3^HL1_102'>   -0.08618
|3^HL1_104'>   -0.07478
|3^HL1_91'>   -0.09331
|3^HL1_92'>   -0.08282
|3^HL1_95'>    0.07151
|3^HL1_911'>    0.05627
|3^HL1_81'>    0.06383
|3^HL1_84'>    0.09431
|3^HL1_86'>    0.05070
|3^HL1_88'>   -0.06740
|3^HL1_62'>    0.06968
|3^HL1_611'>   -0.11030
|3^HL1_41'>   -0.05054
|3^HL1_42'>   -0.10950
|3^HL1_412'>   -0.06927
|3^HL1_21'>   -0.05787
|3^HL1_16'>    0.06501
|3^HL1_18'>    0.06115
|3^HL2_193'>   -0.05764
|3^HL2_132'>    0.05793
|3^HL2_138'>   -0.05809
|3^HL2_104'>    0.05759
|3^HL2_91'>    0.05846
|3^HL2_611'>   -0.07972
|3^HL2_412'>   -0.10186
|3^HL2_415'>   -0.05672
|3^HL2_416'>   -0.08507
|3^HL2_214'>   -0.11948
|3^HL2_11'>    0.19465
|3^HL2_14'>   -0.08454
|3^HL2_15'>   -0.08706
|3^HL2_118'>   -0.09509
|3^HL3_3614'>    0.05371
|3^HL3_218'>    0.05327
|3^HL3_168'>    0.06323
|3^HL3_1611'>    0.05075
|3^HL3_1412'>   -0.08064
|3^HL3_1414'>    0.34147
|3^HL3_112'>   -0.08197
|3^HL3_101'>    0.05781
|3^HL3_102'>   -0.07890
|3^HL3_105'>    0.10103
|3^HL3_91'>   -0.05303
|3^HL3_92'>   -0.06300
|3^HL3_95'>    0.06666
|3^HL3_98'>    0.06066
|3^HL3_81'>   -0.12903
|3^HL3_88'>    0.06018
|3^HL3_61'>    0.05198
|3^HL3_62'>    0.14429
|3^HL3_65'>   -0.05229
|3^HL3_612'>   -0.05488
|3^HL3_41'>   -0.07904
|3^HL3_42'>   -0.21280
|3^HL3_44'>   -0.05802
|3^HL3_45'>    0.07032
|3^HL3_412'>   -0.10270
|3^HL3_423'>   -0.08621
|3^HL3_425'>   -0.20972
|3^HL3_32'>    0.05971
|3^HL3_211'>    0.06130
|3^HL3_212'>    0.09029
|3^HL3_214'>   -0.10749
|3^HL3_15'>   -0.05448
|3^HL3_117'>    0.05382
TDMs with Triplet 'Ground' state
TDMX:-0.055   TDMY:-0.042   TDMZ:0.051   Oscillator Strength:0.00096   <S**2>: 2.042
--------------------------------------------------------------------
TDMs with Singlet 'Ground' state
TDMX:0.000   TDMY:0.000   TDMZ:-0.000   Oscillator Strength:0.00000   <S**2>: 2.042
--------------------------------------------------------------------


State 270 5.340 eV 
Excitation    CI Coef
|5^HL_417'>   -0.10826
|5^HL_408'>    0.12012
|5^HL_262'>    0.09732
|5^HL_247'>    0.14804
|5^HL_248'>    0.13925
|5^HL_232'>   -0.06788
|5^HL_237'>   -0.13744
|5^HL_238'>    0.16557
|5^HL_227'>   -0.09936
|5^HL_228'>    0.07132
|5^HL_2220'>    0.06298
|5^HL_215'>   -0.09036
|5^HL_218'>    0.11407
|5^HL_2118'>    0.08149
|5^HL_182'>   -0.16057
|5^HL_186'>    0.08125
|5^HL_187'>   -0.06252
|5^HL_1817'>   -0.06936
|5^HL_1827'>    0.06936
|5^HL_177'>   -0.07000
|5^HL_178'>   -0.06999
|5^HL_162'>    0.08452
|5^HL_166'>   -0.07289
|5^HL_168'>    0.05394
|5^HL_1617'>    0.06072
|5^HL_1620'>    0.05349
|5^HL_1627'>   -0.05690
|5^HL_134'>   -0.11016
|5^HL_135'>    0.21816
|5^HL_137'>    0.12091
|5^HL_138'>    0.12961
|5^HL_1318'>   -0.06791
|5^HL_1321'>   -0.06814
|5^HL_1326'>    0.13465
|5^HL_122'>   -0.08788
|5^HL_126'>   -0.06482
|5^HL_128'>   -0.06946
|5^HL_1215'>   -0.15476
|5^HL_1217'>    0.09599
|5^HL_1220'>    0.08743
|5^HL_1227'>   -0.12019
|5^HL_111'>   -0.22311
|5^HL_114'>   -0.05309
|5^HL_115'>   -0.06541
|5^HL_117'>    0.06950
|5^HL_1118'>    0.09453
|5^HL_1126'>   -0.06803
|5^HL_101'>    0.20638
|5^HL_105'>    0.12003
|5^HL_107'>    0.10106
|5^HL_108'>    0.07463
|5^HL_1019'>   -0.05179
|5^HL_1021'>    0.05326
|5^HL_92'>   -0.05579
|5^HL_97'>   -0.18707
|5^HL_98'>    0.18738
|5^HL_915'>    0.08274
|5^HL_917'>   -0.05462
|5^HL_927'>    0.05469
|5^HL_81'>    0.08496
|5^HL_816'>    0.08216
|5^HL_818'>   -0.14821
|5^HL_819'>    0.06559
|5^HL_821'>   -0.07637
|5^HL_21'>   -0.07805
|5^HL_12'>    0.11094
|5^HL_16'>   -0.07648
|5^HL_17'>   -0.23002
|5^HL_18'>    0.20335
|5^HL_120'>    0.14948
TDMs with Triplet 'Ground' state
TDMX:0.005   TDMY:0.004   TDMZ:-0.016   Oscillator Strength:0.00004   <S**2>: 5.950
--------------------------------------------------------------------
TDMs with Singlet 'Ground' state
TDMX:-0.000   TDMY:0.000   TDMZ:0.000   Oscillator Strength:0.00000   <S**2>: 5.950
--------------------------------------------------------------------


State 271 5.343 eV 
Excitation    CI Coef
|3^HS2_21>   -0.06504
|3^HS2_17>    0.05596
|3^SL1_6'>   -0.22610
|3^SL1_14'>    0.05375
|3^SL1_16'>   -0.06774
|3^SL2_5'>   -0.07190
|3^SL2_7'>    0.10131
|3^SL2_12'>    0.05694
|3^SL2_16'>   -0.12106
|3^SL2_18'>   -0.06784
|3^HL1_135'>   -0.05526
|3^HL1_112'>    0.06991
|3^HL1_101'>    0.06649
|3^HL1_104'>    0.06423
|3^HL1_91'>    0.05448
|3^HL1_92'>    0.08528
|3^HL1_84'>   -0.09270
|3^HL1_16'>   -0.14832
|3^HL1_18'>   -0.05069
|3^HL2_221'>    0.07956
|3^HL2_224'>   -0.09107
|3^HL2_225'>   -0.07652
|3^HL2_212'>    0.09395
|3^HL2_214'>   -0.06442
|3^HL2_216'>   -0.06293
|3^HL2_204'>    0.05086
|3^HL2_193'>   -0.07849
|3^HL2_188'>   -0.05051
|3^HL2_172'>   -0.05442
|3^HL2_132'>    0.07830
|3^HL2_137'>    0.06986
|3^HL2_138'>   -0.05392
|3^HL2_127'>    0.09688
|3^HL2_111'>   -0.06976
|3^HL2_114'>    0.07084
|3^HL2_116'>    0.07095
|3^HL2_118'>    0.05499
|3^HL2_101'>    0.10206
|3^HL2_102'>    0.07608
|3^HL2_104'>   -0.14424
|3^HL2_105'>   -0.05566
|3^HL2_106'>   -0.08715
|3^HL2_1015'>    0.09029
|3^HL2_1017'>   -0.07283
|3^HL2_91'>    0.08562
|3^HL2_92'>   -0.06195
|3^HL2_95'>   -0.07098
|3^HL2_81'>   -0.06913
|3^HL2_84'>    0.08774
|3^HL2_87'>    0.06549
|3^HL2_815'>   -0.06818
|3^HL2_817'>    0.06948
|3^HL2_611'>   -0.06883
|3^HL2_11'>    0.26509
|3^HL2_12'>   -0.18845
|3^HL2_14'>   -0.17217
|3^HL2_15'>   -0.13807
|3^HL2_16'>   -0.05280
|3^HL2_116'>    0.05185
|3^HL2_118'>   -0.16728
|3^HL2_121'>    0.06877
|3^HL3_227'>    0.08393
|3^HL3_212'>   -0.07372
|3^HL3_217'>   -0.10045
|3^HL3_185'>   -0.06714
|3^HL3_177'>    0.09600
|3^HL3_162'>    0.06669
|3^HL3_167'>    0.08137
|3^HL3_1414'>   -0.09751
|3^HL3_132'>    0.15580
|3^HL3_135'>    0.07800
|3^HL3_137'>    0.09935
|3^HL3_122'>    0.06880
|3^HL3_126'>   -0.05393
|3^HL3_101'>    0.05861
|3^HL3_92'>    0.08508
|3^HL3_82'>   -0.07449
|3^HL3_84'>   -0.06626
|3^HL3_85'>   -0.06966
|3^HL3_87'>   -0.12210
|3^HL3_42'>    0.05872
|3^HL3_425'>    0.06032
|3^HL3_212'>   -0.06061
|3^HL3_15'>    0.06857
|3^HL3_17'>   -0.14594
|3^HL3_115'>    0.05089
|3^HL3_118'>    0.05489
TDMs with Triplet 'Ground' state
TDMX:-0.061   TDMY:-0.538   TDMZ:-0.213   Oscillator Strength:0.04336   <S**2>: 2.000
--------------------------------------------------------------------
TDMs with Singlet 'Ground' state
TDMX:-0.000   TDMY:0.000   TDMZ:0.000   Oscillator Strength:0.00000   <S**2>: 2.000
--------------------------------------------------------------------


State 272 5.350 eV 
Excitation    CI Coef
|1^HS1_6>   -0.06257
|1^HS1_4>    0.33853
|1^HS1_2>   -0.11851
|1^HS2_4>   -0.06121
|1^SL1_14'>    0.26262
|1^SL2_14'>    0.09376
|1^HL1_42'>    0.05511
|1^HL1_45'>   -0.06846
|1^HL2_1414'>   -0.20910
|1^HL2_41'>   -0.33996
|1^HL2_42'>   -0.42274
|1^HL2_44'>   -0.22620
|1^HL2_45'>    0.32945
|1^HL2_46'>    0.07589
|1^HL2_412'>   -0.18625
|1^HL2_416'>   -0.10229
|1^HL2_418'>   -0.05063
|1^HL2_425'>    0.15112
|1^HL2_21'>    0.08326
|1^HL2_22'>    0.09199
|1^HL2_24'>    0.06507
|1^HL2_25'>   -0.09233
|1^HL2_214'>    0.31955
TDMs with Triplet 'Ground' state
TDMX:0.000   TDMY:-0.000   TDMZ:-0.000   Oscillator Strength:0.00000   <S**2>: 0.000
--------------------------------------------------------------------
TDMs with Singlet 'Ground' state
TDMX:0.113   TDMY:-0.221   TDMZ:0.061   Oscillator Strength:0.00856   <S**2>: 0.000
--------------------------------------------------------------------


State 273 5.355 eV 
Excitation    CI Coef
|3^HL1_112'>   -0.05077
|3^HL1_61'>    0.10200
|3^HL1_64'>   -0.05213
|3^HL1_21'>    0.71061
|3^HL1_22'>   -0.23053
|3^HL1_24'>   -0.32336
|3^HL1_26'>   -0.07311
|3^HL3_61'>    0.07318
|3^HL3_21'>    0.45060
|3^HL3_22'>   -0.14716
|3^HL3_24'>   -0.20975
TDMs with Triplet 'Ground' state
TDMX:-0.008   TDMY:-0.077   TDMZ:-0.025   Oscillator Strength:0.00085   <S**2>: 2.000
--------------------------------------------------------------------
TDMs with Singlet 'Ground' state
TDMX:0.000   TDMY:0.000   TDMZ:-0.000   Oscillator Strength:0.00000   <S**2>: 2.000
--------------------------------------------------------------------


State 274 5.364 eV 
Excitation    CI Coef
|3^HS2_21>   -0.12244
|3^HS2_17>    0.13423
|3^HS2_16>    0.12205
|3^HS2_13>    0.17157
|3^HS2_9>    0.08727
|3^HS2_8>    0.09628
|3^HS2_5>    0.06827
|3^HS2_3>   -0.07600
|3^HS2_1>   -0.16253
|3^SL1_8'>   -0.12034
|3^SL2_8'>   -0.13482
|3^HL1_132'>    0.07919
|3^HL1_122'>    0.11961
|3^HL1_111'>    0.05863
|3^HL1_112'>    0.07523
|3^HL1_114'>    0.06117
|3^HL1_102'>    0.11079
|3^HL1_104'>   -0.06308
|3^HL1_94'>    0.08617
|3^HL1_95'>   -0.09169
|3^HL1_81'>    0.06587
|3^HL1_87'>    0.05027
|3^HL1_88'>    0.06319
|3^HL1_611'>   -0.09450
|3^HL1_52'>   -0.09949
|3^HL1_513'>    0.05272
|3^HL1_31'>   -0.09475
|3^HL1_32'>    0.08672
|3^HL1_313'>    0.06502
|3^HL1_21'>    0.07398
|3^HL1_15'>   -0.07231
|3^HL1_17'>    0.05453
|3^HL2_226'>   -0.05290
|3^HL2_132'>   -0.05574
|3^HL2_138'>   -0.05980
|3^HL2_114'>    0.06974
|3^HL2_118'>    0.05455
|3^HL2_101'>    0.09272
|3^HL2_104'>   -0.12539
|3^HL2_105'>   -0.07002
|3^HL2_92'>   -0.05014
|3^HL2_84'>    0.07011
|3^HL2_88'>   -0.05650
|3^HL2_12'>   -0.12455
|3^HL2_16'>   -0.06546
|3^HL3_408'>   -0.06525
|3^HL3_242'>   -0.05417
|3^HL3_248'>   -0.06907
|3^HL3_235'>    0.08318
|3^HL3_238'>   -0.08640
|3^HL3_222'>   -0.07657
|3^HL3_212'>   -0.08022
|3^HL3_215'>    0.09719
|3^HL3_218'>   -0.05922
|3^HL3_186'>   -0.06373
|3^HL3_1815'>   -0.06235
|3^HL3_179'>   -0.06329
|3^HL3_1710'>   -0.05969
|3^HL3_1716'>    0.06007
|3^HL3_1617'>   -0.05790
|3^HL3_1513'>   -0.07612
|3^HL3_132'>   -0.08355
|3^HL3_135'>   -0.09002
|3^HL3_137'>   -0.05859
|3^HL3_138'>   -0.05984
|3^HL3_1318'>    0.05547
|3^HL3_1215'>    0.05481
|3^HL3_1218'>    0.05759
|3^HL3_101'>    0.05621
|3^HL3_98'>   -0.11046
|3^HL3_918'>   -0.06026
|3^HL3_922'>    0.05607
|3^HL3_81'>   -0.07482
|3^HL3_82'>    0.19467
|3^HL3_822'>   -0.05150
|3^HL3_72'>   -0.07090
|3^HL3_52'>   -0.15410
|3^HL3_54'>    0.05570
|3^HL3_55'>   -0.07361
|3^HL3_32'>    0.16594
|3^HL3_34'>   -0.05903
|3^HL3_35'>    0.05550
|3^HL3_324'>    0.05220
|3^HL3_21'>    0.06492
|3^HL3_14'>    0.05116
|3^HL3_15'>   -0.12880
|3^HL3_17'>    0.07166
|3^HL3_18'>   -0.11669
|3^HL3_118'>   -0.09225
|3^HL3_121'>    0.11293
TDMs with Triplet 'Ground' state
TDMX:-0.047   TDMY:0.094   TDMZ:0.323   Oscillator Strength:0.01481   <S**2>: 2.012
--------------------------------------------------------------------
TDMs with Singlet 'Ground' state
TDMX:-0.000   TDMY:0.000   TDMZ:0.000   Oscillator Strength:0.00000   <S**2>: 2.012
--------------------------------------------------------------------


State 275 5.367 eV 
Excitation    CI Coef
|1^HS1_21>   -0.05257
|1^HS1_9>   -0.05432
|1^HS1_8>   -0.12079
|1^HS1_6>   -0.42736
|1^HS2_18>    0.11840
|1^HS2_17>    0.09836
|1^HS2_14>   -0.06706
|1^HS2_12>   -0.10682
|1^HS2_6>    0.30416
|1^HS2_3>    0.15897
|1^SL1_6'>    0.08976
|1^SL1_11'>    0.06389
|1^SL1_23'>    0.06597
|1^SL2_2'>    0.05058
|1^SL2_8'>    0.05413
|1^SL2_17'>   -0.05903
|1^SL2_22'>    0.07792
|1^SL2_24'>   -0.06498
|1^HL1_65'>    0.05364
|1^HL2_212'>   -0.06474
|1^HL2_1811'>    0.06659
|1^HL2_1711'>   -0.10476
|1^HL2_1611'>    0.16180
|1^HL2_1411'>   -0.05061
|1^HL2_138'>   -0.05146
|1^HL2_125'>    0.05696
|1^HL2_1111'>   -0.06691
|1^HL2_105'>    0.05401
|1^HL2_1011'>   -0.07177
|1^HL2_911'>   -0.13963
|1^HL2_916'>    0.05177
|1^HL2_82'>    0.05692
|1^HL2_811'>   -0.10156
|1^HL2_61'>    0.19549
|1^HL2_62'>    0.19251
|1^HL2_64'>    0.18992
|1^HL2_65'>   -0.31787
|1^HL2_66'>   -0.08881
|1^HL2_68'>    0.06881
|1^HL2_612'>    0.13151
|1^HL2_615'>   -0.10912
|1^HL2_623'>    0.13145
|1^HL2_31'>    0.05479
|1^HL2_35'>   -0.08092
|1^HL2_310'>    0.08421
|1^HL2_313'>   -0.05196
|1^HL2_22'>   -0.05978
|1^HL2_211'>   -0.15572
|1^HL2_18'>   -0.08209
|1^HL2_111'>    0.05253
TDMs with Triplet 'Ground' state
TDMX:-0.000   TDMY:0.000   TDMZ:0.000   Oscillator Strength:0.00000   <S**2>: 0.000
--------------------------------------------------------------------
TDMs with Singlet 'Ground' state
TDMX:0.061   TDMY:-0.166   TDMZ:-0.159   Oscillator Strength:0.00747   <S**2>: 0.000
--------------------------------------------------------------------


State 276 5.371 eV 
Excitation    CI Coef
|3^HS2_14>   -0.10432
|3^HS2_10>    0.08447
|3^HS2_9>    0.11985
|3^HS2_8>    0.12890
|3^SL1_5'>    0.07967
|3^SL1_8'>    0.25229
|3^SL1_17'>    0.08803
|3^SL1_23'>   -0.08297
|3^SL1_25'>    0.08201
|3^SL2_6'>    0.06741
|3^SL2_7'>   -0.05103
|3^SL2_8'>    0.32330
|3^SL2_15'>    0.09279
|3^SL2_18'>   -0.06882
|3^HL1_132'>   -0.07770
|3^HL1_122'>    0.06495
|3^HL1_125'>   -0.05578
|3^HL1_112'>    0.15355
|3^HL1_115'>   -0.06899
|3^HL1_101'>    0.06965
|3^HL1_104'>    0.09498
|3^HL1_105'>   -0.09292
|3^HL1_91'>    0.06625
|3^HL1_92'>    0.16366
|3^HL1_98'>   -0.05556
|3^HL1_912'>   -0.07345
|3^HL1_812'>   -0.05388
|3^HL1_611'>   -0.24458
|3^HL1_52'>   -0.07147
|3^HL1_414'>    0.08909
|3^HL1_21'>    0.05183
|3^HL1_214'>   -0.05051
|3^HL1_15'>    0.06818
|3^HL1_18'>   -0.08029
|3^HL2_101'>   -0.05350
|3^HL2_104'>    0.07509
|3^HL2_98'>    0.07095
|3^HL2_414'>   -0.07925
|3^HL2_12'>    0.05815
|3^HL3_238'>    0.05219
|3^HL3_212'>    0.05510
|3^HL3_218'>    0.10725
|3^HL3_188'>   -0.05566
|3^HL3_1710'>   -0.05144
|3^HL3_168'>    0.07517
|3^HL3_1612'>   -0.07492
|3^HL3_1616'>    0.07033
|3^HL3_1513'>   -0.05879
|3^HL3_1412'>    0.12995
|3^HL3_132'>    0.06780
|3^HL3_121'>    0.05036
|3^HL3_112'>    0.11186
|3^HL3_92'>    0.09372
|3^HL3_94'>    0.08061
|3^HL3_98'>    0.15383
|3^HL3_923'>   -0.05522
|3^HL3_81'>    0.05486
|3^HL3_88'>    0.11251
|3^HL3_62'>   -0.06002
|3^HL3_52'>   -0.10934
|3^HL3_55'>   -0.05077
|3^HL3_32'>    0.09499
|3^HL3_223'>   -0.09795
|3^HL3_225'>   -0.07312
|3^HL3_14'>   -0.07457
|3^HL3_16'>   -0.06102
|3^HL3_17'>    0.05115
|3^HL3_117'>    0.06685
|3^HL3_121'>   -0.07140
TDMs with Triplet 'Ground' state
TDMX:0.321   TDMY:0.423   TDMZ:-0.255   Oscillator Strength:0.04469   <S**2>: 2.006
--------------------------------------------------------------------
TDMs with Singlet 'Ground' state
TDMX:0.000   TDMY:0.000   TDMZ:-0.000   Oscillator Strength:0.00000   <S**2>: 2.006
--------------------------------------------------------------------


State 277 5.373 eV 
Excitation    CI Coef
|5^HL_81'>   -0.06246
|5^HL_71'>    0.09739
|5^HL_31'>   -0.90571
|5^HL_34'>    0.35741
|5^HL_35'>    0.09757
|5^HL_36'>   -0.09779
TDMs with Triplet 'Ground' state
TDMX:0.010   TDMY:0.010   TDMZ:-0.010   Oscillator Strength:0.00004   <S**2>: 5.997
--------------------------------------------------------------------
TDMs with Singlet 'Ground' state
TDMX:0.000   TDMY:0.000   TDMZ:-0.000   Oscillator Strength:0.00000   <S**2>: 5.997
--------------------------------------------------------------------


State 278 5.376 eV 
Excitation    CI Coef
|1^HS1_21>    0.05645
|1^HS1_16>    0.08160
|1^HS1_13>    0.05427
|1^HS1_10>   -0.07662
|1^HS1_9>    0.15286
|1^HS1_8>    0.20550
|1^HS1_6>   -0.22192
|1^HS2_18>   -0.14139
|1^HS2_17>   -0.13330
|1^HS2_12>    0.08123
|1^HS2_10>   -0.09091
|1^HS2_9>    0.10122
|1^HS2_8>    0.14488
|1^HS2_7>    0.09601
|1^HS2_6>    0.16512
|1^HS2_3>   -0.18112
|1^SL1_5'>    0.09651
|1^SL1_6'>   -0.16051
|1^SL1_8'>   -0.05180
|1^SL1_17'>   -0.07865
|1^SL1_23'>   -0.09131
|1^SL1_25'>    0.05299
|1^SL2_2'>   -0.06860
|1^SL2_6'>   -0.14734
|1^SL2_7'>    0.06689
|1^SL2_8'>   -0.09546
|1^SL2_15'>    0.06108
|1^SL2_16'>   -0.06879
|1^SL2_22'>   -0.09813
|1^SL2_24'>    0.09299
|1^HL1_12'>    0.07030
|1^HL2_212'>    0.10136
|1^HL2_185'>    0.05121
|1^HL2_188'>    0.05478
|1^HL2_1711'>   -0.05143
|1^HL2_1715'>   -0.05514
|1^HL2_168'>   -0.07425
|1^HL2_1611'>    0.08058
|1^HL2_1510'>    0.05454
|1^HL2_1412'>    0.08855
|1^HL2_132'>    0.09823
|1^HL2_138'>    0.06892
|1^HL2_1315'>    0.05604
|1^HL2_1317'>   -0.05999
|1^HL2_121'>    0.07549
|1^HL2_125'>   -0.09447
|1^HL2_112'>    0.09129
|1^HL2_116'>   -0.11453
|1^HL2_1117'>   -0.05101
|1^HL2_102'>    0.06104
|1^HL2_1017'>   -0.07500
|1^HL2_91'>   -0.06309
|1^HL2_95'>    0.05896
|1^HL2_910'>    0.05292
|1^HL2_911'>   -0.07637
|1^HL2_916'>   -0.06816
|1^HL2_923'>   -0.05485
|1^HL2_82'>   -0.16539
|1^HL2_88'>   -0.07132
|1^HL2_810'>   -0.06328
|1^HL2_811'>   -0.06122
|1^HL2_815'>   -0.06973
|1^HL2_817'>    0.05255
|1^HL2_710'>    0.07023
|1^HL2_61'>    0.10761
|1^HL2_62'>    0.11355
|1^HL2_64'>    0.10378
|1^HL2_65'>   -0.17401
|1^HL2_66'>   -0.05459
|1^HL2_612'>    0.08866
|1^HL2_615'>   -0.05726
|1^HL2_623'>    0.07140
|1^HL2_31'>   -0.07352
|1^HL2_35'>    0.08459
|1^HL2_310'>   -0.12070
|1^HL2_313'>    0.06077
|1^HL2_322'>   -0.05020
|1^HL2_21'>   -0.05495
|1^HL2_22'>   -0.11115
|1^HL2_211'>   -0.09711
|1^HL2_223'>   -0.07877
|1^HL2_14'>   -0.08728
|1^HL2_15'>    0.07425
|1^HL2_16'>   -0.05857
|1^HL2_18'>    0.15412
|1^HL2_121'>   -0.06023
TDMs with Triplet 'Ground' state
TDMX:-0.000   TDMY:-0.000   TDMZ:0.000   Oscillator Strength:0.00000   <S**2>: 0.000
--------------------------------------------------------------------
TDMs with Singlet 'Ground' state
TDMX:0.142   TDMY:1.022   TDMZ:-0.235   Oscillator Strength:0.14762   <S**2>: 0.000
--------------------------------------------------------------------


State 279 5.385 eV 
Excitation    CI Coef
|3^HS2_13>    0.08070
|3^HS2_7>    0.05197
|3^HS2_5>   -0.24409
|3^HS2_1>   -0.05718
|3^SL1_5'>    0.06483
|3^SL2_7'>   -0.06311
|3^SL2_16'>    0.06947
|3^HL1_134'>    0.05969
|3^HL1_121'>    0.06128
|3^HL1_122'>   -0.08426
|3^HL1_124'>   -0.09326
|3^HL1_111'>   -0.05975
|3^HL1_114'>   -0.08927
|3^HL1_101'>    0.11403
|3^HL1_102'>   -0.11770
|3^HL1_104'>    0.12085
|3^HL1_91'>   -0.07116
|3^HL1_92'>    0.14202
|3^HL1_94'>    0.09000
|3^HL1_81'>   -0.07630
|3^HL1_84'>   -0.10153
|3^HL1_86'>    0.06672
|3^HL1_611'>   -0.13034
|3^HL1_51'>   -0.05901
|3^HL1_52'>    0.25020
|3^HL1_54'>   -0.10433
|3^HL1_55'>    0.13591
|3^HL1_515'>   -0.05053
|3^HL1_313'>   -0.12128
|3^HL1_12'>   -0.05271
|3^HL1_16'>   -0.13574
|3^HL2_114'>    0.05316
|3^HL2_101'>    0.06728
|3^HL2_104'>   -0.10020
|3^HL2_12'>   -0.10989
|3^HL3_212'>    0.06050
|3^HL3_215'>    0.05886
|3^HL3_217'>    0.05507
|3^HL3_182'>    0.06381
|3^HL3_175'>   -0.05151
|3^HL3_177'>   -0.05143
|3^HL3_162'>   -0.07211
|3^HL3_1513'>    0.08986
|3^HL3_135'>   -0.06900
|3^HL3_136'>    0.05171
|3^HL3_137'>   -0.06484
|3^HL3_124'>   -0.05648
|3^HL3_115'>    0.08292
|3^HL3_91'>   -0.06911
|3^HL3_94'>    0.05800
|3^HL3_81'>    0.13232
|3^HL3_87'>    0.07651
|3^HL3_72'>   -0.05792
|3^HL3_51'>   -0.05968
|3^HL3_52'>    0.40661
|3^HL3_54'>   -0.15877
|3^HL3_55'>    0.20254
|3^HL3_56'>   -0.05265
|3^HL3_59'>   -0.06122
|3^HL3_510'>   -0.07807
|3^HL3_31'>   -0.05820
|3^HL3_15'>   -0.06654
|3^HL3_17'>    0.12507
|3^HL3_18'>   -0.06403
|3^HL3_118'>   -0.06138
|3^HL3_121'>    0.06544
TDMs with Triplet 'Ground' state
TDMX:0.295   TDMY:0.384   TDMZ:-0.497   Oscillator Strength:0.06223   <S**2>: 2.003
--------------------------------------------------------------------
TDMs with Singlet 'Ground' state
TDMX:-0.000   TDMY:-0.000   TDMZ:0.000   Oscillator Strength:0.00000   <S**2>: 2.003
--------------------------------------------------------------------


State 280 5.389 eV 
Excitation    CI Coef
|1^OS>    0.06087
|1^HS1_24>    0.11672
|1^HS1_23>   -0.06144
|1^HS1_13>   -0.05041
|1^HS1_12>    0.12018
|1^HS1_10>    0.07444
|1^HS1_9>   -0.10388
|1^HS1_2>    0.08938
|1^HS1_1>    0.05686
|1^HS2_23>    0.11287
|1^HS2_21>   -0.05408
|1^HS2_18>   -0.12201
|1^HS2_17>   -0.15587
|1^HS2_16>   -0.10547
|1^HS2_12>    0.19381
|1^SL1_2'>   -0.06958
|1^SL1_4'>   -0.07112
|1^SL1_5'>   -0.12815
|1^SL1_6'>    0.24046
|1^SL1_8'>    0.09290
|1^SL1_15'>   -0.08183
|1^SL1_18'>   -0.06373
|1^SL2_5'>   -0.17857
|1^SL2_6'>    0.13695
|1^SL2_7'>   -0.07367
|1^SL2_16'>   -0.08407
|1^SL2_17'>    0.08848
|1^SL2_18'>   -0.08177
|1^SL2_22'>   -0.14202
|1^SL2_24'>    0.13411
|1^HL2_306'>   -0.05251
|1^HL2_262'>   -0.07596
|1^HL2_264'>   -0.07011
|1^HL2_242'>    0.08788
|1^HL2_232'>    0.06075
|1^HL2_234'>    0.09353
|1^HL2_235'>   -0.07549
|1^HL2_238'>    0.05050
|1^HL2_182'>    0.05338
|1^HL2_175'>    0.06531
|1^HL2_1717'>   -0.05482
|1^HL2_1412'>    0.07487
|1^HL2_131'>    0.05027
|1^HL2_132'>   -0.07597
|1^HL2_135'>   -0.08346
|1^HL2_1315'>   -0.05601
|1^HL2_1318'>   -0.05862
|1^HL2_121'>   -0.07348
|1^HL2_122'>    0.06405
|1^HL2_124'>    0.09982
|1^HL2_1215'>    0.06264
|1^HL2_111'>    0.07159
|1^HL2_112'>   -0.08735
|1^HL2_116'>    0.09086
|1^HL2_1115'>   -0.10296
|1^HL2_1117'>    0.05987
|1^HL2_1120'>   -0.05497
|1^HL2_101'>   -0.10813
|1^HL2_105'>   -0.05158
|1^HL2_91'>    0.08564
|1^HL2_92'>   -0.08056
|1^HL2_94'>   -0.09930
|1^HL2_95'>   -0.09006
|1^HL2_98'>    0.06861
|1^HL2_922'>    0.05162
|1^HL2_82'>    0.13901
|1^HL2_84'>    0.10281
|1^HL2_86'>   -0.05895
|1^HL2_817'>   -0.08964
|1^HL2_818'>    0.08810
|1^HL2_65'>   -0.05176
|1^HL2_32'>    0.08435
|1^HL2_34'>   -0.07756
|1^HL2_35'>    0.06643
|1^HL2_39'>   -0.06035
|1^HL2_310'>   -0.11689
|1^HL2_313'>    0.05980
|1^HL2_322'>   -0.07004
|1^HL2_21'>   -0.09402
|1^HL2_22'>   -0.11128
|1^HL2_25'>    0.10174
|1^HL2_212'>   -0.06171
|1^HL2_225'>   -0.05817
|1^HL2_14'>    0.14525
|1^HL2_15'>   -0.08033
|1^HL2_16'>    0.07742
|1^HL2_17'>   -0.05807
|1^HL2_120'>   -0.07251
|1^HL2_127'>   -0.05670
TDMs with Triplet 'Ground' state
TDMX:0.000   TDMY:-0.000   TDMZ:0.000   Oscillator Strength:0.00000   <S**2>: 0.000
--------------------------------------------------------------------
TDMs with Singlet 'Ground' state
TDMX:0.180   TDMY:0.513   TDMZ:-0.081   Oscillator Strength:0.03984   <S**2>: 0.000
--------------------------------------------------------------------


State 281 5.389 eV 
Excitation    CI Coef
|3^HS2_17>    0.05803
|3^HS2_16>    0.05583
|3^HS2_14>   -0.06833
|3^HS2_12>   -0.06324
|3^HS2_10>    0.08864
|3^HS2_9>    0.08072
|3^HS2_8>    0.06024
|3^HS2_5>   -0.20935
|3^SL1_6'>   -0.06061
|3^SL1_7'>   -0.07705
|3^SL2_7'>    0.10392
|3^HL1_134'>   -0.06582
|3^HL1_121'>   -0.05795
|3^HL1_122'>    0.14128
|3^HL1_124'>    0.09077
|3^HL1_111'>    0.05944
|3^HL1_112'>    0.05532
|3^HL1_114'>    0.12151
|3^HL1_101'>   -0.06641
|3^HL1_102'>    0.16740
|3^HL1_104'>   -0.09667
|3^HL1_91'>    0.12151
|3^HL1_92'>   -0.08760
|3^HL1_94'>   -0.06486
|3^HL1_95'>   -0.08249
|3^HL1_81'>    0.09828
|3^HL1_84'>    0.05178
|3^HL1_86'>   -0.05328
|3^HL1_88'>    0.05430
|3^HL1_611'>   -0.11959
|3^HL1_52'>    0.21471
|3^HL1_54'>   -0.09512
|3^HL1_55'>    0.11650
|3^HL1_313'>   -0.09570
|3^HL1_15'>   -0.05658
|3^HL1_16'>    0.09496
|3^HL1_18'>   -0.06453
|3^HL2_127'>   -0.05238
|3^HL2_111'>    0.05185
|3^HL2_114'>   -0.05102
|3^HL2_101'>   -0.06380
|3^HL2_104'>    0.10100
|3^HL2_414'>   -0.06686
|3^HL2_12'>    0.11741
|3^HL3_212'>   -0.11780
|3^HL3_217'>   -0.06289
|3^HL3_182'>   -0.06169
|3^HL3_172'>    0.05275
|3^HL3_177'>    0.06558
|3^HL3_162'>    0.05752
|3^HL3_167'>    0.05445
|3^HL3_1513'>    0.07989
|3^HL3_1412'>    0.06530
|3^HL3_136'>   -0.05453
|3^HL3_137'>    0.06549
|3^HL3_121'>   -0.05764
|3^HL3_122'>    0.06915
|3^HL3_115'>   -0.08521
|3^HL3_91'>    0.10305
|3^HL3_92'>    0.05265
|3^HL3_81'>   -0.14895
|3^HL3_82'>    0.05170
|3^HL3_87'>   -0.08757
|3^HL3_72'>   -0.06266
|3^HL3_51'>   -0.05726
|3^HL3_52'>    0.35141
|3^HL3_54'>   -0.13633
|3^HL3_55'>    0.17313
|3^HL3_59'>   -0.05373
|3^HL3_510'>   -0.06385
|3^HL3_225'>   -0.05191
|3^HL3_14'>    0.06386
|3^HL3_17'>   -0.13930
|3^HL3_118'>    0.05849
TDMs with Triplet 'Ground' state
TDMX:-0.118   TDMY:0.188   TDMZ:0.222   Oscillator Strength:0.01272   <S**2>: 2.018
--------------------------------------------------------------------
TDMs with Singlet 'Ground' state
TDMX:0.000   TDMY:0.000   TDMZ:-0.000   Oscillator Strength:0.00000   <S**2>: 2.018
--------------------------------------------------------------------


State 282 5.397 eV 
Excitation    CI Coef
|3^HS2_17>   -0.06180
|3^HS2_16>   -0.06850
|3^HL1_121'>    0.05949
|3^HL1_124'>   -0.05924
|3^HL1_104'>   -0.05480
|3^HL1_91'>   -0.09348
|3^HL1_94'>    0.06340
|3^HL1_611'>    0.11944
|3^HL1_31'>   -0.24055
|3^HL1_34'>    0.09202
|3^HL1_15'>    0.05201
|3^HL2_104'>   -0.07260
|3^HL2_12'>   -0.07813
|3^HL3_81'>   -0.07400
|3^HL3_31'>   -0.12919
|3^HL3_34'>    0.06298
|3^HL3_14'>   -0.05290
|5^HL_408'>   -0.05805
|5^HL_302'>   -0.10653
|5^HL_2618'>    0.05124
|5^HL_242'>    0.20288
|5^HL_247'>    0.05555
|5^HL_248'>   -0.05210
|5^HL_235'>   -0.12706
|5^HL_238'>   -0.09137
|5^HL_225'>   -0.06982
|5^HL_212'>   -0.08755
|5^HL_216'>   -0.07664
|5^HL_218'>   -0.05708
|5^HL_181'>    0.06625
|5^HL_185'>   -0.10704
|5^HL_165'>    0.05491
|5^HL_132'>   -0.06413
|5^HL_136'>   -0.25542
|5^HL_137'>    0.07241
|5^HL_138'>   -0.08278
|5^HL_1315'>   -0.05324
|5^HL_1317'>    0.08922
|5^HL_1327'>   -0.05279
|5^HL_124'>    0.15833
|5^HL_125'>    0.09939
|5^HL_1216'>    0.06624
|5^HL_1218'>   -0.18705
|5^HL_1226'>    0.10422
|5^HL_112'>    0.05663
|5^HL_116'>    0.07553
|5^HL_1118'>   -0.05667
|5^HL_1120'>   -0.07706
|5^HL_1126'>    0.05019
|5^HL_106'>   -0.14668
|5^HL_107'>    0.05384
|5^HL_1015'>    0.05279
|5^HL_1020'>   -0.06199
|5^HL_91'>    0.08284
|5^HL_94'>   -0.12288
|5^HL_95'>   -0.09674
|5^HL_97'>   -0.05734
|5^HL_98'>   -0.10101
|5^HL_918'>    0.13699
|5^HL_921'>   -0.06369
|5^HL_926'>   -0.05945
|5^HL_815'>   -0.13218
|5^HL_817'>    0.08762
|5^HL_820'>    0.14490
|5^HL_827'>   -0.08179
|5^HL_31'>   -0.05083
|5^HL_14'>    0.16888
|5^HL_17'>   -0.06133
|5^HL_18'>   -0.09381
|5^HL_118'>    0.06312
|5^HL_119'>    0.06309
|5^HL_121'>   -0.27419
TDMs with Triplet 'Ground' state
TDMX:-0.134   TDMY:0.293   TDMZ:0.009   Oscillator Strength:0.01348   <S**2>: 4.866
--------------------------------------------------------------------
TDMs with Singlet 'Ground' state
TDMX:-0.000   TDMY:-0.000   TDMZ:-0.000   Oscillator Strength:0.00000   <S**2>: 4.866
--------------------------------------------------------------------


State 283 5.398 eV 
Excitation    CI Coef
|3^HS2_17>   -0.06885
|3^HS2_16>   -0.08431
|3^HS2_13>   -0.07221
|3^HS2_11>   -0.05503
|3^SL1_6'>    0.05593
|3^SL1_12'>    0.05404
|3^SL2_8'>    0.07274
|3^SL2_15'>    0.05423
|3^SL2_16'>   -0.05541
|3^HL1_121'>    0.07129
|3^HL1_124'>   -0.05492
|3^HL1_111'>    0.08251
|3^HL1_112'>    0.08800
|3^HL1_101'>   -0.06182
|3^HL1_104'>   -0.08218
|3^HL1_91'>   -0.09311
|3^HL1_92'>   -0.06527
|3^HL1_94'>    0.06774
|3^HL1_84'>    0.08390
|3^HL1_611'>    0.16307
|3^HL1_31'>   -0.49515
|3^HL1_34'>    0.18733
|3^HL1_11'>    0.05416
|3^HL1_15'>    0.06651
|3^HL1_16'>    0.08519
|3^HL2_114'>    0.05111
|3^HL2_104'>   -0.06645
|3^HL2_12'>   -0.07048
|3^HL3_111'>    0.05405
|3^HL3_115'>   -0.05979
|3^HL3_92'>    0.05227
|3^HL3_81'>   -0.11058
|3^HL3_52'>    0.06884
|3^HL3_31'>   -0.28231
|3^HL3_34'>    0.12845
|3^HL3_14'>   -0.06741
|3^HL3_17'>   -0.05243
|3^HL3_120'>   -0.06041
|5^HL_302'>    0.06419
|5^HL_242'>   -0.12083
|5^HL_235'>    0.07523
|5^HL_238'>    0.05593
|5^HL_212'>    0.05463
|5^HL_185'>    0.06566
|5^HL_136'>    0.15432
|5^HL_138'>    0.05005
|5^HL_1317'>   -0.05445
|5^HL_124'>   -0.09456
|5^HL_125'>   -0.06051
|5^HL_1218'>    0.11324
|5^HL_1226'>   -0.06330
|5^HL_106'>    0.08760
|5^HL_94'>    0.07311
|5^HL_95'>    0.05811
|5^HL_98'>    0.06213
|5^HL_918'>   -0.08219
|5^HL_815'>    0.08036
|5^HL_817'>   -0.05294
|5^HL_820'>   -0.08736
|5^HL_14'>   -0.10096
|5^HL_18'>    0.05774
|5^HL_121'>    0.16401
TDMs with Triplet 'Ground' state
TDMX:-0.224   TDMY:0.397   TDMZ:0.078   Oscillator Strength:0.02774   <S**2>: 3.046
--------------------------------------------------------------------
TDMs with Singlet 'Ground' state
TDMX:0.000   TDMY:0.000   TDMZ:0.000   Oscillator Strength:0.00000   <S**2>: 3.046
--------------------------------------------------------------------


State 284 5.400 eV 
Excitation    CI Coef
|3^HS2_17>   -0.07450
|3^HS2_16>   -0.08820
|3^HS2_11>   -0.05656
|3^HS2_3>   -0.05205
|3^SL1_6'>    0.08184
|3^SL2_8'>    0.07685
|3^SL2_15'>    0.06897
|3^HL1_121'>    0.09012
|3^HL1_124'>   -0.09346
|3^HL1_111'>    0.09939
|3^HL1_112'>    0.09098
|3^HL1_104'>   -0.09435
|3^HL1_91'>   -0.16094
|3^HL1_92'>   -0.05734
|3^HL1_94'>    0.11061
|3^HL1_81'>    0.10198
|3^HL1_84'>    0.05539
|3^HL1_71'>   -0.08562
|3^HL1_611'>    0.13857
|3^HL1_52'>    0.05230
|3^HL1_31'>    0.51640
|3^HL1_34'>   -0.24201
|3^HL1_11'>    0.05040
|3^HL1_15'>    0.06621
|3^HL1_16'>    0.07432
|3^HL2_114'>    0.07754
|3^HL2_101'>    0.06549
|3^HL2_104'>   -0.11102
|3^HL2_12'>   -0.11619
|3^HL3_175'>    0.05401
|3^HL3_121'>    0.06261
|3^HL3_124'>   -0.07720
|3^HL3_111'>    0.07873
|3^HL3_115'>   -0.07022
|3^HL3_91'>   -0.08806
|3^HL3_92'>    0.06409
|3^HL3_94'>    0.07465
|3^HL3_81'>   -0.07948
|3^HL3_52'>    0.08719
|3^HL3_31'>    0.36259
|3^HL3_34'>   -0.16097
|3^HL3_12'>   -0.05284
|3^HL3_14'>   -0.07234
|3^HL3_17'>   -0.06019
|3^HL3_120'>   -0.07516
TDMs with Triplet 'Ground' state
TDMX:-0.244   TDMY:0.515   TDMZ:0.027   Oscillator Strength:0.04214   <S**2>: 2.039
--------------------------------------------------------------------
TDMs with Singlet 'Ground' state
TDMX:-0.000   TDMY:-0.000   TDMZ:0.000   Oscillator Strength:0.00000   <S**2>: 2.039
--------------------------------------------------------------------


State 285 5.409 eV 
Excitation    CI Coef
|3^HS2_21>    0.05051
|3^HS2_18>   -0.08192
|3^HS2_17>   -0.14786
|3^HS2_16>   -0.10840
|3^HS2_14>   -0.13119
|3^HS2_13>    0.05716
|3^HS2_12>    0.05219
|3^HS2_10>    0.11881
|3^HS2_5>    0.08004
|3^SL1_5'>    0.09260
|3^SL1_7'>   -0.13389
|3^SL1_12'>   -0.09139
|3^SL1_15'>   -0.05526
|3^SL1_16'>    0.11667
|3^SL1_18'>    0.07598
|3^SL1_25'>    0.07743
|3^SL2_5'>    0.07186
|3^SL2_6'>   -0.07351
|3^SL2_7'>    0.06376
|3^SL2_12'>   -0.09973
|3^SL2_16'>    0.19338
|3^SL2_17'>   -0.05292
|3^SL2_18'>    0.13729
|3^HL1_122'>   -0.14085
|3^HL1_126'>    0.05879
|3^HL1_111'>   -0.05158
|3^HL1_94'>    0.05976
|3^HL1_81'>    0.10831
|3^HL1_84'>   -0.10058
|3^HL1_87'>   -0.05949
|3^HL1_88'>   -0.06026
|3^HL1_79'>   -0.06086
|3^HL1_611'>   -0.20834
|3^HL1_52'>   -0.07698
|3^HL1_55'>   -0.05157
|3^HL1_510'>    0.06135
|3^HL1_513'>    0.10532
|3^HL1_31'>   -0.05194
|3^HL1_34'>    0.07685
|3^HL1_39'>    0.09094
|3^HL1_310'>    0.10444
|3^HL1_216'>    0.06034
|3^HL1_16'>   -0.13294
|3^HL1_18'>    0.05097
|3^HL2_104'>   -0.07926
|3^HL2_79'>    0.05723
|3^HL2_710'>   -0.06123
|3^HL2_611'>    0.09461
|3^HL2_414'>   -0.10787
|3^HL2_212'>    0.08180
|3^HL2_216'>    0.05457
|3^HL2_12'>   -0.08270
|3^HL3_262'>   -0.05900
|3^HL3_215'>   -0.09031
|3^HL3_202'>    0.05545
|3^HL3_182'>   -0.07734
|3^HL3_1815'>    0.05059
|3^HL3_177'>    0.06451
|3^HL3_179'>    0.08236
|3^HL3_1716'>   -0.07125
|3^HL3_1412'>    0.11237
|3^HL3_1416'>    0.05366
|3^HL3_137'>    0.05460
|3^HL3_1318'>   -0.06004
|3^HL3_1218'>    0.05862
|3^HL3_111'>    0.11997
|3^HL3_101'>   -0.05664
|3^HL3_81'>   -0.13579
|3^HL3_82'>    0.10937
|3^HL3_817'>   -0.07121
|3^HL3_818'>    0.07338
|3^HL3_822'>    0.05113
|3^HL3_52'>   -0.14079
|3^HL3_54'>    0.05431
|3^HL3_55'>   -0.05962
|3^HL3_32'>   -0.14922
|3^HL3_39'>   -0.06729
|3^HL3_310'>   -0.05347
|3^HL3_322'>    0.06324
|3^HL3_223'>   -0.05628
|3^HL3_225'>   -0.09412
|3^HL3_15'>   -0.07718
|3^HL3_17'>   -0.10094
|3^HL3_120'>   -0.07198
TDMs with Triplet 'Ground' state
TDMX:0.728   TDMY:0.393   TDMZ:0.132   Oscillator Strength:0.09120   <S**2>: 2.020
--------------------------------------------------------------------
TDMs with Singlet 'Ground' state
TDMX:-0.000   TDMY:-0.000   TDMZ:0.000   Oscillator Strength:0.00000   <S**2>: 2.020
--------------------------------------------------------------------


State 286 5.415 eV 
Excitation    CI Coef
|1^ZW0>    0.05397
|1^HS1_12>   -0.05719
|1^HS1_8>    0.09271
|1^HS2_21>    0.07410
|1^HS2_13>    0.07841
|1^HS2_11>    0.13584
|1^HS2_9>   -0.07745
|1^HS2_8>   -0.10268
|1^HS2_7>   -0.09897
|1^HS2_5>   -0.07294
|1^HS2_3>   -0.16461
|1^SL1_2'>    0.08776
|1^SL1_5'>    0.27059
|1^SL1_6'>   -0.05046
|1^SL1_8'>    0.10787
|1^SL1_15'>   -0.17502
|1^SL1_18'>    0.13501
|1^SL1_20'>    0.07341
|1^SL2_1'>    0.06543
|1^SL2_5'>    0.09744
|1^SL2_6'>   -0.05866
|1^SL2_8'>    0.12121
|1^SL2_16'>   -0.08405
|1^SL2_17'>    0.07523
|1^HL1_12'>   -0.05125
|1^HL2_262'>    0.07370
|1^HL2_232'>   -0.09976
|1^HL2_222'>    0.07616
|1^HL2_2215'>    0.05098
|1^HL2_218'>    0.07364
|1^HL2_202'>   -0.08736
|1^HL2_188'>   -0.08930
|1^HL2_168'>    0.11085
|1^HL2_159'>   -0.05470
|1^HL2_1510'>   -0.09585
|1^HL2_132'>    0.07843
|1^HL2_134'>   -0.05224
|1^HL2_138'>   -0.07743
|1^HL2_121'>   -0.05294
|1^HL2_122'>   -0.07615
|1^HL2_1215'>   -0.06146
|1^HL2_1218'>    0.05775
|1^HL2_111'>   -0.10353
|1^HL2_112'>   -0.08171
|1^HL2_115'>    0.12179
|1^HL2_1115'>   -0.06925
|1^HL2_1117'>    0.10178
|1^HL2_1118'>    0.13217
|1^HL2_91'>    0.05459
|1^HL2_92'>    0.06782
|1^HL2_81'>    0.32436
|1^HL2_82'>    0.09667
|1^HL2_85'>    0.07386
|1^HL2_88'>    0.08824
|1^HL2_89'>   -0.05575
|1^HL2_815'>    0.05648
|1^HL2_816'>    0.05453
|1^HL2_817'>   -0.09374
|1^HL2_818'>   -0.11185
|1^HL2_71'>   -0.06237
|1^HL2_31'>   -0.11896
|1^HL2_32'>    0.11898
|1^HL2_34'>   -0.07090
|1^HL2_35'>    0.12027
|1^HL2_39'>   -0.10470
|1^HL2_310'>   -0.06935
|1^HL2_315'>   -0.05895
|1^HL2_322'>    0.07617
|1^HL2_21'>   -0.12553
|1^HL2_14'>    0.06232
|1^HL2_15'>   -0.11818
|1^HL2_16'>   -0.07530
|1^HL2_18'>   -0.13982
|1^HL2_115'>   -0.07671
|1^HL2_120'>    0.13807
|1^HL2_121'>    0.05978
TDMs with Triplet 'Ground' state
TDMX:0.000   TDMY:0.000   TDMZ:0.000   Oscillator Strength:0.00000   <S**2>: 0.000
--------------------------------------------------------------------
TDMs with Singlet 'Ground' state
TDMX:0.172   TDMY:0.792   TDMZ:-0.156   Oscillator Strength:0.09026   <S**2>: 0.000
--------------------------------------------------------------------


State 287 5.418 eV 
Excitation    CI Coef
|3^HS2_21>    0.08723
|3^HS2_17>   -0.13733
|3^HS2_16>   -0.16709
|3^HS2_12>    0.11722
|3^HS2_9>   -0.07801
|3^HS2_8>   -0.06197
|3^HS2_7>   -0.10144
|3^SL1_5'>    0.05598
|3^SL1_6'>   -0.18294
|3^SL1_7'>    0.11742
|3^SL1_15'>    0.13080
|3^SL1_16'>   -0.05775
|3^SL2_8'>    0.07382
|3^SL2_9'>    0.05702
|3^SL2_15'>    0.09759
|3^SL2_16'>   -0.07673
|3^SL2_17'>    0.06116
|3^SL2_22'>    0.07012
|3^HL1_135'>   -0.05778
|3^HL1_121'>   -0.14327
|3^HL1_124'>    0.10393
|3^HL1_111'>   -0.16560
|3^HL1_112'>   -0.22532
|3^HL1_114'>    0.10576
|3^HL1_102'>   -0.07368
|3^HL1_104'>    0.05389
|3^HL1_106'>    0.08616
|3^HL1_91'>    0.16878
|3^HL1_92'>    0.09706
|3^HL1_94'>   -0.17628
|3^HL1_81'>    0.07012
|3^HL1_84'>   -0.17264
|3^HL1_88'>   -0.07365
|3^HL1_72'>    0.08581
|3^HL1_79'>    0.07837
|3^HL1_710'>   -0.06456
|3^HL1_510'>   -0.05758
|3^HL1_513'>   -0.11013
|3^HL1_32'>    0.05211
|3^HL1_310'>   -0.08352
|3^HL1_21'>   -0.05583
|3^HL1_11'>   -0.06642
|3^HL1_15'>   -0.07872
|3^HL1_16'>   -0.21992
|3^HL1_18'>    0.05222
|3^HL2_106'>    0.06020
|3^HL2_11'>   -0.05926
|3^HL2_14'>    0.05876
|3^HL3_222'>   -0.07597
|3^HL3_189'>   -0.05151
|3^HL3_179'>   -0.10794
|3^HL3_1715'>   -0.06123
|3^HL3_169'>   -0.05451
|3^HL3_159'>    0.05043
|3^HL3_134'>    0.07933
|3^HL3_126'>   -0.08340
|3^HL3_112'>   -0.08192
|3^HL3_102'>   -0.05320
|3^HL3_104'>    0.07431
|3^HL3_105'>    0.06873
|3^HL3_91'>    0.05300
|3^HL3_922'>    0.05942
|3^HL3_81'>   -0.21301
|3^HL3_82'>    0.08056
|3^HL3_822'>   -0.05659
|3^HL3_72'>    0.10418
|3^HL3_74'>   -0.05695
|3^HL3_75'>    0.07257
|3^HL3_722'>    0.05947
|3^HL3_32'>    0.07555
|3^HL3_34'>   -0.05095
|3^HL3_39'>    0.06675
|3^HL3_322'>   -0.07446
|3^HL3_21'>    0.07550
|3^HL3_12'>   -0.05692
|3^HL3_15'>   -0.06888
|3^HL3_118'>   -0.05379
|3^HL3_121'>    0.05535
TDMs with Triplet 'Ground' state
TDMX:-0.758   TDMY:-1.152   TDMZ:-0.323   Oscillator Strength:0.26079   <S**2>: 2.001
--------------------------------------------------------------------
TDMs with Singlet 'Ground' state
TDMX:0.000   TDMY:0.000   TDMZ:-0.000   Oscillator Strength:0.00000   <S**2>: 2.001
--------------------------------------------------------------------


State 288 5.425 eV 
Excitation    CI Coef
|1^HS1_15>    0.05909
|1^HS2_5>    0.35778
|1^SL1_13'>   -0.12688
|1^SL2_10'>    0.06004
|1^SL2_13'>    0.30676
|1^HL1_313'>   -0.05011
|1^HL2_3713'>   -0.07494
|1^HL2_1813'>    0.05423
|1^HL2_1713'>    0.06632
|1^HL2_159'>    0.06560
|1^HL2_1510'>    0.14532
|1^HL2_1513'>    0.52149
|1^HL2_1213'>   -0.08264
|1^HL2_713'>    0.05914
|1^HL2_51'>    0.13349
|1^HL2_52'>   -0.15433
|1^HL2_54'>    0.13485
|1^HL2_55'>   -0.19043
|1^HL2_513'>    0.05026
|1^HL2_516'>    0.07160
|1^HL2_522'>    0.17355
|1^HL2_524'>    0.31318
|1^HL2_310'>    0.08224
|1^HL2_313'>    0.33378
|1^HL2_324'>   -0.06527
|1^HL2_113'>   -0.07377
TDMs with Triplet 'Ground' state
TDMX:0.000   TDMY:0.000   TDMZ:0.000   Oscillator Strength:0.00000   <S**2>: 0.000
--------------------------------------------------------------------
TDMs with Singlet 'Ground' state
TDMX:-0.011   TDMY:0.186   TDMZ:-0.089   Oscillator Strength:0.00568   <S**2>: 0.000
--------------------------------------------------------------------


State 289 5.426 eV 
Excitation    CI Coef
|5^HL_244'>   -0.06567
|5^HL_245'>    0.07028
|5^HL_232'>   -0.07691
|5^HL_222'>    0.07143
|5^HL_226'>   -0.06516
|5^HL_214'>    0.08168
|5^HL_215'>   -0.08784
|5^HL_182'>   -0.13990
|5^HL_162'>    0.06259
|5^HL_134'>    0.06798
|5^HL_135'>    0.07612
|5^HL_1318'>   -0.11776
|5^HL_121'>   -0.06929
|5^HL_122'>   -0.40286
|5^HL_126'>   -0.12066
|5^HL_1215'>   -0.12592
|5^HL_1217'>    0.09365
|5^HL_112'>   -0.10424
|5^HL_101'>   -0.14920
|5^HL_104'>    0.06951
|5^HL_105'>   -0.11267
|5^HL_92'>    0.27007
|5^HL_96'>    0.11048
|5^HL_97'>    0.06559
|5^HL_98'>   -0.07161
|5^HL_915'>    0.09973
|5^HL_917'>   -0.12856
|5^HL_84'>   -0.29099
|5^HL_85'>    0.37394
|5^HL_88'>   -0.05129
|5^HL_818'>   -0.09436
|5^HL_41'>    0.08987
|5^HL_32'>    0.06226
|5^HL_34'>    0.06865
|5^HL_35'>   -0.06978
|5^HL_37'>    0.09722
|5^HL_11'>   -0.05170
|5^HL_12'>   -0.33356
|5^HL_16'>   -0.19932
|5^HL_117'>   -0.07229
|5^HL_120'>    0.08932
TDMs with Triplet 'Ground' state
TDMX:-0.035   TDMY:-0.003   TDMZ:-0.030   Oscillator Strength:0.00027   <S**2>: 5.987
--------------------------------------------------------------------
TDMs with Singlet 'Ground' state
TDMX:-0.000   TDMY:0.000   TDMZ:-0.000   Oscillator Strength:0.00000   <S**2>: 5.987
--------------------------------------------------------------------


State 290 5.430 eV 
Excitation    CI Coef
|5^HL_41'>    0.86526
|5^HL_42'>   -0.29590
|5^HL_44'>   -0.35747
|5^HL_45'>   -0.09825
|5^HL_46'>   -0.09428
TDMs with Triplet 'Ground' state
TDMX:0.002   TDMY:0.000   TDMZ:0.002   Oscillator Strength:0.00000   <S**2>: 6.000
--------------------------------------------------------------------
TDMs with Singlet 'Ground' state
TDMX:0.000   TDMY:0.000   TDMZ:-0.000   Oscillator Strength:0.00000   <S**2>: 6.000
--------------------------------------------------------------------


State 291 5.439 eV 
Excitation    CI Coef
|3^HS2_18>    0.08431
|3^HS2_14>    0.25176
|3^HS2_12>   -0.12898
|3^HS2_7>    0.14219
|3^HS2_2>   -0.07897
|3^SL1_6'>   -0.09680
|3^SL1_12'>    0.14080
|3^SL1_15'>    0.06627
|3^SL1_17'>   -0.06630
|3^SL1_23'>   -0.07175
|3^SL1_25'>   -0.06311
|3^SL2_8'>    0.17402
|3^SL2_9'>   -0.06291
|3^SL2_12'>    0.11385
|3^SL2_15'>    0.08480
|3^SL2_17'>   -0.10676
|3^HL1_122'>   -0.05252
|3^HL1_92'>    0.06650
|3^HL1_81'>    0.05107
|3^HL1_84'>   -0.07778
|3^HL1_72'>   -0.10172
|3^HL1_74'>    0.05671
|3^HL1_75'>   -0.07111
|3^HL1_414'>    0.10697
|3^HL1_22'>    0.05174
|3^HL1_216'>   -0.06244
|3^HL1_16'>   -0.08319
|3^HL2_912'>    0.05352
|3^HL2_513'>    0.10707
|3^HL2_412'>   -0.09153
|3^HL2_414'>    0.36244
|3^HL2_39'>    0.05821
|3^HL2_212'>   -0.19020
|3^HL2_215'>   -0.11674
|3^HL2_216'>   -0.16613
|3^HL2_217'>   -0.06654
|3^HL2_12'>    0.07544
|3^HL3_238'>   -0.05003
|3^HL3_189'>    0.05103
|3^HL3_179'>    0.09846
|3^HL3_1712'>    0.05093
|3^HL3_169'>    0.05168
|3^HL3_1612'>   -0.06912
|3^HL3_159'>   -0.05365
|3^HL3_1412'>   -0.11769
|3^HL3_1415'>   -0.06930
|3^HL3_1416'>   -0.08689
|3^HL3_134'>    0.05147
|3^HL3_111'>    0.05888
|3^HL3_923'>   -0.06282
|3^HL3_81'>   -0.13581
|3^HL3_71'>    0.06834
|3^HL3_72'>   -0.17249
|3^HL3_74'>    0.07161
|3^HL3_75'>   -0.09667
|3^HL3_722'>   -0.08354
|3^HL3_52'>   -0.05702
|3^HL3_31'>    0.05373
|3^HL3_32'>   -0.06582
|3^HL3_39'>   -0.07650
|3^HL3_310'>    0.05807
|3^HL3_21'>    0.08189
|3^HL3_22'>    0.06391
|3^HL3_216'>    0.05129
|3^HL3_225'>    0.15401
|3^HL3_112'>    0.05997
TDMs with Triplet 'Ground' state
TDMX:0.479   TDMY:0.046   TDMZ:0.239   Oscillator Strength:0.03763   <S**2>: 2.020
--------------------------------------------------------------------
TDMs with Singlet 'Ground' state
TDMX:-0.000   TDMY:-0.000   TDMZ:0.000   Oscillator Strength:0.00000   <S**2>: 2.020
--------------------------------------------------------------------


State 292 5.442 eV 
Excitation    CI Coef
|3^HS1_7>    0.05083
|3^HS2_21>   -0.05277
|3^HS2_14>    0.10045
|3^HS2_12>   -0.08572
|3^HS2_7>   -0.28548
|3^SL1_10'>   -0.06729
|3^SL2_9'>    0.08624
|3^SL2_10'>   -0.05160
|3^SL2_16'>    0.07071
|3^SL2_17'>   -0.05232
|3^SL2_22'>   -0.05313
|3^HL1_112'>    0.08004
|3^HL1_99'>   -0.06154
|3^HL1_910'>    0.06906
|3^HL1_89'>    0.06751
|3^HL1_810'>   -0.06248
|3^HL1_71'>   -0.10460
|3^HL1_72'>    0.19700
|3^HL1_74'>   -0.09211
|3^HL1_75'>    0.13829
|3^HL1_715'>   -0.07391
|3^HL1_611'>   -0.17297
|3^HL1_513'>    0.15657
|3^HL1_412'>   -0.05963
|3^HL1_414'>    0.11475
|3^HL1_39'>    0.11161
|3^HL1_212'>   -0.05548
|3^HL1_15'>    0.06113
|3^HL2_138'>   -0.05056
|3^HL2_104'>    0.06224
|3^HL2_510'>   -0.06066
|3^HL2_513'>   -0.16740
|3^HL2_414'>    0.16325
|3^HL2_39'>   -0.06841
|3^HL2_315'>    0.06056
|3^HL2_212'>   -0.08359
|3^HL2_215'>   -0.05169
|3^HL2_216'>   -0.07556
|3^HL2_12'>    0.08558
|3^HL3_1810'>    0.06529
|3^HL3_179'>   -0.08456
|3^HL3_1710'>    0.13771
|3^HL3_1610'>    0.07031
|3^HL3_1510'>   -0.06837
|3^HL3_92'>    0.07083
|3^HL3_89'>    0.05662
|3^HL3_822'>    0.05672
|3^HL3_71'>   -0.10602
|3^HL3_72'>    0.35664
|3^HL3_74'>   -0.13809
|3^HL3_75'>    0.19265
|3^HL3_79'>    0.05638
|3^HL3_710'>    0.06371
|3^HL3_716'>   -0.08538
|3^HL3_722'>    0.11692
|3^HL3_724'>   -0.05932
|3^HL3_52'>    0.05946
|3^HL3_510'>   -0.05648
|3^HL3_39'>    0.08253
|3^HL3_310'>   -0.13631
|3^HL3_322'>    0.05945
|3^HL3_225'>    0.05247
TDMs with Triplet 'Ground' state
TDMX:0.278   TDMY:0.666   TDMZ:0.799   Oscillator Strength:0.15130   <S**2>: 2.002
--------------------------------------------------------------------
TDMs with Singlet 'Ground' state
TDMX:-0.000   TDMY:-0.000   TDMZ:-0.000   Oscillator Strength:0.00000   <S**2>: 2.002
--------------------------------------------------------------------


State 293 5.445 eV 
Excitation    CI Coef
|3^HS2_21>    0.06763
|3^HS2_18>    0.05523
|3^HS2_17>   -0.07060
|3^HS2_16>   -0.05605
|3^HS2_14>    0.13372
|3^HS2_13>   -0.09337
|3^HS2_12>    0.09162
|3^HS2_2>   -0.06335
|3^HS2_1>   -0.07579
|3^SL1_5'>   -0.05499
|3^SL1_6'>    0.19563
|3^SL1_7'>   -0.05524
|3^SL1_15'>   -0.07703
|3^SL1_16'>    0.06472
|3^SL1_17'>    0.10231
|3^SL1_18'>   -0.06445
|3^SL1_23'>   -0.06287
|3^SL2_8'>   -0.05417
|3^SL2_15'>   -0.06870
|3^SL2_16'>    0.05952
|3^SL2_17'>    0.12370
|3^HL1_121'>   -0.06560
|3^HL1_124'>    0.10517
|3^HL1_115'>    0.05681
|3^HL1_102'>    0.12470
|3^HL1_91'>    0.12448
|3^HL1_92'>   -0.06025
|3^HL1_94'>   -0.08191
|3^HL1_95'>   -0.05024
|3^HL1_912'>   -0.07057
|3^HL1_82'>    0.10382
|3^HL1_84'>    0.12483
|3^HL1_812'>   -0.05076
|3^HL1_611'>   -0.31315
|3^HL1_612'>    0.06428
|3^HL1_513'>   -0.05069
|3^HL1_41'>   -0.11432
|3^HL1_412'>   -0.07507
|3^HL1_414'>    0.13286
|3^HL1_22'>    0.05435
|3^HL1_28'>   -0.05180
|3^HL1_212'>   -0.05572
|3^HL1_214'>   -0.05831
|3^HL1_15'>   -0.14453
|3^HL1_16'>    0.11127
|3^HL1_117'>   -0.06196
|3^HL2_226'>   -0.05697
|3^HL2_186'>   -0.05190
|3^HL2_138'>    0.07890
|3^HL2_127'>    0.05891
|3^HL2_128'>   -0.06046
|3^HL2_111'>   -0.08077
|3^HL2_114'>    0.09312
|3^HL2_115'>    0.07405
|3^HL2_118'>   -0.05752
|3^HL2_101'>    0.09494
|3^HL2_104'>   -0.16175
|3^HL2_92'>   -0.06341
|3^HL2_82'>    0.06049
|3^HL2_84'>    0.07876
|3^HL2_611'>    0.07219
|3^HL2_412'>   -0.05316
|3^HL2_414'>    0.21995
|3^HL2_212'>   -0.10851
|3^HL2_215'>   -0.07121
|3^HL2_216'>   -0.10711
|3^HL2_12'>   -0.20994
|3^HL2_115'>   -0.05767
|3^HL3_222'>    0.07707
|3^HL3_215'>   -0.08542
|3^HL3_186'>    0.06614
|3^HL3_1412'>   -0.05036
|3^HL3_134'>   -0.07786
|3^HL3_122'>    0.05406
|3^HL3_124'>    0.06144
|3^HL3_126'>    0.05479
|3^HL3_104'>   -0.06626
|3^HL3_91'>    0.08551
|3^HL3_94'>   -0.07129
|3^HL3_81'>    0.08463
|3^HL3_84'>    0.06161
|3^HL3_22'>    0.06061
|3^HL3_225'>    0.06470
|3^HL3_14'>    0.09000
|3^HL3_17'>   -0.07304
|3^HL3_18'>    0.06165
|3^HL3_118'>   -0.05623
TDMs with Triplet 'Ground' state
TDMX:0.026   TDMY:-0.678   TDMZ:0.690   Oscillator Strength:0.12243   <S**2>: 2.006
--------------------------------------------------------------------
TDMs with Singlet 'Ground' state
TDMX:-0.000   TDMY:-0.000   TDMZ:0.000   Oscillator Strength:0.00000   <S**2>: 2.006
--------------------------------------------------------------------


State 294 5.451 eV 
Excitation    CI Coef
|3^HL1_611'>    0.06384
|3^HL1_41'>   -0.79883
|3^HL1_42'>    0.26417
|3^HL1_44'>    0.34019
|3^HL1_46'>    0.07871
|3^HL3_41'>   -0.31181
|3^HL3_42'>    0.10006
|3^HL3_44'>    0.14125
TDMs with Triplet 'Ground' state
TDMX:0.002   TDMY:0.107   TDMZ:-0.121   Oscillator Strength:0.00340   <S**2>: 2.000
--------------------------------------------------------------------
TDMs with Singlet 'Ground' state
TDMX:-0.000   TDMY:-0.000   TDMZ:0.000   Oscillator Strength:0.00000   <S**2>: 2.000
--------------------------------------------------------------------


State 295 5.452 eV 
Excitation    CI Coef
|1^HS1_22>    0.06274
|1^HS1_12>   -0.13156
|1^HS1_9>    0.23595
|1^HS2_18>    0.05699
|1^HS2_9>    0.09887
|1^HS2_7>   -0.07197
|1^HS2_3>    0.09825
|1^SL1_2'>   -0.08148
|1^SL1_5'>   -0.22539
|1^SL1_6'>    0.45863
|1^SL1_8'>    0.07377
|1^SL1_15'>   -0.13118
|1^SL1_16'>   -0.06507
|1^SL1_17'>    0.10879
|1^SL1_18'>   -0.07866
|1^SL2_1'>    0.05808
|1^SL2_8'>   -0.07195
|1^SL2_15'>    0.09545
|1^SL2_17'>   -0.12179
|1^SL2_18'>    0.09232
|1^SL2_20'>   -0.06056
|1^SL2_21'>    0.05572
|1^HL1_11'>   -0.06264
|1^HL2_262'>    0.05660
|1^HL2_242'>    0.07232
|1^HL2_244'>    0.05090
|1^HL2_232'>   -0.05340
|1^HL2_222'>    0.10270
|1^HL2_212'>    0.05959
|1^HL2_214'>   -0.06073
|1^HL2_202'>   -0.07011
|1^HL2_186'>    0.07503
|1^HL2_1414'>   -0.06483
|1^HL2_134'>   -0.19516
|1^HL2_126'>    0.11117
|1^HL2_127'>   -0.05027
|1^HL2_1215'>   -0.09511
|1^HL2_1218'>   -0.08279
|1^HL2_114'>    0.07086
|1^HL2_116'>    0.06524
|1^HL2_101'>   -0.05997
|1^HL2_104'>   -0.13931
|1^HL2_105'>   -0.12113
|1^HL2_1021'>    0.05243
|1^HL2_81'>    0.29755
|1^HL2_82'>   -0.08184
|1^HL2_85'>    0.07868
|1^HL2_818'>   -0.05605
|1^HL2_71'>   -0.06361
|1^HL2_41'>    0.05969
|1^HL2_31'>   -0.06675
|1^HL2_32'>   -0.05812
|1^HL2_34'>    0.07641
|1^HL2_35'>   -0.07639
|1^HL2_310'>    0.07942
|1^HL2_21'>   -0.07910
|1^HL2_11'>    0.08048
|1^HL2_15'>    0.06560
|1^HL2_18'>    0.06480
|1^HL2_121'>   -0.12325
TDMs with Triplet 'Ground' state
TDMX:0.000   TDMY:-0.000   TDMZ:0.000   Oscillator Strength:0.00000   <S**2>: 0.000
--------------------------------------------------------------------
TDMs with Singlet 'Ground' state
TDMX:-0.447   TDMY:-0.533   TDMZ:0.206   Oscillator Strength:0.07028   <S**2>: 0.000
--------------------------------------------------------------------


State 296 5.454 eV 
Excitation    CI Coef
|3^HS2_18>   -0.07466
|3^HS2_1>   -0.07054
|3^SL1_5'>   -0.05030
|3^SL1_7'>    0.19842
|3^SL1_8'>    0.16582
|3^SL1_9'>   -0.06817
|3^SL1_10'>   -0.05745
|3^SL1_15'>    0.06842
|3^SL1_17'>   -0.07717
|3^SL2_8'>    0.22291
|3^SL2_16'>    0.06602
|3^SL2_17'>   -0.07794
|3^HL1_121'>   -0.06391
|3^HL1_122'>   -0.16899
|3^HL1_124'>    0.08421
|3^HL1_115'>    0.07189
|3^HL1_102'>    0.15038
|3^HL1_103'>   -0.06111
|3^HL1_105'>    0.06758
|3^HL1_91'>    0.07820
|3^HL1_92'>   -0.08442
|3^HL1_95'>   -0.07170
|3^HL1_98'>   -0.05095
|3^HL1_83'>    0.06909
|3^HL1_88'>   -0.06748
|3^HL1_72'>   -0.05616
|3^HL1_79'>   -0.05307
|3^HL1_611'>    0.15663
|3^HL1_510'>    0.09309
|3^HL1_513'>    0.22106
|3^HL1_41'>    0.10086
|3^HL1_414'>   -0.07297
|3^HL1_310'>    0.06751
|3^HL1_313'>   -0.07459
|3^HL1_315'>   -0.08947
|3^HL1_316'>    0.07430
|3^HL1_317'>   -0.05272
|3^HL1_28'>    0.05249
|3^HL1_15'>   -0.09633
|3^HL1_17'>   -0.12762
|3^HL2_101'>    0.05908
|3^HL2_104'>   -0.06578
|3^HL2_710'>    0.05708
|3^HL2_59'>   -0.07157
|3^HL2_510'>   -0.13586
|3^HL2_513'>   -0.34099
|3^HL2_39'>   -0.13051
|3^HL2_310'>   -0.15997
|3^HL2_313'>    0.06970
|3^HL2_315'>    0.10058
|3^HL2_316'>   -0.07729
|3^HL2_317'>    0.05201
|3^HL2_12'>   -0.05452
|3^HL2_16'>   -0.06970
|3^HL3_212'>   -0.06181
|3^HL3_218'>    0.06775
|3^HL3_179'>   -0.05361
|3^HL3_168'>    0.07053
|3^HL3_102'>    0.05357
|3^HL3_105'>    0.07201
|3^HL3_92'>   -0.19342
|3^HL3_97'>    0.05192
|3^HL3_98'>    0.10287
|3^HL3_82'>    0.05298
|3^HL3_88'>    0.08934
|3^HL3_72'>   -0.08624
|3^HL3_12'>    0.07073
|3^HL3_16'>    0.06874
TDMs with Triplet 'Ground' state
TDMX:0.287   TDMY:0.098   TDMZ:0.046   Oscillator Strength:0.01227   <S**2>: 2.000
--------------------------------------------------------------------
TDMs with Singlet 'Ground' state
TDMX:0.000   TDMY:-0.000   TDMZ:0.000   Oscillator Strength:0.00000   <S**2>: 2.000
--------------------------------------------------------------------


State 297 5.456 eV 
Excitation    CI Coef
|5^HL_133'>   -0.09764
|5^HL_113'>    0.22811
|5^HL_103'>   -0.65087
|5^HL_83'>    0.70569
|5^HL_73'>   -0.05541
TDMs with Triplet 'Ground' state
TDMX:-0.001   TDMY:0.011   TDMZ:-0.013   Oscillator Strength:0.00004   <S**2>: 5.998
--------------------------------------------------------------------
TDMs with Singlet 'Ground' state
TDMX:-0.000   TDMY:-0.000   TDMZ:0.000   Oscillator Strength:0.00000   <S**2>: 5.998
--------------------------------------------------------------------


State 298 5.456 eV 
Excitation    CI Coef
|3^HL1_133'>    0.07921
|3^HL1_113'>   -0.18486
|3^HL1_103'>    0.52810
|3^HL1_83'>   -0.57239
|3^HL3_133'>    0.05589
|3^HL3_113'>   -0.12988
|3^HL3_103'>    0.37206
|3^HL3_83'>   -0.40329
TDMs with Triplet 'Ground' state
TDMX:0.042   TDMY:0.024   TDMZ:0.025   Oscillator Strength:0.00039   <S**2>: 2.000
--------------------------------------------------------------------
TDMs with Singlet 'Ground' state
TDMX:-0.000   TDMY:-0.000   TDMZ:0.000   Oscillator Strength:0.00000   <S**2>: 2.000
--------------------------------------------------------------------


State 299 5.463 eV 
Excitation    CI Coef
|3^HS2_17>    0.12306
|3^HS2_16>    0.10488
|3^HS2_13>    0.05854
|3^HS2_12>   -0.11756
|3^HS2_8>    0.08443
|3^HS2_7>   -0.07205
|3^HS2_1>   -0.09380
|3^SL1_6'>    0.08751
|3^SL1_7'>   -0.10549
|3^SL1_8'>    0.15917
|3^SL1_15'>   -0.07837
|3^SL2_5'>    0.06125
|3^SL2_8'>    0.33181
|3^SL2_22'>   -0.08112
|3^HL1_121'>   -0.06632
|3^HL1_122'>    0.09647
|3^HL1_125'>    0.06540
|3^HL1_111'>   -0.05434
|3^HL1_112'>   -0.15246
|3^HL1_118'>    0.05937
|3^HL1_104'>    0.09256
|3^HL1_91'>    0.07619
|3^HL1_94'>   -0.08173
|3^HL1_98'>   -0.06894
|3^HL1_87'>    0.05252
|3^HL1_88'>   -0.06520
|3^HL1_72'>    0.05650
|3^HL1_611'>    0.18601
|3^HL1_513'>   -0.07987
|3^HL1_412'>    0.06413
|3^HL1_414'>   -0.07754
|3^HL1_214'>    0.07416
|3^HL1_15'>   -0.12862
|3^HL1_17'>    0.06714
|3^HL2_132'>   -0.06538
|3^HL2_138'>   -0.06309
|3^HL2_122'>    0.10435
|3^HL2_125'>   -0.05731
|3^HL2_128'>    0.06794
|3^HL2_112'>    0.05953
|3^HL2_114'>    0.07736
|3^HL2_116'>   -0.06346
|3^HL2_118'>    0.06607
|3^HL2_101'>    0.08620
|3^HL2_104'>   -0.09753
|3^HL2_105'>   -0.06205
|3^HL2_92'>   -0.08527
|3^HL2_81'>   -0.05403
|3^HL2_82'>   -0.05321
|3^HL2_85'>    0.09459
|3^HL2_611'>   -0.07027
|3^HL2_510'>    0.08359
|3^HL2_513'>    0.21422
|3^HL2_414'>   -0.07875
|3^HL2_39'>    0.09224
|3^HL2_310'>    0.11210
|3^HL2_315'>   -0.06682
|3^HL2_11'>   -0.07754
|3^HL2_12'>   -0.06555
|3^HL2_16'>   -0.07654
|3^HL2_18'>    0.05739
|3^HL2_117'>    0.08559
|3^HL3_182'>    0.06413
|3^HL3_179'>    0.05708
|3^HL3_1710'>    0.05740
|3^HL3_1715'>    0.05331
|3^HL3_1717'>    0.05388
|3^HL3_135'>   -0.05246
|3^HL3_122'>    0.09669
|3^HL3_125'>    0.05498
|3^HL3_112'>   -0.08101
|3^HL3_101'>   -0.06850
|3^HL3_105'>   -0.06830
|3^HL3_94'>   -0.05956
|3^HL3_98'>    0.07103
|3^HL3_922'>   -0.05227
|3^HL3_84'>    0.05684
|3^HL3_88'>    0.08149
|3^HL3_822'>    0.05726
|3^HL3_72'>    0.14436
|3^HL3_74'>   -0.06014
|3^HL3_75'>    0.05265
|3^HL3_322'>    0.07693
|3^HL3_14'>    0.07137
|3^HL3_17'>   -0.06486
|3^HL3_120'>   -0.05012
TDMs with Triplet 'Ground' state
TDMX:-0.614   TDMY:-0.577   TDMZ:-0.332   Oscillator Strength:0.10754   <S**2>: 2.001
--------------------------------------------------------------------
TDMs with Singlet 'Ground' state
TDMX:0.000   TDMY:-0.000   TDMZ:0.000   Oscillator Strength:0.00000   <S**2>: 2.001
--------------------------------------------------------------------

