&FCI NORB=93, NELEC=106, MS2=0,
 ORBSYM=1,1,1,1,1,1,1,1,1,1,1,1,1,1,1,1,1,1,1,1,1,1,1,1,1,1,1,1,1,1,1,1,1,1,1,1,1,1,1,1,1,1,1,1,1,1,1,1,1,1,1,1,1,1,1,1,1,1,1,1,1,1,1,1,1,1,1,1,1,1,1,1,1,1,1,1,1,1,1,1,1,1,1,1,1,1,1,1,1,1,1,1,1,
 ISYM=1,
&END
 8.4208384499999998e+00    1    1    1    1
 3.8298429702340111e+00    2    2    1    1
 8.4208384499999998e+00    2    2    2    2
 2.7480544856845031e+00    3    3    1    1
 3.8670395492845464e+00    3    3    2    2
 8.4208384499999998e+00    3    3    3    3
 3.8297242805775689e+00    4    4    1    1
 2.7622580531753558e+00    4    4    2    2
 2.5133234468720849e+00    4    4    3    3
 8.4208384499999998e+00    4    4    4    4
 1.6006332907335969e+00    5    5    1    1
 1.5209213063794369e+00    5    5    2    2
 1.2624392893326495e+00    5    5    3    3
 1.3424462323913839e+00    5    5    4    4
 8.4208384499999998e+00    5    5    5    5
 1.5210607843885862e+00    6    6    1    1
 1.4933323452126110e+00    6    6    2    2
 1.2630251146384608e+00    6    6    3    3
 1.2881570489055028e+00    6    6    4    4
 3.8296220111978676e+00    6    6    5    5
 8.4208384499999998e+00    6    6    6    6
 1.2625066865690009e+00    7    7    1    1
 1.2629447502284177e+00    7    7    2    2
 1.1014377513688562e+00    7    7    3    3
 1.0956478075833100e+00    7    7    4    4
 2.7480771657158032e+00    7    7    5    5
 3.8672808019211948e+00    7    7    6    6
 8.4208384499999998e+00    7    7    7    7
 1.1223773108069570e+00    8    8    1    1
 1.1181417436973391e+00    8    8    2    2
 9.8358285449278315e-01    8    8    3    3
 9.8452359558471403e-01    8    8    4    4
 2.4386964256539931e+00    8    8    5    5
 2.7186327543644793e+00    8    8    6    6
 3.8225817789361560e+00    8    8    7    7
 8.4208384499999998e+00    8    8    8    8
 9.6863175260060941e-01    9    9    1    1
 9.7362201088999267e-01    9    9    2    2
 8.7419616923027754e-01    9    9    3    3
 8.6365763049820388e-01    9    9    4    4
 1.7907205560329604e+00    9    9    5    5
 1.9835693747866006e+00    9    9    6    6
 2.6703282731141638e+00    9    9    7    7
 3.7434588756773408e+00    9    9    8    8
 8.4208384499999998e+00    9    9    9    9
 1.1588131545724991e+00   10   10    1    1
 1.1358594911900100e+00   10   10    2    2
 9.8823712617883486e-01   10   10    3    3
 1.0125647238133877e+00   10   10    4    4
 2.7478648648319268e+00   10   10    5    5
 2.5129545051515509e+00   10   10    6    6
 2.7877667345567607e+00   10   10    7    7
 3.8228528853883823e+00   10   10    8    8
 2.6696511594619077e+00   10   10    9    9
 8.4208384499999998e+00   10   10   10   10
 1.3422927850037689e+00   11   11    1    1
 1.2878846481510848e+00   11   11    2    2
 1.0954484708788499e+00   11   11    3    3
 1.1544307985432190e+00   11   11    4    4
 3.8295496969995533e+00   11   11    5    5
 2.7621569397632397e+00   11   11    6    6
 2.5133703110505676e+00   11   11    7    7
 2.7190757127208807e+00   11   11    8    8
 1.9834721102243968e+00   11   11    9    9
 3.8675975321925860e+00   11   11   10   10
 8.4208384499999998e+00   11   11   11   11
 9.0297205418891235e-01   12   12    1    1
 9.0458856578825364e-01   12   12    2    2
 8.2193382197149734e-01   12   12    3    3
 8.1654419965670133e-01   12   12    4    4
 1.5418036706886171e+00   12   12    5    5
 1.7539929008868040e+00   12   12    6    6
 2.2985440747835568e+00   12   12    7    7
 2.6611930989875643e+00   12   12    8    8
 3.7444198495695340e+00   12   12    9    9
 2.0181064805712823e+00   12   12   10   10
 1.6264474112636829e+00   12   12   11   11
 8.4208384499999998e+00   12   12   12   12
 8.3364924530420204e-01   13   13    1    1
 8.4472720218669672e-01   13   13    2    2
 7.7824746290019964e-01   13   13    3    3
 7.5910330701900075e-01   13   13    4    4
 1.3030566536941730e+00   13   13    5    5
 1.4850731664822661e+00   13   13    6    6
 1.8681957686347581e+00   13   13    7    7
 2.0171449005905893e+00   13   13    8    8
 2.6699721283823714e+00   13   13    9    9
 1.6040282808147646e+00   13   13   10   10
 1.3456644575938226e+00   13   13   11   11
 3.8222557304615958e+00   13   13   12   12
 8.4208384499999998e+00   13   13   13   13
 7.7663923333001095e-01   14   14    1    1
 7.8417393273827185e-01   14   14    2    2
 7.2931388945951070e-01   14   14    3    3
 7.1550754869766864e-01   14   14    4    4
 1.1477042872436007e+00   14   14    5    5
 1.3007250404214670e+00   14   14    6    6
 1.5693000998065696e+00   14   14    7    7
 1.6260068616899421e+00   14   14    8    8
 1.9836664087306950e+00   14   14    9    9
 1.3458982040980842e+00   14   14   10   10
 1.1669297061311679e+00   14   14   11   11
 2.7188874788345112e+00   14   14   12   12
 3.8674399000850652e+00   14   14   13   13
 8.4208384499999998e+00   14   14   14   14
 7.7159438498480470e-01   15   15    1    1
 7.6972388591412688e-01   15   15    2    2
 7.1525601020763041e-01   15   15    3    3
 7.1611457769736198e-01   15   15    4    4
 1.1357084481789448e+00   15   15    5    5
 1.2784820634771346e+00   15   15    6    6
 1.5085622814929018e+00   15   15    7    7
 1.5423546888297108e+00   15   15    8    8
 1.7913368656689235e+00   15   15    9    9
 1.3040180967962960e+00   15   15   10   10
 1.1484187866317730e+00   15   15   11   11
 2.4394331372057052e+00   15   15   12   12
 2.7483960720961385e+00   15   15   13   13
 3.8298134257746197e+00   15   15   14   14
 8.4208384499999998e+00   15   15   15   15
 8.2481751700041650e-01   16   16    1    1
 8.1329232754686376e-01   16   16    2    2
 7.4804631655474696e-01   16   16    3    3
 7.6330818785863441e-01   16   16    4    4
 1.2789650428191945e+00   16   16    5    5
 1.4330911721967134e+00   16   16    6    6
 1.6969759462293559e+00   16   16    7    7
 1.7551206994950685e+00   16   16    8    8
 1.9839430223133057e+00   16   16    9    9
 1.4866690090712458e+00   16   16   10   10
 1.3020690770397021e+00   16   16   11   11
 2.7187874577072151e+00   16   16   12   12
 2.5125501686028975e+00   16   16   13   13
 2.7614660306180197e+00   16   16   14   14
 3.8297627017351212e+00   16   16   15   15
 8.4208384499999998e+00   16   16   16   16
 8.9377490074050525e-01   17   17    1    1
 8.8128164533053255e-01   17   17    2    2
 8.0098983611380470e-01   17   17    3    3
 8.1647806089806030e-01   17   17    4    4
 1.5089745625336639e+00   17   17    5    5
 1.6967459801683611e+00   17   17    6    6
 2.1066114026824692e+00   17   17    7    7
 2.3002451563831494e+00   17   17    8    8
 2.6707131337801555e+00   17   17    9    9
 1.8705116546555935e+00   17   17   10   10
 1.5709746831620557e+00   17   17   11   11
 3.8221142141171081e+00   17   17   12   12
 2.7869307971266783e+00   17   17   13   13
 2.5127320217205829e+00   17   17   14   14
 2.7485665073338374e+00   17   17   15   15
 3.8676448641448027e+00   17   17   16   16
 8.4208384499999998e+00   17   17   17   17
 8.9514747963903196e-01   18   18    1    1
 9.0756835117044399e-01   18   18    2    2
 8.2124780060813485e-01   18   18    3    3
 8.0043082003647770e-01   18   18    4    4
 1.5420150950809808e+00   18   18    5    5
 1.6264850859408231e+00   18   18    6    6
 2.0179245569706552e+00   18   18    7    7
 2.6599981314428054e+00   18   18    8    8
 3.7401226679265056e+00   18   18    9    9
 2.2979616774387561e+00   18   18   10   10
 1.7541409257514646e+00   18   18   11   11
 2.6606739783428872e+00   18   18   12   12
 2.2999714804387987e+00   18   18   13   13
 1.7550366587664306e+00   18   18   14   14
 1.5423597840011498e+00   18   18   15   15
 1.6260826217275852e+00   18   18   16   16
 2.0172251839702788e+00   18   18   17   17
 8.4208384499999998e+00   18   18   18   18
 9.1526587181105401e-01   19   19    1    1
 9.4227524387520023e-01   19   19    2    2
 8.5379440902336468e-01   19   19    3    3
 8.1259070318356741e-01   19   19    4    4
 1.5083720650162151e+00   19   19    5    5
 1.5711199492028527e+00   19   19    6    6
 1.8709608913199545e+00   19   19    7    7
 2.2980167902796698e+00   19   19    8    8
 2.6710671683164757e+00   19   19    9    9
 2.1021662159873329e+00   19   19   10   10
 1.6945805544374630e+00   19   19   11   11
 2.0205892777316117e+00   19   19   12   12
 1.8737082142050887e+00   19   19   13   13
 1.4887001857368605e+00   19   19   14   14
 1.3053585818934716e+00   19   19   15   15
 1.3469812469372504e+00   19   19   16   16
 1.6052540655867293e+00   19   19   17   17
 3.8255614043480670e+00   19   19   18   18
 8.4208384499999998e+00   19   19   19   19
 8.3589376016101968e-01   20   20    1    1
 8.6303863810026049e-01   20   20    2    2
 7.9023186599822615e-01   20   20    3    3
 7.4815225977226185e-01   20   20    4    4
 1.2787485427652010e+00   20   20    5    5
 1.3020875384439794e+00   20   20    6    6
 1.4866218864733094e+00   20   20    7    7
 1.7539305232860860e+00   20   20    8    8
 1.9835789148797784e+00   20   20    9    9
 1.6949261644848543e+00   20   20   10   10
 1.4320750102509299e+00   20   20   11   11
 1.6275042307838328e+00   20   20   12   12
 1.5727122474206154e+00   20   20   13   13
 1.3033525697542090e+00   20   20   14   14
 1.1492692149353041e+00   20   20   15   15
 1.1675661836589377e+00   20   20   16   16
 1.3462811131840562e+00   20   20   17   17
 2.7206443363292165e+00   20   20   18   18
 3.8642444744225890e+00   20   20   19   19
 8.4208384499999998e+00   20   20   20   20
 7.5845511988782788e-01   21   21    1    1
 7.7595666946375075e-01   21   21    2    2
 7.1465013527765220e-01   21   21    3    3
 6.8620889044058808e-01   21   21    4    4
 1.1379943372520953e+00   21   21    5    5
 1.1505356888963671e+00   21   21    6    6
 1.3064633273937989e+00   21   21    7    7
 1.5455797301462932e+00   21   21    8    8
 1.7951803419786703e+00   21   21    9    9
 1.5119144981686181e+00   21   21   10   10
 1.2812268533578173e+00   21   21   11   11
 1.5455027480368027e+00   21   21   12   12
 1.5125563073560970e+00   21   21   13   13
 1.2814839091220118e+00   21   21   14   14
 1.1377485696506426e+00   21   21   15   15
 1.1498477734501182e+00   21   21   16   16
 1.3058045425524638e+00   21   21   17   17
 2.4484041509246102e+00   21   21   18   18
 2.7555037559671054e+00   21   21   19   19
 3.8410848000346407e+00   21   21   20   20
 8.4208384499999998e+00   21   21   21   21
 7.4573023031627883e-01   22   22    1    1
 7.5527600202544987e-01   22   22    2    2
 6.9436502719746085e-01   22   22    3    3
 6.7771184725917422e-01   22   22    4    4
 1.1492957017924508e+00   22   22    5    5
 1.1678868204038395e+00   22   22    6    6
 1.3466151397351325e+00   22   22    7    7
 1.6274899815068595e+00   22   22    8    8
 1.9835753925152504e+00   22   22    9    9
 1.5722736743018857e+00   22   22   10   10
 1.3031811647491391e+00   22   22   11   11
 1.7539275376690922e+00   22   22   12   12
 1.6963465681975480e+00   22   22   13   13
 1.4328054873066960e+00   22   22   14   14
 1.2784602148867492e+00   22   22   15   15
 1.3009817273254047e+00   22   22   16   16
 1.4855027537887979e+00   22   22   17   17
 2.7205443504225624e+00   22   22   18   18
 2.5124848246467315e+00   22   22   19   19
 2.7632331577517002e+00   22   22   20   20
 3.8410564811828309e+00   22   22   21   21
 8.4208384499999998e+00   22   22   22   22
 8.0082776163679625e-01   23   23    1    1
 8.0714041247213286e-01   23   23    2    2
 7.3686612979777177e-01   23   23    3    3
 7.2490358804245125e-01   23   23    4    4
 1.3051123480038049e+00   23   23    5    5
 1.3470543181009120e+00   23   23    6    6
 1.6054101833604721e+00   23   23    7    7
 2.0203558565827260e+00   23   23    8    8
 2.6711446838687407e+00   23   23    9    9
 1.8730266219715910e+00   23   23   10   10
 1.4883596606073437e+00   23   23   11   11
 2.2984189395250074e+00   23   23   12   12
 2.1049662891058611e+00   23   23   13   13
 1.6959797416646381e+00   23   23   14   14
 1.5083612861033147e+00   23   23   15   15
 1.5698423973296984e+00   23   23   16   16
 1.8693671929258608e+00   23   23   17   17
 3.8256016824586627e+00   23   23   18   18
 2.7869457902317918e+00   23   23   19   19
 2.5126800748082800e+00   23   23   20   20
 2.7556463326868288e+00   23   23   21   21
 3.8642977495882125e+00   23   23   22   22
 8.4208384499999998e+00   23   23   23   23
 1.5420259590203838e+00   24   24    1    1
 1.7540586134770200e+00   24   24    2    2
 2.2981569908223847e+00   24   24    3    3
 1.6266611759196072e+00   24   24    4    4
 9.0291206544058833e-01   24   24    5    5
 9.0450497930445506e-01   24   24    6    6
 8.2179603680693158e-01   24   24    7    7
 7.5381701434843851e-01   24   24    8    8
 6.9028620360391291e-01   24   24    9    9
 7.5554703109841514e-01   24   24   10   10
 8.1643556205745627e-01   24   24   11   11
 6.5801736875274475e-01   24   24   12   12
 6.3397014894492432e-01   24   24   13   13
 6.0266671581572673e-01   24   24   14   14
 5.9137125857459261e-01   24   24   15   15
 6.1029140333880683e-01   24   24   16   16
 6.4279373540634299e-01   24   24   17   17
 6.5983272062145271e-01   24   24   18   18
 6.8625797672744893e-01   24   24   19   19
 6.4907244286224686e-01   24   24   20   20
 5.9572501671225375e-01   24   24   21   21
 5.7752495670461146e-01   24   24   22   22
 6.0384647785854428e-01   24   24   23   23
 8.4208384499999998e+00   24   24   24   24
 1.5079450052858627e+00   25   25    1    1
 1.6938911240596235e+00   25   25    2    2
 2.1015419280515899e+00   25   25    3    3
 1.5711123921556367e+00   25   25    4    4
 8.9284838070044548e-01   25   25    5    5
 8.8031310740974067e-01   25   25    6    6
 8.0004072305152596e-01   25   25    7    7
 7.4178340132803100e-01   25   25    8    8
 6.7868164021102340e-01   25   25    9    9
 7.5168087261174532e-01   25   25   10   10
 8.1558235092224052e-01   25   25   11   11
 6.4223427165272284e-01   25   25   12   12
 6.1667662285839731e-01   25   25   13   13
 5.8377565213575522e-01   25   25   14   14
 5.7197071131866850e-01   25   25   15   15
 5.9165125603993940e-01   25   25   16   16
 6.2590739000351392e-01   25   25   17   17
 6.5354668386625936e-01   25   25   18   18
 6.8294747513840026e-01   25   25   19   19
 6.4985600645292618e-01   25   25   20   20
 5.9674908417076944e-01   25   25   21   21
 5.7625203508998635e-01   25   25   22   22
 5.9957964290701204e-01   25   25   23   23
 3.8256260285675601e+00   25   25   24   24
 8.4208384499999998e+00   25   25   25   25
 1.2783811606996924e+00   26   26    1    1
 1.4314738158410307e+00   26   26    2    2
 1.6943740609576896e+00   26   26    3    3
 1.3020840279296642e+00   26   26    4    4
 8.2409071816840973e-01   26   26    5    5
 8.1250861826742971e-01   26   26    6    6
 7.4723643664080541e-01   26   26    7    7
 6.9933551434967611e-01   26   26    8    8
 6.4506948673550213e-01   26   26    9    9
 7.0875159282909905e-01   26   26   10   10
 7.6257783596807704e-01   26   26   11   11
 6.0980266076350598e-01   26   26   12   12
 5.8838575569756280e-01   26   26   13   13
 5.5698070622182649e-01   26   26   14   14
 5.4354890471318740e-01   26   26   15   15
 5.5975145192588760e-01   26   26   16   16
 5.9163523142021468e-01   26   26   17   17
 6.2678217021321225e-01   26   26   18   18
 6.5855433889536696e-01   26   26   19   19
 6.3207687568186555e-01   26   26   20   20
 5.8141537555144551e-01   26   26   21   21
 5.5872541499239259e-01   26   26   22   22
 5.7742348375740593e-01   26   26   23   23
 2.7203323985889036e+00   26   26   24   24
 3.8642805209529381e+00   26   26   25   25
 8.4208384499999998e+00   26   26   26   26
 1.1378171201500653e+00   27   27    1    1
 1.2809130665814799e+00   27   27    2    2
 1.5116499135560866e+00   27   27    3    3
 1.1505659753063502e+00   27   27    4    4
 7.7235008825792861e-01   27   27    5    5
 7.7042426849790202e-01   27   27    6    6
 7.1574529261048858e-01   27   27    7    7
 6.6981436893945823e-01   27   27    8    8
 6.2285733550521483e-01   27   27    9    9
 6.7295747012060458e-01   27   27   10   10
 7.1668332769293241e-01   27   27   11   11
 5.9177332978405450e-01   27   27   12   12
 5.7528983567475744e-01   27   27   13   13
 5.4646618479790265e-01   27   27   14   14
 5.3183223628293774e-01   27   27   15   15
 5.4427234232505717e-01   27   27   16   16
 5.7276909834770040e-01   27   27   17   17
 6.0652009299897347e-01   27   27   18   18
 6.3795358943079472e-01   27   27   19   19
 6.1400444923124975e-01   27   27   20   20
 5.6541265331160395e-01   27   27   21   21
 5.4273211228279128e-01   27   27   22   22
 5.5971732546270891e-01   27   27   23   23
 2.4482249401635485e+00   27   27   24   24
 2.7557620255927611e+00   27   27   25   25
 3.8411411252384777e+00   27   27   26   26
 8.4208384499999998e+00   27   27   27   27
 9.5371353070356157e-01   28   28    1    1
 1.0696239259278848e+00   28   28    2    2
 1.1962390404987546e+00   28   28    3    3
 9.3722829763715876e-01   28   28    4    4
 7.1497414578286267e-01   28   28    5    5
 7.1328976183798409e-01   28   28    6    6
 6.7341719281929024e-01   28   28    7    7
 6.3861053043630644e-01   28   28    8    8
 6.0059250627740690e-01   28   28    9    9
 6.4134029286325611e-01   28   28   10   10
 6.7468531540716414e-01   28   28   11   11
 5.6857862307656915e-01   28   28   12   12
 5.5655464186502590e-01   28   28   13   13
 5.2739754932480476e-01   28   28   14   14
 5.0918532488941393e-01   28   28   15   15
 5.1779808801115468e-01   28   28   16   16
 5.4542698769131137e-01   28   28   17   17
 5.9325093713053556e-01   28   28   18   18
 6.3049501714301537e-01   28   28   19   19
 6.1509474495411032e-01   28   28   20   20
 5.6687182289772509e-01   28   28   21   21
 5.3905820389803727e-01   28   28   22   22
 5.5006445278473104e-01   28   28   23   23
 1.5505662715086046e+00   28   28   24   24
 1.7059358814079084e+00   28   28   25   25
 2.1711294369726937e+00   28   28   26   26
 2.6838437755278584e+00   28   28   27   27
 8.4208384499999998e+00   28   28   28   28
 1.1493287589800323e+00   29   29    1    1
 1.3031875435059053e+00   29   29    2    2
 1.5723793440244196e+00   29   29    3    3
 1.1679896394408276e+00   29   29    4    4
 7.7760127433881798e-01   29   29    5    5
 7.8513974437438694e-01   29   29    6    6
 7.3012862362146935e-01   29   29    7    7
 6.7779546552982650e-01   29   29    8    8
 6.3111396338484893e-01   29   29    9    9
 6.7491425879415268e-01   29   29   10   10
 7.1631860278815185e-01   29   29   11   11
 6.0335294563401631e-01   29   29   12   12
 5.8866188403138286e-01   29   29   13   13
 5.6128483630886417e-01   29   29   14   14
 5.4665957079830763e-01   29   29   15   15
 5.5791993240880722e-01   29   29   16   16
 5.8483635634427233e-01   29   29   17   17
 6.1103286271934476e-01   29   29   18   18
 6.4027289730295056e-01   29   29   19   19
 6.1310991521725688e-01   29   29   20   20
 5.6430088934760092e-01   29   29   21   21
 5.4346370007785660e-01   29   29   22   22
 5.6274338981262517e-01   29   29   23   23
 2.7205001887531473e+00   29   29   24   24
 2.5128779567535759e+00   29   29   25   25
 2.7633258236043829e+00   29   29   26   26
 3.8411702970225305e+00   29   29   27   27
 2.1735763195360680e+00   29   29   28   28
 8.4208384499999998e+00   29   29   29   29
 1.3052972823164153e+00   30   30    1    1
 1.4886061651566391e+00   30   30    2    2
 1.8735387858972761e+00   30   30    3    3
 1.3472245073626465e+00   30   30    4    4
 8.3479762507647426e-01   30   30    5    5
 8.4593811488203696e-01   30   30    6    6
 7.7926461668470648e-01   30   30    7    7
 7.1640157941496563e-01   30   30    8    8
 6.6261394033647447e-01   30   30    9    9
 7.1194250315097352e-01   30   30   10   10
 7.6002883305671509e-01   30   30   11   11
 6.3477263163854736e-01   30   30   12   12
 6.1698721233717346e-01   30   30   13   13
 5.8868639799752953e-01   30   30   14   14
 5.7556210660687190e-01   30   30   15   15
 5.8950548635142985e-01   30   30   16   16
 6.1793694232209251e-01   30   30   17   17
 6.3590699421566854e-01   30   30   18   18
 6.6280500558208832e-01   30   30   19   19
 6.2949680175913425e-01   30   30   20   20
 5.7847465498912953e-01   30   30   21   21
 5.5971747234314062e-01   30   30   22   22
 5.8334631265138781e-01   30   30   23   23
 3.8255157320283892e+00   30   30   24   24
 2.7872039199453833e+00   30   30   25   25
 2.5125111079378208e+00   30   30   26   26
 2.7554770107246207e+00   30   30   27   27
 1.7069427127704095e+00   30   30   28   28
 3.8641466480713200e+00   30   30   29   29
 8.4208384499999998e+00   30   30   30   30
 1.5416741917909889e+00   31   31    1    1
 1.6261502899510800e+00   31   31    2    2
 2.0177714541202905e+00   31   31    3    3
 1.7537418910987890e+00   31   31    4    4
 8.9498029399415935e-01   31   31    5    5
 9.0743044035910914e-01   31   31    6    6
 8.2112030798075619e-01   31   31    7    7
 7.4503213580653893e-01   31   31    8    8
 6.8192023652706868e-01   31   31    9    9
 7.4084655034540803e-01   31   31   10   10
 8.0025364164339163e-01   31   31   11   11
 6.5981594626636586e-01   31   31   12   12
 6.3505283381189381e-01   31   31   13   13
 6.1025885293329452e-01   31   31   14   14
 6.0613580676772139e-01   31   31   15   15
 6.2735485503251842e-01   31   31   16   16
 6.5419739934896781e-01   31   31   17   17
 6.4240915449018776e-01   31   31   18   18
 6.5704352753341511e-01   31   31   19   19
 6.1589446962128047e-01   31   31   20   20
 5.6912778115073803e-01   31   31   21   21
 5.5870597203683026e-01   31   31   22   22
 5.8935006594371031e-01   31   31   23   23
 2.6600359999892103e+00   31   31   24   24
 2.0204245282784421e+00   31   31   25   25
 1.6273894397999396e+00   31   31   26   26
 1.5453846631867492e+00   31   31   27   27
 1.1240172725647586e+00   31   31   28   28
 1.7536407786043855e+00   31   31   29   29
 2.2976359607147985e+00   31   31   30   30
 8.4208384499999998e+00   31   31   31   31
 1.3035009035331000e+00   32   32    1    1
 1.3457495319653621e+00   32   32    2    2
 1.6040062862060807e+00   32   32    3    3
 1.4859012701563856e+00   32   32    4    4
 8.0029889055167502e-01   32   32    5    5
 8.0671776049033150e-01   32   32    6    6
 7.3654525973982210e-01   32   32    7    7
 6.7515686520257190e-01   32   32    8    8
 6.2225444323310486e-01   32   32    9    9
 6.7357264060594535e-01   32   32   10   10
 7.2442014027773804e-01   32   32   11   11
 6.0370899939466816e-01   32   32   12   12
 5.8254853444134524e-01   32   32   13   13
 5.6202305136040043e-01   32   32   14   14
 5.5931871066000660e-01   32   32   15   15
 5.7779758544021476e-01   32   32   16   16
 5.9998656271931861e-01   32   32   17   17
 5.8921931042332887e-01   32   32   18   18
 6.0180831885804575e-01   32   32   19   19
 5.6760564733351315e-01   32   32   20   20
 5.2756811137639636e-01   32   32   21   21
 5.1827981924267008e-01   32   32   22   22
 5.4436837406379235e-01   32   32   23   23
 2.2975974907842813e+00   32   32   24   24
 1.8729132660647758e+00   32   32   25   25
 1.5719065796361540e+00   32   32   26   26
 1.5113291505304915e+00   32   32   27   27
 1.0957739956890478e+00   32   32   28   28
 1.6941290574485068e+00   32   32   29   29
 2.1012248966823783e+00   32   32   30   30
 3.8230985068485492e+00   32   32   31   31
 8.4208384499999998e+00   32   32   32   32
 1.1478550435691730e+00   33   33    1    1
 1.1668804069705709e+00   33   33    2    2
 1.3457769309463485e+00   33   33    3    3
 1.3009542667884817e+00   33   33    4    4
 7.4517532792808483e-01   33   33    5    5
 7.5481725133229782e-01   33   33    6    6
 6.9402460909833597e-01   33   33    7    7
 6.3729459114012665e-01   33   33    8    8
 5.9071438462846715e-01   33   33    9    9
 6.3340440717839930e-01   33   33   10   10
 6.7722010856034465e-01   33   33   11   11
 5.7735413039391204e-01   33   33   12   12
 5.5893773369789224e-01   33   33   13   13
 5.4273298870420206e-01   33   33   14   14
 5.4232877265496948e-01   33   33   15   15
 5.5903466667603452e-01   33   33   16   16
 5.7659418813122387e-01   33   33   17   17
 5.5856841036298022e-01   33   33   18   18
 5.6749776919230521e-01   33   33   19   19
 5.3554863442017764e-01   33   33   20   20
 5.0012227171117440e-01   33   33   21   21
 4.9324329401490596e-01   33   33   22   22
 5.1825733675384156e-01   33   33   23   23
 1.7540366816803228e+00   33   33   24   24
 1.4883612849627950e+00   33   33   25   25
 1.3030207976080286e+00   33   33   26   26
 1.2809201332140943e+00   33   33   27   27
 9.7291272335473789e-01   33   33   28   28
 1.4316641706053788e+00   33   33   29   29
 1.6941749594774611e+00   33   33   30   30
 2.7186880874986321e+00   33   33   31   31
 3.8676704696754678e+00   33   33   32   32
 8.4208384499999998e+00   33   33   33   33
 1.1350466028139417e+00   34   34    1    1
 1.1477993929051782e+00   34   34    2    2
 1.3033351614636937e+00   34   34    3    3
 1.2773703341360816e+00   34   34    4    4
 7.5725557041510339e-01   34   34    5    5
 7.7483487745537438e-01   34   34    6    6
 7.1376546301880395e-01   34   34    7    7
 6.5163843683928835e-01   34   34    8    8
 6.0484364534158142e-01   34   34    9    9
 6.4313292947996892e-01   34   34   10   10
 6.8519450849879338e-01   34   34   11   11
 5.9520651105384259e-01   34   34   12   12
 5.7731472478000723e-01   34   34   13   13
 5.6322254713131292e-01   34   34   14   14
 5.6476353827552850e-01   34   34   15   15
 5.8152585287938219e-01   34   34   16   16
 5.9684999257400750e-01   34   34   17   17
 5.6862303247346424e-01   34   34   18   18
 5.7479193106953186e-01   34   34   19   19
 5.4017099502287758e-01   34   34   20   20
 5.0480830257457521e-01   34   34   21   21
 4.9981579678264743e-01   34   34   22   22
 5.2723134390422577e-01   34   34   23   23
 1.5417252951994072e+00   34   34   24   24
 1.3049711208938801e+00   34   34   25   25
 1.1490932042739843e+00   34   34   26   26
 1.1376978571595917e+00   34   34   27   27
 8.9246164900720337e-01   34   34   28   28
 1.2783363762461184e+00   34   34   29   29
 1.5078789998699123e+00   34   34   30   30
 2.4377921653921795e+00   34   34   31   31
 2.7478662485500522e+00   34   34   32   32
 3.8300044032522278e+00   34   34   33   33
 8.4208384499999998e+00   34   34   34   34
 1.2778566414957964e+00   35   35    1    1
 1.3012688397531056e+00   35   35    2    2
 1.4859968216364317e+00   35   35    3    3
 1.4310955772507297e+00   35   35    4    4
 8.3547613079574878e-01   35   35    5    5
 8.6264623154917852e-01   35   35    6    6
 7.8992549944164370e-01   35   35    7    7
 7.1363513931622113e-01   35   35    8    8
 6.5912841165529068e-01   35   35    9    9
 7.0056520464239258e-01   35   35   10   10
 7.4779659433237666e-01   35   35   11   11
 6.4892381913838570e-01   35   35   12   12
 6.2850656639577362e-01   35   35   13   13
 6.1216465551314370e-01   35   35   14   14
 6.1357758269626905e-01   35   35   15   15
 6.3262044741289025e-01   35   35   16   16
 6.5046013425592897e-01   35   35   17   17
 6.1576779974774465e-01   35   35   18   18
 6.2196917421452325e-01   35   35   19   19
 5.8088711924416503e-01   35   35   20   20
 5.4053003718768444e-01   35   35   21   21
 5.3554199990317364e-01   35   35   22   22
 5.6760549133604909e-01   35   35   23   23
 1.6264780985155693e+00   35   35   24   24
 1.3470960041011775e+00   35   35   25   25
 1.1678492137619372e+00   35   35   26   26
 1.1504262881355964e+00   35   35   27   27
 9.0609388442516059e-01   35   35   28   28
 1.3019007821563444e+00   35   35   29   29
 1.5709025860588097e+00   35   35   30   30
 2.7187461212750552e+00   35   35   31   31
 2.5141742314811961e+00   35   35   32   32
 2.7634282695373718e+00   35   35   33   33
 3.8299687525999584e+00   35   35   34   34
 8.4208384499999998e+00   35   35   35   35
 1.5075745636816607e+00   36   36    1    1
 1.5698376112360490e+00   36   36    2    2
 1.8694175649306848e+00   36   36    3    3
 1.6942793959503588e+00   36   36    4    4
 9.1484345068970063e-01   36   36    5    5
 9.4183248066687331e-01   36   36    6    6
 8.5340469900001703e-01   36   36    7    7
 7.6718276849672007e-01   36   36    8    8
 7.0297129848120621e-01   36   36    9    9
 7.5539215754059830e-01   36   36   10   10
 8.1221962983024143e-01   36   36   11   11
 6.8607017707541218e-01   36   36   12   12
 6.6167397633701552e-01   36   36   13   13
 6.3923312175694158e-01   36   36   14   14
 6.3744491134267545e-01   36   36   15   15
 6.5912619096020508e-01   36   36   16   16
 6.8358743769638464e-01   36   36   17   17
 6.5685311155132597e-01   36   36   18   18
 6.6732565034062385e-01   36   36   19   19
 6.2189260859661843e-01   36   36   20   20
 5.7513888467426244e-01   36   36   21   21
 5.6746339348983610e-01   36   36   22   22
 6.0177825020712972e-01   36   36   23   23
 2.0179014068926056e+00   36   36   24   24
 1.6053688633472576e+00   36   36   25   25
 1.3465521394253599e+00   36   36   26   26
 1.3064010273028139e+00   36   36   27   27
 1.0026461297664082e+00   36   36   28   28
 1.4865547331945141e+00   36   36   29   29
 1.8708829390308610e+00   36   36   30   30
 3.8230153443560715e+00   36   36   31   31
 2.7890823530255080e+00   36   36   32   32
 2.5141134426740481e+00   36   36   33   33
 2.7478569268695159e+00   36   36   34   34
 3.8678162370664522e+00   36   36   35   35
 8.4208384499999998e+00   36   36   36   36
 1.9870551151467868e+00   37   37    1    1
 1.7777501116943488e+00   37   37    2    2
 1.4266740924709109e+00   37   37    3    3
 1.6240037619786054e+00   37   37    4    4
 3.7363878069458765e+00   37   37    5    5
 2.6820939934644135e+00   37   37    6    6
 1.9965084652065523e+00   37   37    7    7
 1.7891011957312155e+00   37   37    8    8
 1.4137889013686367e+00   37   37    9    9
 1.9974647999724202e+00   37   37   10   10
 2.6848203526599064e+00   37   37   11   11
 1.2593330735265558e+00   37   37   12   12
 1.0967678145188569e+00   37   37   13   13
 9.8935837971575002e-01   37   37   14   14
 9.8740575061019709e-01   37   37   15   15
 1.0987985354274330e+00   37   37   16   16
 1.2527777212885529e+00   37   37   17   17
 1.2597196512631419e+00   37   37   18   18
 1.2525994575896073e+00   37   37   19   19
 1.0989441231843116e+00   37   37   20   20
 9.8946073662101475e-01   37   37   21   21
 9.9094300575818128e-01   37   37   22   22
 1.0985564462016779e+00   37   37   23   23
 9.8822110241607819e-01   37   37   24   24
 9.8246149451513698e-01   37   37   25   25
 8.9461497983369009e-01   37   37   26   26
 8.2650752782677661e-01   37   37   27   27
 7.5097862042685004e-01   37   37   28   28
 8.2849390020549118e-01   37   37   29   29
 8.9697234411198867e-01   37   37   30   30
 9.8272533190560218e-01   37   37   31   31
 8.7466569993978693e-01   37   37   32   32
 8.0794269870394153e-01   37   37   33   33
 8.1617781017514623e-01   37   37   34   34
 9.0107732973655041e-01   37   37   35   35
 9.9620728115644253e-01   37   37   36   36
 8.4208384499999998e+00   37   37   37   37
 2.6895669422830415e+00   38   38    1    1
 2.3644112925793292e+00   38   38    2    2
 1.7856023437976314e+00   38   38    3    3
 2.0195353280026129e+00   38   38    4    4
 2.6896096955970172e+00   38   38    5    5
 2.3645974651056449e+00   38   38    6    6
 1.7856790466618726e+00   38   38    7    7
 1.5477811599676348e+00   38   38    8    8
 1.2637988421637190e+00   38   38    9    9
 1.6342624287934122e+00   38   38   10   10
 2.0193320331706288e+00   38   38   11   11
 1.1463045930295794e+00   38   38   12   12
 1.0247511663812376e+00   38   38   13   13
 9.3361742905517964e-01   38   38   14   14
 9.2636756791157282e-01   38   38   15   15
 1.0116536331986115e+00   38   38   16   16
 1.1308353125425308e+00   38   38   17   17
 1.1383571282389644e+00   38   38   18   18
 1.1522490534684489e+00   38   38   19   19
 1.0216770869002338e+00   38   38   20   20
 9.1571564408349970e-01   38   38   21   21
 9.0712036605260427e-01   38   38   22   22
 9.9459808435271368e-01   38   38   23   23
 1.1463041740410242e+00   38   38   24   24
 1.1297077874917769e+00   38   38   25   25
 1.0108739300713929e+00   38   38   26   26
 9.2762736205698870e-01   38   38   27   27
 8.2598395553754944e-01   38   38   28   28
 9.3491641687041416e-01   38   38   29   29
 1.0263821532309809e+00   38   38   30   30
 1.1380886374055630e+00   38   38   31   31
 9.9371052786819114e-01   38   38   32   32
 9.0623570210931848e-01   38   38   33   33
 9.1385133122347439e-01   38   38   34   34
 1.0210185645394503e+00   38   38   35   35
 1.1516024119592607e+00   38   38   36   36
 3.8300325626569509e+00   38   38   37   37
 8.4208384499999998e+00   38   38   38   38
 3.7363374413491046e+00   39   39    1    1
 2.6822031359032672e+00   39   39    2    2
 1.9964877843372104e+00   39   39    3    3
 2.6849015353068277e+00   39   39    4    4
 1.9870820758674299e+00   39   39    5    5
 1.7778631709141268e+00   39   39    6    6
 1.4267401621256119e+00   39   39    7    7
 1.2727666310892334e+00   39   39    8    8
 1.0730588128517562e+00   39   39    9    9
 1.3478712074421628e+00   39   39   10   10
 1.6238648222956147e+00   39   39   11   11
 9.8820141261072081e-01   39   39   12   12
 8.9570503879457641e-01   39   39   13   13
 8.2742878072408910e-01   39   39   14   14
 8.2550125432614263e-01   39   39   15   15
 8.9521589514440381e-01   39   39   16   16
 9.8329464570669367e-01   39   39   17   17
 9.8292437162166435e-01   39   39   18   18
 9.9666649351604075e-01   39   39   19   19
 9.0160297283230395e-01   39   39   20   20
 8.1767794669534843e-01   39   39   21   21
 8.0869105102330174e-01   39   39   22   22
 8.7537841355638690e-01   39   39   23   23
 1.2595241117303957e+00   39   39   24   24
 1.2520358330894295e+00   39   39   25   25
 1.0983604351958063e+00   39   39   26   26
 9.8903747595553315e-01   39   39   27   27
 8.5908611934177204e-01   39   39   28   28
 9.9071801178112373e-01   39   39   29   29
 1.0984709413719185e+00   39   39   30   30
 1.2594449468516822e+00   39   39   31   31
 1.0973490054849639e+00   39   39   32   32
 9.8975223334629292e-01   39   39   33   33
 9.8716228592954514e-01   39   39   34   34
 1.0981839827505286e+00   39   39   35   35
 1.2520052384215219e+00   39   39   36   36
 2.7238862154512673e+00   39   39   37   37
 3.8300576443726588e+00   39   39   38   38
 8.4208384499999998e+00   39   39   39   39
 2.6865219175452641e+00   40   40    1    1
 2.0174608510595955e+00   40   40    2    2
 1.6334387565259685e+00   40   40    3    3
 2.3646153266170198e+00   40   40    4    4
 1.8094490342802623e+00   40   40    5    5
 1.5603493611727501e+00   40   40    6    6
 1.2863910747029716e+00   40   40    7    7
 1.1848978129460455e+00   40   40    8    8
 1.0077251166245864e+00   40   40    9    9
 1.2860957838955851e+00   40   40   10   10
 1.5597861360039882e+00   40   40   11   11
 9.3009892417825069e-01   40   40   12   12
 8.3948822784553723e-01   40   40   13   13
 7.7902899247262591e-01   40   40   14   14
 7.8345077103366578e-01   40   40   15   15
 8.5474301463499480e-01   40   40   16   16
 9.3611292951555181e-01   40   40   17   17
 9.2986104187210195e-01   40   40   18   18
 9.3504107658065216e-01   40   40   19   19
 8.5378139548575172e-01   40   40   20   20
 7.8396477628268357e-01   40   40   21   21
 7.7959184766721867e-01   40   40   22   22
 8.4025033020461337e-01   40   40   23   23
 1.1383068826744929e+00   40   40   24   24
 1.1521581672374412e+00   40   40   25   25
 1.0215906285434517e+00   40   40   26   26
 9.1562663215050777e-01   40   40   27   27
 8.0072436862906060e-01   40   40   28   28
 9.0706446782882455e-01   40   40   29   29
 9.9456163028660327e-01   40   40   30   30
 1.1461191907938750e+00   40   40   31   31
 1.0251977181350453e+00   40   40   32   32
 9.3381731967450332e-01   40   40   33   33
 9.2577901303371424e-01   40   40   34   34
 1.0105179642007669e+00   40   40   35   35
 1.1295783400848183e+00   40   40   36   36
 2.4766382027845597e+00   40   40   37   37
 2.7485078976198412e+00   40   40   38   38
 3.8249890861638147e+00   40   40   39   39
 8.4208384499999998e+00   40   40   40   40
 1.9941314636034955e+00   41   41    1    1
 1.6297595961372855e+00   41   41    2    2
 1.3516555656262952e+00   41   41    3    3
 1.7814114582738449e+00   41   41    4    4
 1.9942486207931931e+00   41   41    5    5
 1.6297667920099386e+00   41   41    6    6
 1.3517213897761211e+00   41   41    7    7
 1.2755317923293037e+00   41   41    8    8
 1.0748802655946124e+00   41   41    9    9
 1.4292968660494172e+00   41   41   10   10
 1.7815129616865681e+00   41   41   11   11
 9.8456578590882504e-01   41   41   12   12
 8.7593324471744394e-01   41   41   13   13
 8.0918584183446240e-01   41   41   14   14
 8.1790528324541489e-01   41   41   15   15
 9.0330753249612328e-01   41   41   16   16
 9.9872495273902662e-01   41   41   17   17
 9.8951912495268168e-01   41   41   18   18
 9.8381110543727412e-01   41   41   19   19
 8.9559679344820242e-01   41   41   20   20
 8.2721958706699750e-01   41   41   21   21
 8.2913863576450864e-01   41   41   22   22
 8.9780977961056718e-01   41   41   23   23
 9.8476064178799683e-01   41   41   24   24
 9.9852544741076699e-01   41   41   25   25
 9.0323142284704150e-01   41   41   26   26
 8.1910347736572209e-01   41   41   27   27
 7.3271827347713026e-01   41   41   28   28
 8.1011905946810370e-01   41   41   29   29
 8.7696963669047645e-01   41   41   30   30
 9.8934180763461577e-01   41   41   31   31
 8.9688533191441377e-01   41   41   32   32
 8.2813105229179662e-01   41   41   33   33
 8.2552422259248681e-01   41   41   34   34
 8.9504381248040388e-01   41   41   35   35
 9.8352269707764539e-01   41   41   36   36
 2.7407682406111054e+00   41   41   37   37
 2.4949631090277986e+00   41   41   38   38
 2.7406037581364036e+00   41   41   39   39
 3.8488623262157557e+00   41   41   40   40
 8.4208384499999998e+00   41   41   41   41
 1.8093187726850530e+00   42   42    1    1
 1.5602517958724060e+00   42   42    2    2
 1.2862990599879593e+00   42   42    3    3
 1.5597732081578557e+00   42   42    4    4
 2.6866625289617336e+00   42   42    5    5
 2.0173651013441405e+00   42   42    6    6
 1.6334900825920142e+00   42   42    7    7
 1.5476327366641613e+00   42   42    8    8
 1.2636267150032399e+00   42   42    9    9
 1.7860333544841045e+00   42   42   10   10
 2.3648999736154885e+00   42   42   11   11
 1.1380246002139423e+00   42   42   12   12
 9.9329096874978429e-01   42   42   13   13
 9.0596345528024547e-01   42   42   14   14
 9.1410437015217438e-01   42   42   15   15
 1.0215999313425193e+00   42   42   16   16
 1.1522958564225092e+00   42   42   17   17
 1.1463417771186954e+00   42   42   18   18
 1.1299394222951455e+00   42   42   19   19
 1.0112018617954701e+00   42   42   20   20
 9.2791585417821520e-01   42   42   21   21
 9.3507266214042373e-01   42   42   22   22
 1.0264027743070165e+00   42   42   23   23
 9.3018285807360368e-01   42   42   24   24
 9.3561852542883561e-01   42   42   25   25
 8.5441354928369850e-01   42   42   26   26
 7.8444834399723984e-01   42   42   27   27
 7.1260244931879890e-01   42   42   28   28
 7.7994695977437489e-01   42   42   29   29
 8.4052708501947793e-01   42   42   30   30
 9.2967542202773923e-01   42   42   31   31
 8.3949441155160798e-01   42   42   32   32
 7.7877100748323369e-01   42   42   33   33
 7.8249347051456442e-01   42   42   34   34
 8.5327373594600897e-01   42   42   35   35
 9.3469444272915658e-01   42   42   36   36
 3.8249903100991922e+00   42   42   37   37
 2.7483430229709995e+00   42   42   38   38
 2.4764191077960924e+00   42   42   39   39
 2.7479907727789485e+00   42   42   40   40
 3.8488954009495715e+00   42   42   41   41
 8.4208384499999998e+00   42   42   42   42
 2.4385986319327890e+00   43   43    1    1
 2.7185407663876089e+00   43   43    2    2
 3.8226871323236176e+00   43   43    3    3
 2.7188089605490786e+00   43   43    4    4
 1.1223962967819845e+00   43   43    5    5
 1.1183055766332231e+00   43   43    6    6
 9.8368623273683153e-01   43   43    7    7
 8.8534407188061015e-01   43   43    8    8
 7.9344432526387243e-01   43   43    9    9
 8.9128370743443308e-01   43   43   10   10
 9.8441923483308547e-01   43   43   11   11
 7.5397046953578950e-01   43   43   12   12
 7.1555887211969460e-01   43   43   13   13
 6.7709234930029882e-01   43   43   14   14
 6.6944124039375719e-01   43   43   15   15
 7.0011808823686450e-01   43   43   16   16
 7.4268046996309833e-01   43   43   17   17
 7.4516843898827279e-01   43   43   18   18
 7.6752473041646829e-01   43   43   19   19
 7.1390514439905306e-01   43   43   20   20
 6.5241533583486189e-01   43   43   21   21
 6.3761575194455888e-01   43   43   22   22
 6.7547251026809141e-01   43   43   23   23
 2.6604990497014396e+00   43   43   24   24
 2.2980647664574012e+00   43   43   25   25
 1.7538908665520319e+00   43   43   26   26
 1.5455913542303965e+00   43   43   27   27
 1.1647765692937124e+00   43   43   28   28
 1.6276291113399786e+00   43   43   29   29
 2.0206931033321545e+00   43   43   30   30
 2.6604026552034572e+00   43   43   31   31
 2.0175466571346488e+00   43   43   32   32
 1.6259039946459375e+00   43   43   33   33
 1.5411283567100094e+00   43   43   34   34
 1.7535703930852329e+00   43   43   35   35
 2.2975294600850407e+00   43   43   36   36
 1.2727568498949442e+00   43   43   37   37
 1.5477813054331795e+00   43   43   38   38
 1.7890369499878616e+00   43   43   39   39
 1.5474717112608873e+00   43   43   40   40
 1.2754217590240666e+00   43   43   41   41
 1.1848180202275893e+00   43   43   42   42
 8.4208384499999998e+00   43   43   43   43
 1.7906542675627330e+00   44   44    1    1
 1.9831522207461540e+00   44   44    2    2
 2.6694037150777783e+00   44   44    3    3
 1.9836395212664746e+00   44   44    4    4
 9.6852358042576125e-01   44   44    5    5
 9.7356144774287978e-01   44   44    6    6
 8.7410473174852266e-01   44   44    7    7
 7.9331243525796113e-01   44   44    8    8
 7.2122078984118898e-01   44   44    9    9
 7.9366730160253218e-01   44   44   10   10
 8.6349136749436239e-01   44   44   11   11
 6.9031566172986003e-01   44   44   12   12
 6.6176068428792656e-01   44   44   13   13
 6.3038220008140233e-01   44   44   14   14
 6.2247484245205953e-01   44   44   15   15
 6.4569093614531925e-01   44   44   16   16
 6.7938256073015479e-01   44   44   17   17
 6.8193502243415272e-01   44   44   18   18
 7.0316345433674021e-01   44   44   19   19
 6.5925871889402621e-01   44   44   20   20
 6.0539914746565837e-01   44   44   21   21
 5.9088870477560740e-01   44   44   22   22
 6.2241669440027780e-01   44   44   23   23
 3.7400076184825255e+00   44   44   24   24
 2.6709375012686096e+00   44   44   25   25
 1.9834109047952584e+00   44   44   26   26
 1.7950572003489489e+00   44   44   27   27
 1.2653264625483693e+00   44   44   28   28
 1.9834653272464990e+00   44   44   29   29
 2.6709389924698033e+00   44   44   30   30
 3.7435292591539029e+00   44   44   31   31
 2.6693914570444317e+00   44   44   32   32
 1.9832346841868032e+00   44   44   33   33
 1.7902491217229815e+00   44   44   34   34
 1.9835446241778147e+00   44   44   35   35
 2.6701083326010520e+00   44   44   36   36
 1.0729667235786129e+00   44   44   37   37
 1.2636577296192515e+00   44   44   38   38
 1.4137406554827072e+00   44   44   39   39
 1.2636455640204498e+00   44   44   40   40
 1.0748763640217098e+00   44   44   41   41
 1.0076638033222847e+00   44   44   42   42
 3.7434031318600667e+00   44   44   43   43
 8.4208384499999998e+00   44   44   44   44
 2.7480143073242163e+00   45   45    1    1
 2.5130975219519645e+00   45   45    2    2
 2.7878895353349185e+00   45   45    3    3
 3.8675441109435518e+00   45   45    4    4
 1.1589269965405378e+00   45   45    5    5
 1.1361001489803741e+00   45   45    6    6
 9.8841625699779878e-01   45   45    7    7
 8.9136570512054847e-01   45   45    8    8
 7.9383096049940638e-01   45   45    9    9
 9.0612030609390248e-01   45   45   10   10
 1.0125474663009526e+00   45   45   11   11
 7.5568878683355822e-01   45   45   12   12
 7.1112491659914157e-01   45   45   13   13
 6.7420223957934988e-01   45   45   14   14
 6.7254142355883861e-01   45   45   15   15
 7.0950330647866355e-01   45   45   16   16
 7.5256184893349021e-01   45   45   17   17
 7.4100718614177263e-01   45   45   18   18
 7.5573584855149545e-01   45   45   19   19
 7.0086501699252890e-01   45   45   20   20
 6.4397911783604278e-01   45   45   21   21
 6.3379552665967653e-01   45   45   22   22
 6.7396078720266295e-01   45   45   23   23
 2.0182120748244525e+00   45   45   24   24
 1.8712748107988422e+00   45   45   25   25
 1.4868351408633609e+00   45   45   26   26
 1.3065937216835111e+00   45   45   27   27
 1.0186971979783273e+00   45   45   28   28
 1.3467248971261643e+00   45   45   29   29
 1.6055168470646570e+00   45   45   30   30
 2.2977123955670069e+00   45   45   31   31
 1.8692874539349795e+00   45   45   32   32
 1.5694054919175151e+00   45   45   33   33
 1.5068492366234782e+00   45   45   34   34
 1.6941021247160417e+00   45   45   35   35
 2.1024548210676368e+00   45   45   36   36
 1.3479617178314611e+00   45   45   37   37
 1.6343948628241534e+00   45   45   38   38
 1.9975171679803778e+00   45   45   39   39
 1.7858732080620976e+00   45   45   40   40
 1.4292203380389381e+00   45   45   41   41
 1.2860785040705585e+00   45   45   42   42
 3.8225979382586823e+00   45   45   43   43
 2.6703054514933999e+00   45   45   44   44
 8.4208384499999998e+00   45   45   45   45
 9.8733288032993127e-01   46   46    1    1
 1.0981618471224583e+00   46   46    2    2
 1.2516569900377164e+00   46   46    3    3
 9.8970144025247997e-01   46   46    4    4
 7.1046451315711545e-01   46   46    5    5
 7.0781521869066366e-01   46   46    6    6
 6.6402690833388744e-01   46   46    7    7
 6.2699266295500355e-01   46   46    8    8
 5.8746385435214066e-01   46   46    9    9
 6.3038457736260090e-01   46   46   10   10
 6.6663180843469227e-01   46   46   11   11
 5.5814426729216493e-01   46   46   12   12
 5.4477201756681548e-01   46   46   13   13
 5.1787271603043705e-01   46   46   14   14
 5.0270176459187366e-01   46   46   15   15
 5.1265743235517403e-01   46   46   16   16
 5.3878196135422507e-01   46   46   17   17
 5.7651580812996783e-01   46   46   18   18
 6.0833318345177267e-01   46   46   19   19
 5.9037106630086988e-01   46   46   20   20
 5.4549705939988724e-01   46   46   21   21
 5.2184053536100039e-01   46   46   22   22
 5.3477990731208613e-01   46   46   23   23
 1.7871248394835901e+00   46   46   24   24
 1.9930986762677567e+00   46   46   25   25
 2.6785912603797497e+00   46   46   26   26
 3.7057374644275241e+00   46   46   27   27
 3.8304978006014800e+00   46   46   28   28
 2.6785321156776272e+00   46   46   29   29
 1.9929641604266386e+00   46   46   30   30
 1.2584188001101533e+00   46   46   31   31
 1.2514217509374501e+00   46   46   32   32
 1.0981634551097010e+00   46   46   33   33
 9.8725050597800856e-01   46   46   34   34
 9.8958699314837140e-01   46   46   35   35
 1.0967375527130439e+00   46   46   36   36
 7.5304693067322293e-01   46   46   37   37
 8.3287924289520543e-01   46   46   38   38
 8.7816350105548513e-01   46   46   39   39
 8.2136128739132641e-01   46   46   40   40
 7.4538861835369097e-01   46   46   41   41
 7.1801064655655689e-01   46   46   42   42
 1.2585643656080765e+00   46   46   43   43
 1.4120621794777681e+00   46   46   44   44
 1.0968838822862799e+00   46   46   45   45
 8.4208384499999998e+00   46   46   46   46
 8.9262177365154705e-01   47   47    1    1
 9.7303929789631427e-01   47   47    2    2
 1.0961204616729483e+00   47   47    3    3
 9.0627265459423223e-01   47   47    4    4
 6.5156749705059824e-01   47   47    5    5
 6.4795205401188938e-01   47   47    6    6
 6.0969214356103540e-01   47   47    7    7
 5.7795388967338579e-01   47   47    8    8
 5.4347352454142772e-01   47   47    9    9
 5.8182877976458114e-01   47   47   10   10
 6.1411407265520657e-01   47   47   11   11
 5.1836389752372358e-01   47   47   12   12
 5.0640804497118330e-01   47   47   13   13
 4.8333388634786750e-01   47   47   14   14
 4.7064192582978903e-01   47   47   15   15
 4.7976154017850769e-01   47   47   16   16
 5.0235595874585737e-01   47   47   17   17
 5.3368243974631069e-01   47   47   18   18
 5.6062185847397794e-01   47   47   19   19
 5.4544111707654375e-01   47   47   20   20
 5.0701816739677352e-01   47   47   21   21
 4.8647710653289750e-01   47   47   22   22
 4.9774142914346137e-01   47   47   23   23
 1.5508147014402682e+00   47   47   24   24
 1.7073235094316965e+00   47   47   25   25
 2.1742188563195319e+00   47   47   26   26
 2.6850627669501703e+00   47   47   27   27
 2.7356074002139561e+00   47   47   28   28
 2.1717119277819346e+00   47   47   29   29
 1.7061459793668292e+00   47   47   30   30
 1.1647186431695751e+00   47   47   31   31
 1.1960076148792362e+00   47   47   32   32
 1.0695695663378320e+00   47   47   33   33
 9.5362301816467610e-01   47   47   34   34
 9.3714908712185285e-01   47   47   35   35
 1.0186395463372160e+00   47   47   36   36
 6.9029933387363307e-01   47   47   37   37
 7.5726306581630043e-01   47   47   38   38
 8.0048635530073775e-01   47   47   39   39
 7.5787113933789119e-01   47   47   40   40
 6.9147511275107432e-01   47   47   41   41
 6.6384316529439813e-01   47   47   42   42
 1.1242704831273866e+00   47   47   43   43
 1.2654870881333822e+00   47   47   44   44
 1.0028658496919207e+00   47   47   45   45
 3.8340979897464904e+00   47   47   46   46
 8.4208384499999998e+00   47   47   47   47
 8.0275664256793944e-01   48   48    1    1
 8.6996915044430456e-01   48   48    2    2
 9.6250028239552543e-01   48   48    3    3
 8.0949225426443061e-01   48   48    4    4
 6.0869303919513040e-01   48   48    5    5
 6.0510439588945397e-01   48   48    6    6
 5.7321510918896512e-01   48   48    7    7
 5.4670060407171628e-01   48   48    8    8
 5.1694699722265680e-01   48   48    9    9
 5.5046298887071310e-01   48   48   10   10
 5.7796738083504340e-01   48   48   11   11
 4.9327005206242741e-01   48   48   12   12
 4.8328706400477095e-01   48   48   13   13
 4.6164593148682115e-01   48   48   14   14
 4.4878164360470896e-01   48   48   15   15
 4.5632064868888017e-01   48   48   16   16
 4.7726028275594096e-01   48   48   17   17
 5.1033611512761590e-01   48   48   18   18
 5.3694595476103490e-01   48   48   19   19
 5.2549209469906000e-01   48   48   20   20
 4.9003344073979194e-01   48   48   21   21
 4.6926231483756076e-01   48   48   22   22
 4.7793643101059469e-01   48   48   23   23
 1.2776692419552751e+00   48   48   24   24
 1.3908129392692958e+00   48   48   25   25
 1.7041264232060018e+00   48   48   26   26
 1.9939535178352659e+00   48   48   27   27
 2.4913159375538139e+00   48   48   28   28
 1.7030098506087077e+00   48   48   29   29
 1.3902039049172419e+00   48   48   30   30
 1.0010630758668595e+00   48   48   31   31
 1.0253846180132431e+00   48   48   32   32
 9.3454261247241710e-01   48   48   33   33
 8.4489046390349754e-01   48   48   34   34
 8.3058875020059408e-01   48   48   35   35
 8.9275096355391703e-01   48   48   36   36
 6.4048893499560589e-01   48   48   37   37
 6.9599965950889386e-01   48   48   38   38
 7.2992272884415488e-01   48   48   39   39
 6.9472388992946965e-01   48   48   40   40
 6.4009570786777303e-01   48   48   41   41
 6.1748183046882366e-01   48   48   42   42
 9.7597055156623336e-01   48   48   43   43
 1.0761345090532433e+00   48   48   44   44
 8.8243153837948363e-01   48   48   45   45
 2.7552664154117705e+00   48   48   46   46
 3.8447140457067830e+00   48   48   47   47
 8.4208384499999998e+00   48   48   48   48
 7.8374516997169186e-01   49   49    1    1
 8.5464593749066198e-01   49   49    2    2
 9.3600871950393061e-01   49   49    3    3
 7.7975284370075626e-01   49   49    4    4
 6.1068905909034166e-01   49   49    5    5
 6.0766138504353484e-01   49   49    6    6
 5.7838957069810304e-01   49   49    7    7
 5.5355780110573949e-01   49   49    8    8
 5.2508278473155556e-01   49   49    9    9
 5.5693066386308321e-01   49   49   10   10
 5.8239159863113554e-01   49   49   11   11
 4.9977330961346178e-01   49   49   12   12
 4.9080711607799160e-01   49   49   13   13
 4.6778074850100704e-01   49   49   14   14
 4.5286535543048256e-01   49   49   15   15
 4.5942463873770184e-01   49   49   16   16
 4.8128920460616958e-01   49   49   17   17
 5.2106743601964889e-01   49   49   18   18
 5.5109936105524648e-01   49   49   19   19
 5.4180685701416242e-01   49   49   20   20
 5.0459593805333980e-01   49   49   21   21
 4.8099875230004996e-01   49   49   22   22
 4.8808367810769493e-01   49   49   23   23
 1.1857136600642049e+00   49   49   24   24
 1.2865240710891290e+00   49   49   25   25
 1.5610301770916670e+00   49   49   26   26
 1.8061373135264420e+00   49   49   27   27
 2.7387819475280870e+00   49   49   28   28
 1.5610041412365372e+00   49   49   29   29
 1.2864759657727385e+00   49   49   30   30
 9.3040052676901164e-01   49   49   31   31
 9.3588567542790035e-01   49   49   32   32
 8.5466146769695761e-01   49   49   33   33
 7.8371137159465665e-01   49   49   34   34
 7.7968033312303575e-01   49   49   35   35
 8.4016706320422174e-01   49   49   36   36
 6.3841910383332701e-01   49   49   37   37
 6.9109746561599517e-01   49   49   38   38
 7.1814338511546805e-01   49   49   39   39
 6.8152953550917006e-01   49   49   40   40
 6.3143768230102104e-01   49   49   41   41
 6.1336673469608516e-01   49   49   42   42
 9.3047786652917874e-01   49   49   43   43
 1.0080644652466635e+00   49   49   44   44
 8.4025610477999890e-01   49   49   45   45
 2.4840464563059586e+00   49   49   46   46
 2.7396502171470214e+00   49   49   47   47
 3.8506661155408031e+00   49   49   48   48
 8.4208384499999998e+00   49   49   49   49
 8.4515853583577394e-01   50   50    1    1
 9.3482644841818985e-01   50   50    2    2
 1.0258620010858928e+00   50   50    3    3
 8.3085733153625507e-01   50   50    4    4
 6.5824853756627666e-01   50   50    5    5
 6.5606598894599466e-01   50   50    6    6
 6.2402075922780265e-01   50   50    7    7
 5.9606601290298344e-01   50   50    8    8
 5.6431636099207361e-01   50   50    9    9
 5.9895086978384227e-01   50   50   10   10
 6.2648886957750305e-01   50   50   11   11
 5.3504736268255537e-01   50   50   12   12
 5.2539562157679354e-01   50   50   13   13
 4.9880723726803611e-01   50   50   14   14
 4.8117119389314267e-01   50   50   15   15
 4.8803623803467677e-01   50   50   16   16
 5.1298633681881423e-01   50   50   17   17
 5.6056657859224102e-01   50   50   18   18
 5.9603495622667879e-01   50   50   19   19
 5.8556934148311024e-01   50   50   20   20
 5.4230904231592714e-01   50   50   21   21
 5.1495670679799777e-01   50   50   22   22
 5.2273339018946063e-01   50   50   23   23
 1.2780071389645722e+00   50   50   24   24
 1.3906494441820572e+00   50   50   25   25
 1.7035434166562962e+00   50   50   26   26
 1.9945867613280219e+00   50   50   27   27
 3.8492040616220899e+00   50   50   28   28
 1.7046039976669698e+00   50   50   29   29
 1.3911463109015128e+00   50   50   30   30
 9.7606503377848741e-01   50   50   31   31
 9.6249782223407920e-01   50   50   32   32
 8.7007820270853142e-01   50   50   33   33
 8.0281252753515520e-01   50   50   34   34
 8.0953698378847394e-01   50   50   35   35
 8.8249179669207800e-01   50   50   36   36
 6.8695128895112423e-01   50   50   37   37
 7.4691485536254010e-01   50   50   38   38
 7.7244675782109107e-01   50   50   39   39
 7.2655979466337894e-01   50   50   40   40
 6.7170146726160174e-01   50   50   41   41
 6.5528769011856858e-01   50   50   42   42
 1.0014114008327244e+00   50   50   43   43
 1.0763768587415625e+00   50   50   44   44
 8.9303951321048658e-01   50   50   45   45
 2.7559861731931639e+00   50   50   46   46
 2.4919589080972111e+00   50   50   47   47
 2.7658680939145608e+00   50   50   48   48
 3.8447389948232056e+00   50   50   49   49
 8.4208384499999998e+00   50   50   50   50
 7.1065131729901476e-01   51   51    1    1
 7.0807201338290049e-01   51   51    2    2
 6.6432022240280153e-01   51   51    3    3
 6.6680993922901677e-01   51   51    4    4
 9.8768510770863149e-01   51   51    5    5
 1.0987042571930405e+00   51   51    6    6
 1.2527944365276620e+00   51   51    7    7
 1.2599986558657135e+00   51   51    8    8
 1.4143712721802693e+00   51   51    9    9
 1.0977567013499152e+00   51   51   10   10
 9.9019598306976053e-01   51   51   11   11
 1.7898149999397091e+00   51   51   12   12
 1.9975614178618424e+00   51   51   13   13
 2.6842951177683454e+00   51   51   14   14
 3.7377770297635933e+00   51   51   15   15
 2.6848378099122399e+00   51   51   16   16
 1.9978430753630880e+00   51   51   17   17
 1.2599756533518653e+00   51   51   18   18
 1.0987067302982041e+00   51   51   19   19
 9.9083577551591806e-01   51   51   20   20
 9.8914383464418554e-01   51   51   21   21
 1.0986086171591141e+00   51   51   22   22
 1.2525563188593332e+00   51   51   23   23
 5.5825033719318295e-01   51   51   24   24
 5.3856575267463624e-01   51   51   25   25
 5.1246931894872028e-01   51   51   26   26
 5.0311129183198400e-01   51   51   27   27
 4.8142499848034148e-01   51   51   28   28
 5.1842648369879929e-01   51   51   29   29
 5.4542376052703079e-01   51   51   30   30
 5.7657944113348536e-01   51   51   31   31
 5.3477089801398570e-01   51   51   32   32
 5.2175918464043725e-01   51   51   33   33
 5.4519787969204181e-01   51   51   34   34
 5.9029991947828642e-01   51   51   35   35
 6.0828381219313443e-01   51   51   36   36
 8.7831390503077689e-01   51   51   37   37
 8.3310385095348838e-01   51   51   38   38
 7.5317693011341380e-01   51   51   39   39
 7.1804007243206380e-01   51   51   40   40
 7.4534871960605742e-01   51   51   41   41
 8.2135251115195995e-01   51   51   42   42
 6.2726047668763274e-01   51   51   43   43
 5.8761799452601782e-01   51   51   44   44
 6.3059972904306028e-01   51   51   45   45
 4.7638697196967927e-01   51   51   46   46
 4.4778854920439387e-01   51   51   47   47
 4.2759550163915777e-01   51   51   48   48
 4.3077590405072930e-01   51   51   49   49
 4.5603279789282414e-01   51   51   50   50
 8.4208384499999998e+00   51   51   51   51
 6.1090501956659060e-01   52   52    1    1
 6.0793076141878333e-01   52   52    2    2
 5.7868679498521791e-01   52   52    3    3
 5.8259474838634884e-01   52   52    4    4
 7.8415055748105644e-01   52   52    5    5
 8.5519196398205766e-01   52   52    6    6
 9.3692061640587398e-01   52   52    7    7
 9.3155057858421664e-01   52   52    8    8
 1.0095577369549500e+00   52   52    9    9
 8.4101605492993603e-01   52   52   10   10
 7.8025974335085790e-01   52   52   11   11
 1.1873355914021007e+00   52   52   12   12
 1.2888688765798215e+00   52   52   13   13
 1.5638346221695882e+00   52   52   14   14
 1.8147381589015683e+00   52   52   15   15
 1.5643688379193483e+00   52   52   16   16
 1.2891829638007941e+00   52   52   17   17
 9.3151538274340351e-01   52   52   18   18
 8.4153107497818336e-01   52   52   19   19
 7.8062390278508353e-01   52   52   20   20
 7.8498174351038030e-01   52   52   21   21
 8.5509785731715771e-01   52   52   22   22
 9.3676233126884711e-01   52   52   23   23
 4.9989550836631252e-01   52   52   24   24
 4.8118168959598040e-01   52   52   25   25
 4.5932589026711551e-01   52   52   26   26
 4.5322713330829073e-01   52   52   27   27
 4.3385815026623992e-01   52   52   28   28
 4.6823179308055130e-01   52   52   29   29
 4.9134249617671816e-01   52   52   30   30
 5.2116016488973860e-01   52   52   31   31
 4.8812665968975461e-01   52   52   32   32
 4.8096804857594766e-01   52   52   33   33
 5.0442627193352374e-01   52   52   34   34
 5.4179427596214080e-01   52   52   35   35
 5.5111998893479575e-01   52   52   36   36
 7.1837949193295336e-01   52   52   37   37
 6.9136658245093952e-01   52   52   38   38
 6.3860005507652495e-01   52   52   39   39
 6.1346369485652785e-01   52   52   40   40
 6.3149559332521021e-01   52   52   41   41
 6.8164015360298047e-01   52   52   42   42
 5.5383390264626375e-01   52   52   43   43
 5.2526101682493076e-01   52   52   44   44
 5.5716100540008451e-01   52   52   45   45
 4.3079045070916155e-01   52   52   46   46
 4.0778267019797509e-01   52   52   47   47
 3.9055513333832736e-01   52   52   48   48
 3.9247716211040623e-01   52   52   49   49
 4.1286376356222665e-01   52   52   50   50
 2.4859663553742557e+00   52   52   51   51
 8.4208384499999998e+00   52   52   52   52
 6.0942852404012959e-01   53   53    1    1
 6.0964882248925778e-01   53   53    2    2
 5.7940694958236161e-01   53   53    3    3
 5.7782688845209029e-01   53   53    4    4
 7.9560984776570887e-01   53   53    5    5
 8.6858515622906518e-01   53   53    6    6
 9.6435424649108514e-01   53   53    7    7
 9.7115157612266989e-01   53   53    8    8
 1.0752544248551341e+00   53   53    9    9
 8.7087609534725530e-01   53   53   10   10
 7.9837544124314053e-01   53   53   11   11
 1.2759124389031880e+00   53   53   12   12
 1.4302848081145505e+00   53   53   13   13
 1.7833018688543005e+00   53   53   14   14
 1.9949583672464757e+00   53   53   15   15
 1.6295965424322487e+00   53   53   16   16
 1.3516577983679507e+00   53   53   17   17
 1.0044873027321448e+00   53   53   18   18
 9.0418406018188235e-01   53   53   19   19
 8.4189429367953739e-01   53   53   20   20
 8.5242190314126198e-01   53   53   21   21
 9.3377108116194751e-01   53   53   22   22
 1.0206668483529657e+00   53   53   23   23
 4.9966282396507555e-01   53   53   24   24
 4.8223695911367059e-01   53   53   25   25
 4.6171220122493134e-01   53   53   26   26
 4.5596262788125219e-01   53   53   27   27
 4.3927226195072744e-01   53   53   28   28
 4.7012563242255362e-01   53   53   29   29
 4.9174485812453866e-01   53   53   30   30
 5.1590102755361877e-01   53   53   31   31
 4.8259674042708384e-01   53   53   32   32
 4.7369335151297892e-01   53   53   33   33
 4.9489119114616026e-01   53   53   34   34
 5.3153256784620062e-01   53   53   35   35
 5.4329256107366442e-01   53   53   36   36
 7.2288049040956581e-01   53   53   37   37
 6.9401272431359373e-01   53   53   38   38
 6.3791261334318794e-01   53   53   39   39
 6.1133449315266142e-01   53   53   40   40
 6.3014608886086354e-01   53   53   41   41
 6.8327600378693065e-01   53   53   42   42
 5.5145840488496056e-01   53   53   43   43
 5.2268585407863510e-01   53   53   44   44
 5.5241613533998679e-01   53   53   45   45
 4.3444591185551673e-01   53   53   46   46
 4.1053791141300683e-01   53   53   47   47
 3.9389367052363566e-01   53   53   48   48
 3.9709462660156736e-01   53   53   49   49
 4.1859035849122062e-01   53   53   50   50
 2.7404223951133333e+00   53   53   51   51
 3.8523847968066383e+00   53   53   52   52
 8.4208384499999998e+00   53   53   53   53
 7.1184287541264357e-01   54   54    1    1
 7.0419701511819066e-01   54   54    2    2
 6.6227552839684145e-01   54   54    3    3
 6.7327210028629614e-01   54   54    4    4
 9.6279295266339004e-01   54   54    5    5
 1.0679740719667727e+00   54   54    6    6
 1.1881457056351792e+00   54   54    7    7
 1.1698950182569836e+00   54   54    8    8
 1.2639792363105311e+00   54   54    9    9
 1.0347678683657227e+00   54   54   10   10
 9.5267096245280236e-01   54   54   11   11
 1.5479086611660469e+00   54   54   12   12
 1.6334059777681436e+00   54   54   13   13
 2.0175248477197769e+00   54   54   14   14
 2.6877745231514458e+00   54   54   15   15
 2.3664638233048492e+00   54   54   16   16
 1.7867696580531740e+00   54   54   17   17
 1.1168985863458991e+00   54   54   18   18
 9.8643394083449443e-01   54   54   19   19
 8.9112329916722022e-01   54   54   20   20
 8.8420978511507897e-01   54   54   21   21
 9.7158159216957918e-01   54   54   22   22
 1.0994240175153633e+00   54   54   23   23
 5.5797165827917072e-01   54   54   24   24
 5.3647644238340753e-01   54   54   25   25
 5.0863182705448418e-01   54   54   26   26
 4.9891222608340757e-01   54   54   27   27
 4.7380447159327493e-01   54   54   28   28
 5.1537553461364982e-01   54   54   29   29
 5.4433065526804125e-01   54   54   30   30
 5.8345090377802833e-01   54   54   31   31
 5.4191737522646644e-01   54   54   32   32
 5.3120870338604831e-01   54   54   33   33
 5.5774932278438305e-01   54   54   34   34
 6.0412383460547781e-01   54   54   35   35
 6.1887079830087266e-01   54   54   36   36
 8.6802484625031928e-01   54   54   37   37
 8.2667243353148301e-01   54   54   38   38
 7.5290840071803555e-01   54   54   39   39
 7.2022763932888978e-01   54   54   40   40
 7.4613870206412969e-01   54   54   41   41
 8.1661302375025568e-01   54   54   42   42
 6.2999667338912357e-01   54   54   43   43
 5.9066280037517271e-01   54   54   44   44
 6.3693655242129898e-01   54   54   45   45
 4.7109199160121978e-01   54   54   46   46
 4.4380086520705619e-01   54   54   47   47
 4.2294546683262324e-01   54   54   48   48
 4.2449059783144133e-01   54   54   49   49
 4.4818681279954625e-01   54   54   50   50
 3.8268793275535664e+00   54   54   51   51
 2.7600599305837226e+00   54   54   52   52
 2.4935632535958554e+00   54   54   53   53
 8.4208384499999998e+00   54   54   54   54
 6.5622532441623571e-01   55   55    1    1
 6.4945090460004373e-01   55   55    2    2
 6.1562169569666247e-01   55   55    3    3
 6.2576542744461550e-01   55   55    4    4
 8.5162867295223976e-01   55   55    5    5
 9.3416953292455729e-01   55   55    6    6
 1.0212450658233414e+00   55   55    7    7
 1.0046816417267133e+00   55   55    8    8
 1.0754404000918545e+00   55   55    9    9
 9.0362573918885203e-01   55   55   10   10
 8.4150273693269373e-01   55   55   11   11
 1.2761115729193699e+00   55   55   12   12
 1.3516689267083306e+00   55   55   13   13
 1.6295182826886667e+00   55   55   14   14
 1.9951015422390086e+00   55   55   15   15
 1.7838066613143446e+00   55   55   16   16
 1.4306710971775509e+00   55   55   17   17
 9.7121369610792774e-01   55   55   18   18
 8.7152223984602295e-01   55   55   19   19
 7.9880961114009930e-01   55   55   20   20
 7.9656888163282880e-01   55   55   21   21
 8.6854546329783511e-01   55   55   22   22
 9.6431333451517887e-01   55   55   23   23
 5.2657416377991995e-01   55   55   24   24
 5.0585658765318875e-01   55   55   25   25
 4.8064047072192306e-01   55   55   26   26
 4.7280239857735123e-01   55   55   27   27
 4.4946179730492020e-01   55   55   28   28
 4.8896148271782175e-01   55   55   29   29
 5.1548755723551565e-01   55   55   30   30
 5.5273433978615694e-01   55   55   31   31
 5.1613727473377102e-01   55   55   32   32
 5.0850719683347112e-01   55   55   33   33
 5.3478675946654752e-01   55   55   34   34
 5.7661613126777589e-01   55   55   35   35
 5.8672639645363778e-01   55   55   36   36
 7.7913212685149114e-01   55   55   37   37
 7.4780275513398964e-01   55   55   38   38
 6.8877193798836944e-01   55   55   39   39
 6.6142932125668163e-01   55   55   40   40
 6.8210766595282168e-01   55   55   41   41
 7.3842880750544104e-01   55   55   42   42
 5.8951334059307015e-01   55   55   43   43
 5.5650404246343810e-01   55   55   44   44
 5.9579300447539907e-01   55   55   45   45
 4.4748878840179690e-01   55   55   46   46
 4.2306443931259236e-01   55   55   47   47
 4.0390112857196214e-01   55   55   48   48
 4.0497974943909004e-01   55   55   49   49
 4.2626116101828371e-01   55   55   50   50
 2.7404283104726006e+00   55   55   51   51
 3.8522159509712570e+00   55   55   52   52
 2.7524896069308182e+00   55   55   53   53
 3.8548870879644364e+00   55   55   54   54
 8.4208384499999998e+00   55   55   55   55
 6.3037987720075306e-01   56   56    1    1
 6.4397886248134351e-01   56   56    2    2
 6.0244276636858785e-01   56   56    3    3
 5.7944294017105025e-01   56   56    4    4
 8.4527727694527832e-01   56   56    5    5
 8.3080747275098199e-01   56   56    6    6
 8.9295008504431983e-01   56   56    7    7
 1.0014698422619364e+00   56   56    8    8
 1.0765383019509036e+00   56   56    9    9
 1.0261213609221167e+00   56   56   10   10
 9.3508028280484490e-01   56   56   11   11
 9.7625130058609455e-01   56   56   12   12
 9.6310598095257038e-01   56   56   13   13
 8.7045470217948351e-01   56   56   14   14
 8.0291454719217858e-01   56   56   15   15
 8.0933821451230137e-01   56   56   16   16
 8.8235439025012730e-01   56   56   17   17
 1.2781476359649564e+00   56   56   18   18
 1.3903961123595818e+00   56   56   19   19
 1.7030215374997786e+00   56   56   20   20
 1.9946489933877496e+00   56   56   21   21
 1.7052208308949881e+00   56   56   22   22
 1.3915299306343993e+00   56   56   23   23
 5.2175660810527047e-01   56   56   24   24
 5.2931147201624451e-01   56   56   25   25
 5.2315643426591729e-01   56   56   26   26
 5.0967442203257030e-01   56   56   27   27
 5.2154912220501115e-01   56   56   28   28
 5.0284614546356721e-01   56   56   29   29
 5.0853808325353378e-01   56   56   30   30
 4.9219301550432243e-01   56   56   31   31
 4.6214850618590286e-01   56   56   32   32
 4.3868396547194893e-01   56   56   33   33
 4.3886010940396886e-01   56   56   34   34
 4.6398135102453175e-01   56   56   35   35
 4.9167091764764692e-01   56   56   36   36
 7.7281887145942907e-01   56   56   37   37
 7.2658621560181647e-01   56   56   38   38
 6.7054572841908811e-01   56   56   39   39
 6.5474231324778576e-01   56   56   40   40
 6.8720496105248163e-01   56   56   41   41
 7.4726542414531560e-01   56   56   42   42
 5.5690793266683447e-01   56   56   43   43
 5.2325008004343387e-01   56   56   44   44
 5.4947436765010638e-01   56   56   45   45
 4.9923990384995715e-01   56   56   46   46
 4.6812736644397596e-01   56   56   47   47
 4.5778645007086033e-01   56   56   48   48
 4.7414928474612983e-01   56   56   49   49
 5.0636819730992122e-01   56   56   50   50
 7.3012781860314291e-01   56   56   51   51
 6.1779517650665472e-01   56   56   52   52
 6.6286675162979858e-01   56   56   53   53
 6.6949487623986736e-01   56   56   54   54
 6.2025431482562676e-01   56   56   55   55
 8.4208384499999998e+00   56   56   56   56
 5.9739245600945534e-01   57   57    1    1
 6.1299738092525724e-01   57   57    2    2
 5.7726581810788247e-01   57   57    3    3
 5.5095336075203594e-01   57   57    4    4
 7.8393415937806332e-01   57   57    5    5
 7.7977955513164388e-01   57   57    6    6
 8.4021125824114296e-01   57   57    7    7
 9.3052472637775629e-01   57   57    8    8
 1.0081106299598677e+00   57   57    9    9
 9.3624262517072876e-01   57   57   10   10
 8.5492880287116158e-01   57   57   11   11
 9.3039454572229552e-01   57   57   12   12
 9.3628502508415767e-01   57   57   13   13
 8.5482194980565285e-01   57   57   14   14
 7.8358034487266071e-01   57   57   15   15
 7.7927631286436982e-01   57   57   16   16
 8.3983667293563158e-01   57   57   17   17
 1.1857656806490382e+00   57   57   18   18
 1.2865019147297927e+00   57   57   19   19
 1.5610265797137881e+00   57   57   20   20
 1.8061603260753492e+00   57   57   21   21
 1.5610291508170266e+00   57   57   22   22
 1.2865197542015527e+00   57   57   23   23
 5.0451285363053544e-01   57   57   24   24
 5.1035098461057182e-01   57   57   25   25
 5.0575842659081460e-01   57   57   26   26
 4.9540290520430080e-01   57   57   27   27
 5.0949026252917440e-01   57   57   28   28
 4.9003016610163541e-01   57   57   29   29
 4.9438777943373646e-01   57   57   30   30
 4.7622372760812282e-01   57   57   31   31
 4.4779419258368092e-01   57   57   32   32
 4.2595617303058997e-01   57   57   33   33
 4.2662250250393652e-01   57   57   34   34
 4.5066569716140992e-01   57   57   35   35
 4.7642874628869741e-01   57   57   36   36
 7.1853389947367274e-01   57   57   37   37
 6.8164150207060570e-01   57   57   38   38
 6.3057504659463959e-01   57   57   39   39
 6.1297961431179182e-01   57   57   40   40
 6.3877380403332340e-01   57   57   41   41
 6.9143518273614946e-01   57   57   42   42
 5.3452397485500824e-01   57   57   43   43
 5.0486355315890163e-01   57   57   44   44
 5.2537487791147519e-01   57   57   45   45
 4.8672043878586613e-01   57   57   46   46
 4.5690271597867221e-01   57   57   47   47
 4.4795776815855270e-01   57   57   48   48
 4.6488167057623458e-01   57   57   49   49
 4.9619503397120474e-01   57   57   50   50
 7.1807166348908991e-01   57   57   51   51
 6.1339242765812174e-01   57   57   52   52
 6.6121934892261336e-01   57   57   53   53
 6.5647836217325539e-01   57   57   54   54
 6.1133608322117639e-01   57   57   55   55
 3.8447101599320548e+00   57   57   56   56
 8.4208384499999998e+00   57   57   57   57
 5.9047840628607562e-01   58   58    1    1
 5.8498951385476949e-01   58   58    2    2
 6.1981541512619631e-01   58   58    3    3
 6.3536437557561776e-01   58   58    4    4
 4.7355951710659189e-01   58   58    5    5
 4.8113550324418475e-01   58   58    6    6
 4.5791513020289709e-01   58   58    7    7
 4.3095357243609977e-01   58   58    8    8
 4.1091683854089256e-01   58   58    9    9
 4.2628643731969706e-01   58   58   10   10
 4.4430347568310807e-01   58   58   11   11
 4.1076005192322568e-01   58   58   12   12
 4.0315622420393282e-01   58   58   13   13
 4.0080756921580596e-01   58   58   14   14
 4.0586707532891059e-01   58   58   15   15
 4.1376974540115863e-01   58   58   16   16
 4.1618033166511320e-01   58   58   17   17
 3.9147101096204923e-01   58   58   18   18
 3.9150073916630057e-01   58   58   19   19
 3.7392531612623958e-01   58   58   20   20
 3.5738261699058460e-01   58   58   21   21
 3.5687031797917573e-01   58   58   22   22
 3.7224362787126192e-01   58   58   23   23
 6.8601081532427854e-01   58   58   24   24
 6.4400264713967714e-01   58   58   25   25
 6.1405244597432851e-01   58   58   26   26
 6.1799463610658945e-01   58   58   27   27
 5.4251012570817092e-01   58   58   28   28
 6.5432627698512780e-01   58   58   29   29
 6.9049196013304659e-01   58   58   30   30
 8.0077954192180367e-01   58   58   31   31
 8.7002121256377163e-01   58   58   32   32
 9.8886503059064301e-01   58   58   33   33
 1.0318649622694478e+00   58   58   34   34
 9.2392199462335789e-01   58   58   35   35
 8.2597606794158696e-01   58   58   36   36
 4.9659244988518858e-01   58   58   37   37
 5.2694760787214223e-01   58   58   38   38
 5.5282799071067878e-01   58   58   39   39
 5.4198574678847022e-01   58   58   40   40
 5.0941255249844630e-01   58   58   41   41
 4.8927664349694078e-01   58   58   42   42
 6.7286190059124751e-01   58   58   43   43
 7.1775927917176652e-01   58   58   44   44
 6.8018885592655454e-01   58   58   45   45
 5.8263638137283513e-01   58   58   46   46
 5.9078679711216131e-01   58   58   47   47
 5.5556836870434767e-01   58   58   48   48
 5.2065394769636542e-01   58   58   49   49
 5.1564446894408189e-01   58   58   50   50
 4.0120644839240610e-01   58   58   51   51
 3.8891033205325354e-01   58   58   52   52
 3.7844599181533695e-01   58   58   53   53
 4.1372000266993336e-01   58   58   54   54
 4.0685109385285401e-01   58   58   55   55
 3.2117915149916765e-01   58   58   56   56
 3.1456310624995942e-01   58   58   57   57
 8.4208384499999998e+00   58   58   58   58
 6.0709249459762438e-01   59   59    1    1
 6.2529006850500690e-01   59   59    2    2
 5.8938228723465813e-01   59   59    3    3
 5.5897973676887447e-01   59   59    4    4
 8.0301741374704561e-01   59   59    5    5
 8.0958805457188765e-01   59   59    6    6
 8.8242185102473325e-01   59   59    7    7
 9.7601073158363139e-01   59   59    8    8
 1.0760811761736249e+00   59   59    9    9
 9.6273793721517908e-01   59   59   10   10
 8.7029842952587388e-01   59   59   11   11
 1.0008640145619838e+00   59   59   12   12
 1.0256550400965052e+00   59   59   13   13
 9.3450049415043768e-01   59   59   14   14
 8.4450549946017128e-01   59   59   15   15
 8.2991800164235308e-01   59   59   16   16
 8.9217165997839676e-01   59   59   17   17
 1.2776530367019625e+00   59   59   18   18
 1.3910191965609311e+00   59   59   19   19
 1.7046526714439749e+00   59   59   20   20
 1.9939571582546014e+00   59   59   21   21
 1.7024563785241480e+00   59   59   22   22
 1.3899273342886638e+00   59   59   23   23
 5.1342789810441647e-01   59   59   24   24
 5.1674581034400235e-01   59   59   25   25
 5.1118948349949433e-01   59   59   26   26
 5.0233856481488615e-01   59   59   27   27
 5.1573836182831112e-01   59   59   28   28
 4.9926020509494956e-01   59   59   29   29
 5.0457197122564490e-01   59   59   30   30
 4.8617155190856964e-01   59   59   31   31
 4.5605818195057385e-01   59   59   32   32
 4.3424052319637757e-01   59   59   33   33
 4.3625125363610184e-01   59   59   34   34
 4.6208914329076495e-01   59   59   35   35
 4.8825783027226394e-01   59   59   36   36
 7.3035230161359943e-01   59   59   37   37
 6.9491371652165623e-01   59   59   38   38
 6.3937202315377328e-01   59   59   39   39
 6.1720131364071407e-01   59   59   40   40
 6.4099054891782226e-01   59   59   41   41
 6.9633457231247819e-01   59   59   42   42
 5.4454968794102121e-01   59   59   43   43
 5.1461339558653107e-01   59   59   44   44
 5.3374251384229410e-01   59   59   45   45
 4.9255698915585228e-01   59   59   46   46
 4.6148482604986724e-01   59   59   47   47
 4.5174486705615352e-01   59   59   48   48
 4.6876709654798249e-01   59   59   49   49
 5.0123511628643891e-01   59   59   50   50
 7.7195545930560883e-01   59   59   51   51
 6.5496360651019558e-01   59   59   52   52
 7.1159097180373354e-01   59   59   53   53
 6.9945986956370576e-01   59   59   54   54
 6.5002512380440480e-01   59   59   55   55
 2.7658717573229263e+00   59   59   56   56
 3.8506771917824141e+00   59   59   57   57
 3.2038416464569719e-01   59   59   58   58
 8.4208384499999998e+00   59   59   59   59
 6.5252326373633718e-01   60   60    1    1
 6.7223662046060273e-01   60   60    2    2
 6.2995797366049133e-01   60   60    3    3
 5.9748131695657292e-01   60   60    4    4
 8.9292100351872550e-01   60   60    5    5
 9.0639260279320566e-01   60   60    6    6
 1.0028603002859584e+00   60   60    7    7
 1.1243039940436526e+00   60   60    8    8
 1.2653776724667611e+00   60   60    9    9
 1.0963827182819004e+00   60   60   10   10
 9.7341161578380131e-01   60   60   11   11
 1.1644131250612970e+00   60   60   12   12
 1.1963518026594921e+00   60   60   13   13
 1.0694996764607121e+00   60   60   14   14
 9.5314437650074380e-01   60   60   15   15
 9.3630072036926904e-01   60   60   16   16
 1.0178664563655635e+00   60   60   17   17
 1.5507549798789322e+00   60   60   18   18
 1.7077347929336710e+00   60   60   19   19
 2.1754199036686335e+00   60   60   20   20
 2.6850312764323236e+00   60   60   21   21
 2.1704144331159791e+00   60   60   22   22
 1.7055709533566330e+00   60   60   23   23
 5.4134971941810572e-01   60   60   24   24
 5.4312027582521794e-01   60   60   25   25
 5.3469349683155687e-01   60   60   26   26
 5.2452348001217119e-01   60   60   27   27
 5.3467987323475641e-01   60   60   28   28
 5.2284507529393720e-01   60   60   29   29
 5.3085185239734434e-01   60   60   30   30
 5.1427534872530678e-01   60   60   31   31
 4.8029450642441468e-01   60   60   32   32
 4.5684808825120748e-01   60   60   33   33
 4.6010293159253446e-01   60   60   34   34
 4.8941838070470967e-01   60   60   35   35
 5.1813066322481371e-01   60   60   36   36
 8.0095267388911884e-01   60   60   37   37
 7.5808723359354868e-01   60   60   38   38
 6.9065661118255350e-01   60   60   39   39
 6.6356083946406108e-01   60   60   40   40
 6.9091957557743056e-01   60   60   41   41
 7.5760185954027259e-01   60   60   42   42
 5.7941305206612082e-01   60   60   43   43
 5.4491695843901666e-01   60   60   44   44
 5.6819882986702974e-01   60   60   45   45
 5.1154744267786345e-01   60   60   46   46
 4.7767701397045936e-01   60   60   47   47
 4.6556878061254414e-01   60   60   48   48
 4.8209988819440086e-01   60   60   49   49
 5.1679281356227624e-01   60   60   50   50
 8.5869650677792630e-01   60   60   51   51
 7.1244341676986478e-01   60   60   52   52
 7.7763025371584615e-01   60   60   53   53
 7.7100443400905749e-01   60   60   54   54
 7.0968805841123439e-01   60   60   55   55
 2.4919661977307905e+00   60   60   56   56
 2.7396544351991783e+00   60   60   57   57
 3.3366808949454602e-01   60   60   58   58
 3.8447292198990044e+00   60   60   59   59
 8.4208384499999998e+00   60   60   60   60
 6.9609600321419840e-01   61   61    1    1
 7.1355432584285317e-01   61   61    2    2
 6.6285655554327627e-01   61   61    3    3
 6.3418321011017664e-01   61   61    4    4
 9.8753276432097181e-01   61   61    5    5
 9.8970143412331057e-01   61   61    6    6
 1.0967919638383916e+00   61   61    7    7
 1.2585923088790214e+00   61   61    8    8
 1.4121376778241368e+00   61   61    9    9
 1.2519402437245586e+00   61   61   10   10
 1.0984909119555426e+00   61   61   11   11
 1.2584513842769895e+00   61   61   12   12
 1.2522086833777828e+00   61   61   13   13
 1.0985155906162820e+00   61   61   14   14
 9.8718058498556971e-01   61   61   15   15
 9.8905715344117207e-01   61   61   16   16
 1.0962478466967733e+00   61   61   17   17
 1.7872190327746837e+00   61   61   18   18
 1.9929847871644140e+00   61   61   19   19
 2.6785144551759004e+00   61   61   20   20
 3.7057315133795345e+00   61   61   21   21
 2.6785482170014938e+00   61   61   22   22
 1.9930535143283095e+00   61   61   23   23
 5.6260372260718727e-01   61   61   24   24
 5.6597762767562410e-01   61   61   25   25
 5.5522569934517862e-01   61   61   26   26
 5.4136825471168637e-01   61   61   27   27
 5.4849444839442207e-01   61   61   28   28
 5.3826751806036510e-01   61   61   29   29
 5.4823803820318473e-01   61   61   30   30
 5.3431902424188571e-01   61   61   31   31
 4.9793085470295156e-01   61   61   32   32
 4.7245148069362397e-01   61   61   33   33
 4.7532766034571328e-01   61   61   34   34
 5.0633708432950619e-01   61   61   35   35
 5.3763164652989592e-01   61   61   36   36
 8.7859959409328858e-01   61   61   37   37
 8.2146549672125924e-01   61   61   38   38
 7.4418835764122360e-01   61   61   39   39
 7.1754641188798174e-01   61   61   40   40
 7.5359384205398139e-01   61   61   41   41
 8.3321545781158923e-01   61   61   42   42
 6.0802532290246725e-01   61   61   43   43
 5.6801858484262802e-01   61   61   44   44
 5.9887161080066409e-01   61   61   45   45
 5.2597885484155249e-01   61   61   46   46
 4.9041336105005290e-01   61   61   47   47
 4.7651543344413061e-01   61   61   48   48
 4.9233948678630518e-01   61   61   49   49
 5.2816918035854832e-01   61   61   50   50
 8.7815984292967975e-01   61   61   51   51
 7.1828616997624750e-01   61   61   52   52
 7.7893820863896213e-01   61   61   53   53
 7.9128024841269540e-01   61   61   54   54
 7.2277429373440683e-01   61   61   55   55
 2.7560538104116534e+00   61   61   56   56
 2.4840926641538914e+00   61   61   57   57
 3.4145087758643722e-01   61   61   58   58
 2.7553201510458103e+00   61   61   59   59
 3.8341400043469034e+00   61   61   60   60
 8.4208384499999998e+00   61   61   61   61
 6.8228105866885047e-01   62   62    1    1
 6.9605299211511040e-01   62   62    2    2
 6.4623410826258121e-01   62   62    3    3
 6.2314330903433190e-01   62   62    4    4
 9.5380157871347881e-01   62   62    5    5
 9.3713095899521404e-01   62   62    6    6
 1.0185657359644511e+00   62   62    7    7
 1.1648342471052231e+00   62   62    8    8
 1.2655761349074137e+00   62   62    9    9
 1.1965308555288561e+00   62   62   10   10
 1.0698774479687096e+00   62   62   11   11
 1.1243267145097824e+00   62   62   12   12
 1.0966211332438978e+00   62   62   13   13
 9.7344878082144537e-01   62   62   14   14
 8.9267864204309688e-01   62   62   15   15
 9.0593539282772673e-01   62   62   16   16
 1.0025464184864434e+00   62   62   17   17
 1.5507941772503850e+00   62   62   18   18
 1.7054290625882174e+00   62   62   19   19
 2.1699279853244176e+00   62   62   20   20
 2.6839416181682436e+00   62   62   21   21
 2.1749212317341393e+00   62   62   22   22
 1.7076599488787132e+00   62   62   23   23
 5.5126677445386607e-01   62   62   24   24
 5.5799838520003686e-01   62   62   25   25
 5.4864912911519592e-01   62   62   26   26
 5.3299797843985763e-01   62   62   27   27
 5.4123686121450276e-01   62   62   28   28
 5.2698758102160326e-01   62   62   29   29
 5.3550059706699138e-01   62   62   30   30
 5.2149113475264874e-01   62   62   31   31
 4.8750339574652857e-01   62   62   32   32
 4.6207458410104807e-01   62   62   33   33
 4.6316617579525532e-01   62   62   34   34
 4.9164370555030640e-01   62   62   35   35
 5.2222121253395826e-01   62   62   36   36
 8.5946754996384789e-01   62   62   37   37
 8.0071535422960605e-01   62   62   38   38
 7.3131710046562692e-01   62   62   39   39
 7.1197506507925568e-01   62   62   40   40
 7.5128845233881736e-01   62   62   41   41
 8.2633483108673067e-01   62   62   42   42
 5.9460018762689038e-01   62   62   43   43
 5.5533749629939155e-01   62   62   44   44
 5.8761956418904671e-01   62   62   45   45
 5.1913984015353765e-01   62   62   46   46
 4.8515197808536092e-01   62   62   47   47
 4.7227691159725393e-01   62   62   48   48
 4.8803292655164310e-01   62   62   49   49
 5.2248802748776002e-01   62   62   50   50
 8.0063323417485388e-01   62   62   51   51
 6.6421828907618052e-01   62   62   52   52
 7.1379738043331931e-01   62   62   53   53
 7.3032950673562802e-01   62   62   54   54
 6.7047868193543314e-01   62   62   55   55
 3.8492504441004609e+00   62   62   56   56
 2.7387675543458410e+00   62   62   57   57
 3.3455029048683538e-01   62   62   58   58
 2.4912999877900521e+00   62   62   59   59
 2.7355734905929570e+00   62   62   60   60
 3.8304996087793453e+00   62   62   61   61
 8.4208384499999998e+00   62   62   62   62
 6.5283166758118449e-01   63   63    1    1
 6.5394994203532164e-01   63   63    2    2
 6.1757180137140932e-01   63   63    3    3
 6.1428958681595536e-01   63   63    4    4
 8.8297595531324224e-01   63   63    5    5
 9.7160316074444231e-01   63   63    6    6
 1.0994377879383599e+00   63   63    7    7
 1.1167910487258892e+00   63   63    8    8
 1.2636866804244620e+00   63   63    9    9
 9.8557973857053560e-01   63   63   10   10
 8.9056800522650426e-01   63   63   11   11
 1.5475668650565895e+00   63   63   12   12
 1.7863382899003257e+00   63   63   13   13
 2.3660444422946592e+00   63   63   14   14
 2.6874842597810744e+00   63   63   15   15
 2.0172617871130103e+00   63   63   16   16
 1.6331740299384740e+00   63   63   17   17
 1.1696236561028959e+00   63   63   18   18
 1.0355311927343973e+00   63   63   19   19
 9.5319886688531430e-01   63   63   20   20
 9.6385336427549073e-01   63   63   21   21
 1.0674373099493748e+00   63   63   22   22
 1.1873045615496787e+00   63   63   23   23
 5.2614502918904682e-01   63   63   24   24
 5.0845279614432026e-01   63   63   25   25
 4.8629428484317305e-01   63   63   26   26
 4.7919988816652859e-01   63   63   27   27
 4.6190126010549204e-01   63   63   28   28
 4.9341032184458139e-01   63   63   29   29
 5.1651815109717114e-01   63   63   30   30
 5.4046734112322059e-01   63   63   31   31
 5.0336279112313509e-01   63   63   32   32
 4.9178233131414528e-01   63   63   33   33
 5.1280760317345031e-01   63   63   34   34
 5.5269871295544359e-01   63   63   35   35
 5.6834474407435187e-01   63   63   36   36
 7.9141787839600330e-01   63   63   37   37
 7.5504911449787504e-01   63   63   38   38
 6.8738140335808418e-01   63   63   39   39
 6.5642323458974194e-01   63   63   40   40
 6.7908480025360940e-01   63   63   41   41
 7.4313843588646200e-01   63   63   42   42
 5.8396679206800128e-01   63   63   43   43
 5.5053366302105167e-01   63   63   44   44
 5.8449383408401556e-01   63   63   45   45
 4.5592135557637298e-01   63   63   46   46
 4.2938394859988943e-01   63   63   47   47
 4.1148554302950657e-01   63   63   48   48
 4.1543456382946015e-01   63   63   49   49
 4.3929561274664830e-01   63   63   50   50
 3.8270926367707605e+00   63   63   51   51
 2.7600992026866309e+00   63   63   52   52
 3.8547508131027022e+00   63   63   53   53
 2.7498018796870829e+00   63   63   54   54
 2.4936097415970733e+00   63   63   55   55
 7.2453693836347388e-01   63   63   56   56
 7.2003395402130954e-01   63   63   57   57
 3.8392295518552971e-01   63   63   58   58
 7.7880779601073225e-01   63   63   59   59
 8.6166840849024406e-01   63   63   60   60
 8.6777196690226244e-01   63   63   61   61
 7.8799218486077005e-01   63   63   62   62
 8.4208384499999998e+00   63   63   63   63
 6.3143169414595912e-01   64   64    1    1
 6.2760798568792231e-01   64   64    2    2
 6.6865975671867250e-01   64   64    3    3
 6.8068270228225702e-01   64   64    4    4
 5.0062136449609917e-01   64   64    5    5
 5.1029879931677014e-01   64   64    6    6
 4.8484180914277436e-01   64   64    7    7
 4.5446476737347269e-01   64   64    8    8
 4.3265035969351540e-01   64   64    9    9
 4.4848629562222747e-01   64   64   10   10
 4.6779473517097181e-01   64   64   11   11
 4.3253104845061119e-01   64   64   12   12
 4.2469415311327691e-01   64   64   13   13
 4.2201296980439096e-01   64   64   14   14
 4.2693442516719021e-01   64   64   15   15
 4.3504975880143659e-01   64   64   16   16
 4.3781479843385696e-01   64   64   17   17
 4.1136122828891092e-01   64   64   18   18
 4.1170099087630030e-01   64   64   19   19
 3.9240898346704928e-01   64   64   20   20
 3.7412736697923571e-01   64   64   21   21
 3.7334445418092688e-01   64   64   22   22
 3.9005240439410432e-01   64   64   23   23
 7.4425775815612394e-01   64   64   24   24
 6.9184274496882014e-01   64   64   25   25
 6.5663387747935598e-01   64   64   26   26
 6.6278291866677341e-01   64   64   27   27
 5.7693007941665575e-01   64   64   28   28
 7.0784906058514807e-01   64   64   29   29
 7.5202479951015988e-01   64   64   30   30
 8.8343187332799555e-01   64   64   31   31
 9.6260461747515469e-01   64   64   32   32
 1.1118310082358807e+00   64   64   33   33
 1.1794306368756109e+00   64   64   34   34
 1.0449126089557128e+00   64   64   35   35
 9.1951042857935317e-01   64   64   36   36
 5.2530659597547991e-01   64   64   37   37
 5.6012301380228435e-01   64   64   38   38
 5.8776227265679692e-01   64   64   39   39
 5.7292581036549561e-01   64   64   40   40
 5.3615107390865258e-01   64   64   41   41
 5.1529375378767572e-01   64   64   42   42
 7.2870332350849321e-01   64   64   43   43
 7.8247691074897252e-01   64   64   44   44
 7.3350679345507586e-01   64   64   45   45
 6.2108384746092715e-01   64   64   46   46
 6.2733486321621135e-01   64   64   47   47
 5.8677123184476465e-01   64   64   48   48
 5.4932102373618419e-01   64   64   49   49
 5.4575042006405139e-01   64   64   50   50
 4.2156405762511323e-01   64   64   51   51
 4.0743352593690912e-01   64   64   52   52
 3.9650913246412051e-01   64   64   53   53
 4.3473985210990218e-01   64   64   54   54
 4.2682915329271010e-01   64   64   55   55
 3.3448667892351081e-01   64   64   56   56
 3.2761182126656763e-01   64   64   57   57
 3.8501396896282407e+00   64   64   58   58
 3.3417650988814707e-01   64   64   59   59
 3.4862422486726413e-01   64   64   60   60
 3.5678157992711801e-01   64   64   61   61
 3.4894760071039982e-01   64   64   62   62
 4.0279056547289394e-01   64   64   63   63
 8.4208384499999998e+00   64   64   64   64
 6.6123446842526579e-01   65   65    1    1
 6.5464706824553920e-01   65   65    2    2
 6.9542871276369034e-01   65   65    3    3
 7.1427726635255295e-01   65   65    4    4
 5.2484411719803559e-01   65   65    5    5
 5.3653508569491071e-01   65   65    6    6
 5.0917542381969649e-01   65   65    7    7
 4.7572548076769666e-01   65   65    8    8
 4.5234477364947789e-01   65   65    9    9
 4.6850190676686976e-01   65   65   10   10
 4.8886911435766162e-01   65   65   11   11
 4.5340582882575120e-01   65   65   12   12
 4.4483636076851213e-01   65   65   13   13
 4.4279993821647284e-01   65   65   14   14
 4.4923500268303040e-01   65   65   15   15
 4.5827976805088089e-01   65   65   16   16
 4.6032942709353258e-01   65   65   17   17
 4.2841716429255045e-01   65   65   18   18
 4.2758751677810175e-01   65   65   19   19
 4.0627320566418273e-01   65   65   20   20
 3.8717034455040628e-01   65   65   21   21
 3.8721095915632814e-01   65   65   22   22
 4.0573736629644519e-01   65   65   23   23
 7.6001569325075302e-01   65   65   24   24
 7.0233163718109648e-01   65   65   25   25
 6.6134327778367474e-01   65   65   26   26
 6.6478275545561916e-01   65   65   27   27
 5.7653180253550163e-01   65   65   28   28
 7.1221868061619875e-01   65   65   29   29
 7.6372597055537395e-01   65   65   30   30
 9.1910059632649244e-01   65   65   31   31
 9.8999537856895881e-01   65   65   32   32
 1.1481449284455341e+00   65   65   33   33
 1.2532313671979514e+00   65   65   34   34
 1.1217115458544258e+00   65   65   35   35
 9.7348078481011668e-01   65   65   36   36
 5.5076216410411161e-01   65   65   37   37
 5.8758380207005978e-01   65   65   38   38
 6.1599538957820155e-01   65   65   39   39
 5.9954472906692313e-01   65   65   40   40
 5.6091869112507065e-01   65   65   41   41
 5.3959461317889545e-01   65   65   42   42
 7.5849232859268778e-01   65   65   43   43
 8.0906662320106748e-01   65   65   44   44
 7.6769865990042374e-01   65   65   45   45
 6.1902266627812330e-01   65   65   46   46
 6.2014438607755884e-01   65   65   47   47
 5.7815000409332673e-01   65   65   48   48
 5.4323903945516283e-01   65   65   49   49
 5.4307730289882616e-01   65   65   50   50
 4.4410288841560880e-01   65   65   51   51
 4.2956961812141109e-01   65   65   52   52
 4.1683992949405785e-01   65   65   53   53
 4.5958901517819256e-01   65   65   54   54
 4.5136681118069649e-01   65   65   55   55
 3.4391755782131544e-01   65   65   56   56
 3.3661578298841455e-01   65   65   57   57
 2.7541644361580966e+00   65   65   58   58
 3.4379043011189203e-01   65   65   59   59
 3.5944360008250253e-01   65   65   60   60
 3.6819856897820480e-01   65   65   61   61
 3.5955336186508163e-01   65   65   62   62
 4.2324667622042156e-01   65   65   63   63
 3.8466455109361699e+00   65   65   64   64
 8.4208384499999998e+00   65   65   65   65
 5.9834462330090332e-01   66   66    1    1
 5.8708938711203473e-01   66   66    2    2
 6.1575988821909144e-01   66   66    3    3
 6.4462204794841338e-01   66   66    4    4
 4.8697754044209973e-01   66   66    5    5
 4.9540205827513617e-01   66   66    6    6
 4.7150386868995553e-01   66   66    7    7
 4.4328361480463041e-01   66   66    8    8
 4.2256671699070625e-01   66   66    9    9
 4.3805417486582587e-01   66   66   10   10
 4.5647281095258307e-01   66   66   11   11
 4.2430037189168135e-01   66   66   12   12
 4.1570346446403539e-01   66   66   13   13
 4.1478832490642831e-01   66   66   14   14
 4.2257839686032717e-01   66   66   15   15
 4.3185308418896007e-01   66   66   16   16
 4.3265004879985469e-01   66   66   17   17
 4.0074355263403855e-01   66   66   18   18
 3.9852914646513449e-01   66   66   19   19
 3.7941507914847811e-01   66   66   20   20
 3.6330179538826735e-01   66   66   21   21
 3.6444886769005030e-01   66   66   22   22
 3.8145728188323197e-01   66   66   23   23
 6.5942727149199720e-01   66   66   24   24
 6.1864909486392039e-01   66   66   25   25
 5.8499238157375844e-01   66   66   26   26
 5.8371151610531247e-01   66   66   27   27
 5.1290161671492573e-01   66   66   28   28
 6.1683581614322658e-01   66   66   29   29
 6.5635226022712012e-01   66   66   30   30
 7.7927931206921419e-01   66   66   31   31
 8.3099221143656599e-01   66   66   32   32
 9.3740596214020722e-01   66   66   33   33
 1.0003566401315642e+00   66   66   34   34
 9.1656814035020384e-01   66   66   35   35
 8.1678511445525048e-01   66   66   36   36
 5.1031158155387435e-01   66   66   37   37
 5.3907239502177406e-01   66   66   38   38
 5.6445980724943234e-01   66   66   39   39
 5.5547095082226727e-01   66   66   40   40
 5.2443973539833244e-01   66   66   41   41
 5.0419099412003920e-01   66   66   42   42
 6.6669696181928650e-01   66   66   43   43
 6.9978767740154357e-01   66   66   44   44
 6.8250727476510731e-01   66   66   45   45
 5.4754980970825240e-01   66   66   46   46
 5.4975768447244244e-01   66   66   47   47
 5.1635503787619097e-01   66   66   48   48
 4.8711821692871704e-01   66   66   49   49
 4.8607617773833955e-01   66   66   50   50
 4.1915850430038043e-01   66   66   51   51
 4.0839759080241295e-01   66   66   52   52
 3.9529633960464328e-01   66   66   53   53
 4.3489613067813432e-01   66   66   54   54
 4.2878527358960122e-01   66   66   55   55
 3.2457742296461745e-01   66   66   56   56
 3.1749546611737595e-01   66   66   57   57
 2.7550647304742504e+00   66   66   58   58
 3.2358577817516138e-01   66   66   59   59
 3.3770619129284918e-01   66   66   60   60
 3.4611434143934933e-01   66   66   61   61
 3.3881999611920582e-01   66   66   62   62
 4.0002984564108013e-01   66   66   63   63
 2.4945877562027783e+00   66   66   64   64
 2.7542407503793243e+00   66   66   65   65
 8.4208384499999998e+00   66   66   66   66
 5.7627740680866246e-01   67   67    1    1
 5.6761275050324467e-01   67   67    2    2
 5.9723269787696531e-01   67   67    3    3
 6.1995815086279293e-01   67   67    4    4
 4.6760108740733802e-01   67   67    5    5
 4.7469064992667981e-01   67   67    6    6
 4.5212390148727288e-01   67   67    7    7
 4.2604756364267138e-01   67   67    8    8
 4.0647699400992260e-01   67   67    9    9
 4.2167676644593188e-01   67   67   10   10
 4.3930657260162720e-01   67   67   11   11
 4.0714343916667911e-01   67   67   12   12
 3.9921143098954359e-01   67   67   13   13
 3.9763802257673259e-01   67   67   14   14
 4.0394499318403793e-01   67   67   15   15
 4.1234586766216458e-01   67   67   16   16
 4.1389962466405467e-01   67   67   17   17
 3.8676465555205974e-01   67   67   18   18
 3.8565543740002806e-01   67   67   19   19
 3.6812059563750466e-01   67   67   20   20
 3.5252418663656465e-01   67   67   21   21
 3.5288073205942572e-01   67   67   22   22
 3.6840894977053745e-01   67   67   23   23
 6.4930565592665479e-01   67   67   24   24
 6.1164064819821506e-01   67   67   25   25
 5.8186066975504780e-01   67   67   26   26
 5.8245666834781162e-01   67   67   27   27
 5.1323858571305292e-01   67   67   28   28
 6.1410640626668400e-01   67   67   29   29
 6.4907781357160110e-01   67   67   30   30
 7.5771779635567538e-01   67   67   31   31
 8.1511909040919384e-01   67   67   32   32
 9.1809746890133470e-01   67   67   33   33
 9.6298514526084722e-01   67   67   34   34
 8.7440423777457632e-01   67   67   35   35
 7.8486395298410017e-01   67   67   36   36
 4.9004757311625119e-01   67   67   37   37
 5.1784637519055532e-01   67   67   38   38
 5.4274107247071068e-01   67   67   39   39
 5.3433307128754404e-01   67   67   40   40
 5.0422523163473254e-01   67   67   41   41
 4.8437359112496076e-01   67   67   42   42
 6.4655666517918864e-01   67   67   43   43
 6.8273974584573127e-01   67   67   44   44
 6.5855093358933736e-01   67   67   45   45
 5.4903312861595022e-01   67   67   46   46
 5.5477469057151185e-01   67   67   47   47
 5.2247885054976873e-01   67   67   48   48
 4.9150703046058525e-01   67   67   49   49
 4.8802611423638798e-01   67   67   50   50
 4.0013069469561768e-01   67   67   51   51
 3.8929748344322057e-01   67   67   52   52
 3.7788938151869217e-01   67   67   53   53
 4.1374869100569556e-01   67   67   54   54
 4.0765798738003639e-01   67   67   55   55
 3.1666214940674553e-01   67   67   56   56
 3.0995025569007417e-01   67   67   57   57
 3.8488627331877008e+00   67   67   58   58
 3.1557476107181709e-01   67   67   59   59
 3.2873549217479464e-01   67   67   60   60
 3.3663511626520659e-01   67   67   61   61
 3.2995543914939435e-01   67   67   62   62
 3.8269163338023943e-01   67   67   63   63
 2.7537099405750296e+00   67   67   64   64
 2.4936231343763380e+00   67   67   65   65
 3.8487022151733385e+00   67   67   66   66
 8.4208384499999998e+00   67   67   67   67
 6.4149038632541278e-01   68   68    1    1
 6.3052612102007510e-01   68   68    2    2
 6.6386649786424490e-01   68   68    3    3
 6.9262159139838320e-01   68   68    4    4
 5.1682416239748463e-01   68   68    5    5
 5.2768078916399308e-01   68   68    6    6
 5.0128157355014391e-01   68   68    7    7
 4.6918911694752252e-01   68   68    8    8
 4.4647417849454529e-01   68   68    9    9
 4.6245280548120077e-01   68   68   10   10
 4.8229525590144351e-01   68   68   11   11
 4.4858715394574594e-01   68   68   12   12
 4.3957347443056066e-01   68   68   13   13
 4.3855619410866392e-01   68   68   14   14
 4.4666369699270880e-01   68   68   15   15
 4.5639255384369887e-01   68   68   16   16
 4.5729379675026155e-01   68   68   17   17
 4.2229766657663448e-01   68   68   18   18
 4.2002542161436890e-01   68   68   19   19
 3.9887804259332138e-01   68   68   20   20
 3.8103667250726087e-01   68   68   21   21
 3.8215607693987885e-01   68   68   22   22
 4.0081542956559346e-01   68   68   23   23
 7.1076248578043399e-01   68   68   24   24
 6.6083570203958497e-01   68   68   25   25
 6.2154711908338345e-01   68   68   26   26
 6.2101950331333888e-01   68   68   27   27
 5.4170264526155554e-01   68   68   28   28
 6.6099931922857047e-01   68   68   29   29
 7.0848049973448890e-01   68   68   30   30
 8.5503728272487889e-01   68   68   31   31
 9.1056725020913920e-01   68   68   32   32
 1.0399104136735096e+00   68   68   33   33
 1.1330087796882444e+00   68   68   34   34
 1.0347896382019335e+00   68   68   35   35
 9.0725700467630677e-01   68   68   36   36
 5.4194333821837792e-01   68   68   37   37
 5.7509320836707867e-01   68   68   38   38
 6.0219392328732835e-01   68   68   39   39
 5.8933851260925929e-01   68   68   40   40
 5.5412979900443649e-01   68   68   41   41
 5.3313508979545765e-01   68   68   42   42
 7.2124298593908287e-01   68   68   43   43
 7.5958852867014170e-01   68   68   44   44
 7.3692416470940802e-01   68   68   45   45
 5.7909103008922302e-01   68   68   46   46
 5.7882651364133941e-01   68   68   47   47
 5.4110792912507533e-01   68   68   48   48
 5.1035020065289893e-01   68   68   49   49
 5.1105250554729309e-01   68   68   50   50
 4.4267560995545285e-01   68   68   51   51
 4.3011961435865464e-01   68   68   52   52
 4.1611713088576074e-01   68   68   53   53
 4.5966964722622705e-01   68   68   54   54
 4.5250918371186027e-01   68   68   55   55
 3.3841088391002505e-01   68   68   56   56
 3.3099877785807785e-01   68   68   57   57
 2.4944703028670667e+00   68   68   58   58
 3.3788249713640534e-01   68   68   59   59
 3.5331391765157111e-01   68   68   60   60
 3.6220093308192830e-01   68   68   61   61
 3.5389161578154732e-01   68   68   62   62
 4.2162022596469773e-01   68   68   63   63
 2.7525488444133410e+00   68   68   64   64
 3.8464481853014938e+00   68   68   65   65
 3.8503137515068921e+00   68   68   66   66
 2.7536314324505300e+00   68   68   67   67
 8.4208384499999998e+00   68   68   68   68
 6.3712945576828706e-01   69   69    1    1
 6.4051419161334611e-01   69   69    2    2
 6.7651508774662006e-01   69   69    3    3
 6.7084124358864139e-01   69   69    4    4
 5.3205782879599006e-01   69   69    5    5
 5.5423076007795069e-01   69   69    6    6
 5.3288686968297172e-01   69   69    7    7
 4.9537947462560661e-01   69   69    8    8
 4.7569250603373509e-01   69   69    9    9
 4.8033707707610845e-01   69   69   10   10
 4.9500599655432292e-01   69   69   11   11
 4.8253545039727869e-01   69   69   12   12
 4.7931076952385931e-01   69   69   13   13
 4.8208371359770225e-01   69   69   14   14
 4.8873236812838622e-01   69   69   15   15
 4.9249974756062176e-01   69   69   16   16
 4.8941080576414842e-01   69   69   17   17
 4.4910430615936625e-01   69   69   18   18
 4.4693635853627528e-01   69   69   19   19
 4.2353592583607935e-01   69   69   20   20
 4.0365328309457632e-01   69   69   21   21
 4.0462794989267042e-01   69   69   22   22
 4.2508783735047773e-01   69   69   23   23
 7.1310491756643479e-01   69   69   24   24
 6.5128228656865084e-01   69   69   25   25
 6.1598175500392360e-01   69   69   26   26
 6.2802446949073976e-01   69   69   27   27
 5.5668614045704312e-01   69   69   28   28
 6.8227491888635161e-01   69   69   29   29
 7.3050857966765026e-01   69   69   30   30
 8.4703029830370902e-01   69   69   31   31
 8.6815707022492439e-01   69   69   32   32
 9.6982892307290935e-01   69   69   33   33
 1.0931945641398362e+00   69   69   34   34
 1.0578265653234751e+00   69   69   35   35
 9.2759299184321276e-01   69   69   36   36
 5.4834399024988589e-01   69   69   37   37
 5.8335179355560296e-01   69   69   38   38
 5.9771946676963139e-01   69   69   39   39
 5.7212007208187465e-01   69   69   40   40
 5.3928287339222736e-01   69   69   41   41
 5.2891205942154984e-01   69   69   42   42
 7.1788248461944104e-01   69   69   43   43
 7.5734293367053784e-01   69   69   44   44
 7.1236007049901384e-01   69   69   45   45
 5.8705969538412284e-01   69   69   46   46
 5.7891567271684996e-01   69   69   47   47
 5.4301512330878210e-01   69   69   48   48
 5.1871738501794074e-01   69   69   49   49
 5.2496622249798719e-01   69   69   50   50
 4.8792042378669925e-01   69   69   51   51
 4.7904361879059731e-01   69   69   52   52
 4.6303690035545392e-01   69   69   53   53
 5.0687656070906040e-01   69   69   54   54
 5.0183738351079776e-01   69   69   55   55
 3.5414338163074821e-01   69   69   56   56
 3.4864474599717576e-01   69   69   57   57
 1.3094542173742592e+00   69   69   58   58
 3.5882177598849913e-01   69   69   59   59
 3.7622160419641043e-01   69   69   60   60
 3.8291820051423825e-01   69   69   61   61
 3.7070074400530439e-01   69   69   62   62
 4.6696252408554717e-01   69   69   63   63
 1.5167247444412779e+00   69   69   64   64
 1.7415644014571428e+00   69   69   65   65
 1.3767656971137234e+00   69   69   66   66
 1.2612932329944733e+00   69   69   67   67
 1.6259292378748684e+00   69   69   68   68
 8.4208384499999998e+00   69   69   69   69
 6.8058728451299855e-01   70   70    1    1
 6.8793670007957730e-01   70   70    2    2
 7.2911348152199806e-01   70   70    3    3
 7.1446931414987191e-01   70   70    4    4
 5.6592353143322105e-01   70   70    5    5
 5.9274037665137780e-01   70   70    6    6
 5.6961075104833214e-01   70   70    7    7
 5.2687569344428453e-01   70   70    8    8
 5.0539561171225622e-01   70   70    9    9
 5.0889178053168127e-01   70   70   10   10
 5.2427326779864392e-01   70   70   11   11
 5.1299472268644952e-01   70   70   12   12
 5.1026486027637097e-01   70   70   13   13
 5.1302292947413786e-01   70   70   14   14
 5.1913669606880819e-01   70   70   15   15
 5.2238917249274353e-01   70   70   16   16
 5.1936186196143508e-01   70   70   17   17
 4.7602579501140679e-01   70   70   18   18
 4.7414302599953356e-01   70   70   19   19
 4.4817564492476558e-01   70   70   20   20
 4.2588554225530090e-01   70   70   21   21
 4.2657566036407729e-01   70   70   22   22
 4.4900906851208366e-01   70   70   23   23
 7.6474997646574849e-01   70   70   24   24
 6.9228574291369105e-01   70   70   25   25
 6.5244083932251729e-01   70   70   26   26
 6.6703544796503533e-01   70   70   27   27
 5.8906260857410719e-01   70   70   28   28
 7.3042113884435089e-01   70   70   29   29
 7.8691826601534931e-01   70   70   30   30
 9.1584978098080028e-01   70   70   31   31
 9.2803861698486578e-01   70   70   32   32
 1.0340046216777201e+00   70   70   33   33
 1.1844017316971944e+00   70   70   34   34
 1.1675323201896828e+00   70   70   35   35
 1.0176548012007003e+00   70   70   36   36
 5.8242903307285143e-01   70   70   37   37
 6.2241937369018641e-01   70   70   38   38
 6.3586593602719865e-01   70   70   39   39
 6.0409749036753024e-01   70   70   40   40
 5.6767958550487652e-01   70   70   41   41
 5.5831448701647435e-01   70   70   42   42
 7.7195279344610446e-01   70   70   43   43
 8.1564122545162643e-01   70   70   44   44
 7.6083783990574716e-01   70   70   45   45
 6.2046826205027583e-01   70   70   46   46
 6.0793984529004907e-01   70   70   47   47
 5.6818711639913078e-01   70   70   48   48
 5.4375099392860327e-01   70   70   49   49
 5.5306960147755713e-01   70   70   50   50
 5.1747532482689695e-01   70   70   51   51
 5.0566624757960799e-01   70   70   52   52
 4.8915315944988419e-01   70   70   53   53
 5.3726368905844701e-01   70   70   54   54
 5.3055505409768233e-01   70   70   55   55
 3.7120353550919605e-01   70   70   56   56
 3.6552587112764695e-01   70   70   57   57
 1.1676498856002664e+00   70   70   58   58
 3.7695952276533828e-01   70   70   59   59
 3.9609494243885174e-01   70   70   60   60
 4.0307960755817229e-01   70   70   61   61
 3.8926605273450537e-01   70   70   62   62
 4.9436692636968327e-01   70   70   63   63
 1.3569912370792376e+00   70   70   64   64
 1.5427245679165202e+00   70   70   65   65
 1.2089478836292218e+00   70   70   66   66
 1.1161118041602927e+00   70   70   67   67
 1.4237938989108978e+00   70   70   68   68
 3.8371684139740521e+00   70   70   69   69
 8.4208384499999998e+00   70   70   70   70
 7.4677558702344937e-01   71   71    1    1
 7.5586057365676340e-01   71   71    2    2
 8.0785935907337947e-01   71   71    3    3
 7.8935977849680716e-01   71   71    4    4
 6.0361533862615657e-01   71   71    5    5
 6.3190373002252975e-01   71   71    6    6
 6.0323285316907849e-01   71   71    7    7
 5.5542508583933570e-01   71   71    8    8
 5.2978612227403743e-01   71   71    9    9
 5.3722303766016621e-01   71   71   10   10
 5.5613726433420174e-01   71   71   11   11
 5.3559376091823574e-01   71   71   12   12
 5.3074385540678404e-01   71   71   13   13
 5.3110691297039803e-01   71   71   14   14
 5.3665526056260515e-01   71   71   15   15
 5.4202249664123925e-01   71   71   16   16
 5.4150033916034457e-01   71   71   17   17
 4.9805816479437376e-01   71   71   18   18
 4.9711597197764251e-01   71   71   19   19
 4.6885153116411649e-01   71   71   20   20
 4.4394174118400054e-01   71   71   21   21
 4.4389554284148330e-01   71   71   22   22
 4.6791047507336125e-01   71   71   23   23
 8.5499733366946340e-01   71   71   24   24
 7.6585989886510364e-01   71   71   25   25
 7.1635800679022732e-01   71   71   26   26
 7.3173054663617432e-01   71   71   27   27
 6.3658848774421595e-01   71   71   28   28
 8.0730825539093609e-01   71   71   29   29
 8.7955260752480813e-01   71   71   30   30
 1.0509617744632205e+00   71   71   31   31
 1.0669979530589735e+00   71   71   32   32
 1.2071527361426322e+00   71   71   33   33
 1.4200285568114079e+00   71   71   34   34
 1.3952366648742114e+00   71   71   35   35
 1.1849035380650752e+00   71   71   36   36
 6.2482252760273504e-01   71   71   37   37
 6.7287198968780060e-01   71   71   38   38
 6.9120974192270612e-01   71   71   39   39
 6.5396299680163772e-01   71   71   40   40
 6.1002815561050427e-01   71   71   41   41
 5.9765907980853106e-01   71   71   42   42
 8.6353629546261557e-01   71   71   43   43
 9.2015587561669065e-01   71   71   44   44
 8.4908637400973785e-01   71   71   45   45
 6.7450242989800024e-01   71   71   46   46
 6.5898702989186653e-01   71   71   47   47
 6.1128655182111757e-01   71   71   48   48
 5.8264063160600454e-01   71   71   49   49
 5.9374433193789977e-01   71   71   50   50
 5.3187783922544685e-01   71   71   51   51
 5.1398495334551864e-01   71   71   52   52
 4.9822568083919688e-01   71   71   53   53
 5.5123857300023782e-01   71   71   54   54
 5.4106021809041460e-01   71   71   55   55
 3.8573145318185043e-01   71   71   56   56
 3.7907499270896694e-01   71   71   57   57
 1.1944862677785335e+00   71   71   58   58
 3.9069420360001766e-01   71   71   59   59
 4.1113020542587292e-01   71   71   60   60
 4.1938602007263986e-01   71   71   61   61
 4.0520334635940802e-01   71   71   62   62
 5.0609215109863037e-01   71   71   63   63
 1.4170018509236619e+00   71   71   64   64
 1.6251122632151498e+00   71   71   65   65
 1.2195330873731249e+00   71   71   66   66
 1.1276601960569503e+00   71   71   67   67
 1.4600370244067560e+00   71   71   68   68
 2.7432103667051102e+00   71   71   69   69
 3.8504612004686654e+00   71   71   70   70
 8.4208384499999998e+00   71   71   71   71
 6.4372711603752841e-01   72   72    1    1
 6.4405484242585165e-01   72   72    2    2
 6.8178489962199285e-01   72   72    3    3
 6.8339226217699156e-01   72   72    4    4
 5.2873083341818039e-01   72   72    5    5
 5.4759411237730526e-01   72   72    6    6
 5.2419255015585686e-01   72   72    7    7
 4.8795885618360979e-01   72   72    8    8
 4.6702841781115007e-01   72   72    9    9
 4.7545181114166918e-01   72   72   10   10
 4.9194989948586060e-01   72   72   11   11
 4.7200034278184211e-01   72   72   12   12
 4.6690356507263253e-01   72   72   13   13
 4.6807433317190361e-01   72   72   14   14
 4.7479372787148133e-01   72   72   15   15
 4.8046127735171507e-01   72   72   16   16
 4.7903276220515273e-01   72   72   17   17
 4.4126920324116603e-01   72   72   18   18
 4.3947601287623772e-01   72   72   19   19
 4.1676465677138969e-01   72   72   20   20
 3.9719763878877601e-01   72   72   21   21
 3.9791412001154186e-01   72   72   22   22
 4.1774153748111598e-01   72   72   23   23
 7.2705187705026353e-01   72   72   24   24
 6.6554769443106976e-01   72   72   25   25
 6.2842421071603816e-01   72   72   26   26
 6.3832107946297312e-01   72   72   27   27
 5.6170915616006167e-01   72   72   28   28
 6.9127063242068643e-01   72   72   29   29
 7.4099414778374062e-01   72   72   30   30
 8.7092393457376782e-01   72   72   31   31
 9.0590156892102813e-01   72   72   32   32
 1.0260168318305074e+00   72   72   33   33
 1.1528609157843499e+00   72   72   34   34
 1.0887621132493672e+00   72   72   35   35
 9.4680576090296009e-01   72   72   36   36
 5.4807996873020970e-01   72   72   37   37
 5.8371784179915553e-01   72   72   38   38
 6.0240116428872714e-01   72   72   39   39
 5.7940543581099646e-01   72   72   40   40
 5.4481877789031252e-01   72   72   41   41
 5.3117358275357052e-01   72   72   42   42
 7.3005103610781918e-01   72   72   43   43
 7.7334174071877115e-01   72   72   44   44
 7.2868823283029860e-01   72   72   45   45
 5.9579512497783171e-01   72   72   46   46
 5.9036246572935969e-01   72   72   47   47
 5.5263882578224532e-01   72   72   48   48
 5.2516669856551768e-01   72   72   49   49
 5.2944701687079510e-01   72   72   50   50
 4.7255102021252487e-01   72   72   51   51
 4.6181607908201466e-01   72   72   52   52
 4.4681070939178641e-01   72   72   53   53
 4.9048788657239994e-01   72   72   54   54
 4.8439579746579459e-01   72   72   55   55
 3.4981493367174094e-01   72   72   56   56
 3.4374509251325258e-01   72   72   57   57
 1.5975529961686978e+00   72   72   58   58
 3.5291475261246269e-01   72   72   59   59
 3.6970183988215516e-01   72   72   60   60
 3.7706657234696922e-01   72   72   61   61
 3.6603795697593638e-01   72   72   62   62
 4.5154716921594601e-01   72   72   63   63
 1.9132670862107684e+00   72   72   64   64
 2.3019514341815555e+00   72   72   65   65
 1.6899708910958278e+00   72   72   66   66
 1.5267523663577742e+00   72   72   67   67
 2.0850553086231933e+00   72   72   68   68
 3.8443056455023181e+00   72   72   69   69
 2.7355043302440003e+00   72   72   70   70
 2.4635916262212660e+00   72   72   71   71
 8.4208384499999998e+00   72   72   72   72
 6.9876595633083460e-01   73   73    1    1
 6.9860379533500228e-01   73   73    2    2
 7.4460916005722810e-01   73   73    3    3
 7.4797435565847215e-01   73   73    4    4
 5.5907722895221168e-01   73   73    5    5
 5.7802162756376441e-01   73   73    6    6
 5.5005842788931103e-01   73   73    7    7
 5.1040214765680603e-01   73   73    8    8
 4.8611050343103829e-01   73   73    9    9
 4.9833205171451361e-01   73   73   10   10
 5.1800019658869456e-01   73   73   11   11
 4.8948339655476608e-01   73   73   12   12
 4.8250662305133835e-01   73   73   13   13
 4.8177607926896066e-01   73   73   14   14
 4.8818824379335740e-01   73   73   15   15
 4.9569985336608657e-01   73   73   16   16
 4.9631243015310916e-01   73   73   17   17
 4.5868034182091594e-01   73   73   18   18
 4.5760190803355250e-01   73   73   19   19
 4.3325296112452427e-01   73   73   20   20
 4.1174804222690659e-01   73   73   21   21
 4.1189349496877070e-01   73   73   22   22
 4.3287157801666953e-01   73   73   23   23
 8.0300030894262531e-01   73   73   24   24
 7.2997318393486754e-01   73   73   25   25
 6.8479510939592636e-01   73   73   26   26
 6.9414979950280176e-01   73   73   27   27
 6.0233889816619690e-01   73   73   28   28
 7.5510770000204097e-01   73   73   29   29
 8.1642419289708057e-01   73   73   30   30
 9.8419195686131633e-01   73   73   31   31
 1.0337697183788508e+00   73   73   32   32
 1.1952165631335332e+00   73   73   33   33
 1.3668656427962800e+00   73   73   34   34
 1.2647641822593163e+00   73   73   35   35
 1.0760379872517289e+00   73   73   36   36
 5.8295280992922760e-01   73   73   37   37
 6.2467281997446467e-01   73   73   38   38
 6.4877780788081985e-01   73   73   39   39
 6.2296075893498859e-01   73   73   40   40
 5.8193618710209416e-01   73   73   41   41
 5.6472350788960879e-01   73   73   42   42
 8.0579762191639437e-01   73   73   43   43
 8.6035454811987322e-01   73   73   44   44
 8.0497110971625052e-01   73   73   45   45
 6.4301613971250671e-01   73   73   46   46
 6.3667308440714587e-01   73   73   47   47
 5.9196640786901045e-01   73   73   48   48
 5.5986262655134889e-01   73   73   49   49
 5.6469921755547681e-01   73   73   50   50
 4.8356852640405978e-01   73   73   51   51
 4.6828685558042937e-01   73   73   52   52
 4.5383133426828581e-01   73   73   53   53
 5.0120274088377947e-01   73   73   54   54
 4.9252121067983901e-01   73   73   55   55
 3.6190820518913003e-01   73   73   56   56
 3.5495756599093564e-01   73   73   57   57
 1.6769087840112482e+00   73   73   58   58
 3.6412976582026096e-01   73   73   59   59
 3.8186105171392293e-01   73   73   60   60
 3.9033504968649629e-01   73   73   61   61
 3.7921128726997638e-01   73   73   62   62
 4.6055244056121336e-01   73   73   63   63
 2.1217316919377645e+00   73   73   64   64
 2.6827390045183104e+00   73   73   65   65
 1.7260229811427483e+00   73   73   66   66
 1.5615123454904645e+00   73   73   67   67
 2.2301409805677523e+00   73   73   68   68
 2.7764989497707719e+00   73   73   69   69
 2.5037890025089151e+00   73   73   70   70
 2.7386307401910437e+00   73   73   71   71
 3.8579455320524465e+00   73   73   72   72
 8.4208384499999998e+00   73   73   73   73
 7.5904021040737546e-01   74   74    1    1
 7.6324618638732689e-01   74   74    2    2
 8.1877687944801703e-01   74   74    3    3
 8.1203480582619869e-01   74   74    4    4
 5.9949899305493282e-01   74   74    5    5
 6.2285693830115985e-01   74   74    6    6
 5.9132105786741718e-01   74   74    7    7
 5.4554843912423634e-01   74   74    8    8
 5.1833875761550674e-01   74   74    9    9
 5.3094002789205219e-01   74   74   10   10
 5.5241837653799941e-01   74   74   11   11
 5.2171160774162206e-01   74   74   12   12
 5.1442238280256902e-01   74   74   13   13
 5.1289256125036931e-01   74   74   14   14
 5.1870841097598519e-01   74   74   15   15
 5.2648109632948892e-01   74   74   16   16
 5.2796080968769166e-01   74   74   17   17
 4.8783297137596499e-01   74   74   18   18
 4.8731998481419009e-01   74   74   19   19
 4.6008236811645847e-01   74   74   20   20
 4.3571942111489886e-01   74   74   21   21
 4.3538947051651417e-01   74   74   22   22
 4.5851048800940092e-01   74   74   23   23
 8.8190411531732149e-01   74   74   24   24
 7.9131657327822691e-01   74   74   25   25
 7.3773909260403070e-01   74   74   26   26
 7.4974632873816460e-01   74   74   27   27
 6.4514179526800763e-01   74   74   28   28
 8.2427673643433641e-01   74   74   29   29
 9.0055437731647592e-01   74   74   30   30
 1.1027313784459933e+00   74   74   31   31
 1.1457581854542820e+00   74   74   32   32
 1.3315242759383903e+00   74   74   33   33
 1.5762049801093612e+00   74   74   34   34
 1.4803737596144770e+00   74   74   35   35
 1.2321285110700220e+00   74   74   36   36
 6.2529140432823649e-01   74   74   37   37
 6.7448882763405837e-01   74   74   38   38
 6.9972136206167557e-01   74   74   39   39
 6.6604027453470993e-01   74   74   40   40
 6.1899039113147836e-01   74   74   41   41
 6.0173971939549498e-01   74   74   42   42
 8.8751292399708026e-01   74   74   43   43
 9.5248833952070644e-01   74   74   44   44
 8.7973562183066423e-01   74   74   45   45
 6.8908755791859178e-01   74   74   46   46
 6.7721583140238106e-01   74   74   47   47
 6.2606246992277059e-01   74   74   48   48
 5.9263242865750754e-01   74   74   49   49
 6.0108323225052673e-01   74   74   50   50
 5.1245246010345480e-01   74   74   51   51
 4.9311627011996001e-01   74   74   52   52
 4.7841372757505346e-01   74   74   53   53
 5.3066006632250096e-01   74   74   54   54
 5.1965987344308073e-01   74   74   55   55
 3.8041330307397531e-01   74   74   56   56
 3.7304089920712963e-01   74   74   57   57
 1.3972755974571347e+00   74   74   58   58
 3.8334905235578032e-01   74   74   59   59
 4.0293358520793576e-01   74   74   60   60
 4.1202354707322975e-01   74   74   61   61
 3.9941797005680596e-01   74   74   62   62
 4.8690155215138214e-01   74   74   63   63
 1.7200285822417418e+00   74   74   64   64
 2.0437600707839851e+00   74   74   65   65
 1.4157511553883784e+00   74   74   66   66
 1.3013227954837032e+00   74   74   67   67
 1.7559871004325900e+00   74   74   68   68
 2.4990514727838691e+00   74   74   69   69
 2.7640553594589492e+00   74   74   70   70
 3.8422952783409681e+00   74   74   71   71
 2.7307786235048357e+00   74   74   72   72
 3.8187906366666184e+00   74   74   73   73
 8.4208384499999998e+00   74   74   74   74
 7.8342177472917518e-01   75   75    1    1
 7.7951572002707736e-01   75   75    2    2
 8.4034317922968971e-01   75   75    3    3
 8.5442008060853714e-01   75   75    4    4
 5.9668985623269644e-01   75   75    5    5
 6.1221046699206150e-01   75   75    6    6
 5.7654086526505122e-01   75   75    7    7
 5.3390619107120574e-01   75   75    8    8
 5.0433382409978789e-01   75   75    9    9
 5.2479998310099163e-01   75   75   10   10
 5.5035329709178871e-01   75   75   11   11
 5.0386406360185476e-01   75   75   12   12
 4.9322736307015397e-01   75   75   13   13
 4.8879101339802039e-01   75   75   14   14
 4.9448713129481209e-01   75   75   15   15
 5.0541456802168616e-01   75   75   16   16
 5.1010362449642166e-01   75   75   17   17
 4.7578443403515985e-01   75   75   18   18
 4.7620000806776269e-01   75   75   19   19
 4.5044756403207248e-01   75   75   20   20
 4.2662459679163411e-01   75   75   21   21
 4.2566093151193984e-01   75   75   22   22
 4.4744748158346220e-01   75   75   23   23
 9.3168643747083235e-01   75   75   24   24
 8.4199030557967491e-01   75   75   25   25
 7.8120702128682684e-01   75   75   26   26
 7.8554922619248457e-01   75   75   27   27
 6.6444690614331359e-01   75   75   28   28
 8.5545186965823483e-01   75   75   29   29
 9.3682879874918812e-01   75   75   30   30
 1.1871712352435506e+00   75   75   31   31
 1.2903652248878192e+00   75   75   32   32
 1.5665990624337593e+00   75   75   33   33
 1.8152302864968513e+00   75   75   34   34
 1.5616108843680929e+00   75   75   35   35
 1.2877286723397048e+00   75   75   36   36
 6.2984496611839180e-01   75   75   37   37
 6.8091989977468104e-01   75   75   38   38
 7.1785871620449249e-01   75   75   39   39
 6.9075222256401692e-01   75   75   40   40
 6.3806828491955092e-01   75   75   41   41
 6.1225410187678875e-01   75   75   42   42
 9.3095689482071009e-01   75   75   43   43
 1.0093757440752973e+00   75   75   44   44
 9.3619207894858358e-01   75   75   45   45
 7.1893006615930533e-01   75   75   46   46
 7.1361409452231994e-01   75   75   47   47
 6.5601321929536804e-01   75   75   48   48
 6.1403858152738533e-01   75   75   49   49
 6.1810872416750606e-01   75   75   50   50
 4.8587695465039765e-01   75   75   51   51
 4.6402343589106537e-01   75   75   52   52
 4.5124116220333815e-01   75   75   53   53
 5.0188589463491029e-01   75   75   54   54
 4.8948789337618726e-01   75   75   55   55
 3.7539262865518652e-01   75   75   56   56
 3.6685957616127751e-01   75   75   57   57
 1.7260817768767598e+00   75   75   58   58
 3.7526238135076728e-01   75   75   59   59
 3.9371303927557394e-01   75   75   60   60
 4.0411101831332036e-01   75   75   61   61
 3.9382084039460385e-01   75   75   62   62
 4.6083626548539769e-01   75   75   63   63
 2.2290287315024058e+00   75   75   64   64
 2.6857782695474968e+00   75   75   65   65
 1.6797226888138252e+00   75   75   66   66
 1.5628601318966544e+00   75   75   67   67
 2.1266216069591555e+00   75   75   68   68
 1.7093263582949505e+00   75   75   69   69
 1.7026171263069474e+00   75   75   70   70
 2.0355943743486500e+00   75   75   71   71
 2.0567531922384257e+00   75   75   72   72
 2.8689411356919678e+00   75   75   73   73
 2.8463741684354367e+00   75   75   74   74
 8.4208384499999998e+00   75   75   75   75
 8.2556286514594845e-01   76   76    1    1
 8.2818996389145894e-01   76   76    2    2
 8.9698985622065863e-01   76   76    3    3
 8.9488817923984476e-01   76   76    4    4
 6.2841478461407685e-01   76   76    5    5
 6.4966183656104881e-01   76   76    6    6
 6.1201962477273664e-01   76   76    7    7
 5.6359373228147724e-01   76   76    8    8
 5.3227669675502087e-01   76   76    9    9
 5.5098468204470874e-01   76   76   10   10
 5.7689514271866049e-01   76   76   11   11
 5.3274744862609569e-01   76   76   12   12
 5.2268924029279573e-01   76   76   13   13
 5.1831282074546603e-01   76   76   14   14
 5.2356228255346449e-01   76   76   15   15
 5.3391290899450161e-01   76   76   16   16
 5.3849800828625705e-01   76   76   17   17
 5.0080135074774057e-01   76   76   18   18
 5.0144955190472340e-01   76   76   19   19
 4.7302847648980118e-01   76   76   20   20
 4.4681606054520284e-01   76   76   21   21
 4.4564119220303688e-01   76   76   22   22
 4.6943917027437071e-01   76   76   23   23
 9.8539905332323974e-01   76   76   24   24
 8.7751782003704071e-01   76   76   25   25
 8.1066171402670628e-01   76   76   26   26
 8.1972617941192194e-01   76   76   27   27
 6.9185186429040213e-01   76   76   28   28
 9.0395899182914929e-01   76   76   29   29
 9.9929941303260761e-01   76   76   30   30
 1.2762336253511930e+00   76   76   31   31
 1.3535030273150812e+00   76   76   32   32
 1.6329354740837507e+00   76   76   33   33
 1.9976048468301251e+00   76   76   34   34
 1.7817000330395931e+00   76   76   35   35
 1.4295475324898812e+00   76   76   36   36
 6.6118109303664363e-01   76   76   37   37
 7.1832144619117533e-01   76   76   38   38
 7.5300479787660424e-01   76   76   39   39
 7.1676748897167530e-01   76   76   40   40
 6.6049586111010394e-01   76   76   41   41
 6.3727777213753567e-01   76   76   42   42
 9.8947353406992944e-01   76   76   43   43
 1.0754163558198442e+00   76   76   44   44
 9.8349267037647969e-01   76   76   45   45
 7.4595337643689719e-01   76   76   46   46
 7.3333862371087966e-01   76   76   47   47
 6.7212349132016314e-01   76   76   48   48
 6.3189805207744121e-01   76   76   49   49
 6.4055494720321260e-01   76   76   50   50
 5.1425894751170786e-01   76   76   51   51
 4.8998105241869122e-01   76   76   52   52
 4.7652051284828312e-01   76   76   53   53
 5.3124239794499806e-01   76   76   54   54
 5.1744285099983345e-01   76   76   55   55
 3.9024749240799866e-01   76   76   56   56
 3.8173029730284253e-01   76   76   57   57
 1.4140453425017037e+00   76   76   58   58
 3.9153388574608233e-01   76   76   59   59
 4.1171066368095133e-01   76   76   60   60
 4.2221820381950309e-01   76   76   61   61
 4.1013816088168292e-01   76   76   62   62
 4.8716381879902665e-01   76   76   63   63
 1.7522300291651636e+00   76   76   64   64
 2.0445698252757141e+00   76   76   65   65
 1.3999521876728389e+00   76   76   66   66
 1.3018074713732732e+00   76   76   67   67
 1.7248707136338610e+00   76   76   68   68
 1.8400152760663291e+00   76   76   69   69
 1.9831292730021053e+00   76   76   70   70
 2.6131984652295337e+00   76   76   71   71
 2.0594641973696648e+00   76   76   72   72
 2.8468727925122099e+00   76   76   73   73
 3.7747385181503272e+00   76   76   74   74
 3.8183228859078886e+00   76   76   75   75
 8.4208384499999998e+00   76   76   76   76
 9.2558958141562098e-01   77   77    1    1
 9.3383254623131429e-01   77   77    2    2
 1.0253264380207103e+00   77   77    3    3
 1.0098351077659056e+00   77   77    4    4
 6.8013611027593068e-01   77   77    5    5
 7.0384245827786573e-01   77   77    6    6
 6.5872836310624128e-01   77   77    7    7
 6.0323158396928989e-01   77   77    8    8
 5.6664539861367136e-01   77   77    9    9
 5.8979560451803204e-01   77   77   10   10
 6.2023522857530566e-01   77   77   11   11
 5.6482202841283013e-01   77   77   12   12
 5.5274693302517008e-01   77   77   13   13
 5.4554692735392751e-01   77   77   14   14
 5.4952554307592894e-01   77   77   15   15
 5.6159061123256926e-01   77   77   16   16
 5.6925058157621400e-01   77   77   17   17
 5.3219159581844078e-01   77   77   18   18
 5.3440920817493942e-01   77   77   19   19
 5.0282668575431511e-01   77   77   20   20
 4.7285988217138586e-01   77   77   21   21
 4.7055339855548617e-01   77   77   22   22
 4.9644329250902636e-01   77   77   23   23
 1.1391838814140194e+00   77   77   24   24
 9.9515633675737381e-01   77   77   25   25
 9.0772064697009114e-01   77   77   26   26
 9.1654602387443507e-01   77   77   27   27
 7.5851317255298889e-01   77   77   28   28
 1.0228678956069168e+00   77   77   29   29
 1.1535648864461294e+00   77   77   30   30
 1.5482438332915216e+00   77   77   31   31
 1.6351791118206160e+00   77   77   32   32
 2.0203646388231431e+00   77   77   33   33
 2.6896702390204705e+00   77   77   34   34
 2.3639752650720234e+00   77   77   35   35
 1.7861166491580112e+00   77   77   36   36
 7.1939185087626634e-01   77   77   37   37
 7.8994396582211190e-01   77   77   38   38
 8.3234081729134324e-01   77   77   39   39
 7.8520891680870497e-01   77   77   40   40
 7.1647538510450193e-01   77   77   41   41
 6.8962330303695618e-01   77   77   42   42
 1.1460404782752183e+00   77   77   43   43
 1.2642107912610456e+00   77   77   44   44
 1.1289464385777821e+00   77   77   45   45
 8.2219129386138956e-01   77   77   46   46
 8.0155600847163333e-01   77   77   47   47
 7.2714337652746019e-01   77   77   48   48
 6.8218864075432950e-01   77   77   49   49
 6.9543681776387112e-01   77   77   50   50
 5.3671112902844498e-01   77   77   51   51
 5.0594017729741947e-01   77   77   52   52
 4.9338562659220009e-01   77   77   53   53
 5.5286504397536862e-01   77   77   54   54
 5.3539788927281684e-01   77   77   55   55
 4.1096398497056769e-01   77   77   56   56
 4.0139886888102072e-01   77   77   57   57
 1.2182063435187851e+00   77   77   58   58
 4.1183469614404800e-01   77   77   59   59
 4.3391317093620185e-01   77   77   60   60
 4.4581724439277903e-01   77   77   61   61
 4.3282109366672566e-01   77   77   62   62
 5.0686731165785670e-01   77   77   63   63
 1.4573722266682145e+00   77   77   64   64
 1.6259386584112383e+00   77   77   65   65
 1.1969034877926901e+00   77   77   66   66
 1.1282219752372609e+00   77   77   67   67
 1.4208390071794896e+00   77   77   68   68
 1.5111300506233565e+00   77   77   69   69
 1.6794860582388140e+00   77   77   70   70
 2.1854591334972118e+00   77   77   71   71
 1.6100924203894424e+00   77   77   72   72
 2.0373600918497559e+00   77   77   73   73
 2.6169762362474573e+00   77   77   74   74
 2.7377527426068946e+00   77   77   75   75
 3.8464756669529656e+00   77   77   76   76
 8.4208384499999998e+00   77   77   77   77
 9.8684608960694142e-01   78   78    1    1
 9.8948476037888722e-01   78   78    2    2
 1.0970215188582393e+00   78   78    3    3
 1.0973783575097071e+00   78   78    4    4
 6.9573899411208606e-01   78   78    5    5
 7.1328927499635653e-01   78   78    6    6
 6.6269283086944264e-01   78   78    7    7
 6.0786460492377448e-01   78   78    8    8
 5.6797709964049137e-01   78   78    9    9
 5.9863999667735357e-01   78   78   10   10
 6.3386857503754090e-01   78   78   11   11
 5.6252753560639956e-01   78   78   12   12
 5.4756474417243539e-01   78   78   13   13
 5.3759252169868188e-01   78   78   14   14
 5.4107323848604294e-01   78   78   15   15
 5.5562129939566685e-01   78   78   16   16
 5.6642179656201075e-01   78   78   17   17
 5.3429842175094133e-01   78   78   18   18
 5.3781103997062374e-01   78   78   19   19
 5.0646395375019992e-01   78   78   20   20
 4.7570599109235739e-01   78   78   21   21
 4.7251246108247980e-01   78   78   22   22
 4.9798666247448942e-01   78   78   23   23
 1.2593924139354800e+00   78   78   24   24
 1.0982796077560459e+00   78   78   25   25
 9.9064351202132062e-01   78   78   26   26
 9.8913042912681604e-01   78   78   27   27
 8.0049752813323605e-01   78   78   28   28
 1.0985865228085450e+00   78   78   29   29
 1.2522269220088613e+00   78   78   30   30
 1.7883810383890111e+00   78   78   31   31
 1.9964790021440817e+00   78   78   32   32
 2.6825094650254466e+00   78   78   33   33
 3.7353713499963708e+00   78   78   34   34
 2.6829895980466754e+00   78   78   35   35
 1.9966679632219058e+00   78   78   36   36
 7.4367305558928931e-01   78   78   37   37
 8.2093381331449489e-01   78   78   38   38
 8.7786532005138773e-01   78   78   39   39
 8.3231804004301091e-01   78   78   40   40
 7.5280341745442492e-01   78   78   41   41
 7.1691001172376501e-01   78   78   42   42
 1.2587849982745580e+00   78   78   43   43
 1.4133498962072319e+00   78   78   44   44
 1.2510310541764795e+00   78   78   45   45
 8.7827917502798158e-01   78   78   46   46
 8.5920330195132633e-01   78   78   47   47
 7.7239867383317506e-01   78   78   48   48
 7.1826927104211369e-01   78   78   49   49
 7.3009771500995635e-01   78   78   50   50
 5.2589833144386300e-01   78   78   51   51
 4.9228316587317461e-01   78   78   52   52
 4.8120282653160373e-01   78   78   53   53
 5.4027526512282820e-01   78   78   54   54
 5.2125750068854682e-01   78   78   55   55
 4.1513586139412989e-01   78   78   56   56
 4.0438481759803241e-01   78   78   57   57
 1.2049561443553276e+00   78   78   58   58
 4.1365582752885882e-01   78   78   59   59
 4.3550879235079293e-01   78   78   60   60
 4.4879763827164448e-01   78   78   61   61
 4.3721548468493354e-01   78   78   62   62
 4.9594939820725237e-01   78   78   63   63
 1.4174430360153505e+00   78   78   64   64
 1.5377558157077975e+00   78   78   65   65
 1.1666173618811500e+00   78   78   66   66
 1.1140344443071437e+00   78   78   67   67
 1.3556020776147082e+00   78   78   68   68
 1.2705957853856245e+00   78   78   69   69
 1.3649085431509356e+00   78   78   70   70
 1.6744360991792295e+00   78   78   71   71
 1.3742407981922689e+00   78   78   72   72
 1.6965140698350782e+00   78   78   73   73
 1.9765764586285888e+00   78   78   74   74
 2.4878521398670133e+00   78   78   75   75
 2.7497035893445987e+00   78   78   76   76
 3.8293305439187972e+00   78   78   77   77
 8.4208384499999998e+00   78   78   78   78
 8.1702640021624318e-01   79   79    1    1
 8.0856242695473945e-01   79   79    2    2
 8.7526651645550269e-01   79   79    3    3
 9.0207755258494526e-01   79   79    4    4
 6.0626454856476597e-01   79   79    5    5
 6.1757971567468029e-01   79   79    6    6
 5.7855001716105836e-01   79   79    7    7
 5.3654762451488147e-01   79   79    8    8
 5.0481638801382600e-01   79   79    9    9
 5.3039487821419351e-01   79   79   10   10
 5.5907783354125062e-01   79   79   11   11
 5.0185037529565057e-01   79   79   12   12
 4.8920616642719716e-01   79   79   13   13
 4.8278065143728233e-01   79   79   14   14
 4.8806106815849204e-01   79   79   15   15
 5.0076631141506767e-01   79   79   16   16
 5.0770854513530950e-01   79   79   17   17
 4.7685778356258540e-01   79   79   18   18
 4.7813218607055846e-01   79   79   19   19
 4.5262244648434347e-01   79   79   20   20
 4.2833646721664309e-01   79   79   21   21
 4.2676244073764363e-01   79   79   22   22
 4.4820947757064850e-01   79   79   23   23
 9.8888433339487536e-01   79   79   24   24
 8.9768243317267016e-01   79   79   25   25
 8.2902199696271317e-01   79   79   26   26
 8.2683454534450429e-01   79   79   27   27
 6.9035938732770363e-01   79   79   28   28
 8.9479516736928333e-01   79   79   29   29
 9.8275286517470761e-01   79   79   30   30
 1.2739530849237457e+00   79   79   31   31
 1.4287535147210486e+00   79   79   32   32
 1.7804603974964366e+00   79   79   33   33
 1.9887406010070734e+00   79   79   34   34
 1.6245589133398011e+00   79   79   35   35
 1.3488310092739511e+00   79   79   36   36
 6.4483953128893190e-01   79   79   37   37
 6.9904557138546675e-01   79   79   38   38
 7.4462453903238746e-01   79   79   39   39
 7.2048125383262585e-01   79   79   40   40
 6.6203787907094336e-01   79   79   41   41
 6.3003604558600579e-01   79   79   42   42
 9.8358203496155783e-01   79   79   43   43
 1.0739227034315053e+00   79   79   44   44
 9.9737794403266700e-01   79   79   45   45
 7.5326709162529926e-01   79   79   46   46
 7.5117560936732630e-01   79   79   47   47
 6.8695925934741930e-01   79   79   48   48
 6.3853638811397573e-01   79   79   49   49
 6.4062416580227355e-01   79   79   50   50
 4.7763503405418678e-01   79   79   51   51
 4.5334287317571920e-01   79   79   52   52
 4.4176160405009035e-01   79   79   53   53
 4.9226529627601134e-01   79   79   54   54
 4.7852116318056603e-01   79   79   55   55
 3.7824229893343209e-01   79   79   56   56
 3.6883773656962698e-01   79   79   57   57
 1.6901306224902461e+00   79   79   58   58
 3.7634444275738077e-01   79   79   59   59
 3.9458839499313370e-01   79   79   60   60
 4.0598045817316825e-01   79   79   61   61
 3.9677332795843517e-01   79   79   62   62
 4.5243802847054110e-01   79   79   63   63
 2.0845886415082644e+00   79   79   64   64
 2.3018313105727568e+00   79   79   65   65
 1.5984743409791278e+00   79   79   66   66
 1.5273679147176447e+00   79   79   67   67
 1.9142244622996325e+00   79   79   68   68
 1.3792880887881609e+00   79   79   69   69
 1.3782569322563831e+00   79   79   70   70
 1.6093933184538962e+00   79   79   71   71
 1.6109788217761745e+00   79   79   72   72
 2.0558857248319566e+00   79   79   73   73
 2.0598580840907825e+00   79   79   74   74
 3.8570643402681837e+00   79   79   75   75
 2.7333667839176545e+00   79   79   76   76
 2.4651012615215704e+00   79   79   77   77
 2.7230716406515318e+00   79   79   78   78
 8.4208384499999998e+00   79   79   79   79
 9.1407898908035257e-01   80   80    1    1
 9.0626834675006029e-01   80   80    2    2
 9.9360718003132531e-01   80   80    3    3
 1.0211599558344391e+00   80   80    4    4
 6.5243465642830278e-01   80   80    5    5
 6.6366715156336864e-01   80   80    6    6
 6.1762520313356051e-01   80   80    7    7
 5.7050803470831013e-01   80   80    8    8
 5.3394436755870822e-01   80   80    9    9
 5.6484580904707249e-01   80   80   10   10
 5.9836687075720640e-01   80   80   11   11
 5.2849171692387209e-01   80   80   12   12
 5.1369054884754950e-01   80   80   13   13
 5.0467375627471955e-01   80   80   14   14
 5.0901078508150299e-01   80   80   15   15
 5.2351020755361466e-01   80   80   16   16
 5.3334850439259784e-01   80   80   17   17
 5.0380518750740000e-01   80   80   18   18
 5.0652932418781360e-01   80   80   19   19
 4.7859445803180273e-01   80   80   20   20
 4.5118909854786132e-01   80   80   21   21
 4.4856225714571191e-01   80   80   22   22
 4.7161485733520980e-01   80   80   23   23
 1.1458862157174645e+00   80   80   24   24
 1.0260992882913182e+00   80   80   25   25
 9.3460790809231731e-01   80   80   26   26
 9.2722189266859223e-01   80   80   27   27
 7.5685593508958005e-01   80   80   28   28
 1.0103076748480411e+00   80   80   29   29
 1.1290767454446007e+00   80   80   30   30
 1.5472870126236384e+00   80   80   31   31
 1.7852342670329422e+00   80   80   32   32
 2.3627722624324212e+00   80   80   33   33
 2.6867485610293897e+00   80   80   34   34
 2.0183946135382405e+00   80   80   35   35
 1.6339187178879786e+00   80   80   36   36
 6.9865988045116068e-01   80   80   37   37
 7.6472325187152979e-01   80   80   38   38
 8.2140484418235349e-01   80   80   39   39
 7.9048804991571631e-01   80   80   40   40
 7.1871897339157309e-01   80   80   41   41
 6.8067189038159248e-01   80   80   42   42
 1.1379406734841904e+00   80   80   43   43
 1.2633994792485017e+00   80   80   44   44
 1.1516854754404038e+00   80   80   45   45
 8.3251347201240500e-01   80   80   46   46
 8.2557731583264982e-01   80   80   47   47
 7.4641587059925896e-01   80   80   48   48
 6.9082633933189719e-01   80   80   49   49
 6.9576840440479759e-01   80   80   50   50
 4.9559455635426108e-01   80   80   51   51
 4.6603881953145337e-01   80   80   52   52
 4.5523039141692501e-01   80   80   53   53
 5.0946903144187183e-01   80   80   54   54
 4.9276967307355241e-01   80   80   55   55
 3.9706728205914060e-01   80   80   56   56
 3.8654221879891287e-01   80   80   57   57
 1.3767433954356347e+00   80   80   58   58
 3.9432489626522221e-01   80   80   59   59
 4.1406977543389833e-01   80   80   60   60
 4.2689169361438617e-01   80   80   61   61
 4.1725962075722312e-01   80   80   62   62
 4.6821619860275732e-01   80   80   63   63
 1.6250329373840158e+00   80   80   64   64
 1.7420018379431110e+00   80   80   65   65
 1.3111990121974464e+00   80   80   66   66
 1.2622604646989171e+00   80   80   67   67
 1.5187762068255684e+00   80   80   68   68
 1.2325447685233684e+00   80   80   69   69
 1.2733093550980457e+00   80   80   70   70
 1.5098494369868425e+00   80   80   71   71
 1.3790713422565475e+00   80   80   72   72
 1.7086521395101446e+00   80   80   73   73
 1.8397381488735571e+00   80   80   74   74
 2.7739743289480576e+00   80   80   75   75
 2.4989158574774852e+00   80   80   76   76
 2.7404094979910738e+00   80   80   77   77
 3.8180499854852563e+00   80   80   78   78
 3.8476675645800658e+00   80   80   79   79
 8.4208384499999998e+00   80   80   80   80
 1.0869661400600594e+00   81   81    1    1
 1.0809113895524778e+00   81   81    2    2
 1.1549047650030162e+00   81   81    3    3
 1.1747967119672789e+00   81   81    4    4
 8.5329009568883296e-01   81   81    5    5
 8.7646876515910299e-01   81   81    6    6
 8.3033375421844946e-01   81   81    7    7
 7.7179309685843611e-01   81   81    8    8
 7.3261043027588557e-01   81   81    9    9
 7.5752986108280951e-01   81   81   10   10
 7.9084690522568046e-01   81   81   11   11
 7.3467454837577451e-01   81   81   12   12
 7.2128044390706214e-01   81   81   13   13
 7.1768935851952687e-01   81   81   14   14
 7.2729662777668846e-01   81   81   15   15
 7.4139372394853964e-01   81   81   16   16
 7.4503820053353709e-01   81   81   17   17
 6.9205495591638255e-01   81   81   18   18
 6.9118870044941083e-01   81   81   19   19
 6.5499335928579339e-01   81   81   20   20
 6.2239685832237945e-01   81   81   21   21
 6.2207391804808632e-01   81   81   22   22
 6.5318044133948316e-01   81   81   23   23
 1.2631588920881869e+00   81   81   24   24
 1.1528306512572870e+00   81   81   25   25
 1.0791958600183620e+00   81   81   26   26
 1.0881092275511470e+00   81   81   27   27
 9.3605895647000958e-01   81   81   28   28
 1.1778513181168888e+00   81   81   29   29
 1.2747210536607059e+00   81   81   30   30
 1.5604028330031086e+00   81   81   31   31
 1.6732170953589014e+00   81   81   32   32
 1.9686379411132859e+00   81   81   33   33
 2.2220774507812098e+00   81   81   34   34
 1.9844212891490445e+00   81   81   35   35
 1.6825006014117512e+00   81   81   36   36
 8.9543211563575487e-01   81   81   37   37
 9.6074252787307368e-01   81   81   38   38
 1.0061722885015179e+00   81   81   39   39
 9.7165154874617510e-01   81   81   40   40
 9.0484267778649174e-01   81   81   41   41
 8.7202264053970613e-01   81   81   42   42
 1.2631181839259060e+00   81   81   43   43
 1.3549697305700403e+00   81   81   44   44
 1.2709674540487053e+00   81   81   45   45
 1.0059897109744289e+00   81   81   46   46
 1.0014457023534546e+00   81   81   47   47
 9.2857000534054968e-01   81   81   48   48
 8.7295322998066172e-01   81   81   49   49
 8.7689363876196946e-01   81   81   50   50
 7.1806957315245434e-01   81   81   51   51
 6.9201637723838572e-01   81   81   52   52
 6.7158730639737663e-01   81   81   53   53
 7.4319000745927499e-01   81   81   54   54
 7.2841035452520797e-01   81   81   55   55
 5.4925903528497044e-01   81   81   56   56
 5.3766594443405991e-01   81   81   57   57
 3.1050791726489906e+00   81   81   58   58
 5.5017882564722742e-01   81   81   59   59
 5.7645325650042589e-01   81   81   60   60
 5.9050443589589952e-01   81   81   61   61
 5.7531194577932343e-01   81   81   62   62
 6.8304377007282957e-01   81   81   63   63
 4.2095324823781972e+00   81   81   64   64
 5.8792606470923561e+00   81   81   65   65
 3.1048068766710011e+00   81   81   66   66
 2.8169597374306217e+00   81   81   67   67
 4.2084880540158096e+00   81   81   68   68
 3.0926221495703072e+00   81   81   69   69
 2.8488662365059856e+00   81   81   70   70
 3.1792853882549710e+00   81   81   71   71
 4.1149845828902443e+00   81   81   72   72
 5.9382380708786942e+00   81   81   73   73
 4.4028735290519929e+00   81   81   74   74
 5.9429184303195504e+00   81   81   75   75
 4.4041041935426346e+00   81   81   76   76
 3.1807733547312864e+00   81   81   77   77
 2.8365811763016469e+00   81   81   78   78
 4.1126903806552884e+00   81   81   79   79
 3.0914942695286314e+00   81   81   80   80
 1.7979842710000000e+01   81   81   81   81
 2.6854495405694969e+00   82   82    1    1
 3.4964567211283222e+00   82   82    2    2
 4.3855852564894242e+00   82   82    3    3
 2.4630738519051087e+00   82   82    4    4
 1.6979218964524803e+00   82   82    5    5
 1.7344546699927943e+00   82   82    6    6
 1.5694788879099215e+00   82   82    7    7
 1.4181250896914894e+00   82   82    8    8
 1.2878459947162411e+00   82   82    9    9
 1.4045700538024182e+00   82   82   10   10
 1.5130667696422826e+00   82   82   11   11
 1.2142621732758205e+00   82   82   12   12
 1.1691132539035018e+00   82   82   13   13
 1.0972369053560849e+00   82   82   14   14
 1.0637835314060062e+00   82   82   15   15
 1.0962618733336889e+00   82   82   16   16
 1.1679733060341750e+00   82   82   17   17
 1.2277361414521681e+00   82   82   18   18
 1.2919013348653896e+00   82   82   19   19
 1.2089744574956320e+00   82   82   20   20
 1.0916539695376932e+00   82   82   21   21
 1.0514100855427024e+00   82   82   22   22
 1.1052302160147407e+00   82   82   23   23
 3.2240900174598561e+00   82   82   24   24
 2.9340658146059164e+00   82   82   25   25
 2.5805685973026784e+00   82   82   26   26
 2.4563377147746510e+00   82   82   27   27
 2.0280128242117406e+00   82   82   28   28
 2.6102806847599012e+00   82   82   29   29
 2.9798606886604802e+00   82   82   30   30
 2.5515557611401074e+00   82   82   31   31
 2.1272900094941973e+00   82   82   32   32
 1.8294596432414687e+00   82   82   33   33
 1.7758150043744536e+00   82   82   34   34
 1.9853183327469368e+00   82   82   35   35
 2.3955058556305944e+00   82   82   36   36
 1.8223060409072367e+00   82   82   37   37
 2.1606705113158124e+00   82   82   38   38
 2.2350798033336781e+00   82   82   39   39
 1.9033912522114531e+00   82   82   40   40
 1.6676121219157121e+00   82   82   41   41
 1.6390755983379244e+00   82   82   42   42
 3.4177260533256395e+00   82   82   43   43
 3.1758724342619375e+00   82   82   44   44
 2.6719021893969206e+00   82   82   45   45
 2.0619808725939275e+00   82   82   46   46
 1.7648008349357942e+00   82   82   47   47
 1.5605538016864999e+00   82   82   48   48
 1.5436651050333214e+00   82   82   49   49
 1.7243338883507275e+00   82   82   50   50
 9.9145555066623159e-01   82   82   51   51
 8.6887306135086917e-01   82   82   52   52
 8.7520636097777627e-01   82   82   53   53
 9.8084652899559899e-01   82   82   54   54
 9.1576368046772538e-01   82   82   55   55
 9.2901644029828145e-01   82   82   56   56
 8.9749780438086846e-01   82   82   57   57
 9.0594333097472368e-01   82   82   58   58
 9.1983037389779265e-01   82   82   59   59
 9.7939410732660470e-01   82   82   60   60
 1.0204355376863525e+00   82   82   61   61
 9.9061647189233770e-01   82   82   62   62
 9.3117414391276743e-01   82   82   63   63
 9.7597175441151829e-01   82   82   64   64
 1.0075841213575765e+00   82   82   65   65
 8.9103622011448569e-01   82   82   66   66
 8.6936679030609498e-01   82   82   67   67
 9.5760086144190526e-01   82   82   68   68
 1.0050733038563204e+00   82   82   69   69
 1.0851716598913062e+00   82   82   70   70
 1.1924224851951422e+00   82   82   71   71
 1.0048952250033385e+00   82   82   72   72
 1.0875353738746434e+00   82   82   73   73
 1.1944443808787819e+00   82   82   74   74
 1.2030446654800062e+00   82   82   75   75
 1.2895286463926781e+00   82   82   76   76
 1.4585480103097195e+00   82   82   77   77
 1.5281963745395084e+00   82   82   78   78
 1.2371882556708871e+00   82   82   79   79
 1.3837749327476792e+00   82   82   80   80
 1.6438136232426646e+00   82   82   81   81
 9.6429912899999994e+00   82   82   82   82
 2.6853689544440362e+00   83   83    1    1
 2.4629843247397827e+00   83   83    2    2
 2.6720397874151036e+00   83   83    3    3
 3.4964306206626419e+00   83   83    4    4
 1.4640147915345190e+00   83   83    5    5
 1.4357579135667047e+00   83   83    6    6
 1.2791278840461164e+00   83   83    7    7
 1.1728083151790329e+00   83   83    8    8
 1.0619107741008709e+00   83   83    9    9
 1.1920730742898584e+00   83   83   10   10
 1.3123338414442682e+00   83   83   11   11
 1.0225057202563668e+00   83   83   12   12
 9.6836313346413916e-01   83   83   13   13
 9.2827877748255805e-01   83   83   14   14
 9.3224726618122022e-01   83   83   15   15
 9.7993293544572879e-01   83   83   16   16
 1.0269390325869834e+00   83   83   17   17
 9.9702307432770787e-01   83   83   18   18
 1.0094345020657571e+00   83   83   19   19
 9.4486532192691475e-01   83   83   20   20
 8.7936985784055710e-01   83   83   21   21
 8.6981024169666166e-01   83   83   22   22
 9.1983281855929599e-01   83   83   23   23
 2.5522149447075182e+00   83   83   24   24
 2.3990265054743767e+00   83   83   25   25
 1.9867468937147619e+00   83   83   26   26
 1.7792132868079886e+00   83   83   27   27
 1.4008201482105374e+00   83   83   28   28
 1.8295825338028764e+00   83   83   29   29
 2.1277239420673681e+00   83   83   30   30
 3.2244278614279338e+00   83   83   31   31
 2.9714702205051569e+00   83   83   32   32
 2.6034081963477047e+00   83   83   33   33
 2.4487464608483478e+00   83   83   34   34
 2.5815572952824186e+00   83   83   35   35
 2.9384388304806017e+00   83   83   36   36
 1.6635447279368805e+00   83   83   37   37
 1.9044606916674371e+00   83   83   38   38
 2.2364223445405798e+00   83   83   39   39
 2.1616892278899216e+00   83   83   40   40
 1.8237263259119265e+00   83   83   41   41
 1.6386193707744987e+00   83   83   42   42
 3.4179397548224615e+00   83   83   43   43
 3.1778095180253745e+00   83   83   44   44
 4.3857330720627425e+00   83   83   45   45
 1.5275072031600243e+00   83   83   46   46
 1.4424605461978710e+00   83   83   47   47
 1.2788541085657354e+00   83   83   48   48
 1.2028490080551142e+00   83   83   49   49
 1.2508735746934025e+00   83   83   50   50
 8.8436363780478078e-01   83   83   51   51
 7.9668738554073293e-01   83   83   52   52
 7.8614389882298275e-01   83   83   53   53
 8.9868909792142182e-01   83   83   54   54
 8.4930088884942201e-01   83   83   55   55
 7.6469156377932146e-01   83   83   56   56
 7.3361449805543621e-01   83   83   57   57
 1.1300618619315124e+00   83   83   58   58
 7.4330343592103676e-01   83   83   59   59
 7.8596816773245071e-01   83   83   60   60
 8.2440188514319690e-01   83   83   61   61
 8.1185415109102432e-01   83   83   62   62
 8.2443306837840469e-01   83   83   63   63
 1.2150047116023732e+00   83   83   64   64
 1.2698348973016353e+00   83   83   65   65
 1.1343646556687963e+00   83   83   66   66
 1.0956989194207596e+00   83   83   67   67
 1.2213710248203367e+00   83   83   68   68
 1.1259960210400797e+00   83   83   69   69
 1.1881501570203477e+00   83   83   70   70
 1.3261759066518777e+00   83   83   71   71
 1.1676357711962511e+00   83   83   72   72
 1.2978981423326568e+00   83   83   73   73
 1.4011268544100064e+00   83   83   74   74
 1.5446771251417950e+00   83   83   75   75
 1.5868145251098797e+00   83   83   76   76
 1.8054089670448992e+00   83   83   77   77
 2.0601949258136032e+00   83   83   78   78
 1.6827890622034216e+00   83   83   79   79
 1.9584596773794858e+00   83   83   80   80
 2.0512742700709610e+00   83   83   81   81
 2.7570324803936033e+00   83   83   82   82
 9.6429912899999994e+00   83   83   83   83
 1.6977443430320420e+00   84   84    1    1
 1.7340690957793663e+00   84   84    2    2
 1.5692756957479479e+00   84   84    3    3
 1.5131293199408096e+00   84   84    4    4
 2.6851392299349288e+00   84   84    5    5
 3.4958816070279854e+00   84   84    6    6
 4.3856061877958483e+00   84   84    7    7
 3.4182486937930205e+00   84   84    8    8
 3.1784486085661579e+00   84   84    9    9
 2.6720820575271107e+00   84   84   10   10
 2.4630635422102598e+00   84   84   11   11
 3.2271926526997379e+00   84   84   12   12
 2.9696766567800816e+00   84   84   13   13
 2.6040414420188105e+00   84   84   14   14
 2.4537310748936383e+00   84   84   15   15
 2.5888146138142978e+00   84   84   16   16
 2.9464298867961745e+00   84   84   17   17
 2.5521501758765623e+00   84   84   18   18
 2.3980576808634861e+00   84   84   19   19
 1.9859393334786957e+00   84   84   20   20
 1.7788379041679254e+00   84   84   21   21
 1.8296098478378806e+00   84   84   22   22
 2.1281398069021673e+00   84   84   23   23
 1.2138231274353390e+00   84   84   24   24
 1.1664456954845219e+00   84   84   25   25
 1.0949104260833205e+00   84   84   26   26
 1.0642152557002080e+00   84   84   27   27
 1.0048991447240170e+00   84   84   28   28
 1.0981685276048683e+00   84   84   29   29
 1.1703623573107469e+00   84   84   30   30
 1.2273844016563271e+00   84   84   31   31
 1.1047661025517326e+00   84   84   32   32
 1.0509325859060950e+00   84   84   33   33
 1.0904146166973092e+00   84   84   34   34
 1.2084097061984846e+00   84   84   35   35
 1.2911158451072944e+00   84   84   36   36
 2.2347486641380807e+00   84   84   37   37
 2.1603354492872664e+00   84   84   38   38
 1.8220820768774628e+00   84   84   39   39
 1.6389458024715970e+00   84   84   40   40
 1.6674761406464773e+00   84   84   41   41
 1.9032052564614486e+00   84   84   42   42
 1.4181274181641828e+00   84   84   43   43
 1.2875388575135165e+00   84   84   44   44
 1.4046606964469683e+00   84   84   45   45
 9.9079425249543029e-01   84   84   46   46
 9.1267279846115712e-01   84   84   47   47
 8.6032619310225777e-01   84   84   48   48
 8.6825435252183414e-01   84   84   49   49
 9.3436692301778301e-01   84   84   50   50
 2.0650271386070975e+00   84   84   51   51
 1.5457757105724770e+00   84   84   52   52
 1.5929301480778837e+00   84   84   53   53
 1.9530569084213882e+00   84   84   54   54
 1.6804362202972807e+00   84   84   55   55
 1.2505340700404737e+00   84   84   56   56
 1.2025518828057138e+00   84   84   57   57
 7.1110804665608218e-01   84   84   58   58
 1.2785794967395425e+00   84   84   59   59
 1.4421721681858539e+00   84   84   60   60
 1.5271321889378544e+00   84   84   61   61
 1.4004301840269158e+00   84   84   62   62
 1.8152324245029205e+00   84   84   63   63
 7.5422061252728334e-01   84   84   64   64
 7.9295956352316321e-01   84   84   65   65
 7.3212583045079316e-01   84   84   66   66
 7.0157691400499511e-01   84   84   67   67
 7.7978599868171894e-01   84   84   68   68
 8.4890038036975468e-01   84   84   69   69
 9.1105371389926759e-01   84   84   70   70
 9.6048790026526354e-01   84   84   71   71
 8.2907312004385603e-01   84   84   72   72
 8.6572440144613061e-01   84   84   73   73
 9.3280782249104865e-01   84   84   74   74
 8.9622735573154022e-01   84   84   75   75
 9.5703649537783442e-01   84   84   76   76
 1.0262305375321270e+00   84   84   77   77
 1.0202394235683847e+00   84   84   78   78
 8.9144729876630024e-01   84   84   79   79
 9.4654523832336412e-01   84   84   80   80
 1.2756215765854975e+00   84   84   81   81
 2.0658359308575935e+00   84   84   82   82
 1.6586968362343444e+00   84   84   83   83
 9.6429912899999994e+00   84   84   84   84
 1.4637644999569490e+00   85   85    1    1
 1.4353581199283276e+00   85   85    2    2
 1.2787864832352465e+00   85   85    3    3
 1.3122413787393068e+00   85   85    4    4
 2.6850849063049194e+00   85   85    5    5
 2.4627432839991030e+00   85   85    6    6
 2.6718000068316141e+00   85   85    7    7
 3.4177308420423933e+00   85   85    8    8
 3.1762614696559837e+00   85   85    9    9
 4.3852379574936116e+00   85   85   10   10
 3.4960759339776928e+00   85   85   11   11
 2.5520139372989310e+00   85   85   12   12
 2.1281387059024413e+00   85   85   13   13
 1.8299884868444440e+00   85   85   14   14
 1.7763827398795486e+00   85   85   15   15
 1.9852115806383270e+00   85   85   16   16
 2.3954651238899851e+00   85   85   17   17
 3.2238099017187047e+00   85   85   18   18
 2.9347865549744339e+00   85   85   19   19
 2.5815713649000673e+00   85   85   20   20
 2.4569653262999456e+00   85   85   21   21
 2.6100626881937310e+00   85   85   22   22
 2.9786999964018772e+00   85   85   23   23
 1.0222669807672711e+00   85   85   24   24
 1.0257828629795709e+00   85   85   25   25
 9.7891340688504214e-01   85   85   26   26
 9.3265654739531745e-01   85   85   27   27
 9.0162468948616381e-01   85   85   28   28
 9.2910129100919192e-01   85   85   29   29
 9.6926734710473694e-01   85   85   30   30
 9.9677723405580765e-01   85   85   31   31
 9.1929372187084557e-01   85   85   32   32
 8.6927733590390532e-01   85   85   33   33
 8.7830111731555116e-01   85   85   34   34
 9.4447703460235555e-01   85   85   35   35
 1.0089954903125131e+00   85   85   36   36
 2.2362520895815314e+00   85   85   37   37
 1.9041904143434079e+00   85   85   38   38
 1.6633290539030701e+00   85   85   39   39
 1.6385505907190241e+00   85   85   40   40
 1.8237644677174349e+00   85   85   41   41
 2.1618133764515624e+00   85   85   42   42
 1.1725893612260028e+00   85   85   43   43
 1.0616314827518296e+00   85   85   44   44
 1.1919627342582158e+00   85   85   45   45
 8.8406516162079818e-01   85   85   46   46
 8.2290471211382465e-01   85   85   47   47
 7.8522174457156668e-01   85   85   48   48
 7.9636644460172079e-01   85   85   49   49
 8.5119098838542517e-01   85   85   50   50
 1.5287520072111471e+00   85   85   51   51
 1.2039896186705181e+00   85   85   52   52
 1.2541977991849329e+00   85   85   53   53
 1.4334683354637887e+00   85   85   54   54
 1.2731970225130083e+00   85   85   55   55
 1.7251946160374929e+00   85   85   56   56
 1.5442335055290533e+00   85   85   57   57
 6.0854151618235652e-01   85   85   58   58
 1.5609621753862533e+00   85   85   59   59
 1.7651827715547852e+00   85   85   60   60
 2.0626873488448378e+00   85   85   61   61
 2.0291265904695717e+00   85   85   62   62
 1.4058669918152669e+00   85   85   63   63
 6.3677824663636073e-01   85   85   64   64
 6.6234149568656597e-01   85   85   65   65
 6.2436115055630170e-01   85   85   66   66
 6.0297928908543408e-01   85   85   67   67
 6.5525100409353543e-01   85   85   68   68
 6.7558998706319595e-01   85   85   69   69
 7.1118417139380019e-01   85   85   70   70
 7.4624231138867481e-01   85   85   71   71
 6.6972533684434299e-01   85   85   72   72
 6.9874537854940955e-01   85   85   73   73
 7.3898597602484672e-01   85   85   74   74
 7.3289126620019529e-01   85   85   75   75
 7.6431820582377530e-01   85   85   76   76
 8.1174058023550588e-01   85   85   77   77
 8.2407364187988741e-01   85   85   78   78
 7.4114637142005335e-01   85   85   79   79
 7.8423048307547727e-01   85   85   80   80
 1.0465430030058871e+00   85   85   81   81
 1.6583932526804512e+00   85   85   82   82
 1.4455111164350154e+00   85   85   83   83
 2.7571887656132494e+00   85   85   84   84
 9.6429912899999994e+00   85   85   85   85
 1.2182033165904871e+00   86   86    1    1
 1.2551240517771367e+00   86   86    2    2
 1.1687212889448446e+00   86   86    3    3
 1.1092316296958467e+00   86   86    4    4
 1.7772062572750453e+00   86   86    5    5
 1.9872509633826780e+00   86   86    6    6
 2.3982073034745328e+00   86   86    7    7
 2.5530505159186849e+00   86   86    8    8
 3.1767627154464391e+00   86   86    9    9
 2.1280328330055434e+00   86   86   10   10
 1.8302497865003573e+00   86   86   11   11
 3.4183614779045262e+00   86   86   12   12
 4.3863347983637482e+00   86   86   13   13
 3.4967665710566163e+00   86   86   14   14
 2.6860173796633515e+00   86   86   15   15
 2.4632446197619462e+00   86   86   16   16
 2.6721659409441236e+00   86   86   17   17
 3.2224140387155171e+00   86   86   18   18
 2.9778748062279008e+00   86   86   19   19
 2.6073970324712290e+00   86   86   20   20
 2.4529240736283309e+00   86   86   21   21
 2.5770904339262071e+00   86   86   22   22
 2.9311673061865191e+00   86   86   23   23
 9.6813111862189472e-01   86   86   24   24
 9.4491524660292392e-01   86   86   25   25
 9.0979752985913309e-01   86   86   26   26
 8.9507529978590661e-01   86   86   27   27
 8.7874879849144194e-01   86   86   28   28
 9.1408210832040004e-01   86   86   29   29
 9.4966946066044611e-01   86   86   30   30
 9.5389918432305620e-01   86   86   31   31
 8.7759588519411214e-01   86   86   32   32
 8.3999376106977408e-01   86   86   33   33
 8.6275453988809114e-01   86   86   34   34
 9.3497178783265333e-01   86   86   35   35
 9.8658216970417745e-01   86   86   36   36
 1.5291652864567573e+00   86   86   37   37
 1.4587395337049496e+00   86   86   38   38
 1.2889316601799645e+00   86   86   39   39
 1.2028318530805757e+00   86   86   40   40
 1.2391737022099238e+00   86   86   41   41
 1.3845522303355433e+00   86   86   42   42
 1.0703209828455416e+00   86   86   43   43
 9.9843114110771380e-01   86   86   44   44
 1.0506889265180761e+00   86   86   45   45
 8.5369509900665019e-01   86   86   46   46
 7.9270458501122998e-01   86   86   47   47
 7.6013812731844310e-01   86   86   48   48
 7.7649221908935906e-01   86   86   49   49
 8.3329557776934882e-01   86   86   50   50
 2.2363324538723854e+00   86   86   51   51
 1.6414290791682666e+00   86   86   52   52
 1.8214080099508232e+00   86   86   53   53
 1.9079896817953814e+00   86   86   54   54
 1.6702715110564967e+00   86   86   55   55
 1.5590263277435374e+00   86   86   56   56
 1.5418499611901266e+00   86   86   57   57
 6.0564905618385068e-01   86   86   58   58
 1.7212940250286348e+00   86   86   59   59
 2.0246426236316224e+00   86   86   60   60
 2.0590964420322884e+00   86   86   61   61
 1.7624959209884508e+00   86   86   62   62
 2.1554714575919216e+00   86   86   63   63
 6.3766202335307365e-01   86   86   64   64
 6.6465001733932860e-01   86   86   65   65
 6.1956354827145277e-01   86   86   66   66
 5.9767949519562114e-01   86   86   67   67
 6.5414719101517471e-01   86   86   68   68
 7.1607706409554361e-01   86   86   69   69
 7.6200652441090055e-01   86   86   70   70
 7.9201138189828135e-01   86   86   71   71
 6.9740353971357461e-01   86   86   72   72
 7.2020694859680023e-01   86   86   73   73
 7.6744230598262742e-01   86   86   74   74
 7.3608440409282283e-01   86   86   75   75
 7.7967203753646264e-01   86   86   76   76
 8.2461846500081326e-01   86   86   77   77
 8.1737562926604779e-01   86   86   78   78
 7.3042672940390496e-01   86   86   79   79
 7.6706048081479417e-01   86   86   80   80
 1.0592708845852912e+00   86   86   81   81
 1.6079991067781849e+00   86   86   82   82
 1.2843557573652880e+00   86   86   83   83
 3.4500853046684865e+00   86   86   84   84
 2.6125520289107569e+00   86   86   85   85
 9.6429912899999994e+00   86   86   86   86
 1.4143444496190030e+00   87   87    1    1
 1.3660807311474710e+00   87   87    2    2
 1.2328859832675012e+00   87   87    3    3
 1.2986268249350226e+00   87   87    4    4
 2.4482100323849552e+00   87   87    5    5
 2.5793225574802605e+00   87   87    6    6
 2.9364176984606964e+00   87   87    7    7
 3.2240456022555906e+00   87   87    8    8
 3.1786088523863585e+00   87   87    9    9
 2.9721951355511766e+00   87   87   10   10
 2.6039801016806403e+00   87   87   11   11
 3.4185972346674980e+00   87   87   12   12
 2.6722936088733102e+00   87   87   13   13
 2.4633418194281820e+00   87   87   14   14
 2.6859890961167805e+00   87   87   15   15
 3.4966614475749807e+00   87   87   16   16
 4.3863512591668821e+00   87   87   17   17
 2.5536008603708673e+00   87   87   18   18
 2.1286307393118982e+00   87   87   19   19
 1.8305308466162058e+00   87   87   20   20
 1.7804016061678904e+00   87   87   21   21
 1.9883487667253781e+00   87   87   22   22
 2.4010467789556760e+00   87   87   23   23
 9.8850796484061443e-01   87   87   24   24
 9.6842241471352575e-01   87   87   25   25
 9.1274406899665250e-01   87   87   26   26
 8.7698043924154090e-01   87   87   27   27
 8.2987765121523827e-01   87   87   28   28
 8.9046497420114279e-01   87   87   29   29
 9.4208614874758778e-01   87   87   30   30
 1.0092256233168915e+00   87   87   31   31
 9.2922170562429030e-01   87   87   32   32
 8.9262744561186103e-01   87   87   33   33
 9.2027120505526094e-01   87   87   34   34
 9.9814079578715043e-01   87   87   35   35
 1.0489376716598977e+00   87   87   36   36
 2.0604605143178576e+00   87   87   37   37
 1.8064035639854994e+00   87   87   38   38
 1.5837242617366885e+00   87   87   39   39
 1.5420246852478727e+00   87   87   40   40
 1.6822271620529297e+00   87   87   41   41
 1.9570471719510960e+00   87   87   42   42
 1.1522575538185953e+00   87   87   43   43
 1.0484309355685362e+00   87   87   44   44
 1.1841771146593667e+00   87   87   45   45
 8.2389788582031931e-01   87   87   46   46
 7.7099066428087970e-01   87   87   47   47
 7.3180050730235313e-01   87   87   48   48
 7.3516705072158839e-01   87   87   49   49
 7.8050090134187222e-01   87   87   50   50
 2.2365326411841626e+00   87   87   51   51
 1.6419548609931081e+00   87   87   52   52
 1.6702598498039927e+00   87   87   53   53
 2.1557054377586393e+00   87   87   54   54
 1.8218478887427196e+00   87   87   55   55
 1.2802241016076525e+00   87   87   56   56
 1.2035417835259949e+00   87   87   57   57
 6.4617107252018324e-01   87   87   58   58
 1.2511046385306750e+00   87   87   59   59
 1.4013633826569987e+00   87   87   60   60
 1.5284939776196922e+00   87   87   61   61
 1.4438183584286965e+00   87   87   62   62
 1.9076607472162266e+00   87   87   63   63
 6.7772824805352805e-01   87   87   64   64
 7.1210575249579056e-01   87   87   65   65
 6.7319104967505505e-01   87   87   66   66
 6.4412438788604587e-01   87   87   67   67
 7.0946047320955774e-01   87   87   68   68
 7.4289937313273779e-01   87   87   69   69
 7.8427117046254424e-01   87   87   70   70
 8.1919910395680939e-01   87   87   71   71
 7.3176447414080958e-01   87   87   72   72
 7.5993354260811663e-01   87   87   73   73
 8.0497022040467137e-01   87   87   74   74
 7.8663617872958591e-01   87   87   75   75
 8.2505531177047020e-01   87   87   76   76
 8.7139584904246570e-01   87   87   77   77
 8.7323772188798199e-01   87   87   78   78
 7.8738020835020817e-01   87   87   79   79
 8.2745886258317147e-01   87   87   80   80
 1.1291477120815376e+00   87   87   81   81
 1.5832696833100339e+00   87   87   82   82
 1.4572651749851124e+00   87   87   83   83
 3.3217137767258986e+00   87   87   84   84
 3.4476763914933675e+00   87   87   85   85
 2.7576352489735481e+00   87   87   86   86
 9.6429912899999994e+00   87   87   87   87
 1.5597068426637788e+00   88   88    1    1
 1.6370169114452839e+00   88   88    2    2
 1.4797496180367729e+00   88   88    3    3
 1.3690141482749627e+00   88   88    4    4
 2.4464981756778661e+00   88   88    5    5
 2.6049745513882381e+00   88   88    6    6
 2.9743740748533685e+00   88   88    7    7
 3.2207909402885591e+00   88   88    8    8
 3.1805405884794666e+00   88   88    9    9
 2.9285813918648258e+00   88   88   10   10
 2.5741002970429698e+00   88   88   11   11
 2.5590041969499433e+00   88   88   12   12
 2.4049159225529819e+00   88   88   13   13
 1.9920454192985357e+00   88   88   14   14
 1.7810430466501905e+00   88   88   15   15
 1.8335324676829488e+00   88   88   16   16
 2.1317308874220027e+00   88   88   17   17
 3.4194691726707376e+00   88   88   18   18
 4.3852721082524528e+00   88   88   19   19
 3.4918524619628153e+00   88   88   20   20
 2.6879884181546672e+00   88   88   21   21
 2.4625484221088523e+00   88   88   22   22
 2.6722771595884405e+00   88   88   23   23
 1.1719281998936923e+00   88   88   24   24
 1.1633223286145915e+00   88   88   25   25
 1.1196301477315709e+00   88   88   26   26
 1.0852343812635101e+00   88   88   27   27
 1.0695769928420826e+00   88   88   28   28
 1.0916633050194979e+00   88   88   29   29
 1.1322561072483577e+00   88   88   30   30
 1.1116255724887152e+00   88   88   31   31
 1.0115326165360259e+00   88   88   32   32
 9.4860224358934031e-01   88   88   33   33
 9.5925785843784217e-01   88   88   34   34
 1.0423752558944355e+00   88   88   35   35
 1.1270365677579477e+00   88   88   36   36
 2.0592620623116278e+00   88   88   37   37
 1.9561745014638654e+00   88   88   38   38
 1.6785077927875227e+00   88   88   39   39
 1.5393282946120828e+00   88   88   40   40
 1.5842645676716869e+00   88   88   41   41
 1.8038008205404668e+00   88   88   42   42
 1.3122633680573832e+00   88   88   43   43
 1.1985034976702864e+00   88   88   44   44
 1.2779102278033481e+00   88   88   45   45
 1.0301240447717588e+00   88   88   46   46
 9.4301732937830773e-01   88   88   47   47
 8.9952303229147057e-01   88   88   48   48
 9.2362944708648798e-01   88   88   49   49
 1.0045694456752294e+00   88   88   50   50
 1.5323992350595494e+00   88   88   51   51
 1.2062820955324194e+00   88   88   52   52
 1.2759252264754342e+00   88   88   53   53
 1.4090477849054086e+00   88   88   54   54
 1.2567607630916409e+00   88   88   55   55
 1.7371274682603877e+00   88   88   56   56
 1.6383323893240265e+00   88   88   57   57
 6.3751192196645612e-01   88   88   58   58
 1.7448691707706274e+00   88   88   59   59
 2.0269422807982509e+00   88   88   60   60
 2.2316986542808199e+00   88   88   61   61
 2.0132919162039093e+00   88   88   62   62
 1.4369398878386774e+00   88   88   63   63
 6.7218741107491098e-01   88   88   64   64
 6.9769182973569854e-01   88   88   65   65
 6.4636251493340946e-01   88   88   66   66
 6.2610516828165685e-01   88   88   67   67
 6.8280504175725076e-01   88   88   68   68
 7.2845405550334341e-01   88   88   69   69
 7.7507208709423370e-01   88   88   70   70
 8.1615295713642344e-01   88   88   71   71
 7.1661940264044321e-01   88   88   72   72
 7.4864109184320460e-01   88   88   73   73
 8.0028766589945977e-01   88   88   74   74
 7.8231983512760161e-01   88   88   75   75
 8.2618228677049788e-01   88   88   76   76
 8.8511472038374783e-01   88   88   77   77
 8.9212135583449670e-01   88   88   78   78
 7.8626692444210611e-01   88   88   79   79
 8.3658349875264848e-01   88   88   80   80
 1.1128912995622433e+00   88   88   81   81
 2.0209532934188248e+00   88   88   82   82
 1.5080215856710022e+00   88   88   83   83
 3.4549360874609829e+00   88   88   84   84
 3.3094242244909222e+00   88   88   85   85
 3.4651429323123679e+00   88   88   86   86
 2.6132334601682716e+00   88   88   87   87
 9.6429912899999994e+00   88   88   88   88
 1.1354754462503402e+00   89   89    1    1
 1.1296637519230495e+00   89   89    2    2
 1.0381088359254091e+00   89   89    3    3
 1.0433320694685155e+00   89   89    4    4
 1.7802687114266125e+00   89   89    5    5
 1.8327185053601738e+00   89   89    6    6
 2.1309869299495650e+00   89   89    7    7
 2.5585245911552379e+00   89   89    8    8
 3.1805865922923355e+00   89   89    9    9
 2.4048221100124700e+00   89   89   10   10
 1.9918459654523424e+00   89   89   11   11
 3.2219979828483782e+00   89   89   12   12
 2.9339794158396013e+00   89   89   13   13
 2.5779713198141554e+00   89   89   14   14
 2.4469798599404164e+00   89   89   15   15
 2.6019316324088058e+00   89   89   16   16
 2.9708263303089932e+00   89   89   17   17
 3.4191452460556859e+00   89   89   18   18
 2.6720175300548403e+00   89   89   19   19
 2.4624350182857158e+00   89   89   20   20
 2.6878476931352200e+00   89   89   21   21
 3.4916313101123153e+00   89   89   22   22
 4.3845742215287311e+00   89   89   23   23
 8.6236162207814193e-01   89   89   24   24
 8.5377343399419980e-01   89   89   25   25
 8.2047716744476362e-01   89   89   26   26
 7.9570129850188631e-01   89   89   27   27
 7.7638085289098824e-01   89   89   28   28
 8.0188503248202148e-01   89   89   29   29
 8.3305666493642938e-01   89   89   30   30
 8.5453445809236483e-01   89   89   31   31
 7.9412663060038002e-01   89   89   32   32
 7.6163199460389241e-01   89   89   33   33
 7.7756399235700691e-01   89   89   34   34
 8.3388559475678004e-01   89   89   35   35
 8.7621804148244775e-01   89   89   36   36
 1.5317800447996526e+00   89   89   37   37
 1.3866385529538938e+00   89   89   38   38
 1.2388885766555577e+00   89   89   39   39
 1.2045974106803576e+00   89   89   40   40
 1.2921884280102927e+00   89   89   41   41
 1.4615077204898692e+00   89   89   42   42
 9.6511559450268214e-01   89   89   43   43
 8.9336752026270516e-01   89   89   44   44
 9.7147077605178644e-01   89   89   45   45
 7.6010807217507015e-01   89   89   46   46
 7.1242552890394251e-01   89   89   47   47
 6.8441021210378583e-01   89   89   48   48
 6.9535697420570419e-01   89   89   49   49
 7.3932821675831839e-01   89   89   50   50
 2.0597463507450442e+00   89   89   51   51
 1.5428139021468295e+00   89   89   52   52
 1.6753381502534213e+00   89   89   53   53
 1.8121828565342633e+00   89   89   54   54
 1.5904291633876171e+00   89   89   55   55
 1.7452971546565497e+00   89   89   56   56
 1.6382981692115033e+00   89   89   57   57
 5.6409187835700525e-01   89   89   58   58
 1.7366362640719430e+00   89   89   59   59
 2.0133309130259445e+00   89   89   60   60
 2.2316335751286740e+00   89   89   61   61
 2.0267919508899155e+00   89   89   62   62
 1.9457668502023222e+00   89   89   63   63
 5.8946326687301787e-01   89   89   64   64
 6.1397769195400953e-01   89   89   65   65
 5.8114815701854761e-01   89   89   66   66
 5.6035967066305703e-01   89   89   67   67
 6.0922045563390836e-01   89   89   68   68
 6.4360914622243981e-01   89   89   69   69
 6.7733274720529135e-01   89   89   70   70
 7.0285077791504902e-01   89   89   71   71
 6.3254885672156702e-01   89   89   72   72
 6.5322158910042527e-01   89   89   73   73
 6.8896524145675109e-01   89   89   74   74
 6.7204273868607345e-01   89   89   75   75
 7.0295072985911655e-01   89   89   76   76
 7.3906914506602561e-01   89   89   77   77
 7.3970276621873310e-01   89   89   78   78
 6.7204582953711256e-01   89   89   79   79
 7.0348272830983416e-01   89   89   80   80
 9.6925250808597951e-01   89   89   81   81
 1.3869087765644659e+00   89   89   82   82
 1.2077026752089006e+00   89   89   83   83
 2.6144134994308041e+00   89   89   84   84
 3.4618127522830116e+00   89   89   85   85
 3.3069901655402916e+00   89   89   86   86
 3.4614093182202548e+00   89   89   87   87
 2.7585030699991733e+00   89   89   88   88
 9.6429912899999994e+00   89   89   89   89
 2.4452014755312748e+00   90   90    1    1
 2.5724302800154750e+00   90   90    2    2
 2.9271638683986319e+00   90   90    3    3
 2.6047548937576539e+00   90   90    4    4
 1.4122002399757720e+00   90   90    5    5
 1.3640687209683460e+00   90   90    6    6
 1.2310028007020519e+00   90   90    7    7
 1.1504160147787150e+00   90   90    8    8
 1.0469381230504997e+00   90   90    9    9
 1.1822294203291199e+00   90   90   10   10
 1.2965202696096303e+00   90   90   11   11
 9.8733442958788320e-01   90   90   12   12
 9.3998274369246093e-01   90   90   13   13
 8.8871782155138890e-01   90   90   14   14
 8.7557158144783298e-01   90   90   15   15
 9.1251758632351343e-01   90   90   16   16
 9.6808964043785961e-01   90   90   17   17
 1.0077687530879929e+00   90   90   18   18
 1.0473371812736270e+00   90   90   19   19
 9.9665939297864792e-01   90   90   20   20
 9.1972060337036199e-01   90   90   21   21
 8.9178912621914830e-01   90   90   22   22
 9.2827660043628557e-01   90   90   23   23
 3.4190140349295950e+00   90   90   24   24
 4.3844206624225617e+00   90   90   25   25
 3.4918766640444390e+00   90   90   26   26
 2.6879902428146747e+00   90   90   27   27
 2.0141793956584206e+00   90   90   28   28
 2.4625238991031657e+00   90   90   29   29
 2.6720456491083020e+00   90   90   30   30
 2.5586652647595867e+00   90   90   31   31
 2.4051716751893886e+00   90   90   32   32
 1.9920695488065516e+00   90   90   33   33
 1.7802305710030732e+00   90   90   34   34
 1.8328166647418627e+00   90   90   35   35
 2.1307954182198778e+00   90   90   36   36
 1.5815933488120406e+00   90   90   37   37
 1.8035882079349346e+00   90   90   38   38
 2.0581928935956912e+00   90   90   39   39
 1.9562632250646739e+00   90   90   40   40
 1.6813976940570012e+00   90   90   41   41
 1.5405839603474116e+00   90   90   42   42
 3.2204539732918067e+00   90   90   43   43
 3.1801178002847457e+00   90   90   44   44
 2.9750401017215000e+00   90   90   45   45
 2.2317580287591530e+00   90   90   46   46
 2.0260995116166058e+00   90   90   47   47
 1.7443804350622476e+00   90   90   48   48
 1.6383709111440699e+00   90   90   49   49
 1.7376775381367591e+00   90   90   50   50
 8.2344777869262109e-01   90   90   51   51
 7.3495086994894654e-01   90   90   52   52
 7.3560168284144678e-01   90   90   53   53
 8.2155106847767034e-01   90   90   54   54
 7.7403720058835235e-01   90   90   55   55
 8.2047149772151706e-01   90   90   56   56
 7.8658475252956661e-01   90   90   57   57
 9.4702866356956150e-01   90   90   58   58
 7.9211247820593966e-01   90   90   59   59
 8.3189864688578541e-01   90   90   60   60
 8.7221463655989151e-01   90   90   61   61
 8.6558177926957336e-01   90   90   62   62
 7.7578200535561681e-01   90   90   63   63
 1.0075152206220106e+00   90   90   64   64
 1.0257869380469913e+00   90   90   65   65
 9.2161796505262372e-01   90   90   66   66
 9.0866781375521433e-01   90   90   67   67
 9.7739788589851928e-01   90   90   68   68
 9.3793424687623739e-01   90   90   69   69
 9.8830375074674748e-01   90   90   70   70
 1.0845077663766598e+00   90   90   71   71
 9.6183580477431729e-01   90   90   72   72
 1.0496153260911534e+00   90   90   73   73
 1.1246978820312441e+00   90   90   74   74
 1.2069124895726286e+00   90   90   75   75
 1.2414632481357386e+00   90   90   76   76
 1.3868224051578031e+00   90   90   77   77
 1.5314380789628861e+00   90   90   78   78
 1.2926057191948299e+00   90   90   79   79
 1.4615769680114477e+00   90   90   80   80
 1.6381918295152336e+00   90   90   81   81
 3.3083481963627541e+00   90   90   82   82
 3.4577958399509745e+00   90   90   83   83
 1.5808782024508414e+00   90   90   84   84
 1.4549429275097541e+00   90   90   85   85
 1.2810587397423381e+00   90   90   86   86
 1.3610145111564247e+00   90   90   87   87
 1.5836597507515648e+00   90   90   88   88
 1.1914726586830928e+00   90   90   89   89
 9.6429912899999994e+00   90   90   90   90
 1.7809229160337019e+00   91   91    1    1
 1.9928453246587239e+00   91   91    2    2
 2.4061954316112724e+00   91   91    3    3
 1.8329949081578158e+00   91   91    4    4
 1.2205302229435793e+00   91   91    5    5
 1.2577336066324143e+00   91   91    6    6
 1.1710346685526676e+00   91   91    7    7
 1.0722343137367332e+00   91   91    8    8
 1.0003303416101903e+00   91   91    9    9
 1.0524616963743625e+00   91   91   10   10
 1.1111368011249911e+00   91   91   11   11
 9.6994594407857881e-01   91   91   12   12
 9.5022477399679417e-01   91   91   13   13
 9.1462316597152682e-01   91   91   14   14
 8.9610120238100011e-01   91   91   15   15
 9.1212909807667764e-01   91   91   16   16
 9.4748129945449699e-01   91   91   17   17
 9.5570735926831984e-01   91   91   18   18
 9.8885936265524288e-01   91   91   19   19
 9.3691219457725605e-01   91   91   20   20
 8.6484686638004893e-01   91   91   21   21
 8.4149200151576020e-01   91   91   22   22
 8.7919888196471274e-01   91   91   23   23
 3.4193275414355830e+00   91   91   24   24
 2.6723358988317050e+00   91   91   25   25
 2.4625879102170951e+00   91   91   26   26
 2.6881158817693662e+00   91   91   27   27
 2.0260165271393942e+00   91   91   28   28
 3.4920939178146226e+00   91   91   29   29
 4.3852955599770356e+00   91   91   30   30
 3.2197079428397695e+00   91   91   31   31
 2.9269805956708335e+00   91   91   32   32
 2.5730851565586956e+00   91   91   33   33
 2.4451961644218607e+00   91   91   34   34
 2.6039717893155432e+00   91   91   35   35
 2.9738871895333729e+00   91   91   36   36
 1.2913325505389133e+00   91   91   37   37
 1.4617790513514310e+00   91   91   38   38
 1.5320802220865688e+00   91   91   39   39
 1.3866413186474964e+00   91   91   40   40
 1.2409439945531326e+00   91   91   41   41
 1.2047243660379525e+00   91   91   42   42
 2.5589897968348145e+00   91   91   43   43
 3.1802123605151942e+00   91   91   44   44
 2.1308814443182715e+00   91   91   45   45
 2.2318294090200324e+00   91   91   46   46
 2.0144080230048278e+00   91   91   47   47
 1.7373082705312053e+00   91   91   48   48
 1.6384034423485323e+00   91   91   49   49
 1.7448463751948662e+00   91   91   50   50
 8.5517320267490926e-01   91   91   51   51
 7.7770589740700080e-01   91   91   52   52
 7.7601923481178858e-01   91   91   53   53
 8.5672529669801856e-01   91   91   54   54
 8.1519485238202061e-01   91   91   55   55
 7.5532979818245372e-01   91   91   56   56
 7.3792807558516915e-01   91   91   57   57
 1.1059113319888856e+00   91   91   58   58
 7.5688978411327568e-01   91   91   59   59
 7.9698241232980294e-01   91   91   60   60
 8.1863540956359071e-01   91   91   61   61
 7.9502157637318271e-01   91   91   62   62
 8.1141817025498419e-01   91   91   63   63
 1.2150860000810322e+00   91   91   64   64
 1.2417052460360276e+00   91   91   65   65
 1.0534049132349217e+00   91   91   66   66
 1.0374863761035580e+00   91   91   67   67
 1.1459549599817702e+00   91   91   68   68
 1.2324950469727147e+00   91   91   69   69
 1.3437413579227917e+00   91   91   70   70
 1.5114861691992008e+00   91   91   71   71
 1.2387084279955054e+00   91   91   72   72
 1.3647017690489287e+00   91   91   73   73
 1.5275537418304228e+00   91   91   74   74
 1.5413652347952342e+00   91   91   75   75
 1.6823799677718678e+00   91   91   76   76
 1.9590939849783506e+00   91   91   77   77
 2.0586657687974053e+00   91   91   78   78
 1.5811177957568152e+00   91   91   79   79
 1.8020324213288255e+00   91   91   80   80
 2.0656049304893953e+00   91   91   81   81
 3.4648158059194687e+00   91   91   82   82
 2.6128177985312178e+00   91   91   83   83
 1.6109232857685774e+00   91   91   84   84
 1.2861607038697411e+00   91   91   85   85
 1.3090838029110829e+00   91   91   86   86
 1.2847605180889536e+00   91   91   87   87
 1.5076952623277109e+00   91   91   88   88
 1.1340421756817745e+00   91   91   89   89
 2.7583668293105816e+00   91   91   90   90
 9.6429912899999994e+00   91   91   91   91
 1.7758764959740745e+00   92   92    1    1
 1.8292375743496632e+00   92   92    2    2
 2.1272717026083972e+00   92   92    3    3
 1.9853826547598705e+00   92   92    4    4
 1.1338682355338932e+00   92   92    5    5
 1.1283504787662553e+00   92   92    6    6
 1.0370880727410023e+00   92   92    7    7
 9.6413047875090607e-01   92   92    8    8
 8.9269854876445121e-01   92   92    9    9
 9.7029159334441595e-01   92   92   10   10
 1.0418677932952372e+00   92   92   11   11
 8.6179057221600630e-01   92   92   12   12
 8.3175136420788176e-01   92   92   13   13
 8.0072710750608944e-01   92   92   14   14
 7.9484864258642407e-01   92   92   15   15
 8.2052458696970709e-01   92   92   16   16
 8.5380063228562919e-01   92   92   17   17
 8.5397823868955269e-01   92   92   18   18
 8.7586825354186304e-01   92   92   19   19
 8.3358070713008325e-01   92   92   20   20
 7.7774435804766817e-01   92   92   21   21
 7.6139589874250890e-01   92   92   22   22
 7.9379741605350984e-01   92   92   23   23
 3.2237178508367670e+00   92   92   24   24
 2.9792296946944701e+00   92   92   25   25
 2.6097555297793580e+00   92   92   26   26
 2.4559761164987290e+00   92   92   27   27
 1.7642154291944214e+00   92   92   28   28
 2.5802776931046423e+00   92   92   29   29
 2.9336115238552005e+00   92   92   30   30
 3.4175872409678818e+00   92   92   31   31
 4.3837477877983506e+00   92   92   32   32
 3.4952927668825233e+00   92   92   33   33
 2.6846619937338803e+00   92   92   34   34
 2.4630284184859437e+00   92   92   35   35
 2.6720516398949732e+00   92   92   36   36
 1.2367656547713728e+00   92   92   37   37
 1.3841170273317500e+00   92   92   38   38
 1.5283271590303555e+00   92   92   39   39
 1.4578765712144195e+00   92   92   40   40
 1.2893198350402093e+00   92   92   41   41
 1.2022927485710886e+00   92   92   42   42
 2.5515822200324449e+00   92   92   43   43
 3.1761515174551209e+00   92   92   44   44
 2.3957861367434887e+00   92   92   45   45
 2.0616916979939024e+00   92   92   46   46
 2.0276320736146287e+00   92   92   47   47
 1.7235280712012397e+00   92   92   48   48
 1.5435274833186967e+00   92   92   49   49
 1.5605229557393574e+00   92   92   50   50
 7.5985301024533403e-01   92   92   51   51
 6.9523125294145161e-01   92   92   52   52
 6.8987043527973335e-01   92   92   53   53
 7.6644521580712266e-01   92   92   54   54
 7.3125043220970309e-01   92   92   55   55
 6.9416552620271899e-01   92   92   56   56
 6.7247457198688820e-01   92   92   57   57
 1.2298568178596236e+00   92   92   58   58
 6.8147306254401463e-01   92   92   59   59
 7.1356612549382759e-01   92   92   60   60
 7.3944532332210289e-01   92   92   61   61
 7.2840079123326862e-01   92   92   62   62
 7.1901072180536019e-01   92   92   63   63
 1.3317353751555352e+00   92   92   64   64
 1.3406099569545173e+00   92   92   65   65
 1.1592107316940874e+00   92   92   66   66
 1.1538797755458772e+00   92   92   67   67
 1.2431379598800885e+00   92   92   68   68
 1.1568802673729290e+00   92   92   69   69
 1.2155596410541796e+00   92   92   70   70
 1.3617811965355766e+00   92   92   71   71
 1.2091315134500551e+00   92   92   72   72
 1.3530017109984032e+00   92   92   73   73
 1.4557115834922245e+00   92   92   74   74
 1.6441725892968764e+00   92   92   75   75
 1.6696396824471318e+00   92   92   76   76
 1.9048816956640058e+00   92   92   77   77
 2.2348399455776558e+00   92   92   78   78
 1.8249372474974761e+00   92   92   79   79
 2.1603338347040499e+00   92   92   80   80
 2.1632764889155256e+00   92   92   81   81
 2.6128127191913402e+00   92   92   82   82
 3.4449438305782070e+00   92   92   83   83
 1.3857876401172491e+00   92   92   84   84
 1.2062538302459893e+00   92   92   85   85
 1.1318904956545663e+00   92   92   86   86
 1.1916823351279540e+00   92   92   87   87
 1.3141662079469074e+00   92   92   88   88
 1.0384459221315663e+00   92   92   89   89
 3.4636911720302863e+00   92   92   90   90
 3.3078842555241867e+00   92   92   91   91
 9.6429912899999994e+00   92   92   92   92
 2.4520178636679058e+00   93   93    1    1
 2.6062390704081189e+00   93   93    2    2
 2.9732261196520438e+00   93   93    3    3
 2.5836815301506961e+00   93   93    4    4
 1.5611686488253351e+00   93   93    5    5
 1.6382423037049918e+00   93   93    6    6
 1.4803441184391091e+00   93   93    7    7
 1.3126828740850003e+00   93   93    8    8
 1.1988652057466389e+00   93   93    9    9
 1.2785030603400842e+00   93   93   10   10
 1.3699947613126142e+00   93   93   11   11
 1.1723141438254800e+00   93   93   12   12
 1.1305662975539743e+00   93   93   13   13
 1.0901638949936849e+00   93   93   14   14
 1.0849899254196633e+00   93   93   15   15
 1.1216894497801442e+00   93   93   16   16
 1.1655813216150135e+00   93   93   17   17
 1.1117084078601556e+00   93   93   18   18
 1.1272723208035449e+00   93   93   19   19
 1.0422972000526913e+00   93   93   20   20
 9.5997651130718731e-01   93   93   21   21
 9.4875328277579307e-01   93   93   22   22
 1.0118479509954619e+00   93   93   23   23
 2.5518435296356690e+00   93   93   24   24
 2.1277278214892248e+00   93   93   25   25
 1.8293989996178479e+00   93   93   26   26
 1.7788198441714071e+00   93   93   27   27
 1.4421165773898967e+00   93   93   28   28
 1.9860533453678890e+00   93   93   29   29
 2.3981500952611579e+00   93   93   30   30
 3.4177938914843047e+00   93   93   31   31
 2.6721628084604037e+00   93   93   32   32
 2.4630362818210592e+00   93   93   33   33
 2.6846540688929128e+00   93   93   34   34
 3.4952814102775505e+00   93   93   35   35
 4.3839638097260902e+00   93   93   36   36
 1.6807981178865583e+00   93   93   37   37
 1.9589747117608083e+00   93   93   38   38
 2.0635079998497075e+00   93   93   39   39
 1.8078855461773300e+00   93   93   40   40
 1.5874229929778514e+00   93   93   41   41
 1.5418384183657172e+00   93   93   42   42
 3.2258014619847803e+00   93   93   43   43
 3.1778021884558121e+00   93   93   44   44
 2.9401778132339622e+00   93   93   45   45
 1.5271816055007725e+00   93   93   46   46
 1.4006639205283413e+00   93   93   47   47
 1.2504365432939735e+00   93   93   48   48
 1.2026160832865935e+00   93   93   49   49
 1.2788787834552822e+00   93   93   50   50
 1.0306850450906284e+00   93   93   51   51
 9.2420920098368731e-01   93   93   52   52
 9.1247638009656817e-01   93   93   53   53
 1.0468951958512389e+00   93   93   54   54
 9.8677040869275567e-01   93   93   55   55
 8.0742957666656467e-01   93   93   56   56
 7.8255557663842545e-01   93   93   57   57
 1.1134856967268567e+00   93   93   58   58
 8.0532214175261430e-01   93   93   59   59
 8.5896553385207830e-01   93   93   60   60
 8.9177543193659137e-01   93   93   61   61
 8.6144502135486301e-01   93   93   62   62
 9.5887316308582360e-01   93   93   63   63
 1.2240579395503737e+00   93   93   64   64
 1.2996046852012493e+00   93   93   65   65
 1.1193576066055775e+00   93   93   66   66
 1.0711363311910835e+00   93   93   67   67
 1.2325475167816915e+00   93   93   68   68
 1.3140136435970629e+00   93   93   69   69
 1.4481429851957839e+00   93   93   70   70
 1.6459693570553726e+00   93   93   71   71
 1.3143761559460072e+00   93   93   72   72
 1.4546002227766432e+00   93   93   73   73
 1.6518510277843312e+00   93   93   74   74
 1.6386303556308497e+00   93   93   75   75
 1.8226553925520153e+00   93   93   76   76
 2.1606450056996453e+00   93   93   77   77
 2.2351020436602704e+00   93   93   78   78
 1.6636973983157926e+00   93   93   79   79
 1.9037082861609800e+00   93   93   80   80
 2.1846223818859700e+00   93   93   81   81
 3.4447399606840263e+00   93   93   82   82
 3.3237431652972740e+00   93   93   83   83
 2.0206876019774715e+00   93   93   84   84
 1.5085500589529757e+00   93   93   85   85
 1.5039636797502851e+00   93   93   86   86
 1.5881929037860274e+00   93   93   87   87
 1.7136574694498166e+00   93   93   88   88
 1.3153414066711022e+00   93   93   89   89
 2.6134103002074651e+00   93   93   90   90
 3.4554814224806285e+00   93   93   91   91
 2.7569066731599672e+00   93   93   92   92
 9.6429912899999994e+00   93   93   93   93
-1.4005607843209836e+02    1    1    0    0
-2.0636712309571572e+00    2    1    0    0
-1.4164033732932569e+02    2    2    0    0
-2.1528781539323791e+00    3    2    0    0
-1.4611002638550002e+02    3    3    0    0
-2.0633898672661903e+00    4    1    0    0
-1.3789378687218223e+02    4    4    0    0
-1.3809041551071289e+02    5    5    0    0
-2.0631474459879979e+00    6    5    0    0
-1.3995697655227315e+02    6    6    0    0
-2.1534634275906757e+00    7    6    0    0
-1.4340922926418401e+02    7    7    0    0
-2.0464965016341958e+00    8    7    0    0
-1.4511373537030303e+02    8    8    0    0
-1.2657695142958565e+00    9    8    0    0
-1.4430043762664008e+02    9    9    0    0
-2.0471363353553862e+00   10    8    0    0
-1.3935725785712341e+02   10   10    0    0
-2.0629760404165109e+00   11    5    0    0
-2.1542319390145090e+00   11   10    0    0
-1.3464248163964677e+02   11   11    0    0
-1.2775529123276110e+00   12    9    0    0
-1.4043404605596382e+02   12   12    0    0
-2.0457271448987533e+00   13   12    0    0
-1.3349435797814621e+02   13   13    0    0
-2.1538494433740150e+00   14   13    0    0
-1.2417835786409250e+02   14   14    0    0
-2.0636011914056902e+00   15   14    0    0
-1.2244711357920083e+02   15   15    0    0
-2.0634809455216585e+00   16   15    0    0
-1.2503520523873965e+02   16   16    0    0
-2.0453932665787580e+00   17   12    0    0
-2.1543467975686981e+00   17   16    0    0
-1.3444219165843646e+02   17   17    0    0
-1.2467187967557261e+00   18    9    0    0
-1.3967340993155452e+02   18   18    0    0
-2.0535346626147892e+00   19   18    0    0
-1.3498613140055315e+02   19   19    0    0
-2.1461036384429590e+00   20   19    0    0
-1.2478681596804213e+02   20   20    0    0
-2.0904157310363822e+00   21   20    0    0
-1.2075547088167171e+02   21   21    0    0
-2.0903481243815172e+00   22   21    0    0
-1.2143652351091367e+02   22   22    0    0
-2.0536298937637993e+00   23   18    0    0
-2.1462326552026290e+00   23   22    0    0
-1.3109455666775827e+02   23   23    0    0
-1.4484066977328115e+02   24   24    0    0
-2.0536874574125559e+00   25   24    0    0
-1.3775974862377220e+02   25   25    0    0
-2.1461909320631274e+00   26   25    0    0
-1.2770921406860126e+02   26   26    0    0
-2.0905502018398483e+00   27   26    0    0
-1.2550850690065830e+02   27   27    0    0
-1.0856952673067254e+02   28   28    0    0
-2.0906198484131040e+00   29   27    0    0
-1.2801908798014722e+02   29   29    0    0
-2.0534266806381436e+00   30   24    0    0
-2.1458667427664637e+00   30   29    0    0
-1.3818332260340426e+02   30   30    0    0
-1.4689428960959518e+02   31   31    0    0
-2.0477161167141462e+00   32   31    0    0
-1.3946308111631697e+02   32   32    0    0
-2.1544089348659390e+00   33   32    0    0
-1.3232146593507750e+02   33   33    0    0
-2.0640539549225223e+00   34   33    0    0
-1.3343357678213422e+02   34   34    0    0
-2.0639694313425849e+00   35   34    0    0
-1.3585824570003848e+02   35   35    0    0
-2.0475198043508991e+00   36   31    0    0
-2.1547626890881642e+00   36   35    0    0
-1.4331206989268969e+02   36   36    0    0
-1.5318811950930307e+00   37    5    0    0
-1.3462679570821319e+02   37   37    0    0
-2.0641207189539905e+00   38   37    0    0
-1.3660274248805965e+02   38   38    0    0
-1.5303568513387120e+00   39    1    0    0
-2.0641801869860621e+00   39   38    0    0
-1.3555868243454634e+02   39   39    0    0
-2.0521817683359029e+00   40   39    0    0
-1.2607969172653996e+02   40   40    0    0
-2.1090283258922669e+00   41   40    0    0
-1.2053064703709168e+02   41   41    0    0
-2.0521846610587988e+00   42   37    0    0
-2.1091076693655073e+00   42   41    0    0
-1.2524080200211925e+02   42   42    0    0
-2.0467451313904950e+00   43    3    0    0
-1.4923437413859776e+02   43   43    0    0
-1.2443744164328674e+00   44   24    0    0
-1.2657810849781017e+00   44   31    0    0
-1.2643040102564032e+00   44   43    0    0
-1.4950174782332334e+02   44   44    0    0
-2.1541023077866428e+00   45    4    0    0
-2.0465346359140195e+00   45   43    0    0
-1.4367909260477035e+02   45   45    0    0
-1.0637340122083666e-02   46   27    0    0
-2.0652239369180534e+00   46   28    0    0
-1.1495881906034393e+02   46   46    0    0
-2.0737719273137487e+00   47   46    0    0
-1.0654411081727909e+02   47   47    0    0
-2.0990898092629195e+00   48   47    0    0
-9.7071427707105556e+01   48   48    0    0
-2.1133578297103788e+00   49   48    0    0
-9.4142059727072692e+01   49   49    0    0
-2.1098481982277510e+00   50   28    0    0
-2.0991495064973327e+00   50   49    0    0
-9.8813204893220018e+01   50   50    0    0
-1.5456578575236888e+00   51   15    0    0
-1.1269404083101755e+02   51   51    0    0
-9.2860850327814504e+01   52   52    0    0
-2.1174875400615294e+00   53   52    0    0
-9.5230459665030807e+01   53   53    0    0
-2.0566519322767105e+00   54   51    0    0
-1.0668977400014154e+02   54   54    0    0
-2.1170816372530674e+00   55   52    0    0
-2.1235079601608842e+00   55   54    0    0
-9.7322113315244650e+01   55   55    0    0
-9.4048671298436631e+01   56   56    0    0
-2.0990805116217364e+00   57   56    0    0
-9.0273192098609471e+01   57   57    0    0
-9.1729540025211037e+01   58   58    0    0
-2.1133844300982068e+00   59   57    0    0
-9.3687412638426380e+01   59   59    0    0
-2.0991261173449827e+00   60   59    0    0
-1.0295933663035515e+02   60   60    0    0
-2.1468645220557109e-02   61   21    0    0
-2.0738717969030858e+00   61   60    0    0
-1.1050433755202243e+02   61   61    0    0
-2.1099594897963438e+00   62   56    0    0
-2.0652282252743697e+00   62   61    0    0
-1.0337554020197227e+02   62   62    0    0
-2.0571567129534776e+00   63   51    0    0
-2.1231798490992837e+00   63   53    0    0
-1.0430820744854877e+02   63   63    0    0
-2.1120937897984207e+00   64   58    0    0
-1.0134958002232824e+02   64   64    0    0
-2.1037140708302049e+00   65   64    0    0
-1.0999608052120955e+02   65   65    0    0
-9.1526633087936332e+01   66   66    0    0
-2.1090293021734952e+00   67   58    0    0
-2.1086442560406340e+00   67   66    0    0
-8.8250355711669513e+01   67   67    0    0
-2.1032413854980549e+00   68   65    0    0
-2.1125116971149276e+00   68   66    0    0
-1.0105995106549746e+02   68   68    0    0
-9.7322676273728874e+01   69   69    0    0
-2.0810772918712543e+00   70   69    0    0
-1.0008907946049784e+02   70   70    0    0
-2.1128657442734053e+00   71   70    0    0
-1.0859754092456818e+02   71   71    0    0
-2.0981127370222152e+00   72   69    0    0
-1.0296874345965220e+02   72   72    0    0
-2.1308790568805982e+00   73   72    0    0
-1.1521540006806656e+02   73   73    0    0
-2.0933066633717043e+00   74   71    0    0
-2.0375605396595815e+00   74   73    0    0
-1.1695171979650836e+02   74   74    0    0
-1.2225040397069006e+02   75   75    0    0
-1.9352900754422835e+00   76   74    0    0
-2.0364595026696768e+00   76   75    0    0
-1.2267508356740353e+02   76   76    0    0
-2.1033072131887924e+00   77   76    0    0
-1.2441142285482371e+02   77   77    0    0
-1.5140008980133255e+00   78   34    0    0
-2.0624566316518305e+00   78   77    0    0
-1.2766024601279922e+02   78   78    0    0
-2.1287538933045047e+00   79   75    0    0
-1.1716035504251907e+02   79   79    0    0
-2.0358172735552222e+00   80   78    0    0
-2.1061632814593039e+00   80   79    0    0
-1.2082788608297243e+02   80   80    0    0
-8.6893415237122973e-01   81   65    0    0
-3.3376370829128148e+00   81   73    0    0
-3.3472212606993765e+00   81   75    0    0
-1.8412827611744103e+02   81   81    0    0
-1.9529165380963352e+02   82   82    0    0
-1.8933842976381212e+02   83   83    0    0
-1.9220531260220693e+02   84   84    0    0
-1.8081042653684386e+02   85   85    0    0
-1.7851595184645572e+02   86   86    0    0
-1.8107629711217436e+02   87   87    0    0
-1.8716828742158813e+02   88   88    0    0
-1.7306906431637663e+02   89   89    0    0
-1.8521530763345052e+02   90   90    0    0
-1.8732578714827213e+02   91   91    0    0
-1.8315979164014956e+02   92   92    0    0
-1.9667236756870770e+02   93   93    0    0
 7.7473868296248265e+03    0    0    0    0
