&FCI NORB=87, NELEC=100, MS2=0,
 ORBSYM=1,1,1,1,1,1,1,1,1,1,1,1,1,1,1,1,1,1,1,1,1,1,1,1,1,1,1,1,1,1,1,1,1,1,1,1,1,1,1,1,1,1,1,1,1,1,1,1,1,1,1,1,1,1,1,1,1,1,1,1,1,1,1,1,1,1,1,1,1,1,1,1,1,1,1,1,1,1,1,1,1,1,1,1,1,1,1,
 ISYM=1,
&END
 8.4208384499999998e+00    1    1    1    1
 3.8267024713357878e+00    2    2    1    1
 8.4208384499999998e+00    2    2    2    2
 2.7854400898731404e+00    3    3    1    1
 3.8276695321660474e+00    3    3    2    2
 8.4208384499999998e+00    3    3    3    3
 2.5183037909376575e+00    4    4    1    1
 2.7286141495587519e+00    4    4    2    2
 3.8692990958346449e+00    4    4    3    3
 8.4208384499999998e+00    4    4    4    4
 2.7588091945712452e+00    5    5    1    1
 2.4535895990575747e+00    5    5    2    2
 2.7581153765038824e+00    5    5    3    3
 3.8526201574964514e+00    5    5    4    4
 8.4208384499999998e+00    5    5    5    5
 3.8696090924164634e+00    6    6    1    1
 2.7282875984231110e+00    6    6    2    2
 2.5178226114525475e+00    6    6    3    3
 2.7768122465037770e+00    6    6    4    4
 3.8540038930128566e+00    6    6    5    5
 8.4208384499999998e+00    6    6    6    6
 1.0809537549432846e+00    7    7    1    1
 1.0070400644974413e+00    7    7    2    2
 1.0803033655078165e+00    7    7    3    3
 1.2687167730766831e+00    7    7    4    4
 1.4196496191876680e+00    7    7    5    5
 1.2700030867064709e+00    7    7    6    6
 8.4208384499999998e+00    7    7    7    7
 1.0074346942835704e+00    8    8    1    1
 9.2933124410736112e-01    8    8    2    2
 9.7633964105599469e-01    8    8    3    3
 1.1218067290192928e+00    8    8    4    4
 1.2627519120898825e+00    8    8    5    5
 1.1716190878121817e+00    8    8    6    6
 3.7513047633324161e+00    8    8    7    7
 8.4208384499999998e+00    8    8    8    8
 1.0230414189523043e+00    9    9    1    1
 9.3746486272771334e-01    9    9    2    2
 9.7466999553685640e-01    9    9    3    3
 1.1102172116531126e+00    9    9    4    4
 1.2574662778198871e+00    9    9    5    5
 1.1869417737086967e+00    9    9    6    6
 2.6797514372621496e+00    9    9    7    7
 3.8310386047009000e+00    9    9    8    8
 8.4208384499999998e+00    9    9    9    9
 9.2901366420900289e-01   10   10    1    1
 8.5158822226557207e-01   10   10    2    2
 8.7382625396653257e-01   10   10    3    3
 9.7633191318656609e-01   10   10    4    4
 1.0957353554754168e+00   10   10    5    5
 1.0584040116511333e+00   10   10    6    6
 1.9920709082179484e+00   10   10    7    7
 2.7316206133784804e+00   10   10    8    8
 3.8681822717432919e+00   10   10    9    9
 8.4208384499999998e+00   10   10   10   10
 8.4459392714917236e-01   11   11    1    1
 7.7791060485548846e-01   11   11    2    2
 7.9659451175001394e-01   11   11    3    3
 8.8346567567804057e-01   11   11    4    4
 9.8222930887133408e-01   11   11    5    5
 9.5244849479528548e-01   11   11    6    6
 1.8045697027259124e+00   11   11    7    7
 2.4593282080856658e+00   11   11    8    8
 2.7599110274968841e+00   11   11    9    9
 3.8543340923244562e+00   11   11   10   10
 8.4208384499999998e+00   11   11   11   11
 6.2958827720550536e-01   12   12    1    1
 6.2329718262380507e-01   12   12    2    2
 6.7067730337285547e-01   12   12    3    3
 7.3350504633118452e-01   12   12    4    4
 7.4027531016343151e-01   12   12    5    5
 6.7970649459204235e-01   12   12    6    6
 1.0797432046584876e+00   12   12    7    7
 9.9997053678261449e-01   12   12    8    8
 8.9192362514611034e-01   12   12    9    9
 8.3156195995041393e-01   12   12   10   10
 8.4877754996786192e-01   12   12   11   11
 8.4208384499999998e+00   12   12   12   12
 8.3608858816518972e-01   13   13    1    1
 7.7308079015817599e-01   13   13    2    2
 7.9684849583332928e-01   13   13    3    3
 8.8826902408590946e-01   13   13    4    4
 9.8429224890407596e-01   13   13    5    5
 9.4500762085115086e-01   13   13    6    6
 1.9932330957293505e+00   13   13    7    7
 2.7301157864294665e+00   13   13    8    8
 2.5151507644895368e+00   13   13    9    9
 2.7737543709141645e+00   13   13   10   10
 3.8538749884063455e+00   13   13   11   11
 9.3701753755998252e-01   13   13   12   12
 8.4208384499999998e+00   13   13   13   13
 9.0295737407816845e-01   14   14    1    1
 8.3584553654485838e-01   14   14    2    2
 8.7106307119118520e-01   14   14    3    3
 9.8507469569560635e-01   14   14    4    4
 1.0957731210032864e+00   14   14    5    5
 1.0330734143376821e+00   14   14    6    6
 2.6834888203523950e+00   14   14    7    7
 3.8305680376632343e+00   14   14    8    8
 2.7845933301574024e+00   14   14    9    9
 2.5175942722857862e+00   14   14   10   10
 2.7614530485815245e+00   14   14   11   11
 1.0256804023026986e+00   14   14   12   12
 3.8685341769811532e+00   14   14   13   13
 8.4208384499999998e+00   14   14   14   14
 9.7708886721799382e-01   15   15    1    1
 9.2956165250249279e-01   15   15    2    2
 1.0081185612352108e+00   15   15    3    3
 1.1733425713164860e+00   15   15    4    4
 1.2655857366997390e+00   15   15    5    5
 1.1238456741854252e+00   15   15    6    6
 3.7450271905478929e+00   15   15    7    7
 2.6683846586366222e+00   15   15    8    8
 2.0272089671553206e+00   15   15    9    9
 1.6402663524311629e+00   15   15   10   10
 1.5640300191150853e+00   15   15   11   11
 1.2829143168941752e+00   15   15   12   12
 1.7759215025423738e+00   15   15   13   13
 2.3219843144380374e+00   15   15   14   14
 8.4208384499999998e+00   15   15   15   15
 8.7769927715167317e-01   16   16    1    1
 8.4296768644061792e-01   16   16    2    2
 9.1191807923215429e-01   16   16    3    3
 1.0442815139880024e+00   16   16    4    4
 1.1066769015765034e+00   16   16    5    5
 9.9299992381415569e-01   16   16    6    6
 2.6806083632503102e+00   16   16    7    7
 2.3108673586934523e+00   16   16    8    8
 1.8855644828007940e+00   16   16    9    9
 1.5950832015907017e+00   16   16   10   10
 1.5450548323418247e+00   16   16   11   11
 1.3831548673956693e+00   16   16   12   12
 1.7322164296269460e+00   16   16   13   13
 2.1333322064868088e+00   16   16   14   14
 3.8340050150398532e+00   16   16   15   15
 8.4208384499999998e+00   16   16   16   16
 8.0533559737240268e-01   17   17    1    1
 7.8268622387846642e-01   17   17    2    2
 8.4903809265979302e-01   17   17    3    3
 9.6137783360496043e-01   17   17    4    4
 9.9891642575390649e-01   17   17    5    5
 8.9826006582963558e-01   17   17    6    6
 1.9914629787493632e+00   17   17    7    7
 1.7615262658082071e+00   17   17    8    8
 1.4958502708540655e+00   17   17    9    9
 1.3191372165404185e+00   17   17   10   10
 1.3064667552308356e+00   17   17   11   11
 1.6892997417414175e+00   17   17   12   12
 1.4602950539341937e+00   17   17   13   13
 1.7151781941420057e+00   17   17   14   14
 2.7335111127838774e+00   17   17   15   15
 3.8674373097346466e+00   17   17   16   16
 8.4208384499999998e+00   17   17   17   17
 8.0403525647863361e-01   18   18    1    1
 7.8625231086329606e-01   18   18    2    2
 8.5710969331768261e-01   18   18    3    3
 9.6951996673761243e-01   18   18    4    4
 9.9730140228204178e-01   18   18    5    5
 8.9303737714165987e-01   18   18    6    6
 1.8042427877653671e+00   18   18    7    7
 1.5523833151816850e+00   18   18    8    8
 1.3143201623265073e+00   18   18    9    9
 1.1625456484142882e+00   18   18   10   10
 1.1565674784490199e+00   18   18   11   11
 2.0003268937173990e+00   18   18   12   12
 1.2994662411360192e+00   18   18   13   13
 1.5261139787818110e+00   18   18   14   14
 2.4631131856514443e+00   18   18   15   15
 2.7617632396899814e+00   18   18   16   16
 3.8564404801401606e+00   18   18   17   17
 8.4208384499999998e+00   18   18   18   18
 1.0525833713321744e+00   19   19    1    1
 1.0133698294257567e+00   19   19    2    2
 8.9348258746081555e-01   19   19    3    3
 8.3189447795972293e-01   19   19    4    4
 8.5476357912433876e-01   19   19    5    5
 9.5617646181162053e-01   19   19    6    6
 6.1050469362856918e-01   19   19    7    7
 6.0679580799647359e-01   19   19    8    8
 6.3495171107146242e-01   19   19    9    9
 6.2015322091567338e-01   19   19   10   10
 5.8069917691045614e-01   19   19   11   11
 4.1870589019845145e-01   19   19   12   12
 5.5954580811634991e-01   19   19   13   13
 5.7093183011760296e-01   19   19   14   14
 5.6603548321344588e-01   19   19   15   15
 5.3551756695528518e-01   19   19   16   16
 5.0247092531579740e-01   19   19   17   17
 4.9440438342097648e-01   19   19   18   18
 8.4208384499999998e+00   19   19   19   19
 8.7609167729801118e-01   20   20    1    1
 8.5340587256976974e-01   20   20    2    2
 9.3387035764175874e-01   20   20    3    3
 1.0677597938245325e+00   20   20    4    4
 1.1050526808834034e+00   20   20    5    5
 9.8135108850306563e-01   20   20    6    6
 1.9915454705345290e+00   20   20    7    7
 1.6328290589603009e+00   20   20    8    8
 1.3529560129217997e+00   20   20    9    9
 1.1764085623705229e+00   20   20   10   10
 1.1622229367182078e+00   20   20   11   11
 1.7324568356630254e+00   20   20   12   12
 1.3150856557985029e+00   20   20   13   13
 1.5832224207697994e+00   20   20   14   14
 2.7324782662180298e+00   20   20   15   15
 2.5152344677496297e+00   20   20   16   16
 2.7735425133766451e+00   20   20   17   17
 3.8565040174970209e+00   20   20   18   18
 5.1723042376189654e-01   20   20   19   19
 8.4208384499999998e+00   20   20   20   20
 9.7179350954640831e-01   21   21    1    1
 9.3314013912440175e-01   21   21    2    2
 1.0193360718068605e+00   21   21    3    3
 1.1852726484639413e+00   21   21    4    4
 1.2579010906878969e+00   21   21    5    5
 1.1096369209619223e+00   21   21    6    6
 2.6820479388942244e+00   21   21    7    7
 2.0275894185510772e+00   21   21    8    8
 1.6127016564748684e+00   21   21    9    9
 1.3554963397328761e+00   21   21   10   10
 1.3178576501498285e+00   21   21   11   11
 1.4057496665036471e+00   21   21   12   12
 1.4999937674074029e+00   21   21   13   13
 1.8869998077490047e+00   21   21   14   14
 3.8341672014863004e+00   21   21   15   15
 2.7841725544014992e+00   21   21   16   16
 2.5164366268734430e+00   21   21   17   17
 2.7623040325472186e+00   21   21   18   18
 5.5334777789707545e-01   21   21   19   19
 3.8664361547777428e+00   21   21   20   20
 8.4208384499999998e+00   21   21   21   21
 2.6811890826494120e+00   22   22    1    1
 3.7586150674150458e+00   22   22    2    2
 2.6815022791288747e+00   22   22    3    3
 1.9923479222108003e+00   22   22    4    4
 1.8023544847841491e+00   22   22    5    5
 1.9924322692621068e+00   22   22    6    6
 8.7712125159430321e-01   22   22    7    7
 8.1865450981542676e-01   22   22    8    8
 8.2798507190382153e-01   22   22    9    9
 7.6244640272164399e-01   22   22   10   10
 7.0191699990936085e-01   22   22   11   11
 5.7505614775793956e-01   22   22   12   12
 6.9607439877578170e-01   22   22   13   13
 7.4521219163398955e-01   22   22   14   14
 8.1824724270379534e-01   22   22   15   15
 7.5112800174088379e-01   22   22   16   16
 7.0389202915250604e-01   22   22   17   17
 7.0785451304076552e-01   22   22   18   18
 1.0917050948076106e+00   22   22   19   19
 7.6193570071565198e-01   22   22   20   20
 8.2257842268778048e-01   22   22   21   21
 8.4208384499999998e+00   22   22   22   22
 2.0096040506729680e+00   23   23    1    1
 2.6586273911640839e+00   23   23    2    2
 2.3111673631460836e+00   23   23    3    3
 1.7585137863519826e+00   23   23    4    4
 1.5427141149659758e+00   23   23    5    5
 1.6207881820821548e+00   23   23    6    6
 8.1432265894119393e-01   23   23    7    7
 7.5684156181472728e-01   23   23    8    8
 7.5786496357726663e-01   23   23    9    9
 6.9927137193912670e-01   23   23   10   10
 6.4940823058886443e-01   23   23   11   11
 5.6526062281298994e-01   23   23   12   12
 6.4844204018325657e-01   23   23   13   13
 6.9466168685646856e-01   23   23   14   14
 7.7140630832462609e-01   23   23   15   15
 7.1117976259841820e-01   23   23   16   16
 6.7370125626057376e-01   23   23   17   17
 6.8336073264908714e-01   23   23   18   18
 9.9467250051126721e-01   23   23   19   19
 7.3540574983067697e-01   23   23   20   20
 7.8451084571969776e-01   23   23   21   21
 3.7442938516770004e+00   23   23   22   22
 8.4208384499999998e+00   23   23   23   23
 1.8488530864162065e+00   24   24    1    1
 2.2890299588763754e+00   24   24    2    2
 2.1101153318442383e+00   24   24    3    3
 1.6914528813839989e+00   24   24    4    4
 1.4956985513372010e+00   24   24    5    5
 1.5496578160095522e+00   24   24    6    6
 8.1335238840036772e-01   24   24    7    7
 7.5224883091714578e-01   24   24    8    8
 7.4456639702384753e-01   24   24    9    9
 6.8597785502871644e-01   24   24   10   10
 6.4170842116840165e-01   24   24   11   11
 5.7769885907079133e-01   24   24   12   12
 6.4622139848991988e-01   24   24   13   13
 6.9484561518364640e-01   24   24   14   14
 7.7567061251718661e-01   24   24   15   15
 7.1141361003789383e-01   24   24   16   16
 6.7701427621045995e-01   24   24   17   17
 6.9313193631368164e-01   24   24   18   18
 9.1104209440077488e-01   24   24   19   19
 7.5146887342440616e-01   24   24   20   20
 7.9890215984487734e-01   24   24   21   21
 2.6799120125488911e+00   24   24   22   22
 3.8355794496646385e+00   24   24   23   23
 8.4208384499999998e+00   24   24   24   24
 1.4713573178325268e+00   25   25    1    1
 1.7478244198454223e+00   25   25    2    2
 1.6961723551794667e+00   25   25    3    3
 1.4249892885316950e+00   25   25    4    4
 1.2650569895476687e+00   25   25    5    5
 1.2840460038545807e+00   25   25    6    6
 7.4950032126628097e-01   25   25    7    7
 6.9380943311356236e-01   25   25    8    8
 6.8359514077800931e-01   25   25    9    9
 6.3239401384651195e-01   25   25   10   10
 5.9550816890024916e-01   25   25   11   11
 5.6131578837208884e-01   25   25   12   12
 6.0177908119477330e-01   25   25   13   13
 6.4571031439022275e-01   25   25   14   14
 7.2320439304849393e-01   25   25   15   15
 6.6768433623287515e-01   25   25   16   16
 6.4129367789113267e-01   25   25   17   17
 6.6014046140287030e-01   25   25   18   18
 8.3738504496720945e-01   25   25   19   19
 7.1327409655418073e-01   25   25   20   20
 7.4957841902868516e-01   25   25   21   21
 1.9911608214595253e+00   25   25   22   22
 2.7339189952626040e+00   25   25   23   23
 3.8670395153795361e+00   25   25   24   24
 8.4208384499999998e+00   25   25   25   25
 1.3005919469193623e+00   26   26    1    1
 1.5451316464332767e+00   26   26    2    2
 1.5146737965474524e+00   26   26    3    3
 1.2779608688833548e+00   26   26    4    4
 1.1317908096088534e+00   26   26    5    5
 1.1422930308859525e+00   26   26    6    6
 6.9735569060799996e-01   26   26    7    7
 6.4820109555157479e-01   26   26    8    8
 6.4168592833528959e-01   26   26    9    9
 5.9617836246993627e-01   26   26   10   10
 5.6141456212368246e-01   26   26   11   11
 5.3513996156713783e-01   26   26   12   12
 5.6531094694701922e-01   26   26   13   13
 6.0393378509811535e-01   26   26   14   14
 6.7564335975347312e-01   26   26   15   15
 6.2955863393513967e-01   26   26   16   16
 6.0708262445029337e-01   26   26   17   17
 6.2299120099294969e-01   26   26   18   18
 8.2595706839857996e-01   26   26   19   19
 6.6723489606638420e-01   26   26   20   20
 6.9687027525965450e-01   26   26   21   21
 1.8041653476212405e+00   26   26   22   22
 2.4631226736804281e+00   26   26   23   23
 2.7611653701992180e+00   26   26   24   24
 3.8550258181803247e+00   26   26   25   25
 8.4208384499999998e+00   26   26   26   26
 1.3464267608579015e+00   27   27    1    1
 1.6306799018139875e+00   27   27    2    2
 1.5780376034916899e+00   27   27    3    3
 1.3044122042743016e+00   27   27    4    4
 1.1497481421073850e+00   27   27    5    5
 1.1666195713746290e+00   27   27    6    6
 6.9742381729674885e-01   27   27    7    7
 6.5048379047350957e-01   27   27    8    8
 6.4932125535461316e-01   27   27    9    9
 6.0404452464225888e-01   27   27   10   10
 5.6587571783710011e-01   27   27   11   11
 5.2531589271216472e-01   27   27   12   12
 5.6621931632193967e-01   27   27   13   13
 6.0326386197879378e-01   27   27   14   14
 6.7250276617615767e-01   27   27   15   15
 6.2910243838083280e-01   27   27   16   16
 6.0453487415302376e-01   27   27   17   17
 6.1584650975184030e-01   27   27   18   18
 8.8418075083876435e-01   27   27   19   19
 6.5594346615246846e-01   27   27   20   20
 6.8714955261009170e-01   27   27   21   21
 1.9926645531452849e+00   27   27   22   22
 2.7339049523467014e+00   27   27   23   23
 2.5160738871142776e+00   27   27   24   24
 2.7735891297491464e+00   27   27   25   25
 3.8558896154796005e+00   27   27   26   26
 8.4208384499999998e+00   27   27   27   27
 1.6096860604221164e+00   28   28    1    1
 2.0286722554591599e+00   28   28    2    2
 1.8845736252142868e+00   28   28    3    3
 1.4944268082877750e+00   28   28    4    4
 1.3110494803224888e+00   28   28    5    5
 1.3507475836115110e+00   28   28    6    6
 7.4773140904050339e-01   28   28    7    7
 6.9773246958274215e-01   28   28    8    8
 7.0070865389076442e-01   28   28    9    9
 6.5010589082344694e-01   28   28   10   10
 6.0500426817847719e-01   28   28   11   11
 5.3868968977223508e-01   28   28   12   12
 6.0271574928372185e-01   28   28   13   13
 6.4265875860199762e-01   28   28   14   14
 7.1388517918654815e-01   28   28   15   15
 6.6514397646088386e-01   28   28   16   16
 6.3408527126930303e-01   28   28   17   17
 6.4230099803411878e-01   28   28   18   18
 9.7297217671633540e-01   28   28   19   19
 6.8519546212786353e-01   28   28   20   20
 7.2438918412182340e-01   28   28   21   21
 2.6842431688082939e+00   28   28   22   22
 3.8362387932832211e+00   28   28   23   23
 2.7851880804076075e+00   28   28   24   24
 2.5163952397624603e+00   28   28   25   25
 2.7616700468929305e+00   28   28   26   26
 3.8671056748603752e+00   28   28   27   27
 8.4208384499999998e+00   28   28   28   28
 2.3305541358588235e+00   29   29    1    1
 2.6687289508607153e+00   29   29    2    2
 2.0128474194502051e+00   29   29    3    3
 1.6280818364258836e+00   29   29    4    4
 1.5544178420626138e+00   29   29    5    5
 1.7742217865061427e+00   29   29    6    6
 8.2153652699690505e-01   29   29    7    7
 7.7887863394128543e-01   29   29    8    8
 7.9747423967252529e-01   29   29    9    9
 7.4298291812155204e-01   29   29   10   10
 6.8354612668447845e-01   29   29   11   11
 5.3839222814110899e-01   29   29   12   12
 6.7183793693403593e-01   29   29   13   13
 7.1173938309021367e-01   29   29   14   14
 7.6241540476548098e-01   29   29   15   15
 7.0512215508906151e-01   29   29   16   16
 6.5956968582632669e-01   29   29   17   17
 6.5827743217687040e-01   29   29   18   18
 1.2947547001396611e+00   29   29   19   19
 7.0292614907977180e-01   29   29   20   20
 7.5855574561049222e-01   29   29   21   21
 3.7405545193394909e+00   29   29   22   22
 2.6683231778254037e+00   29   29   23   23
 2.0366722497710339e+00   29   29   24   24
 1.6421428684753516e+00   29   29   25   25
 1.5593916198441191e+00   29   29   26   26
 1.7650811208643802e+00   29   29   27   27
 2.3083225822490538e+00   29   29   28   28
 8.4208384499999998e+00   29   29   29   29
 1.9137378578943836e+00   30   30    1    1
 2.0436953767905841e+00   30   30    2    2
 1.6145452666193081e+00   30   30    3    3
 1.3580569092375399e+00   30   30    4    4
 1.3234732585664004e+00   30   30    5    5
 1.5148045497508864e+00   30   30    6    6
 7.5398060234041508e-01   30   30    7    7
 7.2066778369750517e-01   30   30    8    8
 7.3648270311933017e-01   30   30    9    9
 6.9253898445497619e-01   30   30   10   10
 6.4244537151284098e-01   30   30   11   11
 5.0711979409892116e-01   30   30   12   12
 6.3206710572883407e-01   30   30   13   13
 6.6543152090837288e-01   30   30   14   14
 7.0194832573768595e-01   30   30   15   15
 6.5085762373983302e-01   30   30   16   16
 6.1111501302093418e-01   30   30   17   17
 6.1113214770386448e-01   30   30   18   18
 1.4421557450707574e+00   30   30   19   19
 6.5176080969307260e-01   30   30   20   20
 7.0035873222823419e-01   30   30   21   21
 2.6841012154993704e+00   30   30   22   22
 2.3045332790223649e+00   30   30   23   23
 1.9035953787542246e+00   30   30   24   24
 1.5961566673424372e+00   30   30   25   25
 1.5254061753978301e+00   30   30   26   26
 1.6924221450868762e+00   30   30   27   27
 2.0846095735217545e+00   30   30   28   28
 3.8371919185043817e+00   30   30   29   29
 8.4208384499999998e+00   30   30   30   30
 1.6145294650850892e+00   31   31    1    1
 1.6473271573041011e+00   31   31    2    2
 1.3530396406448599e+00   31   31    3    3
 1.1777392417652883e+00   31   31    4    4
 1.1690693156421768e+00   31   31    5    5
 1.3345322122646299e+00   31   31    6    6
 7.0996191721973756e-01   31   31    7    7
 6.8598671248132881e-01   31   31    8    8
 7.0634156776899337e-01   31   31    9    9
 6.7068136048796423e-01   31   31   10   10
 6.2298928947782906e-01   31   31   11   11
 4.7996913658831075e-01   31   31   12   12
 6.0920987033088492e-01   31   31   13   13
 6.3608280617199464e-01   31   31   14   14
 6.5992013330875454e-01   31   31   15   15
 6.1559334110738040e-01   31   31   16   16
 5.7785027507915099e-01   31   31   17   17
 5.7504186212340247e-01   31   31   18   18
 1.7907725174506361e+00   31   31   19   19
 6.0965018403867666e-01   31   31   20   20
 6.5423014394405066e-01   31   31   21   21
 1.9937711921062304e+00   31   31   22   22
 1.7565504215503662e+00   31   31   23   23
 1.5074783943133498e+00   31   31   24   24
 1.3192915829229357e+00   31   31   25   25
 1.2888106753823141e+00   31   31   26   26
 1.4254005267266530e+00   31   31   27   27
 1.6782137188388664e+00   31   31   28   28
 2.7371327709147364e+00   31   31   29   29
 3.8696568007072702e+00   31   31   30   30
 8.4208384499999998e+00   31   31   31   31
 1.5537027188463941e+00   32   32    1    1
 1.5614480842022502e+00   32   32    2    2
 1.3077141790972677e+00   32   32    3    3
 1.1564949763589365e+00   32   32    4    4
 1.1570114089824775e+00   32   32    5    5
 1.3147660431166295e+00   32   32    6    6
 7.1702927698646179e-01   32   32    7    7
 6.9678520135283284e-01   32   32    8    8
 7.2481625194603938e-01   32   32    9    9
 6.9073272629293980e-01   32   32   10   10
 6.3797662699469759e-01   32   32   11   11
 4.7783321917389066e-01   32   32   12   12
 6.1900103966006381e-01   32   32   13   13
 6.4370220437932679e-01   32   32   14   14
 6.6378555725075417e-01   32   32   15   15
 6.2212501947597154e-01   32   32   16   16
 5.8212616085860336e-01   32   32   17   17
 5.7537044356696854e-01   32   32   18   18
 2.0007816099123374e+00   32   32   19   19
 6.0676739107768096e-01   32   32   20   20
 6.5223498919584699e-01   32   32   21   21
 1.8044787841514240e+00   32   32   22   22
 1.5496870736405577e+00   32   32   23   23
 1.3209246170717412e+00   32   32   24   24
 1.1630312799103533e+00   32   32   25   25
 1.1472242894719444e+00   32   32   26   26
 1.2802589644567253e+00   32   32   27   27
 1.5061622510326966e+00   32   32   28   28
 2.4647421963115619e+00   32   32   29   29
 2.7609428454667406e+00   32   32   30   30
 3.8545751609555210e+00   32   32   31   31
 8.4208384499999998e+00   32   32   32   32
 7.2824469860041308e-01   33   33    1    1
 7.2374727980897735e-01   33   33    2    2
 6.6849222724185919e-01   33   33    3    3
 6.3018888937807960e-01   33   33    4    4
 6.3482867583024261e-01   33   33    5    5
 6.8046318058960120e-01   33   33    6    6
 4.9232302867289490e-01   33   33    7    7
 4.9090288700223156e-01   33   33    8    8
 5.1392531300210575e-01   33   33    9    9
 5.0663551450094235e-01   33   33   10   10
 4.7781749622926317e-01   33   33   11   11
 3.6008236017767253e-01   33   33   12   12
 4.5945531040739662e-01   33   33   13   13
 4.6527160541517210e-01   33   33   14   14
 4.6360356250771922e-01   33   33   15   15
 4.4645912722471059e-01   33   33   16   16
 4.2357554667968167e-01   33   33   17   17
 4.1551286438201768e-01   33   33   18   18
 1.6191463947243765e+00   33   33   19   19
 4.2863647899220625e-01   33   33   20   20
 4.5227584443096797e-01   33   33   21   21
 7.7191771829479072e-01   33   33   22   22
 7.3140079538130975e-01   33   33   23   23
 6.7524651745965225e-01   33   33   24   24
 6.4133031273248486e-01   33   33   25   25
 6.5122900454582389e-01   33   33   26   26
 7.0007156789582137e-01   33   33   27   27
 7.4499927857019732e-01   33   33   28   28
 8.7122534475610214e-01   33   33   29   29
 9.2062823472222499e-01   33   33   30   30
 1.0508460666489980e+00   33   33   31   31
 1.1539844636428562e+00   33   33   32   32
 8.4208384499999998e+00   33   33   33   33
 1.7297845964157166e+00   34   34    1    1
 1.7603943757421328e+00   34   34    2    2
 1.4770782074182467e+00   34   34    3    3
 1.2991549319939315e+00   34   34    4    4
 1.2919119135543127e+00   34   34    5    5
 1.4607295283865842e+00   34   34    6    6
 7.7182003102086716e-01   34   34    7    7
 7.4673761844394881e-01   34   34    8    8
 7.8061732604698797e-01   34   34    9    9
 7.3901332807183795e-01   34   34   10   10
 6.7657261491539877e-01   34   34   11   11
 5.0260136613098150e-01   34   34   12   12
 6.5451652044045383e-01   34   34   13   13
 6.8338125062323829e-01   34   34   14   14
 7.1199223797125233e-01   34   34   15   15
 6.6719467283032208e-01   34   34   16   16
 6.2195845163681618e-01   34   34   17   17
 6.1255248035159138e-01   34   34   18   18
 1.6504969050922775e+00   34   34   19   19
 6.4545996320468713e-01   34   34   20   20
 6.9617762813032780e-01   34   34   21   21
 1.9888275110689215e+00   34   34   22   22
 1.6329789513275821e+00   34   34   23   23
 1.3568554785384255e+00   34   34   24   24
 1.1779397523203003e+00   34   34   25   25
 1.1605991766215589e+00   34   34   26   26
 1.3105608817042642e+00   34   34   27   27
 1.5792608950598110e+00   34   34   28   28
 2.7309271310273715e+00   34   34   29   29
 2.5124225316042890e+00   34   34   30   30
 2.7716995343267055e+00   34   34   31   31
 3.8555323453680255e+00   34   34   32   32
 1.0658435496318468e+00   34   34   33   33
 8.4208384499999998e+00   34   34   34   34
 2.1325455285049508e+00   35   35    1    1
 2.2971172796977779e+00   35   35    2    2
 1.8529763607772052e+00   35   35    3    3
 1.5629843941370198e+00   35   35    4    4
 1.5176454354757130e+00   35   35    5    5
 1.7174271657250075e+00   35   35    6    6
 8.3012235188566763e-01   35   35    7    7
 7.9271084650570434e-01   35   35    8    8
 8.2244319165616997e-01   35   35    9    9
 7.6892973599184367e-01   35   35   10   10
 7.0201309109101606e-01   35   35   11   11
 5.3419349950624240e-01   35   35   12   12
 6.8346644012845881e-01   35   35   13   13
 7.2062985357901221e-01   35   35   14   14
 7.6620386763729820e-01   35   35   15   15
 7.1317299646191246e-01   35   35   16   16
 6.6431382536755079e-01   35   35   17   17
 6.5706261384059239e-01   35   35   18   18
 1.3698094193594268e+00   35   35   19   19
 6.9651539986376865e-01   35   35   20   20
 7.5314759374255680e-01   35   35   21   21
 2.6776978967201455e+00   35   35   22   22
 2.0320167720576743e+00   35   35   23   23
 1.6165843808464160e+00   35   35   24   24
 1.3584317350820327e+00   35   35   25   25
 1.3210138250451615e+00   35   35   26   26
 1.5045508372025442e+00   35   35   27   27
 1.8956945498686808e+00   35   35   28   28
 3.8355286596495590e+00   35   35   29   29
 2.7850146759779140e+00   35   35   30   30
 2.5185849302828505e+00   35   35   31   31
 2.7640005392073324e+00   35   35   32   32
 9.3007867251323462e-01   35   35   33   33
 3.8643809746654769e+00   35   35   34   34
 8.4208384499999998e+00   35   35   35   35
 1.7939927695572921e+00   36   36    1    1
 1.5498500638241568e+00   36   36    2    2
 1.6297445127073071e+00   36   36    3    3
 2.0148657570771373e+00   36   36    4    4
 2.6872003478878872e+00   36   36    5    5
 2.3855258944402720e+00   36   36    6    6
 1.9922678799632763e+00   36   36    7    7
 1.7511885279572534e+00   36   36    8    8
 1.6889323441721791e+00   36   36    9    9
 1.4138231470889790e+00   36   36   10   10
 1.2591061054592698e+00   36   36   11   11
 8.2023028122033503e-01   36   36   12   12
 1.2837824276382062e+00   36   36   13   13
 1.4766214332098564e+00   36   36   14   14
 1.6369414184630886e+00   36   36   15   15
 1.3565723306345787e+00   36   36   16   16
 1.1773828703007279e+00   36   36   17   17
 1.1616993947452787e+00   36   36   18   18
 7.6863576570028647e-01   36   36   19   19
 1.3145642826664865e+00   36   36   20   20
 1.5864959980092517e+00   36   36   21   21
 1.2661089151458549e+00   36   36   22   22
 1.1285990608971510e+00   36   36   23   23
 1.1264632087482143e+00   36   36   24   24
 9.9461969170613740e-01   36   36   25   25
 8.9862928855192314e-01   36   36   26   26
 8.9870208950669661e-01   36   36   27   27
 9.9122607141249064e-01   36   36   28   28
 1.1586456907321587e+00   36   36   29   29
 1.0422774160748778e+00   36   36   30   30
 9.5705567074702769e-01   36   36   31   31
 9.5408615910523287e-01   36   36   32   32
 5.7976033669879334e-01   36   36   33   33
 1.0355432751916280e+00   36   36   34   34
 1.1485767714754709e+00   36   36   35   35
 8.4208384499999998e+00   36   36   36   36
 1.4372838110637203e+00   37   37    1    1
 1.2797602609119054e+00   37   37    2    2
 1.3520678012636016e+00   37   37    3    3
 1.6315088513419096e+00   37   37    4    4
 1.9988901048170600e+00   37   37    5    5
 1.7963668693877912e+00   37   37    6    6
 2.6823658979068425e+00   37   37    7    7
 2.2903248495951098e+00   37   37    8    8
 2.0911525167071741e+00   37   37    9    9
 1.6719073495010799e+00   37   37   10   10
 1.4852237715115824e+00   37   37   11   11
 8.9189493446150403e-01   37   37   12   12
 1.5473153231789130e+00   37   37   13   13
 1.8553798652759044e+00   37   37   14   14
 2.0309929508750866e+00   37   37   15   15
 1.6155306139915522e+00   37   37   16   16
 1.3563256359184408e+00   37   37   17   17
 1.3181712174951314e+00   37   37   18   18
 7.0617643050498835e-01   37   37   19   19
 1.5004111870222330e+00   37   37   20   20
 1.8909358894245660e+00   37   37   21   21
 1.0787493192408406e+00   37   37   22   22
 9.7885257733314368e-01   37   37   23   23
 9.7955756667265248e-01   37   37   24   24
 8.8153296912274859e-01   37   37   25   25
 8.0519338049380451e-01   37   37   26   26
 8.0399435380270123e-01   37   37   27   27
 8.7564751157091869e-01   37   37   28   28
 1.0007038214312656e+00   37   37   29   29
 9.1147214756223371e-01   37   37   30   30
 8.4816122462631249e-01   37   37   31   31
 8.5025553788009101e-01   37   37   32   32
 5.4520547217510706e-01   37   37   33   33
 9.1733153480336915e-01   37   37   34   34
 1.0005580303845765e+00   37   37   35   35
 3.8687023172311812e+00   37   37   36   36
 8.4208384499999998e+00   37   37   37   37
 1.2834962777360945e+00   38   38    1    1
 1.1834617023153382e+00   38   38    2    2
 1.2827122851483017e+00   38   38    3    3
 1.5547292410829199e+00   38   38    4    4
 1.7974948615817576e+00   38   38    5    5
 1.5564439645226966e+00   38   38    6    6
 3.7477425039566241e+00   38   38    7    7
 2.6586074281165160e+00   38   38    8    8
 2.3015487049173071e+00   38   38    9    9
 1.7502517308705514e+00   38   38   10   10
 1.5394776631354112e+00   38   38   11   11
 9.8414550009748281e-01   38   38   12   12
 1.6202032320402870e+00   38   38   13   13
 2.0139495260192768e+00   38   38   14   14
 2.6693027860503857e+00   38   38   15   15
 2.0327149494347521e+00   38   38   16   16
 1.6381706529790752e+00   38   38   17   17
 1.5569355982173885e+00   38   38   18   18
 6.6154871692185624e-01   38   38   19   19
 1.7642234679151190e+00   38   38   20   20
 2.3102412807359176e+00   38   38   21   21
 1.0079625070506348e+00   38   38   22   22
 9.2534175732221957e-01   38   38   23   23
 9.2193656932318391e-01   38   38   24   24
 8.3870933864290131e-01   38   38   25   25
 7.7435852823192808e-01   38   38   26   26
 7.7571021539686247e-01   38   38   27   27
 8.3966352230045804e-01   38   38   28   28
 9.3377964004196368e-01   38   38   29   29
 8.4706169533657905e-01   38   38   30   30
 7.9001893761805386e-01   38   38   31   31
 7.9635210889476482e-01   38   38   32   32
 5.2375380721480203e-01   38   38   33   33
 8.6378915204383977e-01   38   38   34   34
 9.4122719565789170e-01   38   38   35   35
 2.7333254393258262e+00   38   38   36   36
 3.8358182634652427e+00   38   38   37   37
 8.4208384499999998e+00   38   38   38   38
 1.3557220379951742e+00   39   39    1    1
 1.2834792859321627e+00   39   39    2    2
 1.4401032055497949e+00   39   39    3    3
 1.7974276392259767e+00   39   39    4    4
 2.0010919878067370e+00   39   39    5    5
 1.6351820466283855e+00   39   39    6    6
 2.6834761009335031e+00   39   39    7    7
 2.0308035208913604e+00   39   39    8    8
 1.8886267737085332e+00   39   39    9    9
 1.4963826509895926e+00   39   39   10   10
 1.3131800965612985e+00   39   39   11   11
 9.7364973320654014e-01   39   39   12   12
 1.3518974011114138e+00   39   39   13   13
 1.6117632168659048e+00   39   39   14   14
 2.3113201664577363e+00   39   39   15   15
 1.8947497054910429e+00   39   39   16   16
 1.5894937396866216e+00   39   39   17   17
 1.5263584637329266e+00   39   39   18   18
 6.7062498209461041e-01   39   39   19   19
 1.7037473330844237e+00   39   39   20   20
 2.1065010569476357e+00   39   39   21   21
 1.0824693778763366e+00   39   39   22   22
 9.9468326732579182e-01   39   39   23   23
 9.8303034432273573e-01   39   39   24   24
 8.9227801972318666e-01   39   39   25   25
 8.2720276194671627e-01   39   39   26   26
 8.3347054223708927e-01   39   39   27   27
 9.0537233829908759e-01   39   39   28   28
 9.9042941233724624e-01   39   39   29   29
 8.8515802652079056e-01   39   39   30   30
 8.1920830448996573e-01   39   39   31   31
 8.2753836611748233e-01   39   39   32   32
 5.3445564497200715e-01   39   39   33   33
 9.0804741908744135e-01   39   39   34   34
 1.0020354737964325e+00   39   39   35   35
 2.5165177213123200e+00   39   39   36   36
 2.7864565912400971e+00   39   39   37   37
 3.8357158292591507e+00   39   39   38   38
 8.4208384499999998e+00   39   39   39   39
 1.6360758274039378e+00   40   40    1    1
 1.5570030546258220e+00   40   40    2    2
 1.8009579453754403e+00   40   40    3    3
 2.3915105376301971e+00   40   40    4    4
 2.6940786072213077e+00   40   40    5    5
 2.0211065411801381e+00   40   40    6    6
 1.9931022435751093e+00   40   40    7    7
 1.6350059252080555e+00   40   40    8    8
 1.5839301975671181e+00   40   40    9    9
 1.3072293382471070e+00   40   40   10   10
 1.1521611595873227e+00   40   40   11   11
 8.8133731142462024e-01   40   40   12   12
 1.1685958349546977e+00   40   40   13   13
 1.3495909218262525e+00   40   40   14   14
 1.7627662594373328e+00   40   40   15   15
 1.5023583278414474e+00   40   40   16   16
 1.3155745369238259e+00   40   40   17   17
 1.2921855482799842e+00   40   40   18   18
 7.2336439785727125e-01   40   40   19   19
 1.4389269794640045e+00   40   40   20   20
 1.6986515551020895e+00   40   40   21   21
 1.2724972567541628e+00   40   40   22   22
 1.1534709689275553e+00   40   40   23   23
 1.1311586459739125e+00   40   40   24   24
 1.0097128521927672e+00   40   40   25   25
 9.2962844741766704e-01   40   40   26   26
 9.4103225331606732e-01   40   40   27   27
 1.0359081113421813e+00   40   40   28   28
 1.1428941078533332e+00   40   40   29   29
 1.0029300412636197e+00   40   40   30   30
 9.1570793424233565e-01   40   40   31   31
 9.2242266020142283e-01   40   40   32   32
 5.6715399489173479e-01   40   40   33   33
 1.0229553758856087e+00   40   40   34   34
 1.1519129775417378e+00   40   40   35   35
 2.7739329533384511e+00   40   40   36   36
 2.5179332501568141e+00   40   40   37   37
 2.7343838615444773e+00   40   40   38   38
 3.8691848237280775e+00   40   40   39   39
 8.4208384499999998e+00   40   40   40   40
 1.9996816117856466e+00   41   41    1    1
 1.7939641616039739e+00   41   41    2    2
 1.9990628865302438e+00   41   41    3    3
 2.6890961538505169e+00   41   41    4    4
 3.7222315105858135e+00   41   41    5    5
 2.6909308070865308e+00   41   41    6    6
 1.8033563880918504e+00   41   41    7    7
 1.5484417439991072e+00   41   41    8    8
 1.5156161053560422e+00   41   41    9    9
 1.2755768050311365e+00   41   41   10   10
 1.1308752746558217e+00   41   41   11   11
 8.1472868674713239e-01   41   41   12   12
 1.1431621772458123e+00   41   41   13   13
 1.3038863194672374e+00   41   41   14   14
 1.5538760924339046e+00   41   41   15   15
 1.3179693395335670e+00   41   41   16   16
 1.1611137352986867e+00   41   41   17   17
 1.1499969299665380e+00   41   41   18   18
 7.8091976923237727e-01   41   41   19   19
 1.2899237625079452e+00   41   41   20   20
 1.5203172033346093e+00   41   41   21   21
 1.4191528609639983e+00   41   41   22   22
 1.2572151912850877e+00   41   41   23   23
 1.2383742615002846e+00   41   41   24   24
 1.0831956947164871e+00   41   41   25   25
 9.8080382926210508e-01   41   41   26   26
 9.8891416309921876e-01   41   41   27   27
 1.1010553812946937e+00   41   41   28   28
 1.2678699712706676e+00   41   41   29   29
 1.1113264865466379e+00   41   41   30   30
 1.0066129078737640e+00   41   41   31   31
 1.0058289580587310e+00   41   41   32   32
 5.9345359228117178e-01   41   41   33   33
 1.1110815924307451e+00   41   41   34   34
 1.2607797238952863e+00   41   41   35   35
 3.8516500398775464e+00   41   41   36   36
 2.7598840067249291e+00   41   41   37   37
 2.4603419177571313e+00   41   41   38   38
 2.7594922660885768e+00   41   41   39   39
 3.8532108670652483e+00   41   41   40   40
 8.4208384499999998e+00   41   41   41   41
 1.0210381902931247e+00   42   42    1    1
 1.1678450318450873e+00   42   42    2    2
 1.1989618585023589e+00   42   42    3    3
 1.0700410803756328e+00   42   42    4    4
 9.5368491707645109e-01   42   42    5    5
 9.3743747248163778e-01   42   42    6    6
 6.4522935483369770e-01   42   42    7    7
 5.9794341456644617e-01   42   42    8    8
 5.8641579477790862e-01   42   42    9    9
 5.4569987537548481e-01   42   42   10   10
 5.1819645509896495e-01   42   42   11   11
 5.3425545594553003e-01   42   42   12   12
 5.2553572500269463e-01   42   42   13   13
 5.6181357321915149e-01   42   42   14   14
 6.3601704536596215e-01   42   42   15   15
 5.9703244596824900e-01   42   42   16   16
 5.8365400077840324e-01   42   42   17   17
 6.0486410923432732e-01   42   42   18   18
 6.8470848801532447e-01   42   42   19   19
 6.4558266369074624e-01   42   42   20   20
 6.6318496634133128e-01   42   42   21   21
 1.2689431187187621e+00   42   42   22   22
 1.5570827785228811e+00   42   42   23   23
 1.7463619751216368e+00   42   42   24   24
 2.2625129585082919e+00   42   42   25   25
 2.6900490705037958e+00   42   42   26   26
 2.1071845605915560e+00   42   42   27   27
 1.6768661882443279e+00   42   42   28   28
 1.1253236148006038e+00   42   42   29   29
 1.1008942220652866e+00   42   42   30   30
 9.7279022290797501e-01   42   42   31   31
 8.9039802161571524e-01   42   42   32   32
 5.6523364236235063e-01   42   42   33   33
 9.0241217194529688e-01   42   42   34   34
 1.0010343794026586e+00   42   42   35   35
 7.9112631654875676e-01   42   42   36   36
 7.2381445389522470e-01   42   42   37   37
 7.0615605320047636e-01   42   42   38   38
 7.5330561095031079e-01   42   42   39   39
 8.3011076504100589e-01   42   42   40   40
 8.5642692446737845e-01   42   42   41   41
 8.4208384499999998e+00   42   42   42   42
 1.0919935974064745e+00   43   43    1    1
 1.2580670599170380e+00   43   43    2    2
 1.2527711909469401e+00   43   43    3    3
 1.0943121381641108e+00   43   43    4    4
 9.8088518939847102e-01   43   43    5    5
 9.8210416926280775e-01   43   43    6    6
 6.4358439424520486e-01   43   43    7    7
 5.9950232616567245e-01   43   43    8    8
 5.9149916675864966e-01   43   43    9    9
 5.5172355788763361e-01   43   43   10   10
 5.2256504271811333e-01   43   43   11   11
 5.1604610651063987e-01   43   43   12   12
 5.2760139735420408e-01   43   43   13   13
 5.6230597109086522e-01   43   43   14   14
 6.2877452947109713e-01   43   43   15   15
 5.8919409144803003e-01   43   43   16   16
 5.7234660545470928e-01   43   43   17   17
 5.8954772716611170e-01   43   43   18   18
 7.5121491401226681e-01   43   43   19   19
 6.2907042007764502e-01   43   43   20   20
 6.5108629104224891e-01   43   43   21   21
 1.4186801962714410e+00   43   43   22   22
 1.7965958259131232e+00   43   43   23   23
 1.9976054854302612e+00   43   43   24   24
 2.6870368183349198e+00   43   43   25   25
 3.7122985189094617e+00   43   43   26   26
 2.6903907839274419e+00   43   43   27   27
 1.9989226478424134e+00   43   43   28   28
 1.2694994748688557e+00   43   43   29   29
 1.2634029569818694e+00   43   43   30   30
 1.1058618553838080e+00   43   43   31   31
 9.9586614450476485e-01   43   43   32   32
 6.1070832812305342e-01   43   43   33   33
 9.9870905588918613e-01   43   43   34   34
 1.1086166121076970e+00   43   43   35   35
 8.0433847414846205e-01   43   43   36   36
 7.3052861789267609e-01   43   43   37   37
 7.0708487330396186e-01   43   43   38   38
 7.5196022530688311e-01   43   43   39   39
 8.3318915903109114e-01   43   43   40   40
 8.6943550744599207e-01   43   43   41   41
 3.8396390743943294e+00   43   43   42   42
 8.4208384499999998e+00   43   43   43   43
 9.9242300349130452e-01   44   44    1    1
 1.1209115607182227e+00   44   44    2    2
 1.0954205299316051e+00   44   44    3    3
 9.6628489158537434e-01   44   44    4    4
 8.8157109183870586e-01   44   44    5    5
 8.9295221148382176e-01   44   44    6    6
 5.9487103611131875e-01   44   44    7    7
 5.5827135544609607e-01   44   44    8    8
 5.5263830031167072e-01   44   44    9    9
 5.1866297234133640e-01   44   44   10   10
 4.9256177443239912e-01   44   44   11   11
 4.8128715324609683e-01   44   44   12   12
 4.9618112220239313e-01   44   44   13   13
 5.2592661466254997e-01   44   44   14   14
 5.8046211645527146e-01   44   44   15   15
 5.4601346092642089e-01   44   44   16   16
 5.3065355170934547e-01   44   44   17   17
 5.4502069031870892e-01   44   44   18   18
 7.5340449118514985e-01   44   44   19   19
 5.7909777114209959e-01   44   44   20   20
 5.9874451554934449e-01   44   44   21   21
 1.2733058701904967e+00   44   44   22   22
 1.5597230101428519e+00   44   44   23   23
 1.6766999271660721e+00   44   44   24   24
 2.1041365664293199e+00   44   44   25   25
 2.6910183505947822e+00   44   44   26   26
 2.2679235488127696e+00   44   44   27   27
 1.7502224389567358e+00   44   44   28   28
 1.1841186503510190e+00   44   44   29   29
 1.2140664105496271e+00   44   44   30   30
 1.0870184036778561e+00   44   44   31   31
 9.7457385771671723e-01   44   44   32   32
 6.2044064504682483e-01   44   44   33   33
 9.5981216040226658e-01   44   44   34   34
 1.0426962655247587e+00   44   44   35   35
 7.3593317142301817e-01   44   44   36   36
 6.7208193033345176e-01   44   44   37   37
 6.4950450297470608e-01   44   44   38   38
 6.8572821191020938e-01   44   44   39   39
 7.5384584955320877e-01   44   44   40   40
 7.8746282443288029e-01   44   44   41   41
 2.7429920244794954e+00   44   44   42   42
 3.8406124137519320e+00   44   44   43   43
 8.4208384499999998e+00   44   44   44   44
 7.8039099931415079e-01   45   45    1    1
 7.6061538266985584e-01   45   45    2    2
 6.8986712783536885e-01   45   45    3    3
 6.5021315673572677e-01   45   45    4    4
 6.6367731295582133e-01   45   45    5    5
 7.2484344408263279e-01   45   45    6    6
 5.0812981638617205e-01   45   45    7    7
 5.0750827585295111e-01   45   45    8    8
 5.2798079981071533e-01   45   45    9    9
 5.2061729004686708e-01   45   45   10   10
 4.9401668895442413e-01   45   45   11   11
 3.6707181042159803e-01   45   45   12   12
 4.7761460640834080e-01   45   45   13   13
 4.8374860383936430e-01   45   45   14   14
 4.7628288421631176e-01   45   45   15   15
 4.5428338771065108e-01   45   45   16   16
 4.2990606355349220e-01   45   45   17   17
 4.2388964153526443e-01   45   45   18   18
 2.1702536206401311e+00   45   45   19   19
 4.4094774893513800e-01   45   45   20   20
 4.6725975361859162e-01   45   45   21   21
 8.1202123395378700e-01   45   45   22   22
 7.6814641406064998e-01   45   45   23   23
 7.2207384951163611e-01   45   45   24   24
 6.8314578745927024e-01   45   45   25   25
 6.8091188388862922e-01   45   45   26   26
 7.1779164279241203e-01   45   45   27   27
 7.6361151759223478e-01   45   45   28   28
 9.1822947095807306e-01   45   45   29   29
 1.0097440176845824e+00   45   45   30   30
 1.1716659224298061e+00   45   45   31   31
 1.2219782943309581e+00   45   45   32   32
 1.9104444517656967e+00   45   45   33   33
 1.0711090110271635e+00   45   45   34   34
 9.4478539723378951e-01   45   45   35   35
 6.1317499716515567e-01   45   45   36   36
 5.7345359769398718e-01   45   45   37   37
 5.4212524249034066e-01   45   45   38   38
 5.4649021668096898e-01   45   45   39   39
 5.8053100758503950e-01   45   45   40   40
 6.1826774655781924e-01   45   45   41   41
 5.8555207100868578e-01   45   45   42   42
 6.3675250287050245e-01   45   45   43   43
 6.4962597282161416e-01   45   45   44   44
 8.4208384499999998e+00   45   45   45   45
 8.7508882768610141e-01   46   46    1    1
 9.7416238610375538e-01   46   46    2    2
 9.6228415432760639e-01   46   46    3    3
 8.6466801574297580e-01   46   46    4    4
 7.9384865351317813e-01   46   46    5    5
 7.9918609402010898e-01   46   46    6    6
 5.5750559571491898e-01   46   46    7    7
 5.2403830753239244e-01   46   46    8    8
 5.1759422878565153e-01   46   46    9    9
 4.8708105619834158e-01   46   46   10   10
 4.6445167286636635e-01   46   46   11   11
 4.6533187516223085e-01   46   46   12   12
 4.6873250604415817e-01   46   46   13   13
 4.9595497150100093e-01   46   46   14   14
 5.4708023361019209e-01   46   46   15   15
 5.1677911431179224e-01   46   46   16   16
 5.0480879027306769e-01   46   46   17   17
 5.1962831526794750e-01   46   46   18   18
 6.8771758084842882e-01   46   46   19   19
 5.5038759347023214e-01   46   46   20   20
 5.6553842958817846e-01   46   46   21   21
 1.0823139547855947e+00   46   46   22   22
 1.2846868497654225e+00   46   46   23   23
 1.3767759371341222e+00   46   46   24   24
 1.6749641685443086e+00   46   46   25   25
 1.9999413417773981e+00   46   46   26   26
 1.7483290207776316e+00   46   46   27   27
 1.4148144551042270e+00   46   46   28   28
 1.0151815833736311e+00   46   46   29   29
 1.0389703260573036e+00   46   46   30   30
 9.4777440140798108e-01   46   46   31   31
 8.6079970156398022e-01   46   46   32   32
 5.8048733846544465e-01   46   46   33   33
 8.4775600316402400e-01   46   46   34   34
 9.1056413321553220e-01   46   46   35   35
 6.7544302678582502e-01   46   46   36   36
 6.2239077934692821e-01   46   46   37   37
 6.0428503817045076e-01   46   46   38   38
 6.3615909892652944e-01   46   46   39   39
 6.9301186560738615e-01   46   46   40   40
 7.1878593714940908e-01   46   46   41   41
 2.5000600603570198e+00   46   46   42   42
 2.7634406892234540e+00   46   46   43   43
 3.8543569023856414e+00   46   46   44   44
 6.0550535961760144e-01   46   46   45   45
 8.4208384499999998e+00   46   46   46   46
 8.3690018958823842e-01   47   47    1    1
 9.3017089213053705e-01   47   47    2    2
 9.3618624070709888e-01   47   47    3    3
 8.5118544550333441e-01   47   47    4    4
 7.7818386783424354e-01   47   47    5    5
 7.7386286191787579e-01   47   47    6    6
 5.5776810010740197e-01   47   47    7    7
 5.2232821272849905e-01   47   47    8    8
 5.1357389853198743e-01   47   47    9    9
 4.8240608659976980e-01   47   47   10   10
 4.6089321921998039e-01   47   47   11   11
 4.7781320296939928e-01   47   47   12   12
 4.6676158687038449e-01   47   47   13   13
 4.9501039779642297e-01   47   47   14   14
 5.5097469854271464e-01   47   47   15   15
 5.2126192989123576e-01   47   47   16   16
 5.1172501868887321e-01   47   47   17   17
 5.2914698901275925e-01   47   47   18   18
 6.3578619301240680e-01   47   47   19   19
 5.6036275505571032e-01   47   47   20   20
 5.7244170809763051e-01   47   47   21   21
 1.0121141829994085e+00   47   47   22   22
 1.1908028482827158e+00   47   47   23   23
 1.2889575518504297e+00   47   47   24   24
 1.5642442341229919e+00   47   47   25   25
 1.8098243204700397e+00   47   47   26   26
 1.5675547309787239e+00   47   47   27   27
 1.2907532493345231e+00   47   47   28   28
 9.3766138424729739e-01   47   47   29   29
 9.4403615587299894e-01   47   47   30   30
 8.6074889590178449e-01   47   47   31   31
 7.9037658795184362e-01   47   47   32   32
 5.4115579971415739e-01   47   47   33   33
 7.8672210217015182e-01   47   47   34   34
 8.4840228022309849e-01   47   47   35   35
 6.6665997135251154e-01   47   47   36   36
 6.1736922691495499e-01   47   47   37   37
 6.0280163920822272e-01   47   47   38   38
 6.3592705596039201e-01   47   47   39   39
 6.9007765682515132e-01   47   47   40   40
 7.1032442701107568e-01   47   47   41   41
 2.7439350644897651e+00   47   47   42   42
 2.4880597798043924e+00   47   47   43   43
 2.7438996569038188e+00   47   47   44   44
 5.6115951338846703e-01   47   47   45   45
 3.8570693600583286e+00   47   47   46   46
 8.4208384499999998e+00   47   47   47   47
 8.9383539974715098e-01   48   48    1    1
 1.0033219377615081e+00   48   48    2    2
 1.0274357699713892e+00   48   48    3    3
 9.3396104364117893e-01   48   48    4    4
 8.4354683774944661e-01   48   48    5    5
 8.2955728604704415e-01   48   48    6    6
 5.9723455477647081e-01   48   48    7    7
 5.5560815111228867e-01   48   48    8    8
 5.4434983560912686e-01   48   48    9    9
 5.0873373473750672e-01   48   48   10   10
 4.8524798126452623e-01   48   48   11   11
 5.1153299072548430e-01   48   48   12   12
 4.9264627186684751e-01   48   48   13   13
 5.2496196648413007e-01   48   48   14   14
 5.9163681005372593e-01   48   48   15   15
 5.5831921606647750e-01   48   48   16   16
 5.4865439652082859e-01   48   48   17   17
 5.6939861419179671e-01   48   48   18   18
 6.3552847281925073e-01   48   48   19   19
 6.0501463223170626e-01   48   48   20   20
 6.1744552180130030e-01   48   48   21   21
 1.0798439297476883e+00   48   48   22   22
 1.2834251925108793e+00   48   48   23   23
 1.4120202899471224e+00   48   48   24   24
 1.7442325296788472e+00   48   48   25   25
 1.9998611772270531e+00   48   48   26   26
 1.6783846628178949e+00   48   48   27   27
 1.3779666587681292e+00   48   48   28   28
 9.7889975891786885e-01   48   48   29   29
 9.6796777414478774e-01   48   48   30   30
 8.7158765459934417e-01   48   48   31   31
 8.0290632725773059e-01   48   48   32   32
 5.3551363622824899e-01   48   48   33   33
 8.0872437091020344e-01   48   48   34   34
 8.8348365068021351e-01   48   48   35   35
 7.1609763599007192e-01   48   48   36   36
 6.6164979471580365e-01   48   48   37   37
 6.4786003637496303e-01   48   48   38   38
 6.8749385022190512e-01   48   48   39   39
 7.4911547846201543e-01   48   48   40   40
 7.6847896041720487e-01   48   48   41   41
 3.8557277457644483e+00   48   48   42   42
 2.7635057893643422e+00   48   48   43   43
 2.4999896332968934e+00   48   48   44   44
 5.5370971256971213e-01   48   48   45   45
 2.7773185779245311e+00   48   48   46   46
 3.8556387438648270e+00   48   48   47   47
 8.4208384499999998e+00   48   48   48   48
 7.4877020115495485e-01   49   49    1    1
 7.2385867428267070e-01   49   49    2    2
 6.6252668515170166e-01   49   49    3    3
 6.3181377213736045e-01   49   49    4    4
 6.4942322985811041e-01   49   49    5    5
 7.0616375552388921e-01   49   49    6    6
 5.1253284955223677e-01   49   49    7    7
 5.1601893582519864e-01   49   49    8    8
 5.4161373183841022e-01   49   49    9    9
 5.3829996908695177e-01   49   49   10   10
 5.0985095765351951e-01   49   49   11   11
 3.6622814598010445e-01   49   49   12   12
 4.8890187437433830e-01   49   49   13   13
 4.9187804530159945e-01   49   49   14   14
 4.7891350739276700e-01   49   49   15   15
 4.5896373110688732e-01   49   49   16   16
 4.3318133839317441e-01   49   49   17   17
 4.2439906238741143e-01   49   49   18   18
 1.9012704467736572e+00   49   49   19   19
 4.3934912128566961e-01   49   49   20   20
 4.6623021038346413e-01   49   49   21   21
 7.5901044933635320e-01   49   49   22   22
 7.0978743961926916e-01   49   49   23   23
 6.6477473434114687e-01   49   49   24   24
 6.2574797499072554e-01   49   49   25   25
 6.2221987896283815e-01   49   49   26   26
 6.5737014959812856e-01   49   49   27   27
 7.0324351260155993e-01   49   49   28   28
 8.5312170008895960e-01   49   49   29   29
 9.0991070004116525e-01   49   49   30   30
 1.0392810733513469e+00   49   49   31   31
 1.1222816269167661e+00   49   49   32   32
 2.1069904713910872e+00   49   49   33   33
 1.0230318884595377e+00   49   49   34   34
 8.9923319771865429e-01   49   49   35   35
 6.0826305343301501e-01   49   49   36   36
 5.7322682298176597e-01   49   49   37   37
 5.4406029281107215e-01   49   49   38   38
 5.4709333557387818e-01   49   49   39   39
 5.7741010127413905e-01   49   49   40   40
 6.1147893533410291e-01   49   49   41   41
 5.3941900229694439e-01   49   49   42   42
 5.8096479372161935e-01   49   49   43   43
 5.8646397002914918e-01   49   49   44   44
 2.7573806987887446e+00   49   49   45   45
 5.4800374472496238e-01   49   49   46   46
 5.1281785231773069e-01   49   49   47   47
 5.0985529955492426e-01   49   49   48   48
 8.4208384499999998e+00   49   49   49   49
 7.9461005382327488e-01   50   50    1    1
 7.7283769787902512e-01   50   50    2    2
 7.0234506253199180e-01   50   50    3    3
 6.6377187518775027e-01   50   50    4    4
 6.7880195982982694e-01   50   50    5    5
 7.4077770267808485e-01   50   50    6    6
 5.2155501466056331e-01   50   50    7    7
 5.2215261314640382e-01   50   50    8    8
 5.4619826052437503e-01   50   50    9    9
 5.3957121311248413e-01   50   50   10   10
 5.1012751152793490e-01   50   50   11   11
 3.7277557689919200e-01   50   50   12   12
 4.9088820735808275e-01   50   50   13   13
 4.9635135908324668e-01   50   50   14   14
 4.8771952256381312e-01   50   50   15   15
 4.6611465294215376e-01   50   50   16   16
 4.4019812514543188e-01   50   50   17   17
 4.3248145747944888e-01   50   50   18   18
 2.3301452564541592e+00   50   50   19   19
 4.4888962880171823e-01   50   50   20   20
 4.7636158553804592e-01   50   50   21   21
 8.2058910069547797e-01   50   50   22   22
 7.6897357035631209e-01   50   50   23   23
 7.1706234813173353e-01   50   50   24   24
 6.7478832147502821e-01   50   50   25   25
 6.7304399065931619e-01   50   50   26   26
 7.1397761899923917e-01   50   50   27   27
 7.6488149355112178e-01   50   50   28   28
 9.3240057690058253e-01   50   50   29   29
 1.0096163229495843e+00   50   50   30   30
 1.1741654399474601e+00   50   50   31   31
 1.2649575451013091e+00   50   50   32   32
 2.3121477677568145e+00   50   50   33   33
 1.1247175085497592e+00   50   50   34   34
 9.7847997736214187e-01   50   50   35   35
 6.2707883762896255e-01   50   50   36   36
 5.8715908558197316e-01   50   50   37   37
 5.5640139181720016e-01   50   50   38   38
 5.6172949557942320e-01   50   50   39   39
 5.9646019613526480e-01   50   50   40   40
 6.3353249807013057e-01   50   50   41   41
 5.7810369841963005e-01   50   50   42   42
 6.2680852405185838e-01   50   50   43   43
 6.3528860957480693e-01   50   50   44   44
 3.8552178383575781e+00   50   50   45   45
 5.9119751222533368e-01   50   50   46   46
 5.4995039547485958e-01   50   50   47   47
 5.4527709550742709e-01   50   50   48   48
 3.8576717780524135e+00   50   50   49   49
 8.4208384499999998e+00   50   50   50   50
 6.9047190986257456e-01   51   51    1    1
 6.6683176777860553e-01   51   51    2    2
 6.1140971869440919e-01   51   51    3    3
 5.8423272761215761e-01   51   51    4    4
 6.0086239528078023e-01   51   51    5    5
 6.5259847477339539e-01   51   51    6    6
 4.8060456726548484e-01   51   51    7    7
 4.8387399566108835e-01   51   51    8    8
 5.0411334467201141e-01   51   51    9    9
 5.0156012383738668e-01   51   51   10   10
 4.7896550621712242e-01   51   51   11   11
 3.4995680706481058e-01   51   51   12   12
 4.6207475338460136e-01   51   51   13   13
 4.6452869284293863e-01   51   51   14   14
 4.5068952302677884e-01   51   51   15   15
 4.3128222783059389e-01   51   51   16   16
 4.0836258859321156e-01   51   51   17   17
 4.0179503872332439e-01   51   51   18   18
 1.5518782003720775e+00   51   51   19   19
 4.1674159126839383e-01   51   51   20   20
 4.4111107567134245e-01   51   51   21   21
 6.9889318948035761e-01   51   51   22   22
 6.6161716367310852e-01   51   51   23   23
 6.2917475163711112e-01   51   51   24   24
 5.9713227961987358e-01   51   51   25   25
 5.9165329257980026e-01   51   51   26   26
 6.1730749130058737e-01   51   51   27   27
 6.5306477975577515e-01   51   51   28   28
 7.7469580837332519e-01   51   51   29   29
 8.3573190865911062e-01   51   51   30   30
 9.4095925569111871e-01   51   51   31   31
 9.7730757311945471e-01   51   51   32   32
 1.5304352054426986e+00   51   51   33   33
 8.8485718918826850e-01   51   51   34   34
 7.9647651024248911e-01   51   51   35   35
 5.6852125654920804e-01   51   51   36   36
 5.3723205902335935e-01   51   51   37   37
 5.0835722425912389e-01   51   51   38   38
 5.0835762048341315e-01   51   51   39   39
 5.3461532584773075e-01   51   51   40   40
 5.6754840361447845e-01   51   51   41   41
 5.1774425167035665e-01   51   51   42   42
 5.5701598483714898e-01   51   51   43   43
 5.6596611027468080e-01   51   51   44   44
 2.7624126268653519e+00   51   51   45   45
 5.3202637019495802e-01   51   51   46   46
 4.9761011915896897e-01   51   51   47   47
 4.9218541001636040e-01   51   51   48   48
 2.7602270066560242e+00   51   51   49   49
 2.5046323969138866e+00   51   51   50   50
 8.4208384499999998e+00   51   51   51   51
 6.9996594817687940e-01   52   52    1    1
 6.7479982095897162e-01   52   52    2    2
 6.1985897254785882e-01   52   52    3    3
 5.9381087630520668e-01   52   52    4    4
 6.1177185285408930e-01   52   52    5    5
 6.6385216148995885e-01   52   52    6    6
 4.9173379465810829e-01   52   52    7    7
 4.9631797607683581e-01   52   52    8    8
 5.1966945129153952e-01   52   52    9    9
 5.1820810819554730e-01   52   52   10   10
 4.9339532213567017e-01   52   52   11   11
 3.5481482688518445e-01   52   52   12   12
 4.7387408609911835e-01   52   52   13   13
 4.7547143996997709e-01   52   52   14   14
 4.6019245314555352e-01   52   52   15   15
 4.4122802776942843e-01   52   52   16   16
 4.1703494543928127e-01   52   52   17   17
 4.0898260251576890e-01   52   52   18   18
 1.6009079070049086e+00   52   52   19   19
 4.2331374649395548e-01   52   52   20   20
 4.4861081490179738e-01   52   52   21   21
 7.0416552178122283e-01   52   52   22   22
 6.6209467082985507e-01   52   52   23   23
 6.2584106150127250e-01   52   52   24   24
 5.9156390135205161e-01   52   52   25   25
 5.8653461554946851e-01   52   52   26   26
 6.1492828195047744e-01   52   52   27   27
 6.5384697024030547e-01   52   52   28   28
 7.8288772833980735e-01   52   52   29   29
 8.3556889226096520e-01   52   52   30   30
 9.4210903101298471e-01   52   52   31   31
 9.9798506003867027e-01   52   52   32   32
 1.7009619168665937e+00   52   52   33   33
 9.1342222620633473e-01   52   52   34   34
 8.1582158508223879e-01   52   52   35   35
 5.7930426045804728e-01   52   52   36   36
 5.4822390702123147e-01   52   52   37   37
 5.1987084176912413e-01   52   52   38   38
 5.2036231868977445e-01   52   52   39   39
 5.4677120402822732e-01   52   52   40   40
 5.7905260305317507e-01   52   52   41   41
 5.1263255165070887e-01   52   52   42   42
 5.5041040879407943e-01   52   52   43   43
 5.5654776929654093e-01   52   52   44   44
 2.5016761648625114e+00   52   52   45   45
 5.2237555217321185e-01   52   52   46   46
 4.8984123542957053e-01   52   52   47   47
 4.8630287222695667e-01   52   52   48   48
 3.8577668930837192e+00   52   52   49   49
 2.7657994313152394e+00   52   52   50   50
 3.8577264394932591e+00   52   52   51   51
 8.4208384499999998e+00   52   52   52   52
 7.1237521932553505e-01   53   53    1    1
 7.1012038011526846e-01   53   53    2    2
 7.7700312608899902e-01   53   53    3    3
 8.6119944836287332e-01   53   53    4    4
 8.6065945489803719e-01   53   53    5    5
 7.7432736424443893e-01   53   53    6    6
 1.2746756535720678e+00   53   53    7    7
 1.1371562143327176e+00   53   53    8    8
 1.0182540613235709e+00   53   53    9    9
 9.2544854709073054e-01   53   53   10   10
 9.1651668124659824e-01   53   53   11   11
 2.4995508422843331e+00   53   53   12   12
 9.9534923998584712e-01   53   53   13   13
 1.1132516535331922e+00   53   53   14   14
 1.5623909352438039e+00   53   53   15   15
 1.7439461236125844e+00   53   53   16   16
 2.2486700577354268e+00   53   53   17   17
 2.6945646561064285e+00   53   53   18   18
 4.5560346226910492e-01   53   53   19   19
 2.1269738041584043e+00   53   53   20   20
 1.6886806278929667e+00   53   53   21   21
 6.4923554400238159e-01   53   53   22   22
 6.3536838089647329e-01   53   53   23   23
 6.4394985897153056e-01   53   53   24   24
 6.2161623841380831e-01   53   53   25   25
 5.9375980630104819e-01   53   53   26   26
 5.8715812584240912e-01   53   53   27   27
 6.0581389882048353e-01   53   53   28   28
 6.0427811131781017e-01   53   53   29   29
 5.6229863998841711e-01   53   53   30   30
 5.2981239445555550e-01   53   53   31   31
 5.2999673149267501e-01   53   53   32   32
 3.9091246936348301e-01   53   53   33   33
 5.6342166416507922e-01   53   53   34   34
 6.0315699890047358e-01   53   53   35   35
 9.4042950860306052e-01   53   53   36   36
 1.0225686980657063e+00   53   53   37   37
 1.1704942280722881e+00   53   53   38   38
 1.2040550116233226e+00   53   53   39   39
 1.0735000816096736e+00   53   53   40   40
 9.5750186176196650e-01   53   53   41   41
 5.8833535277482729e-01   53   53   42   42
 5.6814131213756858e-01   53   53   43   43
 5.2590869963443676e-01   53   53   44   44
 3.9444809907859857e-01   53   53   45   45
 5.0535530144396923e-01   53   53   46   46
 5.1852040597777282e-01   53   53   47   47
 5.5861938021542434e-01   53   53   48   48
 3.9426183328772008e-01   53   53   49   49
 4.0218275185639984e-01   53   53   50   50
 3.7337803766129235e-01   53   53   51   51
 3.7983550498713542e-01   53   53   52   52
 8.4208384499999998e+00   53   53   53   53
 9.6437745845474621e-01   54   54    1    1
 9.4306778652762724e-01   54   54    2    2
 8.4316529516083161e-01   54   54    3    3
 7.8529364944474545e-01   54   54    4    4
 7.9941131447732050e-01   54   54    5    5
 8.8128337618300590e-01   54   54    6    6
 5.8102901920190120e-01   54   54    7    7
 5.7738768111747407e-01   54   54    8    8
 6.0498413579467725e-01   54   54    9    9
 5.9180303296989478e-01   54   54   10   10
 5.5417208621670078e-01   54   54   11   11
 4.0511215040445997e-01   54   54   12   12
 5.3322208362859735e-01   54   54   13   13
 5.4333058143369839e-01   54   54   14   14
 5.4111129967873028e-01   54   54   15   15
 5.1479374834194758e-01   54   54   16   16
 4.8443868359389225e-01   54   54   17   17
 4.7600170995631907e-01   54   54   18   18
 3.8537806081474848e+00   54   54   19   19
 4.9577464543389582e-01   54   54   20   20
 5.2830876642374602e-01   54   54   21   21
 1.0181631150477013e+00   54   54   22   22
 9.3782488313961732e-01   54   54   23   23
 8.5487337838453281e-01   54   54   24   24
 7.9301646658193292e-01   54   54   25   25
 7.9228794676062608e-01   54   54   26   26
 8.5478260658215532e-01   54   54   27   27
 9.3441739402438362e-01   54   54   28   28
 1.1987517990175196e+00   54   54   29   29
 1.3091778883654206e+00   54   54   30   30
 1.5975638425907954e+00   54   54   31   31
 1.8245443929304046e+00   54   54   32   32
 2.0661941662801655e+00   54   54   33   33
 1.5581066661620617e+00   54   54   34   34
 1.2881101577968979e+00   54   54   35   35
 7.1756963829577514e-01   54   54   36   36
 6.6317296468312537e-01   54   54   37   37
 6.2702679112368709e-01   54   54   38   38
 6.3875883769240294e-01   54   54   39   39
 6.8707128571802201e-01   54   54   40   40
 7.3364817879331523e-01   54   54   41   41
 6.6278256780258316e-01   54   54   42   42
 7.2551325516556597e-01   54   54   43   43
 7.3049654321758073e-01   54   54   44   44
 2.2906238245435646e+00   54   54   45   45
 6.7004003352155739e-01   54   54   46   46
 6.1987047113490612e-01   54   54   47   47
 6.1787038215612455e-01   54   54   48   48
 2.1045908402211331e+00   54   54   49   49
 2.7012277205405222e+00   54   54   50   50
 1.5751978524643917e+00   54   54   51   51
 1.6753025790379392e+00   54   54   52   52
 4.4162532376894303e-01   54   54   53   53
 8.4208384499999998e+00   54   54   54   54
 7.2580490615992310e-01   55   55    1    1
 7.0438760844126513e-01   55   55    2    2
 6.4221079014331384e-01   55   55    3    3
 6.0920187716220497e-01   55   55    4    4
 6.2390267504096808e-01   55   55    5    5
 6.7959393350254738e-01   55   55    6    6
 4.8809565350312145e-01   55   55    7    7
 4.8900632525146503e-01   55   55    8    8
 5.0790273777687445e-01   55   55    9    9
 5.0269636007166751e-01   55   55   10   10
 4.7929452027553288e-01   55   55   11   11
 3.5570319009559409e-01   55   55   12   12
 4.6383824414135644e-01   55   55   13   13
 4.6837378291625037e-01   55   55   14   14
 4.5807386743186057e-01   55   55   15   15
 4.3726813179042606e-01   55   55   16   16
 4.1428771317515850e-01   55   55   17   17
 4.0869061963176778e-01   55   55   18   18
 1.7441622642153831e+00   55   55   19   19
 4.2491408582647033e-01   55   55   20   20
 4.4972362355061751e-01   55   55   21   21
 7.4581408413992745e-01   55   55   22   22
 7.0855722548008049e-01   55   55   23   23
 6.7284186337747254e-01   55   55   24   24
 6.3921672588269596e-01   55   55   25   25
 6.3472851142669318e-01   55   55   26   26
 6.6328937345391203e-01   55   55   27   27
 7.0128863662388929e-01   55   55   28   28
 8.3208912712533645e-01   55   55   29   29
 9.1025496674015605e-01   55   55   30   30
 1.0360902606825291e+00   55   55   31   31
 1.0652362758396483e+00   55   55   32   32
 1.5965264198613758e+00   55   55   33   33
 9.4707132357024537e-01   55   55   34   34
 8.4935545873344120e-01   55   55   35   35
 5.8385140604220742e-01   55   55   36   36
 5.4872191669719961e-01   55   55   37   37
 5.1845239016842359e-01   55   55   38   38
 5.2009696520870474e-01   55   55   39   39
 5.4967486827319867e-01   55   55   40   40
 5.8508776575721810e-01   55   55   41   41
 5.5162392378353586e-01   55   55   42   42
 5.9696569966462754e-01   55   55   43   43
 6.0939816904279442e-01   55   55   44   44
 3.8606140429912430e+00   55   55   45   45
 5.7123910553325608e-01   55   55   46   46
 5.3129624325768632e-01   55   55   47   47
 5.2380237998276991e-01   55   55   48   48
 2.4993755338028718e+00   55   55   49   49
 2.7642895121027160e+00   55   55   50   50
 3.8568163813495482e+00   55   55   51   51
 2.7618190004415100e+00   55   55   52   52
 3.8013565514022557e-01   55   55   53   53
 1.7585808419973201e+00   55   55   54   54
 8.4208384499999998e+00   55   55   55   55
 6.5329078577106336e-01   56   56    1    1
 6.5399931425768443e-01   56   56    2    2
 7.1208421276669609e-01   56   56    3    3
 7.7973109628033099e-01   56   56    4    4
 7.7486695466288991e-01   56   56    5    5
 7.0333253988321598e-01   56   56    6    6
 1.0831897390601859e+00   56   56    7    7
 9.8529508726496851e-01   56   56    8    8
 8.9396227514254234e-01   56   56    9    9
 8.2448120438280859e-01   56   56   10   10
 8.2176109450034907e-01   56   56   11   11
 2.7757890896217305e+00   56   56   12   12
 8.8728636086268720e-01   56   56   13   13
 9.7505455035652588e-01   56   56   14   14
 1.2861978450187324e+00   56   56   15   15
 1.4124543254748181e+00   56   56   16   16
 1.7416972973579858e+00   56   56   17   17
 2.0015451779583957e+00   56   56   18   18
 4.2962469814610654e-01   56   56   19   19
 1.6848485319181277e+00   56   56   20   20
 1.3826541863649713e+00   56   56   21   21
 6.0324193981529517e-01   56   56   22   22
 5.9404579002458846e-01   56   56   23   23
 6.0316888172491256e-01   56   56   24   24
 5.8641240199799349e-01   56   56   25   25
 5.6271417982038807e-01   56   56   26   26
 5.5547464216081166e-01   56   56   27   27
 5.6961965535790493e-01   56   56   28   28
 5.6301671459968339e-01   56   56   29   29
 5.2643447550966382e-01   56   56   30   30
 4.9712166124817186e-01   56   56   31   31
 4.9662036619981759e-01   56   56   32   32
 3.7198617928024047e-01   56   56   33   33
 5.2587221893749325e-01   56   56   34   34
 5.6107336796199170e-01   56   56   35   35
 8.3433159245170985e-01   56   56   36   36
 8.9677522078566085e-01   56   56   37   37
 1.0064426219046534e+00   56   56   38   38
 1.0329316745636619e+00   56   56   39   39
 9.3927807288217924e-01   56   56   40   40
 8.4933817401875322e-01   56   56   41   41
 5.6334685380509275e-01   56   56   42   42
 5.4220077978656001e-01   56   56   43   43
 5.0356110477371641e-01   56   56   44   44
 3.7479074147722014e-01   56   56   45   45
 4.8642264991749745e-01   56   56   46   46
 5.0068219040592021e-01   56   56   47   47
 5.3836145453665618e-01   56   56   48   48
 3.7421115619515344e-01   56   56   49   49
 3.8161907434931946e-01   56   56   50   50
 3.5533412206935494e-01   56   56   51   51
 3.6106585579918110e-01   56   56   52   52
 3.8544335455820438e+00   56   56   53   53
 4.1734049032967874e-01   56   56   54   54
 3.6170535558023398e-01   56   56   55   55
 8.4208384499999998e+00   56   56   56   56
 6.1747528009836949e-01   57   57    1    1
 6.1585153294000849e-01   57   57    2    2
 6.6547017554151278e-01   57   57    3    3
 7.2504630343031751e-01   57   57    4    4
 7.2441300768628525e-01   57   57    5    5
 6.6325388511757477e-01   57   57    6    6
 1.0125602750872935e+00   57   57    7    7
 9.3406984984794628e-01   57   57    8    8
 8.4501302548234414e-01   57   57    9    9
 7.8716393026733977e-01   57   57   10   10
 7.9463612135950512e-01   57   57   11   11
 3.8547823018169081e+00   57   57   12   12
 8.6417701103506506e-01   57   57   13   13
 9.4192769994916448e-01   57   57   14   14
 1.1913865139323658e+00   57   57   15   15
 1.2924584412426736e+00   57   57   16   16
 1.5703926823489887e+00   57   57   17   17
 1.8110970349371025e+00   57   57   18   18
 4.1284547561912210e-01   57   57   19   19
 1.5639629045881362e+00   57   57   20   20
 1.2889782723549166e+00   57   57   21   21
 5.7006990771143651e-01   57   57   22   22
 5.6226010710407237e-01   57   57   23   23
 5.7313221368339118e-01   57   57   24   24
 5.5866487591518743e-01   57   57   25   25
 5.3538951438223681e-01   57   57   26   26
 5.2665822490112590e-01   57   57   27   27
 5.3872558883043076e-01   57   57   28   28
 5.3345086931637287e-01   57   57   29   29
 5.0153965733410877e-01   57   57   30   30
 4.7456477053319351e-01   57   57   31   31
 4.7303420050947559e-01   57   57   32   32
 3.5766073437019397e-01   57   57   33   33
 4.9848003552419806e-01   57   57   34   34
 5.3014695926820765e-01   57   57   35   35
 7.8631018573583167e-01   57   57   36   36
 8.4615348521420419e-01   57   57   37   37
 9.3638341163768246e-01   57   57   38   38
 9.4444702359663746e-01   57   57   39   39
 8.6227867430397387e-01   57   57   40   40
 7.9142381298155584e-01   57   57   41   41
 5.3756295700598677e-01   57   57   42   42
 5.1758672570066777e-01   57   57   43   43
 4.8239442384937931e-01   57   57   44   44
 3.6217841703885112e-01   57   57   45   45
 4.6724804773357059e-01   57   57   46   46
 4.8102564093645050e-01   57   57   47   47
 5.1564741463720232e-01   57   57   48   48
 3.6132102016957862e-01   57   57   49   49
 3.6809301969492997e-01   57   57   50   50
 3.4453397904106825e-01   57   57   51   51
 3.4954577339828430e-01   57   57   52   52
 2.7445814420998391e+00   57   57   53   53
 4.0063073366215707e-01   57   57   54   54
 3.5043577090476513e-01   57   57   55   55
 3.8566444906801576e+00   57   57   56   56
 8.4208384499999998e+00   57   57   57   57
 7.4097690768657709e-01   58   58    1    1
 7.4932652744526551e-01   58   58    2    2
 6.9806686581738731e-01   58   58    3    3
 6.5405976861298598e-01   58   58    4    4
 6.5048300569605055e-01   58   58    5    5
 6.9007907739557817e-01   58   58    6    6
 4.9854870813093088e-01   58   58    7    7
 4.9405185796635737e-01   58   58    8    8
 5.1692140241543838e-01   58   58    9    9
 5.0667771627091007e-01   58   58   10   10
 4.7589811772154622e-01   58   58   11   11
 3.6771124518632659e-01   58   58   12   12
 4.5804734470002034e-01   58   58   13   13
 4.6593269975186691e-01   58   58   14   14
 4.7129252189506116e-01   58   58   15   15
 4.5517502211207544e-01   58   58   16   16
 4.3283162063682085e-01   58   58   17   17
 4.2457317467822953e-01   58   58   18   18
 1.3820523980564048e+00   58   58   19   19
 4.3699534286188063e-01   58   58   20   20
 4.5987790319864957e-01   58   58   21   21
 8.0474128707505244e-01   58   58   22   22
 7.6698464434979552e-01   58   58   23   23
 6.9984414516768689e-01   58   58   24   24
 6.6687385186369041e-01   58   58   25   25
 6.8617737622848363e-01   58   58   26   26
 7.4821012698949485e-01   58   58   27   27
 7.9577935063801453e-01   58   58   28   28
 9.0724472491932406e-01   58   58   29   29
 9.4194628439407990e-01   58   58   30   30
 1.0613892956696118e+00   58   58   31   31
 1.1800069304603691e+00   58   58   32   32
 2.7438087847301529e+00   58   58   33   33
 1.1212700917572753e+00   58   58   34   34
 9.8139709549894283e-01   58   58   35   35
 5.8454487704974567e-01   58   58   36   36
 5.4893253648331342e-01   58   58   37   37
 5.3154638304595458e-01   58   58   38   38
 5.4796850380400186e-01   58   58   39   39
 5.8379978115210329e-01   58   58   40   40
 6.0569632501878368e-01   58   58   41   41
 5.9571912140806882e-01   58   58   42   42
 6.4362263366724626e-01   58   58   43   43
 6.5310321036315544e-01   58   58   44   44
 1.3715465364720969e+00   58   58   45   45
 6.1051669473784753e-01   58   58   46   46
 5.6931798047339088e-01   58   58   47   47
 5.6393617796633044e-01   58   58   48   48
 1.4228035234021688e+00   58   58   49   49
 1.5507327615105400e+00   58   58   50   50
 1.1210635126972268e+00   58   58   51   51
 1.2092991355497733e+00   58   58   52   52
 4.0232150787187493e-01   58   58   53   53
 1.7105288837220425e+00   58   58   54   54
 1.1777557383263413e+00   58   58   55   55
 3.8304848674809150e-01   58   58   56   56
 3.6687579318277697e-01   58   58   57   57
 8.4208384499999998e+00   58   58   58   58
 7.0237753982008344e-01   59   59    1    1
 7.0423912505678288e-01   59   59    2    2
 6.5543399315178197e-01   59   59    3    3
 6.1742232422211207e-01   59   59    4    4
 6.1790111836034467e-01   59   59    5    5
 6.5718044845322976e-01   59   59    6    6
 4.8114176494097194e-01   59   59    7    7
 4.7867659848362554e-01   59   59    8    8
 5.0081097807124964e-01   59   59    9    9
 4.9298942788305811e-01   59   59   10   10
 4.6467680493921426e-01   59   59   11   11
 3.5589770021357114e-01   59   59   12   12
 4.4706031344729258e-01   59   59   13   13
 4.5323240854797503e-01   59   59   14   14
 4.5460779094399989e-01   59   59   15   15
 4.3910526585240284e-01   59   59   16   16
 4.1756211731310650e-01   59   59   17   17
 4.0955585126908173e-01   59   59   18   18
 1.3860510864776023e+00   59   59   19   19
 4.2149634630684873e-01   59   59   20   20
 4.4356075938373540e-01   59   59   21   21
 7.5188429646296651e-01   59   59   22   22
 7.1666896920452472e-01   59   59   23   23
 6.5993054950807528e-01   59   59   24   24
 6.2960453123922633e-01   59   59   25   25
 6.4397561728026509e-01   59   59   26   26
 6.9547090050063853e-01   59   59   27   27
 7.3706022009674743e-01   59   59   28   28
 8.4362332236170867e-01   59   59   29   29
 8.8222534027067534e-01   59   59   30   30
 9.9471892689506802e-01   59   59   31   31
 1.0925099186186935e+00   59   59   32   32
 3.8644400959685745e+00   59   59   33   33
 1.0272129695249073e+00   59   59   34   34
 9.0370370598518446e-01   59   59   35   35
 5.6187642335133225e-01   59   59   36   36
 5.2930100191502027e-01   59   59   37   37
 5.1128013101322611e-01   59   59   38   38
 5.2404219894879833e-01   59   59   39   39
 5.5592846865396339e-01   59   59   40   40
 5.7811385477223010e-01   59   59   41   41
 5.6219602117928857e-01   59   59   42   42
 6.0610272992862613e-01   59   59   43   43
 6.1618932824034989e-01   59   59   44   44
 1.5251025082237812e+00   59   59   45   45
 5.7813279789964289e-01   59   59   46   46
 5.3979358584453030e-01   59   59   47   47
 5.3382176825302330e-01   59   59   48   48
 1.6355627536450357e+00   59   59   49   49
 1.7523012294163987e+00   59   59   50   50
 1.2664971641766782e+00   59   59   51   51
 1.3828210050170502e+00   59   59   52   52
 3.8733766598217345e-01   59   59   53   53
 1.7189909653800706e+00   59   59   54   54
 1.3154071015685349e+00   59   59   55   55
 3.6909764522292610e-01   59   59   56   56
 3.5441807175991474e-01   59   59   57   57
 3.8410370395184379e+00   59   59   58   58
 8.4208384499999998e+00   59   59   59   59
 8.0982962193650521e-01   60   60    1    1
 8.0256717180712189e-01   60   60    2    2
 7.3377368627760131e-01   60   60    3    3
 6.8810774012487230e-01   60   60    4    4
 6.9454615709180079e-01   60   60    5    5
 7.5068657788860638e-01   60   60    6    6
 5.2563187265598132e-01   60   60    7    7
 5.2324963119293322e-01   60   60    8    8
 5.4828420655804733e-01   60   60    9    9
 5.3880119385851910e-01   60   60   10   10
 5.0639884392893131e-01   60   60   11   11
 3.7773435076959655e-01   60   60   12   12
 4.8683372781374401e-01   60   60   13   13
 4.9423773211793109e-01   60   60   14   14
 4.9307854183035388e-01   60   60   15   15
 4.7297571144157569e-01   60   60   16   16
 4.4740632580967116e-01   60   60   17   17
 4.3901202712706583e-01   60   60   18   18
 2.0661800405374269e+00   60   60   19   19
 4.5428291598313364e-01   60   60   20   20
 4.8098571620564001e-01   60   60   21   21
 8.6085851524355905e-01   60   60   22   22
 8.0824557254852147e-01   60   60   23   23
 7.4098457212629221e-01   60   60   24   24
 6.9826264998109977e-01   60   60   25   25
 7.0666762788486637e-01   60   60   26   26
 7.6286643993768088e-01   60   60   27   27
 8.1988765042842793e-01   60   60   28   28
 9.8676853499670958e-01   60   60   29   29
 1.0512719711441842e+00   60   60   30   30
 1.2256763549167333e+00   60   60   31   31
 1.3702210098958221e+00   60   60   32   32
 3.8534633761105592e+00   60   60   33   33
 1.2414099666381975e+00   60   60   34   34
 1.0604951360615211e+00   60   60   35   35
 6.2905304722746591e-01   60   60   36   36
 5.8789965638753283e-01   60   60   37   37
 5.6222614096650469e-01   60   60   38   38
 5.7417243102138593e-01   60   60   39   39
 6.1259019224659950e-01   60   60   40   40
 6.4477715436794703e-01   60   60   41   41
 6.0479749703849295e-01   60   60   42   42
 6.5692705808904817e-01   60   60   43   43
 6.6545323018316438e-01   60   60   44   44
 2.1324072408670043e+00   60   60   45   45
 6.1783612886046668e-01   60   60   46   46
 5.7403055328791308e-01   60   60   47   47
 5.6947608859193499e-01   60   60   48   48
 2.2285262646813613e+00   60   60   49   49
 2.6874824280936713e+00   60   60   50   50
 1.5646972640743555e+00   60   60   51   51
 1.7263934882902174e+00   60   60   52   52
 4.1120444306596732e-01   60   60   53   53
 2.8864539581746689e+00   60   60   54   54
 1.6831306831004114e+00   60   60   55   55
 3.9026236923310514e-01   60   60   56   56
 3.7479066147455109e-01   60   60   57   57
 2.5160860324689720e+00   60   60   58   58
 2.7886800047080991e+00   60   60   59   59
 8.4208384499999998e+00   60   60   60   60
 6.8128972717211811e-01   61   61    1    1
 6.7048535990739200e-01   61   61    2    2
 7.2293402177214960e-01   61   61    3    3
 7.9866407687490937e-01   61   61    4    4
 8.1282352565263949e-01   61   61    5    5
 7.4239726752876189e-01   61   61    6    6
 1.2686198035334302e+00   61   61    7    7
 1.1605487935425467e+00   61   61    8    8
 1.0149038171703499e+00   61   61    9    9
 9.3557808880485938e-01   61   61   10   10
 9.5545699500098580e-01   61   61   11   11
 3.8559098305565995e+00   61   61   12   12
 1.0695710867241932e+00   61   61   13   13
 1.1934913014440904e+00   61   61   14   14
 1.5558634345040465e+00   61   61   15   15
 1.6855402902019878e+00   61   61   16   16
 2.1281839538842533e+00   61   61   17   17
 2.6901487674885960e+00   61   61   18   18
 4.4239010592500067e-01   61   61   19   19
 2.2355950140101668e+00   61   61   20   20
 1.7342352439285045e+00   61   61   21   21
 6.1379147886944219e-01   61   61   22   22
 5.9985212441454783e-01   61   61   23   23
 6.1266704991407961e-01   61   61   24   24
 5.9144543072615385e-01   61   61   25   25
 5.6108051640174172e-01   61   61   26   26
 5.5125058222874967e-01   61   61   27   27
 5.6831800625202511e-01   61   61   28   28
 5.7353605727167178e-01   61   61   29   29
 5.3849605901022524e-01   61   61   30   30
 5.0879943037756858e-01   61   61   31   31
 5.0689482389387874e-01   61   61   32   32
 3.7690441605831576e-01   61   61   33   33
 5.3450823240049217e-01   61   61   34   34
 5.6946171461850648e-01   61   61   35   35
 9.1979124014859459e-01   61   61   36   36
 1.0150951497433651e+00   61   61   37   37
 1.1344468838343227e+00   61   61   38   38
 1.1097256846173449e+00   61   61   39   39
 9.8682534869950356e-01   61   61   40   40
 9.0734502511868487e-01   61   61   41   41
 5.5490203504900859e-01   61   61   42   42
 5.3777248828217050e-01   61   61   43   43
 5.0028347511668225e-01   61   61   44   44
 3.8531053272724858e-01   61   61   45   45
 4.8146256721995806e-01   61   61   46   46
 4.9286216338761735e-01   61   61   47   47
 5.2836034708506296e-01   61   61   48   48
 3.8477452360225733e-01   61   61   49   49
 3.9167145202561343e-01   61   61   50   50
 3.6703423946070923e-01   61   61   51   51
 3.7243464439292173e-01   61   61   52   52
 2.7427696769885856e+00   61   61   53   53
 4.2693142589996447e-01   61   61   54   54
 3.7305638277205744e-01   61   61   55   55
 2.4993096614560617e+00   61   61   56   56
 2.7443036684867113e+00   61   61   57   57
 3.8432775307772610e-01   61   61   58   58
 3.7187825319154866e-01   61   61   59   59
 3.9634697417700554e-01   61   61   60   60
 8.4208384499999998e+00   61   61   61   61
 7.3006257923798090e-01   62   62    1    1
 7.2042267150518990e-01   62   62    2    2
 7.8383664664832597e-01   62   62    3    3
 8.7368130733723470e-01   62   62    4    4
 8.8605635416890616e-01   62   62    5    5
 7.9965448408604534e-01   62   62    6    6
 1.4186968512804630e+00   62   62    7    7
 1.2633911597507450e+00   62   62    8    8
 1.1029692912983677e+00   62   62    9    9
 9.9941735568134982e-01   62   62   10   10
 1.0023699129745027e+00   62   62   11   11
 2.7653418909893110e+00   62   62   12   12
 1.1122319415235742e+00   62   62   13   13
 1.2612524253519104e+00   62   62   14   14
 1.7965515117088913e+00   62   62   15   15
 1.9996244260888716e+00   62   62   16   16
 2.6922863269892665e+00   62   62   17   17
 3.7120291351868850e+00   62   62   18   18
 4.6301750645871709e-01   62   62   19   19
 2.6866676293249969e+00   62   62   20   20
 1.9976253124764809e+00   62   62   21   21
 6.5562726800058058e-01   62   62   22   22
 6.3877332652867580e-01   62   62   23   23
 6.4958294511425341e-01   62   62   24   24
 6.2450186006249053e-01   62   62   25   25
 5.9267162908967341e-01   62   62   26   26
 5.8449787667470854e-01   62   62   27   27
 6.0487226068800715e-01   62   62   28   28
 6.1059914451783770e-01   62   62   29   29
 5.6946240559376504e-01   62   62   30   30
 5.3669984652734015e-01   62   62   31   31
 5.3606939895553485e-01   62   62   32   32
 3.9367176803515819e-01   62   62   33   33
 5.6856202716604065e-01   62   62   34   34
 6.0818976383379386e-01   62   62   35   35
 9.9908958978368101e-01   62   62   36   36
 1.1059183647377915e+00   62   62   37   37
 1.2674516162385490e+00   62   62   38   38
 1.2639618055185162e+00   62   62   39   39
 1.1084397585578942e+00   62   62   40   40
 9.9796517759848735e-01   62   62   41   41
 5.8334594186464439e-01   62   62   42   42
 5.6546059354603073e-01   62   62   43   43
 5.2393190833831560e-01   62   62   44   44
 4.0042503627838044e-01   62   62   45   45
 5.0246026282712986e-01   62   62   46   46
 5.1403060057190120e-01   62   62   47   47
 5.5284385166932892e-01   62   62   48   48
 4.0028000921473467e-01   62   62   49   49
 4.0791597455586909e-01   62   62   50   50
 3.7998806346804875e-01   62   62   51   51
 3.8628110307485075e-01   62   62   52   52
 3.8428777641410283e+00   62   62   53   53
 4.4715803602935794e-01   62   62   54   54
 3.8655487069306271e-01   62   62   55   55
 2.7651115487502786e+00   62   62   56   56
 2.4905561674547920e+00   62   62   57   57
 4.0297051018821489e-01   62   62   58   58
 3.8885845738506786e-01   62   62   59   59
 4.1465512499714663e-01   62   62   60   60
 3.8415934245757639e+00   62   62   61   61
 8.4208384499999998e+00   62   62   62   62
 9.9048698137182800e-01   63   63    1    1
 9.8496533633467176e-01   63   63    2    2
 8.8359454484822286e-01   63   63    3    3
 8.1647527186480184e-01   63   63    4    4
 8.2207674998717151e-01   63   63    5    5
 8.9969215590856111e-01   63   63    6    6
 5.8823637446650046e-01   63   63    7    7
 5.8169589968718416e-01   63   63    8    8
 6.0964356738900871e-01   63   63    9    9
 5.9362400721156827e-01   63   63   10   10
 5.5375066247851434e-01   63   63   11   11
 4.1142333432463335e-01   63   63   12   12
 5.3293227661395493e-01   63   63   13   13
 5.4492181497325010e-01   63   63   14   14
 5.4907162797841025e-01   63   63   15   15
 5.2330173414727921e-01   63   63   16   16
 4.9298138172139733e-01   63   63   17   17
 4.8426422551600024e-01   63   63   18   18
 2.7306485584810627e+00   63   63   19   19
 5.0367845738610761e-01   63   63   20   20
 5.3597317760875507e-01   63   63   21   21
 1.0745811441537498e+00   63   63   22   22
 9.9036610289190374e-01   63   63   23   23
 8.8921301545244613e-01   63   63   24   24
 8.2480421253934011e-01   63   63   25   25
 8.3284840732034338e-01   63   63   26   26
 9.1191873518918010e-01   63   63   27   27
 1.0022642297894493e+00   63   63   28   28
 1.2779240892412767e+00   63   63   29   29
 1.3746314343688415e+00   63   63   30   30
 1.6778591886447931e+00   63   63   31   31
 1.9984041650711195e+00   63   63   32   32
 2.0591680233128526e+00   63   63   33   33
 1.7375566697187059e+00   63   63   34   34
 1.4046878407400460e+00   63   63   35   35
 7.2553842106078237e-01   63   63   36   36
 6.6906845845164509e-01   63   63   37   37
 6.3650209268810787e-01   63   63   38   38
 6.5408638960091225e-01   63   63   39   39
 7.0686170897332024e-01   63   63   40   40
 7.5026963074150010e-01   63   63   41   41
 6.9274407877042588e-01   63   63   42   42
 7.6005154483062887e-01   63   63   43   43
 7.6407096643319383e-01   63   63   44   44
 1.7941492920805571e+00   63   63   45   45
 6.9845528880128360e-01   63   63   46   46
 6.4534950470496544e-01   63   63   47   47
 6.4406239706504831e-01   63   63   48   48
 1.7043032199511601e+00   63   63   49   49
 2.0520558233636410e+00   63   63   50   50
 1.3098887337543224e+00   63   63   51   51
 1.3929713140332842e+00   63   63   52   52
 4.5133757687172638e-01   63   63   53   53
 3.8308454364500815e+00   63   63   54   54
 1.4386850241030109e+00   63   63   55   55
 4.2645974224386635e-01   63   63   56   56
 4.0813822123239157e-01   63   63   57   57
 1.9840340426086616e+00   63   63   58   58
 1.8420868574826428e+00   63   63   59   59
 2.8523651869640392e+00   63   63   60   60
 4.3328314863548550e-01   63   63   61   61
 4.5525702357673448e-01   63   63   62   62
 8.4208384499999998e+00   63   63   63   63
 6.4786290864757023e-01   64   64    1    1
 6.0368496146941009e-01   64   64    2    2
 6.0798998968237739e-01   64   64    3    3
 6.5301197253300347e-01   64   64    4    4
 7.0876115881805857e-01   64   64    5    5
 7.0441436329368512e-01   64   64    6    6
 1.0152439722689623e+00   64   64    7    7
 1.1933339503874256e+00   64   64    8    8
 1.2930899861649072e+00   64   64    9    9
 1.5699076944155810e+00   64   64   10   10
 1.8165400897173427e+00   64   64   11   11
 6.6447302605116720e-01   64   64   12   12
 1.5709024786107779e+00   64   64   13   13
 1.2936620585198639e+00   64   64   14   14
 9.4491930751024578e-01   64   64   15   15
 9.6279697807794473e-01   64   64   16   16
 8.8076877044308610e-01   64   64   17   17
 8.0307730390726528e-01   64   64   18   18
 5.1779428640587721e-01   64   64   19   19
 7.9179192833323642e-01   64   64   20   20
 8.4994441131370779e-01   64   64   21   21
 5.5990649160659944e-01   64   64   22   22
 5.2261624628563652e-01   64   64   23   23
 5.1478347040284278e-01   64   64   24   24
 4.8301873292331038e-01   64   64   25   25
 4.6065333156320454e-01   64   64   26   26
 4.6568012612896292e-01   64   64   27   27
 4.9394858528763758e-01   64   64   28   28
 5.5570507018560500e-01   64   64   29   29
 5.3166730283983910e-01   64   64   30   30
 5.2500914221436035e-01   64   64   31   31
 5.4038977458908910e-01   64   64   32   32
 4.4228623087204200e-01   64   64   33   33
 5.6475857377810135e-01   64   64   34   34
 5.7316798222171317e-01   64   64   35   35
 8.3627242632923415e-01   64   64   36   36
 9.1927925783397479e-01   64   64   37   37
 9.2821788949303707e-01   64   64   38   38
 8.4486363671754727e-01   64   64   39   39
 7.7989702770818303e-01   64   64   40   40
 7.7536883274958457e-01   64   64   41   41
 4.2800301604127694e-01   64   64   42   42
 4.3306290297388039e-01   64   64   43   43
 4.1349887173224786e-01   64   64   44   44
 4.5531714302917475e-01   64   64   45   45
 3.9270574972526096e-01   64   64   46   46
 3.8859749089098272e-01   64   64   47   47
 4.0479096023128019e-01   64   64   48   48
 4.7765406714061881e-01   64   64   49   49
 4.7124745021707970e-01   64   64   50   50
 4.5161771181455879e-01   64   64   51   51
 4.6695892958022422e-01   64   64   52   52
 6.8893496773228180e-01   64   64   53   53
 4.9825837444433291e-01   64   64   54   54
 4.4629067201573869e-01   64   64   55   55
 6.3990567126678310e-01   64   64   56   56
 6.2912291672712484e-01   64   64   57   57
 4.3572638288006871e-01   64   64   58   58
 4.2983987687640129e-01   64   64   59   59
 4.6346166649383408e-01   64   64   60   60
 7.2050093401022519e-01   64   64   61   61
 7.3579784489637157e-01   64   64   62   62
 4.9390905964412213e-01   64   64   63   63
 8.4208384499999998e+00   64   64   64   64
 6.7749237367711046e-01   65   65    1    1
 6.3186668228893939e-01   65   65    2    2
 6.3862732030169844e-01   65   65    3    3
 6.8828899155692302e-01   65   65    4    4
 7.4731141622244790e-01   65   65    5    5
 7.3916663214327616e-01   65   65    6    6
 1.0864190744241129e+00   65   65    7    7
 1.2871910500253554e+00   65   65    8    8
 1.4380960046452644e+00   65   65    9    9
 1.7902177951543339e+00   65   65   10   10
 1.9999120205228345e+00   65   65   11   11
 6.8253077341499213e-01   65   65   12   12
 1.6423371199841497e+00   65   65   13   13
 1.3613912171548836e+00   65   65   14   14
 1.0041201047692057e+00   65   65   15   15
 1.0321467856872899e+00   65   65   16   16
 9.3487334075930750e-01   65   65   17   17
 8.4169573672609777e-01   65   65   18   18
 5.3421649757072431e-01   65   65   19   19
 8.2550741779897829e-01   65   65   20   20
 8.9006056277438694e-01   65   65   21   21
 5.8421121549993249e-01   65   65   22   22
 5.4349265389426860e-01   65   65   23   23
 5.3294851810556232e-01   65   65   24   24
 4.9884063670858086e-01   65   65   25   25
 4.7640277754806520e-01   65   65   26   26
 4.8329187421166320e-01   65   65   27   27
 5.1409494342261142e-01   65   65   28   28
 5.7983624969849756e-01   65   65   29   29
 5.5165643667278053e-01   65   65   30   30
 5.4433722377042693e-01   65   65   31   31
 5.6278646255606268e-01   65   65   32   32
 4.5702761391956820e-01   65   65   33   33
 5.9188134903265077e-01   65   65   34   34
 6.0138879232287978e-01   65   65   35   35
 8.8001499272710271e-01   65   65   36   36
 9.6996418719798660e-01   65   65   37   37
 9.9116679502236937e-01   65   65   38   38
 9.0669325629836028e-01   65   65   39   39
 8.3297975326091833e-01   65   65   40   40
 8.2115658621844489e-01   65   65   41   41
 4.4149358154491758e-01   65   65   42   42
 4.4678498960735430e-01   65   65   43   43
 4.2575123291271699e-01   65   65   44   44
 4.6609330727666393e-01   65   65   45   45
 4.0365329120062293e-01   65   65   46   46
 3.9939406340465761e-01   65   65   47   47
 4.1670022081452968e-01   65   65   48   48
 4.9015405947348401e-01   65   65   49   49
 4.8406815901531225e-01   65   65   50   50
 4.5994822452415696e-01   65   65   51   51
 4.7699870045440984e-01   65   65   52   52
 7.2135479879650410e-01   65   65   53   53
 5.1520657837318917e-01   65   65   54   54
 4.5501637813436013e-01   65   65   55   55
 6.6640690182738327e-01   65   65   56   56
 6.4970573072289850e-01   65   65   57   57
 4.5264554570737220e-01   65   65   58   58
 4.4511311038865481e-01   65   65   59   59
 4.7946354346576314e-01   65   65   60   60
 7.4226365468999722e-01   65   65   61   61
 7.6657237533731459e-01   65   65   62   62
 5.1288743071714593e-01   65   65   63   63
 3.8557176162673938e+00   65   65   64   64
 8.4208384499999998e+00   65   65   65   65
 7.3762201624438306e-01   66   66    1    1
 6.8547646282022323e-01   66   66    2    2
 6.9613574365889308e-01   66   66    3    3
 7.5725093601174953e-01   66   66    4    4
 8.2787715524247818e-01   66   66    5    5
 8.1334248063364967e-01   66   66    6    6
 1.2787802217748192e+00   66   66    7    7
 1.5637069717494541e+00   66   66    8    8
 1.7967825701660449e+00   66   66    9    9
 2.3728320054799652e+00   66   66   10   10
 2.6942789384327726e+00   66   66   11   11
 7.3682734796307747e-01   66   66   12   12
 2.0369939969272326e+00   66   66   13   13
 1.6472111403319132e+00   66   66   14   14
 1.1620474556803819e+00   66   66   15   15
 1.1923159714012361e+00   66   66   16   16
 1.0570421948685389e+00   66   66   17   17
 9.4052178773877482e-01   66   66   18   18
 5.5625964135084605e-01   66   66   19   19
 9.2455488692321552e-01   66   66   20   20
 1.0102780421206090e+00   66   66   21   21
 6.2855970424812146e-01   66   66   22   22
 5.8275340351436467e-01   66   66   23   23
 5.7145476810776141e-01   66   66   24   24
 5.3293085694853193e-01   66   66   25   25
 5.0737249323270917e-01   66   66   26   26
 5.1458675990476943e-01   66   66   27   27
 5.4897728896715292e-01   66   66   28   28
 6.2074008521087909e-01   66   66   29   29
 5.8709677135339855e-01   66   66   30   30
 5.7634822929610463e-01   66   66   31   31
 5.9550019583913738e-01   66   66   32   32
 4.7005070959342760e-01   66   66   33   33
 6.2959685279334632e-01   66   66   34   34
 6.4379547319018482e-01   66   66   35   35
 9.9483854316175457e-01   66   66   36   36
 1.1146139115061238e+00   66   66   37   37
 1.1491574202816051e+00   66   66   38   38
 1.0377001118887315e+00   66   66   39   39
 9.4045576685718901e-01   66   66   40   40
 9.2239783709194834e-01   66   66   41   41
 4.6901106613737686e-01   66   66   42   42
 4.7426006961103456e-01   66   66   43   43
 4.5016859404416598e-01   66   66   44   44
 4.7985468418417920e-01   66   66   45   45
 4.2579209321094491e-01   66   66   46   46
 4.2159104572061878e-01   66   66   47   47
 4.4127406777741973e-01   66   66   48   48
 5.0228455868205391e-01   66   66   49   49
 4.9820513184974635e-01   66   66   50   50
 4.7007747528097382e-01   66   66   51   51
 4.8708314595332042e-01   66   66   52   52
 7.8956802885179478e-01   66   66   53   53
 5.3507350039379209e-01   66   66   54   54
 4.6683795351692287e-01   66   66   55   55
 7.2174308058673531e-01   66   66   56   56
 6.9962495749494247e-01   66   66   57   57
 4.6723124158577306e-01   66   66   58   58
 4.5786903462149325e-01   66   66   59   59
 4.9503654820063675e-01   66   66   60   60
 8.0975797224607116e-01   66   66   61   61
 8.4366303505138229e-01   66   66   62   62
 5.3408762463031478e-01   66   66   63   63
 2.7673115729032975e+00   66   66   64   64
 3.8670553294530881e+00   66   66   65   65
 8.4208384499999998e+00   66   66   66   66
 7.6779663610286319e-01   67   67    1    1
 7.0960899156225998e-01   67   67    2    2
 7.2105690925610411e-01   67   67    3    3
 7.8898244677498808e-01   67   67    4    4
 8.6932358699777779e-01   67   67    5    5
 8.5320090049072783e-01   67   67    6    6
 1.4208979181635384e+00   67   67    7    7
 1.7970993606919334e+00   67   67    8    8
 2.0006621937825457e+00   67   67    9    9
 2.6924816570833534e+00   67   67   10   10
 3.7212919150861792e+00   67   67   11   11
 7.7812596182693683e-01   67   67   12   12
 2.6909378078999100e+00   67   67   13   13
 2.0005634402900556e+00   67   67   14   14
 1.2762894480231444e+00   67   67   15   15
 1.2846730536296489e+00   67   67   16   16
 1.1264572701283744e+00   67   67   17   17
 1.0076806940999996e+00   67   67   18   18
 5.6067811382952548e-01   67   67   19   19
 1.0022741649224525e+00   67   67   20   20
 1.1079203522443788e+00   67   67   21   21
 6.4731725654318450e-01   67   67   22   22
 6.0047529141113354e-01   67   67   23   23
 5.9236609466556067e-01   67   67   24   24
 5.5186678128063582e-01   67   67   25   25
 5.2257406792534833e-01   67   67   26   26
 5.2747439030221988e-01   67   67   27   27
 5.6246893342022808e-01   67   67   28   28
 6.3566844454387794e-01   67   67   29   29
 6.0164956828028815e-01   67   67   30   30
 5.8786658254880431e-01   67   67   31   31
 6.0359074933257495e-01   67   67   32   32
 4.6705754711655795e-01   67   67   33   33
 6.3663769137599779e-01   67   67   34   34
 6.5445861034851394e-01   67   67   35   35
 1.0759122491703270e+00   67   67   36   36
 1.2280329506320682e+00   67   67   37   37
 1.2540781657547135e+00   67   67   38   38
 1.1026613151814113e+00   67   67   39   39
 9.9039302904362114e-01   67   67   40   40
 9.7869670607490378e-01   67   67   41   41
 4.8327806362456671e-01   67   67   42   42
 4.8815416294829417e-01   67   67   43   43
 4.6247877049743086e-01   67   67   44   44
 4.8232085594753449e-01   67   67   45   45
 4.3719746731887943e-01   67   67   46   46
 4.3326788973815744e-01   67   67   47   47
 4.5423749480519093e-01   67   67   48   48
 5.0112047502165058e-01   67   67   49   49
 4.9867352652081326e-01   67   67   50   50
 4.7160665130914309e-01   67   67   51   51
 4.8665252916964319e-01   67   67   52   52
 8.2536742889582626e-01   67   67   53   53
 5.3648285487910496e-01   67   67   54   54
 4.6966793001577323e-01   67   67   55   55
 7.5073607696848632e-01   67   67   56   56
 7.3113738609928114e-01   67   67   57   57
 4.6313889479323000e-01   67   67   58   58
 4.5394550815219636e-01   67   67   59   59
 4.9312980877197704e-01   67   67   60   60
 8.6306315790932442e-01   67   67   61   61
 8.9450019857070306e-01   67   67   62   62
 5.3429189999182503e-01   67   67   63   63
 2.4965771675982320e+00   67   67   64   64
 2.7543616462758655e+00   67   67   65   65
 3.8455197043885305e+00   67   67   66   66
 8.4208384499999998e+00   67   67   67   67
 7.2452657795272302e-01   68   68    1    1
 6.6958706980397720e-01   68   68    2    2
 6.7691039918465301e-01   68   68    3    3
 7.3588311473150725e-01   68   68    4    4
 8.0870363523993738e-01   68   68    5    5
 7.9965735093412882e-01   68   68    6    6
 1.2641701824113736e+00   68   68    7    7
 1.5495055018419044e+00   68   68    8    8
 1.6365573624309941e+00   68   68    9    9
 2.0310191613983064e+00   68   68   10   10
 2.6879258246671118e+00   68   68   11   11
 7.5043387387821681e-01   68   68   12   12
 2.3607839554103900e+00   68   68   13   13
 1.7823894916599385e+00   68   68   14   14
 1.1553303381479665e+00   68   68   15   15
 1.1524256601865501e+00   68   68   16   16
 1.0317662581469373e+00   68   68   17   17
 9.4062434989712229e-01   68   68   18   18
 5.4168164099562877e-01   68   68   19   19
 9.4087840790770616e-01   68   68   20   20
 1.0296109493528336e+00   68   68   21   21
 6.1413190828792374e-01   68   68   22   22
 5.7215746741620899e-01   68   68   23   23
 5.6718475785992795e-01   68   68   24   24
 5.3020394609426391e-01   68   68   25   25
 5.0159536447909536e-01   68   68   26   26
 5.0443159808995552e-01   68   68   27   27
 5.3595855623586519e-01   68   68   28   28
 6.0378685877587823e-01   68   68   29   29
 5.7559130995432506e-01   68   68   30   30
 5.6342509290633203e-01   68   68   31   31
 5.7592164092452669e-01   68   68   32   32
 4.5136286552817317e-01   68   68   33   33
 6.0289616861090123e-01   68   68   34   34
 6.1809098661734940e-01   68   68   35   35
 9.9584547663050582e-01   68   68   36   36
 1.1251993907583915e+00   68   68   37   37
 1.1281889966683019e+00   68   68   38   38
 9.9307490720330038e-01   68   68   39   39
 9.0206335894781442e-01   68   68   40   40
 9.0150137309343781e-01   68   68   41   41
 4.6537812070363122e-01   68   68   42   42
 4.7006398831227586e-01   68   68   43   43
 4.4659775697788828e-01   68   68   44   44
 4.7038821327839792e-01   68   68   45   45
 4.2311570281294475e-01   68   68   46   46
 4.1930366041336792e-01   68   68   47   47
 4.3861345105421617e-01   68   68   48   48
 4.8782055522830869e-01   68   68   49   49
 4.8468712635070943e-01   68   68   50   50
 4.6266722185818365e-01   68   68   51   51
 4.7605334380638320e-01   68   68   52   52
 7.7627549616001545e-01   68   68   53   53
 5.1735810234132906e-01   68   68   54   54
 4.6008678728927066e-01   68   68   55   55
 7.1228245490071895e-01   68   68   56   56
 7.0109569045412912e-01   68   68   57   57
 4.4504650160333475e-01   68   68   58   58
 4.3778169125520705e-01   68   68   59   59
 4.7575192503232172e-01   68   68   60   60
 8.2771386546877090e-01   68   68   61   61
 8.4474851594907951e-01   68   68   62   62
 5.1285127911797113e-01   68   68   63   63
 2.7677765187703587e+00   68   68   64   64
 2.5042452884132471e+00   68   68   65   65
 2.7651822200646534e+00   68   68   66   66
 3.8516242872898392e+00   68   68   67   67
 8.4208384499999998e+00   68   68   68   68
 6.6709274891834824e-01   69   69    1    1
 6.1918470457803598e-01   69   69    2    2
 6.2353347452457086e-01   69   69    3    3
 6.7196959191363070e-01   69   69    4    4
 7.3291989436184890e-01   69   69    5    5
 7.2861025722110240e-01   69   69    6    6
 1.0770970610099910e+00   69   69    7    7
 1.2787707084393178e+00   69   69    8    8
 1.3544096225098907e+00   69   69    9    9
 1.6374896557664520e+00   69   69   10   10
 1.9958372748721498e+00   69   69   11   11
 6.9316524129220791e-01   69   69   12   12
 1.7850432248743138e+00   69   69   13   13
 1.4305494265209162e+00   69   69   14   14
 9.9946230349230969e-01   69   69   15   15
 1.0060738909600224e+00   69   69   16   16
 9.1724840029436239e-01   69   69   17   17
 8.4156190373225204e-01   69   69   18   18
 5.2111803735838036e-01   69   69   19   19
 8.3669108682921156e-01   69   69   20   20
 9.0268452680295386e-01   69   69   21   21
 5.7241521477670498e-01   69   69   22   22
 5.3471990350493437e-01   69   69   23   23
 5.2932375920872199e-01   69   69   24   24
 4.9646237921326025e-01   69   69   25   25
 4.7148787472819442e-01   69   69   26   26
 4.7473049786745292e-01   69   69   27   27
 5.0322882249478851e-01   69   69   28   28
 5.6579338215670416e-01   69   69   29   29
 5.4192279376234054e-01   69   69   30   30
 5.3325943193310288e-01   69   69   31   31
 5.4602652035586197e-01   69   69   32   32
 4.3968238418038152e-01   69   69   33   33
 5.6939385500792272e-01   69   69   34   34
 5.8013749909221923e-01   69   69   35   35
 8.8026638452456774e-01   69   69   36   36
 9.7627667429243647e-01   69   69   37   37
 9.7738118431568832e-01   69   69   38   38
 8.7649314676086909e-01   69   69   39   39
 8.0589377127231632e-01   69   69   40   40
 8.0610136025170709e-01   69   69   41   41
 4.3835286110509486e-01   69   69   42   42
 4.4316102505853811e-01   69   69   43   43
 4.2262379454933091e-01   69   69   44   44
 4.5728632435325162e-01   69   69   45   45
 4.0127755199503629e-01   69   69   46   46
 3.9735748857644504e-01   69   69   47   47
 4.1436163580616076e-01   69   69   48   48
 4.7655990323144182e-01   69   69   49   49
 4.7151637634786547e-01   69   69   50   50
 4.5288910191437820e-01   69   69   51   51
 4.6650728774034339e-01   69   69   52   52
 7.1111431483168452e-01   69   69   53   53
 4.9919981739000757e-01   69   69   54   54
 4.4864750297582856e-01   69   69   55   55
 6.5887985946935390e-01   69   69   56   56
 6.5080191866025561e-01   69   69   57   57
 4.3227797751613684e-01   69   69   58   58
 4.2648450364478724e-01   69   69   59   59
 4.6175877710863922e-01   69   69   60   60
 7.5580617210578305e-01   69   69   61   61
 7.6723459201578159e-01   69   69   62   62
 4.9386378101465361e-01   69   69   63   63
 3.8619628371340071e+00   69   69   64   64
 2.7604627961208426e+00   69   69   65   65
 2.5031346875706322e+00   69   69   66   66
 2.7532350167425781e+00   69   69   67   67
 3.8597096088911753e+00   69   69   68   68
 8.4208384499999998e+00   69   69   69   69
 8.7335326119671297e-01   70   70    1    1
 8.7404546272566952e-01   70   70    2    2
 7.9720141366046959e-01   70   70    3    3
 7.4161852910389958e-01   70   70    4    4
 7.4347221171692301e-01   70   70    5    5
 8.0294022509254015e-01   70   70    6    6
 5.4922453095834445e-01   70   70    7    7
 5.4412755597377460e-01   70   70    8    8
 5.7026009943942213e-01   70   70    9    9
 5.5736785876292028e-01   70   70   10   10
 5.2149283516975564e-01   70   70   11   11
 3.9225539955417688e-01   70   70   12   12
 5.0158415826035563e-01   70   70   13   13
 5.1135702855220699e-01   70   70   14   14
 5.1514381931557551e-01   70   70   15   15
 4.9372127653043724e-01   70   70   16   16
 4.6677038311311625e-01   70   70   17   17
 4.5809333441560018e-01   70   70   18   18
 2.0603336800619925e+00   70   70   19   19
 4.7435470710859551e-01   70   70   20   20
 5.0256031503228571e-01   70   70   21   21
 9.4641319966916937e-01   70   70   22   22
 8.8542772515405455e-01   70   70   23   23
 8.0104945303950659e-01   70   70   24   24
 7.5196993928064604e-01   70   70   25   25
 7.6537619941247170e-01   70   70   26   26
 8.3634438209127449e-01   70   70   27   27
 9.0598841871413549e-01   70   70   28   28
 1.0985347691869092e+00   70   70   29   29
 1.1632809457793807e+00   70   70   30   30
 1.3676069449636490e+00   70   70   31   31
 1.5724539613496447e+00   70   70   32   32
 2.7295731150885745e+00   70   70   33   33
 1.4311892721974233e+00   70   70   34   34
 1.1996041764661691e+00   70   70   35   35
 6.6252527665016325e-01   70   70   36   36
 6.1608752106861264e-01   70   70   37   37
 5.9032867646168341e-01   70   70   38   38
 6.0695644966220963e-01   70   70   39   39
 6.5158152725393137e-01   70   70   40   40
 6.8501412433511499e-01   70   70   41   41
 6.4824162559872112e-01   70   70   42   42
 7.0688281836672828e-01   70   70   43   43
 7.1401737929371278e-01   70   70   44   44
 1.7458140554818762e+00   70   70   45   45
 6.5890009323811727e-01   70   70   46   46
 6.1080882242784340e-01   70   70   47   47
 6.0737941058183020e-01   70   70   48   48
 1.7419922179248108e+00   70   70   49   49
 2.0490576044885640e+00   70   70   50   50
 1.3062960455672847e+00   70   70   51   51
 1.4107190658046913e+00   70   70   52   52
 4.2962635432483276e-01   70   70   53   53
 2.8548220654650094e+00   70   70   54   54
 1.4125167584726057e+00   70   70   55   55
 4.0718218484465263e-01   70   70   56   56
 3.8991039018771678e-01   70   70   57   57
 2.7723839832646724e+00   70   70   58   58
 2.5044769603330623e+00   70   70   59   59
 3.8300174604222805e+00   70   70   60   60
 4.1186743001498455e-01   70   70   61   61
 4.3227193263906855e-01   70   70   62   62
 3.7658388645206298e+00   70   70   63   63
 4.7114720523610826e-01   70   70   64   64
 4.8921635196559432e-01   70   70   65   65
 5.0729110533183774e-01   70   70   66   66
 5.0537978117451920e-01   70   70   67   67
 4.8548531269025957e-01   70   70   68   68
 4.6944995531239830e-01   70   70   69   69
 8.4208384499999998e+00   70   70   70   70
 8.2638846867345839e-01   71   71    1    1
 8.3692146726975336e-01   71   71    2    2
 7.7266215335257882e-01   71   71    3    3
 7.1883743908553166e-01   71   71    4    4
 7.1446824688555521e-01   71   71    5    5
 7.6276243674178645e-01   71   71    6    6
 5.3284513986269477e-01   71   71    7    7
 5.2669646577990303e-01   71   71    8    8
 5.5151360476392719e-01   71   71    9    9
 5.3846671246356359e-01   71   71   10   10
 5.0379174000540172e-01   71   71   11   11
 3.8637785153593951e-01   71   71   12   12
 4.8486237995684173e-01   71   71   13   13
 4.9471310288438775e-01   71   71   14   14
 5.0202446003460877e-01   71   71   15   15
 4.8306787640510696e-01   71   71   16   16
 4.5808037632526372e-01   71   71   17   17
 4.4947455573765760e-01   71   71   18   18
 1.6095965222041708e+00   71   71   19   19
 4.6398787494317750e-01   71   71   20   20
 4.8984263105611414e-01   71   71   21   21
 9.0605587681064992e-01   71   71   22   22
 8.5618512264753477e-01   71   71   23   23
 7.7309448321143026e-01   71   71   24   24
 7.3094996890709418e-01   71   71   25   25
 7.5133909273816379e-01   71   71   26   26
 8.2570617617098319e-01   71   71   27   27
 8.8829850084509576e-01   71   71   28   28
 1.0386162234743748e+00   71   71   29   29
 1.0814697043114876e+00   71   71   30   30
 1.2393937759830553e+00   71   71   31   31
 1.4105624881116761e+00   71   71   32   32
 2.4687867167609916e+00   71   71   33   33
 1.3294320979156902e+00   71   71   34   34
 1.1370683393612118e+00   71   71   35   35
 6.3459221578866531e-01   71   71   36   36
 5.9208435109899793e-01   71   71   37   37
 5.7144676996642052e-01   71   71   38   38
 5.9054648006174704e-01   71   71   39   39
 6.3316844918792570e-01   71   71   40   40
 6.5994669546832441e-01   71   71   41   41
 6.4212051092909295e-01   71   71   42   42
 6.9788052252598509e-01   71   71   43   43
 7.0569359504067541e-01   71   71   44   44
 1.4375385146457558e+00   71   71   45   45
 6.5395559043609519e-01   71   71   46   46
 6.0756866122007747e-01   71   71   47   47
 6.0360661999609611e-01   71   71   48   48
 1.4521658626745622e+00   71   71   49   49
 1.6318813362048232e+00   71   71   50   50
 1.1328184676156401e+00   71   71   51   51
 1.2166349937011225e+00   71   71   52   52
 4.2430840023140348e-01   71   71   53   53
 2.0417587609090488e+00   71   71   54   54
 1.2080276753079822e+00   71   71   55   55
 4.0287988994982393e-01   71   71   56   56
 3.8524119079968999e-01   71   71   57   57
 3.8641439426136053e+00   71   71   58   58
 2.7507166797803575e+00   71   71   59   59
 2.7518611379850633e+00   71   71   60   60
 4.0479626968859672e-01   71   71   61   61
 4.2532778043119285e-01   71   71   62   62
 2.6080785767828960e+00   71   71   63   63
 4.5570020144676698e-01   71   71   64   64
 4.7415078141274170e-01   71   71   65   65
 4.9145239103756361e-01   71   71   66   66
 4.8823211903071312e-01   71   71   67   67
 4.6811530608247037e-01   71   71   68   68
 4.5297551606232728e-01   71   71   69   69
 3.8518036082298757e+00   71   71   70   70
 8.4208384499999998e+00   71   71   71   71
 1.2263226324821008e+00   72   72    1    1
 1.1791369896802415e+00   72   72    2    2
 1.0191561717634212e+00   72   72    3    3
 9.3745118012603701e-01   72   72    4    4
 9.6229969119923919e-01   72   72    5    5
 1.0908634689436303e+00   72   72    6    6
 6.5523203772173444e-01   72   72    7    7
 6.4722441823484544e-01   72   72    8    8
 6.7620300295667324e-01   72   72    9    9
 6.5521241929363161e-01   72   72   10   10
 6.1055559298339368e-01   72   72   11   11
 4.4176240789846738e-01   72   72   12   12
 5.8958789877322126e-01   72   72   13   13
 6.0535096705258495e-01   72   72   14   14
 6.0572516087408601e-01   72   72   15   15
 5.7015372472208181e-01   72   72   16   16
 5.3370623564670838e-01   72   72   17   17
 5.2595745558309537e-01   72   72   18   18
 3.8696657344085188e+00   72   72   19   19
 5.5250489850461770e-01   72   72   20   20
 5.9307771752810001e-01   72   72   21   21
 1.2873939839583302e+00   72   72   22   22
 1.1510379242398443e+00   72   72   23   23
 1.0396436427464169e+00   72   72   24   24
 9.4131109529734358e-01   72   72   25   25
 9.2318146897784026e-01   72   72   26   26
 9.9497258305489855e-01   72   72   27   27
 1.1145546098715835e+00   72   72   28   28
 1.5773496636956890e+00   72   72   29   29
 1.7920662938217642e+00   72   72   30   30
 2.3444968326963771e+00   72   72   31   31
 2.7058427119598627e+00   72   72   32   32
 1.3866039379404964e+00   72   72   33   33
 2.0771482845673206e+00   72   72   34   34
 1.6736782675901263e+00   72   72   35   35
 8.4638024271249768e-01   72   72   36   36
 7.6846521165391068e-01   72   72   37   37
 7.1656506631822625e-01   72   72   38   38
 7.2980056674881599e-01   72   72   39   39
 7.9537955626227408e-01   72   72   40   40
 8.6579262567106319e-01   72   72   41   41
 7.4923038387007201e-01   72   72   42   42
 8.2741320105809879e-01   72   72   43   43
 8.2386297616525217e-01   72   72   44   44
 1.6927681008989213e+00   72   72   45   45
 7.4378606287780957e-01   72   72   46   46
 6.8569368597306346e-01   72   72   47   47
 6.8889483751761282e-01   72   72   48   48
 1.5070922062922580e+00   72   72   49   49
 1.7635405546781886e+00   72   72   50   50
 1.2835237922728151e+00   72   72   51   51
 1.3112623990738035e+00   72   72   52   52
 4.8317334305237281e-01   72   72   53   53
 2.7911813899266948e+00   72   72   54   54
 1.4248782665926325e+00   72   72   55   55
 4.5432666648898251e-01   72   72   56   56
 4.3558030047766044e-01   72   72   57   57
 1.2766645421601277e+00   72   72   58   58
 1.2385150853133522e+00   72   72   59   59
 1.7196554069920922e+00   72   72   60   60
 4.6784782625045840e-01   72   72   61   61
 4.9109390644361706e-01   72   72   62   62
 2.5065936256082741e+00   72   72   63   63
 5.3370918213873775e-01   72   72   64   64
 5.5202764886327604e-01   72   72   65   65
 5.7842573046875012e-01   72   72   66   66
 5.8512390916601686e-01   72   72   67   67
 5.6327443217853290e-01   72   72   68   68
 5.3865784155200702e-01   72   72   69   69
 1.8434863325723636e+00   72   72   70   70
 1.5100903509517798e+00   72   72   71   71
 8.4208384499999998e+00   72   72   72   72
 1.2889079884467645e+00   73   73    1    1
 1.2728878393199587e+00   73   73    2    2
 1.0987464326531262e+00   73   73    3    3
 9.9590953906140001e-01   73   73    4    4
 1.0062987903912521e+00   73   73    5    5
 1.1310824132059021e+00   73   73    6    6
 6.6656930542966697e-01   73   73    7    7
 6.5408769432716829e-01   73   73    8    8
 6.8345694917377242e-01   73   73    9    9
 6.5822684984062296e-01   73   73   10   10
 6.1045138264910148e-01   73   73   11   11
 4.5045693915394902e-01   73   73   12   12
 5.8971013138099937e-01   73   73   13   13
 6.0819698784030551e-01   73   73   14   14
 6.1780013092218100e-01   73   73   15   15
 5.8246630952280631e-01   73   73   16   16
 5.4581485188045409e-01   73   73   17   17
 5.3783354853913323e-01   73   73   18   18
 2.7388342219665813e+00   73   73   19   19
 5.6429766982049590e-01   73   73   20   20
 6.0488054276864800e-01   73   73   21   21
 1.4204697186812478e+00   73   73   22   22
 1.2619285563017317e+00   73   73   23   23
 1.1095403857338340e+00   73   73   24   24
 1.0005887292336562e+00   73   73   25   25
 9.9384208253295359e-01   73   73   26   26
 1.0945122343172207e+00   73   73   27   27
 1.2444012059376928e+00   73   73   28   28
 1.7995900047309701e+00   73   73   29   29
 2.0066548583706441e+00   73   73   30   30
 2.7083926644531853e+00   73   73   31   31
 3.7190059225138024e+00   73   73   32   32
 1.3805801258680188e+00   73   73   33   33
 2.6771130360781563e+00   73   73   34   34
 1.9957599869345986e+00   73   73   35   35
 8.6155381727708269e-01   73   73   36   36
 7.7914569687828894e-01   73   73   37   37
 7.3207845510731795e-01   73   73   38   38
 7.5438300405939662e-01   73   73   39   39
 8.2855531825241413e-01   73   73   40   40
 8.9595463702791545e-01   73   73   41   41
 7.9591421196287382e-01   73   73   42   42
 8.8309505075518580e-01   73   73   43   43
 8.7604095319740760e-01   73   73   44   44
 1.4705725430111998e+00   73   73   45   45
 7.8552134442592492e-01   73   73   46   46
 7.2256879123321671e-01   73   73   47   47
 7.2777868844767235e-01   73   73   48   48
 1.3442569414926526e+00   73   73   49   49
 1.5549295474805032e+00   73   73   50   50
 1.1301135143037442e+00   73   73   51   51
 1.1649815733626869e+00   73   73   52   52
 4.9654258786325711e-01   73   73   53   53
 2.5111563347773842e+00   73   73   54   54
 1.2425292103103871e+00   73   73   55   55
 4.6666310929643362e-01   73   73   56   56
 4.4573950734917778e-01   73   73   57   57
 1.3668325648438573e+00   73   73   58   58
 1.2752595757518694e+00   73   73   59   59
 1.7079988335165535e+00   73   73   60   60
 4.7677379013275495e-01   73   73   61   61
 5.0246767956507765e-01   73   73   62   62
 2.7681894615154286e+00   73   73   63   63
 5.2853139493126855e-01   73   73   64   64
 5.4933770686364092e-01   73   73   65   65
 5.7742567813984225e-01   73   73   66   66
 5.8261364092250867e-01   73   73   67   67
 5.5777265319512748e-01   73   73   68   68
 5.3218928065068649e-01   73   73   69   69
 1.9819842048005327e+00   73   73   70   70
 1.6726837535940760e+00   73   73   71   71
 3.8328956572333617e+00   73   73   72   72
 8.4208384499999998e+00   73   73   73   73
 1.1309205692010642e+00   74   74    1    1
 1.1351444330444402e+00   74   74    2    2
 1.0051465831056960e+00   74   74    3    3
 9.1629148472042965e-01   74   74    4    4
 9.1714160287686364e-01   74   74    5    5
 1.0096462559481503e+00   74   74    6    6
 6.2873315325149637e-01   74   74    7    7
 6.1785960857126287e-01   74   74    8    8
 6.4679981088472005e-01   74   74    9    9
 6.2507072359549298e-01   74   74   10   10
 5.8029172952291264e-01   74   74   11   11
 4.3362267401824872e-01   74   74   12   12
 5.5946635806417777e-01   74   74   13   13
 5.7537927414519741e-01   74   74   14   14
 5.8577364406351440e-01   74   74   15   15
 5.5613234917796450e-01   74   74   16   16
 5.2294964318869741e-01   74   74   17   17
 5.1433511416262301e-01   74   74   18   18
 2.4685326618426564e+00   74   74   19   19
 5.3664289078683125e-01   74   74   20   20
 5.7247696376998514e-01   74   74   21   21
 1.2590705912018560e+00   74   74   22   22
 1.1439121755647501e+00   74   74   23   23
 1.0070694006536185e+00   74   74   24   24
 9.2309596380795678e-01   74   74   25   25
 9.3228269464354319e-01   74   74   26   26
 1.0344559978438992e+00   74   74   27   27
 1.1589423737837115e+00   74   74   28   28
 1.5454230015282358e+00   74   74   29   29
 1.6600501332095574e+00   74   74   30   30
 2.0850953206972984e+00   74   74   31   31
 2.6842758425001647e+00   74   74   32   32
 1.6089395691258201e+00   74   74   33   33
 2.2696560140119311e+00   74   74   34   34
 1.7407464622810660e+00   74   74   35   35
 7.9072146574310498e-01   74   74   36   36
 7.2222160995638573e-01   74   74   37   37
 6.8590864066307355e-01   74   74   38   38
 7.0949007596054803e-01   74   74   39   39
 7.7449281984998897e-01   74   74   40   40
 8.2546379707606865e-01   74   74   41   41
 7.5944834672126538e-01   74   74   42   42
 8.3870661131629931e-01   74   74   43   43
 8.3706082849375463e-01   74   74   44   44
 1.4989585415737956e+00   74   74   45   45
 7.5670924223679714e-01   74   74   46   46
 6.9722497115164339e-01   74   74   47   47
 6.9943520862333020e-01   74   74   48   48
 1.4044690849801487e+00   74   74   49   49
 1.6352961301161892e+00   74   74   50   50
 1.1382178312749056e+00   74   74   51   51
 1.1912845834193568e+00   74   74   52   52
 4.7852723942584863e-01   74   74   53   53
 2.7511684221144761e+00   74   74   54   54
 1.2457995117006355e+00   74   74   55   55
 4.5096842503022966e-01   74   74   56   56
 4.3042463924412561e-01   74   74   57   57
 1.6737586057296672e+00   74   74   58   58
 1.5092929752162982e+00   74   74   59   59
 2.0404886240456586e+00   74   74   60   60
 4.5755341291162338e-01   74   74   61   61
 4.8232997317336507e-01   74   74   62   62
 3.8518317157729247e+00   74   74   63   63
 5.0837529038331353e-01   74   74   64   64
 5.2933011269447516e-01   74   74   65   65
 5.5440726692494025e-01   74   74   66   66
 5.5612014418698208e-01   74   74   67   67
 5.3182472564237304e-01   74   74   68   68
 5.0943687225131129e-01   74   74   69   69
 2.6077241648403966e+00   74   74   70   70
 2.1697564284991375e+00   74   74   71   71
 2.7505699558392513e+00   74   74   72   72
 3.8583388330091499e+00   74   74   73   73
 8.4208384499999998e+00   74   74   74   74
 1.3023845590948717e+00   75   75    1    1
 1.2754690839965683e+00   75   75    2    2
 1.1551551807111131e+00   75   75    3    3
 1.0843683989489701e+00   75   75    4    4
 1.1034112399636569e+00   75   75    5    5
 1.2048201702727124e+00   75   75    6    6
 8.2929451544316313e-01   75   75    7    7
 8.2716028920709317e-01   75   75    8    8
 8.6677164861593181e-01   75   75    9    9
 8.5248169895198944e-01   75   75   10   10
 8.0169862742260067e-01   75   75   11   11
 5.8807308233760602e-01   75   75   12   12
 7.7075281948098928e-01   75   75   13   13
 7.8201901906031135e-01   75   75   14   14
 7.7489647857593935e-01   75   75   15   15
 7.4038209033466296e-01   75   75   16   16
 6.9853901891368531e-01   75   75   17   17
 6.8580825401462753e-01   75   75   18   18
 4.1393376152589241e+00   75   75   19   19
 7.1187375696634569e-01   75   75   20   20
 7.5611538122016830e-01   75   75   21   21
 1.3651794591342858e+00   75   75   22   22
 1.2723352521605540e+00   75   75   23   23
 1.1713571282830639e+00   75   75   24   24
 1.0974389876861339e+00   75   75   25   25
 1.1001239128887625e+00   75   75   26   26
 1.1799798877660432e+00   75   75   27   27
 1.2738915815478080e+00   75   75   28   28
 1.5737134917823814e+00   75   75   29   29
 1.6997683718141336e+00   75   75   30   30
 2.0101213764924482e+00   75   75   31   31
 2.2332754480541368e+00   75   75   32   32
 4.1327463907848614e+00   75   75   33   33
 1.9739809133768917e+00   75   75   34   34
 1.6782437023407077e+00   75   75   35   35
 1.0042349089629514e+00   75   75   36   36
 9.3591059663291654e-01   75   75   37   37
 8.8870905828084756e-01   75   75   38   38
 9.0291444497892692e-01   75   75   39   39
 9.6405094083321252e-01   75   75   40   40
 1.0228507426311404e+00   75   75   41   41
 9.3566100287329756e-01   75   75   42   42
 1.0182778326397059e+00   75   75   43   43
 1.0297422854242979e+00   75   75   44   44
 4.2272147414180967e+00   75   75   45   45
 9.5301997569147812e-01   75   75   46   46
 8.8450309016140549e-01   75   75   47   47
 8.7864959344093607e-01   75   75   48   48
 4.2160769286150241e+00   75   75   49   49
 5.8855691179221807e+00   75   75   50   50
 2.8276638366080418e+00   75   75   51   51
 3.1138716677354599e+00   75   75   52   52
 6.3851685701528438e-01   75   75   53   53
 5.9686534664824267e+00   75   75   54   54
 3.1179255168510007e+00   75   75   55   55
 6.0500520808944946e-01   75   75   56   56
 5.8181323853956946e-01   75   75   57   57
 2.8627810186289073e+00   75   75   58   58
 3.1111572044532680e+00   75   75   59   59
 5.9587018660997035e+00   75   75   60   60
 6.1832482592626370e-01   75   75   61   61
 6.4613920416822890e-01   75   75   62   62
 4.4106912019664151e+00   75   75   63   63
 7.3233371589272234e-01   75   75   64   64
 7.5574767442412438e-01   75   75   65   65
 7.8080211157900681e-01   75   75   66   66
 7.8048876974164949e-01   75   75   67   67
 7.5474127211561870e-01   75   75   68   68
 7.3184535400153139e-01   75   75   69   69
 4.4104154670718945e+00   75   75   70   70
 3.1904444486105032e+00   75   75   71   71
 3.1165774093204557e+00   75   75   72   72
 2.8605527304549461e+00   75   75   73   73
 3.1908738879703429e+00   75   75   74   74
 1.7979842710000000e+01   75   75   75   75
 4.4879556457115735e+00   76   76    1    1
 3.4707388573715030e+00   76   76    2    2
 2.7071162033716094e+00   76   76    3    3
 2.4991283563809970e+00   76   76    4    4
 2.7276149806224912e+00   76   76    5    5
 3.5504780025345197e+00   76   76    6    6
 1.4359752618618391e+00   76   76    7    7
 1.3758290253414975e+00   76   76    8    8
 1.4072332111572163e+00   76   76    9    9
 1.3109004626715592e+00   76   76   10   10
 1.2073553711994578e+00   76   76   11   11
 8.7767519561210094e-01   76   76   12   12
 1.1886648568995990e+00   76   76   13   13
 1.2596273326347296e+00   76   76   14   14
 1.3033155819807807e+00   76   76   15   15
 1.1854910672928216e+00   76   76   16   16
 1.0943709310822811e+00   76   76   17   17
 1.0897379738689705e+00   76   76   18   18
 1.8048245742691409e+00   76   76   19   19
 1.1759503618848155e+00   76   76   20   20
 1.2917763771596606e+00   76   76   21   21
 3.2095336189908528e+00   76   76   22   22
 2.5557683124710220e+00   76   76   23   23
 2.3896129000452762e+00   76   76   24   24
 1.9795385646509067e+00   76   76   25   25
 1.7800429101625261e+00   76   76   26   26
 1.8358619911608893e+00   76   76   27   27
 2.1396250534133108e+00   76   76   28   28
 3.2936155346221163e+00   76   76   29   29
 3.0618343833337334e+00   76   76   30   30
 2.7093385789067597e+00   76   76   31   31
 2.5585861948595849e+00   76   76   32   32
 1.1847405068261643e+00   76   76   33   33
 2.6671442021726919e+00   76   76   34   34
 3.0077164571551793e+00   76   76   35   35
 2.1923010909427987e+00   76   76   36   36
 1.8474335470072580e+00   76   76   37   37
 1.6469947641531602e+00   76   76   38   38
 1.6811206146816611e+00   76   76   39   39
 1.9190379360674632e+00   76   76   40   40
 2.2607950887682779e+00   76   76   41   41
 1.4126624109703507e+00   76   76   42   42
 1.5278295543327736e+00   76   76   43   43
 1.4302164772655339e+00   76   76   44   44
 1.3159653700125564e+00   76   76   45   45
 1.2708272635397564e+00   76   76   46   46
 1.2026722854016685e+00   76   76   47   47
 1.2588910930152344e+00   76   76   48   48
 1.2506101841377997e+00   76   76   49   49
 1.3318407396330507e+00   76   76   50   50
 1.1617071176090190e+00   76   76   51   51
 1.1720076065974543e+00   76   76   52   52
 9.7187695494446791e-01   76   76   53   53
 1.6147142896174993e+00   76   76   54   54
 1.2254036563719677e+00   76   76   55   55
 8.9979799732704591e-01   76   76   56   56
 8.5859967318504204e-01   76   76   57   57
 1.1791340434043127e+00   76   76   58   58
 1.1290022559140624e+00   76   76   59   59
 1.3255325490083469e+00   76   76   60   60
 9.4352676842504057e-01   76   76   61   61
 9.9870132235970988e-01   76   76   62   62
 1.6233459220732427e+00   76   76   63   63
 9.6361348065994734e-01   76   76   64   64
 9.9939759978476261e-01   76   76   65   65
 1.0753373997114251e+00   76   76   66   66
 1.1165485897624665e+00   76   76   67   67
 1.0660744945869507e+00   76   76   68   68
 9.9162558761450614e-01   76   76   69   69
 1.4141800156756779e+00   76   76   70   70
 1.3156089663970838e+00   76   76   71   71
 2.1235174926247282e+00   76   76   72   72
 2.1548652484624800e+00   76   76   73   73
 1.8381826045856873e+00   76   76   74   74
 2.1318621124228319e+00   76   76   75   75
 9.6429912899999994e+00   76   76   76   76
 2.7072757861508649e+00   77   77    1    1
 3.4736495492375599e+00   77   77    2    2
 4.4879969556832684e+00   77   77    3    3
 3.5476896688555093e+00   77   77    4    4
 2.7259278579705053e+00   77   77    5    5
 2.4981769926343986e+00   77   77    6    6
 1.4346674304443652e+00   77   77    7    7
 1.3027657765824787e+00   77   77    8    8
 1.2953055478892361e+00   77   77    9    9
 1.1751200870125540e+00   77   77   10   10
 1.0835443975282122e+00   77   77   11   11
 9.9295489537219406e-01   77   77   12   12
 1.0865475693099056e+00   77   77   13   13
 1.1790513883032756e+00   77   77   14   14
 1.3766139668478179e+00   77   77   15   15
 1.2722465642615259e+00   77   77   16   16
 1.2084169282481616e+00   77   77   17   17
 1.2270380035877384e+00   77   77   18   18
 1.2423286848368931e+00   77   77   19   19
 1.3185196857982682e+00   77   77   20   20
 1.4021949935977436e+00   77   77   21   21
 3.2155328091866320e+00   77   77   22   22
 3.2837333731933964e+00   77   77   23   23
 3.0044161381931564e+00   77   77   24   24
 2.6244406394891704e+00   77   77   25   25
 2.4807047470676857e+00   77   77   26   26
 2.6253258296498694e+00   77   77   27   27
 3.0029349426535221e+00   77   77   28   28
 2.5483954550293295e+00   77   77   29   29
 2.1337271939678413e+00   77   77   30   30
 1.8265787447163204e+00   77   77   31   31
 1.7668393696067419e+00   77   77   32   32
 9.7947969106835231e-01   77   77   33   33
 1.9627891277942666e+00   77   77   34   34
 2.3740301551001397e+00   77   77   35   35
 1.9134810911924900e+00   77   77   36   36
 1.6771742114354926e+00   77   77   37   37
 1.6454862085959998e+00   77   77   38   38
 1.8495152353117690e+00   77   77   39   39
 2.1973220175605448e+00   77   77   40   40
 2.2593989910252938e+00   77   77   41   41
 2.0217706702321609e+00   77   77   42   42
 2.0753439807168292e+00   77   77   43   43
 1.7856979456208366e+00   77   77   44   44
 9.9002638081769967e-01   77   77   45   45
 1.5752867784488920e+00   77   77   46   46
 1.5493947624708198e+00   77   77   47   47
 1.7214521791410660e+00   77   77   48   48
 9.4835627026331859e-01   77   77   49   49
 1.0055729157537203e+00   77   77   50   50
 8.7835579928770713e-01   77   77   51   51
 8.8892872966988878e-01   77   77   52   52
 1.1501930960143556e+00   77   77   53   53
 1.1933447015411602e+00   77   77   54   54
 9.2298891685156270e-01   77   77   55   55
 1.0668756081617938e+00   77   77   56   56
 9.9579438112823249e-01   77   77   57   57
 1.0375694644807245e+00   77   77   58   58
 9.7035113900481695e-01   77   77   59   59
 1.0642200608007437e+00   77   77   60   60
 1.0570091847714125e+00   77   77   61   61
 1.1435548125045216e+00   77   77   62   62
 1.2616950081328504e+00   77   77   63   63
 8.5054838954927459e-01   77   77   64   64
 8.9181197604875895e-01   77   77   65   65
 9.6393506959612718e-01   77   77   66   66
 9.9120172246994576e-01   77   77   67   67
 9.3423370521126980e-01   77   77   68   68
 8.6800547757896773e-01   77   77   69   69
 1.1578326006529831e+00   77   77   70   70
 1.1392833973828378e+00   77   77   71   71
 1.3942794287323050e+00   77   77   72   72
 1.5147573878043963e+00   77   77   73   73
 1.4227810403886425e+00   77   77   74   74
 1.6268166054919313e+00   77   77   75   75
 2.8075243208874952e+00   77   77   76   76
 9.6429912899999994e+00   77   77   77   77
 1.6906107027787627e+00   78   78    1    1
 1.5572538107845086e+00   78   78    2    2
 1.6245557297210109e+00   78   78    3    3
 1.8505535187320621e+00   78   78    4    4
 2.0882016019078038e+00   78   78    5    5
 1.9587899282307553e+00   78   78    6    6
 3.2170578958329639e+00   78   78    7    7
 3.4760851311997407e+00   78   78    8    8
 4.4884961726691435e+00   78   78    9    9
 3.5446218770221591e+00   78   78   10   10
 2.7255284463623264e+00   78   78   11   11
 1.2528646894654660e+00   78   78   12   12
 2.4963141469139627e+00   78   78   13   13
 2.7078295910532537e+00   78   78   14   14
 2.5713776385826428e+00   78   78   15   15
 2.4136335325302487e+00   78   78   16   16
 1.9960880167680646e+00   78   78   17   17
 1.7909006402576411e+00   78   78   18   18
 1.0347987215506274e+00   78   78   19   19
 1.8430823478653970e+00   78   78   20   20
 2.1458874378517456e+00   78   78   21   21
 1.3714296884795563e+00   78   78   22   22
 1.2449879167134907e+00   78   78   23   23
 1.2072848307390220e+00   78   78   24   24
 1.1030058314743325e+00   78   78   25   25
 1.0409883748120949e+00   78   78   26   26
 1.0631828304753510e+00   78   78   27   27
 1.1550753084934493e+00   78   78   28   28
 1.3254388729217230e+00   78   78   29   29
 1.2112396360093816e+00   78   78   30   30
 1.1617173911617911e+00   78   78   31   31
 1.2023102692133172e+00   78   78   32   32
 8.3984882701691366e-01   78   78   33   33
 1.3105656967328692e+00   78   78   34   34
 1.3844552788734177e+00   78   78   35   35
 2.6099252874199812e+00   78   78   36   36
 2.9748838265419115e+00   78   78   37   37
 3.2708783207167937e+00   78   78   38   38
 3.0166361306696987e+00   78   78   39   39
 2.6434654819987191e+00   78   78   40   40
 2.4854634622198728e+00   78   78   41   41
 9.4328340617954098e-01   78   78   42   42
 9.5490039434356566e-01   78   78   43   43
 8.9135383548060421e-01   78   78   44   44
 8.5163542554373994e-01   78   78   45   45
 8.3208724601449302e-01   78   78   46   46
 8.2345406157815781e-01   78   78   47   47
 8.7271492829202524e-01   78   78   48   48
 8.7483116487171031e-01   78   78   49   49
 8.8464960261657277e-01   78   78   50   50
 8.0673302800178415e-01   78   78   51   51
 8.3419527570841701e-01   78   78   52   52
 1.4617761427542606e+00   78   78   53   53
 9.9002675742653268e-01   78   78   54   54
 8.1454456437940526e-01   78   78   55   55
 1.2939030124878979e+00   78   78   56   56
 1.2103801202707229e+00   78   78   57   57
 8.5146177757993802e-01   78   78   58   58
 8.2086568861546028e-01   78   78   59   59
 8.9780081252036126e-01   78   78   60   60
 1.4009785446483425e+00   78   78   61   61
 1.5370226667600753e+00   78   78   62   62
 1.0050236130138797e+00   78   78   63   63
 1.6552234033816073e+00   78   78   64   64
 1.8427515649746518e+00   78   78   65   65
 2.1852555498440198e+00   78   78   66   66
 2.2596778416377941e+00   78   78   67   67
 1.9233625080463552e+00   78   78   68   68
 1.6819051110671370e+00   78   78   69   69
 9.3952700877206075e-01   78   78   70   70
 9.1131910179916620e-01   78   78   71   71
 1.1066648732060840e+00   78   78   72   72
 1.1291455980190956e+00   78   78   73   73
 1.0718804082411950e+00   78   78   74   74
 1.3908305175122124e+00   78   78   75   75
 2.0526178832433777e+00   78   78   76   76
 1.9272282366465654e+00   78   78   77   77
 9.6429912899999994e+00   78   78   78   78
 1.2810714121822264e+00   79   79    1    1
 1.2005683889025491e+00   79   79    2    2
 1.2547480883319762e+00   79   79    3    3
 1.4065850767573367e+00   79   79    4    4
 1.5349176817517551e+00   79   79    5    5
 1.4441302077349667e+00   79   79    6    6
 3.2265688810904898e+00   79   79    7    7
 3.4796923546840026e+00   79   79    8    8
 2.7097533781799319e+00   79   79    9    9
 2.4976422312030362e+00   79   79   10   10
 2.7239341542773405e+00   79   79   11   11
 1.7127620569337414e+00   79   79   12   12
 3.5409610417291932e+00   79   79   13   13
 4.4881146300355512e+00   79   79   14   14
 3.2655502004303867e+00   79   79   15   15
 2.9661344055648531e+00   79   79   16   16
 2.5964701190261921e+00   79   79   17   17
 2.4617666916750953e+00   79   79   18   18
 8.1984776318152164e-01   79   79   19   19
 2.6130790232866117e+00   79   79   20   20
 2.9987899913417224e+00   79   79   21   21
 1.0796497752845393e+00   79   79   22   22
 1.0209759984411975e+00   79   79   23   23
 1.0331587673238161e+00   79   79   24   24
 9.7002050231205705e-01   79   79   25   25
 9.0663491888096504e-01   79   79   26   26
 8.9783976876123683e-01   79   79   27   27
 9.4698669909968070e-01   79   79   28   28
 1.0247936589915958e+00   79   79   29   29
 9.6496385407071339e-01   79   79   30   30
 9.1947901047889236e-01   79   79   31   31
 9.2183184854255129e-01   79   79   32   32
 6.7333316533280974e-01   79   79   33   33
 9.7069795361791489e-01   79   79   34   34
 1.0254345051836313e+00   79   79   35   35
 1.9968630340790530e+00   79   79   36   36
 2.4155895393836126e+00   79   79   37   37
 2.5753775261589200e+00   79   79   38   38
 2.1477879224245400e+00   79   79   39   39
 1.8430906299889314e+00   79   79   40   40
 1.7893389673265707e+00   79   79   41   41
 8.5554622637502120e-01   79   79   42   42
 8.5101638612394814e-01   79   79   43   43
 7.9660606811993429e-01   79   79   44   44
 7.0343641774534160e-01   79   79   45   45
 7.5538121949232795e-01   79   79   46   46
 7.5757677711002624e-01   79   79   47   47
 8.0372516563890095e-01   79   79   48   48
 7.0927371860165511e-01   79   79   49   49
 7.1748017955156218e-01   79   79   50   50
 6.7591693125451635e-01   79   79   51   51
 6.8810142519233852e-01   79   79   52   52
 1.7715039506427519e+00   79   79   53   53
 7.8096830610958634e-01   79   79   54   54
 6.8310598016932544e-01   79   79   55   55
 1.5638347847376706e+00   79   79   56   56
 1.5400744050688342e+00   79   79   57   57
 6.7422026599524909e-01   79   79   58   58
 6.5670346318931982e-01   79   79   59   59
 7.1308249966705639e-01   79   79   60   60
 2.0116264148134566e+00   79   79   61   61
 2.0599776343283498e+00   79   79   62   62
 7.8267818390945865e-01   79   79   63   63
 1.6534172174101831e+00   79   79   64   64
 1.6870205063912720e+00   79   79   65   65
 1.9303737554075200e+00   79   79   66   66
 2.2558872989018854e+00   79   79   67   67
 2.1657838708707393e+00   79   79   68   68
 1.8303869803499082e+00   79   79   69   69
 7.3643837167745407e-01   79   79   70   70
 7.1372508711905180e-01   79   79   71   71
 8.6761901822999932e-01   79   79   72   72
 8.7092793864057827e-01   79   79   73   73
 8.2486829922465843e-01   79   79   74   74
 1.1086434912712611e+00   79   79   75   75
 1.6123110007542776e+00   79   79   76   76
 1.5476842077333186e+00   79   79   77   77
 2.8129189749862378e+00   79   79   78   78
 9.6429912899999994e+00   79   79   79   79
 1.2679321354699806e+00   80   80    1    1
 1.2150561475730535e+00   80   80    2    2
 1.2967474507886014e+00   80   80    3    3
 1.4605827160757805e+00   80   80    4    4
 1.5505020168533408e+00   80   80    5    5
 1.4199642687673724e+00   80   80    6    6
 3.2229404779700537e+00   80   80    7    7
 3.2593028400182895e+00   80   80    8    8
 3.0031435421486674e+00   80   80    9    9
 2.6550280253536251e+00   80   80   10   10
 2.5243145747280784e+00   80   80   11   11
 1.7300168642442022e+00   80   80   12   12
 2.6504669558330032e+00   80   80   13   13
 2.9880818222174428e+00   80   80   14   14
 3.4781111523892281e+00   80   80   15   15
 4.4866811287144470e+00   80   80   16   16
 3.5398875197051272e+00   80   80   17   17
 2.7241651675207539e+00   80   80   18   18
 8.2097868329165802e-01   80   80   19   19
 2.4957543531662556e+00   80   80   20   20
 2.7084460933436487e+00   80   80   21   21
 1.0935799294289161e+00   80   80   22   22
 1.0299468523894362e+00   80   80   23   23
 1.0190675088430063e+00   80   80   24   24
 9.5601897627161614e-01   80   80   25   25
 9.0884673294075147e-01   80   80   26   26
 9.1588287915460787e-01   80   80   27   27
 9.7058320696464229e-01   80   80   28   28
 1.0418923227795625e+00   80   80   29   29
 9.6456215701793258e-01   80   80   30   30
 9.2165633487671705e-01   80   80   31   31
 9.3983097991306208e-01   80   80   32   32
 6.9404795714147050e-01   80   80   33   33
 1.0085700231652974e+00   80   80   34   34
 1.0662110214060403e+00   80   80   35   35
 1.8514978954976600e+00   80   80   36   36
 2.1521735091523122e+00   80   80   37   37
 2.5922544776599490e+00   80   80   38   38
 2.4525268179712572e+00   80   80   39   39
 2.0245636265923115e+00   80   80   40   40
 1.8059390829422195e+00   80   80   41   41
 8.5701272116314853e-01   80   80   42   42
 8.5113097839103558e-01   80   80   43   43
 7.9444184357538028e-01   80   80   44   44
 6.9977580910608406e-01   80   80   45   45
 7.5252862083824457e-01   80   80   46   46
 7.5557248590320447e-01   80   80   47   47
 8.0368922066942516e-01   80   80   48   48
 7.1336472130611639e-01   80   80   49   49
 7.2107218084233093e-01   80   80   50   50
 6.6758567562786397e-01   80   80   51   51
 6.8575175406825528e-01   80   80   52   52
 2.0948090166704043e+00   80   80   53   53
 7.9276522296939878e-01   80   80   54   54
 6.7399397044162501e-01   80   80   55   55
 1.7902935703597227e+00   80   80   56   56
 1.6547360882646640e+00   80   80   57   57
 7.0750820114218482e-01   80   80   58   58
 6.8344584306615119e-01   80   80   59   59
 7.3307930825949474e-01   80   80   60   60
 1.9938947825177931e+00   80   80   61   61
 2.2569143911525185e+00   80   80   62   62
 8.0589160043833807e-01   80   80   63   63
 1.5978405289971702e+00   80   80   64   64
 1.7521536266293070e+00   80   80   65   65
 2.0419534893520801e+00   80   80   66   66
 2.1303824881659930e+00   80   80   67   67
 1.8566357911397031e+00   80   80   68   68
 1.6338541880730908e+00   80   80   69   69
 7.6374734993624405e-01   80   80   70   70
 7.4854568390166543e-01   80   80   71   71
 8.6908263708138778e-01   80   80   72   72
 8.8736565566729886e-01   80   80   73   73
 8.5222922056766237e-01   80   80   74   74
 1.1262865293643007e+00   80   80   75   75
 1.5608487341303379e+00   80   80   76   76
 1.6318866097333737e+00   80   80   77   77
 3.4637062939361893e+00   80   80   78   78
 3.3723136743908566e+00   80   80   79   79
 9.6429912899999994e+00   80   80   80   80
 1.5954787140549247e+00   81   81    1    1
 1.5220209190681924e+00   81   81    2    2
 1.6498839900776743e+00   81   81    3    3
 1.9136376424915900e+00   81   81    4    4
 2.0509957498124640e+00   81   81    5    5
 1.8238047435394398e+00   81   81    6    6
 3.2294480345246392e+00   81   81    7    7
 2.5891719705485259e+00   81   81    8    8
 2.1526827072607326e+00   81   81    9    9
 1.8470322885923127e+00   81   81   10   10
 1.7943367385514324e+00   81   81   11   11
 1.7780830318138197e+00   81   81   12   12
 2.0053205254532664e+00   81   81   13   13
 2.4323215961086078e+00   81   81   14   14
 3.4812889365068092e+00   81   81   15   15
 2.7097118979776567e+00   81   81   16   16
 2.4965306056145162e+00   81   81   17   17
 2.7233232782745964e+00   81   81   18   18
 8.8406181793762129e-01   81   81   19   19
 3.5372997699812405e+00   81   81   20   20
 4.4871801844068822e+00   81   81   21   21
 1.3381249720919075e+00   81   81   22   22
 1.2798902035656734e+00   81   81   23   23
 1.3198232166201014e+00   81   81   24   24
 1.2359631772378841e+00   81   81   25   25
 1.1365831205278509e+00   81   81   26   26
 1.1109634884988686e+00   81   81   27   27
 1.1700386122920949e+00   81   81   28   28
 1.2260435788951627e+00   81   81   29   29
 1.1380165338619408e+00   81   81   30   30
 1.0574601535585459e+00   81   81   31   31
 1.0442361832446057e+00   81   81   32   32
 7.1286684226457153e-01   81   81   33   33
 1.1067446521142830e+00   81   81   34   34
 1.2014442206576206e+00   81   81   35   35
 2.6235092908374660e+00   81   81   36   36
 3.0121923521748322e+00   81   81   37   37
 3.2494892798527300e+00   81   81   38   38
 2.9243679140521279e+00   81   81   39   39
 2.5622133037047710e+00   81   81   40   40
 2.4486248911252106e+00   81   81   41   41
 1.0773077955368429e+00   81   81   42   42
 1.0598821969785821e+00   81   81   43   43
 9.7376875399122076e-01   81   81   44   44
 7.4599693376222465e-01   81   81   45   45
 9.1789500386216771e-01   81   81   46   46
 9.2750060094288855e-01   81   81   47   47
 1.0004272125998079e+00   81   81   48   48
 7.3854954844951259e-01   81   81   49   49
 7.5696650939120713e-01   81   81   50   50
 7.0290016845832981e-01   81   81   51   51
 7.1183215592807569e-01   81   81   52   52
 1.9937187971931296e+00   81   81   53   53
 8.3959375063389963e-01   81   81   54   54
 7.1878680149917817e-01   81   81   55   55
 1.7256797812217195e+00   81   81   56   56
 1.6464388013680404e+00   81   81   57   57
 7.2142187169627170e-01   81   81   58   58
 6.9699521983509516e-01   81   81   59   59
 7.5971609404732643e-01   81   81   60   60
 2.0813512876796927e+00   81   81   61   61
 2.2525500431013907e+00   81   81   62   62
 8.4872353274939083e-01   81   81   63   63
 1.2093916908010940e+00   81   81   64   64
 1.2508170064033357e+00   81   81   65   65
 1.4002263287991719e+00   81   81   66   66
 1.5379054704665194e+00   81   81   67   67
 1.4579213693158091e+00   81   81   68   68
 1.2901865920396649e+00   81   81   69   69
 7.9270862307973078e-01   81   81   70   70
 7.6961343563505125e-01   81   81   71   71
 9.5018067823428032e-01   81   81   72   72
 9.6512237339988916e-01   81   81   73   73
 9.0757875057368675e-01   81   81   74   74
 1.1795207854694292e+00   81   81   75   75
 1.9019624135313065e+00   81   81   76   76
 2.0048624547779799e+00   81   81   77   77
 2.6526993018123304e+00   81   81   78   78
 3.5055461591227726e+00   81   81   79   79
 2.8145788578707780e+00   81   81   80   80
 9.6429912899999994e+00   81   81   81   81
 2.9204726509383976e+00   82   82    1    1
 3.2325466227754109e+00   82   82    2    2
 2.9669842716407890e+00   82   82    3    3
 2.5792771972289747e+00   82   82    4    4
 2.4104996660641667e+00   82   82    5    5
 2.5388975138992671e+00   82   82    6    6
 1.3243980368087582e+00   82   82    7    7
 1.2256964339709848e+00   82   82    8    8
 1.2041484799174103e+00   82   82    9    9
 1.1084359084938551e+00   82   82   10   10
 1.0419440801371638e+00   82   82   11   11
 9.2168602892903484e-01   82   82   12   12
 1.0552881633542477e+00   82   82   13   13
 1.1373475606619328e+00   82   82   14   14
 1.2566932995465916e+00   82   82   15   15
 1.1415010903025133e+00   82   82   16   16
 1.0821769762964359e+00   82   82   17   17
 1.1110346607364279e+00   82   82   18   18
 1.3342380461135854e+00   82   82   19   19
 1.2149957874589252e+00   82   82   20   20
 1.3009148931866357e+00   82   82   21   21
 3.2285613534291571e+00   82   82   22   22
 3.4830656749069466e+00   82   82   23   23
 4.4871774457312581e+00   82   82   24   24
 3.5356683929221879e+00   82   82   25   25
 2.7217671428709886e+00   82   82   26   26
 2.4959345640612796e+00   82   82   27   27
 2.7106311648156285e+00   82   82   28   28
 2.5998657042686806e+00   82   82   29   29
 2.4745424676264380e+00   82   82   30   30
 2.0428681493102778e+00   82   82   31   31
 1.8187674661662456e+00   82   82   32   32
 9.7968346225810865e-01   82   82   33   33
 1.8565604656955053e+00   82   82   34   34
 2.1535730941757443e+00   82   82   35   35
 1.8844497825342725e+00   82   82   36   36
 1.6278353579760827e+00   82   82   37   37
 1.5043413387894380e+00   82   82   38   38
 1.5741422103561207e+00   82   82   39   39
 1.7978960929399599e+00   82   82   40   40
 2.0189243851491070e+00   82   82   41   41
 2.0914013663624571e+00   82   82   42   42
 2.2520688935434579e+00   82   82   43   43
 1.9839122285540312e+00   82   82   44   44
 1.0681680234236790e+00   82   82   45   45
 1.7203389932362412e+00   82   82   46   46
 1.6468432368906356e+00   82   82   47   47
 1.7845737774133181e+00   82   82   48   48
 9.9177585757496867e-01   82   82   49   49
 1.0595050843005707e+00   82   82   50   50
 9.4780178999510023e-01   82   82   51   51
 9.4168923996353771e-01   82   82   52   52
 1.0162600684112220e+00   82   82   53   53
 1.2387741292215291e+00   82   82   54   54
 1.0061931743823884e+00   82   82   55   55
 9.4926650966098303e-01   82   82   56   56
 9.0701022117646435e-01   82   82   57   57
 9.9705185074981106e-01   82   82   58   58
 9.5094936906836713e-01   82   82   59   59
 1.0711350630014247e+00   82   82   60   60
 9.8195609183680566e-01   82   82   61   61
 1.0359210941942834e+00   82   82   62   62
 1.2650616043032279e+00   82   82   63   63
 8.2994146767497889e-01   82   82   64   64
 8.5543256323626971e-01   82   82   65   65
 9.1850056477470221e-01   82   82   66   66
 9.5934933321223059e-01   82   82   67   67
 9.2273925159809200e-01   82   82   68   68
 8.5855869421565245e-01   82   82   69   69
 1.1414577443534049e+00   82   82   70   70
 1.0929688487825984e+00   82   82   71   71
 1.5082533501657309e+00   82   82   72   72
 1.5640003781887994e+00   82   82   73   73
 1.4094219471277833e+00   82   82   74   74
 1.6809186105629628e+00   82   82   75   75
 3.4176406166842104e+00   82   82   76   76
 3.4268303401584874e+00   82   82   77   77
 1.7256322311920498e+00   82   82   78   78
 1.5223382945605373e+00   82   82   79   79
 1.4553757097816655e+00   82   82   80   80
 1.9571630454245466e+00   82   82   81   81
 9.6429912899999994e+00   82   82   82   82
 2.1696683492150171e+00   83   83    1    1
 2.6047825545430485e+00   83   83    2    2
 2.4448590926125857e+00   83   83    3    3
 2.0224953537663470e+00   83   83    4    4
 1.8135953037337968e+00   83   83    5    5
 1.8669763728379669e+00   83   83    6    6
 1.0964973902355564e+00   83   83    7    7
 1.0331896613030140e+00   83   83    8    8
 1.0489960002322944e+00   83   83    9    9
 9.8030978648532918e-01   83   83   10   10
 9.1001045245364565e-01   83   83   11   11
 7.9247564258363612e-01   83   83   12   12
 8.9921098458787063e-01   83   83   13   13
 9.5153980823317885e-01   83   83   14   14
 1.0454849885573789e+00   83   83   15   15
 9.8477748741157389e-01   83   83   16   16
 9.3838308355592626e-01   83   83   17   17
 9.4160512320910161e-01   83   83   18   18
 1.5343975759077246e+00   83   83   19   19
 9.9308910744433043e-01   83   83   20   20
 1.0480389305526414e+00   83   83   21   21
 3.2348730585076639e+00   83   83   22   22
 3.4839516550708649e+00   83   83   23   23
 2.7112659523168201e+00   83   83   24   24
 2.4966781761500290e+00   83   83   25   25
 2.7226428464678292e+00   83   83   26   26
 3.5365614199459299e+00   83   83   27   27
 4.4880133315241011e+00   83   83   28   28
 3.2377593565402316e+00   83   83   29   29
 2.8705977620882464e+00   83   83   30   30
 2.5034148260122548e+00   83   83   31   31
 2.3997544941591888e+00   83   83   32   32
 1.2201865759714101e+00   83   83   33   33
 2.5971454614378251e+00   83   83   34   34
 3.0211020621721447e+00   83   83   35   35
 1.4066235194190597e+00   83   83   36   36
 1.2597965941883227e+00   83   83   37   37
 1.2200810343116606e+00   83   83   38   38
 1.3160858818238457e+00   83   83   39   39
 1.4890456045749452e+00   83   83   40   40
 1.5571080707665781e+00   83   83   41   41
 1.9864789226930768e+00   83   83   42   42
 2.2540706122272711e+00   83   83   43   43
 2.0953955795692458e+00   83   83   44   44
 1.2017411703054917e+00   83   83   45   45
 1.7888022211177994e+00   83   83   46   46
 1.6505542988177146e+00   83   83   47   47
 1.7238829434319307e+00   83   83   48   48
 1.1213796521237327e+00   83   83   49   49
 1.2184964698094114e+00   83   83   50   50
 1.0243064422219184e+00   83   83   51   51
 1.0344206832425729e+00   83   83   52   52
 8.9315288516325697e-01   83   83   53   53
 1.5048737385532340e+00   83   83   54   54
 1.0958842019301158e+00   83   83   55   55
 8.4149958366915401e-01   83   83   56   56
 7.9489903745644563e-01   83   83   57   57
 1.3330173988042151e+00   83   83   58   58
 1.2192416252648959e+00   83   83   59   59
 1.3418339231442049e+00   83   83   60   60
 8.3399909518702731e-01   83   83   61   61
 8.8836023213774884e-01   83   83   62   62
 1.6506968785834917e+00   83   83   63   63
 7.5432797535367546e-01   83   83   64   64
 7.8763193552646171e-01   83   83   65   65
 8.3792094088377478e-01   83   83   66   66
 8.5137417401035098e-01   83   83   67   67
 8.0911704767796155e-01   83   83   68   68
 7.6343081542535307e-01   83   83   69   69
 1.5043907443745439e+00   83   83   70   70
 1.4964918412736725e+00   83   83   71   71
 1.7454792608086913e+00   83   83   72   72
 2.0043318393014404e+00   83   83   73   73
 1.9260510147094867e+00   83   83   74   74
 2.0212748876950295e+00   83   83   75   75
 2.6572330488327114e+00   83   83   76   76
 3.4874941273512148e+00   83   83   77   77
 1.5638312490814379e+00   83   83   78   78
 1.2482661494623686e+00   83   83   79   79
 1.3081528949709798e+00   83   83   80   80
 1.4962717645282395e+00   83   83   81   81
 2.8182910225239852e+00   83   83   82   82
 9.6429912899999994e+00   83   83   83   83
 2.4566479395121483e+00   84   84    1    1
 2.6107661058762250e+00   84   84    2    2
 2.1704810033403290e+00   84   84    3    3
 1.8659745037837405e+00   84   84    4    4
 1.8132512255794315e+00   84   84    5    5
 2.0271996669185675e+00   84   84    6    6
 1.0913965985710259e+00   84   84    7    7
 1.0412486151037426e+00   84   84    8    8
 1.0507759312781282e+00   84   84    9    9
 9.9010224202162467e-01   84   84   10   10
 9.2931302320236175e-01   84   84   11   11
 7.6665900200400106e-01   84   84   12   12
 9.2292475175439881e-01   84   84   13   13
 9.7205129750082231e-01   84   84   14   14
 1.0265704110985685e+00   84   84   15   15
 9.5154780358613356e-01   84   84   16   16
 9.0043970411467933e-01   84   84   17   17
 9.0808315374535709e-01   84   84   18   18
 1.8434854862476291e+00   84   84   19   19
 9.7114124622471010e-01   84   84   20   20
 1.0359548636209859e+00   84   84   21   21
 3.2310586439069944e+00   84   84   22   22
 3.2491669382914994e+00   84   84   23   23
 3.0483104894085873e+00   84   84   24   24
 2.6556253272370092e+00   84   84   25   25
 2.4684830911159170e+00   84   84   26   26
 2.5606528354677702e+00   84   84   27   27
 2.9027813510819160e+00   84   84   28   28
 3.4796810865216301e+00   84   84   29   29
 4.4871458775832025e+00   84   84   30   30
 3.5400334265899742e+00   84   84   31   31
 2.7233299888636093e+00   84   84   32   32
 1.2481526482466025e+00   84   84   33   33
 2.4938259310229181e+00   84   84   34   34
 2.7090060570829908e+00   84   84   35   35
 1.4790524939716139e+00   84   84   36   36
 1.3071287885095160e+00   84   84   37   37
 1.2149303516155157e+00   84   84   38   38
 1.2584064836182733e+00   84   84   39   39
 1.4077213328174967e+00   84   84   40   40
 1.5539785083358746e+00   84   84   41   41
 1.7860399267773936e+00   84   84   42   42
 2.0714470836650647e+00   84   84   43   43
 2.0153699220618435e+00   84   84   44   44
 1.4076523244377381e+00   84   84   45   45
 1.7185221783174405e+00   84   84   46   46
 1.5493327100291059e+00   84   84   47   47
 1.5762941698924848e+00   84   84   48   48
 1.2513472423657832e+00   84   84   49   49
 1.3778523453445524e+00   84   84   50   50
 1.1900905742572352e+00   84   84   51   51
 1.1722912729604678e+00   84   84   52   52
 8.3941449127811396e-01   84   84   53   53
 1.6811881503386650e+00   84   84   54   54
 1.2964554950390232e+00   84   84   55   55
 7.9010257077198787e-01   84   84   56   56
 7.5708001804786051e-01   84   84   57   57
 1.2595584385705851e+00   84   84   58   58
 1.1974559842703607e+00   84   84   59   59
 1.3953589079530249e+00   84   84   60   60
 8.1091323729001963e-01   84   84   61   61
 8.5162322692714332e-01   84   84   62   62
 1.7184958391836018e+00   84   84   63   63
 7.7472535837866541e-01   84   84   64   64
 7.9828726954377849e-01   84   84   65   65
 8.4671632342151182e-01   84   84   66   66
 8.7212784550744060e-01   84   84   67   67
 8.4102734751679831e-01   84   84   68   68
 7.9328987662059902e-01   84   84   69   69
 1.5030995314733808e+00   84   84   70   70
 1.4093549006845698e+00   84   84   71   71
 2.1640720825159270e+00   84   84   72   72
 2.2651291466469008e+00   84   84   73   73
 1.9612486517049885e+00   84   84   74   74
 2.2184277070401959e+00   84   84   75   75
 3.5222683351028468e+00   84   84   76   76
 2.6599767990103724e+00   84   84   77   77
 1.5265402594106721e+00   84   84   78   78
 1.2839517086031451e+00   84   84   79   79
 1.2555915907676805e+00   84   84   80   80
 1.5236606168941640e+00   84   84   81   81
 3.6006005378115145e+00   84   84   82   82
 3.2683807153747466e+00   84   84   83   83
 9.6429912899999994e+00   84   84   84   84
 2.9556783600142547e+00   85   85    1    1
 3.2214367680938887e+00   85   85    2    2
 2.9198775190483226e+00   85   85    3    3
 2.5565115835602068e+00   85   85    4    4
 2.4358926277754036e+00   85   85    5    5
 2.5912773481691600e+00   85   85    6    6
 1.3554756413331162e+00   85   85    7    7
 1.2870296744489136e+00   85   85    8    8
 1.3405149985177394e+00   85   85    9    9
 1.2446352342978193e+00   85   85   10   10
 1.1281764806619696e+00   85   85   11   11
 8.6542724464612142e-01   85   85   12   12
 1.0960907541726002e+00   85   85   13   13
 1.1597765682940622e+00   85   85   14   14
 1.2537948783210837e+00   85   85   15   15
 1.1736734585873367e+00   85   85   16   16
 1.0920023821625036e+00   85   85   17   17
 1.0743089272798754e+00   85   85   18   18
 1.6963113498176734e+00   85   85   19   19
 1.1323344021387789e+00   85   85   20   20
 1.2237713007628821e+00   85   85   21   21
 3.2305495736010084e+00   85   85   22   22
 2.6015212220309323e+00   85   85   23   23
 2.1527130872153122e+00   85   85   24   24
 1.8530076603252723e+00   85   85   25   25
 1.8113571738070589e+00   85   85   26   26
 2.0352701788762424e+00   85   85   27   27
 2.4718206281167285e+00   85   85   28   28
 3.4858718611828756e+00   85   85   29   29
 2.7116819316289895e+00   85   85   30   30
 2.4970181223182943e+00   85   85   31   31
 2.7214793413703200e+00   85   85   32   32
 1.2712584300467591e+00   85   85   33   33
 3.5324588876609790e+00   85   85   34   34
 4.4865749572856606e+00   85   85   35   35
 1.8232733612414396e+00   85   85   36   36
 1.6030713477857204e+00   85   85   37   37
 1.5395002824723263e+00   85   85   38   38
 1.6711168281914039e+00   85   85   39   39
 1.9321548468085543e+00   85   85   40   40
 2.0538480785816255e+00   85   85   41   41
 1.4440868638440576e+00   85   85   42   42
 1.5524409142934088e+00   85   85   43   43
 1.4424031073664434e+00   85   85   44   44
 1.2472792892954707e+00   85   85   45   45
 1.2823952020664038e+00   85   85   46   46
 1.2195423637520466e+00   85   85   47   47
 1.2837652970717641e+00   85   85   48   48
 1.2212855492696861e+00   85   85   49   49
 1.3007183583163511e+00   85   85   50   50
 1.0841103508868193e+00   85   85   51   51
 1.1177154765135122e+00   85   85   52   52
 9.8969164998264259e-01   85   85   53   53
 1.6349507839084128e+00   85   85   54   54
 1.1377624452607424e+00   85   85   55   55
 9.1790259326543000e-01   85   85   56   56
 8.6223495542390083e-01   85   85   57   57
 1.3585139719198789e+00   85   85   58   58
 1.2523811482143552e+00   85   85   59   59
 1.4159136027290677e+00   85   85   60   60
 9.2331347659821761e-01   85   85   61   61
 9.9280085539356511e-01   85   85   62   62
 1.7758439119656635e+00   85   85   63   63
 9.1148586516372376e-01   85   85   64   64
 9.6293247734584642e-01   85   85   65   65
 1.0351353759151867e+00   85   85   66   66
 1.0472852417118879e+00   85   85   67   67
 9.8105843460172959e-01   85   85   68   68
 9.1888236093545050e-01   85   85   69   69
 1.5826292728478399e+00   85   85   70   70
 1.5389633273493259e+00   85   85   71   71
 1.9617903266095007e+00   85   85   72   72
 2.2452801618760860e+00   85   85   73   73
 2.0938210526426011e+00   85   85   74   74
 2.1671884252071827e+00   85   85   75   75
 3.3835060555705221e+00   85   85   76   76
 3.3985937656124903e+00   85   85   77   77
 2.0523069587768652e+00   85   85   78   78
 1.4699486574097589e+00   85   85   79   79
 1.5782923561079829e+00   85   85   80   80
 1.7228020460909923e+00   85   85   81   81
 2.6373435451517895e+00   85   85   82   82
 3.6108459135093378e+00   85   85   83   83
 2.8175680155166307e+00   85   85   84   84
 9.6429912899999994e+00   85   85   85   85
 1.8358552474702758e+00   86   86    1    1
 1.6362657892355907e+00   86   86    2    2
 1.6742620076531241e+00   86   86    3    3
 1.9137883291114677e+00   86   86    4    4
 2.2524382128191589e+00   86   86    5    5
 2.1784123298304032e+00   86   86    6    6
 3.2340460013983789e+00   86   86    7    7
 3.2276439866594706e+00   86   86    8    8
 2.9182818383313247e+00   86   86    9    9
 2.5228219571741781e+00   86   86   10   10
 2.3722584714139159e+00   86   86   11   11
 1.2948038154985537e+00   86   86   12   12
 2.5261710473794894e+00   86   86   13   13
 2.9323770360866876e+00   86   86   14   14
 2.5946047600146742e+00   86   86   15   15
 2.1542049752308809e+00   86   86   16   16
 1.8520387282126547e+00   86   86   17   17
 1.8048010730766537e+00   86   86   18   18
 1.0321177511992636e+00   86   86   19   19
 2.0200516016553891e+00   86   86   20   20
 2.4499494103570925e+00   86   86   21   21
 1.4272607627884109e+00   86   86   22   22
 1.3110269383938398e+00   86   86   23   23
 1.3221039189549035e+00   86   86   24   24
 1.2062930417096145e+00   86   86   25   25
 1.1068076939830902e+00   86   86   26   26
 1.0992558207096823e+00   86   86   27   27
 1.1838269953569796e+00   86   86   28   28
 1.3503927783521614e+00   86   86   29   29
 1.2613064757366765e+00   86   86   30   30
 1.1911710096453716e+00   86   86   31   31
 1.1902607730985932e+00   86   86   32   32
 8.0230348352040914e-01   86   86   33   33
 1.2592733909615459e+00   86   86   34   34
 1.3448206960829165e+00   86   86   35   35
 3.5372578117154760e+00   86   86   36   36
 4.4891194659015383e+00   86   86   37   37
 3.4861511676842416e+00   86   86   38   38
 2.7125837983545389e+00   86   86   39   39
 2.4976611519765410e+00   86   86   40   40
 2.7214448341238957e+00   86   86   41   41
 1.0054228338112072e+00   86   86   42   42
 1.0163262309327803e+00   86   86   43   43
 9.4653186093686903e-01   86   86   44   44
 8.5504222830296206e-01   86   86   45   45
 8.8325573826866421e-01   86   86   46   46
 8.7505946658535549e-01   86   86   47   47
 9.2910384317226136e-01   86   86   48   48
 8.5651964209919862e-01   86   86   49   49
 8.7222620741627488e-01   86   86   50   50
 8.1177189501785374e-01   86   86   51   51
 8.2606655367224358e-01   86   86   52   52
 1.4135848841771204e+00   86   86   53   53
 9.6739036753333896e-01   86   86   54   54
 8.2520380328837628e-01   86   86   55   55
 1.2613384566129811e+00   86   86   56   56
 1.2144551086172115e+00   86   86   57   57
 7.9834046728890573e-01   86   86   58   58
 7.7604107395622135e-01   86   86   59   59
 8.6103487981468696e-01   86   86   60   60
 1.4631142643023314e+00   86   86   61   61
 1.5463471025465816e+00   86   86   62   62
 9.6562148220298261e-01   86   86   63   63
 1.4877617853404472e+00   86   86   64   64
 1.5371152300914039e+00   86   86   65   65
 1.7517286770985192e+00   86   86   66   66
 1.9831333620846971e+00   86   86   67   67
 1.8716051860844343e+00   86   86   68   68
 1.6128081151149747e+00   86   86   69   69
 8.9310170775890851e-01   86   86   70   70
 8.5548001941583585e-01   86   86   71   71
 1.1098762192670248e+00   86   86   72   72
 1.1088560435305495e+00   86   86   73   73
 1.0295059631123578e+00   86   86   74   74
 1.3537362942802533e+00   86   86   75   75
 2.2653693637739503e+00   86   86   76   76
 1.9296683334231128e+00   86   86   77   77
 3.3773315202943435e+00   86   86   78   78
 3.4739522246230656e+00   86   86   79   79
 2.6454078879697778e+00   86   86   80   80
 3.5475610987559070e+00   86   86   81   81
 1.9864431432609859e+00   86   86   82   82
 1.5363309295307581e+00   86   86   83   83
 1.6503261566859813e+00   86   86   84   84
 1.8928664892364910e+00   86   86   85   85
 9.6429912899999994e+00   86   86   86   86
 1.6827194994046719e+00   87   87    1    1
 1.6461779062287993e+00   87   87    2    2
 1.8448689258591782e+00   87   87    3    3
 2.1845254779519059e+00   87   87    4    4
 2.2582604087148610e+00   87   87    5    5
 1.9209673988118188e+00   87   87    6    6
 3.2282555538419859e+00   87   87    7    7
 2.6023682305072744e+00   87   87    8    8
 2.4557910813020127e+00   87   87    9    9
 2.0338633911201489e+00   87   87   10   10
 1.8213646489503557e+00   87   87   11   11
 1.5683820619267859e+00   87   87   12   12
 1.8679779374711567e+00   87   87   13   13
 2.1666803756769863e+00   87   87   14   14
 3.2530085723077273e+00   87   87   15   15
 3.0215919378395562e+00   87   87   16   16
 2.6328983030316406e+00   87   87   17   17
 2.4656891411070121e+00   87   87   18   18
 9.3720409279718420e-01   87   87   19   19
 2.5774272191657182e+00   87   87   20   20
 2.9293902386418424e+00   87   87   21   21
 1.4377098915286775e+00   87   87   22   22
 1.3481959478031407e+00   87   87   23   23
 1.3274985863018500e+00   87   87   24   24
 1.2296238504153161e+00   87   87   25   25
 1.1613536594159835e+00   87   87   26   26
 1.1744583648064322e+00   87   87   27   27
 1.2580579017586726e+00   87   87   28   28
 1.3302142737267968e+00   87   87   29   29
 1.1990859244114409e+00   87   87   30   30
 1.1206506394598390e+00   87   87   31   31
 1.1372859259170549e+00   87   87   32   32
 7.7426463940948997e-01   87   87   33   33
 1.2432763070165063e+00   87   87   34   34
 1.3550884550647879e+00   87   87   35   35
 2.4970699006771735e+00   87   87   36   36
 2.7109092574767457e+00   87   87   37   37
 3.4812689251068969e+00   87   87   38   38
 4.4886375010025992e+00   87   87   39   39
 3.5416584053171540e+00   87   87   40   40
 2.7235283008247948e+00   87   87   41   41
 1.0818515248589637e+00   87   87   42   42
 1.0711976012129725e+00   87   87   43   43
 9.8204674906576939e-01   87   87   44   44
 7.7846803004728882e-01   87   87   45   45
 9.1991233010183748e-01   87   87   46   46
 9.2505816166028998e-01   87   87   47   47
 9.9798679387603217e-01   87   87   48   48
 7.8249659894328372e-01   87   87   49   49
 8.0108842942800040e-01   87   87   50   50
 7.2721885868619052e-01   87   87   51   51
 7.4527764983113864e-01   87   87   52   52
 2.0353345072196651e+00   87   87   53   53
 9.0278913922339488e-01   87   87   54   54
 7.4213110958360551e-01   87   87   55   55
 1.7308158900575132e+00   87   87   56   56
 1.5502678254159528e+00   87   87   57   57
 7.9965025355571984e-01   87   87   58   58
 7.6422491022691841e-01   87   87   59   59
 8.2522194477090349e-01   87   87   60   60
 1.7731593011023867e+00   87   87   61   61
 2.0701610217409252e+00   87   87   62   62
 9.2847734726117337e-01   87   87   63   63
 1.2327935931657141e+00   87   87   64   64
 1.3292747425965565e+00   87   87   65   65
 1.5053842557817250e+00   87   87   66   66
 1.5655107934879930e+00   87   87   67   67
 1.4089350621012680e+00   87   87   68   68
 1.2621713779050112e+00   87   87   69   69
 8.7151095922563027e-01   87   87   70   70
 8.5559509367050435e-01   87   87   71   71
 1.0098561074024881e+00   87   87   72   72
 1.0480312203695372e+00   87   87   73   73
 1.0000610516561832e+00   87   87   74   74
 1.2659570615032860e+00   87   87   75   75
 1.9379939274630236e+00   87   87   76   76
 2.2744615833865809e+00   87   87   77   77
 3.5177054800044383e+00   87   87   78   78
 2.6544023707793252e+00   87   87   79   79
 3.5546448832942841e+00   87   87   80   80
 3.3144882481432525e+00   87   87   81   81
 1.8680502275962172e+00   87   87   82   82
 1.6688375530670982e+00   87   87   83   83
 1.5394594935700776e+00   87   87   84   84
 2.0463038668374125e+00   87   87   85   85
 2.8183751110106914e+00   87   87   86   86
 9.6429912899999994e+00   87   87   87   87
-1.4718384705015396e+02    1    1    0    0
-2.0562334662233104e+00    2    1    0    0
-1.5031422834607400e+02    2    2    0    0
-2.0585222324133605e+00    3    2    0    0
-1.4576800717796280e+02    3    3    0    0
-2.1583631362368827e+00    4    3    0    0
-1.4227133719399930e+02    4    4    0    0
-2.1180534140302347e+00    5    4    0    0
-1.4462225919685466e+02    5    5    0    0
-2.1591162325696804e+00    6    1    0    0
-2.1213819667126654e+00    6    5    0    0
-1.4341642540214079e+02    6    6    0    0
-1.4537059113599969e+02    7    7    0    0
-1.3163183292377045e+00    8    7    0    0
-1.4083068304075411e+02    8    8    0    0
-2.0665067488147613e+00    9    8    0    0
-1.3594245710475599e+02    9    9    0    0
-2.1556511353964498e+00   10    9    0    0
-1.2564574022865315e+02   10   10    0    0
-2.1221766747748543e+00   11   10    0    0
-1.2168174329626368e+02   11   11    0    0
-9.2764816253206106e+01   12   12    0    0
-2.1210717690381795e+00   13   11    0    0
-1.2255601988432872e+02   13   13    0    0
-2.0653905178761214e+00   14    8    0    0
-2.1565054732320617e+00   14   13    0    0
-1.3235853664708810e+02   14   14    0    0
-1.2413172059666946e+00   15    7    0    0
-1.4049184639108066e+02   15   15    0    0
-2.0735509337959668e+00   16   15    0    0
-1.3252243050205163e+02   16   16    0    0
-2.1538431581736810e+00   17   16    0    0
-1.2238806976666231e+02   17   17    0    0
-2.1272500296166212e+00   18   17    0    0
-1.2093169178924371e+02   18   18    0    0
-1.1866641422962032e+02   19   19    0    0
-2.1274031650340186e+00   20   18    0    0
-1.2424628651152318e+02   20   20    0    0
-2.0739364464730592e+00   21   15    0    0
-2.1514147087839883e+00   21   20    0    0
-1.3469525916292037e+02   21   21    0    0
-1.4137145628294003e+00   22    2    0    0
-1.4988489947636771e+02   22   22    0    0
-1.1913866213420441e+00   23   22    0    0
-1.4448815912186058e+02   23   23    0    0
-2.0772949715860589e+00   24   23    0    0
-1.3798648194139446e+02   24   24    0    0
-2.1528780716856080e+00   25   24    0    0
-1.2715293142163979e+02   25   25    0    0
-2.1238420112665630e+00   26   25    0    0
-1.2405596803678571e+02   26   26    0    0
-2.1259226063015451e+00   27   26    0    0
-1.2608777665825087e+02   27   27    0    0
-2.0788639973654397e+00   28   23    0    0
-2.1530385645816454e+00   28   27    0    0
-1.3664508833654261e+02   28   28    0    0
-1.1589501951357561e+00   29   22    0    0
-1.4730812199095473e+02   29   29    0    0
-2.0811332694359033e+00   30   29    0    0
-1.4051298280347100e+02   30   30    0    0
-2.1592321462639186e+00   31   30    0    0
-1.3334179980292998e+02   31   31    0    0
-2.1227569693195121e+00   32   31    0    0
-1.3374913551970931e+02   32   32    0    0
-1.0075120435313144e+02   33   33    0    0
-2.1250619296549154e+00   34   32    0    0
-1.3503723778551441e+02   34   34    0    0
-2.0771741344515595e+00   35   29    0    0
-2.1464342102291556e+00   35   34    0    0
-1.4278676960258557e+02   35   35    0    0
-1.4144017462873319e+02   36   36    0    0
-2.1569137403117549e+00   37   36    0    0
-1.4379454128784971e+02   37   37    0    0
-1.2138631774426623e+00   38    7    0    0
-2.0778631970996075e+00   38   37    0    0
-1.4713285571814541e+02   38   38    0    0
-2.0776194582316534e+00   39   38    0    0
-1.4391152775947768e+02   39   39    0    0
-2.1580855628676572e+00   40   39    0    0
-1.4147955440508869e+02   40   40    0    0
-1.6201418387232407e+00   41    5    0    0
-2.1157215036328556e+00   41   36    0    0
-2.1194740090907724e+00   41   40    0    0
-1.4397681428752034e+02   41   41    0    0
-1.0603785399481005e+02   42   42    0    0
-6.8595564766295436e-01   43   26    0    0
-2.0869658160864120e+00   43   42    0    0
-1.1312581289106518e+02   43   43    0    0
-2.0892881411750852e+00   44   43    0    0
-1.0515697500025476e+02   44   44    0    0
-1.0309112542343237e+02   45   45    0    0
-2.1222315789125932e+00   46   44    0    0
-9.5438946102542900e+01   46   46    0    0
-2.1287659962387240e+00   47   46    0    0
-9.1925524030429472e+01   47   47    0    0
-2.1255326328728339e+00   48   42    0    0
-2.1253182277264639e+00   48   47    0    0
-9.6187182348012229e+01   48   48    0    0
-1.0060561139105458e+02   49   49    0    0
-2.1243044273037586e+00   50   45    0    0
-2.1302187233316978e+00   50   49    0    0
-1.1030553567573985e+02   50   50    0    0
-8.9381960358832018e+01   51   51    0    0
-2.1304481417259939e+00   52   49    0    0
-2.1303505656297097e+00   52   51    0    0
-9.1727415989528097e+01   52   52    0    0
-1.0381811664975730e+02   53   53    0    0
-2.1208446667968426e+00   54   19    0    0
-1.2228124548591499e+02   54   54    0    0
-2.1373216955591459e+00   55   45    0    0
-2.1281560999127755e+00   55   51    0    0
-9.3539123809755395e+01   55   55    0    0
-2.1224160658077253e+00   56   53    0    0
-9.4148660970716790e+01   56   56    0    0
-2.1232556625131052e+00   57   12    0    0
-2.1277417495869653e+00   57   56    0    0
-8.9752200793823363e+01   57   57    0    0
-9.5828696930824464e+01   58   58    0    0
-2.1465773968049513e+00   59   33    0    0
-2.0903017112571463e+00   59   58    0    0
-9.4067789011225983e+01   59   59    0    0
-2.1200814247737205e+00   60   33    0    0
-1.1351829122917779e+02   60   60    0    0
-2.1259713108045633e+00   61   12    0    0
-1.0206981363346313e+02   61   61    0    0
-4.9182060728227234e-01   62   18    0    0
-2.0946985632338655e+00   62   53    0    0
-2.0916301919993079e+00   62   61    0    0
-1.1038250587519447e+02   62   62    0    0
-2.0660484950800653e+00   63   54    0    0
-1.2107950209508998e+02   63   63    0    0
-9.0930282319013742e+01   64   64    0    0
-2.1255082303718078e+00   65   64    0    0
-9.4951970738403645e+01   65   65    0    0
-2.1529164336480311e+00   66   65    0    0
-1.0460090543075191e+02   66   66    0    0
-1.4459489241011343e+00   67   11    0    0
-2.1010180230061750e+00   67   66    0    0
-1.1133423155888522e+02   67   67    0    0
-2.1156596201083908e+00   68   67    0    0
-1.0323014561658233e+02   68   68    0    0
-2.1405821255919966e+00   69   64    0    0
-2.1351369216741172e+00   69   68    0    0
-9.3864587917554886e+01   69   69    0    0
-2.0640849124373224e+00   70   60    0    0
-1.9141531627590986e+00   70   63    0    0
-1.1426465450278658e+02   70   70    0    0
-2.1458601914482558e+00   71   58    0    0
-2.1160905491179820e+00   71   70    0    0
-1.0438487877464972e+02   71   71    0    0
-2.1592538522638782e+00   72   19    0    0
-1.2278815174550661e+02   72   72    0    0
-9.6990443561388806e-01   73   32    0    0
-2.0709150682627935e+00   73   72    0    0
-1.2779739702124387e+02   73   73    0    0
-2.1161580991216304e+00   74   63    0    0
-2.1318279488702654e+00   74   73    0    0
-1.2256151798159922e+02   74   74    0    0
-1.1551760675605152e+00   75   50    0    0
-3.4001406551918607e+00   75   54    0    0
-3.3796328169842766e+00   75   60    0    0
-1.8345068596279918e+02   75   75    0    0
-2.0970262265450272e+00   76    1    0    0
-1.9537416878110625e+02   76   76    0    0
-2.0971228515931748e+00   77    3    0    0
-1.9062352071164699e+02   77   77    0    0
-2.0982907438624201e+00   78    9    0    0
-1.8712002195263403e+02   78   78    0    0
-2.0973981094748511e+00   79   14    0    0
-1.7499544865943739e+02   79   79    0    0
-2.0940464132186172e+00   80   16    0    0
-1.7640065119920271e+02   80   80    0    0
-2.0952128994172066e+00   81   21    0    0
-1.8360977415429275e+02   81   81    0    0
-2.0952064970083142e+00   82   24    0    0
-1.8760264380445761e+02   82   82    0    0
-2.0971611558308676e+00   83   28    0    0
-1.8357670068956602e+02   83   83    0    0
-2.0951326986120935e+00   84   30    0    0
-1.8537662880174361e+02   84   84    0    0
-2.0937982998468954e+00   85   35    0    0
-1.9291666781704316e+02   85   85    0    0
-2.0997494541207868e+00   86   37    0    0
-1.8742869844400531e+02   86   86    0    0
-2.0986214450842882e+00   87   39    0    0
-1.8792024316864385e+02   87   87    0    0
 7.3338345884700702e+03    0    0    0    0
