&FCI NORB=80, NELEC=92, MS2=0,
 ORBSYM=1,1,1,1,1,1,1,1,1,1,1,1,1,1,1,1,1,1,1,1,1,1,1,1,1,1,1,1,1,1,1,1,1,1,1,1,1,1,1,1,1,1,1,1,1,1,1,1,1,1,1,1,1,1,1,1,1,1,1,1,1,1,1,1,1,1,1,1,1,1,1,1,1,1,1,1,1,1,1,1,
 ISYM=1,
&END
 8.4208384499999998e+00    1    1    1    1
 3.8376941509219500e+00    2    2    1    1
 8.4208384499999998e+00    2    2    2    2
 2.7444559944317279e+00    3    3    1    1
 3.8550519657357234e+00    3    3    2    2
 8.4208384499999998e+00    3    3    3    3
 3.8374253032471315e+00    4    4    1    1
 2.7654839745059214e+00    4    4    2    2
 2.5079223909581172e+00    4    4    3    3
 8.4208384499999998e+00    4    4    4    4
 1.5960037313118469e+00    5    5    1    1
 1.5139507278098980e+00    5    5    2    2
 1.2573464298788950e+00    5    5    3    3
 1.3434052109177754e+00    5    5    4    4
 8.4208384499999998e+00    5    5    5    5
 1.5128487837869369e+00    6    6    1    1
 1.4740499167981354e+00    6    6    2    2
 1.2492281832195526e+00    6    6    3    3
 1.2901902595810799e+00    6    6    4    4
 3.8378017118921197e+00    6    6    5    5
 8.4208384499999998e+00    6    6    6    6
 1.2568603560415283e+00    7    7    1    1
 1.2497382781820245e+00    7    7    2    2
 1.0914617176848149e+00    7    7    3    3
 1.0969466975355395e+00    7    7    4    4
 2.7446501713767906e+00    7    7    5    5
 3.8550469569528683e+00    7    7    6    6
 8.4208384499999998e+00    7    7    7    7
 1.1194889792564979e+00    8    8    1    1
 1.1125984433125669e+00    8    8    2    2
 9.7942649534883341e-01    8    8    3    3
 9.8523504128828698e-01    8    8    4    4
 2.4347740841151726e+00    8    8    5    5
 2.7106577439808155e+00    8    8    6    6
 3.8097370030902553e+00    8    8    7    7
 8.4208384499999998e+00    8    8    8    8
 9.6575255859363418e-01    9    9    1    1
 9.6845355840902703e-01    9    9    2    2
 8.7020184227135788e-01    9    9    3    3
 8.6378072505094305e-01    9    9    4    4
 1.7859409807565751e+00    9    9    5    5
 1.9756865323340349e+00    9    9    6    6
 2.6594479011893375e+00    9    9    7    7
 3.7318116812228328e+00    9    9    8    8
 8.4208384499999998e+00    9    9    9    9
 1.1582438043191794e+00   10   10    1    1
 1.1359717599587336e+00   10   10    2    2
 9.8839356142409773e-01   10   10    3    3
 1.0134458739543519e+00   10   10    4    4
 2.7443552148719501e+00   10   10    5    5
 2.5076511689467140e+00   10   10    6    6
 2.7768039318206554e+00   10   10    7    7
 3.8099744502995607e+00   10   10    8    8
 2.6586964686148336e+00   10   10    9    9
 8.4208384499999998e+00   10   10   10   10
 1.3442542659185086e+00   11   11    1    1
 1.2919799477677605e+00   11   11    2    2
 1.0981765526655842e+00   11   11    3    3
 1.1566764206171545e+00   11   11    4    4
 3.8375273606352960e+00   11   11    5    5
 2.7654906579750249e+00   11   11    6    6
 2.5080839381151843e+00   11   11    7    7
 2.7110906025936403e+00   11   11    8    8
 1.9755621183443521e+00   11   11    9    9
 3.8553241768649045e+00   11   11   10   10
 8.4208384499999998e+00   11   11   11   11
 8.9753705574786147e-01   12   12    1    1
 8.9522071405420967e-01   12   12    2    2
 8.1376635483948279e-01   12   12    3    3
 8.1495441160436899e-01   12   12    4    4
 1.5370933739276051e+00   12   12    5    5
 1.7443536630374912e+00   12   12    6    6
 2.2838334031243761e+00   12   12    7    7
 2.6509492708467732e+00   12   12    8    8
 3.7327409911976570e+00   12   12    9    9
 2.0123083642309765e+00   12   12   10   10
 1.6212104790506656e+00   12   12   11   11
 8.4208384499999998e+00   12   12   12   12
 8.2989617532501869e-01   13   13    1    1
 8.3668861230301994e-01   13   13    2    2
 7.7116291769174772e-01   13   13    3    3
 7.5899900696368894e-01   13   13    4    4
 1.3004953666318939e+00   13   13    5    5
 1.4807534750641838e+00   13   13    6    6
 1.8637272231006525e+00   13   13    7    7
 2.0111016811984355e+00   13   13    8    8
 2.6590027193068453e+00   13   13    9    9
 1.5979180800731809e+00   13   13   10   10
 1.3413486792826113e+00   13   13   11   11
 3.8091918800070590e+00   13   13   12   12
 8.4208384499999998e+00   13   13   13   13
 7.7164157963133306e-01   14   14    1    1
 7.7441820086985558e-01   14   14    2    2
 7.2017110862045819e-01   14   14    3    3
 7.1426082062856810e-01   14   14    4    4
 1.1450326475140817e+00   14   14    5    5
 1.2956495653142053e+00   14   14    6    6
 1.5632060297623189e+00   14   14    7    7
 1.6205094844976899e+00   14   14    8    8
 1.9757098581164045e+00   14   14    9    9
 1.3415713913846572e+00   14   14   10   10
 1.1635906242685385e+00   14   14   11   11
 2.7106635078365646e+00   14   14   12   12
 3.8554045316336683e+00   14   14   13   13
 8.4208384499999998e+00   14   14   14   14
 7.6437489659356106e-01   15   15    1    1
 7.5773695901522353e-01   15   15    2    2
 7.0370652918258214e-01   15   15    3    3
 7.1271334146592724e-01   15   15    4    4
 1.1321073181595946e+00   15   15    5    5
 1.2709194822322789e+00   15   15    6    6
 1.4991351954246275e+00   15   15    7    7
 1.5369987985426936e+00   15   15    8    8
 1.7861242358541611e+00   15   15    9    9
 1.3012455046501072e+00   15   15   10   10
 1.1455888938498049e+00   15   15   11   11
 2.4347190615777432e+00   15   15   12   12
 2.7445291854009288e+00   15   15   13   13
 3.8373803145214822e+00   15   15   14   14
 8.4208384499999998e+00   15   15   15   15
 8.1485054584468330e-01   16   16    1    1
 7.9892090540234129e-01   16   16    2    2
 7.3450940781906338e-01   16   16    3    3
 7.5747731787326378e-01   16   16    4    4
 1.2716726487475081e+00   16   16    5    5
 1.4191050129178564e+00   16   16    6    6
 1.6785310914574245e+00   16   16    7    7
 1.7449650255142142e+00   16   16    8    8
 1.9759226266640553e+00   16   16    9    9
 1.4823409078161733e+00   16   16   10   10
 1.2970218103037425e+00   16   16   11   11
 2.7108063924412504e+00   16   16   12   12
 2.5076356400340010e+00   16   16   13   13
 2.7650357512068098e+00   16   16   14   14
 3.8371357420580097e+00   16   16   15   15
 8.4208384499999998e+00   16   16   16   16
 8.8427760262264610e-01   17   17    1    1
 8.6768981780658272e-01   17   17    2    2
 7.8865760565849607e-01   17   17    3    3
 8.1129284328503537e-01   17   17    4    4
 1.5003303867149460e+00   17   17    5    5
 1.6790036965708046e+00   17   17    6    6
 2.0793118623151914e+00   17   17    7    7
 2.2851214782172065e+00   17   17    8    8
 2.6593666147640587e+00   17   17    9    9
 1.8661486677731254e+00   17   17   10   10
 1.5651426644719431e+00   17   17   11   11
 3.8092195279144594e+00   17   17   12   12
 2.7762908150356704e+00   17   17   13   13
 2.5075776117212754e+00   17   17   14   14
 2.7445149975260548e+00   17   17   15   15
 3.8557349566555290e+00   17   17   16   16
 8.4208384499999998e+00   17   17   17   17
 8.9484698682494201e-01   18   18    1    1
 9.0725796057051877e-01   18   18    2    2
 8.2177494646894911e-01   18   18    3    3
 8.0165074649502011e-01   18   18    4    4
 1.5370592982762010e+00   18   18    5    5
 1.6212011680116558e+00   18   18    6    6
 2.0123476341170932e+00   18   18    7    7
 2.6499016709322145e+00   18   18    8    8
 3.7291459037429693e+00   18   18    9    9
 2.2828521627701974e+00   18   18   10   10
 1.7441350695196456e+00   18   18   11   11
 2.6510110401412925e+00   18   18   12   12
 2.2861416160117929e+00   18   18   13   13
 1.7458037406466937e+00   18   18   14   14
 1.5376477576429222e+00   18   18   15   15
 1.6210451107787534e+00   18   18   16   16
 2.0113188679805574e+00   18   18   17   17
 8.4208384499999998e+00   18   18   18   18
 9.1636177206176017e-01   19   19    1    1
 9.4507503197800269e-01   19   19    2    2
 8.5792116047462708e-01   19   19    3    3
 8.1478450255040991e-01   19   19    4    4
 1.4989567647587976e+00   19   19    5    5
 1.5648017290399978e+00   19   19    6    6
 1.8664044756670770e+00   19   19    7    7
 2.2824147460075701e+00   19   19    8    8
 2.6592370450199136e+00   19   19    9    9
 2.0740370866466589e+00   19   19   10   10
 1.6759531326104855e+00   19   19   11   11
 2.0145167766071501e+00   19   19   12   12
 1.8698031293931185e+00   19   19   13   13
 1.4847720993095563e+00   19   19   14   14
 1.3027972462444370e+00   19   19   15   15
 1.3426731757819292e+00   19   19   16   16
 1.5988456693504121e+00   19   19   17   17
 3.8113675114905905e+00   19   19   18   18
 8.4208384499999998e+00   19   19   19   19
 8.3748564918597546e-01   20   20    1    1
 8.6749220504441771e-01   20   20    2    2
 7.9605434789666851e-01   20   20    3    3
 7.5015536132541172e-01   20   20    4    4
 1.2705033998458348e+00   20   20    5    5
 1.2965272694433043e+00   20   20    6    6
 1.4820927152842540e+00   20   20    7    7
 1.7431556984983927e+00   20   20    8    8
 1.9751984445476956e+00   20   20    9    9
 1.6751201532839155e+00   20   20   10   10
 1.4167850206973969e+00   20   20   11   11
 1.6224829355070456e+00   20   20   12   12
 1.5681401510483601e+00   20   20   13   13
 1.2994442210952890e+00   20   20   14   14
 1.1471320458788643e+00   20   20   15   15
 1.1645410666101974e+00   20   20   16   16
 1.3419045184509524e+00   20   20   17   17
 2.7115048396477825e+00   20   20   18   18
 3.8524252803505079e+00   20   20   19   19
 8.4208384499999998e+00   20   20   20   20
 7.5980476495106475e-01   21   21    1    1
 7.7969060135865864e-01   21   21    2    2
 7.1933954650528309e-01   21   21    3    3
 6.8773162535436150e-01   21   21    4    4
 1.1324083868250905e+00   21   21    5    5
 1.1460616757025359e+00   21   21    6    6
 1.3019083515458025e+00   21   21    7    7
 1.5373598966140556e+00   21   21    8    8
 1.7866880234615941e+00   21   21    9    9
 1.4990257720709541e+00   21   21   10   10
 1.2709863470547293e+00   21   21   11   11
 1.5387765026741698e+00   21   21   12   12
 1.5034502197542059e+00   21   21   13   13
 1.2744219832183021e+00   21   21   14   14
 1.1340615058290955e+00   21   21   15   15
 1.1464606948970679e+00   21   21   16   16
 1.3015962262411982e+00   21   21   17   17
 2.4372974080534946e+00   21   21   18   18
 2.7452730036300212e+00   21   21   19   19
 3.8403770708001512e+00   21   21   20   20
 8.4208384499999998e+00   21   21   21   21
 8.7864891216941010e-01   22   22    1    1
 8.8763690639090775e-01   22   22    2    2
 9.8321831525708858e-01   22   22    3    3
 9.6404733450295155e-01   22   22    4    4
 6.3726242688218293e-01   22   22    5    5
 6.5307737953939260e-01   22   22    6    6
 6.1174366585365170e-01   22   22    7    7
 5.6451743703239943e-01   22   22    8    8
 5.3067965493962277e-01   22   22    9    9
 5.5571049748350088e-01   22   22   10   10
 5.8555408791312180e-01   22   22   11   11
 5.2405791789488443e-01   22   22   12   12
 5.1384322374724312e-01   22   22   13   13
 5.0370701809718477e-01   22   22   14   14
 5.0273067878779465e-01   22   22   15   15
 5.1223721295226954e-01   22   22   16   16
 5.2275670158384702e-01   22   22   17   17
 5.0354192603446846e-01   22   22   18   18
 5.1024066754803965e-01   22   22   19   19
 4.8360820355006950e-01   22   22   20   20
 4.5436580425657763e-01   22   22   21   21
 8.4208384499999998e+00   22   22   22   22
 7.4651822074793073e-01   23   23    1    1
 7.5745812480600805e-01   23   23    2    2
 6.9709303714109283e-01   23   23    3    3
 6.7884596632616645e-01   23   23    4    4
 1.1458931833930377e+00   23   23    5    5
 1.1641193757116195e+00   23   23    6    6
 1.3419966246694321e+00   23   23    7    7
 1.6212559778169409e+00   23   23    8    8
 1.9752014083467730e+00   23   23    9    9
 1.5647661188716335e+00   23   23   10   10
 1.2969733431335539e+00   23   23   11   11
 1.7446401204104380e+00   23   23   12   12
 1.6803431151925317e+00   23   23   13   13
 1.4206923789515233e+00   23   23   14   14
 1.2722020068003050e+00   23   23   15   15
 1.2966224484018534e+00   23   23   16   16
 1.4812399576532824e+00   23   23   17   17
 2.7112337340284336e+00   23   23   18   18
 2.5068308050193573e+00   23   23   19   19
 2.7655094912344294e+00   23   23   20   20
 3.8402846721082255e+00   23   23   21   21
 4.4903853855995252e-01   23   23   22   22
 8.4208384499999998e+00   23   23   23   23
 8.0058802979287724e-01   24   24    1    1
 8.0727857052349994e-01   24   24    2    2
 7.3748705769074641e-01   24   24    3    3
 7.2558721385282177e-01   24   24    4    4
 1.3020971590509285e+00   24   24    5    5
 1.3424403067663495e+00   24   24    6    6
 1.5990359732621000e+00   24   24    7    7
 2.0136322835292053e+00   24   24    8    8
 2.6594614093934403e+00   24   24    9    9
 1.8675420281164608e+00   24   24   10   10
 1.4833368896136609e+00   24   24   11   11
 2.2838457078149177e+00   24   24   12   12
 2.0794514388494330e+00   24   24   13   13
 1.6792465853204157e+00   24   24   14   14
 1.5000828316176740e+00   24   24   15   15
 1.5643474906952652e+00   24   24   16   16
 1.8646891266392882e+00   24   24   17   17
 3.8112562482535361e+00   24   24   18   18
 2.7760311136825444e+00   24   24   19   19
 2.5071957628094039e+00   24   24   20   20
 2.7454927164960088e+00   24   24   21   21
 4.7021209513410467e-01   24   24   22   22
 3.8524176890938424e+00   24   24   23   23
 8.4208384499999998e+00   24   24   24   24
 1.5383722119516103e+00   25   25    1    1
 1.7455674062547124e+00   25   25    2    2
 2.2843203400136227e+00   25   25    3    3
 1.6224237850984686e+00   25   25    4    4
 8.9808316747368033e-01   25   25    5    5
 8.9474345192740778e-01   25   25    6    6
 8.1351801802418466e-01   25   25    7    7
 7.4915715888922696e-01   25   25    8    8
 6.8572529659346171e-01   25   25    9    9
 7.5386596419088014e-01   25   25   10   10
 8.1617587238692746e-01   25   25   11   11
 6.5063481885665242e-01   25   25   12   12
 6.2693866550870569e-01   25   25   13   13
 5.9404223853578231e-01   25   25   14   14
 5.8119249447592103e-01   25   25   15   15
 5.9920360537964246e-01   25   25   16   16
 6.3287019792504762e-01   25   25   17   17
 6.5841370536905086e-01   25   25   18   18
 6.8709669044342958e-01   25   25   19   19
 6.5165878460161819e-01   25   25   20   20
 5.9804045201491118e-01   25   25   21   21
 1.1664550453820792e+00   25   25   22   22
 5.7841809299960734e-01   25   25   23   23
 6.0293520151492086e-01   25   25   24   24
 8.4208384499999998e+00   25   25   25   25
 1.5017842892554385e+00   26   26    1    1
 1.6788713954684145e+00   26   26    2    2
 2.0763015112958367e+00   26   26    3    3
 1.5672659805133802e+00   26   26    4    4
 8.8524631988066060e-01   26   26    5    5
 8.6763345712377993e-01   26   26    6    6
 7.8878697860697089e-01   26   26    7    7
 7.3434377225785985e-01   26   26    8    8
 6.7153253851319217e-01   26   26    9    9
 7.4753609561418533e-01   26   26   10   10
 8.1295413484608736e-01   26   26   11   11
 6.3320507762367839e-01   26   26   12   12
 6.0763178739937418e-01   26   26   13   13
 5.7390726704713724e-01   26   26   14   14
 5.6153073357742755e-01   26   26   15   15
 5.8073083964003280e-01   26   26   16   16
 6.1561552859010349e-01   26   26   17   17
 6.4894513136448451e-01   26   26   18   18
 6.7904690818333469e-01   26   26   19   19
 6.4769295738354404e-01   26   26   20   20
 5.9554039698619410e-01   26   26   21   21
 1.0331754875288157e+00   26   26   22   22
 5.7458049655276633e-01   26   26   23   23
 5.9633363133665873e-01   26   26   24   24
 3.8112759706828885e+00   26   26   25   25
 8.4208384499999998e+00   26   26   26   26
 1.2733281292184930e+00   27   27    1    1
 1.4199658023852670e+00   27   27    2    2
 1.6776563738705572e+00   27   27    3    3
 1.2986751391474798e+00   27   27    4    4
 8.1638482557790071e-01   27   27    5    5
 7.9948688524325717e-01   27   27    6    6
 7.3521932756575092e-01   27   27    7    7
 6.9119604410088153e-01   27   27    8    8
 6.3709215829333565e-01   27   27    9    9
 7.0423237205428124e-01   27   27   10   10
 7.5969405342517204e-01   27   27   11   11
 6.0006825992638779e-01   27   27   12   12
 5.7819703049194515e-01   27   27   13   13
 5.4609775671230887e-01   27   27   14   14
 5.3256475622828414e-01   27   27   15   15
 5.4873178500836384e-01   27   27   16   16
 5.8121846201446470e-01   27   27   17   17
 6.2121940781881813e-01   27   27   18   18
 6.5328568845284418e-01   27   27   19   19
 6.2867925208035857e-01   27   27   20   20
 5.7939601159749832e-01   27   27   21   21
 9.5129673532697734e-01   27   27   22   22
 5.5644198561076963e-01   27   27   23   23
 5.7352748831758238e-01   27   27   24   24
 2.7113076738365636e+00   27   27   25   25
 3.8523359020612831e+00   27   27   26   26
 8.4208384499999998e+00   27   27   27   27
 1.1345067644686238e+00   28   28    1    1
 1.2735753396112233e+00   28   28    2    2
 1.5013400785545126e+00   28   28    3    3
 1.1475575409360739e+00   28   28    4    4
 7.6632719480629308e-01   28   28    5    5
 7.5881369878128613e-01   28   28    6    6
 7.0487984906113943e-01   28   28    7    7
 6.6293792531103146e-01   28   28    8    8
 6.1592435673159251e-01   28   28    9    9
 6.6986943255597942e-01   28   28   10   10
 7.1524879859308499e-01   28   28   11   11
 5.8243812271484974e-01   28   28   12   12
 5.6531061611053768e-01   28   28   13   13
 5.3530981951757262e-01   28   28   14   14
 5.2032677821998108e-01   28   28   15   15
 5.3288617727545307e-01   28   28   16   16
 5.6236779209616161e-01   28   28   17   17
 6.0245992303160656e-01   28   28   18   18
 6.3512736896418565e-01   28   28   19   19
 6.1338972796093805e-01   28   28   20   20
 5.6558663900725070e-01   28   28   21   21
 9.6124451765979491e-01   28   28   22   22
 5.4195120985827494e-01   28   28   23   23
 5.5701422442257986e-01   28   28   24   24
 2.4373089107257990e+00   28   28   25   25
 2.7454309365768945e+00   28   28   26   26
 3.8404574940378180e+00   28   28   27   27
 8.4208384499999998e+00   28   28   28   28
 9.5164602800313336e-01   29   29    1    1
 1.0641903972848052e+00   29   29    2    2
 1.1890438172693649e+00   29   29    3    3
 9.3568746778272771e-01   29   29    4    4
 7.0861400344909986e-01   29   29    5    5
 7.0035514071126093e-01   29   29    6    6
 6.6051483195811911e-01   29   29    7    7
 6.3015532057475865e-01   29   29    8    8
 5.9173208103170583e-01   29   29    9    9
 6.3769794479339714e-01   29   29   10   10
 6.7316243326966496e-01   29   29   11   11
 5.5726023200628816e-01   29   29   12   12
 5.4367540413166082e-01   29   29   13   13
 5.1349837308250634e-01   29   29   14   14
 4.9583279646494993e-01   29   29   15   15
 5.0534884816641090e-01   29   29   16   16
 5.3397398758505599e-01   29   29   17   17
 5.8727596921074554e-01   29   29   18   18
 6.2516951992228842e-01   29   29   19   19
 6.1246115894707986e-01   29   29   20   20
 5.6583867226237949e-01   29   29   21   21
 7.8501587235298165e-01   29   29   22   22
 5.3727273256173635e-01   29   29   23   23
 5.4609624597926443e-01   29   29   24   24
 1.5436710578763819e+00   29   29   25   25
 1.7003305822439831e+00   29   29   26   26
 2.1683613384231233e+00   29   29   27   27
 2.6768359778760407e+00   29   29   28   28
 8.4208384499999998e+00   29   29   29   29
 1.1472441832658002e+00   30   30    1    1
 1.2987596047103063e+00   30   30    2    2
 1.5666166106523083e+00   30   30    3    3
 1.1650836690672228e+00   30   30    4    4
 7.7331298926405156e-01   30   30    5    5
 7.7525040653577471e-01   30   30    6    6
 7.2111973728222223e-01   30   30    7    7
 6.7281756681623783e-01   30   30    8    8
 6.2601563892029133e-01   30   30    9    9
 6.7354547263872888e-01   30   30   10   10
 7.1647552163544714e-01   30   30   11   11
 5.9507723999207562e-01   30   30   12   12
 5.7999119759607676e-01   30   30   13   13
 5.5077881529494555e-01   30   30   14   14
 5.3504734629275230e-01   30   30   15   15
 5.4617962941285991e-01   30   30   16   16
 5.7453344951261009e-01   30   30   17   17
 6.0940246946843679e-01   30   30   18   18
 6.4120344377852323e-01   30   30   19   19
 6.1643371371349787e-01   30   30   20   20
 5.6742367450723430e-01   30   30   21   21
 1.0636535133205536e+00   30   30   22   22
 5.4477370274960091e-01   30   30   23   23
 5.6186315838981415e-01   30   30   24   24
 2.7113540407913947e+00   30   30   25   25
 2.5070240147157938e+00   30   30   26   26
 2.7655268879937762e+00   30   30   27   27
 3.8403648779018980e+00   30   30   28   28
 2.1649117569911187e+00   30   30   29   29
 8.4208384499999998e+00   30   30   30   30
 1.3029054659715602e+00   31   31    1    1
 1.4844334490126094e+00   31   31    2    2
 1.8688922557610479e+00   31   31    3    3
 1.3430614178017535e+00   31   31    4    4
 8.3117421633988831e-01   31   31    5    5
 8.3706530190123207e-01   31   31    6    6
 7.7165664743925033e-01   31   31    7    7
 7.1262128661380331e-01   31   31    8    8
 6.5879279901390841e-01   31   31    9    9
 7.1133742873140360e-01   31   31   10   10
 7.6080286080901327e-01   31   31   11   11
 6.2751362356155771e-01   31   31   12   12
 6.0986332978700686e-01   31   31   13   13
 5.7946872179084996e-01   31   31   14   14
 5.6455459503679406e-01   31   31   15   15
 5.7783124549369558e-01   31   31   16   16
 6.0783458494051923e-01   31   31   17   17
 6.3571316390898536e-01   31   31   18   18
 6.6574138211024447e-01   31   31   19   19
 6.3455738523609584e-01   31   31   20   20
 5.8276590667864914e-01   31   31   21   21
 1.1829915455044508e+00   31   31   22   22
 5.6194501370767413e-01   31   31   23   23
 5.8343805187554176e-01   31   31   24   24
 3.8111632054464031e+00   31   31   25   25
 2.7759791638217157e+00   31   31   26   26
 2.5069787268612993e+00   31   31   27   27
 2.7454230373436515e+00   31   31   28   28
 1.6991942361194159e+00   31   31   29   29
 3.8525054870633468e+00   31   31   30   30
 8.4208384499999998e+00   31   31   31   31
 1.5360923383896390e+00   32   32    1    1
 1.6206154351540838e+00   32   32    2    2
 2.0124309199242028e+00   32   32    3    3
 1.7430633071026129e+00   32   32    4    4
 8.9347737577792108e-01   32   32    5    5
 9.0485000690779516e-01   32   32    6    6
 8.1972387729893237e-01   32   32    7    7
 7.4469117185901557e-01   32   32    8    8
 6.8160352029880467e-01   32   32    9    9
 7.4118442686693831e-01   32   32   10   10
 8.0104869541082047e-01   32   32   11   11
 6.5679781665753689e-01   32   32   12   12
 6.3352439513237413e-01   32   32   13   13
 6.0676031391721874e-01   32   32   14   14
 5.9963043994357357e-01   32   32   15   15
 6.1878844135028133e-01   32   32   16   16
 6.4706402925997453e-01   32   32   17   17
 6.4456446090424335e-01   32   32   18   18
 6.6213779806832707e-01   32   32   19   19
 6.2174396960748579e-01   32   32   20   20
 5.7360319829494000e-01   32   32   21   21
 1.5432376782871817e+00   32   32   22   22
 5.6142156235177187e-01   32   32   23   23
 5.9072594656645572e-01   32   32   24   24
 2.6508801248832023e+00   32   32   25   25
 2.0139732959972365e+00   32   32   26   26
 1.6217460762145177e+00   32   32   27   27
 1.5380819028842672e+00   32   32   28   28
 1.1183051107109347e+00   32   32   29   29
 1.7441022628867846e+00   32   32   30   30
 2.2836346976156086e+00   32   32   31   31
 8.4208384499999998e+00   32   32   32   32
 1.2993981568712538e+00   33   33    1    1
 1.3407182922634682e+00   33   33    2    2
 1.5976937537789337e+00   33   33    3    3
 1.4790461255677188e+00   33   33    4    4
 7.9890652575626731e-01   33   33    5    5
 8.0482443013349847e-01   33   33    6    6
 7.3542812010278213e-01   33   33    7    7
 6.7465549018830873e-01   33   33    8    8
 6.2178220080859936e-01   33   33    9    9
 6.7347900416083728e-01   33   33   10   10
 7.2465212424579784e-01   33   33   11   11
 6.0126432453743417e-01   33   33   12   12
 5.8133538251546857e-01   33   33   13   13
 5.5931344091991098e-01   33   33   14   14
 5.5420559795600000e-01   33   33   15   15
 5.7100495074246671e-01   33   33   16   16
 5.9432413562915021e-01   33   33   17   17
 5.9057708278642540e-01   33   33   18   18
 6.0529811615901408e-01   33   33   19   19
 5.7171465135588440e-01   33   33   20   20
 5.3074965482305725e-01   33   33   21   21
 1.7787611401720940e+00   33   33   22   22
 5.2015144132837587e-01   33   33   23   23
 5.4518188078234053e-01   33   33   24   24
 2.2866437703000364e+00   33   33   25   25
 1.8688605349137664e+00   33   33   26   26
 1.5668984712424088e+00   33   33   27   27
 1.5025180203923338e+00   33   33   28   28
 1.0893424282793467e+00   33   33   29   29
 1.6802996353122570e+00   33   33   30   30
 2.0807385688520741e+00   33   33   31   31
 3.8088729788332509e+00   33   33   32   32
 8.4208384499999998e+00   33   33   33   33
 1.1436154728353667e+00   34   34    1    1
 1.1628204215764062e+00   34   34    2    2
 1.3413404451923436e+00   34   34    3    3
 1.2935141241886698e+00   34   34    4    4
 7.4457532563945805e-01   34   34    5    5
 7.5476990198897731e-01   34   34    6    6
 6.9471999865542677e-01   34   34    7    7
 6.3792063625018547e-01   34   34    8    8
 5.9143164906562584e-01   34   34    9    9
 6.3377974575858798e-01   34   34   10   10
 6.7757550132455402e-01   34   34   11   11
 5.7634191668877544e-01   34   34   12   12
 5.5944329638079904e-01   34   34   13   13
 5.4179321078446463e-01   34   34   14   14
 5.3870092444833373e-01   34   34   15   15
 5.5348453471768977e-01   34   34   16   16
 5.7216946161122528e-01   34   34   17   17
 5.6084281377824674e-01   34   34   18   18
 5.7195967568437400e-01   34   34   19   19
 5.4043122776763952e-01   34   34   20   20
 5.0387319748952053e-01   34   34   21   21
 2.3547665700123903e+00   34   34   22   22
 4.9561720575157137e-01   34   34   23   23
 5.1970908704840235e-01   34   34   24   24
 1.7463608468213980e+00   34   34   25   25
 1.4842645441646145e+00   34   34   26   26
 1.2986610332729795e+00   34   34   27   27
 1.2739211851086794e+00   34   34   28   28
 9.6724432488487322e-01   34   34   29   29
 1.4210715932175828e+00   34   34   30   30
 1.6806677590151711e+00   34   34   31   31
 2.7104940776408046e+00   34   34   32   32
 3.8555995452527352e+00   34   34   33   33
 8.4208384499999998e+00   34   34   34   34
 1.1303263834132646e+00   35   35    1    1
 1.1446087025609657e+00   35   35    2    2
 1.3009994187147940e+00   35   35    3    3
 1.2684421754883433e+00   35   35    4    4
 7.5737764961897114e-01   35   35    5    5
 7.7636218566398374e-01   35   35    6    6
 7.1626683546586956e-01   35   35    7    7
 6.5354696959468161e-01   35   35    8    8
 6.0692413723377459e-01   35   35    9    9
 6.4423006040060105e-01   35   35   10   10
 6.8598612749549526e-01   35   35   11   11
 5.9529566873226247e-01   35   35   12   12
 5.7950066489524732e-01   35   35   13   13
 5.6364248717977572e-01   35   35   14   14
 5.6158605428496022e-01   35   35   15   15
 5.7578488560689622e-01   35   35   16   16
 5.9253156750275326e-01   35   35   17   17
 5.7242209871234395e-01   35   35   18   18
 5.8140954202940298e-01   35   35   19   19
 5.4709627693499241e-01   35   35   20   20
 5.1008125527352444e-01   35   35   21   21
 2.6805783218447061e+00   35   35   22   22
 5.0330570422132281e-01   35   35   23   23
 5.2972572067892099e-01   35   35   24   24
 1.5379669346774205e+00   35   35   25   25
 1.3024859222992466e+00   35   35   26   26
 1.1466623354833332e+00   35   35   27   27
 1.1337772780135413e+00   35   35   28   28
 8.8851208824483408e-01   35   35   29   29
 1.2724735157277454e+00   35   35   30   30
 1.5009929775254340e+00   35   35   31   31
 2.4344373878923040e+00   35   35   32   32
 2.7444940235043660e+00   35   35   33   33
 3.8372852537571811e+00   35   35   34   34
 8.4208384499999998e+00   35   35   35   35
 1.2697479491439907e+00   36   36    1    1
 1.2959078824182586e+00   36   36    2    2
 1.4821939787088940e+00   36   36    3    3
 1.4167339367273941e+00   36   36    4    4
 8.3508775670099100e-01   36   36    5    5
 8.6389862017117014e-01   36   36    6    6
 7.9264610748243869e-01   36   36    7    7
 7.1575284592576027e-01   36   36    8    8
 6.6151411628056522e-01   36   36    9    9
 7.0170381368596280e-01   36   36   10   10
 7.4846360614983276e-01   36   36   11   11
 6.4865665976783482e-01   36   36   12   12
 6.3087069130014550e-01   36   36   13   13
 6.1221505959300859e-01   36   36   14   14
 6.0905018607962402e-01   36   36   15   15
 6.2487324154385404e-01   36   36   16   16
 6.4453571768126705e-01   36   36   17   17
 6.2042062595982084e-01   36   36   18   18
 6.3029933877803090e-01   36   36   19   19
 5.8954048370274181e-01   36   36   20   20
 5.4700325745234091e-01   36   36   21   21
 2.0212762415875996e+00   36   36   22   22
 5.3975279588022540e-01   36   36   23   23
 5.7057245190017147e-01   36   36   24   24
 1.6210028224885260e+00   36   36   25   25
 1.3424057993560830e+00   36   36   26   26
 1.1641405583601216e+00   36   36   27   27
 1.1460768720104166e+00   36   36   28   28
 9.0180028673084989e-01   36   36   29   29
 1.2963863742233477e+00   36   36   30   30
 1.5643825895127581e+00   36   36   31   31
 2.7105065783500355e+00   36   36   32   32
 2.5076717215558455e+00   36   36   33   33
 2.7651589933627228e+00   36   36   34   34
 3.8373316477339330e+00   36   36   35   35
 8.4208384499999998e+00   36   36   36   36
 1.4986937960910516e+00   37   37    1    1
 1.5641206848947957e+00   37   37    2    2
 1.8662654202644158e+00   37   37    3    3
 1.6772399947267325e+00   37   37    4    4
 9.1425090011541565e-01   37   37    5    5
 9.4166188695238495e-01   37   37    6    6
 8.5479554418969128e-01   37   37    7    7
 7.6875260358760766e-01   37   37    8    8
 7.0465600003091122e-01   37   37    9    9
 7.5670180918811691e-01   37   37   10   10
 8.1345824902492248e-01   37   37   11   11
 6.8455805219402610e-01   37   37   12   12
 6.6249426702003678e-01   37   37   13   13
 6.3750027437960788e-01   37   37   14   14
 6.3135040123519781e-01   37   37   15   15
 6.5004413820318208e-01   37   37   16   16
 6.7639240659315569e-01   37   37   17   17
 6.6125981664207079e-01   37   37   18   18
 6.7568936177079186e-01   37   37   19   19
 6.3074657342201634e-01   37   37   20   20
 5.8176611276253709e-01   37   37   21   21
 1.6318901879972922e+00   37   37   22   22
 5.7173234777473658e-01   37   37   23   23
 6.0462340766268685e-01   37   37   24   24
 2.0108729530304457e+00   37   37   25   25
 1.5985446574618418e+00   37   37   26   26
 1.3414615877785636e+00   37   37   27   27
 1.3010569242118313e+00   37   37   28   28
 9.9783116138475392e-01   37   37   29   29
 1.4805545025516778e+00   37   37   30   30
 1.8638817940964678e+00   37   37   31   31
 3.8089825945845819e+00   37   37   32   32
 2.7763187205471263e+00   37   37   33   33
 2.5076298292974117e+00   37   37   34   34
 2.7444362222102492e+00   37   37   35   35
 3.8554481826871583e+00   37   37   36   36
 8.4208384499999998e+00   37   37   37   37
 1.9835954211162070e+00   38   38    1    1
 1.7734202418227802e+00   38   38    2    2
 1.4227485077393589e+00   38   38    3    3
 1.6263112122840611e+00   38   38    4    4
 3.7176591126966620e+00   38   38    5    5
 2.6789825139004813e+00   38   38    6    6
 1.9901355357428929e+00   38   38    7    7
 1.7826938256035554e+00   38   38    8    8
 1.4081292316762954e+00   38   38    9    9
 1.9909164214678619e+00   38   38   10   10
 2.6812505392709594e+00   38   38   11   11
 1.2541795634398298e+00   38   38   12   12
 1.0935779559428431e+00   38   38   13   13
 9.8634579551933232e-01   38   38   14   14
 9.8356882878966634e-01   38   38   15   15
 1.0919183202505054e+00   38   38   16   16
 1.2449110632755052e+00   38   38   17   17
 1.2542899032817225e+00   38   38   18   18
 1.2439682923273980e+00   38   38   19   19
 1.0910944379459311e+00   38   38   20   20
 9.8394175004957485e-01   38   38   21   21
 6.7646985143815297e-01   38   38   22   22
 9.8724734214316745e-01   38   38   23   23
 1.0949695474879551e+00   38   38   24   24
 9.8449365630430319e-01   38   38   25   25
 9.7654929728850193e-01   38   38   26   26
 8.8887620345606233e-01   38   38   27   27
 8.2228560270925033e-01   38   38   28   28
 7.4710342862153378e-01   38   38   29   29
 8.2558284442404550e-01   38   38   30   30
 8.9429341380328886e-01   38   38   31   31
 9.8054237538975275e-01   38   38   32   32
 8.7287385658120742e-01   38   38   33   33
 8.0646530453032961e-01   38   38   34   34
 8.1477772384334379e-01   38   38   35   35
 8.9843904358590487e-01   38   38   36   36
 9.9361942520387125e-01   38   38   37   37
 8.4208384499999998e+00   38   38   38   38
 2.6827092940974504e+00   39   39    1    1
 2.3517379924455408e+00   39   39    2    2
 1.7773955860602821e+00   39   39    3    3
 2.0246988691015364e+00   39   39    4    4
 2.6830306860288733e+00   39   39    5    5
 2.3504136589378941e+00   39   39    6    6
 1.7771104871939765e+00   39   39    7    7
 1.5436245587268018e+00   39   39    8    8
 1.2596519195686720e+00   39   39    9    9
 1.6339590842727065e+00   39   39   10   10
 2.0260046997065220e+00   39   39   11   11
 1.1396979639640052e+00   39   39   12   12
 1.0204396154871824e+00   39   39   13   13
 9.2842651497041317e-01   39   39   14   14
 9.1914448105949498e-01   39   39   15   15
 1.0007881518555968e+00   39   39   16   16
 1.1195488912590916e+00   39   39   17   17
 1.1368368495472767e+00   39   39   18   18
 1.1507931669647857e+00   39   39   19   19
 1.0205692048420949e+00   39   39   20   20
 9.1514180143942381e-01   39   39   21   21
 7.4168799045441813e-01   39   39   22   22
 9.0681908393068722e-01   39   39   23   23
 9.9358697609143565e-01   39   39   24   24
 1.1403664854122249e+00   39   39   25   25
 1.1206093140465923e+00   39   39   26   26
 1.0023865901983011e+00   39   39   27   27
 9.2129982642958652e-01   39   39   28   28
 8.2020834577735480e-01   39   39   29   29
 9.3032829841123843e-01   39   39   30   30
 1.0220890915816703e+00   39   39   31   31
 1.1352872465293211e+00   39   39   32   32
 9.9141601930057588e-01   39   39   33   33
 9.0458718406338012e-01   39   39   34   34
 9.1260077745124835e-01   39   39   35   35
 1.0183841970738960e+00   39   39   36   36
 1.1487976420004073e+00   39   39   37   37
 3.8346481335970095e+00   39   39   38   38
 8.4208384499999998e+00   39   39   39   39
 3.7177530395074880e+00   40   40    1    1
 2.6792239560098605e+00   40   40    2    2
 1.9901789266767360e+00   40   40    3    3
 2.6809267808654682e+00   40   40    4    4
 1.9836739398064696e+00   40   40    5    5
 1.7725889010782665e+00   40   40    6    6
 1.4224517971110393e+00   40   40    7    7
 1.2702855663752997e+00   40   40    8    8
 1.0703318725644535e+00   40   40    9    9
 1.3475008718543715e+00   40   40   10   10
 1.6271563916147884e+00   40   40   11   11
 9.8377922225447412e-01   40   40   12   12
 8.9285934021471924e-01   40   40   13   13
 8.2382707703503377e-01   40   40   14   14
 8.2021461673860996e-01   40   40   15   15
 8.8719035441962102e-01   40   40   16   16
 9.7536566886434206e-01   40   40   17   17
 9.8176781002291968e-01   40   40   18   18
 9.9529282156204402e-01   40   40   19   19
 9.0041608390075345e-01   40   40   20   20
 8.1706033164523306e-01   40   40   21   21
 7.8693995720421261e-01   40   40   22   22
 8.0843412613661758e-01   40   40   23   23
 8.7466125464575351e-01   40   40   24   24
 1.2553336524058618e+00   40   40   25   25
 1.2465099195625351e+00   40   40   26   26
 1.0938063559171720e+00   40   40   27   27
 9.8591111293597189e-01   40   40   28   28
 8.5732167194386588e-01   40   40   29   29
 9.8838457326644791e-01   40   40   30   30
 1.0955354659004206e+00   40   40   31   31
 1.2533791383970159e+00   40   40   32   32
 1.0928081751058050e+00   40   40   33   33
 9.8516572692247950e-01   40   40   34   34
 9.8189233698985712e-01   40   40   35   35
 1.0899840093542730e+00   40   40   36   36
 1.2432831806418467e+00   40   40   37   37
 2.7265352924619779e+00   40   40   38   38
 3.8345327488927516e+00   40   40   39   39
 8.4208384499999998e+00   40   40   40   40
 2.6805234500959876e+00   41   41    1    1
 2.0239409910155644e+00   41   41    2    2
 1.6332112908766505e+00   41   41    3    3
 2.3511800866885428e+00   41   41    4    4
 1.8065768889462739e+00   41   41    5    5
 1.5602993747440568e+00   41   41    6    6
 1.2846728359884927e+00   41   41    7    7
 1.1827397401996251e+00   41   41    8    8
 1.0053205638031217e+00   41   41    9    9
 1.2841106884117026e+00   41   41   10   10
 1.5592393937800921e+00   41   41   11   11
 9.2766536751054873e-01   41   41   12   12
 8.3807056349066777e-01   41   41   13   13
 7.7755686714543770e-01   41   41   14   14
 7.8123957651776099e-01   41   41   15   15
 8.5065921735468430e-01   41   41   16   16
 9.3194683696432346e-01   41   41   17   17
 9.2733299751516873e-01   41   41   18   18
 9.3068469226232253e-01   41   41   19   19
 8.4929995689546356e-01   41   41   20   20
 7.8077647737450095e-01   41   41   21   21
 7.4792287384743550e-01   41   41   22   22
 7.7765774136866450e-01   41   41   23   23
 8.3855213832038644e-01   41   41   24   24
 1.1380972162493301e+00   41   41   25   25
 1.1534810453654736e+00   41   41   26   26
 1.0233814847035487e+00   41   41   27   27
 9.1716026964383679e-01   41   41   28   28
 8.0377342338521474e-01   41   41   29   29
 9.0805217071304178e-01   41   41   30   30
 9.9435691208100430e-01   41   41   31   31
 1.1392989400293601e+00   41   41   32   32
 1.0199955624480430e+00   41   41   33   33
 9.2747530468075501e-01   41   41   34   34
 9.1768006225293686e-01   41   41   35   35
 9.9918843298591209e-01   41   41   36   36
 1.1183787483866447e+00   41   41   37   37
 2.4795287716621948e+00   41   41   38   38
 2.7537895865024047e+00   41   41   39   39
 3.8312218679098282e+00   41   41   40   40
 8.4208384499999998e+00   41   41   41   41
 1.9900511669096386e+00   42   42    1    1
 1.6326117990498648e+00   42   42    2    2
 1.3509977332640011e+00   42   42    3    3
 1.7753696758710407e+00   42   42    4    4
 1.9901339900828441e+00   42   42    5    5
 1.6327842850161298e+00   42   42    6    6
 1.3510499290547446e+00   42   42    7    7
 1.2726463962169887e+00   42   42    8    8
 1.0718679779804889e+00   42   42    9    9
 1.4243642448012097e+00   42   42   10   10
 1.7752924646330079e+00   42   42   11   11
 9.8324830578218470e-01   42   42   12   12
 8.7523721732777116e-01   42   42   13   13
 8.0914175333663707e-01   42   42   14   14
 8.1809137358385875e-01   42   42   15   15
 9.0234030545057431e-01   42   42   16   16
 9.9736684307369772e-01   42   42   17   17
 9.8473678866622461e-01   42   42   18   18
 9.7538254340893227e-01   42   42   19   19
 8.8686733195319079e-01   42   42   20   20
 8.2062730900905090e-01   42   42   21   21
 6.8168807975828560e-01   42   42   22   22
 8.2483038477554005e-01   42   42   23   23
 8.9445641014356791e-01   42   42   24   24
 9.8435142259078967e-01   42   42   25   25
 9.9909135196913423e-01   42   42   26   26
 9.0431622706074366e-01   42   42   27   27
 8.2019189514131585e-01   42   42   28   28
 7.3527724883195433e-01   42   42   29   29
 8.1082777515334692e-01   42   42   30   30
 8.7671354934678791e-01   42   42   31   31
 9.8435471831217947e-01   42   42   32   32
 8.9299445781355524e-01   42   42   33   33
 8.2325580278704291e-01   42   42   34   34
 8.1914634606690084e-01   42   42   35   35
 8.8623019360623578e-01   42   42   36   36
 9.7521116417277787e-01   42   42   37   37
 2.7430142112001299e+00   42   42   38   38
 2.4983580388120834e+00   42   42   39   39
 2.7426893122614149e+00   42   42   40   40
 3.8487022963831077e+00   42   42   41   41
 8.4208384499999998e+00   42   42   42   42
 1.8063861872367881e+00   43   43    1    1
 1.5604970480843421e+00   43   43    2    2
 1.2847475040383418e+00   43   43    3    3
 1.5587092219978436e+00   43   43    4    4
 2.6804928733051923e+00   43   43    5    5
 2.0244671713106830e+00   43   43    6    6
 1.6333958370189749e+00   43   43    7    7
 1.5435279322838409e+00   43   43    8    8
 1.2595413423736614e+00   43   43    9    9
 1.7772794586214813e+00   43   43   10   10
 2.3502995141293543e+00   43   43   11   11
 1.1367474037473566e+00   43   43   12   12
 9.9259962734180041e-01   43   43   13   13
 9.0618979457636040e-01   43   43   14   14
 9.1488678185951566e-01   43   43   15   15
 1.0212744896177350e+00   43   43   16   16
 1.1514918046029734e+00   43   43   17   17
 1.1395280199491962e+00   43   43   18   18
 1.1181120797641402e+00   43   43   19   19
 9.9949133571438131e-01   43   43   20   20
 9.1912670573711985e-01   43   43   21   21
 6.5242364256281027e-01   43   43   22   22
 9.2916448747725866e-01   43   43   23   23
 1.0216940829915000e+00   43   43   24   24
 9.2851173663586350e-01   43   43   25   25
 9.3333567870147172e-01   43   43   26   26
 8.5244666714949535e-01   43   43   27   27
 7.8325357169405707e-01   43   43   28   28
 7.1235533308462695e-01   43   43   29   29
 7.7919712360142168e-01   43   43   30   30
 8.3942043886821427e-01   43   43   31   31
 9.2653496457680062e-01   43   43   32   32
 8.3700529042478822e-01   43   43   33   33
 7.7593399106796823e-01   43   43   34   34
 7.7892497282119855e-01   43   43   35   35
 8.4797990482719754e-01   43   43   36   36
 9.2975141415188056e-01   43   43   37   37
 3.8312859225697897e+00   43   43   38   38
 2.7535420249058049e+00   43   43   39   39
 2.4791136665683902e+00   43   43   40   40
 2.7495094502121162e+00   43   43   41   41
 3.8487472711960629e+00   43   43   42   42
 8.4208384499999998e+00   43   43   43   43
 2.4348213374861518e+00   44   44    1    1
 2.7109543544807817e+00   44   44    2    2
 3.8100969155278150e+00   44   44    3    3
 2.7110586935238099e+00   44   44    4    4
 1.1193093455620313e+00   44   44    5    5
 1.1114226658536674e+00   44   44    6    6
 9.7868571824665029e-01   44   44    7    7
 8.8308155007908751e-01   44   44    8    8
 7.9116983874054236e-01   44   44    9    9
 8.9117365016290939e-01   44   44   10   10
 9.8579699673701549e-01   44   44   11   11
 7.4865748209819771e-01   44   44   12   12
 7.1148226864863762e-01   44   44   13   13
 6.7123561167433909e-01   44   44   14   14
 6.6112740852510343e-01   44   44   15   15
 6.8979194612521899e-01   44   44   16   16
 7.3349898276360059e-01   44   44   17   17
 7.4589395073234888e-01   44   44   18   18
 7.7087560369902386e-01   44   44   19   19
 7.1823276809760994e-01   44   44   20   20
 6.5583398727356779e-01   44   44   21   21
 1.1122102828686415e+00   44   44   22   22
 6.3959109992161400e-01   44   44   23   23
 6.7597048039602259e-01   44   44   24   24
 2.6508311103989843e+00   44   44   25   25
 2.2837075010786640e+00   44   44   26   26
 1.7443307082462169e+00   44   44   27   27
 1.5383915101091035e+00   44   44   28   28
 1.1599768202579921e+00   44   44   29   29
 1.6220947102387349e+00   44   44   30   30
 2.0142525612400268e+00   44   44   31   31
 2.6506558083817602e+00   44   44   32   32
 2.0100197441389529e+00   44   44   33   33
 1.6196044735760147e+00   44   44   34   34
 1.5362155965825370e+00   44   44   35   35
 1.7445370408131644e+00   44   44   36   36
 2.2853483545725268e+00   44   44   37   37
 1.2701241721533654e+00   44   44   38   38
 1.5432864630616305e+00   44   44   39   39
 1.7827426140524119e+00   44   44   40   40
 1.5437811275979680e+00   44   44   41   41
 1.2727658110201940e+00   44   44   42   42
 1.1826767959826283e+00   44   44   43   43
 8.4208384499999998e+00   44   44   44   44
 1.7859322333055188e+00   45   45    1    1
 1.9755299004074385e+00   45   45    2    2
 2.6588717293592063e+00   45   45    3    3
 1.9757878095672543e+00   45   45    4    4
 9.6531594232815510e-01   45   45    5    5
 9.6698999789397111e-01   45   45    6    6
 8.6909382262982637e-01   45   45    7    7
 7.9085690275498166e-01   45   45    8    8
 7.1881599359897774e-01   45   45    9    9
 7.9316903954094531e-01   45   45   10   10
 8.6408479177853437e-01   45   45   11   11
 6.8498074943876597e-01   45   45   12   12
 6.5745434106660583e-01   45   45   13   13
 6.2423934410045712e-01   45   45   14   14
 6.1395313176754274e-01   45   45   15   15
 6.3551757101609740e-01   45   45   16   16
 6.7049098066047130e-01   45   45   17   17
 6.8247888792306655e-01   45   45   18   18
 7.0643029105090438e-01   45   45   19   19
 6.6371159909318145e-01   45   45   20   20
 6.0893103844023855e-01   45   45   21   21
 1.2597324754543811e+00   45   45   22   22
 5.9281595957378008e-01   45   45   23   23
 6.2276981096133044e-01   45   45   24   24
 3.7291170090405426e+00   45   45   25   25
 2.6590833501876481e+00   45   45   26   26
 1.9750721031927174e+00   45   45   27   27
 1.7866858260495710e+00   45   45   28   28
 1.2595083077832683e+00   45   45   29   29
 1.9752636729977200e+00   45   45   30   30
 2.6594851579766101e+00   45   45   31   31
 3.7335331794028326e+00   45   45   32   32
 2.6591035875457130e+00   45   45   33   33
 1.9758259803786318e+00   45   45   34   34
 1.7861590757469863e+00   45   45   35   35
 1.9759516698739443e+00   45   45   36   36
 2.6595159338181653e+00   45   45   37   37
 1.0700124069563384e+00   45   45   38   38
 1.2590982898574765e+00   45   45   39   39
 1.4081418501847449e+00   45   45   40   40
 1.2600122735646759e+00   45   45   41   41
 1.0721411222530821e+00   45   45   42   42
 1.0052709087528084e+00   45   45   43   43
 3.7316254134062574e+00   45   45   44   44
 8.4208384499999998e+00   45   45   45   45
 2.7444249488271697e+00   46   46    1    1
 2.5078729039892838e+00   46   46    2    2
 2.7768937518996499e+00   46   46    3    3
 3.8553236114178815e+00   46   46    4    4
 1.1576314080256824e+00   46   46    5    5
 1.1344047725492945e+00   46   46    6    6
 9.8726619349461708e-01   46   46    7    7
 8.9073235901990522e-01   46   46    8    8
 7.9298399397226760e-01   46   46    9    9
 9.0612960570786039e-01   46   46   10   10
 1.0135839381714691e+00   46   46   11   11
 7.5282798241310767e-01   46   46   12   12
 7.0971632014735442e-01   46   46   13   13
 6.7148510910635972e-01   46   46   14   14
 6.6752654693426694e-01   46   46   15   15
 7.0223795830747937e-01   46   46   16   16
 7.4610968416923018e-01   46   46   17   17
 7.4186845279110969e-01   46   46   18   18
 7.5817996965469725e-01   46   46   19   19
 7.0354769637503112e-01   46   46   20   20
 6.4601979650810437e-01   46   46   21   21
 1.0911610865966737e+00   46   46   22   22
 6.3503997301202808e-01   46   46   23   23
 6.7438475688185451e-01   46   46   24   24
 2.0133222274688745e+00   46   46   25   25
 1.8681702010372494e+00   46   46   26   26
 1.4834135388409933e+00   46   46   27   27
 1.3028139165200818e+00   46   46   28   28
 1.0163571560653177e+00   46   46   29   29
 1.3426047531879886e+00   46   46   30   30
 1.5994368410160309e+00   46   46   31   31
 2.2822200679544808e+00   46   46   32   32
 1.8613148680668559e+00   46   46   33   33
 1.5607205374505442e+00   46   46   34   34
 1.4966624134867366e+00   46   46   35   35
 1.6765145201570197e+00   46   46   36   36
 2.0780561063184737e+00   46   46   37   37
 1.3469690301873054e+00   46   46   38   38
 1.6331706071923058e+00   46   46   39   39
 1.9908444701240970e+00   46   46   40   40
 1.7778083727762399e+00   46   46   41   41
 1.4244932952453104e+00   46   46   42   42
 1.2838205196107353e+00   46   46   43   43
 3.8100788313629042e+00   46   46   44   44
 2.6594071433594366e+00   46   46   45   45
 8.4208384499999998e+00   46   46   46   46
 9.8447257134048916e-01   47   47    1    1
 1.0920719594212647e+00   47   47    2    2
 1.2436929096493810e+00   47   47    3    3
 9.8724201059686034e-01   47   47    4    4
 7.0456321927770349e-01   47   47    5    5
 6.9658659871431983e-01   47   47    6    6
 6.5313433232745466e-01   47   47    7    7
 6.1982186099737291e-01   47   47    8    8
 5.8009218471856927e-01   47   47    9    9
 6.2702578650405760e-01   47   47   10   10
 6.6493600365157768e-01   47   47   11   11
 5.4859903754428796e-01   47   47   12   12
 5.3423651486106993e-01   47   47   13   13
 5.0631338094269729e-01   47   47   14   14
 4.9120861077558492e-01   47   47   15   15
 5.0163310222483337e-01   47   47   16   16
 5.2867880194203898e-01   47   47   17   17
 5.7170305169855729e-01   47   47   18   18
 6.0428903288430669e-01   47   47   19   19
 5.8849596665682702e-01   47   47   20   20
 5.4477920073389940e-01   47   47   21   21
 8.6561232146850464e-01   47   47   22   22
 5.2042420126964395e-01   47   47   23   23
 5.3151669345811836e-01   47   47   24   24
 1.7797202021469720e+00   47   47   25   25
 1.9859680380031046e+00   47   47   26   26
 2.6737771806453035e+00   47   47   27   27
 3.6989012918525583e+00   47   47   28   28
 3.8248983515805128e+00   47   47   29   29
 2.6737840209800399e+00   47   47   30   30
 1.9859939980053440e+00   47   47   31   31
 1.2528176379666500e+00   47   47   32   32
 1.2446363907271984e+00   47   47   33   33
 1.0924231233550248e+00   47   47   34   34
 9.8389139303637085e-01   47   47   35   35
 9.8603539674670448e-01   47   47   36   36
 1.0924865933177526e+00   47   47   37   37
 7.4904315524711795e-01   47   47   38   38
 8.2708860337737122e-01   47   47   39   39
 8.7553295445512036e-01   47   47   40   40
 8.2303593991644486e-01   47   47   41   41
 7.4670227570780645e-01   47   47   42   42
 7.1700560333089547e-01   47   47   43   43
 1.2530077009012996e+00   47   47   44   44
 1.4058903843739359e+00   47   47   45   45
 1.0938180148673060e+00   47   47   46   46
 8.4208384499999998e+00   47   47   47   47
 8.8885778226967138e-01   48   48    1    1
 9.6680570830554213e-01   48   48    2    2
 1.0885041944271441e+00   48   48    3    3
 9.0274948315494308e-01   48   48    4    4
 6.4601103770462254e-01   48   48    5    5
 6.3845273805734037e-01   48   48    6    6
 6.0047803449028114e-01   48   48    7    7
 5.7157127969920307e-01   48   48    8    8
 5.3695873676815342e-01   48   48    9    9
 5.7835346995273729e-01   48   48   10   10
 6.1186456327934569e-01   48   48   11   11
 5.1013869286460189e-01   48   48   12   12
 4.9743212315266611e-01   48   48   13   13
 4.7348807243244651e-01   48   48   14   14
 4.6078355803080073e-01   48   48   15   15
 4.7024454478903954e-01   48   48   16   16
 4.9361389116117188e-01   48   48   17   17
 5.2916684856586083e-01   48   48   18   18
 5.5660173308002014e-01   48   48   19   19
 5.4309102703551837e-01   48   48   20   20
 5.0573143094058770e-01   48   48   21   21
 8.6086954245215974e-01   48   48   22   22
 4.8474345862072160e-01   48   48   23   23
 4.9452099591730381e-01   48   48   24   24
 1.5439099478357883e+00   48   48   25   25
 1.6991535702695513e+00   48   48   26   26
 2.1643731504943315e+00   48   48   27   27
 2.6762494289612704e+00   48   48   28   28
 2.7297213738512660e+00   48   48   29   29
 2.1688880182142625e+00   48   48   30   30
 1.7008034810834032e+00   48   48   31   31
 1.1599637719379168e+00   48   48   32   32
 1.1901844381031401e+00   48   48   33   33
 1.0647662955818800e+00   48   48   34   34
 9.5124233272479775e-01   48   48   35   35
 9.3470559765951411e-01   48   48   36   36
 1.0153239172118722e+00   48   48   37   37
 6.8611195524007584e-01   48   48   38   38
 7.5162350821938440e-01   48   48   39   39
 7.9701239131557033e-01   48   48   40   40
 7.5779161020930519e-01   48   48   41   41
 6.9134141537665450e-01   48   48   42   42
 6.6197515323109379e-01   48   48   43   43
 1.1184041419968505e+00   48   48   44   44
 1.2596351196826074e+00   48   48   45   45
 9.9892316347269516e-01   48   48   46   46
 3.8217754512510775e+00   48   48   47   47
 8.4208384499999998e+00   48   48   48   48
 7.0311494819486953e-01   49   49    1    1
 6.9591803606914249e-01   49   49    2    2
 6.5225521457794389e-01   49   49    3    3
 6.6279288590599206e-01   49   49    4    4
 9.8380630310107198e-01   49   49    5    5
 1.0915379720883220e+00   49   49    6    6
 1.2442843333491089e+00   49   49    7    7
 1.2544165560032807e+00   49   49    8    8
 1.4085254636122857e+00   49   49    9    9
 1.0944440023313098e+00   49   49   10   10
 9.8706404755147847e-01   49   49   11   11
 1.7831164711754253e+00   49   49   12   12
 1.9909294651647884e+00   49   49   13   13
 2.6804870958336635e+00   49   49   14   14
 3.7196301825307918e+00   49   49   15   15
 2.6812860818896449e+00   49   49   16   16
 1.9912732803637656e+00   49   49   17   17
 1.2548391796181144e+00   49   49   18   18
 1.0955567826553745e+00   49   49   19   19
 9.8829060564928195e-01   49   49   20   20
 9.8537799757244027e-01   49   49   21   21
 4.8861058255498013e-01   49   49   22   22
 1.0925642870965282e+00   49   49   23   23
 1.2449425763229256e+00   49   49   24   24
 5.4742720889839724e-01   49   49   25   25
 5.2792150743607924e-01   49   49   26   26
 5.0133085028930680e-01   49   49   27   27
 4.9116316253658510e-01   49   49   28   28
 4.6772996238846681e-01   49   49   29   29
 5.0599184667539465e-01   49   49   30   30
 5.3346047217709325e-01   49   49   31   31
 5.6897305130209430e-01   49   49   32   32
 5.2873623428113325e-01   49   49   33   33
 5.1712958747373783e-01   49   49   34   34
 5.4071871906476399e-01   49   49   35   35
 5.8416853440703742e-01   49   49   36   36
 6.0065010152723985e-01   49   49   37   37
 8.7443403452570390e-01   49   49   38   38
 8.2589444061322992e-01   49   49   39   39
 7.4766398543038814e-01   49   49   40   40
 7.1562246204419733e-01   49   49   41   41
 7.4537564785237442e-01   49   49   42   42
 8.2183674709665044e-01   49   49   43   43
 6.1824250482941479e-01   49   49   44   44
 5.7826535992918560e-01   49   49   45   45
 6.2494344269840896e-01   49   49   46   46
 4.6449233092960779e-01   49   49   47   47
 4.3753700860534600e-01   49   49   48   48
 8.4208384499999998e+00   49   49   49   49
 7.9976324004995958e-01   50   50    1    1
 8.6495940976415675e-01   50   50    2    2
 9.5659073836485076e-01   50   50    3    3
 8.0677938197063526e-01   50   50    4    4
 6.0353521281643530e-01   50   50    5    5
 5.9615972831602648e-01   50   50    6    6
 5.6431468211076707e-01   50   50    7    7
 5.4043313260673131e-01   50   50    8    8
 5.1042926983453218e-01   50   50    9    9
 5.4708673131026275e-01   50   50   10   10
 5.7583963829051887e-01   50   50   11   11
 4.8514966154324052e-01   50   50   12   12
 4.7421312357859735e-01   50   50   13   13
 4.5176653134997846e-01   50   50   14   14
 4.3911273290662622e-01   50   50   15   15
 4.4719614015017928e-01   50   50   16   16
 4.6888899337550521e-01   50   50   17   17
 5.0560811843106879e-01   50   50   18   18
 5.3248273372177779e-01   50   50   19   19
 5.2260443192321149e-01   50   50   20   20
 4.8835434461505345e-01   50   50   21   21
 7.7806740413365805e-01   50   50   22   22
 4.6728258990061944e-01   50   50   23   23
 4.7455039797858156e-01   50   50   24   24
 1.2728002735664887e+00   50   50   25   25
 1.3853102115845044e+00   50   50   26   26
 1.6980938603913796e+00   50   50   27   27
 1.9890149305751847e+00   50   50   28   28
 2.4882791095901644e+00   50   50   29   29
 1.7005792586582753e+00   50   50   30   30
 1.3864091402922505e+00   50   50   31   31
 9.9734329321422410e-01   50   50   32   32
 1.0208150240961702e+00   50   50   33   33
 9.3059279810511253e-01   50   50   34   34
 8.4282236805969990e-01   50   50   35   35
 8.2853772339951393e-01   50   50   36   36
 8.9007203540627167e-01   50   50   37   37
 6.3675893851524001e-01   50   50   38   38
 6.9105495742101053e-01   50   50   39   39
 7.2713319035000623e-01   50   50   40   40
 6.9503807109390692e-01   50   50   41   41
 6.4033140149147028e-01   50   50   42   42
 6.1598777405965310e-01   50   50   43   43
 9.7151701733122886e-01   50   50   44   44
 1.0717663156908461e+00   50   50   45   45
 8.7941829483888712e-01   50   50   46   46
 2.7493598673591912e+00   50   50   47   47
 3.8422854276003178e+00   50   50   48   48
 4.1754032576643890e-01   50   50   49   49
 8.4208384499999998e+00   50   50   50   50
 7.8088776634507151e-01   51   51    1    1
 8.4956860008338098e-01   51   51    2    2
 9.2991999377020618e-01   51   51    3    3
 7.7728314691266520e-01   51   51    4    4
 6.0508628388477081e-01   51   51    5    5
 5.9753580696537567e-01   51   51    6    6
 5.6811717698500619e-01   51   51    7    7
 5.4634564481113401e-01   51   51    8    8
 5.1747963787818441e-01   51   51    9    9
 5.5322704872886908e-01   51   51   10   10
 5.8020719189425440e-01   51   51   11   11
 4.9038557233620950e-01   51   51   12   12
 4.8007292173489041e-01   51   51   13   13
 4.5622689683309559e-01   51   51   14   14
 4.4184444203372841e-01   51   51   15   15
 4.4925259824106523e-01   51   51   16   16
 4.7193104683918274e-01   51   51   17   17
 5.1543272046177280e-01   51   51   18   18
 5.4560907013061255e-01   51   51   19   19
 5.3818501363020321e-01   51   51   20   20
 5.0251150239538778e-01   51   51   21   21
 7.1811058974388597e-01   51   51   22   22
 4.7862282096466152e-01   51   51   23   23
 4.8409436282015955e-01   51   51   24   24
 1.1799773469406143e+00   51   51   25   25
 1.2806117470194394e+00   51   51   26   26
 1.5546715843442087e+00   51   51   27   27
 1.7987597949246077e+00   51   51   28   28
 2.7296417318053035e+00   51   51   29   29
 1.5552038201509111e+00   51   51   30   30
 1.2809092878415078e+00   51   51   31   31
 9.2589201341080551e-01   51   51   32   32
 9.3069489774609870e-01   51   51   33   33
 8.5005748310325757e-01   51   51   34   34
 7.8069311165414657e-01   51   51   35   35
 7.7661272219038802e-01   51   51   36   36
 8.3657309668749025e-01   51   51   37   37
 6.3457917266042119e-01   51   51   38   38
 6.8593238905523690e-01   51   51   39   39
 7.1560866192439065e-01   51   51   40   40
 6.8249084244220792e-01   51   51   41   41
 6.3229156859717361e-01   51   51   42   42
 6.1218011323663191e-01   51   51   43   43
 9.2587662013576499e-01   51   51   44   44
 1.0031289700127246e+00   51   51   45   45
 8.3729124736238802e-01   51   51   46   46
 2.4731586113228006e+00   51   51   47   47
 2.7299127530942511e+00   51   51   48   48
 4.1939043570590895e-01   51   51   49   49
 3.8405395590775915e+00   51   51   50   50
 8.4208384499999998e+00   51   51   51   51
 8.4287472429280275e-01   52   52    1    1
 9.2980369559322418e-01   52   52    2    2
 1.0196303724153040e+00   52   52    3    3
 8.2910937664523177e-01   52   52    4    4
 6.5210091062349795e-01   52   52    5    5
 6.4410122313043849e-01   52   52    6    6
 6.1181789228855632e-01   52   52    7    7
 5.8774030078287998e-01   52   52    8    8
 5.5548506297505196e-01   52   52    9    9
 5.9507459113736660e-01   52   52   10   10
 6.2456651654346340e-01   52   52   11   11
 5.2404620030991300e-01   52   52   12   12
 5.1269598259013405e-01   52   52   13   13
 4.8521041406450327e-01   52   52   14   14
 4.6833644263637370e-01   52   52   15   15
 4.7627001330588475e-01   52   52   16   16
 5.0214299886480962e-01   52   52   17   17
 5.5418199116831723e-01   52   52   18   18
 5.8989951035043520e-01   52   52   19   19
 5.8184110771510167e-01   52   52   20   20
 5.4038361127013401e-01   52   52   21   21
 7.2212164184548644e-01   52   52   22   22
 5.1255965670614045e-01   52   52   23   23
 5.1835038681156365e-01   52   52   24   24
 1.2723981608881687e+00   52   52   25   25
 1.3855906707693431e+00   52   52   26   26
 1.6994186514620777e+00   52   52   27   27
 1.9886852172395295e+00   52   52   28   28
 3.8391397325479004e+00   52   52   29   29
 1.6984257189652467e+00   52   52   30   30
 1.3852893128079611e+00   52   52   31   31
 9.7136074182987753e-01   52   52   32   32
 9.5723910170338056e-01   52   52   33   33
 8.6535404048530107e-01   52   52   34   34
 7.9948931321681849e-01   52   52   35   35
 8.0597556032523654e-01   52   52   36   36
 8.7849413968085521e-01   52   52   37   37
 6.8309645060600155e-01   52   52   38   38
 7.4147353704784713e-01   52   52   39   39
 7.7049385038441731e-01   52   52   40   40
 7.2883921656980477e-01   52   52   41   41
 6.7369081780556128e-01   52   52   42   42
 6.5473229075741490e-01   52   52   43   43
 9.9709183598646156e-01   52   52   44   44
 1.0714872682320702e+00   52   52   45   45
 8.9066698062575966e-01   52   52   46   46
 2.7496452669149307e+00   52   52   47   47
 2.4886895190929863e+00   52   52   48   48
 4.4286403550595399e-01   52   52   49   49
 2.7665874312480181e+00   52   52   50   50
 3.8437157369149659e+00   52   52   51   51
 8.4208384499999998e+00   52   52   52   52
 9.8201299520475793e-01   53   53    1    1
 9.8610416239838683e-01   53   53    2    2
 1.0941766730284281e+00   53   53    3    3
 1.0890771468953568e+00   53   53    4    4
 6.9583183453044462e-01   53   53    5    5
 7.1530329653093749e-01   53   53    6    6
 6.6574156522198080e-01   53   53    7    7
 6.1000679986316519e-01   53   53    8    8
 5.7042965552512614e-01   53   53    9    9
 5.9959411361158721e-01   53   53   10   10
 6.3427928971864744e-01   53   53   11   11
 5.6337890011201508e-01   53   53   12   12
 5.5068961841202357e-01   53   53   13   13
 5.3920046152009060e-01   53   53   14   14
 5.3905355662872756e-01   53   53   15   15
 5.5091300257515707e-01   53   53   16   16
 5.6300131667612252e-01   53   53   17   17
 5.3820497688435276e-01   53   53   18   18
 5.4433687407803133e-01   53   53   19   19
 5.1321534569632432e-01   53   53   20   20
 4.8085743601535474e-01   53   53   21   21
 3.8310846555686724e+00   53   53   22   22
 4.7595695317327646e-01   53   53   23   23
 5.0055113817167285e-01   53   53   24   24
 1.2552802896396786e+00   53   53   25   25
 1.0954223281571238e+00   53   53   26   26
 9.8806479454994234e-01   53   53   27   27
 9.8541695153342157e-01   53   53   28   28
 7.9676661612846134e-01   53   53   29   29
 1.0932211248984913e+00   53   53   30   30
 1.2460871256615003e+00   53   53   31   31
 1.7830021185710196e+00   53   53   32   32
 1.9910461662701464e+00   53   53   33   33
 2.6807155482272327e+00   53   53   34   34
 3.7197819247577923e+00   53   53   35   35
 2.6811668240839901e+00   53   53   36   36
 1.9911728215370685e+00   53   53   37   37
 7.4207959198018236e-01   53   53   38   38
 8.1949656575763119e-01   53   53   39   39
 8.7263531829308205e-01   53   53   40   40
 8.2418955463618926e-01   53   53   41   41
 7.4615904768852603e-01   53   53   42   42
 7.1307288401471003e-01   53   53   43   43
 1.2536929215667305e+00   53   53   44   44
 1.4085722675483430e+00   53   53   45   45
 1.2420252380809846e+00   53   53   46   46
 8.7509571133287645e-01   53   53   47   47
 8.5702678546143374e-01   53   53   48   48
 5.2263786517656963e-01   53   53   49   49
 7.7049112214005289e-01   53   53   50   50
 7.1547469079870640e-01   53   53   51   51
 7.2694931657502737e-01   53   53   52   52
 8.4208384499999998e+00   53   53   53   53
 6.0401356887104851e-01   54   54    1    1
 5.9704571718391353e-01   54   54    2    2
 5.6737589310091086e-01   54   54    3    3
 5.7846805706451521e-01   54   54    4    4
 7.8095012294789168e-01   54   54    5    5
 8.4986728026281022e-01   54   54    6    6
 9.3103632462363661e-01   54   54    7    7
 9.2738458766016252e-01   54   54    8    8
 1.0052288954839672e+00   54   54    9    9
 8.3825662539769974e-01   54   54   10   10
 7.7766526987606499e-01   54   54   11   11
 1.1825197552190518e+00   54   54   12   12
 1.2840302752609605e+00   54   54   13   13
 1.5591450141101812e+00   54   54   14   14
 1.8060972567443547e+00   54   54   15   15
 1.5596427407163485e+00   54   54   16   16
 1.2843241717970282e+00   54   54   17   17
 9.2756028030478954e-01   54   54   18   18
 8.3888277267884515e-01   54   54   19   19
 7.7842964011292748e-01   54   54   20   20
 7.8192100181988733e-01   54   54   21   21
 4.5844046260072274e-01   54   54   22   22
 8.5042552854641684e-01   54   54   23   23
 9.3130052956515175e-01   54   54   24   24
 4.8920031294674426e-01   54   54   25   25
 4.7112611536023014e-01   54   54   26   26
 4.4880455114387124e-01   54   54   27   27
 4.4157065575301158e-01   54   54   28   28
 4.2062351455882446e-01   54   54   29   29
 4.5568433430078692e-01   54   54   30   30
 4.7915516001747943e-01   54   54   31   31
 5.1288313824534226e-01   54   54   32   32
 4.8141125113542033e-01   54   54   33   33
 4.7538319530039175e-01   54   54   34   34
 4.9856645429722829e-01   54   54   35   35
 5.3411524251263032e-01   54   54   36   36
 5.4230397140733877e-01   54   54   37   37
 7.1520271741286090e-01   54   54   38   38
 6.8531884571027057e-01   54   54   39   39
 6.3368559896292553e-01   54   54   40   40
 6.1126239431801765e-01   54   54   41   41
 6.3151545020891187e-01   54   54   42   42
 6.8196235151544027e-01   54   54   43   43
 5.4495261288768715e-01   54   54   44   44
 5.1578308340395307e-01   54   54   45   45
 5.5142567270725529e-01   54   54   46   46
 4.1916182037129346e-01   54   54   47   47
 3.9763868046430118e-01   54   54   48   48
 2.4777672471168413e+00   54   54   49   49
 3.8056181740055117e-01   54   54   50   50
 3.8125704581892711e-01   54   54   51   51
 4.0006077751055108e-01   54   54   52   52
 4.8752462971794158e-01   54   54   53   53
 8.4208384499999998e+00   54   54   54   54
 7.9159086338309925e-01   55   55    1    1
 7.9567654745105687e-01   55   55    2    2
 8.6869772740636686e-01   55   55    3    3
 8.6187999027617579e-01   55   55    4    4
 5.9470629037018830e-01   55   55    5    5
 6.1029264913902137e-01   55   55    6    6
 5.7509477803952158e-01   55   55    7    7
 5.3255825249640565e-01   55   55    8    8
 5.0312440157193627e-01   55   55    9    9
 5.2340719049331808e-01   55   55   10   10
 5.4901432830108288e-01   55   55   11   11
 4.9917160486830719e-01   55   55   12   12
 4.9081463681998200e-01   55   55   13   13
 4.8341262877708074e-01   55   55   14   14
 4.8365855125336660e-01   55   55   15   15
 4.9166887126701642e-01   55   55   16   16
 4.9931875909129464e-01   55   55   17   17
 4.7767562468230534e-01   55   55   18   18
 4.8253556656956365e-01   55   55   19   19
 4.5806234585108618e-01   55   55   20   20
 4.3200663113605553e-01   55   55   21   21
 3.8506641231083130e+00   55   55   22   22
 4.2795088126640335e-01   55   55   23   23
 4.4779402466771989e-01   55   55   24   24
 1.0018656077345223e+00   55   55   25   25
 9.0223966116873799e-01   55   55   26   26
 8.4037889091968865e-01   55   55   27   27
 8.5038645998243900e-01   55   55   28   28
 7.1135491381907356e-01   55   55   29   29
 9.3079592818782408e-01   55   55   30   30
 1.0172743937209690e+00   55   55   31   31
 1.2722822770897331e+00   55   55   32   32
 1.4252815821656795e+00   55   55   33   33
 1.7773056490182551e+00   55   55   34   34
 1.9889842874188519e+00   55   55   35   35
 1.6298614663275728e+00   55   55   36   36
 1.3495658120861518e+00   55   55   37   37
 6.2764229642495861e-01   55   55   38   38
 6.8185555275048104e-01   55   55   39   39
 7.1867428908130260e-01   55   55   40   40
 6.8720768998066539e-01   55   55   41   41
 6.3222404461654058e-01   55   55   42   42
 6.0733954647672317e-01   55   55   43   43
 9.6719987800077389e-01   55   55   44   44
 1.0719146717524253e+00   55   55   45   45
 9.5734379181282225e-01   55   55   46   46
 7.7728229041912267e-01   55   55   47   47
 7.7724954553634518e-01   55   55   48   48
 4.7250343901159192e-01   55   55   49   49
 7.1124661015404622e-01   55   55   50   50
 6.5976714511382784e-01   55   55   51   51
 6.6090228364654391e-01   55   55   52   52
 2.7382423128348523e+00   55   55   53   53
 4.4739494145071618e-01   55   55   54   54
 8.4208384499999998e+00   55   55   55   55
 9.5683818773671447e-01   56   56    1    1
 9.4845628827026818e-01   56   56    2    2
 1.0311489105949923e+00   56   56    3    3
 1.0583984047628876e+00   56   56    4    4
 6.9900224566205604e-01   56   56    5    5
 7.2227267545643148e-01   56   56    6    6
 6.7354033994632678e-01   56   56    7    7
 6.1563588833764249e-01   56   56    8    8
 5.7647355729172589e-01   56   56    9    9
 6.0284873029577024e-01   56   56   10   10
 6.3623738037933453e-01   56   56   11   11
 5.7308764338293527e-01   56   56   12   12
 5.6045361517683967e-01   56   56   13   13
 5.5160637620702369e-01   56   56   14   14
 5.5433859559310661e-01   56   56   15   15
 5.6666632774118941e-01   56   56   16   16
 5.7605917983843946e-01   56   56   17   17
 5.4115090157066137e-01   56   56   18   18
 5.4401819016830300e-01   56   56   19   19
 5.1128008425183846e-01   56   56   20   20
 4.8009771466323342e-01   56   56   21   21
 2.7541181302161863e+00   56   56   22   22
 4.7740414793530650e-01   56   56   23   23
 5.0379816044819559e-01   56   56   24   24
 1.1127410132491540e+00   56   56   25   25
 9.8351144142188218e-01   56   56   26   26
 8.8859464204249516e-01   56   56   27   27
 8.8083378182031136e-01   56   56   28   28
 7.2670044550135282e-01   56   56   29   29
 9.6677208749109467e-01   56   56   30   30
 1.0937484795622927e+00   56   56   31   31
 1.5425464601273511e+00   56   56   32   32
 1.6312990788054449e+00   56   56   33   33
 2.0207205980466725e+00   56   56   34   34
 2.6800829447363066e+00   56   56   35   35
 2.3546000858606737e+00   56   56   36   36
 1.7782150906080672e+00   56   56   37   37
 7.4266910729258706e-01   56   56   38   38
 8.1477982681192751e-01   56   56   39   39
 8.6196114133333479e-01   56   56   40   40
 8.1670919880642745e-01   56   56   41   41
 7.4470239927815607e-01   56   56   42   42
 7.1447010602769434e-01   56   56   43   43
 1.1640911091765109e+00   56   56   44   44
 1.2589287250757772e+00   56   56   45   45
 1.1781818539033182e+00   56   56   46   46
 7.8845801378939218e-01   56   56   47   47
 7.6943646945969679e-01   56   56   48   48
 5.3976781311240907e-01   56   56   49   49
 6.9807412802761504e-01   56   56   50   50
 6.5405759188421397e-01   56   56   51   51
 6.6646390345205175e-01   56   56   52   52
 3.8297852977397291e+00   56   56   53   53
 5.0633711255745795e-01   56   56   54   54
 2.4936319758650702e+00   56   56   55   55
 8.4208384499999998e+00   56   56   56   56
 8.4670961668596323e-01   57   57    1    1
 8.3813333649657051e-01   57   57    2    2
 9.0080713412280677e-01   57   57    3    3
 9.2640176469324620e-01   57   57    4    4
 6.4372241688355103e-01   57   57    5    5
 6.6535760627509244e-01   57   57    6    6
 6.2534557281885927e-01   57   57    7    7
 5.7471965626612009e-01   57   57    8    8
 5.4156054488004346e-01   57   57    9    9
 5.6212515128052998e-01   57   57   10   10
 5.8999748417458853e-01   57   57   11   11
 5.4091802326325933e-01   57   57   12   12
 5.3089267221555814e-01   57   57   13   13
 5.2522921323209715e-01   57   57   14   14
 5.2903968832268145e-01   57   57   15   15
 5.3913556540922658e-01   57   57   16   16
 5.4506882399937351e-01   57   57   17   17
 5.0937278494327065e-01   57   57   18   18
 5.1075907151751987e-01   57   57   19   19
 4.8134310372236871e-01   57   57   20   20
 4.5392829791157291e-01   57   57   21   21
 2.4939825510952214e+00   57   57   22   22
 4.5227574639636142e-01   57   57   23   23
 4.7648413146008811e-01   57   57   24   24
 9.6792534504212602e-01   57   57   25   25
 8.6912962802605953e-01   57   57   26   26
 7.9673863642477472e-01   57   57   27   27
 7.9382083539227188e-01   57   57   28   28
 6.6741107955126489e-01   57   57   29   29
 8.6467238543825842e-01   57   57   30   30
 9.5990294744890792e-01   57   57   31   31
 1.2720643500261024e+00   57   57   32   32
 1.3492931353757514e+00   57   57   33   33
 1.6295965160287484e+00   57   57   34   34
 1.9891754583640240e+00   57   57   35   35
 1.7778411886986591e+00   57   57   36   36
 1.4253507572344564e+00   57   57   37   37
 6.7915293781384700e-01   57   57   38   38
 7.3694646713959167e-01   57   57   39   39
 7.7399044782846682e-01   57   57   40   40
 7.3904657040459609e-01   57   57   41   41
 6.8125107086489600e-01   57   57   42   42
 6.5620277052019815e-01   57   57   43   43
 1.0001670227202415e+00   57   57   44   44
 1.0715416723905735e+00   57   57   45   45
 1.0134696176481977e+00   57   57   46   46
 7.2044473642703732e-01   57   57   47   47
 7.0847616576857253e-01   57   57   48   48
 5.1826839177541650e-01   57   57   49   49
 6.4894549054944473e-01   57   57   50   50
 6.0930821685258851e-01   57   57   51   51
 6.1767454184834303e-01   57   57   52   52
 2.7385190849320882e+00   57   57   53   53
 4.9158996653059039e-01   57   57   54   54
 2.7508163052422385e+00   57   57   55   55
 3.8520880409588143e+00   57   57   56   56
 8.4208384499999998e+00   57   57   57   57
 6.3234586739753740e-01   58   58    1    1
 6.4963277229462113e-01   58   58    2    2
 6.0924763137423499e-01   58   58    3    3
 5.8073162517643606e-01   58   58    4    4
 8.4047623665708082e-01   58   58    5    5
 8.2737129502096185e-01   58   58    6    6
 8.8950648708526148e-01   58   58    7    7
 9.9596018963924415e-01   58   58    8    8
 1.0712284579482940e+00   58   58    9    9
 1.0175133755914312e+00   58   58   10   10
 9.2705509434626554e-01   58   58   11   11
 9.7172221177774853e-01   58   58   12   12
 9.5791071402618966e-01   58   58   13   13
 8.6598115504425233e-01   58   58   14   14
 7.9995910759812705e-01   58   58   15   15
 8.0640235230001978e-01   58   58   16   16
 8.7886628710022519e-01   58   58   17   17
 1.2722290521532833e+00   58   58   18   18
 1.3845279604059588e+00   58   58   19   19
 1.6975220454409161e+00   58   58   20   20
 1.9886935740072722e+00   58   58   21   21
 4.0085714844393738e-01   58   58   22   22
 1.7002658715632428e+00   58   58   23   23
 1.3861253004725271e+00   58   58   24   24
 5.2707128872523201e-01   58   58   25   25
 5.3171466525070443e-01   58   58   26   26
 5.2552446152006971e-01   58   58   27   27
 5.1473170150481573e-01   58   58   28   28
 5.2764464801807631e-01   58   58   29   29
 5.1045494446193185e-01   58   58   30   30
 5.1632206398167180e-01   58   58   31   31
 4.9759119209149033e-01   58   58   32   32
 4.6621960397643036e-01   58   58   33   33
 4.4287423681836530e-01   58   58   34   34
 4.4415244201116888e-01   58   58   35   35
 4.7032301823416600e-01   58   58   36   36
 4.9847602278947095e-01   58   58   37   37
 7.6799829223231919e-01   58   58   38   38
 7.2630678460118037e-01   58   58   39   39
 6.7012721595629210e-01   58   58   40   40
 6.5134627889762275e-01   58   58   41   41
 6.8012900865147907e-01   58   58   42   42
 7.3857165668282443e-01   58   58   43   43
 5.6167947141323216e-01   58   58   44   44
 5.2852640738848389e-01   58   58   45   45
 5.5187065404745894e-01   58   58   46   46
 5.0398838802734081e-01   58   58   47   47
 4.7137315872916602e-01   58   58   48   48
 7.2724160263565629e-01   58   58   49   49
 4.6087268395352526e-01   58   58   50   50
 4.7801413515345009e-01   58   58   51   51
 5.1171496037770525e-01   58   58   52   52
 4.2010862661908915e-01   58   58   53   53
 6.1537672135703014e-01   58   58   54   54
 3.8219800466907866e-01   58   58   55   55
 4.1690396446547889e-01   58   58   56   56
 3.9603339877374388e-01   58   58   57   57
 8.4208384499999998e+00   58   58   58   58
 5.9868054577615926e-01   59   59    1    1
 6.1719117730418871e-01   59   59    2    2
 5.8272848648996856e-01   59   59    3    3
 5.5195264369473707e-01   59   59    4    4
 7.7942227783397056e-01   59   59    5    5
 7.7635991163932561e-01   59   59    6    6
 8.3684205601792316e-01   59   59    7    7
 9.2535686205267842e-01   59   59    8    8
 1.0031080932974263e+00   59   59    9    9
 9.2860150048728218e-01   59   59   10   10
 8.4782149235059312e-01   59   59   11   11
 9.2624814296624258e-01   59   59   12   12
 9.3138379525645953e-01   59   59   13   13
 8.5061878751852238e-01   59   59   14   14
 7.8101516242384761e-01   59   59   15   15
 7.7686588435178638e-01   59   59   16   16
 8.3681673291338676e-01   59   59   17   17
 1.1799429992630617e+00   59   59   18   18
 1.2807433950921303e+00   59   59   19   19
 1.5549404375689067e+00   59   59   20   20
 1.7986835886068409e+00   59   59   21   21
 3.9166785117971359e-01   59   59   22   22
 1.5547819328418140e+00   59   59   23   23
 1.2806769354071137e+00   59   59   24   24
 5.0872725379142647e-01   59   59   25   25
 5.1146733395653488e-01   59   59   26   26
 5.0655355514341993e-01   59   59   27   27
 4.9880348418828985e-01   59   59   28   28
 5.1310708435497943e-01   59   59   29   29
 4.9622627769755079e-01   59   59   30   30
 5.0101710988435844e-01   59   59   31   31
 4.8125580178028937e-01   59   59   32   32
 4.5159873957205510e-01   59   59   33   33
 4.3010604289738946e-01   59   59   34   34
 4.3205037087845294e-01   59   59   35   35
 4.5715912382049390e-01   59   59   36   36
 4.8312659116838608e-01   59   59   37   37
 7.1399710309060260e-01   59   59   38   38
 6.8084443536939465e-01   59   59   39   39
 6.2975160886696502e-01   59   59   40   40
 6.0971999111469255e-01   59   59   41   41
 6.3253401979535062e-01   59   59   42   42
 6.8390560007619827e-01   59   59   43   43
 5.3848624101961129e-01   59   59   44   44
 5.0938986064855563e-01   59   59   45   45
 5.2736390956485935e-01   59   59   46   46
 4.8960348971748346e-01   59   59   47   47
 4.5863857905362093e-01   59   59   48   48
 7.1560038431735518e-01   59   59   49   49
 4.4940149858891348e-01   59   59   50   50
 4.6666470547211614e-01   59   59   51   51
 4.9899153449749883e-01   59   59   52   52
 4.0966459420923512e-01   59   59   53   53
 6.1134354446545702e-01   59   59   54   54
 3.7409385147402335e-01   59   59   55   55
 4.0663474035411329e-01   59   59   56   56
 3.8707409368635004e-01   59   59   57   57
 3.8423991093741710e+00   59   59   58   58
 8.4208384499999998e+00   59   59   59   59
 7.7941115679557171e-01   60   60    1    1
 7.7686270475520991e-01   60   60    2    2
 8.3802006010711250e-01   60   60    3    3
 8.4783311653217719e-01   60   60    4    4
 5.9717378080243766e-01   60   60    5    5
 6.1507463241743743e-01   60   60    6    6
 5.8050938587334922e-01   60   60    7    7
 5.3666834844981381e-01   60   60    8    8
 5.0758770741692405e-01   60   60    9    9
 5.2595813713740591e-01   60   60   10   10
 5.5072119135544451e-01   60   60   11   11
 5.0617168150532232e-01   60   60   12   12
 4.9795706191744687e-01   60   60   13   13
 4.9251729662905575e-01   60   60   14   14
 4.9480234590378935e-01   60   60   15   15
 5.0297348296166156e-01   60   60   16   16
 5.0860861702642435e-01   60   60   17   17
 4.8005944808124046e-01   60   60   18   18
 4.8267608919111515e-01   60   60   19   19
 4.5702736247836601e-01   60   60   20   20
 4.3175580011803949e-01   60   60   21   21
 2.7527046805494475e+00   60   60   22   22
 4.2928026884567572e-01   60   60   23   23
 4.5040169415224257e-01   60   60   24   24
 9.2795766659933732e-01   60   60   25   25
 8.3886347040077047e-01   60   60   26   26
 7.7840339667472314e-01   60   60   27   27
 7.8219858817814725e-01   60   60   28   28
 6.6123080665872802e-01   60   60   29   29
 8.5123839193933926e-01   60   60   30   30
 9.3233466286883460e-01   60   60   31   31
 1.1824701123001418e+00   60   60   32   32
 1.2840861743618817e+00   60   60   33   33
 1.5592174137800348e+00   60   60   34   34
 1.8061319793771529e+00   60   60   35   35
 1.5595983943215954e+00   60   60   36   36
 1.2842746633073159e+00   60   60   37   37
 6.2856524451378748e-01   60   60   38   38
 6.7985078255735842e-01   60   60   39   39
 7.1352323206114021e-01   60   60   40   40
 6.8358356831637079e-01   60   60   41   41
 6.3190848343224848e-01   60   60   42   42
 6.0871799559431339e-01   60   60   43   43
 9.2683031825277740e-01   60   60   44   44
 1.0052548138807322e+00   60   60   45   45
 9.2934449389905638e-01   60   60   46   46
 7.1597255092084378e-01   60   60   47   47
 7.1130191015261190e-01   60   60   48   48
 4.8520261081766780e-01   60   60   49   49
 6.5397797877036068e-01   60   60   50   50
 6.1145866949243599e-01   60   60   51   51
 6.1531936205251281e-01   60   60   52   52
 2.4777651264685940e+00   60   60   53   53
 4.6189493850284530e-01   60   60   54   54
 3.8437658433947979e+00   60   60   55   55
 2.7523716056114451e+00   60   60   56   56
 3.8420552921161302e+00   60   60   57   57
 3.8003790125330317e-01   60   60   58   58
 3.7202710185697113e-01   60   60   59   59
 8.4208384499999998e+00   60   60   60   60
 6.0822300300189625e-01   61   61    1    1
 6.2864505371792234e-01   61   61    2    2
 5.9399351371310039e-01   61   61    3    3
 5.6016806851867629e-01   61   61    4    4
 7.9907999268893026e-01   61   61    5    5
 8.0661818703475774e-01   61   61    6    6
 8.7969447432954972e-01   61   61    7    7
 9.7157950281132044e-01   61   61    8    8
 1.0720179696998546e+00   61   61    9    9
 9.5586450184466809e-01   61   61   10   10
 8.6396313248696555e-01   61   61   11   11
 9.9770389321370900e-01   61   61   12   12
 1.0215264831190478e+00   61   61   13   13
 9.3097745137269161e-01   61   61   14   14
 8.4285961288031552e-01   61   61   15   15
 8.2852980951661803e-01   61   61   16   16
 8.9015439525774431e-01   61   61   17   17
 1.2729482144917759e+00   61   61   18   18
 1.3869773163420385e+00   61   61   19   19
 1.7012001631425770e+00   61   61   20   20
 1.9889775180079745e+00   61   61   21   21
 4.0058417398744489e-01   61   61   22   22
 1.6973914206556930e+00   61   61   23   23
 1.3848776070572892e+00   61   61   24   24
 5.1656679220381452e-01   61   61   25   25
 5.1647400586045256e-01   61   61   26   26
 5.1017795528378873e-01   61   61   27   27
 5.0373471170328543e-01   61   61   28   28
 5.1614943346270303e-01   61   61   29   29
 5.0375213922502016e-01   61   61   30   30
 5.0997021023110956e-01   61   61   31   31
 4.9110006020748137e-01   61   61   32   32
 4.5976695938251910e-01   61   61   33   33
 4.3854032850606423e-01   61   61   34   34
 4.4208790786128516e-01   61   61   35   35
 4.6910146722015911e-01   61   61   36   36
 4.9525152884354140e-01   61   61   37   37
 7.2628237608206048e-01   61   61   38   38
 6.9419035397482820e-01   61   61   39   39
 6.3863187477335681e-01   61   61   40   40
 6.1434267948915167e-01   61   61   41   41
 6.3556416279802597e-01   61   61   42   42
 6.8975184256316002e-01   61   61   43   43
 5.4807543091660393e-01   61   61   44   44
 5.1861491707377294e-01   61   61   45   45
 5.3572086558251797e-01   61   61   46   46
 4.9307424336783195e-01   61   61   47   47
 4.6126216253156882e-01   61   61   48   48
 7.7026506988237098e-01   61   61   49   49
 4.5102489991286254e-01   61   61   50   50
 4.6776135882586567e-01   61   61   51   51
 5.0063551783796734e-01   61   61   52   52
 4.1949042207706672e-01   61   61   53   53
 6.5349689332611749e-01   61   61   54   54
 3.8276410055032800e-01   61   61   55   55
 4.1707739608942113e-01   61   61   56   56
 3.9707855517495694e-01   61   61   57   57
 2.7667560679127021e+00   61   61   58   58
 3.8418844177431342e+00   61   61   59   59
 3.8117663897189602e-01   61   61   60   60
 8.4208384499999998e+00   61   61   61   61
 6.5340646542395631e-01   62   62    1    1
 6.7512691903380850e-01   62   62    2    2
 6.3409670422112907e-01   62   62    3    3
 5.9863703553914860e-01   62   62    4    4
 8.8831850282448077e-01   62   62    5    5
 9.0279094927664694e-01   62   62    6    6
 9.9950585641006362e-01   62   62    7    7
 1.1187631293371008e+00   62   62    8    8
 1.2602154104219612e+00   62   62    9    9
 1.0879064045112499e+00   62   62   10   10
 9.6591924852487510e-01   62   62   11   11
 1.1605687670591105e+00   62   62   12   12
 1.1911825147721720e+00   62   62   13   13
 1.0652460543485121e+00   62   62   14   14
 9.5130399110097363e-01   62   62   15   15
 9.3475288120898692e-01   62   62   16   16
 1.0155300072251054e+00   62   62   17   17
 1.5444227931531591e+00   62   62   18   18
 1.7023331692107433e+00   62   62   19   19
 2.1710231194266960e+00   62   62   20   20
 2.6768239603791284e+00   62   62   21   21
 4.2000293460132415e-01   62   62   22   22
 2.1629461037297846e+00   62   62   23   23
 1.6984533499278514e+00   62   62   24   24
 5.4373826086048571e-01   62   62   25   25
 5.4190021604496363e-01   62   62   26   26
 5.3255599769196016e-01   62   62   27   27
 5.2469548933789223e-01   62   62   28   28
 5.3334893076200141e-01   62   62   29   29
 5.2622058737907407e-01   62   62   30   30
 5.3539858898639869e-01   62   62   31   31
 5.1898372175177188e-01   62   62   32   32
 4.8375986879321381e-01   62   62   33   33
 4.6101545601293492e-01   62   62   34   34
 4.6593435781669251e-01   62   62   35   35
 4.9649662144723683e-01   62   62   36   36
 5.2513082565784386e-01   62   62   37   37
 7.9628439118860150e-01   62   62   38   38
 7.5704909402302378e-01   62   62   39   39
 6.8966326064270278e-01   62   62   40   40
 6.6045284888922007e-01   62   62   41   41
 6.8514868917089011e-01   62   62   42   42
 7.5043932021723669e-01   62   62   43   43
 5.8260803075414891e-01   62   62   44   44
 5.4849160109709039e-01   62   62   45   45
 5.7003871023340213e-01   62   62   46   46
 5.1070669163265237e-01   62   62   47   47
 4.7631469746057431e-01   62   62   48   48
 8.5676046111180448e-01   62   62   49   49
 4.6367384603802270e-01   62   62   50   50
 4.7965232450454781e-01   62   62   51   51
 5.1443390747994600e-01   62   62   52   52
 4.4137330396276742e-01   62   62   53   53
 7.1076528563922181e-01   62   62   54   54
 4.0077265086246966e-01   62   62   55   55
 4.3960741332547604e-01   62   62   56   56
 4.1769759528748374e-01   62   62   57   57
 2.4886103609244778e+00   62   62   58   58
 2.7297015711352364e+00   62   62   59   59
 3.9971463061392970e-01   62   62   60   60
 3.8409083351560063e+00   62   62   61   61
 8.4208384499999998e+00   62   62   62   62
 7.0343420585879246e-01   63   63    1    1
 6.9091930501873133e-01   63   63    2    2
 6.4884690792647648e-01   63   63    3    3
 6.6848552855694821e-01   63   63    4    4
 9.5926354092479460e-01   63   63    5    5
 1.0614488888245510e+00   63   63    6    6
 1.1808276523708174e+00   63   63    7    7
 1.1653294108268832e+00   63   63    8    8
 1.2595000199364366e+00   63   63    9    9
 1.0320247987140592e+00   63   63   10   10
 9.5001174364773944e-01   63   63   11   11
 1.5432985752087387e+00   63   63   12   12
 1.6315926135031666e+00   63   63   13   13
 2.0207119787798948e+00   63   63   14   14
 2.6806122784796726e+00   63   63   15   15
 2.3560291005913863e+00   63   63   16   16
 1.7792735538640028e+00   63   63   17   17
 1.1128773950369772e+00   63   63   18   18
 9.8391985710499141e-01   63   63   19   19
 8.8899110932553216e-01   63   63   20   20
 8.8102987306118852e-01   63   63   21   21
 4.9901432833629916e-01   63   63   22   22
 9.6661579768003014e-01   63   63   23   23
 1.0934053827730241e+00   63   63   24   24
 5.4609313149131122e-01   63   63   25   25
 5.2539549686757370e-01   63   63   26   26
 4.9725966989798148e-01   63   63   27   27
 4.8648696263643865e-01   63   63   28   28
 4.6003989592242039e-01   63   63   29   29
 5.0196104377090645e-01   63   63   30   30
 5.3102944422841802e-01   63   63   31   31
 5.7406006116161234e-01   63   63   32   32
 5.3450276209895464e-01   63   63   33   33
 5.2504872028774741e-01   63   63   34   34
 5.5112087398334808e-01   63   63   35   35
 5.9515633870439766e-01   63   63   36   36
 6.0857262964881442e-01   63   63   37   37
 8.6443100925483740e-01   63   63   38   38
 8.1906575293683181e-01   63   63   39   39
 7.4696149611756957e-01   63   63   40   40
 7.1787000932420464e-01   63   63   41   41
 7.4679226611649263e-01   63   63   42   42
 8.1790911351767237e-01   63   63   43   43
 6.1964004769243053e-01   63   63   44   44
 5.7988539741650358e-01   63   63   45   45
 6.3025778821740397e-01   63   63   46   46
 4.5893774455857778e-01   63   63   47   47
 4.3331236838831244e-01   63   63   48   48
 3.8305189785584561e+00   63   63   49   49
 4.1277312603457045e-01   63   63   50   50
 4.1311178264499210e-01   63   63   51   51
 4.3508698111806005e-01   63   63   52   52
 5.3484811080402239e-01   63   63   53   53
 2.7526081663370010e+00   63   63   54   54
 4.8384698487537109e-01   63   63   55   55
 5.5570073090468375e-01   63   63   56   56
 5.3496543678203523e-01   63   63   57   57
 6.6679730463302600e-01   63   63   58   58
 6.5424026687272974e-01   63   63   59   59
 4.9924152871565081e-01   63   63   60   60
 6.9799170684914724e-01   63   63   61   61
 7.6936896845935610e-01   63   63   62   62
 8.4208384499999998e+00   63   63   63   63
 6.9767685322567841e-01   64   64    1    1
 7.1795137218526639e-01   64   64    2    2
 6.6833744759858360e-01   64   64    3    3
 6.3564890048338019e-01   64   64    4    4
 9.8248993525866313e-01   64   64    5    5
 9.8590075542573963e-01   64   64    6    6
 1.0930701532301790e+00   64   64    7    7
 1.2521659329156574e+00   64   64    8    8
 1.4059086015877003e+00   64   64    9    9
 1.2416936454015430e+00   64   64   10   10
 1.0896519680208634e+00   64   64   11   11
 1.2534569555017381e+00   64   64   12   12
 1.2456525725533623e+00   64   64   13   13
 1.0931431468406854e+00   64   64   14   14
 9.8433163793868084e-01   64   64   15   15
 9.8646777751629100e-01   64   64   16   16
 1.0929748972973323e+00   64   64   17   17
 1.7797392998668289e+00   64   64   18   18
 1.9858736149825651e+00   64   64   19   19
 2.6735824711712324e+00   64   64   20   20
 3.6990044026442339e+00   64   64   21   21
 4.3110111577777654e-01   64   64   22   22
 2.6739570055533992e+00   64   64   23   23
 1.9860902022499249e+00   64   64   24   24
 5.6600176095340582e-01   64   64   25   25
 5.6592233580792517e-01   64   64   26   26
 5.5451847331652759e-01   64   64   27   27
 5.4307504905252146e-01   64   64   28   28
 5.4949749359007782e-01   64   64   29   29
 5.4295908933582193e-01   64   64   30   30
 5.5384736923994915e-01   64   64   31   31
 5.3930130720355363e-01   64   64   32   32
 5.0157210757416704e-01   64   64   33   33
 4.7655338513521589e-01   64   64   34   34
 4.8088477187546397e-01   64   64   35   35
 5.1310066836052226e-01   64   64   36   36
 5.4461278962240489e-01   64   64   37   37
 8.7354232023203238e-01   64   64   38   38
 8.2100667806049787e-01   64   64   39   39
 7.4364138861919382e-01   64   64   40   40
 7.1433756168388085e-01   64   64   41   41
 7.4700823072442513e-01   64   64   42   42
 8.2477848250467678e-01   64   64   43   43
 6.1198953158194314e-01   64   64   44   44
 5.7226943108074424e-01   64   64   45   45
 6.0109620320724599e-01   64   64   46   46
 5.2687337826550584e-01   64   64   47   47
 4.9044020499246427e-01   64   64   48   48
 8.7524185927952181e-01   64   64   49   49
 4.7614323982588841e-01   64   64   50   50
 4.9183853583168508e-01   64   64   51   51
 5.2821171322387617e-01   64   64   52   52
 4.5419552185061435e-01   64   64   53   53
 7.1583287992143907e-01   64   64   54   54
 4.1050493676603067e-01   64   64   55   55
 4.5233413024781910e-01   64   64   56   56
 4.2870610486654176e-01   64   64   57   57
 2.7494625653160667e+00   64   64   58   58
 2.4729689604211536e+00   64   64   59   59
 4.0941046015931110e-01   64   64   60   60
 2.7494276659782906e+00   64   64   61   61
 3.8231289917742162e+00   64   64   62   62
 7.8872548423602462e-01   64   64   63   63
 8.4208384499999998e+00   64   64   64   64
 6.0332626134254186e-01   65   65    1    1
 5.9973735183526100e-01   65   65    2    2
 5.6920539256287472e-01   65   65    3    3
 5.7438766163052801e-01   65   65    4    4
 7.9279631842286047e-01   65   65    5    5
 8.6362367124642170e-01   65   65    6    6
 9.5885531693452519e-01   65   65    7    7
 9.6750393826017145e-01   65   65    8    8
 1.0715866031749151e+00   65   65    9    9
 8.6860940554540078e-01   65   65   10   10
 7.9615321032369679e-01   65   65   11   11
 1.2720719830232508e+00   65   65   12   12
 1.4251346624111680e+00   65   65   13   13
 1.7774147264942686e+00   65   65   14   14
 1.9889558536892979e+00   65   65   15   15
 1.6295907214816343e+00   65   65   16   16
 1.3492843835021604e+00   65   65   17   17
 1.0011171649193800e+00   65   65   18   18
 9.0208827856708274e-01   65   65   19   19
 8.4027578054513219e-01   65   65   20   20
 8.4989026828279690e-01   65   65   21   21
 4.5022596322879205e-01   65   65   22   22
 9.2953626432386649e-01   65   65   23   23
 1.0156627052919265e+00   65   65   24   24
 4.8985050755814680e-01   65   65   25   25
 4.7263119587941849e-01   65   65   26   26
 4.5148976042019023e-01   65   65   27   27
 4.4477311403331676e-01   65   65   28   28
 4.2619082053766433e-01   65   65   29   29
 4.5841228084807795e-01   65   65   30   30
 4.8064765573146934e-01   65   65   31   31
 5.0899187617623876e-01   65   65   32   32
 4.7697018963681170e-01   65   65   33   33
 4.6930496852161596e-01   65   65   34   34
 4.9066822678220523e-01   65   65   35   35
 5.2595137298841454e-01   65   65   36   36
 5.3643959394169827e-01   65   65   37   37
 7.1998307626576397e-01   65   65   38   38
 6.8857335532599462e-01   65   65   39   39
 6.3355228124924134e-01   65   65   40   40
 6.0936787403731452e-01   65   65   41   41
 6.3009983705296724e-01   65   65   42   42
 6.8351658361932166e-01   65   65   43   43
 5.4364216377132124e-01   65   65   44   44
 5.1433444098570102e-01   65   65   45   45
 5.4752021170065290e-01   65   65   46   46
 4.2311307385064301e-01   65   65   47   47
 4.0066169356709702e-01   65   65   48   48
 2.7384495999464722e+00   65   65   49   49
 3.8406719316481169e-01   65   65   50   50
 3.8594324437877447e-01   65   65   51   51
 4.0581820946825942e-01   65   65   52   52
 4.7810653405193715e-01   65   65   53   53
 3.8427542151001153e+00   65   65   54   54
 4.3829940044039456e-01   65   65   55   55
 4.9411084339564537e-01   65   65   56   56
 4.7848447015526030e-01   65   65   57   57
 6.6090777577543924e-01   65   65   58   58
 6.5957575075847863e-01   65   65   59   59
 4.5065055605915888e-01   65   65   60   60
 7.1058669018561937e-01   65   65   61   61
 7.7647807151736736e-01   65   65   62   62
 2.4938895305384885e+00   65   65   63   63
 7.7700444588443451e-01   65   65   64   64
 8.4208384499999998e+00   65   65   65   65
 6.8444219442241860e-01   66   66    1    1
 7.0205023143852197e-01   66   66    2    2
 6.5323852300418195e-01   66   66    3    3
 6.2461374904724920e-01   66   66    4    4
 9.4841758527995434e-01   66   66    5    5
 9.3322731444056772e-01   66   66    6    6
 1.0145292117215465e+00   66   66    7    7
 1.1581427405536815e+00   66   66    8    8
 1.2589281084223942e+00   66   66    9    9
 1.1859395192128543e+00   66   66   10   10
 1.0604309228106259e+00   66   66   11   11
 1.1186843983152610e+00   66   66   12   12
 1.0900537123734957e+00   66   66   13   13
 9.6793439779505330e-01   66   66   14   14
 8.8907744566936175e-01   66   66   15   15
 9.0235522289034986e-01   66   66   16   16
 9.9831644568898303e-01   66   66   17   17
 1.5431445389962570e+00   66   66   18   18
 1.6975281084927012e+00   66   66   19   19
 2.1626504661552572e+00   66   66   20   20
 2.6762835689570448e+00   66   66   21   21
 4.2031903980263891e-01   66   66   22   22
 2.1698031562773421e+00   66   66   23   23
 1.7010860187916790e+00   66   66   24   24
 5.5631688894842524e-01   66   66   25   25
 5.6000600443708326e-01   66   66   26   26
 5.5049228972474373e-01   66   66   27   27
 5.3743592763289605e-01   66   66   28   28
 5.4633417641596627e-01   66   66   29   29
 5.3403808965817090e-01   66   66   30   30
 5.4292344278927518e-01   66   66   31   31
 5.2683889488237157e-01   66   66   32   32
 4.9146362022416284e-01   66   66   33   33
 4.6616871800905674e-01   66   66   34   34
 4.6840293028442065e-01   66   66   35   35
 4.9797283534910664e-01   66   66   36   36
 5.2906405357035458e-01   66   66   37   37
 8.5415697585926975e-01   66   66   38   38
 8.0060316025074763e-01   66   66   39   39
 7.3102806429882672e-01   66   66   40   40
 7.0848910464664538e-01   66   66   41   41
 7.4374346175748063e-01   66   66   42   42
 8.1673565703154294e-01   66   66   43   43
 5.9944150419849085e-01   66   66   44   44
 5.6053718907803718e-01   66   66   45   45
 5.9011556233580265e-01   66   66   46   46
 5.2312781039911782e-01   66   66   47   47
 4.8771166546590561e-01   66   66   48   48
 7.9712966236590610e-01   66   66   49   49
 4.7461871379681531e-01   66   66   50   50
 4.9095551687874667e-01   66   66   51   51
 5.2672933018981694e-01   66   66   52   52
 4.4210455793772890e-01   66   66   53   53
 6.6133841644297886e-01   66   66   54   54
 4.0010369799948231e-01   66   66   55   55
 4.3939544801993563e-01   66   66   56   56
 4.1645056485336335e-01   66   66   57   57
 3.8404264113077016e+00   66   66   58   58
 2.7296896285592136e+00   66   66   59   59
 3.9836899998156050e-01   66   66   60   60
 2.4885773781869829e+00   66   66   61   61
 2.7298879889034864e+00   66   66   62   62
 7.2711620289959888e-01   66   66   63   63
 3.8236505860726226e+00   66   66   64   64
 7.1140178133358523e-01   66   66   65   65
 8.4208384499999998e+00   66   66   66   66
 6.4854367552804237e-01   67   67    1    1
 6.3727997270386383e-01   67   67    2    2
 6.0299010345012416e-01   67   67    3    3
 6.2121731314396944e-01   67   67    4    4
 8.4875520832930806e-01   67   67    5    5
 9.2895596110200429e-01   67   67    6    6
 1.0155654289014933e+00   67   67    7    7
 1.0010549612130797e+00   67   67    8    8
 1.0718198344137393e+00   67   67    9    9
 9.0141776713515098e-01   67   67   10   10
 8.3937493661278306e-01   67   67   11   11
 1.2723982864325283e+00   67   67   12   12
 1.3493322385216679e+00   67   67   13   13
 1.6294188352033121e+00   67   67   14   14
 1.9891488737875866e+00   67   67   15   15
 1.7782899508305481e+00   67   67   16   16
 1.4257966141398168e+00   67   67   17   17
 9.6783885945264236e-01   67   67   18   18
 8.6934457079869187e-01   67   67   19   19
 7.9694463835669715e-01   67   67   20   20
 7.9380003487745943e-01   67   67   21   21
 4.8234132234048072e-01   67   67   22   22
 8.6426599714336527e-01   67   67   23   23
 9.5932570329903999e-01   67   67   24   24
 5.1499055276904171e-01   67   67   25   25
 4.9523835845693948e-01   67   67   26   26
 4.6970133856013607e-01   67   67   27   27
 4.6065068309038026e-01   67   67   28   28
 4.3599515828900781e-01   67   67   29   29
 4.7566232567084110e-01   67   67   30   30
 5.0230150657188410e-01   67   67   31   31
 5.4328634388964470e-01   67   67   32   32
 5.0857960968611293e-01   67   67   33   33
 5.0204545300635428e-01   67   67   34   34
 5.2767442049383684e-01   67   67   35   35
 5.6717719803999278e-01   67   67   36   36
 5.7619595292241976e-01   67   67   37   37
 7.7618423473289144e-01   67   67   38   38
 7.4123672801381424e-01   67   67   39   39
 6.8348895396593823e-01   67   67   40   40
 6.5940784478426029e-01   67   67   41   41
 6.8287367635209661e-01   67   67   42   42
 7.3972250123092120e-01   67   67   43   43
 5.7956614158898856e-01   67   67   44   44
 5.4595357758230179e-01   67   67   45   45
 5.8936976036515687e-01   67   67   46   46
 4.3555410177700837e-01   67   67   47   47
 4.1270002640358261e-01   67   67   48   48
 2.7383641105242309e+00   67   67   49   49
 3.9380798541219669e-01   67   67   50   50
 3.9371955415821974e-01   67   67   51   51
 4.1338304822537175e-01   67   67   52   52
 5.1524447630030645e-01   67   67   53   53
 3.8430712270223850e+00   67   67   54   54
 4.6995230923039172e-01   67   67   55   55
 5.3677513274137112e-01   67   67   56   56
 5.1986289864378921e-01   67   67   57   57
 6.1786429754097816e-01   67   67   58   58
 6.0934564695945503e-01   67   67   59   59
 4.8620677080798008e-01   67   67   60   60
 6.4869493483258556e-01   67   67   61   61
 7.0821215864705245e-01   67   67   62   62
 3.8513393751566172e+00   67   67   63   63
 7.2051426531779816e-01   67   67   64   64
 2.7508424966226777e+00   67   67   65   65
 6.6766338681897508e-01   67   67   66   66
 8.4208384499999998e+00   67   67   67   67
 6.4651599957275885e-01   68   68    1    1
 6.4358503330997308e-01   68   68    2    2
 6.0714242600499713e-01   68   68    3    3
 6.1093698818687769e-01   68   68    4    4
 8.7978558140816887e-01   68   68    5    5
 9.6578211022944638e-01   68   68    6    6
 1.0927093893577713e+00   68   68    7    7
 1.1123532286312607e+00   68   68    8    8
 1.2590826804907265e+00   68   68    9    9
 9.8292634445012872e-01   68   68   10   10
 8.8799598647863986e-01   68   68   11   11
 1.5426463561629293e+00   68   68   12   12
 1.7782415925710182e+00   68   68   13   13
 2.3546019982626776e+00   68   68   14   14
 2.6798882620533333e+00   68   68   15   15
 2.0204105846522853e+00   68   68   16   16
 1.6311583200465933e+00   68   68   17   17
 1.1653863628772063e+00   68   68   18   18
 1.0329086500501425e+00   68   68   19   19
 9.5116260488244564e-01   68   68   20   20
 9.6070805239442258e-01   68   68   21   21
 4.6367890898664260e-01   68   68   22   22
 1.0621884749802211e+00   68   68   23   23
 1.1809180506993613e+00   68   68   24   24
 5.1631940783833086e-01   68   68   25   25
 4.9857300498032475e-01   68   68   26   26
 4.7575903142782772e-01   68   68   27   27
 4.6786076650235231e-01   68   68   28   28
 4.4854308154736489e-01   68   68   29   29
 4.8177346264562887e-01   68   68   30   30
 5.0558219719157504e-01   68   68   31   31
 5.3395601462571707e-01   68   68   32   32
 4.9810438268456236e-01   68   68   33   33
 4.8789081181243898e-01   68   68   34   34
 5.0930236180939681e-01   68   68   35   35
 5.4795579202135825e-01   68   68   36   36
 5.6217593182410419e-01   68   68   37   37
 7.8815247642939223e-01   68   68   38   38
 7.4914951596163992e-01   68   68   39   39
 6.8278546017881214e-01   68   68   40   40
 6.5432596894515271e-01   68   68   41   41
 6.7893234042122252e-01   68   68   42   42
 7.4329050383989392e-01   68   68   43   43
 5.7617554105802704e-01   68   68   44   44
 5.4231840675346366e-01   68   68   45   45
 5.7969053686458760e-01   68   68   46   46
 4.4442690384137845e-01   68   68   47   47
 4.1942207091110928e-01   68   68   48   48
 3.8302949497809804e+00   68   68   49   49
 4.0158302156071007e-01   68   68   50   50
 4.0414216808379672e-01   68   68   51   51
 4.2627617914338833e-01   68   68   52   52
 4.9361561717322922e-01   68   68   53   53
 2.7524747365542814e+00   68   68   54   54
 4.4950093365639743e-01   68   68   55   55
 5.0872573214393557e-01   68   68   56   56
 4.9017224694365241e-01   68   68   57   57
 7.2219969033939724e-01   68   68   58   58
 7.1799562497692471e-01   68   68   59   59
 4.6096949393264169e-01   68   68   60   60
 7.7746100809672880e-01   68   68   61   61
 8.6012011629024399e-01   68   68   62   62
 2.7540940747342395e+00   68   68   63   63
 8.6537974479119417e-01   68   68   64   64
 3.8515335890700668e+00   68   68   65   65
 7.8512955601019530e-01   68   68   66   66
 2.4937518385757587e+00   68   68   67   67
 8.4208384499999998e+00   68   68   68   68
 2.7089391326926009e+00   69   69    1    1
 3.5289887954861472e+00   69   69    2    2
 4.4594225887574250e+00   69   69    3    3
 2.4830643829720578e+00   69   69    4    4
 1.6957792354693759e+00   69   69    5    5
 1.7148532000311036e+00   69   69    6    6
 1.5528236465065353e+00   69   69    7    7
 1.4122472403003148e+00   69   69    8    8
 1.2811441234333489e+00   69   69    9    9
 1.4079161967004501e+00   69   69   10   10
 1.5217283612865276e+00   69   69   11   11
 1.1996042801644240e+00   69   69   12   12
 1.1541886109999651e+00   69   69   13   13
 1.0784786805540498e+00   69   69   14   14
 1.0424168629419275e+00   69   69   15   15
 1.0737741027051320e+00   69   69   16   16
 1.1481392031907958e+00   69   69   17   17
 1.2292702339939943e+00   69   69   18   18
 1.3004990647793557e+00   69   69   19   19
 1.2216292251956156e+00   69   69   20   20
 1.1020140258280851e+00   69   69   21   21
 1.4100031263270600e+00   69   69   22   22
 1.0575738219805686e+00   69   69   23   23
 1.1072181083569634e+00   69   69   24   24
 3.2036767232907453e+00   69   69   25   25
 2.8868286598138702e+00   69   69   26   26
 2.5342190539814391e+00   69   69   27   27
 2.4171876495476221e+00   69   69   28   28
 1.9923192448855231e+00   69   69   29   29
 2.5830225677585901e+00   69   69   30   30
 2.9660990265895038e+00   69   69   31   31
 2.5648378077644285e+00   69   69   32   32
 2.1288371357018074e+00   69   69   33   33
 1.8324012905995817e+00   69   69   34   34
 1.7839682244628603e+00   69   69   35   35
 1.9976794121711896e+00   69   69   36   36
 2.4169321279423364e+00   69   69   37   37
 1.8252525234678350e+00   69   69   38   38
 2.1630409570415852e+00   69   69   39   39
 2.2466928915592934e+00   69   69   40   40
 1.9173954230167778e+00   69   69   41   41
 1.6772451191176148e+00   69   69   42   42
 1.6454263330527239e+00   69   69   43   43
 3.4518917486992651e+00   69   69   44   44
 3.1895288159899753e+00   69   69   45   45
 2.6916526030788348e+00   69   69   46   46
 2.0299592690581805e+00   69   69   47   47
 1.7412909158750407e+00   69   69   48   48
 9.6904912294918266e-01   69   69   49   49
 1.5410754739276835e+00   69   69   50   50
 1.5216759546634251e+00   69   69   51   51
 1.6967198663005765e+00   69   69   52   52
 1.5331288470661786e+00   69   69   53   53
 8.4760214838972281e-01   69   69   54   54
 1.2573406809607262e+00   69   69   55   55
 1.4373465965219161e+00   69   69   56   56
 1.2763466105293715e+00   69   69   57   57
 9.4477704192070600e-01   69   69   58   58
 9.1024208867459655e-01   69   69   59   59
 1.2059241885372656e+00   69   69   60   60
 9.3016937436967129e-01   69   69   61   61
 9.8858039553116606e-01   69   69   62   62
 9.5667793384130828e-01   69   69   63   63
 1.0327224528995376e+00   69   69   64   64
 8.5544744273252793e-01   69   69   65   65
 1.0066406811130075e+00   69   69   66   66
 8.9267631689944837e-01   69   69   67   67
 9.1100712869587330e-01   69   69   68   68
 9.6429912899999994e+00   69   69   69   69
 2.7085774488964978e+00   70   70    1    1
 2.4827160644914348e+00   70   70    2    2
 2.6913091519303345e+00   70   70    3    3
 3.5285888607360483e+00   70   70    4    4
 1.4710787602430528e+00   70   70    5    5
 1.4448854661672543e+00   70   70    6    6
 1.2865599695773915e+00   70   70    7    7
 1.1781925411850467e+00   70   70    8    8
 1.0661301869223327e+00   70   70    9    9
 1.1969043576809921e+00   70   70   10   10
 1.3185883865110317e+00   70   70   11   11
 1.0246863983757235e+00   70   70   12   12
 9.7223825499508176e-01   70   70   13   13
 9.3048268816957047e-01   70   70   14   14
 9.3143001206196741e-01   70   70   15   15
 9.7639891936166190e-01   70   70   16   16
 1.0247260286139708e+00   70   70   17   17
 1.0020163361850747e+00   70   70   18   18
 1.0160807831278069e+00   70   70   19   19
 9.5095037769706670e-01   70   70   20   20
 8.8419827917641924e-01   70   70   21   21
 1.7855153572350200e+00   70   70   22   22
 8.7377037135568891e-01   70   70   23   23
 9.2344709287566551e-01   70   70   24   24
 2.5637267149698806e+00   70   70   25   25
 2.4179211887894474e+00   70   70   26   26
 1.9968889161209789e+00   70   70   27   27
 1.7831854316130804e+00   70   70   28   28
 1.4041133765116922e+00   70   70   29   29
 1.8305816027319450e+00   70   70   30   30
 2.1273841108305755e+00   70   70   31   31
 3.2051750677267452e+00   70   70   32   32
 2.9514463409467031e+00   70   70   33   33
 2.5713565132713541e+00   70   70   34   34
 2.4120402933825589e+00   70   70   35   35
 2.5391537889183904e+00   70   70   36   36
 2.8984007862984531e+00   70   70   37   37
 1.6724097064134198e+00   70   70   38   38
 1.9173784357242400e+00   70   70   39   39
 2.2474513263829046e+00   70   70   40   40
 2.1635124769382181e+00   70   70   41   41
 1.8252418580359535e+00   70   70   42   42
 1.6435376856347490e+00   70   70   43   43
 3.4515116974987836e+00   70   70   44   44
 3.1907372939733238e+00   70   70   45   45
 4.4586072835879049e+00   70   70   46   46
 1.5300319854053805e+00   70   70   47   47
 1.4420390079419596e+00   70   70   48   48
 8.8228368489813069e-01   70   70   49   49
 1.2786558420037837e+00   70   70   50   50
 1.2029689883354888e+00   70   70   51   51
 1.2528329638735711e+00   70   70   52   52
 2.0283468538870597e+00   70   70   53   53
 7.9345873008081225e-01   70   70   54   54
 1.5682670005592281e+00   70   70   55   55
 1.9202932638155126e+00   70   70   56   56
 1.6544510218372026e+00   70   70   57   57
 7.6861426827742030e-01   70   70   58   58
 7.3726669125328959e-01   70   70   59   59
 1.5211924158933030e+00   70   70   60   60
 7.4737919287245569e-01   70   70   61   61
 7.9022712133009965e-01   70   70   62   62
 8.9541507240864782e-01   70   70   63   63
 8.2895197902749596e-01   70   70   64   64
 7.8392798778365169e-01   70   70   65   65
 8.1612572106654657e-01   70   70   66   66
 8.4571899569789544e-01   70   70   67   67
 8.2276725681839868e-01   70   70   68   68
 2.7883288931689032e+00   70   70   69   69
 9.6429912899999994e+00   70   70   70   70
 1.6944269457989731e+00   71   71    1    1
 1.7144037671802810e+00   71   71    2    2
 1.5516806627082926e+00   71   71    3    3
 1.5194954700359671e+00   71   71    4    4
 2.7089700831647212e+00   71   71    5    5
 3.5290242473911073e+00   71   71    6    6
 4.4590005997656759e+00   71   71    7    7
 3.4514088502344693e+00   71   71    8    8
 3.1905233912255886e+00   71   71    9    9
 2.6913540390449087e+00   71   71   10   10
 2.4829955560973551e+00   71   71   11   11
 3.2066297066288030e+00   71   71   12   12
 2.9564472311728069e+00   71   71   13   13
 2.5770433903068479e+00   71   71   14   14
 2.4168136352646186e+00   71   71   15   15
 2.5415194808124535e+00   71   71   16   16
 2.8984746574328644e+00   71   71   17   17
 2.5634354891209283e+00   71   71   18   18
 2.4176205036742013e+00   71   71   19   19
 1.9970050451656256e+00   71   71   20   20
 1.7834125902746072e+00   71   71   21   21
 9.4657948895018718e-01   71   71   22   22
 1.8307427088804964e+00   71   71   23   23
 2.1274426012602805e+00   71   71   24   24
 1.1978800403513752e+00   71   71   25   25
 1.1470036773141301e+00   71   71   26   26
 1.0734409677292713e+00   71   71   27   27
 1.0427391415392806e+00   71   71   28   28
 9.7853679503020985e-01   71   71   29   29
 1.0784604631122647e+00   71   71   30   30
 1.1534802037222256e+00   71   71   31   31
 1.2251123868702469e+00   71   71   32   32
 1.1033316699921225e+00   71   71   33   33
 1.0532198920994436e+00   71   71   34   34
 1.0964267789330457e+00   71   71   35   35
 1.2151881653797085e+00   71   71   36   36
 1.2944659703356707e+00   71   71   37   37
 2.2465984936295436e+00   71   71   38   38
 2.1621763809470602e+00   71   71   39   39
 1.8244752779345803e+00   71   71   40   40
 1.6451888139830531e+00   71   71   41   41
 1.6774016222457471e+00   71   71   42   42
 1.9177942727819428e+00   71   71   43   43
 1.4101791218028017e+00   71   71   44   44
 1.2783587215401961e+00   71   71   45   45
 1.4055659619059853e+00   71   71   46   46
 9.6906136579903712e-01   71   71   47   47
 8.9481249149845388e-01   71   71   48   48
 2.0330315000362051e+00   71   71   49   49
 8.4281973863662418e-01   71   71   50   50
 8.4767130909921606e-01   71   71   51   51
 9.0949368818994392e-01   71   71   52   52
 1.0278323251643497e+00   71   71   53   53
 1.5247891903751150e+00   71   71   54   54
 8.9442496631359658e-01   71   71   55   55
 1.0448406713916516e+00   71   71   56   56
 9.7543682090192740e-01   71   71   57   57
 1.2523204933906809e+00   71   71   58   58
 1.2033443318624990e+00   71   71   59   59
 9.0606000968277423e-01   71   71   60   60
 1.2801291728576529e+00   71   71   61   61
 1.4440849681176591e+00   71   71   62   62
 1.9248326724475839e+00   71   71   63   63
 1.5303408949577511e+00   71   71   64   64
 1.5719830913230088e+00   71   71   65   65
 1.4029680953005359e+00   71   71   66   66
 1.6582683422228550e+00   71   71   67   67
 1.7895486626856167e+00   71   71   68   68
 2.0303924423421580e+00   71   71   69   69
 1.6720978788862315e+00   71   71   70   70
 9.6429912899999994e+00   71   71   71   71
 1.4722056058912663e+00   72   72    1    1
 1.4470409796902408e+00   72   72    2    2
 1.2883482838153453e+00   72   72    3    3
 1.3189041381664293e+00   72   72    4    4
 2.7087830081370781e+00   72   72    5    5
 2.4827079070680695e+00   72   72    6    6
 2.6912439001236352e+00   72   72    7    7
 3.4512846424073373e+00   72   72    8    8
 3.1887749395170419e+00   72   72    9    9
 4.4588614955753352e+00   72   72   10   10
 3.5289975649130993e+00   72   72   11   11
 2.5628976883309087e+00   72   72   12   12
 2.1274729240666193e+00   72   72   13   13
 1.8308760250033926e+00   72   72   14   14
 1.7822059291285084e+00   72   72   15   15
 1.9956304902848980e+00   72   72   16   16
 2.4145736805703941e+00   72   72   17   17
 3.2034373421412696e+00   72   72   18   18
 2.8872660074325380e+00   72   72   19   19
 2.5327908115499147e+00   72   72   20   20
 2.4143304077631775e+00   72   72   21   21
 7.7378025302406150e-01   72   72   22   22
 2.5799538892276099e+00   72   72   23   23
 2.9638314942311990e+00   72   72   24   24
 1.0266236829095845e+00   72   72   25   25
 1.0272444501005036e+00   72   72   26   26
 9.7974840418408493e-01   72   72   27   27
 9.3519766574082364e-01   72   72   28   28
 9.0399130304799402e-01   72   72   29   29
 9.3378829961580834e-01   72   72   30   30
 9.7487743690913442e-01   72   72   31   31
 1.0017006806119664e+00   72   72   32   32
 9.2280462502447769e-01   72   72   33   33
 8.7260337926715781e-01   72   72   34   34
 8.8234234166571923e-01   72   72   35   35
 9.4909187384067673e-01   72   72   36   36
 1.0147637736924164e+00   72   72   37   37
 2.2477828507785542e+00   72   72   38   38
 1.9184781532701372e+00   72   72   39   39
 1.6733484909892165e+00   72   72   40   40
 1.6441518292006232e+00   72   72   41   41
 1.8252448998681692e+00   72   72   42   42
 2.1630666650873840e+00   72   72   43   43
 1.1792259605949535e+00   72   72   44   44
 1.0669208720917818e+00   72   72   45   45
 1.1973880434997699e+00   72   72   46   46
 8.8586474772374413e-01   72   72   47   47
 8.2333711512702112e-01   72   72   48   48
 1.5315420437923752e+00   72   72   49   49
 7.8545827015719827e-01   72   72   50   50
 7.9675272002185038e-01   72   72   51   51
 8.5252211618303619e-01   72   72   52   52
 8.2734300705971109e-01   72   72   53   53
 1.2046930865812784e+00   72   72   54   54
 7.3294781233221351e-01   72   72   55   55
 8.3045560320894596e-01   72   72   56   56
 7.8040521411478037e-01   72   72   57   57
 1.6940539330184956e+00   72   72   58   58
 1.5195742419058016e+00   72   72   59   59
 7.3561190081819872e-01   72   72   60   60
 1.5392781706681622e+00   72   72   61   61
 1.7395016852633407e+00   72   72   62   62
 1.4367293224254860e+00   72   72   63   63
 2.0271171981407856e+00   72   72   64   64
 1.2555363503510042e+00   72   72   65   65
 1.9887262582076488e+00   72   72   66   66
 1.2755926794903671e+00   72   72   67   67
 1.4077315754366468e+00   72   72   68   68
 1.6751665642632800e+00   72   72   69   69
 1.4549441631387161e+00   72   72   70   70
 2.7879960424686181e+00   72   72   71   71
 9.6429912899999994e+00   72   72   72   72
 1.2201953076471581e+00   73   73    1    1
 1.2516408719417542e+00   73   73    2    2
 1.1662811355758962e+00   73   73    3    3
 1.1154139192259189e+00   73   73    4    4
 1.7827867470543823e+00   73   73    5    5
 1.9970143221743499e+00   73   73    6    6
 2.4168639082461216e+00   73   73    7    7
 2.5635042607938066e+00   73   73    8    8
 3.1892335193871020e+00   73   73    9    9
 2.1271735052873972e+00   73   73   10   10
 1.8308841139234839e+00   73   73   11   11
 3.4516428400257828e+00   73   73   12   12
 4.4595025894704294e+00   73   73   13   13
 3.5297929847475631e+00   73   73   14   14
 2.7095031138504262e+00   73   73   15   15
 2.4833062401205419e+00   73   73   16   16
 2.6915890056471801e+00   73   73   17   17
 3.2049588260268451e+00   73   73   18   18
 2.9672778256026424e+00   73   73   19   19
 2.5857410614974197e+00   73   73   20   20
 2.4205501309387212e+00   73   73   21   21
 7.7857988227305941e-01   73   73   22   22
 2.5372564596018803e+00   73   73   23   23
 2.8891392202581976e+00   73   73   24   24
 9.6251868116027661e-01   73   73   25   25
 9.3397151917427568e-01   73   73   26   26
 8.9574418706434267e-01   73   73   27   27
 8.8178163964377521e-01   73   73   28   28
 8.5851742780278550e-01   73   73   29   29
 9.0469678495072803e-01   73   73   30   30
 9.4437411889721123e-01   73   73   31   31
 9.5914538558267926e-01   73   73   32   32
 8.8173674023091275e-01   73   73   33   33
 8.4701276490591992e-01   73   73   34   34
 8.7392579155526584e-01   73   73   35   35
 9.4847559940669779e-01   73   73   36   36
 9.9789083548254809e-01   73   73   37   37
 1.5316298677234577e+00   73   73   38   38
 1.4614664136602327e+00   73   73   39   39
 1.2915326046444902e+00   73   73   40   40
 1.2051205768478683e+00   73   73   41   41
 1.2410836272138071e+00   73   73   42   42
 1.3867992287775617e+00   73   73   43   43
 1.0714527205592728e+00   73   73   44   44
 9.9869730959104153e-01   73   73   45   45
 1.0550731506007458e+00   73   73   46   46
 8.3823932706726978e-01   73   73   47   47
 7.7957632914396691e-01   73   73   48   48
 2.2478092573126074e+00   73   73   49   49
 7.4611261575513432e-01   73   73   50   50
 7.5907918545540565e-01   73   73   51   51
 8.1246544174975011e-01   73   73   52   52
 8.2973780300537237e-01   73   73   53   53
 1.6443982447688166e+00   73   73   54   54
 7.4326385372817383e-01   73   73   55   55
 8.3869709562801054e-01   73   73   56   56
 7.9487753406192452e-01   73   73   57   57
 1.5430241975766634e+00   73   73   58   58
 1.5244310463665507e+00   73   73   59   59
 7.5010213525167269e-01   73   73   60   60
 1.7011189939860858e+00   73   73   61   61
 1.9977665345653590e+00   73   73   62   62
 1.9209524914788672e+00   73   73   63   63
 2.0334703625855717e+00   73   73   64   64
 1.8230296076462265e+00   73   73   65   65
 1.7432699177122941e+00   73   73   66   66
 1.6783425136226011e+00   73   73   67   67
 2.1576305676781624e+00   73   73   68   68
 1.5972521705057274e+00   73   73   69   69
 1.2963909471833499e+00   73   73   70   70
 3.4893565557633894e+00   73   73   71   71
 2.6081948111716864e+00   73   73   72   72
 9.6429912899999994e+00   73   73   73   73
 1.3918674354386102e+00   74   74    1    1
 1.3415835546742689e+00   74   74    2    2
 1.2112441311023270e+00   74   74    3    3
 1.2821284540310816e+00   74   74    4    4
 2.4153384277507968e+00   74   74    5    5
 2.5367637072843165e+00   74   74    6    6
 2.8920168172099263e+00   74   74    7    7
 3.2048674241230435e+00   74   74    8    8
 3.1901100779161480e+00   74   74    9    9
 2.9600794874742031e+00   74   74   10   10
 2.5790678059204004e+00   74   74   11   11
 3.4516146532697451e+00   74   74   12   12
 2.6915030160657638e+00   74   74   13   13
 2.4831477860325686e+00   74   74   14   14
 2.7092985459214280e+00   74   74   15   15
 3.5296422784413632e+00   74   74   16   16
 4.4592450716535588e+00   74   74   17   17
 2.5630136981937857e+00   74   74   18   18
 2.1267766510433788e+00   74   74   19   19
 1.8300108191791116e+00   74   74   20   20
 1.7826218833412790e+00   74   74   21   21
 8.0038474336587073e-01   74   74   22   22
 1.9964351589296123e+00   74   74   23   23
 2.4174727545289989e+00   74   74   24   24
 9.7244036130409506e-01   74   74   25   25
 9.5279620347117433e-01   74   74   26   26
 8.9811352700534330e-01   74   74   27   27
 8.6279605959874606e-01   74   74   28   28
 8.1615780570700025e-01   74   74   29   29
 8.7588237030917770e-01   74   74   30   30
 9.2654063136692466e-01   74   74   31   31
 9.9378383473536147e-01   74   74   32   32
 9.1658362562050244e-01   74   74   33   33
 8.8115135480342355e-01   74   74   34   34
 9.0759885704171805e-01   74   74   35   35
 9.8189979333393196e-01   74   74   36   36
 1.0314254906751001e+00   74   74   37   37
 2.0317657646705509e+00   74   74   38   38
 1.7768861301205354e+00   74   74   39   39
 1.5610734197588072e+00   74   74   40   40
 1.5249069322931836e+00   74   74   41   41
 1.6682548231831764e+00   74   74   42   42
 1.9410057396387501e+00   74   74   43   43
 1.1339569003913710e+00   74   74   44   44
 1.0317060217570393e+00   74   74   45   45
 1.1677332969114307e+00   74   74   46   46
 8.1088311635271870e-01   74   74   47   47
 7.5936586454928001e-01   74   74   48   48
 2.2481254971625613e+00   74   74   49   49
 7.2113152071932196e-01   74   74   50   50
 7.2389800243454450e-01   74   74   51   51
 7.6785272873566224e-01   74   74   52   52
 8.6166494759869916e-01   74   74   53   53
 1.6448961882445390e+00   74   74   54   54
 7.6427839694282207e-01   74   74   55   55
 8.8086526344926319e-01   74   74   56   56
 8.3317673516177160e-01   74   74   57   57
 1.2781094579105070e+00   74   74   58   58
 1.2024997842025695e+00   74   74   59   59
 7.7790769557299966e-01   74   74   60   60
 1.2523609455402829e+00   74   74   61   61
 1.4034377134616967e+00   74   74   62   62
 2.1587328315560441e+00   74   74   63   63
 1.5294953586229423e+00   74   74   64   64
 1.6783503327154023e+00   74   74   65   65
 1.4416025425985901e+00   74   74   66   66
 1.8239950292609035e+00   74   74   67   67
 1.9204952365713173e+00   74   74   68   68
 1.5579099399251279e+00   74   74   69   69
 1.4454190773822364e+00   74   74   70   70
 3.2910432106446357e+00   74   74   71   71
 3.4864126331315992e+00   74   74   72   72
 2.7882585540538600e+00   74   74   73   73
 9.6429912899999994e+00   74   74   74   74
 1.5522222024887646e+00   75   75    1    1
 1.6301295910078268e+00   75   75    2    2
 1.4783955938904354e+00   75   75    3    3
 1.3667821982053590e+00   75   75    4    4
 2.4119846083231598e+00   75   75    5    5
 2.5785067478577441e+00   75   75    6    6
 2.9610903552401484e+00   75   75    7    7
 3.2004400102277493e+00   75   75    8    8
 3.1907728442875327e+00   75   75    9    9
 2.8834027661523338e+00   75   75   10   10
 2.5303584941356578e+00   75   75   11   11
 2.5678414109810763e+00   75   75   12   12
 2.4220996202055498e+00   75   75   13   13
 2.0008772547818516e+00   75   75   14   14
 1.7855835880866462e+00   75   75   15   15
 1.8332214135755864e+00   75   75   16   16
 2.1296493670466434e+00   75   75   17   17
 3.4516878334215453e+00   75   75   18   18
 4.4581566875236529e+00   75   75   19   19
 3.5260532017059085e+00   75   75   20   20
 2.7086167617665557e+00   75   75   21   21
 8.4550460162246444e-01   75   75   22   22
 2.4820921278594703e+00   75   75   23   23
 2.6910679047082957e+00   75   75   24   24
 1.1669414752979088e+00   75   75   25   25
 1.1477771560726329e+00   75   75   26   26
 1.1011770324460710e+00   75   75   27   27
 1.0721745898181707e+00   75   75   28   28
 1.0505091491758110e+00   75   75   29   29
 1.0868942387422349e+00   75   75   30   30
 1.1320038623428383e+00   75   75   31   31
 1.1181044394910369e+00   75   75   32   32
 1.0151823799610318e+00   75   75   33   33
 9.5501754439295872e-01   75   75   34   34
 9.7059327794082773e-01   75   75   35   35
 1.0574262710535116e+00   75   75   36   36
 1.1413520147124123e+00   75   75   37   37
 2.0289745172713674e+00   75   75   38   38
 1.9386672557499329e+00   75   75   39   39
 1.6645502790539184e+00   75   75   40   40
 1.5221869805152686e+00   75   75   41   41
 1.5609359104125300e+00   75   75   42   42
 1.7734429886501020e+00   75   75   43   43
 1.3122245453016579e+00   75   75   44   44
 1.1994766258520437e+00   75   75   45   45
 1.2770048638745706e+00   75   75   46   46
 1.0149273765642466e+00   75   75   47   47
 9.2941981381597250e-01   75   75   48   48
 1.5341441117848098e+00   75   75   49   49
 8.8540424564468212e-01   75   75   50   50
 9.0681394343507404e-01   75   75   51   51
 9.8490977317284112e-01   75   75   52   52
 9.0373632125497805e-01   75   75   53   53
 1.2063886040964305e+00   75   75   54   54
 7.9623158384073067e-01   75   75   55   55
 8.9971497899881137e-01   75   75   56   56
 8.4081272000880114e-01   75   75   57   57
 1.7402310779370052e+00   75   75   58   58
 1.6407504058395463e+00   75   75   59   59
 7.9413726831557330e-01   75   75   60   60
 1.7510266583727252e+00   75   75   61   61
 2.0366845381094714e+00   75   75   62   62
 1.4100406848793261e+00   75   75   63   63
 2.2432111013209379e+00   75   75   64   64
 1.2774946642441649e+00   75   75   65   65
 2.0186873096655980e+00   75   75   66   66
 1.2573659985403738e+00   75   75   67   67
 1.4391165986139545e+00   75   75   68   68
 2.0219362577161446e+00   75   75   69   69
 1.5140574472138471e+00   75   75   70   70
 3.4937905576513706e+00   75   75   71   71
 3.2795490386819446e+00   75   75   72   72
 3.5020830525644282e+00   75   75   73   73
 2.6079394925466857e+00   75   75   74   74
 9.6429912899999994e+00   75   75   75   75
 1.1362922733572436e+00   76   76    1    1
 1.1302137266805081e+00   76   76    2    2
 1.0383830097566018e+00   76   76    3    3
 1.0449606112629934e+00   76   76    4    4
 1.7856821721449718e+00   76   76    5    5
 1.8329907141688886e+00   76   76    6    6
 2.1294463542459980e+00   76   76    7    7
 2.5681622606889327e+00   76   76    8    8
 3.1915807814353707e+00   76   76    9    9
 2.4232034094474186e+00   76   76   10   10
 2.0014998650559606e+00   76   76   11   11
 3.2010532585936002e+00   76   76   12   12
 2.8883145999756428e+00   76   76   13   13
 2.5337161537633062e+00   76   76   14   14
 2.4123486313016866e+00   76   76   15   15
 2.5758518307456257e+00   76   76   16   16
 2.9565169148471226e+00   76   76   17   17
 3.4518427069612883e+00   76   76   18   18
 2.6911217889716035e+00   76   76   19   19
 2.4821773719746014e+00   76   76   20   20
 2.7083935414739626e+00   76   76   21   21
 6.9651349338805346e-01   76   76   22   22
 3.5255497689865738e+00   76   76   23   23
 4.4577376795976997e+00   76   76   24   24
 8.6087124002080739e-01   76   76   25   25
 8.5067778231678304e-01   76   76   26   26
 8.1687508287726107e-01   76   76   27   27
 7.9279948609894524e-01   76   76   28   28
 7.7245379740294262e-01   76   76   29   29
 8.0017991612370398e-01   76   76   30   30
 8.3208460513085269e-01   76   76   31   31
 8.5462809777366888e-01   76   76   32   32
 7.9401378827908042e-01   76   76   33   33
 7.6195440932790381e-01   76   76   34   34
 7.7833755087528367e-01   76   76   35   35
 8.3443106615959128e-01   76   76   36   36
 8.7688290712546280e-01   76   76   37   37
 1.5341836135536024e+00   76   76   38   38
 1.3887240314999592e+00   76   76   39   39
 1.2408438236130945e+00   76   76   40   40
 1.2065877412576385e+00   76   76   41   41
 1.2943514074475060e+00   76   76   42   42
 1.4641949665504783e+00   76   76   43   43
 9.6522530756050029e-01   76   76   44   44
 8.9289807909079111e-01   76   76   45   45
 9.7203843602315898e-01   76   76   46   46
 7.5679478309972581e-01   76   76   47   47
 7.0911312296543993e-01   76   76   48   48
 2.0296678150328118e+00   76   76   49   49
 6.8102830488725197e-01   76   76   50   50
 6.9140438748429001e-01   76   76   51   51
 7.3502736301397331e-01   76   76   52   52
 7.4042737371836609e-01   76   76   53   53
 1.5226137278677041e+00   76   76   54   54
 6.6667454480146726e-01   76   76   55   55
 7.4910098547195092e-01   76   76   56   56
 7.1225744780617462e-01   76   76   57   57
 1.7495446807323141e+00   76   76   58   58
 1.6403220610066978e+00   76   76   59   59
 6.7333989841154185e-01   76   76   60   60
 1.7400976379293511e+00   76   76   61   61
 2.0190813371472642e+00   76   76   62   62
 1.7879969070661839e+00   76   76   63   63
 2.2430949170727401e+00   76   76   64   64
 1.6546908230425776e+00   76   76   65   65
 2.0350045473098670e+00   76   76   66   66
 1.5705572313734062e+00   76   76   67   67
 1.9197308571359666e+00   76   76   68   68
 1.3879934888292156e+00   76   76   69   69
 1.2119356309872256e+00   76   76   70   70
 2.6087822202347528e+00   76   76   71   71
 3.5015822314511640e+00   76   76   72   72
 3.2780415268202221e+00   76   76   73   73
 3.4959521211545255e+00   76   76   74   74
 2.7883896465568880e+00   76   76   75   75
 9.6429912899999994e+00   76   76   76   76
 2.4165358163552781e+00   77   77    1    1
 2.5331209977542466e+00   77   77    2    2
 2.8834747910050611e+00   77   77    3    3
 2.5833783193739590e+00   77   77    4    4
 1.3931303307695184e+00   77   77    5    5
 1.3414339624979743e+00   77   77    6    6
 1.2113487112297765e+00   77   77    7    7
 1.1349964974828830e+00   77   77    8    8
 1.0329691802030538e+00   77   77    9    9
 1.1696064792726588e+00   77   77   10   10
 1.2843893592488222e+00   77   77   11   11
 9.7273260002292516e-01   77   77   12   12
 9.2608145555754839e-01   77   77   13   13
 8.7487272413774142e-01   77   77   14   14
 8.6148310112451409e-01   77   77   15   15
 8.9728551682737123e-01   77   77   16   16
 9.5263061176601882e-01   77   77   17   17
 9.9616242345695971e-01   77   77   18   18
 1.0345915769438057e+00   77   77   19   19
 9.8576014743708607e-01   77   77   20   20
 9.1153729900364222e-01   77   77   21   21
 1.4387960007921243e+00   77   77   22   22
 8.8444574396164399e-01   77   77   23   23
 9.1934618944483870e-01   77   77   24   24
 3.4516764207709936e+00   77   77   25   25
 4.4580205016343406e+00   77   77   26   26
 3.5259827543665390e+00   77   77   27   27
 2.7086651895804335e+00   77   77   28   28
 2.0227287144486619e+00   77   77   29   29
 2.4822115644321041e+00   77   77   30   30
 2.6910659538693968e+00   77   77   31   31
 2.5677407802744536e+00   77   77   32   32
 2.4211436754541937e+00   77   77   33   33
 2.0000374693904792e+00   77   77   34   34
 1.7849977644086408e+00   77   77   35   35
 1.8330097175235356e+00   77   77   36   36
 2.1297484217671516e+00   77   77   37   37
 1.5627211532301346e+00   77   77   38   38
 1.7780907059838631e+00   77   77   39   39
 2.0339055730003590e+00   77   77   40   40
 1.9444469878032173e+00   77   77   41   41
 1.6712719650166836e+00   77   77   42   42
 1.5271295328069163e+00   77   77   43   43
 3.2005146534159690e+00   77   77   44   44
 3.1905162875807447e+00   77   77   45   45
 2.9642423127447346e+00   77   77   46   46
 2.2432617106987389e+00   77   77   47   47
 2.0317667680625302e+00   77   77   48   48
 8.0975909859174222e-01   77   77   49   49
 1.7478150271582129e+00   77   77   50   50
 1.6403691199657757e+00   77   77   51   51
 1.7420655101843467e+00   77   77   52   52
 1.5335471625571717e+00   77   77   53   53
 7.2277660111970610e-01   77   77   54   54
 1.2770458555871396e+00   77   77   55   55
 1.4091881040858072e+00   77   77   56   56
 1.2566801492338018e+00   77   77   57   57
 8.1659131316224121e-01   77   77   58   58
 7.8158702731507934e-01   77   77   59   59
 1.2058349895484295e+00   77   77   60   60
 7.8576038481729160e-01   77   77   61   61
 8.2422919205187761e-01   77   77   62   62
 8.0789724787407347e-01   77   77   63   63
 8.6543143829562508e-01   77   77   64   64
 7.2362698536429904e-01   77   77   65   65
 8.6097155857111274e-01   77   77   66   66
 7.6135814395028190e-01   77   77   67   67
 7.6307125078721449e-01   77   77   68   68
 3.2758715515830410e+00   77   77   69   69
 3.4954695209453202e+00   77   77   70   70
 1.5565954995062434e+00   77   77   71   71
 1.4484774227166695e+00   77   77   72   72
 1.2648694748454625e+00   77   77   73   73
 1.3382383926968653e+00   77   77   74   74
 1.5519041442862158e+00   77   77   75   75
 1.1840612471283429e+00   77   77   76   76
 9.6429912899999994e+00   77   77   77   77
 1.7850948190843614e+00   78   78    1    1
 2.0010695622101946e+00   78   78    2    2
 2.4232805824062216e+00   78   78    3    3
 1.8324829031390444e+00   78   78    4    4
 1.2208994481021529e+00   78   78    5    5
 1.2511111368001948e+00   78   78    6    6
 1.1659185285854570e+00   78   78    7    7
 1.0720472609333316e+00   78   78    8    8
 9.9967482995669632e-01   78   78    9    9
 1.0563081991040637e+00   78   78   10   10
 1.1168325011541025e+00   78   78   11   11
 9.6245831586648800e-01   78   78   12   12
 9.4340829331238307e-01   78   78   13   13
 9.0297529993185066e-01   78   78   14   14
 8.7981822598336767e-01   78   78   15   15
 8.9444024823726842e-01   78   78   16   16
 9.3349990183817089e-01   78   78   17   17
 9.6132805168253144e-01   78   78   18   18
 1.0016581460909533e+00   78   78   19   19
 9.5283289777617874e-01   78   78   20   20
 8.7765683841134623e-01   78   78   21   21
 1.9259149723250153e+00   78   78   22   22
 8.4962775178641836e-01   78   78   23   23
 8.8377028567923599e-01   78   78   24   24
 3.4517491210879991e+00   78   78   25   25
 2.6910785433439282e+00   78   78   26   26
 2.4821099587511131e+00   78   78   27   27
 2.7084869084096126e+00   78   78   28   28
 2.0316806276809407e+00   78   78   29   29
 3.5257187048344329e+00   78   78   30   30
 4.4579077769371613e+00   78   78   31   31
 3.2020736443753752e+00   78   78   32   32
 2.8929325584026699e+00   78   78   33   33
 2.5388888069784881e+00   78   78   34   34
 2.4163476976456444e+00   78   78   35   35
 2.5771126926994046e+00   78   78   36   36
 2.9552615229102406e+00   78   78   37   37
 1.2924671586870733e+00   78   78   38   38
 1.4626396128966481e+00   78   78   39   39
 1.5332976286471300e+00   78   78   40   40
 1.3883294882341000e+00   78   78   41   41
 1.2422659939850402e+00   78   78   42   42
 1.2060643793133574e+00   78   78   43   43
 2.5680268910793043e+00   78   78   44   44
 3.1915918079158985e+00   78   78   45   45
 2.1290260229672633e+00   78   78   46   46
 2.2431286758553970e+00   78   78   47   47
 2.0233376759754300e+00   78   78   48   48
 8.3624487045779106e-01   78   78   49   49
 1.7432179772762790e+00   78   78   50   50
 1.6408580257911392e+00   78   78   51   51
 1.7479426058585974e+00   78   78   52   52
 2.0338160510538206e+00   78   78   53   53
 7.5695310699358431e-01   78   78   54   54
 1.6595021252654067e+00   78   78   55   55
 1.7899398085164877e+00   78   78   56   56
 1.5727843448920105e+00   78   78   57   57
 7.7231163813711856e-01   78   78   58   58
 7.5362941230379066e-01   78   78   59   59
 1.5258994691047125e+00   78   78   60   60
 7.7137627228459749e-01   78   78   61   61
 8.1052387201221243e-01   78   78   62   62
 8.3434193646878441e-01   78   78   63   63
 8.3331429913182398e-01   78   78   64   64
 7.5796511744245409e-01   78   78   65   65
 8.1161492013615377e-01   78   78   66   66
 7.9231385414077893e-01   78   78   67   67
 7.9437591306201538e-01   78   78   68   68
 3.5038088598884678e+00   78   78   69   69
 2.6086775439913295e+00   78   78   70   70
 1.5949067152389009e+00   78   78   71   71
 1.2984500930031970e+00   78   78   72   72
 1.3109738154926691e+00   78   78   73   73
 1.2645903733689259e+00   78   78   74   74
 1.5246473741964215e+00   78   78   75   75
 1.1355973519025500e+00   78   78   76   76
 2.7883401269391666e+00   78   78   77   77
 9.6429912899999994e+00   78   78   78   78
 1.7820104447097389e+00   79   79    1    1
 1.8303412501852281e+00   79   79    2    2
 2.1265641976024665e+00   79   79    3    3
 1.9956275226788804e+00   79   79    4    4
 1.1346702686760759e+00   79   79    5    5
 1.1277008460626863e+00   79   79    6    6
 1.0363823630490760e+00   79   79    7    7
 9.6413893039504395e-01   79   79    8    8
 8.9222768303943434e-01   79   79    9    9
 9.7146472705945630e-01   79   79   10   10
 1.0443226296756574e+00   79   79   11   11
 8.5928771410283622e-01   79   79   12   12
 8.2997840714651860e-01   79   79   13   13
 7.9746543358819899e-01   79   79   14   14
 7.8967167679046413e-01   79   79   15   15
 8.1407423334258877e-01   79   79   16   16
 8.4855263347686316e-01   79   79   17   17
 8.5510345777519237e-01   79   79   18   18
 8.7843001638198881e-01   79   79   19   19
 8.3668149386451485e-01   79   79   20   20
 7.8047107335598276e-01   79   79   21   21
 2.1579164292770781e+00   79   79   22   22
 7.6329050151639022e-01   79   79   23   23
 7.9472141522124773e-01   79   79   24   24
 3.2054130018520541e+00   79   79   25   25
 2.9646639214023311e+00   79   79   26   26
 2.5823579942302417e+00   79   79   27   27
 2.4182901584229723e+00   79   79   28   28
 1.7421169096059703e+00   79   79   29   29
 2.5372546112195375e+00   79   79   30   30
 2.8911102426260706e+00   79   79   31   31
 3.4512533442072177e+00   79   79   32   32
 4.4591991483342959e+00   79   79   33   33
 3.5299035922428792e+00   79   79   34   34
 2.7094607869836853e+00   79   79   35   35
 2.4832623876876987e+00   79   79   36   36
 2.6914504712883782e+00   79   79   37   37
 1.2389506970733648e+00   79   79   38   38
 1.3863398237501028e+00   79   79   39   39
 1.5314369327820883e+00   79   79   40   40
 1.4617794232020489e+00   79   79   41   41
 1.2924495374023957e+00   79   79   42   42
 1.2048225463230100e+00   79   79   43   43
 2.5618559905149021e+00   79   79   44   44
 3.1887081354133064e+00   79   79   45   45
 2.4144927989913332e+00   79   79   46   46
 2.0310179342140122e+00   79   79   47   47
 1.9940785133936734e+00   79   79   48   48
 7.5368319421322028e-01   79   79   49   49
 1.6984708323547593e+00   79   79   50   50
 1.5226283558979299e+00   79   79   51   51
 1.5416939565121286e+00   79   79   52   52
 2.2479393297921537e+00   79   79   53   53
 6.8830576240519881e-01   79   79   54   54
 1.8230897531519370e+00   79   79   55   55
 1.9208580833358875e+00   79   79   56   56
 1.6784119903871524e+00   79   79   57   57
 6.9820064707877905e-01   79   79   58   58
 6.7578896568998625e-01   79   79   59   59
 1.6444823914565725e+00   79   79   60   60
 6.8433752993703634e-01   79   79   61   61
 7.1607291231084869e-01   79   79   62   62
 7.5936367333616028e-01   79   79   63   63
 7.4260831373011271e-01   79   79   64   64
 6.8375435759313352e-01   79   79   65   65
 7.3238485047438107e-01   79   79   66   66
 7.2395543376060989e-01   79   79   67   67
 7.1324292916277510e-01   79   79   68   68
 2.6084332851366718e+00   79   79   69   69
 3.4841560567883945e+00   79   79   70   70
 1.3843973064167199e+00   79   79   71   71
 1.2119673503372350e+00   79   79   72   72
 1.1340852629446798e+00   79   79   73   73
 1.1813109905778216e+00   79   79   74   74
 1.3131418891601616e+00   79   79   75   75
 1.0398320269950398e+00   79   79   76   76
 3.4994770344994000e+00   79   79   77   77
 3.2826059980461890e+00   79   79   78   78
 9.6429912899999994e+00   79   79   79   79
 2.4139317664473987e+00   80   80    1    1
 2.5779307485656795e+00   80   80    2    2
 2.9609936064796734e+00   80   80    3    3
 2.5366987159861845e+00   80   80    4    4
 1.5485364896140728e+00   80   80    5    5
 1.6239771794350526e+00   80   80    6    6
 1.4725568658622619e+00   80   80    7    7
 1.3081770722221373e+00   80   80    8    8
 1.1960829006535032e+00   80   80    9    9
 1.2741141393613962e+00   80   80   10   10
 1.3642551483763503e+00   80   80   11   11
 1.1624987408786633e+00   80   80   12   12
 1.1261689902180063e+00   80   80   13   13
 1.0805354846327602e+00   80   80   14   14
 1.0660652823521044e+00   80   80   15   15
 1.0961759131381354e+00   80   80   16   16
 1.1435879810495959e+00   80   80   17   17
 1.1160613590663957e+00   80   80   18   18
 1.1406155682840353e+00   80   80   19   19
 1.0573359585187174e+00   80   80   20   20
 9.7045153157850339e-01   80   80   21   21
 1.9215157642208771e+00   80   80   22   22
 9.5403397299702342e-01   80   80   23   23
 1.0135460124664162e+00   80   80   24   24
 2.5615537633513212e+00   80   80   25   25
 2.1264312486384784e+00   80   80   26   26
 1.8296279925527932e+00   80   80   27   27
 1.7818700693812362e+00   80   80   28   28
 1.4410355656031308e+00   80   80   29   29
 1.9948195607741115e+00   80   80   30   30
 2.4148484235361405e+00   80   80   31   31
 3.4513160264442133e+00   80   80   32   32
 2.6914016436478776e+00   80   80   33   33
 2.4832503890671282e+00   80   80   34   34
 2.7095489392234047e+00   80   80   35   35
 3.5300375783966640e+00   80   80   36   36
 4.4593850748342145e+00   80   80   37   37
 1.6621001950688756e+00   80   80   38   38
 1.9358337997167079e+00   80   80   39   39
 2.0293070763402317e+00   80   80   40   40
 1.7751729512323802e+00   80   80   41   41
 1.5615625794558892e+00   80   80   42   42
 1.5212673066461073e+00   80   80   43   43
 3.2071591790435927e+00   80   80   44   44
 3.1897111136012599e+00   80   80   45   45
 2.8939026644647070e+00   80   80   46   46
 1.5289797759956236e+00   80   80   47   47
 1.4033327597548144e+00   80   80   48   48
 1.0093198782420909e+00   80   80   49   49
 1.2524349557748764e+00   80   80   50   50
 1.2023625605201658e+00   80   80   51   51
 1.2777457412728379e+00   80   80   52   52
 2.2483040823196481e+00   80   80   53   53
 9.0208276483964611e-01   80   80   54   54
 1.6789565064224887e+00   80   80   55   55
 2.1577740399186442e+00   80   80   56   56
 1.8235607966889915e+00   80   80   57   57
 8.1889497133007771e-01   80   80   58   58
 7.9403701212170319e-01   80   80   59   59
 1.6450307448376345e+00   80   80   60   60
 8.1739423872130834e-01   80   80   61   61
 8.7089983444205932e-01   80   80   62   62
 1.0195908939811322e+00   80   80   63   63
 9.0336650378389260e-01   80   80   64   64
 8.9454838010556903e-01   80   80   65   65
 8.7275040224778633e-01   80   80   66   66
 9.6007477387461293e-01   80   80   67   67
 9.4173591389688838e-01   80   80   68   68
 3.4890413071379935e+00   80   80   69   69
 3.2946776606445338e+00   80   80   70   70
 2.0118229591433936e+00   80   80   71   71
 1.5115658900832436e+00   80   80   72   72
 1.5180842762493434e+00   80   80   73   73
 1.5478677702303933e+00   80   80   74   74
 1.7369131415447048e+00   80   80   75   75
 1.3105107737234771e+00   80   80   76   76
 2.6084194907381391e+00   80   80   77   77
 3.4892558044297761e+00   80   80   78   78
 2.7879406321094682e+00   80   80   79   79
 9.6429912899999994e+00   80   80   80   80
-1.2972545925712521e+02    1    1    0    0
-2.0823295644657414e+00    2    1    0    0
-1.3123936650879568e+02    2    2    0    0
-2.1239049756510835e+00    3    2    0    0
-1.3517616676627918e+02    3    3    0    0
-2.0816891348379407e+00    4    1    0    0
-1.2694001828636679e+02    4    4    0    0
-1.2971388441860839e+02    5    5    0    0
-2.0825858185275981e+00    6    5    0    0
-1.3118529455561671e+02    6    6    0    0
-2.1238929142183869e+00    7    6    0    0
-1.3514021371090496e+02    7    7    0    0
-2.0163070422912912e+00    8    7    0    0
-1.3747986178318891e+02    8    8    0    0
-1.2121575632679098e+00    9    8    0    0
-1.3705757234254065e+02    9    9    0    0
-2.0168628944372928e+00   10    8    0    0
-1.3195789022712339e+02   10   10    0    0
-2.0819322359896359e+00   11    5    0    0
-2.1245605313386173e+00   11   10    0    0
-1.2695881000492163e+02   11   11    0    0
-1.2268488746081780e+00   12    9    0    0
-1.3299017333466401e+02   12   12    0    0
-2.0150312537001507e+00   13   12    0    0
-1.2621676975735160e+02   13   13    0    0
-2.1247540676427632e+00   14   13    0    0
-1.1678386642527754e+02   14   14    0    0
-2.0815819764025130e+00   15   14    0    0
-1.1485924577747195e+02   15   15    0    0
-2.0809994829444292e+00   16   15    0    0
-1.1724542171160802e+02   16   16    0    0
-2.0150959493271410e+00   17   12    0    0
-2.1255500043883004e+00   17   16    0    0
-1.2674164592580416e+02   17   17    0    0
-1.1973787835874410e+00   18    9    0    0
-1.3289083180049653e+02   18   18    0    0
-2.0201256721360221e+00   19   18    0    0
-1.2832878980804691e+02   19   19    0    0
-2.1175848681595180e+00   20   19    0    0
-1.1847230812342977e+02   20   20    0    0
-2.0887264991977972e+00   21   20    0    0
-1.1466209896226407e+02   21   21    0    0
-9.6603203400896618e+01   22   22    0    0
-2.0885060137438143e+00   23   21    0    0
-1.1532092794774340e+02   23   23    0    0
-2.0198649692551687e+00   24   18    0    0
-2.1175666175324865e+00   24   23    0    0
-1.2466795554739520e+02   24   24    0    0
-1.3302110716724050e+02   25   25    0    0
-2.0199111798885947e+00   26   25    0    0
-1.2677664241142455e+02   26   26    0    0
-2.1173699934964878e+00   27   26    0    0
-1.1725547815978776e+02   27   27    0    0
-2.0889184186536838e+00   28   27    0    0
-1.1495523781178686e+02   28   28    0    0
-9.9228411159005091e+01   29   29    0    0
-2.0886974032909400e+00   30   28    0    0
-1.1680525217199026e+02   30   30    0    0
-2.0196469731359890e+00   31   25    0    0
-2.1177777034780809e+00   31   30    0    0
-1.2626204818995467e+02   31   31    0    0
-1.3283531188430538e+02   32   32    0    0
-2.0142851127103159e+00   33   32    0    0
-1.2462474398558794e+02   33   33    0    0
-2.1252238021800105e+00   34   33    0    0
-1.1530899481809861e+02   34   34    0    0
-2.0813555614909842e+00   35   34    0    0
-1.1454798134460076e+02   35   35    0    0
-2.0814660605907389e+00   36   35    0    0
-1.1840938866913261e+02   36   36    0    0
-2.0145415663273409e+00   37   32    0    0
-2.1248592062145391e+00   37   36    0    0
-1.2823907304996177e+02   37   37    0    0
-1.4176557687052103e+00   38    5    0    0
-1.2588036627247835e+02   38   38    0    0
-2.0750798383276461e+00   39   38    0    0
-1.2728138917480474e+02   39   39    0    0
-1.4268309404789170e+00   40    1    0    0
-2.0748054857002263e+00   40   39    0    0
-1.2588839516540901e+02   40   40    0    0
-2.0669415560100477e+00   41   40    0    0
-1.1679789046025012e+02   41   41    0    0
-2.1086444508347078e+00   42   41    0    0
-1.1181899582290340e+02   42   42    0    0
-2.0670935427782804e+00   43   38    0    0
-2.1087523313154160e+00   43   42    0    0
-1.1678389988141699e+02   43   43    0    0
-2.0171496122716635e+00   44    3    0    0
-1.3748784732820167e+02   44   44    0    0
-1.1988443964920403e+00   45   25    0    0
-1.2342090901214664e+00   45   32    0    0
-1.2085735441283441e+00   45   44    0    0
-1.3704816065591342e+02   45   45    0    0
-2.1245591694803680e+00   46    4    0    0
-2.0171072718887624e+00   46   44    0    0
-1.3194890312873844e+02   46   46    0    0
-1.7080701384103388e-02   47   28    0    0
-2.0519673269340895e+00   47   29    0    0
-1.0508614021634411e+02   47   47    0    0
-2.0445941471398434e+00   48   47    0    0
-9.6749243830022664e+01   48   48    0    0
-1.4640759588387373e+00   49   15    0    0
-1.0508990254556296e+02   49   49    0    0
-2.0932831285077369e+00   50   48    0    0
-8.7955669931748020e+01   50   50    0    0
-2.0891142659450046e+00   51   50    0    0
-8.5410424967886513e+01   51   51    0    0
-2.0857749640789081e+00   52   29    0    0
-2.0967018538341193e+00   52   51    0    0
-9.0021474300421971e+01   52   52    0    0
-2.0666160036340395e+00   53   22    0    0
-1.4598753134368221e+00   53   35    0    0
-1.0474198170874173e+02   53   53    0    0
-8.5450115771189061e+01   54   54    0    0
-2.1133530447602893e+00   55   22    0    0
-8.7628641681827830e+01   55   55    0    0
-2.0635345109047218e+00   56   53    0    0
-9.8647677765737768e+01   56   56    0    0
-2.1167741716538107e+00   57   56    0    0
-8.9381115167864223e+01   57   57    0    0
-8.8774422442202081e+01   58   58    0    0
-2.0935547396898566e+00   59   58    0    0
-8.5054127462591794e+01   59   59    0    0
-2.0968216733469887e+00   60   55    0    0
-2.0927333420466425e+00   60   57    0    0
-8.5078276889792519e+01   60   60    0    0
-2.0923251793410662e+00   61   59    0    0
-8.8376656070339962e+01   61   61    0    0
-2.0899944692170762e+00   62   61    0    0
-9.7328700719839219e+01   62   62    0    0
-2.0652741638222420e+00   63   49    0    0
-9.8810661947273132e+01   63   63    0    0
-3.2672265426496414e-02   64   21    0    0
-2.0477880816320160e+00   64   62    0    0
-1.0475363240815041e+02   64   64    0    0
-2.0944032901381275e+00   65   54    0    0
-8.8133334720056254e+01   65   65    0    0
-2.0888442426777587e+00   66   58    0    0
-2.0490196088323858e+00   66   64    0    0
-9.7796576085173086e+01   66   66    0    0
-2.0951609707312233e+00   67   54    0    0
-2.1149750411987602e+00   67   63    0    0
-8.9579832075167332e+01   67   67    0    0
-2.0647428775777179e+00   68   49    0    0
-2.1154416799123332e+00   68   65    0    0
-9.7111508061803107e+01   68   68    0    0
-2.0309248344888897e+00   69    3    0    0
-1.7970219590263778e+02   69   69    0    0
-2.0290547628726676e+00   70   46    0    0
-1.7092043393560098e+02   70   70    0    0
-2.0299567854556204e+00   71    7    0    0
-1.7958960679961956e+02   71   71    0    0
-2.0296377393633067e+00   72   10    0    0
-1.7098164688297308e+02   72   72    0    0
-2.0311083886995029e+00   73   13    0    0
-1.6832072897813006e+02   73   73    0    0
-2.0305175736945245e+00   74   17    0    0
-1.6952937788737873e+02   74   74    0    0
-2.0280216730149183e+00   75   19    0    0
-1.7649478270592445e+02   75   75    0    0
-2.0270612905761736e+00   76   24    0    0
-1.6369739160087855e+02   76   76    0    0
-2.0277094995720040e+00   77   26    0    0
-1.6955973464592518e+02   77   77    0    0
-2.0274511272015059e+00   78   31    0    0
-1.6828394089333545e+02   78   78    0    0
-2.0304122241613212e+00   79   33    0    0
-1.6372240744074151e+02   79   79    0    0
-2.0308387657190612e+00   80   37    0    0
-1.7634804153658686e+02   80   80    0    0
 6.3381242022830429e+03    0    0    0    0
