&FCI NORB=74, NELEC=86, MS2=0,
 ORBSYM=1,1,1,1,1,1,1,1,1,1,1,1,1,1,1,1,1,1,1,1,1,1,1,1,1,1,1,1,1,1,1,1,1,1,1,1,1,1,1,1,1,1,1,1,1,1,1,1,1,1,1,1,1,1,1,1,1,1,1,1,1,1,1,1,1,1,1,1,1,1,1,1,1,1,
 ISYM=1,
&END
 8.4208384499999998e+00    1    1    1    1
 3.9069125709951718e+00    2    2    1    1
 8.4208384499999998e+00    2    2    2    2
 2.8411961508314767e+00    3    3    1    1
 3.9079423365159496e+00    3    3    2    2
 8.4208384499999998e+00    3    3    3    3
 2.5887325131355396e+00    4    4    1    1
 2.8131174981234599e+00    4    4    2    2
 3.9393379040872825e+00    4    4    3    3
 8.4208384499999998e+00    4    4    4    4
 2.7969949167603065e+00    5    5    1    1
 2.5034001827422134e+00    5    5    2    2
 2.7956211895400553e+00    5    5    3    3
 3.9251062324378081e+00    5    5    4    4
 8.4208384499999998e+00    5    5    5    5
 3.9345349491664967e+00    6    6    1    1
 2.8088268736046405e+00    6    6    2    2
 2.5850116376154997e+00    6    6    3    3
 2.8743660806451197e+00    6    6    4    4
 3.9259824831055088e+00    6    6    5    5
 8.4208384499999998e+00    6    6    6    6
 1.1178964497500752e+00    7    7    1    1
 1.0441055024473065e+00    7    7    2    2
 1.1181758231251075e+00    7    7    3    3
 1.3144871634825859e+00    7    7    4    4
 1.4761808149678899e+00    7    7    5    5
 1.3140086587069539e+00    7    7    6    6
 8.4208384499999998e+00    7    7    7    7
 1.0425478269365938e+00    8    8    1    1
 9.6379682379635279e-01    8    8    2    2
 1.0111629319358735e+00    8    8    3    3
 1.1639097689514191e+00    8    8    4    4
 1.3136957798218498e+00    8    8    5    5
 1.2123866452703909e+00    8    8    6    6
 3.8941166170829731e+00    8    8    7    7
 8.4208384499999998e+00    8    8    8    8
 1.0672142993856062e+00    9    9    1    1
 9.7675688100016178e-01    9    9    2    2
 1.0117003554821318e+00    9    9    3    3
 1.1549616190988028e+00    9    9    4    4
 1.3152782587334293e+00    9    9    5    5
 1.2386924550284693e+00    9    9    6    6
 2.7774281440726214e+00    9    9    7    7
 3.9050728432768849e+00    9    9    8    8
 8.4208384499999998e+00    9    9    9    9
 9.6315673811309421e-01   10   10    1    1
 8.8241507119743245e-01   10   10    2    2
 9.0282514808860159e-01   10   10    3    3
 1.0109093596606307e+00   10   10    4    4
 1.1382590717367929e+00   10   10    5    5
 1.0965093046807857e+00   10   10    6    6
 2.0717177177828021e+00   10   10    7    7
 2.8141808951728984e+00   10   10    8    8
 3.9363985897224234e+00   10   10    9    9
 8.4208384499999998e+00   10   10   10   10
 8.6967823485296314e-01   11   11    1    1
 8.0228709191516479e-01   11   11    2    2
 8.2058657417396774e-01   11   11    3    3
 9.1172045889414277e-01   11   11    4    4
 1.0147436979431179e+00   11   11    5    5
 9.7960488371379728e-01   11   11    6    6
 1.8664212027554150e+00   11   11    7    7
 2.5114138991175432e+00   11   11    8    8
 2.7992793330648276e+00   11   11    9    9
 3.9307191301079332e+00   11   11   10   10
 8.4208384499999998e+00   11   11   11   11
 6.6440492248598060e-01   12   12    1    1
 6.2011434029951651e-01   12   12    2    2
 6.2474722671717753e-01   12   12    3    3
 6.7269789722282325e-01   12   12    4    4
 7.3002663282561453e-01   12   12    5    5
 7.2189289063384543e-01   12   12    6    6
 1.0554686622349752e+00   12   12    7    7
 1.2332792342916514e+00   12   12    8    8
 1.3282297747712226e+00   12   12    9    9
 1.6104946745310154e+00   12   12   10   10
 1.8786694014231189e+00   12   12   11   11
 8.4208384499999998e+00   12   12   12   12
 8.6059045435184511e-01   13   13    1    1
 7.9835619441435646e-01   13   13    2    2
 8.2322399760700915e-01   13   13    3    3
 9.1951454618277573e-01   13   13    4    4
 1.0191404432667537e+00   13   13    5    5
 9.7216660309099701e-01   13   13    6    6
 2.0757566044297122e+00   13   13    7    7
 2.8113612333115165e+00   13   13    8    8
 2.5828104166897377e+00   13   13    9    9
 2.8743295628691681e+00   13   13   10   10
 3.9362510926652199e+00   13   13   11   11
 1.6271471695840551e+00   13   13   12   12
 8.4208384499999998e+00   13   13   13   13
 9.2761197969459896e-01   14   14    1    1
 8.6236703959742567e-01   14   14    2    2
 8.9938366022532124e-01   14   14    3    3
 1.0188563978219811e+00   14   14    4    4
 1.1330941987188432e+00   14   14    5    5
 1.0605447938587345e+00   14   14    6    6
 2.7898845504111920e+00   14   14    7    7
 3.9028644181334600e+00   14   14    8    8
 2.8367538312522300e+00   14   14    9    9
 2.5891533436086243e+00   14   14   10   10
 2.8076855881521992e+00   14   14   11   11
 1.3388430033608163e+00   14   14   12   12
 3.9443444937749175e+00   14   14   13   13
 8.4208384499999998e+00   14   14   14   14
 1.0109741239386363e+00   15   15    1    1
 9.6421187725021551e-01   15   15    2    2
 1.0442854606051784e+00   15   15    3    3
 1.2157802424128752e+00   15   15    4    4
 1.3163007381771070e+00   15   15    5    5
 1.1640575102401296e+00   15   15    6    6
 3.9007178768375894e+00   15   15    7    7
 2.8322846213489985e+00   15   15    8    8
 2.1336956920856482e+00   15   15    9    9
 1.7337851231987771e+00   15   15   10   10
 1.6476183570628198e+00   15   15   11   11
 9.9616178382712717e-01   15   15   12   12
 1.8854378148354520e+00   15   15   13   13
 2.4825208496435152e+00   15   15   14   14
 8.4208384499999998e+00   15   15   15   15
 9.1307347778523817e-01   16   16    1    1
 8.7748305045635300e-01   16   16    2    2
 9.4668984054354044e-01   16   16    3    3
 1.0842105718177344e+00   16   16    4    4
 1.1549865924998484e+00   16   16    5    5
 1.0342265520725145e+00   16   16    6    6
 2.7921921481027461e+00   16   16    7    7
 2.4710983586982342e+00   16   16    8    8
 2.0048302097024102e+00   16   16    9    9
 1.7116802496487846e+00   16   16   10   10
 1.6573747644512646e+00   16   16   11   11
 1.0307364178229661e+00   16   16   12   12
 1.8722059785578899e+00   16   16   13   13
 2.3158146001596389e+00   16   16   14   14
 3.9048624606122782e+00   16   16   15   15
 8.4208384499999998e+00   16   16   16   16
 8.3770843454974675e-01   17   17    1    1
 8.1530261376585234e-01   17   17    2    2
 8.8306504142339359e-01   17   17    3    3
 9.9992935965111274e-01   17   17    4    4
 1.0430742021091353e+00   17   17    5    5
 9.3552009915677659e-01   17   17    6    6
 2.0793756925816438e+00   17   17    7    7
 1.8693330601249190e+00   17   17    8    8
 1.5820128234872848e+00   17   17    9    9
 1.4083180604509424e+00   17   17   10   10
 1.3970975420632818e+00   17   17   11   11
 9.4559359315299063e-01   17   17   12   12
 1.5710697585629994e+00   17   17   13   13
 1.8480335616425969e+00   17   17   14   14
 2.8188625291596039e+00   17   17   15   15
 3.9471247982003543e+00   17   17   16   16
 8.4208384499999998e+00   17   17   17   17
 8.2830122429418440e-01   18   18    1    1
 8.1237830636984054e-01   18   18    2    2
 8.8530166568931223e-01   18   18    3    3
 1.0006041286385847e+00   18   18    4    4
 1.0316886648263679e+00   18   18    5    5
 9.2095747619722057e-01   18   18    6    6
 1.8714388747057999e+00   18   18    7    7
 1.6339286997430207e+00   18   18    8    8
 1.3793993223326577e+00   18   18    9    9
 1.2303033277916502e+00   18   18   10   10
 1.2264691139201498e+00   18   18   11   11
 8.5768355783032024e-01   18   18   12   12
 1.3864140872196629e+00   18   18   13   13
 1.6300033028140291e+00   18   18   14   14
 2.5204586693983355e+00   18   18   15   15
 2.8093969084488659e+00   18   18   16   16
 3.9373749134478087e+00   18   18   17   17
 8.4208384499999998e+00   18   18   18   18
 8.9658712617902470e-01   19   19    1    1
 8.7693244853308994e-01   19   19    2    2
 9.6001955058285904e-01   19   19    3    3
 1.0965390514984472e+00   19   19    4    4
 1.1368389196824973e+00   19   19    5    5
 1.0055990866935662e+00   19   19    6    6
 2.0743409055590663e+00   19   19    7    7
 1.7234800440407472e+00   19   19    8    8
 1.4211292102882638e+00   19   19    9    9
 1.2429639996190933e+00   19   19   10   10
 1.2291149310414176e+00   19   19   11   11
 8.4101168381776104e-01   19   19   12   12
 1.4012545744567309e+00   19   19   13   13
 1.6934533206359468e+00   19   19   14   14
 2.8141975042700160e+00   19   19   15   15
 2.5811824789268050e+00   19   19   16   16
 2.8678590114450087e+00   19   19   17   17
 3.9309561283862324e+00   19   19   18   18
 8.4208384499999998e+00   19   19   19   19
 9.9733192778606439e-01   20   20    1    1
 9.6223657178344779e-01   20   20    2    2
 1.0518342731606154e+00   20   20    3    3
 1.2225741250156026e+00   20   20    4    4
 1.2991562151206069e+00   20   20    5    5
 1.1399234585361717e+00   20   20    6    6
 2.7875733418649755e+00   20   20    7    7
 2.1329819685315901e+00   20   20    8    8
 1.6883671022040385e+00   20   20    9    9
 1.4244806816173969e+00   20   20   10   10
 1.3821719023070214e+00   20   20   11   11
 8.9429351650409294e-01   20   20   12   12
 1.5841130004308015e+00   20   20   13   13
 2.0026635955137650e+00   20   20   14   14
 3.9082107335493159e+00   20   20   15   15
 2.8328800824455160e+00   20   20   16   16
 2.5840830436420044e+00   20   20   17   17
 2.8061686842087603e+00   20   20   18   18
 3.9353288839370517e+00   20   20   19   19
 8.4208384499999998e+00   20   20   20   20
 2.7830903254078851e+00   21   21    1    1
 3.8933229780564620e+00   21   21    2    2
 2.7840960950188887e+00   21   21    3    3
 2.0724266891242591e+00   21   21    4    4
 1.8603221082077428e+00   21   21    5    5
 2.0700467685617197e+00   21   21    6    6
 9.1269717861059763e-01   21   21    7    7
 8.5166232382685048e-01   21   21    8    8
 8.6480920354397284e-01   21   21    9    9
 7.9204464803329022e-01   21   21   10   10
 7.2590346813755047e-01   21   21   11   11
 5.7602167025018403e-01   21   21   12   12
 7.2076733470147469e-01   21   21   13   13
 7.7132508128419430e-01   21   21   14   14
 8.5165161340262630e-01   21   21   15   15
 7.8411580135702386e-01   21   21   16   16
 7.3517345732991535e-01   21   21   17   17
 7.3379951698075097e-01   21   21   18   18
 7.8599789692866340e-01   21   21   19   19
 8.5165737975976596e-01   21   21   20   20
 8.4208384499999998e+00   21   21   21   21
 2.0993828894436728e+00   22   22    1    1
 2.7866317305745518e+00   22   22    2    2
 2.4318383344765593e+00   22   22    3    3
 1.8412401084713843e+00   22   22    4    4
 1.6052734853326280e+00   22   22    5    5
 1.6968992395049729e+00   22   22    6    6
 8.5019239817877224e-01   22   22    7    7
 7.9031643722731315e-01   22   22    8    8
 7.9401954179279222e-01   22   22    9    9
 7.2910739020113269e-01   22   22   10   10
 6.7431480526250553e-01   22   22   11   11
 5.3991291260977214e-01   22   22   12   12
 6.7419597545371046e-01   22   22   13   13
 7.2213911169238310e-01   22   22   14   14
 8.0443967159884999e-01   22   22   15   15
 7.4273129919900416e-01   22   22   16   16
 7.0362736504425416e-01   22   22   17   17
 7.0868477715681455e-01   22   22   18   18
 7.5951344605287174e-01   22   22   19   19
 8.1418498557692898e-01   22   22   20   20
 3.8902910125896675e+00   22   22   21   21
 8.4208384499999998e+00   22   22   22   22
 1.9371107330175927e+00   23   23    1    1
 2.4309759825760140e+00   23   23    2    2
 2.2972975485569522e+00   23   23    3    3
 1.8213223646672929e+00   23   23    4    4
 1.5881575473622869e+00   23   23    5    5
 1.6413002622634831e+00   23   23    6    6
 8.5933518921522767e-01   23   23    7    7
 7.9385644067247263e-01   23   23    8    8
 7.8790425014170251e-01   23   23    9    9
 7.2165592425087233e-01   23   23   10   10
 6.7174789306259286e-01   23   23   11   11
 5.3514493571592692e-01   23   23   12   12
 6.7751122770109717e-01   23   23   13   13
 7.2921764895546914e-01   23   23   14   14
 8.1768225656315696e-01   23   23   15   15
 7.4982403419713284e-01   23   23   16   16
 7.1311869653776727e-01   23   23   17   17
 7.2505489881356489e-01   23   23   18   18
 7.8363406711661632e-01   23   23   19   19
 8.3846587192162891e-01   23   23   20   20
 2.7797411993383507e+00   23   23   21   21
 3.9035524275918947e+00   23   23   22   22
 8.4208384499999998e+00   23   23   23   23
 1.5362099794873745e+00   24   24    1    1
 1.8415658770976859e+00   24   24    2    2
 1.8238926859785773e+00   24   24    3    3
 1.5222037800340908e+00   24   24    4    4
 1.3367390851525323e+00   24   24    5    5
 1.3530795419143042e+00   24   24    6    6
 7.9087024421175123e-01   24   24    7    7
 7.3146501644983652e-01   24   24    8    8
 7.2210976820630601e-01   24   24    9    9
 6.6463867331604698e-01   24   24   10   10
 6.2323309611428968e-01   24   24   11   11
 5.0238473760086988e-01   24   24   12   12
 6.3089413392055771e-01   24   24   13   13
 6.7767956325280021e-01   24   24   14   14
 7.6137772907950985e-01   24   24   15   15
 7.0239150405152739e-01   24   24   16   16
 6.7433825955791693e-01   24   24   17   17
 6.8992759785265456e-01   24   24   18   18
 7.4355384497444921e-01   24   24   19   19
 7.8641533277121189e-01   24   24   20   20
 2.0697049149959699e+00   24   24   21   21
 2.8101789391612790e+00   24   24   22   22
 3.9378158617728212e+00   24   24   23   23
 8.4208384499999998e+00   24   24   24   24
 1.3496688273503745e+00   25   25    1    1
 1.6069001869376014e+00   25   25    2    2
 1.5896268788251662e+00   25   25    3    3
 1.3366482580473069e+00   25   25    4    4
 1.1781989013733118e+00   25   25    5    5
 1.1915264460093293e+00   25   25    6    6
 7.2863881661231822e-01   25   25    7    7
 6.7744523630287878e-01   25   25    8    8
 6.7169621582008399e-01   25   25    9    9
 6.2168520068207522e-01   25   25   10   10
 5.8370197704091975e-01   25   25   11   11
 4.7684933086012404e-01   25   25   12   12
 5.8887558577020604e-01   25   25   13   13
 6.2934153384804925e-01   25   25   14   14
 7.0467463081382320e-01   25   25   15   15
 6.5634619999813926e-01   25   25   16   16
 6.3296932626822744e-01   25   25   17   17
 6.4603353539361830e-01   25   25   18   18
 6.9011020507496279e-01   25   25   19   19
 7.2469754623663973e-01   25   25   20   20
 1.8617148542907278e+00   25   25   21   21
 2.5072078880733271e+00   25   25   22   22
 2.8011062368084927e+00   25   25   23   23
 3.9326817449087188e+00   25   25   24   24
 8.4208384499999998e+00   25   25   25   25
 1.4030927633597414e+00   26   26    1    1
 1.6963129349618222e+00   26   26    2    2
 1.6393805659622727e+00   26   26    3    3
 1.3512772715113555e+00   26   26    4    4
 1.1898511202499193e+00   26   26    5    5
 1.2159234475803011e+00   26   26    6    6
 7.2472075953635651e-01   26   26    7    7
 6.7656786580166484e-01   26   26    8    8
 6.7661042848707786e-01   26   26    9    9
 6.2732689457635304e-01   26   26   10   10
 5.8621462227400234e-01   26   26   11   11
 4.8067115119778370e-01   26   26   12   12
 5.8763748914397929e-01   26   26   13   13
 6.2593788009997631e-01   26   26   14   14
 6.9777471524759238e-01   26   26   15   15
 6.5288812667594120e-01   26   26   16   16
 6.2755029625836523e-01   26   26   17   17
 6.3576114482891377e-01   26   26   18   18
 6.7515822328699759e-01   26   26   19   19
 7.1073010255494273e-01   26   26   20   20
 2.0700795930969629e+00   26   26   21   21
 2.8105169604066198e+00   26   26   22   22
 2.5872961167300952e+00   26   26   23   23
 2.8771727226775581e+00   26   26   24   24
 3.9359473307457309e+00   26   26   25   25
 8.4208384499999998e+00   26   26   26   26
 1.6736061110519513e+00   27   27    1    1
 2.0975053797430729e+00   27   27    2    2
 1.9370201081823215e+00   27   27    3    3
 1.5362210894894877e+00   27   27    4    4
 1.3479612969194341e+00   27   27    5    5
 1.4020676746274823e+00   27   27    6    6
 7.7440184408030155e-01   27   27    7    7
 7.2342519854887333e-01   27   27    8    8
 7.2840277873907866e-01   27   27    9    9
 6.7344566497983949e-01   27   27   10   10
 6.2497497868700658e-01   27   27   11   11
 5.0852371237819560e-01   27   27   12   12
 6.2356996730384495e-01   27   27   13   13
 6.6445821815793393e-01   27   27   14   14
 7.3870549991494405e-01   27   27   15   15
 6.8924640978768925e-01   27   27   16   16
 6.5740224133241953e-01   27   27   17   17
 6.6178756488861923e-01   27   27   18   18
 7.0325264916270802e-01   27   27   19   19
 7.4663752506448455e-01   27   27   20   20
 2.7781807072692004e+00   27   27   21   21
 3.9004788441969813e+00   27   27   22   22
 2.8382844235667832e+00   27   27   23   23
 2.5875359488915435e+00   27   27   24   24
 2.8035806718438101e+00   27   27   25   25
 3.9424227987959162e+00   27   27   26   26
 8.4208384499999998e+00   27   27   27   27
 2.4291371478118826e+00   28   28    1    1
 2.7925703401294015e+00   28   28    2    2
 2.1100711472700575e+00   28   28    3    3
 1.7062604795757288e+00   28   28    4    4
 1.6114333788241570e+00   28   28    5    5
 1.8422462350466311e+00   28   28    6    6
 8.5610434173779093e-01   28   28    7    7
 8.1035988420062799e-01   28   28    8    8
 8.3310228991362956e-01   28   28    9    9
 7.7130689960678878e-01   28   28   10   10
 7.0613067312883038e-01   28   28   11   11
 5.7011723129943270e-01   28   28   12   12
 6.9480823504640299e-01   28   28   13   13
 7.3611060573028686e-01   28   28   14   14
 7.9597706116959899e-01   28   28   15   15
 7.3927268946948499e-01   28   28   16   16
 6.9210852048365146e-01   28   28   17   17
 6.8571483240947539e-01   28   28   18   18
 7.2836631430431575e-01   28   28   19   19
 7.8783999815500705e-01   28   28   20   20
 3.8952523376558799e+00   28   28   21   21
 2.8017322899517185e+00   28   28   22   22
 2.0998150796834723e+00   28   28   23   23
 1.7013328201764095e+00   28   28   24   24
 1.6170662901234758e+00   28   28   25   25
 1.8583228855418741e+00   28   28   26   26
 2.4568801764076484e+00   28   28   27   27
 8.4208384499999998e+00   28   28   28   28
 1.9381802907451722e+00   29   29    1    1
 2.1020044936813180e+00   29   29    2    2
 1.6784091598372306e+00   29   29    3    3
 1.4065619490676118e+00   29   29    4    4
 1.3506716132918377e+00   29   29    5    5
 1.5369192531985252e+00   29   29    6    6
 7.7649796455626241e-01   29   29    7    7
 7.4085364910170781e-01   29   29    8    8
 7.6054946998332507e-01   29   29    9    9
 7.1108186050936373e-01   29   29   10   10
 6.5627869325768839e-01   29   29   11   11
 5.3997318864760868e-01   29   29   12   12
 6.4590276240673505e-01   29   29   13   13
 6.7989822407800116e-01   29   29   14   14
 7.2496645914893165e-01   29   29   15   15
 6.7585611887746655e-01   29   29   16   16
 6.3554149810761063e-01   29   29   17   17
 6.3101529045558591e-01   29   29   18   18
 6.6888983676698410e-01   29   29   19   19
 7.1956398775064090e-01   29   29   20   20
 2.7862294655225974e+00   29   29   21   21
 2.4464269138043244e+00   29   29   22   22
 1.9394868155851579e+00   29   29   23   23
 1.6481182362085178e+00   29   29   24   24
 1.6076597668548269e+00   29   29   25   25
 1.8510363135539587e+00   29   29   26   26
 2.3307907759836803e+00   29   29   27   27
 3.9042052122518180e+00   29   29   28   28
 8.4208384499999998e+00   29   29   29   29
 1.6303133739901674e+00   30   30    1    1
 1.6955353480517801e+00   30   30    2    2
 1.4072733933359680e+00   30   30    3    3
 1.2192606869026446e+00   30   30    4    4
 1.1899103222324041e+00   30   30    5    5
 1.3457719596886148e+00   30   30    6    6
 7.2801197791057659e-01   30   30    7    7
 7.0125941256910662e-01   30   30    8    8
 7.2516569261764208e-01   30   30    9    9
 6.8420250447940167e-01   30   30   10   10
 6.3216673257315492e-01   30   30   11   11
 5.2914762749145916e-01   30   30   12   12
 6.1840249419957238e-01   30   30   13   13
 6.4593574114927299e-01   30   30   14   14
 6.7978922961203636e-01   30   30   15   15
 6.3842601919740816e-01   30   30   16   16
 6.0065444579289695e-01   30   30   17   17
 5.9361144646274544e-01   30   30   18   18
 6.2512718263648204e-01   30   30   19   19
 6.7061340986262075e-01   30   30   20   20
 2.0739130856216219e+00   30   30   21   21
 1.8611298512594103e+00   30   30   22   22
 1.5415698444309518e+00   30   30   23   23
 1.3645326870651087e+00   30   30   24   24
 1.3637992839282169e+00   30   30   25   25
 1.5656207535032900e+00   30   30   26   26
 1.8720878470404356e+00   30   30   27   27
 2.8115672888733725e+00   30   30   28   28
 3.9409647231705440e+00   30   30   29   29
 8.4208384499999998e+00   30   30   30   30
 1.5698018076817832e+00   31   31    1    1
 1.6041359865552907e+00   31   31    2    2
 1.3568445964249152e+00   31   31    3    3
 1.1964726186813530e+00   31   31    4    4
 1.1768864418047138e+00   31   31    5    5
 1.3240892046952932e+00   31   31    6    6
 7.3527190698126088e-01   31   31    7    7
 7.1166523869061049e-01   31   31    8    8
 7.4274304077219466e-01   31   31    9    9
 7.0290677053851103e-01   31   31   10   10
 6.4617241525843916e-01   31   31   11   11
 5.4317609406168965e-01   31   31   12   12
 6.2770659681605367e-01   31   31   13   13
 6.5328152983552512e-01   31   31   14   14
 6.8486295192904478e-01   31   31   15   15
 6.4677114780706801e-01   31   31   16   16
 6.0700418850385018e-01   31   31   17   17
 5.9599347342919606e-01   31   31   18   18
 6.2414201402904257e-01   31   31   19   19
 6.6999523233707203e-01   31   31   20   20
 1.8670642631986292e+00   31   31   21   21
 1.6303069722064985e+00   31   31   22   22
 1.3570682262875950e+00   31   31   23   23
 1.2053792280007645e+00   31   31   24   24
 1.2070468714610927e+00   31   31   25   25
 1.3834207550096205e+00   31   31   26   26
 1.6445414483668293e+00   31   31   27   27
 2.5128143537165952e+00   31   31   28   28
 2.8061905181320719e+00   31   31   29   29
 3.9339853483368601e+00   31   31   30   30
 8.4208384499999998e+00   31   31   31   31
 1.3051414164453079e+00   32   32    1    1
 1.3173107137264846e+00   32   32    2    2
 1.1483601220117452e+00   32   32    3    3
 1.0348874467322449e+00   32   32    4    4
 1.0249760624594675e+00   32   32    5    5
 1.1377479606137171e+00   32   32    6    6
 6.8071721849976830e-01   32   32    7    7
 6.6388764713706738e-01   32   32    8    8
 6.9523818580798236e-01   32   32    9    9
 6.6399060062806281e-01   32   32   10   10
 6.1274184475678328e-01   32   32   11   11
 5.2516276815535201e-01   32   32   12   12
 5.9301475257785308e-01   32   32   13   13
 6.1292975112555759e-01   32   32   14   14
 6.3595040453754359e-01   32   32   15   15
 6.0472084312958285e-01   32   32   16   16
 5.6897240539080807e-01   32   32   17   17
 5.5731870105113579e-01   32   32   18   18
 5.8043094973122078e-01   32   32   19   19
 6.2043138306192547e-01   32   32   20   20
 1.4865238337356599e+00   32   32   21   21
 1.3418969120638453e+00   32   32   22   22
 1.1506818501419920e+00   32   32   23   23
 1.0467769840215650e+00   32   32   24   24
 1.0595479913045049e+00   32   32   25   25
 1.2010717060185352e+00   32   32   26   26
 1.3761852056797306e+00   32   32   27   27
 1.8680500794918704e+00   32   32   28   28
 2.0736376921506214e+00   32   32   29   29
 2.7973628358573515e+00   32   32   30   30
 3.9017169472941196e+00   32   32   31   31
 8.4208384499999998e+00   32   32   32   32
 1.7945153012308677e+00   33   33    1    1
 1.8368977972357436e+00   33   33    2    2
 1.5474007257959985e+00   33   33    3    3
 1.3616158174550110e+00   33   33    4    4
 1.3369889885287431e+00   33   33    5    5
 1.5057187768909193e+00   33   33    6    6
 8.0258734263194464e-01   33   33    7    7
 7.7362463642700252e-01   33   33    8    8
 8.1117297579227721e-01   33   33    9    9
 7.6222367964215132e-01   33   33   10   10
 6.9469205697073833e-01   33   33   11   11
 5.7472475642921639e-01   33   33   12   12
 6.7326941093510584e-01   33   33   13   13
 7.0358848929781537e-01   33   33   14   14
 7.4424665530557232e-01   33   33   15   15
 7.0200713596795206e-01   33   33   16   16
 6.5585589895492069e-01   33   33   17   17
 6.4153070880806706e-01   33   33   18   18
 6.7181540792092298e-01   33   33   19   19
 7.2442618921554203e-01   33   33   20   20
 2.0741778791282046e+00   33   33   21   21
 1.7182860375219413e+00   33   33   22   22
 1.4091669714441648e+00   33   33   23   23
 1.2274896115272271e+00   33   33   24   24
 1.2128137102353593e+00   33   33   25   25
 1.3885155960485993e+00   33   33   26   26
 1.6875924753692362e+00   33   33   27   27
 2.8152184020534090e+00   33   33   28   28
 2.5881202307254942e+00   33   33   29   29
 2.8734306323942160e+00   33   33   30   30
 3.9328813762801311e+00   33   33   31   31
 2.7927831130031544e+00   33   33   32   32
 8.4208384499999998e+00   33   33   33   33
 2.2733380928493387e+00   34   34    1    1
 2.4305857127075661e+00   34   34    2    2
 1.9551353217306664e+00   34   34    3    3
 1.6566709264062167e+00   34   34    4    4
 1.5965071400858524e+00   34   34    5    5
 1.8142482555257391e+00   34   34    6    6
 8.7335342262853177e-01   34   34    7    7
 8.3187458909163015e-01   34   34    8    8
 8.6636874251674989e-01   34   34    9    9
 8.0397954571799002e-01   34   34   10   10
 7.3029034781303126e-01   34   34   11   11
 5.9076602881385465e-01   34   34   12   12
 7.1211904016772309e-01   34   34   13   13
 7.5131377561213020e-01   34   34   14   14
 8.0820714829230378e-01   34   34   15   15
 7.5578827966574558e-01   34   34   16   16
 7.0453815188861202e-01   34   34   17   17
 6.9167682999747937e-01   34   34   18   18
 7.2935105638771258e-01   34   34   19   19
 7.9022741582787270e-01   34   34   20   20
 2.7826070807003322e+00   34   34   21   21
 2.1161054459800370e+00   34   34   22   22
 1.6776162804526837e+00   34   34   23   23
 1.4097876661145654e+00   34   34   24   24
 1.3626043088632163e+00   34   34   25   25
 1.5589001581798225e+00   34   34   26   26
 1.9708342423630703e+00   34   34   27   27
 3.9047565936705912e+00   34   34   28   28
 2.8362430684546815e+00   34   34   29   29
 2.5827395690746062e+00   34   34   30   30
 2.8014491567217563e+00   34   34   31   31
 2.0698442413465381e+00   34   34   32   32
 3.9390867983783955e+00   34   34   33   33
 8.4208384499999998e+00   34   34   34   34
 1.8468540516658747e+00   35   35    1    1
 1.5984578577937112e+00   35   35    2    2
 1.6717487237830209e+00   35   35    3    3
 2.0677486943730314e+00   35   35    4    4
 2.7788713072642683e+00   35   35    5    5
 2.4619982723154332e+00   35   35    6    6
 2.0636564363921424e+00   35   35    7    7
 1.8325529564005758e+00   35   35    8    8
 1.8132968754523229e+00   35   35    9    9
 1.5004168399324413e+00   35   35   10   10
 1.3135707769179121e+00   35   35   11   11
 8.6950969919384269e-01   35   35   12   12
 1.3307657928646621e+00   35   35   13   13
 1.5188905116420104e+00   35   35   14   14
 1.6840382510162111e+00   35   35   15   15
 1.4118837691703974e+00   35   35   16   16
 1.2207391342293583e+00   35   35   17   17
 1.1847478161647476e+00   35   35   18   18
 1.3250350121728633e+00   35   35   19   19
 1.5984249396821566e+00   35   35   20   20
 1.3139028264613248e+00   35   35   21   21
 1.1729669116793524e+00   35   35   22   22
 1.1803555524492262e+00   35   35   23   23
 1.0385696673587217e+00   35   35   24   24
 9.3102757875276965e-01   35   35   25   25
 9.3027661963017572e-01   35   35   26   26
 1.0235646743286284e+00   35   35   27   27
 1.2078498967341804e+00   35   35   28   28
 1.0663011900897714e+00   35   35   29   29
 9.7487927273106989e-01   35   35   30   30
 9.7438492340249316e-01   35   35   31   31
 8.7601936316982532e-01   35   35   32   32
 1.0807219868679427e+00   35   35   33   33
 1.2187949870390538e+00   35   35   34   34
 8.4208384499999998e+00   35   35   35   35
 1.4783366878443800e+00   36   36    1    1
 1.3188259542700116e+00   36   36    2    2
 1.3872236739274113e+00   36   36    3    3
 1.6735595363942752e+00   36   36    4    4
 2.0614937827189039e+00   36   36    5    5
 1.8482965001103593e+00   36   36    6    6
 2.7731950115764685e+00   36   36    7    7
 2.4163881223234114e+00   36   36    8    8
 2.2816253170957954e+00   36   36    9    9
 1.7931970719640267e+00   36   36   10   10
 1.5593040574868968e+00   36   36   11   11
 9.6046599559626933e-01   36   36   12   12
 1.6114475199427920e+00   36   36   13   13
 1.9111031188898182e+00   36   36   14   14
 2.0795923838209660e+00   36   36   15   15
 1.6801727867417360e+00   36   36   16   16
 1.4038477475454358e+00   36   36   17   17
 1.3407029609159613e+00   36   36   18   18
 1.5079341778587660e+00   36   36   19   19
 1.8903130742939132e+00   36   36   20   20
 1.1177612916917450e+00   36   36   21   21
 1.0164171067971786e+00   36   36   22   22
 1.0262779417621914e+00   36   36   23   23
 9.2119254570351861e-01   36   36   24   24
 8.3471393232764723e-01   36   36   25   25
 8.3165416393785030e-01   36   36   26   26
 9.0336295857012372e-01   36   36   27   27
 1.0404799526172965e+00   36   36   28   28
 9.3267477496090634e-01   36   36   29   29
 8.6397953438679975e-01   36   36   30   30
 8.6763019397531949e-01   36   36   31   31
 7.9118070096775550e-01   36   36   32   32
 9.5397875177266844e-01   36   36   33   33
 1.0556584715227717e+00   36   36   34   34
 3.9327260377582918e+00   36   36   35   35
 8.4208384499999998e+00   36   36   36   36
 1.3192469709222565e+00   37   37    1    1
 1.2206885737858046e+00   37   37    2    2
 1.3201195128513479e+00   37   37    3    3
 1.6006064311616721e+00   37   37    4    4
 1.8561849019804224e+00   37   37    5    5
 1.5990372116838589e+00   37   37    6    6
 3.8830068607768458e+00   37   37    7    7
 2.7633341419982216e+00   37   37    8    8
 2.3943815687660637e+00   37   37    9    9
 1.8148976292759393e+00   37   37   10   10
 1.5888913537346212e+00   37   37   11   11
 9.6082401402097728e-01   37   37   12   12
 1.6826784206851788e+00   37   37   13   13
 2.0872560628156718e+00   37   37   14   14
 2.7877793675372544e+00   37   37   15   15
 2.1257784596399607e+00   37   37   16   16
 1.7157347471988149e+00   37   37   17   17
 1.6162425657729917e+00   37   37   18   18
 1.8304409271917510e+00   37   37   19   19
 2.4000924987529690e+00   37   37   20   20
 1.0447415067742942e+00   37   37   21   21
 9.6343634895178198e-01   37   37   22   22
 9.7332655944691870e-01   37   37   23   23
 8.8429954012360212e-01   37   37   24   24
 8.0754657921420647e-01   37   37   25   25
 8.0401515033054460e-01   37   37   26   26
 8.6661683723252114e-01   37   37   27   27
 9.6943658567058855e-01   37   37   28   28
 8.6860797619085106e-01   37   37   29   29
 8.0661177261606476e-01   37   37   30   30
 8.1276398307113751e-01   37   37   31   31
 7.4464084348649229e-01   37   37   32   32
 8.9449142513684254e-01   37   37   33   33
 9.8712175460983997e-01   37   37   34   34
 2.8025378008412800e+00   37   37   35   35
 3.9020284653008819e+00   37   37   36   36
 8.4208384499999998e+00   37   37   37   37
 1.3912060833083544e+00   38   38    1    1
 1.3243342529752153e+00   38   38    2    2
 1.4859678604394884e+00   38   38    3    3
 1.8574589143141711e+00   38   38    4    4
 2.0668911983887188e+00   38   38    5    5
 1.6762487390086040e+00   38   38    6    6
 2.7709341724455512e+00   38   38    7    7
 2.0773021977473900e+00   38   38    8    8
 1.8957921810256428e+00   38   38    9    9
 1.5089573618485497e+00   38   38   10   10
 1.3344034709752299e+00   38   38   11   11
 8.6393988904104646e-01   38   38   12   12
 1.3942235506997736e+00   38   38   13   13
 1.6689459431826723e+00   38   38   14   14
 2.4546077278085519e+00   38   38   15   15
 1.9826232663672050e+00   38   38   16   16
 1.6835438732284815e+00   38   38   17   17
 1.6237309931351327e+00   38   38   18   18
 1.8336570585725525e+00   38   38   19   19
 2.2909529302155187e+00   38   38   20   20
 1.1224855329660168e+00   38   38   21   21
 1.0396023105110179e+00   38   38   22   22
 1.0489651686977466e+00   38   38   23   23
 9.5186032599877246e-01   38   38   24   24
 8.6916744388704670e-01   38   38   25   25
 8.6639256761300165e-01   38   38   26   26
 9.3495999085109571e-01   38   38   27   27
 1.0268473111839092e+00   38   38   28   28
 9.0902338032869623e-01   38   38   29   29
 8.3770491045797990e-01   38   38   30   30
 8.4384239424192098e-01   38   38   31   31
 7.6828808358909328e-01   38   38   32   32
 9.3591210220265852e-01   38   38   33   33
 1.0451072469530533e+00   38   38   34   34
 2.5879204621220659e+00   38   38   35   35
 2.8439956149591743e+00   38   38   36   36
 3.8992078378405881e+00   38   38   37   37
 8.4208384499999998e+00   38   38   38   38
 1.6788065891062465e+00   39   39    1    1
 1.6071508819242288e+00   39   39    2    2
 1.8588782029409725e+00   39   39    3    3
 2.4785831784657235e+00   39   39    4    4
 2.7907317543029868e+00   39   39    5    5
 2.0737828201583417e+00   39   39    6    6
 2.0648249241980374e+00   39   39    7    7
 1.6834605642163520e+00   39   39    8    8
 1.6115598488527645e+00   39   39    9    9
 1.3278015093554272e+00   39   39   10   10
 1.1753759991482036e+00   39   39   11   11
 7.9731142062904070e-01   39   39   12   12
 1.2060700675148404e+00   39   39   13   13
 1.3966203691807959e+00   39   39   14   14
 1.8495176087264458e+00   39   39   15   15
 1.5657668496659152e+00   39   39   16   16
 1.3822562494958195e+00   39   39   17   17
 1.3585218267806207e+00   39   39   18   18
 1.5207594329661729e+00   39   39   19   19
 1.8054111920276035e+00   39   39   20   20
 1.3206805594370028e+00   39   39   21   21
 1.2088977447205549e+00   39   39   22   22
 1.2159639522536716e+00   39   39   23   23
 1.0837804656083403e+00   39   39   24   24
 9.7970274797860801e-01   39   39   25   25
 9.7939594360276472e-01   39   39   26   26
 1.0697636534228510e+00   39   39   27   27
 1.1852290142069610e+00   39   39   28   28
 1.0305251523153010e+00   39   39   29   29
 9.3678073084834190e-01   39   39   30   30
 9.3989108864606186e-01   39   39   31   31
 8.4430000322603349e-01   39   39   32   32
 1.0528552504274027e+00   39   39   33   33
 1.2004525214803583e+00   39   39   34   34
 2.8792798570310185e+00   39   39   35   35
 2.5908732423915235e+00   39   39   36   36
 2.8056524495007231e+00   39   39   37   37
 3.9398300903994659e+00   39   39   38   38
 8.4208384499999998e+00   39   39   39   39
 2.0643048329699036e+00   40   40    1    1
 1.8603616728382313e+00   40   40    2    2
 2.0645778098697853e+00   40   40    3    3
 2.7847290609167166e+00   40   40    4    4
 3.8931200725589057e+00   40   40    5    5
 2.7837535482246492e+00   40   40    6    6
 1.8538303187046290e+00   40   40    7    7
 1.5960784102976642e+00   40   40    8    8
 1.5720130481241865e+00   40   40    9    9
 1.3157732067886101e+00   40   40   10   10
 1.1605991366865016e+00   40   40   11   11
 7.9629690846877954e-01   40   40   12   12
 1.1763516328607833e+00   40   40   13   13
 1.3379631654766140e+00   40   40   14   14
 1.6014783924952840e+00   40   40   15   15
 1.3648721446956711e+00   40   40   16   16
 1.2047950585587011e+00   40   40   17   17
 1.1823421599001740e+00   40   40   18   18
 1.3188994330113515e+00   40   40   19   19
 1.5573172303717453e+00   40   40   20   20
 1.4801818358730201e+00   40   40   21   21
 1.3184741495705339e+00   40   40   22   22
 1.3220460273948131e+00   40   40   23   23
 1.1514008640144764e+00   40   40   24   24
 1.0277872256009755e+00   40   40   25   25
 1.0297978972664359e+00   40   40   26   26
 1.1409767499338859e+00   40   40   27   27
 1.3246273497494405e+00   40   40   28   28
 1.1433161178321816e+00   40   40   29   29
 1.0308318525953795e+00   40   40   30   30
 1.0289463160938244e+00   40   40   31   31
 9.1496170490416984e-01   40   40   32   32
 1.1558390765137427e+00   40   40   33   33
 1.3332757565175186e+00   40   40   34   34
 3.9272226240865176e+00   40   40   35   35
 2.7954782884020761e+00   40   40   36   36
 2.4956951559541141e+00   40   40   37   37
 2.7966821240007529e+00   40   40   38   38
 3.9301882537498791e+00   40   40   39   39
 8.4208384499999998e+00   40   40   40   40
 1.0683684868876078e+00   41   41    1    1
 1.2204325494448116e+00   41   41    2    2
 1.2575936833392132e+00   41   41    3    3
 1.1210323146026149e+00   41   41    4    4
 9.9962246746164773e-01   41   41    5    5
 9.8596672683227893e-01   41   41    6    6
 6.7773170647242054e-01   41   41    7    7
 6.2859506812187405e-01   41   41    8    8
 6.1627116661823034e-01   41   41    9    9
 5.7180171068266339e-01   41   41   10   10
 5.4218744412271336e-01   41   41   11   11
 4.4603158366930129e-01   41   41   12   12
 5.5156608428963172e-01   41   41   13   13
 5.9009455767171337e-01   41   41   14   14
 6.6571797370292873e-01   41   41   15   15
 6.2260328724841252e-01   41   41   16   16
 6.0811961608843368e-01   41   41   17   17
 6.2788860004138292e-01   41   41   18   18
 6.7047098031658725e-01   41   41   19   19
 6.9372748223245395e-01   41   41   20   20
 1.3179437925446857e+00   41   41   21   21
 1.6047443832623747e+00   41   41   22   22
 1.8379364401575216e+00   41   41   23   23
 2.4283461857140072e+00   41   41   24   24
 2.7832661913409678e+00   41   41   25   25
 2.1024736267284680e+00   41   41   26   26
 1.6923832684706712e+00   41   41   27   27
 1.1714041755193465e+00   41   41   28   28
 1.1619073845433832e+00   41   41   29   29
 1.0289878510863646e+00   41   41   30   30
 9.3574691258093334e-01   41   41   31   31
 8.4600008945933314e-01   41   41   32   32
 9.4121493335578188e-01   41   41   33   33
 1.0341821829868389e+00   41   41   34   34
 8.2531975094476495e-01   41   41   35   35
 7.5535372245443388e-01   41   41   36   36
 7.4102495441703786e-01   41   41   37   37
 7.9656511660912632e-01   41   41   38   38
 8.8015346211051415e-01   41   41   39   39
 9.0252533571471538e-01   41   41   40   40
 8.4208384499999998e+00   41   41   41   41
 1.1423965746334594e+00   42   42    1    1
 1.3205237981844919e+00   42   42    2    2
 1.3249809300891520e+00   42   42    3    3
 1.1526802434873169e+00   42   42    4    4
 1.0286080840909633e+00   42   42    5    5
 1.0315038800458447e+00   42   42    6    6
 6.7546268738634818e-01   42   42    7    7
 6.2932235184291074e-01   42   42    8    8
 6.2169142805873068e-01   42   42    9    9
 5.7780080104159426e-01   42   42   10   10
 5.4570837227392610e-01   42   42   11   11
 4.5018642124151242e-01   42   42   12   12
 5.5201481826358512e-01   42   42   13   13
 5.8869119021070149e-01   42   42   14   14
 6.5834524556760221e-01   42   42   15   15
 6.1612707149580304e-01   42   42   16   16
 5.9831265295183622e-01   42   42   17   17
 6.1323206056570922e-01   42   42   18   18
 6.5314502637871985e-01   42   42   19   19
 6.8002813652839944e-01   42   42   20   20
 1.4818934100993673e+00   42   42   21   21
 1.8638391251829989e+00   42   42   22   22
 2.0673654394222294e+00   42   42   23   23
 2.7879035010185054e+00   42   42   24   24
 3.8996296069606680e+00   42   42   25   25
 2.7984807730234222e+00   42   42   26   26
 2.0722767058560052e+00   42   42   27   27
 1.3288578462140797e+00   42   42   28   28
 1.3405568683474471e+00   42   42   29   29
 1.1774262071885231e+00   42   42   30   30
 1.0549417384279809e+00   42   42   31   31
 9.4692323893030350e-01   42   42   32   32
 1.0504689989960354e+00   42   42   33   33
 1.1533559154709931e+00   42   42   34   34
 8.3773195671980416e-01   42   42   35   35
 7.6101343427599100e-01   42   42   36   36
 7.4126864921069258e-01   42   42   37   37
 7.9498424832529502e-01   42   42   38   38
 8.8377657055764425e-01   42   42   39   39
 9.1628716037239577e-01   42   42   40   40
 3.8931667600244153e+00   42   42   41   41
 8.4208384499999998e+00   42   42   42   42
 1.0285403376201905e+00   43   43    1    1
 1.1683664041182327e+00   43   43    2    2
 1.1535582695022184e+00   43   43    3    3
 1.0135507887209840e+00   43   43    4    4
 9.1820187076463455e-01   43   43    5    5
 9.2900587295923132e-01   43   43    6    6
 6.2147836384052124e-01   43   43    7    7
 5.8311685862093665e-01   43   43    8    8
 5.7838612807717082e-01   43   43    9    9
 5.4087209178859463e-01   43   43   10   10
 5.1191026149658214e-01   43   43   11   11
 4.2789488082175292e-01   43   43   12   12
 5.1623954574238706e-01   43   43   13   13
 5.4746668065796678e-01   43   43   14   14
 6.0575270332160436e-01   43   43   15   15
 5.7015641452285371e-01   43   43   16   16
 5.5434625504082335e-01   43   43   17   17
 5.6636285558920196e-01   43   43   18   18
 5.9976571175860460e-01   43   43   19   19
 6.2283031640976882e-01   43   43   20   20
 1.3218922100491739e+00   43   43   21   21
 1.6087828556239254e+00   43   43   22   22
 1.6912257048734531e+00   43   43   23   23
 2.0970487222983616e+00   43   43   24   24
 2.7844248899364081e+00   43   43   25   25
 2.4413476277708339e+00   43   43   26   26
 1.8469621764478601e+00   43   43   27   27
 1.2325233124112964e+00   43   43   28   28
 1.2781815537768804e+00   43   43   29   29
 1.1530144431072180e+00   43   43   30   30
 1.0324798614825901e+00   43   43   31   31
 9.4127809223094161e-01   43   43   32   32
 1.0094694207518600e+00   43   43   33   33
 1.0828607167375544e+00   43   43   34   34
 7.6110480407273784e-01   43   43   35   35
 6.9570028536110318e-01   43   43   36   36
 6.7746513726834590e-01   43   43   37   37
 7.2173288984388384e-01   43   43   38   38
 7.9549582540482167e-01   43   43   39   39
 8.2444420293564136e-01   43   43   40   40
 2.8183751200434846e+00   43   43   41   41
 3.8914372361125182e+00   43   43   42   42
 8.4208384499999998e+00   43   43   43   43
 7.4289708618384220e-01   44   44    1    1
 6.8837260406502765e-01   44   44    2    2
 6.9640598799747633e-01   44   44    3    3
 7.5896589313584617e-01   44   44    4    4
 8.3383702308004282e-01   44   44    5    5
 8.1947783275486685e-01   44   44    6    6
 1.3165095937821150e+00   44   44    7    7
 1.6029003100811134e+00   44   44    8    8
 1.6849593306720290e+00   44   44    9    9
 2.0927884272490411e+00   44   44   10   10
 2.7825018168891233e+00   44   44   11   11
 2.8199187720920413e+00   44   44   12   12
 2.4407612541044315e+00   44   44   13   13
 1.8418541497687648e+00   44   44   14   14
 1.2203943402470896e+00   44   44   15   15
 1.2354031233135219e+00   44   44   16   16
 1.1063493602860974e+00   44   44   17   17
 1.0028817083360362e+00   44   44   18   18
 9.9977169840740565e-01   44   44   19   19
 1.0846322038554244e+00   44   44   20   20
 6.3260340595373066e-01   44   44   21   21
 5.9204965316378511e-01   44   44   22   22
 5.9101304115878839e-01   44   44   23   23
 5.5275707131948892e-01   44   44   24   24
 5.2028771660434769e-01   44   44   25   25
 5.2162656745998748e-01   44   44   26   26
 5.5254515153017569e-01   44   44   27   27
 6.2013853933612473e-01   44   44   28   28
 5.8443137035108306e-01   44   44   29   29
 5.6736562213324171e-01   44   44   30   30
 5.7853417730516288e-01   44   44   31   31
 5.5390517727961164e-01   44   44   32   32
 6.1410195186907934e-01   44   44   33   33
 6.3829023803921081e-01   44   44   34   34
 1.0337356653251650e+00   44   44   35   35
 1.1749501634254631e+00   44   44   36   36
 1.1695640727963175e+00   44   44   37   37
 1.0188747552434323e+00   44   44   38   38
 9.2552480108403479e-01   44   44   39   39
 9.2613345325939389e-01   44   44   40   40
 4.8671296198351360e-01   44   44   41   41
 4.8976183830714626e-01   44   44   42   42
 4.6261961804569873e-01   44   44   43   43
 8.4208384499999998e+00   44   44   44   44
 9.0789878322523243e-01   45   45    1    1
 1.0154627867163570e+00   45   45    2    2
 1.0120162176251024e+00   45   45    3    3
 9.0654691303984158e-01   45   45    4    4
 8.2747758504125568e-01   45   45    5    5
 8.3219816909843958e-01   45   45    6    6
 5.8284977096660062e-01   45   45    7    7
 5.4779748498547676e-01   45   45    8    8
 5.4188547646142349e-01   45   45    9    9
 5.0827025340500909e-01   45   45   10   10
 4.8320777993616432e-01   45   45   11   11
 4.0690658226999493e-01   45   45   12   12
 4.8828476878150440e-01   45   45   13   13
 5.1695458881865652e-01   45   45   14   14
 5.7120029893318591e-01   45   45   15   15
 5.3957900894416722e-01   45   45   16   16
 5.2725077909304008e-01   45   45   17   17
 5.4019561450138953e-01   45   45   18   18
 5.7061308736982763e-01   45   45   19   19
 5.8892766302536836e-01   45   45   20   20
 1.1240288289357767e+00   45   45   21   21
 1.3270130402287914e+00   45   45   22   22
 1.4016234841250887e+00   45   45   23   23
 1.6950025389769650e+00   45   45   24   24
 2.0736009026082920e+00   45   45   25   25
 1.8467803724081808e+00   45   45   26   26
 1.4817724364820379e+00   45   45   27   27
 1.0563350124896087e+00   45   45   28   28
 1.0921502640215286e+00   45   45   29   29
 1.0030244461166915e+00   45   45   30   30
 9.1009713537607762e-01   45   45   31   31
 8.4178865277441184e-01   45   45   32   32
 8.8989529478713214e-01   45   45   33   33
 9.4505320121236336e-01   45   45   34   34
 6.9915179295562968e-01   45   45   35   35
 6.4482662088367260e-01   45   45   36   36
 6.3087673439677483e-01   45   45   37   37
 6.7019781334250683e-01   45   45   38   38
 7.3175400431060134e-01   45   45   39   39
 7.5281704707941854e-01   45   45   40   40
 2.5745396986504301e+00   45   45   41   41
 2.8105305933271705e+00   45   45   42   42
 3.9357481365244893e+00   45   45   43   43
 4.3895112027526434e-01   45   45   44   44
 8.4208384499999998e+00   45   45   45   45
 8.7123207642571743e-01   46   46    1    1
 9.7041724845903177e-01   46   46    2    2
 9.8291356649290207e-01   46   46    3    3
 8.9184025612633289e-01   46   46    4    4
 8.1296309785920118e-01   46   46    5    5
 8.0887551161173610e-01   46   46    6    6
 5.8436568715844139e-01   46   46    7    7
 5.4744036627200710e-01   46   46    8    8
 5.3852907632778058e-01   46   46    9    9
 5.0441913882195499e-01   46   46   10   10
 4.8093156783543206e-01   46   46   11   11
 4.0400151846447357e-01   46   46   12   12
 4.8806706643709724e-01   46   46   13   13
 5.1795750043506750e-01   46   46   14   14
 5.7594216058507353e-01   46   46   15   15
 5.4390346334790896e-01   46   46   16   16
 5.3383835217220776e-01   46   46   17   17
 5.4991181547313339e-01   46   46   18   18
 5.8174039781957065e-01   46   46   19   19
 5.9752454747672723e-01   46   46   20   20
 1.0515905418801124e+00   46   46   21   21
 1.2305284403271421e+00   46   46   22   22
 1.3295387837656565e+00   46   46   23   23
 1.6138288218258974e+00   46   46   24   24
 1.8776613331486036e+00   46   46   25   25
 1.6208418910599767e+00   46   46   26   26
 1.3338496109581088e+00   46   46   27   27
 9.7593658994099497e-01   46   46   28   28
 9.9321164098831038e-01   46   46   29   29
 9.0990436602605440e-01   46   46   30   30
 8.3307964018909209e-01   46   46   31   31
 7.7088594462545756e-01   46   46   32   32
 8.2326093250390031e-01   46   46   33   33
 8.7916407507013095e-01   46   46   34   34
 6.9224535160491785e-01   46   46   35   35
 6.4158084888280009e-01   46   46   36   36
 6.3084503973890382e-01   46   46   37   37
 6.7125592283190727e-01   46   46   38   38
 7.2993278846570719e-01   46   46   39   39
 7.4556225717269065e-01   46   46   40   40
 2.8185417021687136e+00   46   46   41   41
 2.5322938401974278e+00   46   46   42   42
 2.8197000231304625e+00   46   46   43   43
 4.3688971105107277e-01   46   46   44   44
 3.9531280978792465e+00   46   46   45   45
 8.4208384499999998e+00   46   46   46   46
 7.2314120299634188e-01   47   47    1    1
 7.1966140994640426e-01   47   47    2    2
 7.8357065753912047e-01   47   47    3    3
 8.6691403784464838e-01   47   47    4    4
 8.7350566317147960e-01   47   47    5    5
 7.8763072598151318e-01   47   47    6    6
 1.3327705367586364e+00   47   47    7    7
 1.2170891721808808e+00   47   47    8    8
 1.0899237304990985e+00   47   47    9    9
 1.0040853020460869e+00   47   47   10   10
 1.0018374962617775e+00   47   47   11   11
 7.6298986974717520e-01   47   47   12   12
 1.0925464663573512e+00   47   47   13   13
 1.2136252683299855e+00   47   47   14   14
 1.6217954733999929e+00   47   47   15   15
 1.8559424831568656e+00   47   47   16   16
 2.4516949467647264e+00   47   47   17   17
 2.7954556522864720e+00   47   47   18   18
 2.1092229048001521e+00   47   47   19   19
 1.7031937316233805e+00   47   47   20   20
 6.6015086924193422e-01   47   47   21   21
 6.4340770925597135e-01   47   47   22   22
 6.5502690664161078e-01   47   47   23   23
 6.3035665691586684e-01   47   47   24   24
 5.9807617160603965e-01   47   47   25   25
 5.9031109376579116e-01   47   47   26   26
 6.0968871328359731e-01   47   47   27   27
 6.2056988287756931e-01   47   47   28   28
 5.7396808011336098e-01   47   47   29   29
 5.4312360132501325e-01   47   47   30   30
 5.4687214317069810e-01   47   47   31   31
 5.1474738547833399e-01   47   47   32   32
 5.8661344454393838e-01   47   47   33   33
 6.2769685739170422e-01   47   47   34   34
 9.5240674590512331e-01   47   47   35   35
 1.0401402045836763e+00   47   47   36   36
 1.2086493178566968e+00   47   47   37   37
 1.2522887641892368e+00   47   47   38   38
 1.1017443353065386e+00   47   47   39   39
 9.6939446654275485e-01   47   47   40   40
 5.8825004074562082e-01   47   47   41   41
 5.7289556232782402e-01   47   47   42   42
 5.3249061251156060e-01   47   47   43   43
 8.5400526823199752e-01   47   47   44   44
 5.1138417341790632e-01   47   47   45   45
 5.2200323136786064e-01   47   47   46   46
 8.4208384499999998e+00   47   47   47   47
 9.3365441158364870e-01   48   48    1    1
 1.0474741488822092e+00   48   48    2    2
 1.0768783728177040e+00   48   48    3    3
 9.7776644303140148e-01   48   48    4    4
 8.8315818547743374e-01   48   48    5    5
 8.7065376726359711e-01   48   48    6    6
 6.2696494592130869e-01   48   48    7    7
 5.8376649600237229e-01   48   48    8    8
 5.7168341053929728e-01   48   48    9    9
 5.3288436011392781e-01   48   48   10   10
 5.0763355498496376e-01   48   48   11   11
 4.2194264509233476e-01   48   48   12   12
 5.1690797875374839e-01   48   48   13   13
 5.5123568083970498e-01   48   48   14   14
 6.1902967333618353e-01   48   48   15   15
 5.8203402426955475e-01   48   48   16   16
 5.7148967477314139e-01   48   48   17   17
 5.9115543183239416e-01   48   48   18   18
 6.2851117750590202e-01   48   48   19   19
 6.4578954887859685e-01   48   48   20   20
 1.1217370631275543e+00   48   48   21   21
 1.3249280205706873e+00   48   48   22   22
 1.4752684457513745e+00   48   48   23   23
 1.8377602296226172e+00   48   48   24   24
 2.0734352895276502e+00   48   48   25   25
 1.7009652324619955e+00   48   48   26   26
 1.4042114762119331e+00   48   48   27   27
 1.0188364972394655e+00   48   48   28   28
 1.0199108352200583e+00   48   48   29   29
 9.2115387367962887e-01   48   48   30   30
 8.4414809914090039e-01   48   48   31   31
 7.7382083184116490e-01   48   48   32   32
 8.4390716138335287e-01   48   48   33   33
 9.1361116891216376e-01   48   48   34   34
 7.4606492255801327e-01   48   48   35   35
 6.8976100971931775e-01   48   48   36   36
 6.7948509818382685e-01   48   48   37   37
 7.2677868164001846e-01   48   48   38   38
 7.9365158101991873e-01   48   48   39   39
 8.0859440105865144e-01   48   48   40   40
 3.9350042028358772e+00   48   48   41   41
 2.8118695047511486e+00   48   48   42   42
 2.5760321404595703e+00   48   48   43   43
 4.5872784347552487e-01   48   48   44   44
 2.8657422617532378e+00   48   48   45   45
 3.9534366628048510e+00   48   48   46   46
 5.5875766431070184e-01   48   48   47   47
 8.4208384499999998e+00   48   48   48   48
 7.6207046091906749e-01   49   49    1    1
 7.0850191500275028e-01   49   49    2    2
 7.1864365232754079e-01   49   49    3    3
 7.8355950050425605e-01   49   49    4    4
 8.5764846487717616e-01   49   49    5    5
 8.3944751414024565e-01   49   49    6    6
 1.3323929394228613e+00   49   49    7    7
 1.6176268457983984e+00   49   49    8    8
 1.8434983453950302e+00   49   49    9    9
 2.4263353905163543e+00   49   49   10   10
 2.7885096655404005e+00   49   49   11   11
 2.8182755185994788e+00   49   49   12   12
 2.1144360081660669e+00   49   49   13   13
 1.7059301503437436e+00   49   49   14   14
 1.2300090695018280e+00   49   49   15   15
 1.2854686616167790e+00   49   49   16   16
 1.1400889645987546e+00   49   49   17   17
 1.0063313764191044e+00   49   49   18   18
 9.8377617764858616e-01   49   49   19   19
 1.0654550515463410e+00   49   49   20   20
 6.5088493018831373e-01   49   49   21   21
 6.0563891871100484e-01   49   49   22   22
 5.9804975953115280e-01   49   49   23   23
 5.5760950185393621e-01   49   49   24   24
 5.2766778846460372e-01   49   49   25   25
 5.3342619665347046e-01   49   49   26   26
 5.6780881587406651e-01   49   49   27   27
 6.4190295325942259e-01   49   49   28   28
 6.0112232262023690e-01   49   49   29   29
 5.8634530205013691e-01   49   49   30   30
 6.0445325810139583e-01   49   49   31   31
 5.8042642434126401e-01   49   49   32   32
 6.4691429981458037e-01   49   49   33   33
 6.6969030332969137e-01   49   49   34   34
 1.0446451217709873e+00   49   49   35   35
 1.1765367622307534e+00   49   49   36   36
 1.1930116791569021e+00   49   49   37   37
 1.0581791786908032e+00   49   49   38   38
 9.6076628622386639e-01   49   49   39   39
 9.5130780689683081e-01   49   49   40   40
 4.9009502632588886e-01   49   49   41   41
 4.9522690699702238e-01   49   49   42   42
 4.6834979683627415e-01   49   49   43   43
 2.8183582022009555e+00   49   49   44   44
 4.4334277962227214e-01   49   49   45   45
 4.3986607667759137e-01   49   49   46   46
 8.7635875456781065e-01   49   49   47   47
 4.6111288406470002e-01   49   49   48   48
 8.4208384499999998e+00   49   49   49   49
 7.5514584223750258e-01   50   50    1    1
 7.4692852422131073e-01   50   50    2    2
 8.1270141741433111e-01   50   50    3    3
 9.0567893797531485e-01   50   50    4    4
 9.2109335362322764e-01   50   50    5    5
 8.2868383764344955e-01   50   50    6    6
 1.4893331201709168e+00   50   50    7    7
 1.3412739450564992e+00   50   50    8    8
 1.1675463493360010e+00   50   50    9    9
 1.0658954486046364e+00   50   50   10   10
 1.0717820282872483e+00   50   50   11   11
 7.9268387829424825e-01   50   50   12   12
 1.1953356343558423e+00   50   50   13   13
 1.3560715177958178e+00   50   50   14   14
 1.8731265292976875e+00   50   50   15   15
 2.0812714745025751e+00   50   50   16   16
 2.8140688768331792e+00   50   50   17   17
 3.9077274505712363e+00   50   50   18   18
 2.7877342832214791e+00   50   50   19   19
 2.0700121588371636e+00   50   50   20   20
 6.8146607593233077e-01   50   50   21   21
 6.6340925767658043e-01   50   50   22   22
 6.7958850487222455e-01   50   50   23   23
 6.5240377929320370e-01   50   50   24   24
 6.1461492693456898e-01   50   50   25   25
 6.0381185875525922e-01   50   50   26   26
 6.2422595251507074e-01   50   50   27   27
 6.3804893510841176e-01   50   50   28   28
 5.9017711586698762e-01   50   50   29   29
 5.5652447751270462e-01   50   50   30   30
 5.5818646226344037e-01   50   50   31   31
 5.2382328598830896e-01   50   50   32   32
 5.9817081907481795e-01   50   50   33   33
 6.4229057291326430e-01   50   50   34   34
 1.0264799421847841e+00   50   50   35   35
 1.1358881554559366e+00   50   50   36   36
 1.3285414966778752e+00   50   50   37   37
 1.3532438414048378e+00   50   50   38   38
 1.1732377133175664e+00   50   50   39   39
 1.0335619885530545e+00   50   50   40   40
 6.0424296536680855e-01   50   50   41   41
 5.8761418083858630e-01   50   50   42   42
 5.4441289765142264e-01   50   50   43   43
 9.0765871016132216e-01   50   50   44   44
 5.2207365731389155e-01   50   50   45   45
 5.3336130581233110e-01   50   50   46   46
 3.8957084565554227e+00   50   50   47   47
 5.7255790272550366e-01   50   50   48   48
 9.1028678100889404e-01   50   50   49   49
 8.4208384499999998e+00   50   50   50   50
 7.1361942544034374e-01   51   51    1    1
 7.0648102784796996e-01   51   51    2    2
 7.6495172217358587e-01   51   51    3    3
 8.4546135378559928e-01   51   51    4    4
 8.5843237600785127e-01   51   51    5    5
 7.7860013821273799e-01   51   51    6    6
 1.3214584546023926e+00   51   51    7    7
 1.2068664472066668e+00   51   51    8    8
 1.0528867708570524e+00   51   51    9    9
 9.7280113145198266e-01   51   51   10   10
 9.9055502457612055e-01   51   51   11   11
 7.5263666584462385e-01   51   51   12   12
 1.1108386782792083e+00   51   51   13   13
 1.2452243137663739e+00   51   51   14   14
 1.6091440328062894e+00   51   51   15   15
 1.7025447151144883e+00   51   51   16   16
 2.1203104336174046e+00   51   51   17   17
 2.7894038162221544e+00   51   51   18   18
 2.4139063847725630e+00   51   51   19   19
 1.8297847270552576e+00   51   51   20   20
 6.4804278008396943e-01   51   51   21   21
 6.3465906150871187e-01   51   51   22   22
 6.5431572886073486e-01   51   51   23   23
 6.3199708112880670e-01   51   51   24   24
 5.9519680281441711e-01   51   51   25   25
 5.8148247994160718e-01   51   51   26   26
 5.9777587227986706e-01   51   51   27   27
 6.0642287055705557e-01   51   51   28   28
 5.6425700339013030e-01   51   51   29   29
 5.3197304534653800e-01   51   51   30   30
 5.3115136927151163e-01   51   51   31   31
 4.9904473606301758e-01   51   51   32   32
 5.6592103383267023e-01   51   51   33   33
 6.0668026915123530e-01   51   51   34   34
 9.5220942043669943e-01   51   51   35   35
 1.0457717011849548e+00   51   51   36   36
 1.1939110747805384e+00   51   51   37   37
 1.2032193690312807e+00   51   51   38   38
 1.0637389910325308e+00   51   51   39   39
 9.5373672982866187e-01   51   51   40   40
 5.9108599903469472e-01   51   51   41   41
 5.7213870962318192e-01   51   51   42   42
 5.3068184870605994e-01   51   51   43   43
 8.6232433086947069e-01   51   51   44   44
 5.1104734898311832e-01   51   51   45   45
 5.2405679952232487e-01   51   51   46   46
 2.8174220245316057e+00   51   51   47   47
 5.6268678568173358e-01   51   51   48   48
 8.4545893413961637e-01   51   51   49   49
 3.8993949060860849e+00   51   51   50   50
 8.4208384499999998e+00   51   51   51   51
 6.5694878454058103e-01   52   52    1    1
 6.5378595360031311e-01   52   52    2    2
 7.0591159097104816e-01   52   52    3    3
 7.7190879791192091e-01   52   52    4    4
 7.7769401009712269e-01   52   52    5    5
 7.1007178374200564e-01   52   52    6    6
 1.1249087164634579e+00   52   52    7    7
 1.0430811566817590e+00   52   52    8    8
 9.2858546594436597e-01   52   52    9    9
 8.6875795898636532e-01   52   52   10   10
 8.8580616576113391e-01   52   52   11   11
 6.9956213171390103e-01   52   52   12   12
 9.7973892013683295e-01   52   52   13   13
 1.0751929186155980e+00   52   52   14   14
 1.3287456811074789e+00   52   52   15   15
 1.4127037679965619e+00   52   52   16   16
 1.7148075667881404e+00   52   52   17   17
 2.0778543170697037e+00   52   52   18   18
 1.8307036612660661e+00   52   52   19   19
 1.4706289935237373e+00   52   52   20   20
 6.0447351362768353e-01   52   52   21   21
 5.9492881461752933e-01   52   52   22   22
 6.1287270782075787e-01   52   52   23   23
 5.9572374786191418e-01   52   52   24   24
 5.6434871365188066e-01   52   52   25   25
 5.5129688250135966e-01   52   52   26   26
 5.6401610837018190e-01   52   52   27   27
 5.6734257440817715e-01   52   52   28   28
 5.3008173165199945e-01   52   52   29   29
 5.0115534822245489e-01   52   52   30   30
 5.0037239192208716e-01   52   52   31   31
 4.7170585883054506e-01   52   52   32   32
 5.3134267123476853e-01   52   52   33   33
 5.6736061377429836e-01   52   52   34   34
 8.4680050028868381e-01   52   52   35   35
 9.1783221899898226e-01   52   52   36   36
 1.0320567028404815e+00   52   52   37   37
 1.0467876258063247e+00   52   52   38   38
 9.4284403775483205e-01   52   52   39   39
 8.5237959464210300e-01   52   52   40   40
 5.6487377880297984e-01   52   52   41   41
 5.4558243204837353e-01   52   52   42   42
 5.0798000768615925e-01   52   52   43   43
 7.8725500412558325e-01   52   52   44   44
 4.9142773613584834e-01   52   52   45   45
 5.0501852581134610e-01   52   52   46   46
 2.5756209130946011e+00   52   52   47   47
 5.4086453492039865e-01   52   52   48   48
 7.7496287558502586e-01   52   52   49   49
 2.8173030959050802e+00   52   52   50   50
 3.9342724328001299e+00   52   52   51   51
 8.4208384499999998e+00   52   52   52   52
 7.9251578370597997e-01   53   53    1    1
 7.3349950932217545e-01   53   53    2    2
 7.4504550657730950e-01   53   53    3    3
 8.1733397110596451e-01   53   53    4    4
 9.0137495508421117e-01   53   53    5    5
 8.8018196244988578e-01   53   53    6    6
 1.4864029201000697e+00   53   53    7    7
 1.8674048097045319e+00   53   53    8    8
 2.0661362770932441e+00   53   53    9    9
 2.7845867958592549e+00   53   53   10   10
 3.9010778485627773e+00   53   53   11   11
 2.5330280159011207e+00   53   53   12   12
 2.8048207776970355e+00   53   53   13   13
 2.0771751562656129e+00   53   53   14   14
 1.3556177932456528e+00   53   53   15   15
 1.3879394145427695e+00   53   53   16   16
 1.2148065706883378e+00   53   53   17   17
 1.0781997534498384e+00   53   53   18   18
 1.0683816289061054e+00   53   53   19   19
 1.1715177597878783e+00   53   53   20   20
 6.7039329758756550e-01   53   53   21   21
 6.2437595005718816e-01   53   53   22   22
 6.2050500671634667e-01   53   53   23   23
 5.7802161286438003e-01   53   53   24   24
 5.4406137766327178e-01   53   53   25   25
 5.4733684206041078e-01   53   53   26   26
 5.8212060577152103e-01   53   53   27   27
 6.5698797843640266e-01   53   53   28   28
 6.1496552655753967e-01   53   53   29   29
 5.9645487006541997e-01   53   53   30   30
 6.1099183480230557e-01   53   53   31   31
 5.8364052507518516e-01   53   53   32   32
 6.5318250389887988e-01   53   53   33   33
 6.8051345897438720e-01   53   53   34   34
 1.1281530555530879e+00   53   53   35   35
 1.2963552945294847e+00   53   53   36   36
 1.3060736408428200e+00   53   53   37   37
 1.1306753959420652e+00   53   53   38   38
 1.0168363551853004e+00   53   53   39   39
 1.0104051164611054e+00   53   53   40   40
 5.0637281458833538e-01   53   53   41   41
 5.1036783455053225e-01   53   53   42   42
 4.8115256382321858e-01   53   53   43   43
 3.8932730578587584e+00   53   53   44   44
 4.5532592159455726e-01   53   53   45   45
 4.5266041792938527e-01   53   53   46   46
 9.1210515025201488e-01   53   53   47   47
 4.7586874838098564e-01   53   53   48   48
 3.8931547005254648e+00   53   53   49   49
 9.6424780922633568e-01   53   53   50   50
 9.0060291919803304e-01   53   53   51   51
 8.1738911476484699e-01   53   53   52   52
 8.4208384499999998e+00   53   53   53   53
 6.6463012516135922e-01   54   54    1    1
 6.6446261133135820e-01   54   54    2    2
 7.2074838418302256e-01   54   54    3    3
 7.8840974608395653e-01   54   54    4    4
 7.8914514340078112e-01   54   54    5    5
 7.1720227388936764e-01   54   54    6    6
 1.1315609882854549e+00   54   54    7    7
 1.0489987444661353e+00   54   54    8    8
 9.5230761518836515e-01   54   54    9    9
 8.8944977232402056e-01   54   54   10   10
 8.9281706028772956e-01   54   54   11   11
 7.0686705215793877e-01   54   54   12   12
 9.6676262986145622e-01   54   54   13   13
 1.0548423591164688e+00   54   54   14   14
 1.3354251459603050e+00   54   54   15   15
 1.4895852599884178e+00   54   54   16   16
 1.8572141544539116e+00   54   54   17   17
 2.0797272713988026e+00   54   54   18   18
 1.7000001739575386e+00   54   54   19   19
 1.4075557710770752e+00   54   54   20   20
 6.1451523811685538e-01   54   54   21   21
 6.0249105454448892e-01   54   54   22   22
 6.1406979271243867e-01   54   54   23   23
 5.9502768549000373e-01   54   54   24   24
 5.6734048841988627e-01   54   54   25   25
 5.5916507447924935e-01   54   54   26   26
 5.7426390690619067e-01   54   54   27   27
 5.7898838738041458e-01   54   54   28   28
 5.3827587293456003e-01   54   54   29   29
 5.1052138465258079e-01   54   54   30   30
 5.1339355795763864e-01   54   54   31   31
 4.8479845164896906e-01   54   54   32   32
 5.4820774723186239e-01   54   54   33   33
 5.8434658981392340e-01   54   54   34   34
 8.4740740873021791e-01   54   54   35   35
 9.1451340401248638e-01   54   54   36   36
 1.0415357557852876e+00   54   54   37   37
 1.0779778396556390e+00   54   54   38   38
 9.6883837346251545e-01   54   54   39   39
 8.6377359896581329e-01   54   54   40   40
 5.6311944313902607e-01   54   54   41   41
 5.4681658494018603e-01   54   54   42   42
 5.1004689566702921e-01   54   54   43   43
 7.8036319195430837e-01   54   54   44   44
 4.9222650574845944e-01   54   54   45   45
 5.0377458663507935e-01   54   54   46   46
 3.9376987300158377e+00   54   54   47   47
 5.3808490928502306e-01   54   54   48   48
 7.9697000173696486e-01   54   54   49   49
 2.8147249871162363e+00   54   54   50   50
 2.5721459654505661e+00   54   54   51   51
 2.8623122189794032e+00   54   54   52   52
 8.2489186770238898e-01   54   54   53   53
 8.4208384499999998e+00   54   54   54   54
 6.3607560706978128e-01   55   55    1    1
 6.3565119941533321e-01   55   55    2    2
 6.8692758591800629e-01   55   55    3    3
 7.4802770555703435e-01   55   55    4    4
 7.4921555747631874e-01   55   55    5    5
 6.8445026471109527e-01   55   55    6    6
 1.0564788217824561e+00   55   55    7    7
 9.8439611853783937e-01   55   55    8    8
 8.8991663559884371e-01   55   55    9    9
 8.3581234197518628e-01   55   55   10   10
 8.4684071693461749e-01   55   55   11   11
 6.7974527244631233e-01   55   55   12   12
 9.2329060801686091e-01   55   55   13   13
 1.0034908536322085e+00   55   55   14   14
 1.2360781165598156e+00   55   55   15   15
 1.3418788837676385e+00   55   55   16   16
 1.6329600409542073e+00   55   55   17   17
 1.8827203361660740e+00   55   55   18   18
 1.6131895926838928e+00   55   55   19   19
 1.3301393206362970e+00   55   55   20   20
 5.8972506377969780e-01   55   55   21   21
 5.8060338714571946e-01   55   55   22   22
 5.9497693687625208e-01   55   55   23   23
 5.7903269133329061e-01   55   55   24   24
 5.5159474818647458e-01   55   55   25   25
 5.4104881983710540e-01   55   55   26   26
 5.5334115034833742e-01   55   55   27   27
 5.5518119151352219e-01   55   55   28   28
 5.1847069647157462e-01   55   55   29   29
 4.9149310844503535e-01   55   55   30   30
 4.9232792300834716e-01   55   55   31   31
 4.6517042068398795e-01   55   55   32   32
 5.2333895559879307e-01   55   55   33   33
 5.5740955573241546e-01   55   55   34   34
 8.0524815980707742e-01   55   55   35   35
 8.6711443371624952e-01   55   55   36   36
 9.7541867225905488e-01   55   55   37   37
 9.9996963899757751e-01   55   55   38   38
 9.0580720318381935e-01   55   55   39   39
 8.1649314720257904e-01   55   55   40   40
 5.5182391740620196e-01   55   55   41   41
 5.3383094951866261e-01   55   55   42   42
 4.9831616024086955e-01   55   55   43   43
 7.5286328694224747e-01   55   55   44   44
 4.8251942243550899e-01   55   55   45   45
 4.9537296381146806e-01   55   55   46   46
 2.8215004393369463e+00   55   55   47   47
 5.2923009741482874e-01   55   55   48   48
 7.5463556234037987e-01   55   55   49   49
 2.5379051673943240e+00   55   55   50   50
 2.8175625447383652e+00   55   55   51   51
 3.9500947722128754e+00   55   55   52   52
 7.8625276233495978e-01   55   55   53   53
 3.9516790344913675e+00   55   55   54   54
 8.4208384499999998e+00   55   55   55   55
 6.8370188000235355e-01   56   56    1    1
 6.3615703584877725e-01   56   56    2    2
 6.4126302334260199e-01   56   56    3    3
 6.9290454555105263e-01   56   56    4    4
 7.5541232488117116e-01   56   56    5    5
 7.4645621614361124e-01   56   56    6    6
 1.1222335124964762e+00   56   56    7    7
 1.3249416739388962e+00   56   56    8    8
 1.3974715494603278e+00   56   56    9    9
 1.6910011458910477e+00   56   56   10   10
 2.0733241112332390e+00   56   56   11   11
 3.9526741897473436e+00   56   56   12   12
 1.8505984167238112e+00   56   56   13   13
 1.4819469570580088e+00   56   56   14   14
 1.0552841142308163e+00   56   56   15   15
 1.0778610106216027e+00   56   56   16   16
 9.8431345364924128e-01   56   56   17   17
 8.9840356367415852e-01   56   56   18   18
 8.8923778804365639e-01   56   56   19   19
 9.5082033012011458e-01   56   56   20   20
 5.8903449235535710e-01   56   56   21   21
 5.5266634161262840e-01   56   56   22   22
 5.5054382275933900e-01   56   56   23   23
 5.1667861686434269e-01   56   56   24   24
 4.8846148074849188e-01   56   56   25   25
 4.9046577534352814e-01   56   56   26   26
 5.1843007721810164e-01   56   56   27   27
 5.8037439241100208e-01   56   56   28   28
 5.4973901398309599e-01   56   56   29   29
 5.3645072464299126e-01   56   56   30   30
 5.4792150830336084e-01   56   56   31   31
 5.2764128510953823e-01   56   56   32   32
 5.7913665499492351e-01   56   56   33   33
 5.9805538846049644e-01   56   56   34   34
 9.1377119581857624e-01   56   56   35   35
 1.0189972148296529e+00   56   56   36   36
 1.0136518937225176e+00   56   56   37   37
 9.0000432332059976e-01   56   56   38   38
 8.2700268067036009e-01   56   56   39   39
 8.2852163778664478e-01   56   56   40   40
 4.5778499648053145e-01   56   56   41   41
 4.6110418369295747e-01   56   56   42   42
 4.3728904157062304e-01   56   56   43   43
 3.9359009150976405e+00   56   56   44   44
 4.1581968833569805e-01   56   56   45   45
 4.1352185578845213e-01   56   56   46   46
 7.8487317272151624e-01   56   56   47   47
 4.3277956987734606e-01   56   56   48   48
 2.5740329905642034e+00   56   56   49   49
 8.2563413631776150e-01   56   56   50   50
 7.8880371758654988e-01   56   56   51   51
 7.2875241804917246e-01   56   56   52   52
 2.8113182486944601e+00   56   56   53   53
 7.2501192719596153e-01   56   56   54   54
 7.0136003711078820e-01   56   56   55   55
 8.4208384499999998e+00   56   56   56   56
 1.1801222941356140e+00   57   57    1    1
 1.2024803292290538e+00   57   57    2    2
 1.0766027659502917e+00   57   57    3    3
 9.7931845276996921e-01   57   57    4    4
 9.6398825231563179e-01   57   57    5    5
 1.0495942513996441e+00   57   57    6    6
 6.6053338245763304e-01   57   57    7    7
 6.4497646255425933e-01   57   57    8    8
 6.7721477357658844e-01   57   57    9    9
 6.4841611977776636e-01   57   57   10   10
 5.9809984755588230e-01   57   57   11   11
 5.1658120040462918e-01   57   57   12   12
 5.7736874803866278e-01   57   57   13   13
 5.9553689659251896e-01   57   57   14   14
 6.1972920757647265e-01   57   57   15   15
 5.9345420534275428e-01   57   57   16   16
 5.5982923844669663e-01   57   57   17   17
 5.4685251420889969e-01   57   57   18   18
 5.6619299813990986e-01   57   57   19   19
 6.0278503350662305e-01   57   57   20   20
 1.3329667093660960e+00   57   57   21   21
 1.2183602276790475e+00   57   57   22   22
 1.0500415950703319e+00   57   57   23   23
 9.6607412482137311e-01   57   57   24   24
 9.8765828512502307e-01   57   57   25   25
 1.1222167200926003e+00   57   57   26   26
 1.2697358753571018e+00   57   57   27   27
 1.6187429318951403e+00   57   57   28   28
 1.7036539782151978e+00   57   57   29   29
 2.1101466744073178e+00   57   57   30   30
 2.7889008718946044e+00   57   57   31   31
 3.8928863696295202e+00   57   57   32   32
 2.4335483031457827e+00   57   57   33   33
 1.8471032205231512e+00   57   57   34   34
 8.2982879455567338e-01   57   57   35   35
 7.5606263966368092e-01   57   57   36   36
 7.1872339095917137e-01   57   57   37   37
 7.4428433670656868e-01   57   57   38   38
 8.1322026823157678e-01   57   57   39   39
 8.6964696073899783e-01   57   57   40   40
 8.0186877437583459e-01   57   57   41   41
 8.9182539195728072e-01   57   57   42   42
 8.8999910200852261e-01   57   57   43   43
 5.4070199486600268e-01   57   57   44   44
 8.0248009858028213e-01   57   57   45   45
 7.3725297375497967e-01   57   57   46   46
 5.0915750507865676e-01   57   57   47   47
 7.3823578398270051e-01   57   57   48   48
 5.7159872243613208e-01   57   57   49   49
 5.1539781121237471e-01   57   57   50   50
 4.8985339173746606e-01   57   57   51   51
 4.6418940997627167e-01   57   57   52   52
 5.7124904044102243e-01   57   57   53   53
 4.8031725826181842e-01   57   57   54   54
 4.5968042455628866e-01   57   57   55   55
 5.1649547643542082e-01   57   57   56   56
 8.4208384499999998e+00   57   57   57   57
 1.0237453575129694e+00   58   58    1    1
 1.0353966279293194e+00   58   58    2    2
 9.3988124813347662e-01   58   58    3    3
 8.6609348108930673e-01   58   58    4    4
 8.5676268389297960e-01   58   58    5    5
 9.2602031355012970e-01   58   58    6    6
 6.1302445758558699e-01   58   58    7    7
 6.0186981452647903e-01   58   58    8    8
 6.3238545526574919e-01   58   58    9    9
 6.0992400227557353e-01   58   58   10   10
 5.6528622428444142e-01   58   58   11   11
 4.9667372192518217e-01   58   58   12   12
 5.4478577987158117e-01   58   58   13   13
 5.5896385773222901e-01   58   58   14   14
 5.7692087727080854e-01   58   58   15   15
 5.5512558451441929e-01   58   58   16   16
 5.2509548790487215e-01   58   58   17   17
 5.1247947508706626e-01   58   58   18   18
 5.2862515126104204e-01   58   58   19   19
 5.6072230483119490e-01   58   58   20   20
 1.1316837737117842e+00   58   58   21   21
 1.0516651282153935e+00   58   58   22   22
 9.2482172419570474e-01   58   58   23   23
 8.6228447466216918e-01   58   58   24   24
 8.8415462459023086e-01   58   58   25   25
 9.9187408624031914e-01   58   58   26   26
 1.0968522298296572e+00   58   58   27   27
 1.3332804609509821e+00   58   58   28   28
 1.4108854201788896e+00   58   58   29   29
 1.7053593090345729e+00   58   58   30   30
 2.0760623064935793e+00   58   58   31   31
 2.8124025333092240e+00   58   58   32   32
 1.8405244648634664e+00   58   58   33   33
 1.4802982347940550e+00   58   58   34   34
 7.5370333893584429e-01   58   58   35   35
 6.9373136606190422e-01   58   58   36   36
 6.6151313119044641e-01   58   58   37   37
 6.8136846604222168e-01   58   58   38   38
 7.3702542984292652e-01   58   58   39   39
 7.8331543739105025e-01   58   58   40   40
 7.3369083552946623e-01   58   58   41   41
 8.1042448702354219e-01   58   58   42   42
 8.1601465185384447e-01   58   58   43   43
 5.1578430539117692e-01   58   58   44   44
 7.4452359599229190e-01   58   58   45   45
 6.8557360729895744e-01   58   58   46   46
 4.7959058525260551e-01   58   58   47   47
 6.8236545404212889e-01   58   58   48   48
 5.4548705561126665e-01   58   58   49   49
 4.8458822728771683e-01   58   58   50   50
 4.6146180497764366e-01   58   58   51   51
 4.3857947168581501e-01   58   58   52   52
 5.4325337934887297e-01   58   58   53   53
 4.5384773055715572e-01   58   58   54   54
 4.3491709596463207e-01   58   58   55   55
 4.9520187554297990e-01   58   58   56   56
 3.9355814141720464e+00   58   58   57   57
 8.4208384499999998e+00   58   58   58   58
 9.6700303402046306e-01   59   59    1    1
 9.6758777017104702e-01   59   59    2    2
 8.7531585483990393e-01   59   59    3    3
 8.1038312590585271e-01   59   59    4    4
 8.0769362909925291e-01   59   59    5    5
 8.7743132732180884e-01   59   59    6    6
 5.8688136879539821e-01   59   59    7    7
 5.7844145584726225e-01   59   59    8    8
 6.0705977771411468e-01   59   59    9    9
 5.8812014406080937e-01   59   59   10   10
 5.4750598427718311e-01   59   59   11   11
 4.8563365321731905e-01   59   59   12   12
 5.2782849474900795e-01   59   59   13   13
 5.3983560368267813e-01   59   59   14   14
 5.5202954399598103e-01   59   59   15   15
 5.3064332675292436e-01   59   59   16   16
 5.0207830243099916e-01   59   59   17   17
 4.9060432663608849e-01   59   59   18   18
 5.0660862294141040e-01   59   59   19   19
 5.3727190373822953e-01   59   59   20   20
 1.0549481478830047e+00   59   59   21   21
 9.8646537133516077e-01   59   59   22   22
 8.7918947738223685e-01   59   59   23   23
 8.2347682673012212e-01   59   59   24   24
 8.4132123721856655e-01   59   59   25   25
 9.3284822623705599e-01   59   59   26   26
 1.0208569570958559e+00   59   59   27   27
 1.2331445859839361e+00   59   59   28   28
 1.3350914989770166e+00   59   59   29   29
 1.6215204338056057e+00   59   59   30   30
 1.8788490272242595e+00   59   59   31   31
 2.5334287203894625e+00   59   59   32   32
 1.6160699290892466e+00   59   59   33   33
 1.3312935052448069e+00   59   59   34   34
 7.2008880947118281e-01   59   59   35   35
 6.6471282324623138e-01   59   59   36   36
 6.3123303291477950e-01   59   59   37   37
 6.4570109004786114e-01   59   59   38   38
 6.9546254608731994e-01   59   59   39   39
 7.4169150658868388e-01   59   59   40   40
 7.0384061492161776e-01   59   59   41   41
 7.7593772746630307e-01   59   59   42   42
 7.8509515420807585e-01   59   59   43   43
 5.0370473849345365e-01   59   59   44   44
 7.1983198195495335e-01   59   59   45   45
 6.6283999001727367e-01   59   59   46   46
 4.5831754410500841e-01   59   59   47   47
 6.5748991262042999e-01   59   59   48   48
 5.2931031842092302e-01   59   59   49   49
 4.6421971014945063e-01   59   59   50   50
 4.4355184212533305e-01   59   59   51   51
 4.2180907049642263e-01   59   59   52   52
 5.2798547762507297e-01   59   59   53   53
 4.3430024200113310e-01   59   59   54   54
 4.1744903676370648e-01   59   59   55   55
 4.8481510247428500e-01   59   59   56   56
 2.8190533762011709e+00   59   59   57   57
 3.9532403938761642e+00   59   59   58   58
 8.4208384499999998e+00   59   59   59   59
 6.9762613911910198e-01   60   60    1    1
 6.5109198019785253e-01   60   60    2    2
 6.5766621653109436e-01   60   60    3    3
 7.1057058327141343e-01   60   60    4    4
 7.7199204191675641e-01   60   60    5    5
 7.6045730147672619e-01   60   60    6    6
 1.1317693050967819e+00   60   60    7    7
 1.3329768257362684e+00   60   60    8    8
 1.4771351242573325e+00   60   60    9    9
 1.8346169487856696e+00   60   60   10   10
 2.0760441378375400e+00   60   60   11   11
 3.9531210447828786e+00   60   60   12   12
 1.7102193671471329e+00   60   60   13   13
 1.4139516724288361e+00   60   60   14   14
 1.0617703120865316e+00   60   60   15   15
 1.1100107362176403e+00   60   60   16   16
 1.0078729044101724e+00   60   60   17   17
 9.0158594268449366e-01   60   60   18   18
 8.7894530931528136e-01   60   60   19   19
 9.3882605917336925e-01   60   60   20   20
 6.0293237026935997e-01   60   60   21   21
 5.6308418698388529e-01   60   60   22   22
 5.5582580538349213e-01   60   60   23   23
 5.2034014288237562e-01   60   60   24   24
 4.9421203296212191e-01   60   60   25   25
 4.9976568418902190e-01   60   60   26   26
 5.3037567437030131e-01   60   60   27   27
 5.9718741801771980e-01   60   60   28   28
 5.6279606780811309e-01   60   60   29   29
 5.5156412328938320e-01   60   60   30   30
 5.6872419298588406e-01   60   60   31   31
 5.4933382761341620e-01   60   60   32   32
 6.0513542056519554e-01   60   60   33   33
 6.2243293076326656e-01   60   60   34   34
 9.2051119453816388e-01   60   60   35   35
 1.0195954761099715e+00   60   60   36   36
 1.0280229134417354e+00   60   60   37   37
 9.2559597957228013e-01   60   60   38   38
 8.5071797032349872e-01   60   60   39   39
 8.4537748162692283e-01   60   60   40   40
 4.6040892317065590e-01   60   60   41   41
 4.6539180371550920e-01   60   60   42   42
 4.4184919531105310e-01   60   60   43   43
 2.5763380343175344e+00   60   60   44   44
 4.1933129150610293e-01   60   60   45   45
 4.1588031313642632e-01   60   60   46   46
 8.0231273843994777e-01   60   60   47   47
 4.3463595632045787e-01   60   60   48   48
 3.9350989983214988e+00   60   60   49   49
 8.2832723932472907e-01   60   60   50   50
 7.7697611239907094e-01   60   60   51   51
 7.1995138091761968e-01   60   60   52   52
 2.8126638045260499e+00   60   60   53   53
 7.3857172654096503e-01   60   60   54   54
 7.0343066004639365e-01   60   60   55   55
 2.8653822593382685e+00   60   60   56   56
 5.4204267186510457e-01   60   60   57   57
 5.2017284098639083e-01   60   60   58   58
 5.0648682226917174e-01   60   60   59   59
 8.4208384499999998e+00   60   60   60   60
 1.0285728813558548e+00   61   61    1    1
 1.0210742194743072e+00   61   61    2    2
 9.1060587307487439e-01   61   61    3    3
 8.3955217660825565e-01   61   61    4    4
 8.4095040139198329e-01   61   61    5    5
 9.2457314866955398e-01   61   61    6    6
 6.0042321662267728e-01   61   61    7    7
 5.9153671745626535e-01   61   61    8    8
 6.1956706426428854e-01   61   61    9    9
 5.9936828308265166e-01   61   61   10   10
 5.5837509816176756e-01   61   61   11   11
 4.9260826726814683e-01   61   61   12   12
 5.3935743164528105e-01   61   61   13   13
 5.5228811495142649e-01   61   61   14   14
 5.6300585787657309e-01   61   61   15   15
 5.3838331594434019e-01   61   61   16   16
 5.0841326506011197e-01   61   61   17   17
 4.9784531827969131e-01   61   61   18   18
 5.1635930914516237e-01   61   61   19   19
 5.4920509011648722e-01   61   61   20   20
 1.1214758894340910e+00   61   61   21   21
 1.0448653596903354e+00   61   61   22   22
 9.3272681389524836e-01   61   61   23   23
 8.6935963890968071e-01   61   61   24   24
 8.8230224170299520e-01   61   61   25   25
 9.7433855066193542e-01   61   61   26   26
 1.0705287068445448e+00   61   61   27   27
 1.3245796877618385e+00   61   61   28   28
 1.4774517529748232e+00   61   61   29   29
 1.8436668362905704e+00   61   61   30   30
 2.0737668080210354e+00   61   61   31   31
 2.8123474254537046e+00   61   61   32   32
 1.6967477560994026e+00   61   61   33   33
 1.4006227404430207e+00   61   61   34   34
 7.4848977244840531e-01   61   61   35   35
 6.8734421166785531e-01   61   61   36   36
 6.4794988564940414e-01   61   61   37   37
 6.6060200992278040e-01   61   61   38   38
 7.1383098389102706e-01   61   61   39   39
 7.6805594429265767e-01   61   61   40   40
 7.3182748945629195e-01   61   61   41   41
 8.0979189429587850e-01   61   61   42   42
 8.1811741511451497e-01   61   61   43   43
 5.1406352852720005e-01   61   61   44   44
 7.4664430643065782e-01   61   61   45   45
 6.8596834361305015e-01   61   61   46   46
 4.6222121415366141e-01   61   61   47   47
 6.8120478313442134e-01   61   61   48   48
 5.3616770550685089e-01   61   61   49   49
 4.7011760985606982e-01   61   61   50   50
 4.5008700394703000e-01   61   61   51   51
 4.2720988597642301e-01   61   61   52   52
 5.3749024580659366e-01   61   61   53   53
 4.3746650080767913e-01   61   61   54   54
 4.2138236772999360e-01   61   61   55   55
 4.9378850531886953e-01   61   61   56   56
 2.5747119010852626e+00   61   61   57   57
 2.8650928387115662e+00   61   61   58   58
 3.9519976678246005e+00   61   61   59   59
 5.1232836213181987e-01   61   61   60   60
 8.4208384499999998e+00   61   61   61   61
 1.1871611804561673e+00   62   62    1    1
 1.1789602929955485e+00   62   62    2    2
 1.0313668183915456e+00   62   62    3    3
 9.3970434569366013e-01   62   62    4    4
 9.4022575761834648e-01   62   62    5    5
 1.0466078690747807e+00   62   62    6    6
 6.4391810393883597e-01   62   62    7    7
 6.3142273201345223e-01   62   62    8    8
 6.6046071792783934e-01   62   62    9    9
 6.3478200608513591e-01   62   62   10   10
 5.8915365641814299e-01   62   62   11   11
 5.1140584070851691e-01   62   62   12   12
 5.7026121179984290e-01   62   62   13   13
 5.8679481114677734e-01   62   62   14   14
 6.0171046276635776e-01   62   62   15   15
 5.7220720583597540e-01   62   62   16   16
 5.3890231255412280e-01   62   62   17   17
 5.2844790444366785e-01   62   62   18   18
 5.5053186598731596e-01   62   62   19   19
 5.8783157152862531e-01   62   62   20   20
 1.3158524503424163e+00   62   62   21   21
 1.2081811102345026e+00   62   62   22   22
 1.0628289635174304e+00   62   62   23   23
 9.7727021326664154e-01   62   62   24   24
 9.8606785606093816e-01   62   62   25   25
 1.0973866733093622e+00   62   62   26   26
 1.2289474558058850e+00   62   62   27   27
 1.6026386726209758e+00   62   62   28   28
 1.8368799132427402e+00   62   62   29   29
 2.4318444563329620e+00   62   62   30   30
 2.7834631999846318e+00   62   62   31   31
 3.8948285101666036e+00   62   62   32   32
 2.0993824715920955e+00   62   62   33   33
 1.6884298413384335e+00   62   62   34   34
 8.2197858439612226e-01   62   62   35   35
 7.4694135467383649e-01   62   62   36   36
 7.0038298872133897e-01   62   62   37   37
 7.1617938832543426e-01   62   62   38   38
 7.8092142177767665e-01   62   62   39   39
 8.4761293285196060e-01   62   62   40   40
 8.0012419709663996e-01   62   62   41   41
 8.9197857031006078e-01   62   62   42   42
 8.9404843440499004e-01   62   62   43   43
 5.3817283569483509e-01   62   62   44   44
 8.0627531362411420e-01   62   62   45   45
 7.3858704831299637e-01   62   62   46   46
 4.8777929507368123e-01   62   62   47   47
 7.3744220536599603e-01   62   62   48   48
 5.6006065531881888e-01   62   62   49   49
 4.9742308844821881e-01   62   62   50   50
 4.7577484413578403e-01   62   62   51   51
 4.5027233259263866e-01   62   62   52   52
 5.6383824869968735e-01   62   62   53   53
 4.6036284495026064e-01   62   62   54   54
 4.4323195270317184e-01   62   62   55   55
 5.1437685083971652e-01   62   62   56   56
 2.8184583430763195e+00   62   62   57   57
 2.5754988875468832e+00   62   62   58   58
 2.8190748132640318e+00   62   62   59   59
 5.3242669441773027e-01   62   62   60   60
 3.9352745180865796e+00   62   62   61   61
 8.4208384499999998e+00   62   62   62   62
 4.4876451544924629e+00   63   63    1    1
 3.4736641105300023e+00   63   63    2    2
 2.7307396454226001e+00   63   63    3    3
 2.5440888338988699e+00   63   63    4    4
 2.7648764705251017e+00   63   63    5    5
 3.5962902189406756e+00   63   63    6    6
 1.4834923503895387e+00   63   63    7    7
 1.4238199437100432e+00   63   63    8    8
 1.4717819421341867e+00   63   63    9    9
 1.3641303938737954e+00   63   63   10   10
 1.2460708884095766e+00   63   63   11   11
 9.8980796611249544e-01   63   63   12   12
 1.2232390947712231e+00   63   63   13   13
 1.2926168554478514e+00   63   63   14   14
 1.3457651561418875e+00   63   63   15   15
 1.2318102699697786e+00   63   63   16   16
 1.1356621236957423e+00   63   63   17   17
 1.1192848755500659e+00   63   63   18   18
 1.1995975508399119e+00   63   63   19   19
 1.3212399723520420e+00   63   63   20   20
 3.2331318532678193e+00   63   63   21   21
 2.5995946928070048e+00   63   63   22   22
 2.4086474972189684e+00   63   63   23   23
 2.0056398414166474e+00   63   63   24   24
 1.8121488357550131e+00   63   63   25   25
 1.8883509721811127e+00   63   63   26   26
 2.1985568864989582e+00   63   63   27   27
 3.3190877824063674e+00   63   63   28   28
 2.9823317517007726e+00   63   63   29   29
 2.6318500311190687e+00   63   63   30   30
 2.5060671676121009e+00   63   63   31   31
 2.1123530492640930e+00   63   63   32   32
 2.7095886831283509e+00   63   63   33   33
 3.1249483606015516e+00   63   63   34   34
 2.2585355991790497e+00   63   63   35   35
 1.9036144415511018e+00   63   63   36   36
 1.6919618777683998e+00   63   63   37   37
 1.7202401829899054e+00   63   63   38   38
 1.9615175992047877e+00   63   63   39   39
 2.3232649759295971e+00   63   63   40   40
 1.4587424162189309e+00   63   63   41   41
 1.5701533862758703e+00   63   63   42   42
 1.4543025660055218e+00   63   63   43   43
 1.0940588505311499e+00   63   63   44   44
 1.2965186027861786e+00   63   63   45   45
 1.2348228516363151e+00   63   63   46   46
 9.8753759410883102e-01   63   63   47   47
 1.2991578403089592e+00   63   63   48   48
 1.1140141179439347e+00   63   63   49   49
 1.0292190587331491e+00   63   63   50   50
 9.8089459181323413e-01   63   63   51   51
 9.0973807430878340e-01   63   63   52   52
 1.1543912774638911e+00   63   63   53   53
 9.1540821448649901e-01   63   63   54   54
 8.8142216140875984e-01   63   63   55   55
 1.0170103376621387e+00   63   63   56   56
 1.8572046219051521e+00   63   63   57   57
 1.6273856300407183e+00   63   63   58   58
 1.5709189383865660e+00   63   63   59   59
 1.0316555106258907e+00   63   63   60   60
 1.7059554708342604e+00   63   63   61   61
 1.9829843056574643e+00   63   63   62   62
 9.6429912899999994e+00   63   63   63   63
 2.7281644196383597e+00   64   64    1    1
 3.4670299449297262e+00   64   64    2    2
 4.4858090002759736e+00   64   64    3    3
 3.6041120973176963e+00   64   64    4    4
 2.7677788262107152e+00   64   64    5    5
 2.5423413296900401e+00   64   64    6    6
 1.4879802488327509e+00   64   64    7    7
 1.3506886420134305e+00   64   64    8    8
 1.3418470798764193e+00   64   64    9    9
 1.2127350398833043e+00   64   64   10   10
 1.1170263851025137e+00   64   64   11   11
 8.7478793887048445e-01   64   64   12   12
 1.1248102105464046e+00   64   64   13   13
 1.2212092093401998e+00   64   64   14   14
 1.4309315761913382e+00   64   64   15   15
 1.3237928622321675e+00   64   64   16   16
 1.2616623722847766e+00   64   64   17   17
 1.2756646849521902e+00   64   64   18   18
 1.3657261282024271e+00   64   64   19   19
 1.4563668889630710e+00   64   64   20   20
 3.2240834230050242e+00   64   64   21   21
 3.3267406518991405e+00   64   64   22   22
 3.1871304600438242e+00   64   64   23   23
 2.7979660480849367e+00   64   64   24   24
 2.5740921942473904e+00   64   64   25   25
 2.6615164070345139e+00   64   64   26   26
 2.9787618835352947e+00   64   64   27   27
 2.6089322244789499e+00   64   64   28   28
 2.2011109659416555e+00   64   64   29   29
 1.8977169691506490e+00   64   64   30   30
 1.8335123889254603e+00   64   64   31   31
 1.5925115387736828e+00   64   64   32   32
 2.0359870625544039e+00   64   64   33   33
 2.4394498583795663e+00   64   64   34   34
 1.9593461506560594e+00   64   64   35   35
 1.7206002782723546e+00   64   64   36   36
 1.6981566202495926e+00   64   64   37   37
 1.9196313539492085e+00   64   64   38   38
 2.2784186047970807e+00   64   64   39   39
 2.3286462212856565e+00   64   64   40   40
 2.0913081502043549e+00   64   64   41   41
 2.1807556487452371e+00   64   64   42   42
 1.8845953470002508e+00   64   64   43   43
 9.6232724550470017e-01   64   64   44   44
 1.6603823869747660e+00   64   64   45   45
 1.6235232558608934e+00   64   64   46   46
 1.1643134676167894e+00   64   64   47   47
 1.7885829213748514e+00   64   64   48   48
 9.9512274885882479e-01   64   64   49   49
 1.1929197676288397e+00   64   64   50   50
 1.1280743495484220e+00   64   64   51   51
 1.0542967755309398e+00   64   64   52   52
 1.0245379380619180e+00   64   64   53   53
 1.0839560912646224e+00   64   64   54   54
 1.0346185333523921e+00   64   64   55   55
 8.9376155722928041e-01   64   64   56   56
 1.5273898424782208e+00   64   64   57   57
 1.3512530844877091e+00   64   64   58   58
 1.2547113234548357e+00   64   64   59   59
 9.1869002540062494e-01   64   64   60   60
 1.2878756064558960e+00   64   64   61   61
 1.4340587831041764e+00   64   64   62   62
 2.8058062350699275e+00   64   64   63   63
 9.6429912899999994e+00   64   64   64   64
 1.7780785787548592e+00   65   65    1    1
 1.6278836628442741e+00   65   65    2    2
 1.6827574258359670e+00   65   65    3    3
 1.9166559693853893e+00   65   65    4    4
 2.1824921780830757e+00   65   65    5    5
 2.0593531557801952e+00   65   65    6    6
 3.2172666318642476e+00   65   65    7    7
 3.4679369328871048e+00   65   65    8    8
 4.4882320319952065e+00   65   65    9    9
 3.6003442791120230e+00   65   65   10   10
 2.7691460787834536e+00   65   65   11   11
 1.7009562173559774e+00   65   65   12   12
 2.5419000167991199e+00   65   65   13   13
 2.7268422184675591e+00   65   65   14   14
 2.6162724947632765e+00   65   65   15   15
 2.4814179591959316e+00   65   65   16   16
 2.0583913807965026e+00   65   65   17   17
 1.8367725756932851e+00   65   65   18   18
 1.8872180158456660e+00   65   65   19   19
 2.1862634483663714e+00   65   65   20   20
 1.4377713752883043e+00   65   65   21   21
 1.3063842239907568e+00   65   65   22   22
 1.2779286323927745e+00   65   65   23   23
 1.1639460624226377e+00   65   65   24   24
 1.0879816981689550e+00   65   65   25   25
 1.1068961491827694e+00   65   65   26   26
 1.2012958230880881e+00   65   65   27   27
 1.3945946982396429e+00   65   65   28   28
 1.2616121200843169e+00   65   65   29   29
 1.2060832039831855e+00   65   65   30   30
 1.2472553197193448e+00   65   65   31   31
 1.1653395040707737e+00   65   65   32   32
 1.3775508364864473e+00   65   65   33   33
 1.4721595583718790e+00   65   65   34   34
 2.8286188742168066e+00   65   65   35   35
 3.2237091169908645e+00   65   65   36   36
 3.2897973606195388e+00   65   65   37   37
 2.8895141102582835e+00   65   65   38   38
 2.6021374816260088e+00   65   65   39   39
 2.5625318983724230e+00   65   65   40   40
 9.8568817048772650e-01   65   65   41   41
 1.0015464497484372e+00   65   65   42   42
 9.3313268559682527e-01   65   65   43   43
 1.9748686304204581e+00   65   65   44   44
 8.7064292327431503e-01   65   65   45   45
 8.6080878826121443e-01   65   65   46   46
 1.5253976826318705e+00   65   65   47   47
 9.1144859393468247e-01   65   65   48   48
 2.2472095146483020e+00   65   65   49   49
 1.5936843483738501e+00   65   65   50   50
 1.4374976510930515e+00   65   65   51   51
 1.2898600835684733e+00   65   65   52   52
 2.3271251647547357e+00   65   65   53   53
 1.3492272825981277e+00   65   65   54   54
 1.2547362166299054e+00   65   65   55   55
 1.7326668643682173e+00   65   65   56   56
 1.1404127662092725e+00   65   65   57   57
 1.0603325850999228e+00   65   65   58   58
 1.0110131300990888e+00   65   65   59   59
 1.8941618912966856e+00   65   65   60   60
 1.0277181762921928e+00   65   65   61   61
 1.0977224017251566e+00   65   65   62   62
 2.1718627777797099e+00   65   65   63   63
 1.9861661302667661e+00   65   65   64   64
 9.6429912899999994e+00   65   65   65   65
 1.2937344240718136e+00   66   66    1    1
 1.2203787776644381e+00   66   66    2    2
 1.2777876660472238e+00   66   66    3    3
 1.4319053623105349e+00   66   66    4    4
 1.5576657401158156e+00   66   66    5    5
 1.4555721472325718e+00   66   66    6    6
 3.2267025192355057e+00   66   66    7    7
 3.4625132064819142e+00   66   66    8    8
 2.7249985732404984e+00   66   66    9    9
 2.5444867158458644e+00   66   66   10   10
 2.7743841334723589e+00   66   66   11   11
 1.7202972365426714e+00   66   66   12   12
 3.6087662647263485e+00   66   66   13   13
 4.4858443057978157e+00   66   66   14   14
 3.3417421808116772e+00   66   66   15   15
 3.0888771141569409e+00   66   66   16   16
 2.7346681138009084e+00   66   66   17   17
 2.5955418030702559e+00   66   66   18   18
 2.7592625739794157e+00   66   66   19   19
 3.1002688314364613e+00   66   66   20   20
 1.1023835971755207e+00   66   66   21   21
 1.0476182425903264e+00   66   66   22   22
 1.0697016284140624e+00   66   66   23   23
 1.0058628537568715e+00   66   66   24   24
 9.3498715704206081e-01   66   66   25   25
 9.2199862684952183e-01   66   66   26   26
 9.6815458973125634e-01   66   66   27   27
 1.0462211802210140e+00   66   66   28   28
 9.7426212890913511e-01   66   66   29   29
 9.2357624833219620e-01   66   66   30   30
 9.2621600434663220e-01   66   66   31   31
 8.7032841230883884e-01   66   66   32   32
 9.8833562552065657e-01   66   66   33   33
 1.0549776454481821e+00   66   66   34   34
 1.9835744445524799e+00   66   66   35   35
 2.3798433453312366e+00   66   66   36   36
 2.5926728232809237e+00   66   66   37   37
 2.2058294664559268e+00   66   66   38   38
 1.8883948798440486e+00   66   66   39   39
 1.7995456073448766e+00   66   66   40   40
 8.9159555199887597e-01   66   66   41   41
 8.8231011993588282e-01   66   66   42   42
 8.2109354691705838e-01   66   66   43   43
 2.2499077091258410e+00   66   66   44   44
 7.8035425598648944e-01   66   66   45   45
 7.8660527495682964e-01   66   66   46   46
 1.9053567315110784e+00   66   66   47   47
 8.3804066687009082e-01   66   66   48   48
 1.9990686349066302e+00   66   66   49   49
 2.1966556096962986e+00   66   66   50   50
 2.0961348637789459e+00   66   66   51   51
 1.7945889623953515e+00   66   66   52   52
 2.3394035092933052e+00   66   66   53   53
 1.6758510979460763e+00   66   66   54   54
 1.6343739478742549e+00   66   66   55   55
 1.9065421973458461e+00   66   66   56   56
 8.4484777706219871e-01   66   66   57   57
 7.9542564587870135e-01   66   66   58   58
 7.7072403316924487e-01   66   66   59   59
 1.7568871281852438e+00   66   66   60   60
 7.8924268239442918e-01   66   66   61   61
 8.3669240020484448e-01   66   66   62   62
 1.6261483005822717e+00   66   66   63   63
 1.5866353035843024e+00   66   66   64   64
 2.8011133518870976e+00   66   66   65   65
 9.6429912899999994e+00   66   66   66   66
 1.3155063066850474e+00   67   67    1    1
 1.2598259643746761e+00   67   67    2    2
 1.3382451495905947e+00   67   67    3    3
 1.5055285716361435e+00   67   67    4    4
 1.6056464461593263e+00   67   67    5    5
 1.4718719295896614e+00   67   67    6    6
 3.2242853830292542e+00   67   67    7    7
 3.3347469884378942e+00   67   67    8    8
 3.1123028024909760e+00   67   67    9    9
 2.8170366698582696e+00   67   67   10   10
 2.6813933183960463e+00   67   67   11   11
 1.7117489189196777e+00   67   67   12   12
 2.8035449909952850e+00   67   67   13   13
 3.1107646818164247e+00   67   67   14   14
 3.4600916989805013e+00   67   67   15   15
 4.4866156719567947e+00   67   67   16   16
 3.6107583560985068e+00   67   67   17   17
 2.7761248272381982e+00   67   67   18   18
 2.5400207601769265e+00   67   67   19   19
 2.7225738660489625e+00   67   67   20   20
 1.1377564658486810e+00   67   67   21   21
 1.0718719702664341e+00   67   67   22   22
 1.0685845794885536e+00   67   67   23   23
 1.0006762331583059e+00   67   67   24   24
 9.4374330024181829e-01   67   67   25   25
 9.4750824674017109e-01   67   67   26   26
 1.0030824355475516e+00   67   67   27   27
 1.0894927765242912e+00   67   67   28   28
 1.0003893932706640e+00   67   67   29   29
 9.5552917414805949e-01   67   67   30   30
 9.7683233589702212e-01   67   67   31   31
 9.2132464993666885e-01   67   67   32   32
 1.0597365868351687e+00   67   67   33   33
 1.1269430739133532e+00   67   67   34   34
 1.9230076455770171e+00   67   67   35   35
 2.2294636180999938e+00   67   67   36   36
 2.6385197009069730e+00   67   67   37   37
 2.4612443476645689e+00   67   67   38   38
 2.0539411489803099e+00   67   67   39   39
 1.8511854959859102e+00   67   67   40   40
 8.8876783973129969e-01   67   67   41   41
 8.8645183916604930e-01   67   67   42   42
 8.2741718106118201e-01   67   67   43   43
 1.9781613039524908e+00   67   67   44   44
 7.8357066884927529e-01   67   67   45   45
 7.8534346495166207e-01   67   67   46   46
 2.2638510968336898e+00   67   67   47   47
 8.3347430907243292e-01   67   67   48   48
 2.2099629217211709e+00   67   67   49   49
 2.3449298938554151e+00   67   67   50   50
 1.9994519801780595e+00   67   67   51   51
 1.7584347016954054e+00   67   67   52   52
 2.2933455372521481e+00   67   67   53   53
 1.9162898546822034e+00   67   67   54   54
 1.7260046194948147e+00   67   67   55   55
 1.7460887866862813e+00   67   67   56   56
 9.1008101431661181e-01   67   67   57   57
 8.5620126854292289e-01   67   67   58   58
 8.1856326377587452e-01   67   67   59   59
 1.8906994635887804e+00   67   67   60   60
 8.2645470560060796e-01   67   67   61   61
 8.7295092504200078e-01   67   67   62   62
 1.6222377168988869e+00   67   67   63   63
 1.6866063866328160e+00   67   67   64   64
 3.5194467489350161e+00   67   67   65   65
 3.4118092220762977e+00   67   67   66   66
 9.6429912899999994e+00   67   67   67   67
 1.6108835324567630e+00   68   68    1    1
 1.5508099341818462e+00   68   68    2    2
 1.6867196255363470e+00   68   68    3    3
 1.9521478309952442e+00   68   68    4    4
 2.0820814875163776e+00   68   68    5    5
 1.8389318769783909e+00   68   68    6    6
 3.2512667331403886e+00   68   68    7    7
 2.6378672796146350e+00   68   68    8    8
 2.1984731199903691e+00   68   68    9    9
 1.8934672845068943e+00   68   68   10   10
 1.8356181214651839e+00   68   68   11   11
 1.2478893650334988e+00   68   68   12   12
 2.0589129745660228e+00   68   68   13   13
 2.4920492336651927e+00   68   68   14   14
 3.4840198011604149e+00   68   68   15   15
 2.7308729420723625e+00   68   68   16   16
 2.5405861132625338e+00   68   68   17   17
 2.7618234782423907e+00   68   68   18   18
 3.5817086885573630e+00   68   68   19   19
 4.4900790623198921e+00   68   68   20   20
 1.3715328129277600e+00   68   68   21   21
 1.3191140901966798e+00   68   68   22   22
 1.3783191222941971e+00   68   68   23   23
 1.2934591561904791e+00   68   68   24   24
 1.1798799216191902e+00   68   68   25   25
 1.1458896380786661e+00   68   68   26   26
 1.1996974159769433e+00   68   68   27   27
 1.2582368101447061e+00   68   68   28   28
 1.1549754334234981e+00   68   68   29   29
 1.0692626354066899e+00   68   68   30   30
 1.0570469207536168e+00   68   68   31   31
 9.7493309481916801e-01   68   68   32   32
 1.1349258804762672e+00   68   68   33   33
 1.2434496666404693e+00   68   68   34   34
 2.5376203033322224e+00   68   68   35   35
 2.8715918386479840e+00   68   68   36   36
 3.2644741173620817e+00   68   68   37   37
 3.1266371034489149e+00   68   68   38   38
 2.7056067543976829e+00   68   68   39   39
 2.4576616825468611e+00   68   68   40   40
 1.1328198293284557e+00   68   68   41   41
 1.1069999429500312e+00   68   68   42   42
 1.0099412154496201e+00   68   68   43   43
 1.5036149568761796e+00   68   68   44   44
 9.5441320282532616e-01   68   68   45   45
 9.7011575415312090e-01   68   68   46   46
 1.9860518760953132e+00   68   68   47   47
 1.0521289551512758e+00   68   68   48   48
 1.4438963586379077e+00   68   68   49   49
 2.3167785491560910e+00   68   68   50   50
 2.2106877337990030e+00   68   68   51   51
 1.8697018862909218e+00   68   68   52   52
 1.5883810198907389e+00   68   68   53   53
 1.7370984857453788e+00   68   68   54   54
 1.6925698227546873e+00   68   68   55   55
 1.3322512426254345e+00   68   68   56   56
 9.3950965539791764e-01   68   68   57   57
 8.7269098516110655e-01   68   68   58   58
 8.3990115065351778e-01   68   68   59   59
 1.2922839270797841e+00   68   68   60   60
 8.6389817818248638e-01   68   68   61   61
 9.2779517446158111e-01   68   68   62   62
 1.9133624280124273e+00   68   68   63   63
 2.0702560909835337e+00   68   68   64   64
 2.6600567701697444e+00   68   68   65   65
 3.5308680924405227e+00   68   68   66   66
 2.8072365559264632e+00   68   68   67   67
 9.6429912899999994e+00   68   68   68   68
 2.9757122518672965e+00   69   69    1    1
 3.3223300995388789e+00   69   69    2    2
 3.1783953196680472e+00   69   69    3    3
 2.7834497122394710e+00   69   69    4    4
 2.5673156848846159e+00   69   69    5    5
 2.6653943262791144e+00   69   69    6    6
 1.4078717283030162e+00   69   69    7    7
 1.2995773575104834e+00   69   69    8    8
 1.2790717796462872e+00   69   69    9    9
 1.1692223585340604e+00   69   69   10   10
 1.0932449383473970e+00   69   69   11   11
 8.6332538544964277e-01   69   69   12   12
 1.1096251110879904e+00   69   69   13   13
 1.1982682882637532e+00   69   69   14   14
 1.3326491896319499e+00   69   69   15   15
 1.2088125797484899e+00   69   69   16   16
 1.1448566941097291e+00   69   69   17   17
 1.1678113627000655e+00   69   69   18   18
 1.2747444556783047e+00   69   69   19   19
 1.3746707186799778e+00   69   69   20   20
 3.2212545377972446e+00   69   69   21   21
 3.4667930973633760e+00   69   69   22   22
 4.4870915845997503e+00   69   69   23   23
 3.6032238188658940e+00   69   69   24   24
 2.7713151067900719e+00   69   69   25   25
 2.5448991494382760e+00   69   69   26   26
 2.7271057227267916e+00   69   69   27   27
 2.5843892101283279e+00   69   69   28   28
 2.3984777564387425e+00   69   69   29   29
 1.9918931764075252e+00   69   69   30   30
 1.7953850333991712e+00   69   69   31   31
 1.5550071471574991e+00   69   69   32   32
 1.8699327916576454e+00   69   69   33   33
 2.1819773325080436e+00   69   69   34   34
 1.9753797274061529e+00   69   69   35   35
 1.7106393248853491e+00   69   69   36   36
 1.5992194742747015e+00   69   69   37   37
 1.6969698449825772e+00   69   69   38   38
 1.9562139747903631e+00   69   69   39   39
 2.1696760753790771e+00   69   69   40   40
 2.2311869908245976e+00   69   69   41   41
 2.3292866017969711e+00   69   69   42   42
 1.9900453187579963e+00   69   69   43   43
 9.6303636868780385e-01   69   69   44   44
 1.7440059157504937e+00   69   69   45   45
 1.7042578969419619e+00   69   69   46   46
 1.0385886346647397e+00   69   69   47   47
 1.8871579917636967e+00   69   69   48   48
 9.6212998137817796e-01   69   69   49   49
 1.0886907978162355e+00   69   69   50   50
 1.0532566192281465e+00   69   69   51   51
 9.8137346624974187e-01   69   69   52   52
 1.0065839904799585e+00   69   69   53   53
 9.7077801917507689e-01   69   69   54   54
 9.4507719278559765e-01   69   69   55   55
 8.9384068309468456e-01   69   69   56   56
 1.4211933828197536e+00   69   69   57   57
 1.2715699166575203e+00   69   69   58   58
 1.2240487978713706e+00   69   69   59   59
 8.9278232246855127e-01   69   69   60   60
 1.3016918931976218e+00   69   69   61   61
 1.4660395766052567e+00   69   69   62   62
 3.3348116141680175e+00   69   69   63   63
 3.5917178373517675e+00   69   69   64   64
 1.8302293440864388e+00   69   69   65   65
 1.5824974633292526e+00   69   69   66   66
 1.5298595493090927e+00   69   69   67   67
 2.0611664418757623e+00   69   69   68   68
 9.6429912899999994e+00   69   69   69   69
 2.1875018776211883e+00   70   70    1    1
 2.5876414413032283e+00   70   70    2    2
 2.4100859267081778e+00   70   70    3    3
 2.0085581156178627e+00   70   70    4    4
 1.8081293661135165e+00   70   70    5    5
 1.8794577904488183e+00   70   70    6    6
 1.1133183940702374e+00   70   70    7    7
 1.0507997727463825e+00   70   70    8    8
 1.0686517391252279e+00   70   70    9    9
 9.9665161422040849e-01   70   70   10   10
 9.2436986137230803e-01   70   70   11   11
 7.6583742250407549e-01   70   70   12   12
 9.1518428186224321e-01   70   70   13   13
 9.6699541010892243e-01   70   70   14   14
 1.0632549730383576e+00   70   70   15   15
 1.0047046340485781e+00   70   70   16   16
 9.5955450017259758e-01   70   70   17   17
 9.5791349325788566e-01   70   70   18   18
 1.0055759403510007e+00   70   70   19   19
 1.0628492605279392e+00   70   70   20   20
 3.2055790894591447e+00   70   70   21   21
 3.4570850883654476e+00   70   70   22   22
 2.7248463910480343e+00   70   70   23   23
 2.5458895934090728e+00   70   70   24   24
 2.7770545619096230e+00   70   70   25   25
 3.6137237059311249e+00   70   70   26   26
 4.4848083941189358e+00   70   70   27   27
 3.3402698667995030e+00   70   70   28   28
 3.2050947483784444e+00   70   70   29   29
 2.8759457949006686e+00   70   70   30   30
 2.6992146649376072e+00   70   70   31   31
 2.3052365656202145e+00   70   70   32   32
 2.7763439762439734e+00   70   70   33   33
 3.0392633191044962e+00   70   70   34   34
 1.4233257696278374e+00   70   70   35   35
 1.2749061336815033e+00   70   70   36   36
 1.2317755505765968e+00   70   70   37   37
 1.3220746047838543e+00   70   70   38   38
 1.4887593416472662e+00   70   70   39   39
 1.5684288355051759e+00   70   70   40   40
 1.9972816168511933e+00   70   70   41   41
 2.3399996681093587e+00   70   70   42   42
 2.2478718525943608e+00   70   70   43   43
 8.2167961650613530e-01   70   70   44   44
 1.9023221749882657e+00   70   70   45   45
 1.7162324205792940e+00   70   70   46   46
 8.9323143184827880e-01   70   70   47   47
 1.7531660725968141e+00   70   70   48   48
 8.5332857875389190e-01   70   70   49   49
 9.0696282052375998e-01   70   70   50   50
 8.6570132011745393e-01   70   70   51   51
 8.2060479640670847e-01   70   70   52   52
 8.6713369989388711e-01   70   70   53   53
 8.4397411488324281e-01   70   70   54   54
 8.1046535123924834e-01   70   70   55   55
 7.7549030848691192e-01   70   70   56   56
 2.2014110653370578e+00   70   70   57   57
 1.8845661799747169e+00   70   70   58   58
 1.7143688655310638e+00   70   70   59   59
 8.0073822990528287e-01   70   70   60   60
 1.7582186361948311e+00   70   70   61   61
 1.9985635740695804e+00   70   70   62   62
 2.6877457121881378e+00   70   70   63   63
 3.3528517188863516e+00   70   70   64   64
 1.5936654380815751e+00   70   70   65   65
 1.2574647923397060e+00   70   70   66   66
 1.3327878974239489e+00   70   70   67   67
 1.5081721786506967e+00   70   70   68   68
 2.7983501228500027e+00   70   70   69   69
 9.6429912899999994e+00   70   70   70   70
 2.4262407152652452e+00   71   71    1    1
 2.6040011109450467e+00   71   71    2    2
 2.1950677473988591e+00   71   71    3    3
 1.8850307017545445e+00   71   71    4    4
 1.8123281120508372e+00   71   71    5    5
 2.0161333722414683e+00   71   71    6    6
 1.1078346653551379e+00   71   71    7    7
 1.0571808606527069e+00   71   71    8    8
 1.0725798748617084e+00   71   71    9    9
 1.0069969539487165e+00   71   71   10   10
 9.4072933563863648e-01   71   71   11   11
 7.8233226615259666e-01   71   71   12   12
 9.3354678193921070e-01   71   71   13   13
 9.8189720261169255e-01   71   71   14   14
 1.0434637847759878e+00   71   71   15   15
 9.7219402559823975e-01   71   71   16   16
 9.2099575037214843e-01   71   71   17   17
 9.2201348712623388e-01   71   71   18   18
 9.7993238186129317e-01   71   71   19   19
 1.0469700396408390e+00   71   71   20   20
 3.2303583197879551e+00   71   71   21   21
 3.3186829314586936e+00   71   71   22   22
 2.9717698953222094e+00   71   71   23   23
 2.6613228609609489e+00   71   71   24   24
 2.5793912773994956e+00   71   71   25   25
 2.7945711795934769e+00   71   71   26   26
 3.1712046083576189e+00   71   71   27   27
 3.4692254768104585e+00   71   71   28   28
 4.4866496197535621e+00   71   71   29   29
 3.5992818216430043e+00   71   71   30   30
 2.7695677595947559e+00   71   71   31   31
 2.3307646661014738e+00   71   71   32   32
 2.5435675348844846e+00   71   71   33   33
 2.7274019935201479e+00   71   71   34   34
 1.4812888432461930e+00   71   71   35   35
 1.3134076944848863e+00   71   71   36   36
 1.2271720539966628e+00   71   71   37   37
 1.2756033674196299e+00   71   71   38   38
 1.4271587537885730e+00   71   71   39   39
 1.5686997997595733e+00   71   71   40   40
 1.8880331597809250e+00   71   71   41   41
 2.1888393968002453e+00   71   71   42   42
 2.1051519071330960e+00   71   71   43   43
 8.4813129165461487e-01   71   71   44   44
 1.7985336552752043e+00   71   71   45   45
 1.6292324805606460e+00   71   71   46   46
 8.4099561269611578e-01   71   71   47   47
 1.6641264350906542e+00   71   71   48   48
 8.6034757705947351e-01   71   71   49   49
 8.6753066777283705e-01   71   71   50   50
 8.3700908248999928e-01   71   71   51   51
 7.8937000337086438e-01   71   71   52   52
 8.8443429250456784e-01   71   71   53   53
 7.9319989985663986e-01   71   71   54   54
 7.6966383943485894e-01   71   71   55   55
 7.9983267637532252e-01   71   71   56   56
 1.9926464827408104e+00   71   71   57   57
 1.7488190528817558e+00   71   71   58   58
 1.7101003839669644e+00   71   71   59   59
 8.0928296473028838e-01   71   71   60   60
 1.8940771913731873e+00   71   71   61   61
 2.2368955462046940e+00   71   71   62   62
 3.3884678763383165e+00   71   71   63   63
 2.6852939590288143e+00   71   71   64   64
 1.5683485601838394e+00   71   71   65   65
 1.2821531005451527e+00   71   71   66   66
 1.2828833259509806e+00   71   71   67   67
 1.5241358129712201e+00   71   71   68   68
 3.3422331421906892e+00   71   71   69   69
 3.5539219443546246e+00   71   71   70   70
 9.6429912899999994e+00   71   71   71   71
 3.1600946369411966e+00   72   72    1    1
 3.3263499783989245e+00   72   72    2    2
 3.0155839873710857e+00   72   72    3    3
 2.7104366613031359e+00   72   72    4    4
 2.6026178562815749e+00   72   72    5    5
 2.7890096365354182e+00   72   72    6    6
 1.4514133068494466e+00   72   72    7    7
 1.3760271777399726e+00   72   72    8    8
 1.4398751821752795e+00   72   72    9    9
 1.3264998939673251e+00   72   72   10   10
 1.1955313205001439e+00   72   72   11   11
 9.5552661780897707e-01   72   72   12   12
 1.1630814055104257e+00   72   72   13   13
 1.2313618654632523e+00   72   72   14   14
 1.3437836961015532e+00   72   72   15   15
 1.2633090159916847e+00   72   72   16   16
 1.1745859628296755e+00   72   72   17   17
 1.1455309875197701e+00   72   72   18   18
 1.2010410567533936e+00   72   72   19   19
 1.3024439621810651e+00   72   72   20   20
 3.2173390185882762e+00   72   72   21   21
 2.6024499525121918e+00   72   72   22   22
 2.1966079701285461e+00   72   72   23   23
 1.8884462255447856e+00   72   72   24   24
 1.8164953629569833e+00   72   72   25   25
 2.0167132660230642e+00   72   72   26   26
 2.4241468044176919e+00   72   72   27   27
 3.4629549661756900e+00   72   72   28   28
 2.7245472089180889e+00   72   72   29   29
 2.5415272210227582e+00   72   72   30   30
 2.7721901173153940e+00   72   72   31   31
 2.3334642440483311e+00   72   72   32   32
 3.6062112752684969e+00   72   72   33   33
 4.4876000933408671e+00   72   72   34   34
 1.9834088869564008e+00   72   72   35   35
 1.7300052718518080e+00   72   72   36   36
 1.6445888846935577e+00   72   72   37   37
 1.7658379457753015e+00   72   72   38   38
 2.0339655430612362e+00   72   72   39   39
 2.2121358526356176e+00   72   72   40   40
 1.4537448374168480e+00   72   72   41   41
 1.5743316943576184e+00   72   72   42   42
 1.4674119037045481e+00   72   72   43   43
 1.0312632784678497e+00   72   72   44   44
 1.3063055811342239e+00   72   72   45   45
 1.2388955800732202e+00   72   72   46   46
 1.0417053384618984e+00   72   72   47   47
 1.2974484140024589e+00   72   72   48   48
 1.0961654825576383e+00   72   72   49   49
 1.0607959178096305e+00   72   72   50   50
 9.9385654206415242e-01   72   72   51   51
 9.2789480607506847e-01   72   72   52   52
 1.1090237476017741e+00   72   72   53   53
 9.6585206733342222e-01   72   72   54   54
 9.1527922414573293e-01   72   72   55   55
 9.6388273645432987e-01   72   72   56   56
 2.2539453488152015e+00   72   72   57   57
 1.9014713012721900e+00   72   72   58   58
 1.7083203289337343e+00   72   72   59   59
 1.0137545238853911e+00   72   72   60   60
 1.7398401491154434e+00   72   72   61   61
 1.9817735436730268e+00   72   72   62   62
 3.5487601330783636e+00   72   72   63   63
 3.3889962304926984e+00   72   72   64   64
 2.2262256510166702e+00   72   72   65   65
 1.5361454593259227e+00   72   72   66   66
 1.6948629247647411e+00   72   72   67   67
 1.8050053180619370e+00   72   72   68   68
 2.6846633477832245e+00   72   72   69   69
 3.3677967070072183e+00   72   72   70   70
 2.8019780630940376e+00   72   72   71   71
 9.6429912899999994e+00   72   72   72   72
 1.9030896253846454e+00   73   73    1    1
 1.6926237029660902e+00   73   73    2    2
 1.7198977789581964e+00   73   73    3    3
 1.9623152730262470e+00   73   73    4    4
 2.3251463652597399e+00   73   73    5    5
 2.2597168721949612e+00   73   73    6    6
 3.2147956457205167e+00   73   73    7    7
 3.3215085003201459e+00   73   73    8    8
 3.2115025106484869e+00   73   73    9    9
 2.7670985508416641e+00   73   73   10   10
 2.5138691217506572e+00   73   73   11   11
 1.5698667172773619e+00   73   73   12   12
 2.5945611739974992e+00   73   73   13   13
 2.9179256846098660e+00   73   73   14   14
 2.5573875151476724e+00   73   73   15   15
 2.1748968576770413e+00   73   73   16   16
 1.8603403926033633e+00   73   73   17   17
 1.7787134934515469e+00   73   73   18   18
 1.9604200782565764e+00   73   73   19   19
 2.3532377471854034e+00   73   73   20   20
 1.4834965506903046e+00   73   73   21   21
 1.3618213052976496e+00   73   73   22   22
 1.3779203549747308e+00   73   73   23   23
 1.2530053979075617e+00   73   73   24   24
 1.1444302755757807e+00   73   73   25   25
 1.1378344051467728e+00   73   73   26   26
 1.2245671250997672e+00   73   73   27   27
 1.4096896328557253e+00   73   73   28   28
 1.2959329674544542e+00   73   73   29   29
 1.2178044893310493e+00   73   73   30   30
 1.2202095954201815e+00   73   73   31   31
 1.1284008634485176e+00   73   73   32   32
 1.3163330834778451e+00   73   73   33   33
 1.4243374218690135e+00   73   73   34   34
 3.6039434440606111e+00   73   73   35   35
 4.4861488725288794e+00   73   73   36   36
 3.4666705177353343e+00   73   73   37   37
 2.7298898298145895e+00   73   73   38   38
 2.5474187429119062e+00   73   73   39   39
 2.7694551276323365e+00   73   73   40   40
 1.0457710717406943e+00   73   73   41   41
 1.0545056723750204e+00   73   73   42   42
 9.7528196203814621e-01   73   73   43   43
 1.9694834354937116e+00   73   73   44   44
 9.1056411671388948e-01   73   73   45   45
 9.0520576854727097e-01   73   73   46   46
 1.4121081178429393e+00   73   73   47   47
 9.6490178787955327e-01   73   73   48   48
 1.8717857176109660e+00   73   73   49   49
 1.5418676896977266e+00   73   73   50   50
 1.4526578576745517e+00   73   73   51   51
 1.2906067947126769e+00   73   73   52   52
 2.1162845792256610e+00   73   73   53   53
 1.2632344119256425e+00   73   73   54   54
 1.2150868682008293e+00   73   73   55   55
 1.6962776477600257e+00   73   73   56   56
 1.0759859946534220e+00   73   73   57   57
 9.9885529615081958e-01   73   73   58   58
 9.6817787396834609e-01   73   73   59   59
 1.6352364343340522e+00   73   73   60   60
 1.0043867800973938e+00   73   73   61   61
 1.0822222559744217e+00   73   73   62   62
 2.3638082237994094e+00   73   73   63   63
 1.9752589460138350e+00   73   73   64   64
 3.6968799132717498e+00   73   73   65   65
 3.2602916136051165e+00   73   73   66   66
 2.7015102321842948e+00   73   73   67   67
 3.2633905347648300e+00   73   73   68   68
 2.0713297292591490e+00   73   73   69   69
 1.5660262582012336e+00   73   73   70   70
 1.6661069290803239e+00   73   73   71   71
 2.0438795813234560e+00   73   73   72   72
 9.6429912899999994e+00   73   73   73   73
 1.7367204755808892e+00   74   74    1    1
 1.7141758191826477e+00   74   74    2    2
 1.9313187055268006e+00   74   74    3    3
 2.2905184063789399e+00   74   74    4    4
 2.3452556938024260e+00   74   74    5    5
 1.9764766283989270e+00   74   74    6    6
 3.1855062912886387e+00   74   74    7    7
 2.5525478486819178e+00   74   74    8    8
 2.3480410819033941e+00   74   74    9    9
 1.9694222345526013e+00   74   74   10   10
 1.7923032532289096e+00   74   74   11   11
 1.2329983888152083e+00   74   74   12   12
 1.8735206335777141e+00   74   74   13   13
 2.1823099093662850e+00   74   74   14   14
 3.3632135626320956e+00   74   74   15   15
 3.0586304271157165e+00   74   74   16   16
 2.7823426543294856e+00   74   74   17   17
 2.6941976748489029e+00   74   74   18   18
 2.8759916146647782e+00   74   74   19   19
 3.2316059998327287e+00   74   74   20   20
 1.5029256868817342e+00   74   74   21   21
 1.4228810169885184e+00   74   74   22   22
 1.4312231966906894e+00   74   74   23   23
 1.3285680367115564e+00   74   74   24   24
 1.2362745903934407e+00   74   74   25   25
 1.2341253242770154e+00   74   74   26   26
 1.3122489384299205e+00   74   74   27   27
 1.3874490895658926e+00   74   74   28   28
 1.2422116358582220e+00   74   74   29   29
 1.1561892549251835e+00   74   74   30   30
 1.1688641889178051e+00   74   74   31   31
 1.0766410672436444e+00   74   74   32   32
 1.2867687788466429e+00   74   74   33   33
 1.4163483579965006e+00   74   74   34   34
 2.5471801115410355e+00   74   74   35   35
 2.7230552562036565e+00   74   74   36   36
 3.4471535276931551e+00   74   74   37   37
 4.4826934022650455e+00   74   74   38   38
 3.6273991526292848e+00   74   74   39   39
 2.7813475184016920e+00   74   74   40   40
 1.1578054727453686e+00   74   74   41   41
 1.1473472112875405e+00   74   74   42   42
 1.0489527014383415e+00   74   74   43   43
 1.4123550087887664e+00   74   74   44   44
 9.8347289126698034e-01   74   74   45   45
 9.9003633333384433e-01   74   74   46   46
 2.1792964236985859e+00   74   74   47   47
 1.0683686295794386e+00   74   74   48   48
 1.4894678987332690e+00   74   74   49   49
 2.2842790942783449e+00   74   74   50   50
 1.9739946878588988e+00   74   74   51   51
 1.7307507929182415e+00   74   74   52   52
 1.5591777666790567e+00   74   74   53   53
 1.8570345550269232e+00   74   74   54   54
 1.6862639294547801e+00   74   74   55   55
 1.2691543347510619e+00   74   74   56   56
 1.0563168114146355e+00   74   74   57   57
 9.7515512207729704e-01   74   74   58   58
 9.2237371735113172e-01   74   74   59   59
 1.3219586514339037e+00   74   74   60   60
 9.3524348929863732e-01   74   74   61   61
 1.0040123888533927e+00   74   74   62   62
 1.9869167540151484e+00   74   74   63   63
 2.4096078392648774e+00   74   74   64   64
 3.2165408900272277e+00   74   74   65   65
 2.7064229448415524e+00   74   74   66   66
 3.3835063647007950e+00   74   74   67   67
 3.5991093544773500e+00   74   74   68   68
 2.0279271599151532e+00   74   74   69   69
 1.6931603310326433e+00   74   74   70   70
 1.5775650760007567e+00   74   74   71   71
 2.1564095239626977e+00   74   74   72   72
 2.7940985435645600e+00   74   74   73   73
 9.6429912899999994e+00   74   74   74   74
-1.3894060434943552e+02    1    1    0    0
-2.2507755637028692e+00    2    1    0    0
-1.4264721697055319e+02    2    2    0    0
-2.2533349052778466e+00    3    2    0    0
-1.3942763853708095e+02    3    3    0    0
-2.3321117585785873e+00    4    3    0    0
-1.3683080890610100e+02    4    4    0    0
-2.2962228650675156e+00    5    4    0    0
-1.3872241112669070e+02    5    5    0    0
-2.3199666705385535e+00    6    1    0    0
-2.2984239837001819e+00    6    5    0    0
-1.3638170381723290e+02    6    6    0    0
-1.4138705547665128e+02    7    7    0    0
-2.2191031436062638e+00    8    7    0    0
-1.3711654651784374e+02    8    8    0    0
-2.2462070541540520e+00    9    8    0    0
-1.3211878969043943e+02    9    9    0    0
-2.3246751916197139e+00   10    9    0    0
-1.2188221347904090e+02   10   10    0    0
-2.3103418107614151e+00   11   10    0    0
-1.1797808497536553e+02   11   11    0    0
-8.6774538063894056e+01   12   12    0    0
-2.3243023523066433e+00   13   11    0    0
-1.1937911658699127e+02   13   13    0    0
-2.2407295520275077e+00   14    8    0    0
-2.3448077175630155e+00   14   13    0    0
-1.2883910738410529e+02   14   14    0    0
-2.2354124174940666e+00   15    7    0    0
-1.3750366959860355e+02   15   15    0    0
-2.2456849379986155e+00   16   15    0    0
-1.3011022758520048e+02   16   16    0    0
-2.3518739873333718e+00   17   16    0    0
-1.2063148173859767e+02   17   17    0    0
-2.3271439213177749e+00   18   17    0    0
-1.1875147828969932e+02   18   18    0    0
-2.3109389836666212e+00   19   18    0    0
-1.2174477041772195e+02   19   19    0    0
-2.2540022256581915e+00   20   15    0    0
-2.3219719389165179e+00   20   19    0    0
-1.3162112063417698e+02   20   20    0    0
-2.2171466773849904e+00   21    2    0    0
-1.4129162563481742e+02   21   21    0    0
-2.2096808717757530e+00   22   21    0    0
-1.3695531289698911e+02   22   22    0    0
-2.2424352352079659e+00   23   22    0    0
-1.3144935181986995e+02   23   23    0    0
-2.3282593596915735e+00   24   23    0    0
-1.2142889734786714e+02   24   24    0    0
-2.3152895621255305e+00   25   24    0    0
-1.1786333056694401e+02   25   25    0    0
-2.3235346110213486e+00   26   25    0    0
-1.1963058903221861e+02   26   26    0    0
-2.2348207364274546e+00   27   22    0    0
-2.3399302507331927e+00   27   26    0    0
-1.2922148652603835e+02   27   27    0    0
-2.2219045180699668e+00   28   21    0    0
-1.3720103455010835e+02   28   28    0    0
-2.2440542345729342e+00   29   28    0    0
-1.2902253146008368e+02   29   29    0    0
-2.3362331043474054e+00   30   29    0    0
-1.1960641137044867e+02   30   30    0    0
-2.3185790656468424e+00   31   30    0    0
-1.1828043503486194e+02   31   31    0    0
-2.2378863419512163e+00   32   31    0    0
-1.0824283866154059e+02   32   32    0    0
-2.3157931490373884e+00   33   31    0    0
-1.2215938357845565e+02   33   33    0    0
-2.2454222278595020e+00   34   28    0    0
-2.3314759583115756e+00   34   33    0    0
-1.3224778011661519e+02   34   34    0    0
-1.3613004584068611e+02   35   35    0    0
-2.3154012895201568e+00   36   35    0    0
-1.3867778318215099e+02   36   36    0    0
-2.1918000311853061e+00   37    7    0    0
-2.2386580314838653e+00   37   36    0    0
-1.4243553107397190e+02   37   37    0    0
-2.2316760082004881e+00   38   37    0    0
-1.3944231435863915e+02   38   38    0    0
-2.3333582432809847e+00   39   38    0    0
-1.3686138159550512e+02   39   39    0    0
-2.2166466269817926e+00   40    5    0    0
-2.3015411100628680e+00   40   35    0    0
-2.3090044416696669e+00   40   39    0    0
-1.3863398300339293e+02   40   40    0    0
-1.0107454372665376e+02   41   41    0    0
-2.2327192871089721e+00   42   25    0    0
-2.2167616805207042e+00   42   41    0    0
-1.0784478542406124e+02   42   42    0    0
-2.2125016995058098e+00   43   42    0    0
-9.9245389771063472e+01   43   43    0    0
-9.9312221000829098e+01   44   44    0    0
-2.3230312321181743e+00   45   43    0    0
-8.9858379717485903e+01   45   45    0    0
-2.3671701874827993e+00   46   45    0    0
-8.6861407053041987e+01   46   46    0    0
-1.0136915117380060e+02   47   47    0    0
-2.3211517690958776e+00   48   41    0    0
-2.3679578231305731e+00   48   46    0    0
-9.1378778894227082e+01   48   48    0    0
-1.0078932807707712e+02   49   49    0    0
-2.2528007068433280e+00   50   18    0    0
-2.2230301182410335e+00   50   47    0    0
-1.0870761884702381e+02   50   50    0    0
-2.2321387038155445e+00   51   50    0    0
-1.0033323988572729e+02   51   51    0    0
-2.3193038270454438e+00   52   51    0    0
-9.0873284401358504e+01   52   52    0    0
-2.2363036195937460e+00   53   11    0    0
-2.2170236459390567e+00   53   44    0    0
-2.2167319615719023e+00   53   49    0    0
-1.0790020663316929e+02   53   53    0    0
-2.3279630313159028e+00   54   47    0    0
-9.1625705238499094e+01   54   54    0    0
-2.3594347956873678e+00   55   52    0    0
-2.3634732022688953e+00   55   54    0    0
-8.7537213553012435e+01   55   55    0    0
-2.3660118049220467e+00   56   12    0    0
-2.3234173099656474e+00   56   44    0    0
-8.9951201078326136e+01   56   56    0    0
-2.2160707530384149e+00   57   32    0    0
-1.0104551964441893e+02   57   57    0    0
-2.3226099567659984e+00   58   57    0    0
-9.1304930522082742e+01   58   58    0    0
-2.3674568155341875e+00   59   58    0    0
-8.7140146154752188e+01   59   59    0    0
-2.3671521855389663e+00   60   12    0    0
-2.3213912139363209e+00   60   49    0    0
-9.1018050821040418e+01   60   60    0    0
-2.3642858661430219e+00   61   59    0    0
-9.0375278072094048e+01   61   61    0    0
-2.2208588806439451e+00   62   32    0    0
-2.3218345957690438e+00   62   61    0    0
-9.9743778851060981e+01   62   62    0    0
-2.0963000654410604e+00   63    1    0    0
-1.7824608212181195e+02   63   63    0    0
-2.0920088482703445e+00   64    3    0    0
-1.7965589865590835e+02   64   64    0    0
-2.0976727518067175e+00   65    9    0    0
-1.7833293671270746e+02   65   65    0    0
-2.0920913098795713e+00   66   14    0    0
-1.6718035809404464e+02   66   66    0    0
-2.0938934443960844e+00   67   16    0    0
-1.7004713123116775e+02   67   67    0    0
-2.1019964138034326e+00   68   20    0    0
-1.7513524620328101e+02   68   68    0    0
-2.0950057789131833e+00   69   23    0    0
-1.7613506135241815e+02   69   69    0    0
-2.0896725866641526e+00   70   27    0    0
-1.6862953466869104e+02   70   70    0    0
-2.0939727776818913e+00   71   29    0    0
-1.6729266306730625e+02   71   71    0    0
-2.0961946912558269e+00   72   34    0    0
-1.7852282280663567e+02   72   72    0    0
-2.0928027545360024e+00   73   36    0    0
-1.7784954701526431e+02   73   73    0    0
-2.0847395656401981e+00   74   38    0    0
-1.8043966717204361e+02   74   74    0    0
 6.1113470360600022e+03    0    0    0    0
