&FCI NORB=106, NELEC=120, MS2=0,
 ORBSYM=1,1,1,1,1,1,1,1,1,1,1,1,1,1,1,1,1,1,1,1,1,1,1,1,1,1,1,1,1,1,1,1,1,1,1,1,1,1,1,1,1,1,1,1,1,1,1,1,1,1,1,1,1,1,1,1,1,1,1,1,1,1,1,1,1,1,1,1,1,1,1,1,1,1,1,1,1,1,1,1,1,1,1,1,1,1,1,1,1,1,1,1,1,1,1,1,1,1,1,1,1,1,1,1,1,1,
 ISYM=1,
&END
 8.4208384499999998e+00    1    1    1    1
 3.8297627922325095e+00    2    2    1    1
 8.4208384499999998e+00    2    2    2    2
 2.7480083267318376e+00    3    3    1    1
 3.8670549951893141e+00    3    3    2    2
 8.4208384499999998e+00    3    3    3    3
 3.8296427021341146e+00    4    4    1    1
 2.7622951267939855e+00    4    4    2    2
 2.5134025673769691e+00    4    4    3    3
 8.4208384499999998e+00    4    4    4    4
 1.6004955041712221e+00    5    5    1    1
 1.5208735845609012e+00    5    5    2    2
 1.2622967517441124e+00    5    5    3    3
 1.3421836153176359e+00    5    5    4    4
 8.4208384499999998e+00    5    5    5    5
 1.5206530214718335e+00    6    6    1    1
 1.4930732299728409e+00    6    6    2    2
 1.2626282199775378e+00    6    6    3    3
 1.2876141802978780e+00    6    6    4    4
 3.8297904599847512e+00    6    6    5    5
 8.4208384499999998e+00    6    6    6    6
 1.2622039344832177e+00    7    7    1    1
 1.2627395709838523e+00    7    7    2    2
 1.1011035707780914e+00    7    7    3    3
 1.0952231197596443e+00    7    7    4    4
 2.7479117136223739e+00    7    7    5    5
 3.8670529246776266e+00    7    7    6    6
 8.4208384499999998e+00    7    7    7    7
 1.1222175660488853e+00    8    8    1    1
 1.1180335621049797e+00    8    8    2    2
 9.8338834804160580e-01    8    8    3    3
 9.8427416629374920e-01    8    8    4    4
 2.4385801548842396e+00    8    8    5    5
 2.7185939306526277e+00    8    8    6    6
 3.8224746183777643e+00    8    8    7    7
 8.4208384499999998e+00    8    8    8    8
 9.6846551385194013e-01    9    9    1    1
 9.7347368835024084e-01    9    9    2    2
 8.7397323741221000e-01    9    9    3    3
 8.6342588280741051e-01    9    9    4    4
 1.7906221371965230e+00    9    9    5    5
 1.9834850523044796e+00    9    9    6    6
 2.6702148105354109e+00    9    9    7    7
 3.7433054303129638e+00    9    9    8    8
 8.4208384499999998e+00    9    9    9    9
 1.1588326043559436e+00   10   10    1    1
 1.1359228109375612e+00   10   10    2    2
 9.8822392775586188e-01   10   10    3    3
 1.0124864821140140e+00   10   10    4    4
 2.7480448808033979e+00   10   10    5    5
 2.5132377625859421e+00   10   10    6    6
 2.7878938271507478e+00   10   10    7    7
 3.8229059538278709e+00   10   10    8    8
 2.6694789160679946e+00   10   10    9    9
 8.4208384499999998e+00   10   10   10   10
 1.3423673003985979e+00   11   11    1    1
 1.2879895039180871e+00   11   11    2    2
 1.0954769674865696e+00   11   11    3    3
 1.1543972074158828e+00   11   11    4    4
 3.8296619551659861e+00   11   11    5    5
 2.7622814772424329e+00   11   11    6    6
 2.5132120801158702e+00   11   11    7    7
 2.7188569227293451e+00   11   11    8    8
 1.9833107340268616e+00   11   11    9    9
 3.8675718317431054e+00   11   11   10   10
 8.4208384499999998e+00   11   11   11   11
 9.0273129591099865e-01   12   12    1    1
 9.0435306876857224e-01   12   12    2    2
 8.2160647715905877e-01   12   12    3    3
 8.1622982415776713e-01   12   12    4    4
 1.5417221143606654e+00   12   12    5    5
 1.7537210740794853e+00   12   12    6    6
 2.2979552900274753e+00   12   12    7    7
 2.6609491243900170e+00   12   12    8    8
 3.7449209416764977e+00   12   12    9    9
 2.0181386172926983e+00   12   12   10   10
 1.6264229748979273e+00   12   12   11   11
 8.4208384499999998e+00   12   12   12   12
 8.3320796149205145e-01   13   13    1    1
 8.4424938954035955e-01   13   13    2    2
 7.7769422499606800e-01   13   13    3    3
 7.5863261201009458e-01   13   13    4    4
 1.3026588797514393e+00   13   13    5    5
 1.4843726984523928e+00   13   13    6    6
 1.8671159823464230e+00   13   13    7    7
 2.0164809396969967e+00   13   13    8    8
 2.6696219902757981e+00   13   13    9    9
 1.6037885052795879e+00   13   13   10   10
 1.3453883250971115e+00   13   13   11   11
 3.8223804311960055e+00   13   13   12   12
 8.4208384499999998e+00   13   13   13   13
 7.7624472869584382e-01   14   14    1    1
 7.8375022079884327e-01   14   14    2    2
 7.2879436779240570e-01   14   14    3    3
 7.1506106209665055e-01   14   14    4    4
 1.1474457228850696e+00   14   14    5    5
 1.3002245378242521e+00   14   14    6    6
 1.5685863357984082e+00   14   14    7    7
 1.6256269626430218e+00   14   14    8    8
 1.9834967104005945e+00   14   14    9    9
 1.3457646373743497e+00   14   14   10   10
 1.1667695463086500e+00   14   14   11   11
 2.7184878751385830e+00   14   14   12   12
 3.8680048238155491e+00   14   14   13   13
 8.4208384499999998e+00   14   14   14   14
 7.7109938653700050e-01   15   15    1    1
 7.6921877808302608e-01   15   15    2    2
 7.1467106140190528e-01   15   15    3    3
 7.1556797814583806e-01   15   15    4    4
 1.1351881407750444e+00   15   15    5    5
 1.2776307696733507e+00   15   15    6    6
 1.5073203392463173e+00   15   15    7    7
 1.5413980943424228e+00   15   15    8    8
 1.7903988027843452e+00   15   15    9    9
 1.3034768511229811e+00   15   15   10   10
 1.1479749910242782e+00   15   15   11   11
 2.4374812303154423e+00   15   15   12   12
 2.7476253743401635e+00   15   15   13   13
 3.8293065056461026e+00   15   15   14   14
 8.4208384499999998e+00   15   15   15   15
 8.2446616167175157e-01   16   16    1    1
 8.1295778619565762e-01   16   16    2    2
 7.4761673303596154e-01   16   16    3    3
 7.6286710992139772e-01   16   16    4    4
 1.2787274932602724e+00   16   16    5    5
 1.4325632872743443e+00   16   16    6    6
 1.6961477586796585e+00   16   16    7    7
 1.7546573510411545e+00   16   16    8    8
 1.9838428928841765e+00   16   16    9    9
 1.4864780359386447e+00   16   16   10   10
 1.3019097708029215e+00   16   16   11   11
 2.7185448375303314e+00   16   16   12   12
 2.5138830711535509e+00   16   16   13   13
 2.7629536893275355e+00   16   16   14   14
 3.8292993696921074e+00   16   16   15   15
 8.4208384499999998e+00   16   16   16   16
 8.9357898421073145e-01   17   17    1    1
 8.8111159187842469e-01   17   17    2    2
 8.0071986830625730e-01   17   17    3    3
 8.1618272924589386e-01   17   17    4    4
 1.5089126118078784e+00   17   17    5    5
 1.6965645815242199e+00   17   17    6    6
 2.1061164646205119e+00   17   17    7    7
 2.2997176538940973e+00   17   17    8    8
 2.6704435568638978e+00   17   17    9    9
 1.8701898988232746e+00   17   17   10   10
 1.5708273701799511e+00   17   17   11   11
 3.8223705427119885e+00   17   17   12   12
 2.7885990034262935e+00   17   17   13   13
 2.5138778326432321e+00   17   17   14   14
 2.7476771609745945e+00   17   17   15   15
 3.8681984944519563e+00   17   17   16   16
 8.4208384499999998e+00   17   17   17   17
 8.9512363907492243e-01   18   18    1    1
 9.0756612405018111e-01   18   18    2    2
 8.2118110246119957e-01   18   18    3    3
 8.0034397099196253e-01   18   18    4    4
 1.5421040758322151e+00   18   18    5    5
 1.6266576977200606e+00   18   18    6    6
 2.0182401396783938e+00   18   18    7    7
 2.6604785857204161e+00   18   18    8    8
 3.7399422286401149e+00   18   18    9    9
 2.2981629890681319e+00   18   18   10   10
 1.7542077752088403e+00   18   18   11   11
 2.6605842931314689e+00   18   18   12   12
 2.2996661702659873e+00   18   18   13   13
 1.7548046254277805e+00   18   18   14   14
 1.5416258299213395e+00   18   18   15   15
 1.6259346973615296e+00   18   18   16   16
 2.0167249584614142e+00   18   18   17   17
 8.4208384499999998e+00   18   18   18   18
 9.1521481552261141e-01   19   19    1    1
 9.4226894784971094e-01   19   19    2    2
 8.5376101196250298e-01   19   19    3    3
 8.1250302810327735e-01   19   19    4    4
 1.5081744532122541e+00   19   19    5    5
 1.5712259636118340e+00   19   19    6    6
 1.8713461172220736e+00   19   19    7    7
 2.2980795133084113e+00   19   19    8    8
 2.6708055795531158e+00   19   19    9    9
 2.1016138664772845e+00   19   19   10   10
 1.6941160712949643e+00   19   19   11   11
 2.0207050228206449e+00   19   19   12   12
 1.8735687444825164e+00   19   19   13   13
 1.4886748322156929e+00   19   19   14   14
 1.3049451721668757e+00   19   19   15   15
 1.3469614341797569e+00   19   19   16   16
 1.6050760292683468e+00   19   19   17   17
 3.8256091378913286e+00   19   19   18   18
 8.4208384499999998e+00   19   19   19   19
 8.3585814725299101e-01   20   20    1    1
 8.6306397182311856e-01   20   20    2    2
 7.9026286944121271e-01   20   20    3    3
 7.4809601469864340e-01   20   20    4    4
 1.2784753811675538e+00   20   20    5    5
 1.3021141786607620e+00   20   20    6    6
 1.4868362459832913e+00   20   20    7    7
 1.7538198644942564e+00   20   20    8    8
 1.9833720926491838e+00   20   20    9    9
 1.6942548189226161e+00   20   20   10   10
 1.4314996038213790e+00   20   20   11   11
 1.6276313106740865e+00   20   20   12   12
 1.5729169800210026e+00   20   20   13   13
 1.3035384153546214e+00   20   20   14   14
 1.1490758169779547e+00   20   20   15   15
 1.1675902757943877e+00   20   20   16   16
 1.3461056263341480e+00   20   20   17   17
 2.7204057314183885e+00   20   20   18   18
 3.8641843685936399e+00   20   20   19   19
 8.4208384499999998e+00   20   20   20   20
 7.5843820734091993e-01   21   21    1    1
 7.7598834361856861e-01   21   21    2    2
 7.1468036232758958e-01   21   21    3    3
 6.8616720102788697e-01   21   21    4    4
 1.1378150617873335e+00   21   21    5    5
 1.1505449288860887e+00   21   21    6    6
 1.3065789026426198e+00   21   21    7    7
 1.5455029183191613e+00   21   21    8    8
 1.7950559646097943e+00   21   21    9    9
 1.5114580723903461e+00   21   21   10   10
 1.2808454106711011e+00   21   21   11   11
 1.5456340633311880e+00   21   21   12   12
 1.5129954178773066e+00   21   21   13   13
 1.2817893096863027e+00   21   21   14   14
 1.1376388524140657e+00   21   21   15   15
 1.1498842686699200e+00   21   21   16   16
 1.3055664754037573e+00   21   21   17   17
 2.4482505097641498e+00   21   21   18   18
 2.7556554561284812e+00   21   21   19   19
 3.8411960860788228e+00   21   21   20   20
 8.4208384499999998e+00   21   21   21   21
 4.8303732339156685e-01   22   22    1    1
 4.8424876556177504e-01   22   22    2    2
 4.6892535719211981e-01   22   22    3    3
 4.6615425767432339e-01   22   22    4    4
 5.7548004959272248e-01   22   22    5    5
 6.1639436934258562e-01   22   22    6    6
 6.5886895333046613e-01   22   22    7    7
 6.5454693556809862e-01   22   22    8    8
 6.9789981636630849e-01   22   22    9    9
 6.0573676230445839e-01   22   22   10   10
 5.7195641313607537e-01   22   22   11   11
 7.7692546272298924e-01   22   22   12   12
 8.3858136260763327e-01   22   22   13   13
 9.4932904437784393e-01   22   22   14   14
 9.9690581450511895e-01   22   22   15   15
 9.0015643334452589e-01   22   22   16   16
 8.0498793645040045e-01   22   22   17   17
 6.6836260844662310e-01   22   22   18   18
 6.2623767015846099e-01   22   22   19   19
 5.9843380570796589e-01   22   22   20   20
 6.0470823206445135e-01   22   22   21   21
 8.4208384499999998e+00   22   22   22   22
 7.4574597893748507e-01   23   23    1    1
 7.5532024493607341e-01   23   23    2    2
 6.9437816044844247e-01   23   23    3    3
 6.7768490373176815e-01   23   23    4    4
 1.1492895261003830e+00   23   23    5    5
 1.1679418904552528e+00   23   23    6    6
 1.3467070733959829e+00   23   23    7    7
 1.6275439074412623e+00   23   23    8    8
 1.9835022791063119e+00   23   23    9    9
 1.5721875554403122e+00   23   23   10   10
 1.3031193645699046e+00   23   23   11   11
 1.7539476571346682e+00   23   23   12   12
 1.6967884099511887e+00   23   23   13   13
 1.4329871427184504e+00   23   23   14   14
 1.2781862475857280e+00   23   23   15   15
 1.3009238300032411e+00   23   23   16   16
 1.4850592080188956e+00   23   23   17   17
 2.7204905530373709e+00   23   23   18   18
 2.5127629966343235e+00   23   23   19   19
 2.7633609815099063e+00   23   23   20   20
 3.8411830035474122e+00   23   23   21   21
 6.4193852348922054e-01   23   23   22   22
 8.4208384499999998e+00   23   23   23   23
 8.0084765533985214e-01   24   24    1    1
 8.0717255324166959e-01   24   24    2    2
 7.3683814203167908e-01   24   24    3    3
 7.2486295364974240e-01   24   24    4    4
 1.3052680827136194e+00   24   24    5    5
 1.3471719889782861e+00   24   24    6    6
 1.6055156663195265e+00   24   24    7    7
 2.0206349308090288e+00   24   24    8    8
 2.6710666712221620e+00   24   24    9    9
 1.8733986298650283e+00   24   24   10   10
 1.4886035474487376e+00   24   24   11   11
 2.2981281025639104e+00   24   24   12   12
 2.1050023825293964e+00   24   24   13   13
 1.6957563197901471e+00   24   24   14   14
 1.5076590079915666e+00   24   24   15   15
 1.5696081834789486e+00   24   24   16   16
 1.8685968488834026e+00   24   24   17   17
 3.8255082406665566e+00   24   24   18   18
 2.7871148929545013e+00   24   24   19   19
 2.5125648990067457e+00   24   24   20   20
 2.7554994810972517e+00   24   24   21   21
 6.7613938991951017e-01   24   24   22   22
 3.8641337272450258e+00   24   24   23   23
 8.4208384499999998e+00   24   24   24   24
 1.5422200452720933e+00   25   25    1    1
 1.7542676032200550e+00   25   25    2    2
 2.2983124778925719e+00   25   25    3    3
 1.6268645268717732e+00   25   25    4    4
 9.0292047855651580e-01   25   25    5    5
 9.0427618450226721e-01   25   25    6    6
 8.2157268228044811e-01   25   25    7    7
 7.5372198572217008e-01   25   25    8    8
 6.9014486387194973e-01   25   25    9    9
 7.5562692016283084e-01   25   25   10   10
 8.1657794352175805e-01   25   25   11   11
 6.5774820265995482e-01   25   25   12   12
 6.3350968224184290e-01   25   25   13   13
 6.0218706795513366e-01   25   25   14   14
 5.9084199085410682e-01   25   25   15   15
 6.0989370179331004e-01   25   25   16   16
 6.4254626957325123e-01   25   25   17   17
 6.5982972556809172e-01   25   25   18   18
 6.8632087874987546e-01   25   25   19   19
 6.4921212745761470e-01   25   25   20   20
 5.9584899882995490e-01   25   25   21   21
 4.2010102886927364e-01   25   25   22   22
 5.7760294687284763e-01   25   25   23   23
 6.0386852518591760e-01   25   25   24   24
 8.4208384499999998e+00   25   25   25   25
 1.5085540782560789e+00   26   26    1    1
 1.6946126965852508e+00   26   26    2    2
 2.1022182876964348e+00   26   26    3    3
 1.5715608028506554e+00   26   26    4    4
 8.9323278934313166e-01   26   26    5    5
 8.8047360464295654e-01   26   26    6    6
 8.0017140894067196e-01   26   26    7    7
 7.4200638725643886e-01   26   26    8    8
 6.7882192730355617e-01   26   26    9    9
 7.5208077730341916e-01   26   26   10   10
 8.1607363394071064e-01   26   26   11   11
 6.4223130016142715e-01   26   26   12   12
 6.1647988915077512e-01   26   26   13   13
 5.8354185002195758e-01   26   26   14   14
 5.7167775509776186e-01   26   26   15   15
 5.9149166736044367e-01   26   26   16   16
 6.2590276182744009e-01   26   26   17   17
 6.5381246135746962e-01   26   26   18   18
 6.8328700167810019e-01   26   26   19   19
 6.5024614205814180e-01   26   26   20   20
 5.9709752664871951e-01   26   26   21   21
 4.0479908464130349e-01   26   26   22   22
 5.7655265282117973e-01   26   26   23   23
 5.9984361655887963e-01   26   26   24   24
 3.8256373677932185e+00   26   26   25   25
 8.4208384499999998e+00   26   26   26   26
 1.2789905634582639e+00   27   27    1    1
 1.4322429005058142e+00   27   27    2    2
 1.6950750878611882e+00   27   27    3    3
 1.3024767566955520e+00   27   27    4    4
 8.2462324947458665e-01   27   27    5    5
 8.1284938022577480e-01   27   27    6    6
 7.4754282163602903e-01   27   27    7    7
 6.9971788462298501e-01   27   27    8    8
 6.4535889959350601e-01   27   27    9    9
 7.0929889494301712e-01   27   27   10   10
 7.6320848101743266e-01   27   27   11   11
 6.0993808761881507e-01   27   27   12   12
 5.8833133465976717e-01   27   27   13   13
 5.5687388496380719e-01   27   27   14   14
 5.4338102490168838e-01   27   27   15   15
 5.5971449226980674e-01   27   27   16   16
 5.9175271181338185e-01   27   27   17   17
 6.2719695130413444e-01   27   27   18   18
 6.5906632763042350e-01   27   27   19   19
 6.3264411644499963e-01   27   27   20   20
 5.8192071834719750e-01   27   27   21   21
 3.9009427167245114e-01   27   27   22   22
 5.5916363284975090e-01   27   27   23   23
 5.7782144388747148e-01   27   27   24   24
 2.7203585752843269e+00   27   27   25   25
 3.8642647177428695e+00   27   27   26   26
 8.4208384499999998e+00   27   27   27   27
 1.1382418714232745e+00   28   28    1    1
 1.2814814183696110e+00   28   28    2    2
 1.5121971860865338e+00   28   28    3    3
 1.1508396544554957e+00   28   28    4    4
 7.7273903003306788e-01   28   28    5    5
 7.7065226421471666e-01   28   28    6    6
 7.1595175324175697e-01   28   28    7    7
 6.7009384043471698e-01   28   28    8    8
 6.2305919176145552e-01   28   28    9    9
 6.7338059891717128e-01   28   28   10   10
 7.1716440891192579e-01   28   28   11   11
 5.9183042494536597e-01   28   28   12   12
 5.7516276334216332e-01   28   28   13   13
 5.4628936280122553e-01   28   28   14   14
 5.3160291127882731e-01   28   28   15   15
 5.4417095902330614e-01   28   28   16   16
 5.7281525583228332e-01   28   28   17   17
 6.0684634931154147e-01   28   28   18   18
 6.3838351287590789e-01   28   28   19   19
 6.1450691395518575e-01   28   28   20   20
 5.6585775269651539e-01   28   28   21   21
 3.8837680351864423e-01   28   28   22   22
 5.4309986518078746e-01   28   28   23   23
 5.6003204346945146e-01   28   28   24   24
 2.4482576202256103e+00   28   28   25   25
 2.7557626979164516e+00   28   28   26   26
 3.8411771491356137e+00   28   28   27   27
 8.4208384499999998e+00   28   28   28   28
 9.5411638414465738e-01   29   29    1    1
 1.0702084569529349e+00   29   29    2    2
 1.1967977432986752e+00   29   29    3    3
 9.3745351580969571e-01   29   29    4    4
 7.1555303732387521e-01   29   29    5    5
 7.1379954355981456e-01   29   29    6    6
 6.7392873892135263e-01   29   29    7    7
 6.3915640833021004e-01   29   29    8    8
 6.0106426843460847e-01   29   29    9    9
 6.4197517559767570e-01   29   29   10   10
 6.7533526018511147e-01   29   29   11   11
 5.6890490760088108e-01   29   29   12   12
 5.5671701770195936e-01   29   29   13   13
 5.2749639459189146e-01   29   29   14   14
 5.0921629782986744e-01   29   29   15   15
 5.1794292214512749e-01   29   29   16   16
 5.4571182611598301e-01   29   29   17   17
 5.9384756305930564e-01   29   29   18   18
 6.3123654945437191e-01   29   29   19   19
 6.1591874370892929e-01   29   29   20   20
 5.6759949281725242e-01   29   29   21   21
 3.7566961795192677e-01   29   29   22   22
 5.3967290865051110e-01   29   29   23   23
 5.5062149657360682e-01   29   29   24   24
 1.5507072551122683e+00   29   29   25   25
 1.7056292378670836e+00   29   29   26   26
 2.1702863364820231e+00   29   29   27   27
 2.6838701598175065e+00   29   29   28   28
 8.4208384499999998e+00   29   29   29   29
 1.1495588875140261e+00   30   30    1    1
 1.3035054404830944e+00   30   30    2    2
 1.5727137138628042e+00   30   30    3    3
 1.1681611483462240e+00   30   30    4    4
 7.7773083712006241e-01   30   30    5    5
 7.8509632833204357e-01   30   30    6    6
 7.3007099925678742e-01   30   30    7    7
 6.7782716574798230e-01   30   30    8    8
 6.3108525755462841e-01   30   30    9    9
 6.7509158600882846e-01   30   30   10   10
 7.1654545763263078e-01   30   30   11   11
 6.0319199386176969e-01   30   30   12   12
 5.8831099379186647e-01   30   30   13   13
 5.6089801150254581e-01   30   30   14   14
 5.4623454096335278e-01   30   30   15   15
 5.5762782100891817e-01   30   30   16   16
 5.8468883570048102e-01   30   30   17   17
 6.1112912252569251e-01   30   30   18   18
 6.4045839501146284e-01   30   30   19   19
 6.1338095372588486e-01   30   30   20   20
 5.6453787941656552e-01   30   30   21   21
 4.0148495114040283e-01   30   30   22   22
 5.4363120813876675e-01   30   30   23   23
 5.6284773017513223e-01   30   30   24   24
 2.7205452371645542e+00   30   30   25   25
 2.5128851404402375e+00   30   30   26   26
 2.7633555940488401e+00   30   30   27   27
 3.8411991432970098e+00   30   30   28   28
 2.1745455593648901e+00   30   30   29   29
 8.4208384499999998e+00   30   30   30   30
 1.3053617568079090e+00   31   31    1    1
 1.4886771202752318e+00   31   31    2    2
 1.8735894551982755e+00   31   31    3    3
 1.3473186099597787e+00   31   31    4    4
 8.3471427942235621e-01   31   31    5    5
 8.4563789525471311e-01   31   31    6    6
 7.7896547090937684e-01   31   31    7    7
 7.1622711523701110e-01   31   31    8    8
 6.6239668048531719e-01   31   31    9    9
 7.1193354337606696e-01   31   31   10   10
 7.6006986318311687e-01   31   31   11   11
 6.3442929116665325e-01   31   31   12   12
 6.1644909432079964e-01   31   31   13   13
 5.8812705861504877e-01   31   31   14   14
 5.7496743619497570e-01   31   31   15   15
 5.8904653428588905e-01   31   31   16   16
 6.1762436384402397e-01   31   31   17   17
 6.3582634750178468e-01   31   31   18   18
 6.6279781996870202e-01   31   31   19   19
 6.2958306049840729e-01   31   31   20   20
 5.7854870102197686e-01   31   31   21   21
 4.1742363477581629e-01   31   31   22   22
 5.5973488649532677e-01   31   31   23   23
 5.8329493902979956e-01   31   31   24   24
 3.8254977210797865e+00   31   31   25   25
 2.7871342466904299e+00   31   31   26   26
 2.5124626921262712e+00   31   31   27   27
 2.7554281260767821e+00   31   31   28   28
 1.7074229858618426e+00   31   31   29   29
 3.8641006431828053e+00   31   31   30   30
 8.4208384499999998e+00   31   31   31   31
 1.5415987299705007e+00   32   32    1    1
 1.6261456118700477e+00   32   32    2    2
 2.0179146445111384e+00   32   32    3    3
 1.7537872000494139e+00   32   32    4    4
 8.9459347467732886e-01   32   32    5    5
 9.0674574010940145e-01   32   32    6    6
 8.2048070443367338e-01   32   32    7    7
 7.4458733518235276e-01   32   32    8    8
 6.8147657308188903e-01   32   32    9    9
 7.4058991933621332e-01   32   32   10   10
 8.0004426766112224e-01   32   32   11   11
 6.5924141333488384e-01   32   32   12   12
 6.3431557610644640e-01   32   32   13   13
 6.0949940767941091e-01   32   32   14   14
 6.0530912518086077e-01   32   32   15   15
 6.2663473254561808e-01   32   32   16   16
 6.5363867123512764e-01   32   32   17   17
 6.4212869381788629e-01   32   32   18   18
 6.5683294025990413e-01   32   32   19   19
 6.1578110414500986e-01   32   32   20   20
 5.6901964291064311e-01   32   32   21   21
 4.3652019233895317e-01   32   32   22   22
 5.5855042733685989e-01   32   32   23   23
 5.8911797341423866e-01   32   32   24   24
 2.6605271973254423e+00   32   32   25   25
 2.0205905299162539e+00   32   32   26   26
 1.6273990844926178e+00   32   32   27   27
 1.5453549366530370e+00   32   32   28   28
 1.1241897581344553e+00   32   32   29   29
 1.7536634535041742e+00   32   32   30   30
 2.2979435845371423e+00   32   32   31   31
 8.4208384499999998e+00   32   32   32   32
 1.3026519586047605e+00   33   33    1    1
 1.3452774988459466e+00   33   33    2    2
 1.6037147540092194e+00   33   33    3    3
 1.4845087465157158e+00   33   33    4    4
 7.9977783721844387e-01   33   33    5    5
 8.0599612016907796e-01   33   33    6    6
 7.3590914203509550e-01   33   33    7    7
 6.7469276870680706e-01   33   33    8    8
 6.2181753878625301e-01   33   33    9    9
 6.7324413884297973e-01   33   33   10   10
 7.2408696022138708e-01   33   33   11   11
 6.0315348831230009e-01   33   33   12   12
 5.8187927470330969e-01   33   33   13   13
 5.6132319529692609e-01   33   33   14   14
 5.5853233490261178e-01   33   33   15   15
 5.7707694534202336e-01   33   33   16   16
 5.9940830747104434e-01   33   33   17   17
 5.8894585474103733e-01   33   33   18   18
 6.0162034972756040e-01   33   33   19   19
 5.6751592024056341e-01   33   33   20   20
 5.2747480344628117e-01   33   33   21   21
 4.1400519654061518e-01   33   33   22   22
 5.1812770498405136e-01   33   33   23   23
 5.4413531652820579e-01   33   33   24   24
 2.2995661762811279e+00   33   33   25   25
 1.8733507618573952e+00   33   33   26   26
 1.5724129940971265e+00   33   33   27   27
 1.5123383764569702e+00   33   33   28   28
 1.0964685791136641e+00   33   33   29   29
 1.6961229276631213e+00   33   33   30   30
 2.1046086598120812e+00   33   33   31   31
 3.8224597404112410e+00   33   33   32   32
 8.4208384499999998e+00   33   33   33   33
 1.1473349087498899e+00   34   34    1    1
 1.1666065844458895e+00   34   34    2    2
 1.3456580461810139e+00   34   34    3    3
 1.3001807366444913e+00   34   34    4    4
 7.4466455665969677e-01   34   34    5    5
 7.5409433075910370e-01   34   34    6    6
 6.9335580926255158e-01   34   34    7    7
 6.3679186874075255e-01   34   34    8    8
 5.9023086398985158e-01   34   34    9    9
 6.3304254491442802e-01   34   34   10   10
 6.7687127496910304e-01   34   34   11   11
 5.7674518162132016e-01   34   34   12   12
 5.5821798512064258e-01   34   34   13   13
 5.4196991815703521e-01   34   34   14   14
 5.4147921405162303e-01   34   34   15   15
 5.5824919745408597e-01   34   34   16   16
 5.7595993305140869e-01   34   34   17   17
 5.5824065406469048e-01   34   34   18   18
 5.6725507579635792e-01   34   34   19   19
 5.3540238817752883e-01   34   34   20   20
 4.9997492687674916e-01   34   34   21   21
 4.1113557902060943e-01   34   34   22   22
 4.9303645431883225e-01   34   34   23   23
 5.1796815897106274e-01   34   34   24   24
 1.7548366963470032e+00   34   34   25   25
 1.4885655626192944e+00   34   34   26   26
 1.3032106188845052e+00   34   34   27   27
 1.2813497335748847e+00   34   34   28   28
 9.7332041813980263e-01   34   34   29   29
 1.4326065490681064e+00   34   34   30   30
 1.6956837500437882e+00   34   34   31   31
 2.7184926480187781e+00   34   34   32   32
 3.8680243313154659e+00   34   34   33   33
 8.4208384499999998e+00   34   34   34   34
 1.1349433321271636e+00   35   35    1    1
 1.1477160026183004e+00   35   35    2    2
 1.3033192792360708e+00   35   35    3    3
 1.2774123550824605e+00   35   35    4    4
 7.5675374888630209e-01   35   35    5    5
 7.7405096893721026e-01   35   35    6    6
 7.1299068013684253e-01   35   35    7    7
 6.5104960738049278e-01   35   35    8    8
 6.0425749669471551e-01   35   35    9    9
 6.4272409278836684e-01   35   35   10   10
 6.8483792414400102e-01   35   35   11   11
 5.9447699526423070e-01   35   35   12   12
 5.7644656187883869e-01   35   35   13   13
 5.6230077018373192e-01   35   35   14   14
 5.6376469770710402e-01   35   35   15   15
 5.8061575075536487e-01   35   35   16   16
 5.9611607378054066e-01   35   35   17   17
 5.6819298530136608e-01   35   35   18   18
 5.7444098433343482e-01   35   35   19   19
 5.3992063925091893e-01   35   35   20   20
 5.0456678806462285e-01   35   35   21   21
 4.3029548733377321e-01   35   35   22   22
 4.9951865070728441e-01   35   35   23   23
 5.2684752568087734e-01   35   35   24   24
 1.5417241427870783e+00   35   35   25   25
 1.3049119804694849e+00   35   35   26   26
 1.1489274115505095e+00   35   35   27   27
 1.1374578495415923e+00   35   35   28   28
 8.9244944638802770e-01   35   35   29   29
 1.2780915794019307e+00   35   35   30   30
 1.5077895391232170e+00   35   35   31   31
 2.4375159044945511e+00   35   35   32   32
 2.7476794135114964e+00   35   35   33   33
 3.8292978500952928e+00   35   35   34   34
 8.4208384499999998e+00   35   35   35   35
 1.2783375881213448e+00   36   36    1    1
 1.3015070539932874e+00   36   36    2    2
 1.4862322810274493e+00   36   36    3    3
 1.4322061562421780e+00   36   36    4    4
 8.3502908195930492e-01   36   36    5    5
 8.6181399318649732e-01   36   36    6    6
 7.8905917518178526e-01   36   36    7    7
 7.1299175044823482e-01   36   36    8    8
 6.5846923325945406e-01   36   36    9    9
 7.0015728995911208e-01   36   36   10   10
 7.4748686735762249e-01   36   36   11   11
 6.4810292617153265e-01   36   36   12   12
 6.2750062484100766e-01   36   36   13   13
 6.1110792636097622e-01   36   36   14   14
 6.1246103586171674e-01   36   36   15   15
 6.3163239092294865e-01   36   36   16   16
 6.4967254412150932e-01   36   36   17   17
 6.1527302993139577e-01   36   36   18   18
 6.2154456881874787e-01   36   36   19   19
 5.8057142341489465e-01   36   36   20   20
 5.4023480787178857e-01   36   36   21   21
 4.5625812681111327e-01   36   36   22   22
 5.3519759328369521e-01   36   36   23   23
 5.6717029319534951e-01   36   36   24   24
 1.6260702119601145e+00   36   36   25   25
 1.3469722424686341e+00   36   36   26   26
 1.1675453600862076e+00   36   36   27   27
 1.1498514752326463e+00   36   36   28   28
 9.0586718625894602e-01   36   36   29   29
 1.3009782607479241e+00   36   36   30   30
 1.5698318297656031e+00   36   36   31   31
 2.7186189535910992e+00   36   36   32   32
 2.5139596374376638e+00   36   36   33   33
 2.7629551262309597e+00   36   36   34   34
 3.8293070033687595e+00   36   36   35   35
 8.4208384499999998e+00   36   36   36   36
 1.5085397167147399e+00   37   37    1    1
 1.5703556519328850e+00   37   37    2    2
 1.8698732842490595e+00   37   37    3    3
 1.6963093703984182e+00   37   37    4    4
 9.1450331234316384e-01   37   37    5    5
 9.4107047552208922e-01   37   37    6    6
 8.5260801914881112e-01   37   37    7    7
 7.6661612592402828e-01   37   37    8    8
 7.0238086191918636e-01   37   37    9    9
 7.5507730492260350e-01   37   37   10   10
 8.1201833354307473e-01   37   37   11   11
 6.8532833540130822e-01   37   37   12   12
 6.6072447774057408e-01   37   37   13   13
 6.3825619814038781e-01   37   37   14   14
 6.3642415622878645e-01   37   37   15   15
 6.5825228306078132e-01   37   37   16   16
 6.8290482937007735e-01   37   37   17   17
 6.5642431095190557e-01   37   37   18   18
 6.6695131117584616e-01   37   37   19   19
 6.2162385250790642e-01   37   37   20   20
 5.7489523704936085e-01   37   37   21   21
 4.5946906741238236e-01   37   37   22   22
 5.6718149598233969e-01   37   37   23   23
 6.0141407983531558e-01   37   37   24   24
 2.0168376435572632e+00   37   37   25   25
 1.6050863933126811e+00   37   37   26   26
 1.3460749973834520e+00   37   37   27   27
 1.3055469129386270e+00   37   37   28   28
 1.0022950970859703e+00   37   37   29   29
 1.4850924521953901e+00   37   37   30   30
 1.8687567296012901e+00   37   37   31   31
 3.8223674165697470e+00   37   37   32   32
 2.7885623148754854e+00   37   37   33   33
 2.5137615706107219e+00   37   37   34   34
 2.7475714951041863e+00   37   37   35   35
 3.8681082873985466e+00   37   37   36   36
 8.4208384499999998e+00   37   37   37   37
 1.9869670620663678e+00   38   38    1    1
 1.7777096455173218e+00   38   38    2    2
 1.4265771260756084e+00   38   38    3    3
 1.6238022740050768e+00   38   38    4    4
 3.7363228072347461e+00   38   38    5    5
 2.6819779873309306e+00   38   38    6    6
 1.9963623798360037e+00   38   38    7    7
 1.7890239436487614e+00   38   38    8    8
 1.4137183413589614e+00   38   38    9    9
 1.9975702431436930e+00   38   38   10   10
 2.6849980376911637e+00   38   38   11   11
 1.2592781489866138e+00   38   38   12   12
 1.0964613895823898e+00   38   38   13   13
 9.8914993712412724e-01   38   38   14   14
 9.8701919649217895e-01   38   38   15   15
 1.0986363813116276e+00   38   38   16   16
 1.2527717894752710e+00   38   38   17   17
 1.2597664179051411e+00   38   38   18   18
 1.2524165228550086e+00   38   38   19   19
 1.0986921011478139e+00   38   38   20   20
 9.8929446496579820e-01   38   38   21   21
 5.3929881544821368e-01   38   38   22   22
 9.9093553976866511e-01   38   38   23   23
 1.0986783866142300e+00   38   38   24   24
 9.8830674328984436e-01   38   38   25   25
 9.8292995527701732e-01   38   38   26   26
 8.9520009686297053e-01   38   38   27   27
 8.2692824319261116e-01   38   38   28   28
 7.5151118267991590e-01   38   38   29   29
 8.2866990414246533e-01   38   38   30   30
 8.9695627455226579e-01   38   38   31   31
 9.8244052750763411e-01   38   38   32   32
 8.7412684947901453e-01   38   38   33   33
 8.0746163642306312e-01   38   38   34   34
 8.1580069503146457e-01   38   38   35   35
 9.0087015742191656e-01   38   38   36   36
 9.9614961440029992e-01   38   38   37   37
 8.4208384499999998e+00   38   38   38   38
 2.6893684913040663e+00   39   39    1    1
 2.3643528329801766e+00   39   39    2    2
 1.7854202844461979e+00   39   39    3    3
 2.0191795049172350e+00   39   39    4    4
 2.6894286591022274e+00   39   39    5    5
 2.3640896238288120e+00   39   39    6    6
 1.7853533984075083e+00   39   39    7    7
 1.5476053909061622e+00   39   39    8    8
 1.2636297216134345e+00   39   39    9    9
 1.6343140194044192e+00   39   39   10   10
 2.0194610246619202e+00   39   39   11   11
 1.1460928194374644e+00   39   39   12   12
 1.0242873995339272e+00   39   39   13   13
 9.3325166688291383e-01   39   39   14   14
 9.2585278035100060e-01   39   39   15   15
 1.0113359589723065e+00   39   39   16   16
 1.1306916255516997e+00   39   39   17   17
 1.1383536988975238e+00   39   39   18   18
 1.1521354128556200e+00   39   39   19   19
 1.0215459468905728e+00   39   39   20   20
 9.1563243974988751e-01   39   39   21   21
 5.2736953075091852e-01   39   39   22   22
 9.0712311629639042e-01   39   39   23   23
 9.9465290660474082e-01   39   39   24   24
 1.1463579106460584e+00   39   39   25   25
 1.1302112850833879e+00   39   39   26   26
 1.0114949796241837e+00   39   39   27   27
 9.2806502816081438e-01   39   39   28   28
 8.2653742953191423e-01   39   39   29   29
 9.3508765516723491e-01   39   39   30   30
 1.0263268623243418e+00   39   39   31   31
 1.1377176846364225e+00   39   39   32   32
 9.9305048048041622e-01   39   39   33   33
 9.0567953518519573e-01   39   39   34   34
 9.1342934092401673e-01   39   39   35   35
 1.0207989191779043e+00   39   39   36   36
 1.1515478005403930e+00   39   39   37   37
 3.8300127075794754e+00   39   39   38   38
 8.4208384499999998e+00   39   39   39   39
 3.7363527522598847e+00   40   40    1    1
 2.6820693757902649e+00   40   40    2    2
 1.9964353112314657e+00   40   40    3    3
 2.6848819315903989e+00   40   40    4    4
 1.9869761234880863e+00   40   40    5    5
 1.7775275679338891e+00   40   40    6    6
 1.4265039370623589e+00   40   40    7    7
 1.2726510147983048e+00   40   40    8    8
 1.0729414838326474e+00   40   40    9    9
 1.3479295355458987e+00   40   40   10   10
 1.6239907985415376e+00   40   40   11   11
 9.8804170509597566e-01   40   40   12   12
 8.9534236972162884e-01   40   40   13   13
 8.2712817092139612e-01   40   40   14   14
 8.2508326060611081e-01   40   40   15   15
 8.9495572282027724e-01   40   40   16   16
 9.8318235314470881e-01   40   40   17   17
 9.8293259057223281e-01   40   40   18   18
 9.9658384897557173e-01   40   40   19   19
 9.0150052496608279e-01   40   40   20   20
 8.1761596811335546e-01   40   40   21   21
 4.9649139552282895e-01   40   40   22   22
 8.0870697776304801e-01   40   40   23   23
 8.7543984617740334e-01   40   40   24   24
 1.2597185089797507e+00   40   40   25   25
 1.2526321924960651e+00   40   40   26   26
 1.0989965256596048e+00   40   40   27   27
 9.8948108985083127e-01   40   40   28   28
 8.5952706322775752e-01   40   40   29   29
 9.9094680962116677e-01   40   40   30   30
 1.0985370142829969e+00   40   40   31   31
 1.2593291458934175e+00   40   40   32   32
 1.0966726375407148e+00   40   40   33   33
 9.8927355899709457e-01   40   40   34   34
 9.8699254552813021e-01   40   40   35   35
 1.0984425726864830e+00   40   40   36   36
 1.2525715547630474e+00   40   40   37   37
 2.7238128650764240e+00   40   40   38   38
 3.8299719468548745e+00   40   40   39   39
 8.4208384499999998e+00   40   40   40   40
 2.6866909899309896e+00   41   41    1    1
 2.0173419217258086e+00   41   41    2    2
 1.6334968381887236e+00   41   41    3    3
 2.3651544701014084e+00   41   41    4    4
 1.8093700995042155e+00   41   41    5    5
 1.5601442554148410e+00   41   41    6    6
 1.2862384416238548e+00   41   41    7    7
 1.1848363646886253e+00   41   41    8    8
 1.0076695934996911e+00   41   41    9    9
 1.2861627028899330e+00   41   41   10   10
 1.5599089380160160e+00   41   41   11   11
 9.3003309553918490e-01   41   41   12   12
 8.3926066527897580e-01   41   41   13   13
 7.7884976354439550e-01   41   41   14   14
 7.8316701336441785e-01   41   41   15   15
 8.5459861397558778e-01   41   41   16   16
 9.3607929538865986e-01   41   41   17   17
 9.2988962898238381e-01   41   41   18   18
 9.3493989302099223e-01   41   41   19   19
 8.5363239311855188e-01   41   41   20   20
 7.8386919419991952e-01   41   41   21   21
 4.7883544797487454e-01   41   41   22   22
 7.7960691386845693e-01   41   41   23   23
 8.4034140413520120e-01   41   41   24   24
 1.1386166308923829e+00   41   41   25   25
 1.1527734326633197e+00   41   41   26   26
 1.0222013966959238e+00   41   41   27   27
 9.1605791962433392e-01   41   41   28   28
 8.0107103308281347e-01   41   41   29   29
 9.0733043353158660e-01   41   41   30   30
 9.9473447334618059e-01   41   41   31   31
 1.1462522120456859e+00   41   41   32   32
 1.0246788987305822e+00   41   41   33   33
 9.3349100310779776e-01   41   41   34   34
 9.2583163200219709e-01   41   41   35   35
 1.0110597431164812e+00   41   41   36   36
 1.1304300560417087e+00   41   41   37   37
 2.4765224346785799e+00   41   41   38   38
 2.7484259648510259e+00   41   41   39   39
 3.8249296463751858e+00   41   41   40   40
 8.4208384499999998e+00   41   41   41   41
 1.9942153768905899e+00   42   42    1    1
 1.6296917412647585e+00   42   42    2    2
 1.3516846386159196e+00   42   42    3    3
 1.7816381603501474e+00   42   42    4    4
 1.9942131031098553e+00   42   42    5    5
 1.6296786537400649e+00   42   42    6    6
 1.3516441993040951e+00   42   42    7    7
 1.2755233892678388e+00   42   42    8    8
 1.0748834401393861e+00   42   42    9    9
 1.4293846540604891e+00   42   42   10   10
 1.7816488611179540e+00   42   42   11   11
 9.8459782916018823e-01   42   42   12   12
 8.7580884517539082e-01   42   42   13   13
 8.0911208843557614e-01   42   42   14   14
 8.1772343003526071e-01   42   42   15   15
 9.0328242587662799e-01   42   42   16   16
 9.9878876610379719e-01   42   42   17   17
 9.8957155498919136e-01   42   42   18   18
 9.8366484432078527e-01   42   42   19   19
 8.9536534507678933e-01   42   42   20   20
 8.2706179000661229e-01   42   42   21   21
 4.8741741186875259e-01   42   42   22   22
 8.2914297211962884e-01   42   42   23   23
 8.9794125530265356e-01   42   42   24   24
 9.8500921514221151e-01   42   42   25   25
 9.9906289064921650e-01   42   42   26   26
 9.0380392599382620e-01   42   42   27   27
 8.1951376013139221e-01   42   42   28   28
 7.3308368751417752e-01   42   42   29   29
 8.1035787074230547e-01   42   42   30   30
 8.7710572875772708e-01   42   42   31   31
 9.8938769313803832e-01   42   42   32   32
 8.9645193695386660e-01   42   42   33   33
 8.2782026256045860e-01   42   42   34   34
 8.2549392451615022e-01   42   42   35   35
 8.9537671342522795e-01   42   42   36   36
 9.8407129552062256e-01   42   42   37   37
 2.7406695841047157e+00   42   42   38   38
 2.4949565242007168e+00   42   42   39   39
 2.7406322287407026e+00   42   42   40   40
 3.8489050592523055e+00   42   42   41   41
 8.4208384499999998e+00   42   42   42   42
 1.8093575953367742e+00   43   43    1    1
 1.5602240341565006e+00   43   43    2    2
 1.2862895446725875e+00   43   43    3    3
 1.5597922376175444e+00   43   43    4    4
 2.6866731821530032e+00   43   43    5    5
 2.0173894733791475e+00   43   43    6    6
 1.6334605559889441e+00   43   43    7    7
 1.5476479649538291e+00   43   43    8    8
 1.2636520162858322e+00   43   43    9    9
 1.7861282293209664e+00   43   43   10   10
 2.3650219157197263e+00   43   43   11   11
 1.1381083897299378e+00   43   43   12   12
 9.9318029965736854e-01   43   43   13   13
 9.0591778686923219e-01   43   43   14   14
 9.1391968713921601e-01   43   43   15   15
 1.0216184915077817e+00   43   43   16   16
 1.1524172925870015e+00   43   43   17   17
 1.1464041892896277e+00   43   43   18   18
 1.1297284390707185e+00   43   43   19   19
 1.0108837215585602e+00   43   43   20   20
 9.2769475240286925e-01   43   43   21   21
 5.1615577395279644e-01   43   43   22   22
 9.3505463462206162e-01   43   43   23   23
 1.0265579964200757e+00   43   43   24   24
 9.3035263052802653e-01   43   43   25   25
 9.3610596309440841e-01   43   43   26   26
 8.5497965941511711e-01   43   43   27   27
 7.8485746945930213e-01   43   43   28   28
 7.1304566729504393e-01   43   43   29   29
 7.8015422560234815e-01   43   43   30   30
 8.4059533180672119e-01   43   43   31   31
 9.2956915903684811e-01   43   43   32   32
 8.3905139134515305e-01   43   43   33   33
 7.7839960882542691e-01   43   43   34   34
 7.8229477362561284e-01   43   43   35   35
 8.5332326255001556e-01   43   43   36   36
 9.3491509762823233e-01   43   43   37   37
 3.8249662777406965e+00   43   43   38   38
 2.7484198552151109e+00   43   43   39   39
 2.4764824968698629e+00   43   43   40   40
 2.7480156915269407e+00   43   43   41   41
 3.8488993055905873e+00   43   43   42   42
 8.4208384499999998e+00   43   43   43   43
 2.4385280514449574e+00   44   44    1    1
 2.7185254776153389e+00   44   44    2    2
 3.8226981598572709e+00   44   44    3    3
 2.7188774921904804e+00   44   44    4    4
 1.1221789170495864e+00   44   44    5    5
 1.1178057730145672e+00   44   44    6    6
 9.8325663871534186e-01   44   44    7    7
 8.8508404225105053e-01   44   44    8    8
 7.9317471739738232e-01   44   44    9    9
 8.9120657999245301e-01   44   44   10   10
 9.8438904095975710e-01   44   44   11   11
 7.5359114915365311e-01   44   44   12   12
 7.1499276190561334e-01   44   44   13   13
 6.7653735335106469e-01   44   44   14   14
 6.6881517521856326e-01   44   44   15   15
 6.9961784466821575e-01   44   44   16   16
 7.4233489837587985e-01   44   44   17   17
 7.4505381027783446e-01   44   44   18   18
 7.6745121308635067e-01   44   44   19   19
 7.1390001554149407e-01   44   44   20   20
 6.5241240571395520e-01   44   44   21   21
 4.5310041577336069e-01   44   44   22   22
 6.3759060236646037e-01   44   44   23   23
 6.7539992700094331e-01   44   44   24   24
 2.6605776506088805e+00   44   44   25   25
 2.2983061020793469e+00   44   44   26   26
 1.7541379666718495e+00   44   44   27   27
 1.5458075826166986e+00   44   44   28   28
 1.1650214743355851e+00   44   44   29   29
 1.6277953889317189e+00   44   44   30   30
 2.0207673215376434e+00   44   44   31   31
 2.6609173825159287e+00   44   44   32   32
 2.0165204125618597e+00   44   44   33   33
 1.6255698804774359e+00   44   44   34   34
 1.5412839340465889e+00   44   44   35   35
 1.7544894999867835e+00   44   44   36   36
 2.2995671612620958e+00   44   44   37   37
 1.2726118978226781e+00   44   44   38   38
 1.5475275434650990e+00   44   44   39   39
 1.7890027311592955e+00   44   44   40   40
 1.5476696652191371e+00   44   44   41   41
 1.2755321603254406e+00   44   44   42   42
 1.1848199508975188e+00   44   44   43   43
 8.4208384499999998e+00   44   44   44   44
 1.7906042561317965e+00   45   45    1    1
 1.9830968358075292e+00   45   45    2    2
 2.6692821049526989e+00   45   45    3    3
 1.9836934777567901e+00   45   45    4    4
 9.6829142480119701e-01   45   45    5    5
 9.7305202718663575e-01   45   45    6    6
 8.7364017047767362e-01   45   45    7    7
 7.9301848929829832e-01   45   45    8    8
 7.2091227555061455e-01   45   45    9    9
 7.9355722928282946e-01   45   45   10   10
 8.6343131981459753e-01   45   45   11   11
 6.8988645602494592e-01   45   45   12   12
 6.6115096946456908e-01   45   45   13   13
 6.2976531299175720e-01   45   45   14   14
 6.2179835575230880e-01   45   45   15   15
 6.4513607748179014e-01   45   45   16   16
 6.7898078780838611e-01   45   45   17   17
 6.8178043120785348e-01   45   45   18   18
 7.0306658391041643e-01   45   45   19   19
 6.5924620299648484e-01   45   45   20   20
 6.0538706562497469e-01   45   45   21   21
 4.3691915535792569e-01   45   45   22   22
 5.9083857421777686e-01   45   45   23   23
 6.2230441653933000e-01   45   45   24   24
 3.7399549416968862e+00   45   45   25   25
 2.6708572891295224e+00   45   45   26   26
 1.9833821417205051e+00   45   45   27   27
 1.7950628579961092e+00   45   45   28   28
 1.2654908147814825e+00   45   45   29   29
 1.9835042194693686e+00   45   45   30   30
 2.6710245830345847e+00   45   45   31   31
 3.7448777874702013e+00   45   45   32   32
 2.6696785750629295e+00   45   45   33   33
 1.9835091567611982e+00   45   45   34   34
 1.7904080243853076e+00   45   45   35   35
 1.9838537233036757e+00   45   45   36   36
 2.6704392133291015e+00   45   45   37   37
 1.0728180860822807e+00   45   45   38   38
 1.2634194136049124e+00   45   45   39   39
 1.4137121600721168e+00   45   45   40   40
 1.2638369933134270e+00   45   45   41   41
 1.0749936554335600e+00   45   45   42   42
 1.0076625844458245e+00   45   45   43   43
 3.7433472739747922e+00   45   45   44   44
 8.4208384499999998e+00   45   45   45   45
 2.7478937002108768e+00   46   46    1    1
 2.5130609189090385e+00   46   46    2    2
 2.7878966715082427e+00   46   46    3    3
 3.8675794934075038e+00   46   46    4    4
 1.1586776619415098e+00   46   46    5    5
 1.1355715551047152e+00   46   46    6    6
 9.8797560798010908e-01   46   46    7    7
 8.9109840871321444e-01   46   46    8    8
 7.9357082120983502e-01   46   46    9    9
 9.0602579906228853e-01   46   46   10   10
 1.0124985778213278e+00   46   46   11   11
 7.5533070179444417e-01   46   46   12   12
 7.1060871017255878e-01   46   46   13   13
 6.7369596000359200e-01   46   46   14   14
 6.7194853758497164e-01   46   46   15   15
 7.0901471746976474e-01   46   46   16   16
 7.5222215746921772e-01   46   46   17   17
 7.4089393935627590e-01   46   46   18   18
 7.5564717655769587e-01   46   46   19   19
 7.0082704799442497e-01   46   46   20   20
 6.4394905550243731e-01   46   46   21   21
 4.5275478463290658e-01   46   46   22   22
 6.3375867737515168e-01   46   46   23   23
 6.7389057927244833e-01   46   46   24   24
 2.0183230492496516e+00   46   46   25   25
 1.8714417067051989e+00   46   46   26   26
 1.4869746619288857e+00   46   46   27   27
 1.3067095766355181e+00   46   46   28   28
 1.0188070797764179e+00   46   46   29   29
 1.3468203943723918e+00   46   46   30   30
 1.6055923230098132e+00   46   46   31   31
 2.2980590102447427e+00   46   46   32   32
 1.8672519267755181e+00   46   46   33   33
 1.5685233090066537e+00   46   46   34   34
 1.5071160569792283e+00   46   46   35   35
 1.6958470509162249e+00   46   46   36   36
 2.1059263379706956e+00   46   46   37   37
 1.3477861328038636e+00   46   46   38   38
 1.6340963325909690e+00   46   46   39   39
 1.9974818881096721e+00   46   46   40   40
 1.7862097102389141e+00   46   46   41   41
 1.4293946566261160e+00   46   46   42   42
 1.2860880367431200e+00   46   46   43   43
 3.8226153118006501e+00   46   46   44   44
 2.6703948265196664e+00   46   46   45   45
 8.4208384499999998e+00   46   46   46   46
 9.8775297967199593e-01   47   47    1    1
 1.0987193059750304e+00   47   47    2    2
 1.2521561302124342e+00   47   47    3    3
 9.8995416280812265e-01   47   47    4    4
 7.1094932024938828e-01   47   47    5    5
 7.0816862833831551e-01   47   47    6    6
 6.6436600386183864e-01   47   47    7    7
 6.2739558949079854e-01   47   47    8    8
 5.8779132241105947e-01   47   47    9    9
 6.3091458005421230e-01   47   47   10   10
 6.6720572529504130e-01   47   47   11   11
 5.5832427334344226e-01   47   47   12   12
 5.4478180876576554e-01   47   47   13   13
 5.1782142582671731e-01   47   47   14   14
 5.0259318253202800e-01   47   47   15   15
 5.1266766940270614e-01   47   47   16   16
 5.3893474319347534e-01   47   47   17   17
 5.7696856837436628e-01   47   47   18   18
 6.0890731303531909e-01   47   47   19   19
 5.9102554952396291e-01   47   47   20   20
 5.4608113973600081e-01   47   47   21   21
 3.7267427109440537e-01   47   47   22   22
 5.2233036759600693e-01   47   47   23   23
 5.3521190302203436e-01   47   47   24   24
 1.7871411527302667e+00   47   47   25   25
 1.9931005191059377e+00   47   47   26   26
 2.6786114058989257e+00   47   47   27   27
 3.7057323570892811e+00   47   47   28   28
 3.8304633378604551e+00   47   47   29   29
 2.6785335840986448e+00   47   47   30   30
 1.9929400523624194e+00   47   47   31   31
 1.2583481987869514e+00   47   47   32   32
 1.2520621022935787e+00   47   47   33   33
 1.0984186046900553e+00   47   47   34   34
 9.8698323278905309e-01   47   47   35   35
 9.8906792266400190e-01   47   47   36   36
 1.0960576275481237e+00   47   47   37   37
 7.5353630301998320e-01   47   47   38   38
 8.3337842217945424e-01   47   47   39   39
 8.7862528750225688e-01   47   47   40   40
 8.2179169376703443e-01   47   47   41   41
 7.4581969745829113e-01   47   47   42   42
 7.1846738783230013e-01   47   47   43   43
 1.2587529275569791e+00   47   47   44   44
 1.4120650881635144e+00   47   47   45   45
 1.0969843797951633e+00   47   47   46   46
 8.4208384499999998e+00   47   47   47   47
 8.9301146187383906e-01   48   48    1    1
 9.7350495220315425e-01   48   48    2    2
 1.0964781653209299e+00   48   48    3    3
 9.0651324745586748e-01   48   48    4    4
 6.5201091751089446e-01   48   48    5    5
 6.4824117509770784e-01   48   48    6    6
 6.0996608155126952e-01   48   48    7    7
 5.7831022900402851e-01   48   48    8    8
 5.4376215015482110e-01   48   48    9    9
 5.8232472540291391e-01   48   48   10   10
 6.1466029053772697e-01   48   48   11   11
 5.1850624502300646e-01   48   48   12   12
 5.0639214475620975e-01   48   48   13   13
 4.8325177581946444e-01   48   48   14   14
 4.7050621474055593e-01   48   48   15   15
 4.7973753006855074e-01   48   48   16   16
 5.0246966295498019e-01   48   48   17   17
 5.3409720779189085e-01   48   48   18   18
 5.6114988559772638e-01   48   48   19   19
 5.4605548151650329e-01   48   48   20   20
 5.0757701326604387e-01   48   48   21   21
 3.5555098834363635e-01   48   48   22   22
 4.8694514094519620e-01   48   48   23   23
 4.9814665475044934e-01   48   48   24   24
 1.5506852818034378e+00   48   48   25   25
 1.7076309147812239e+00   48   48   26   26
 2.1750945927266643e+00   48   48   27   27
 2.6850003515670227e+00   48   48   28   28
 2.7356171990237397e+00   48   48   29   29
 2.1707016873603253e+00   48   48   30   30
 1.7056094095814207e+00   48   48   31   31
 1.1643631296818573e+00   48   48   32   32
 1.1962555033840720e+00   48   48   33   33
 1.0694666306855320e+00   48   48   34   34
 9.5305098404973487e-01   48   48   35   35
 9.3638888598156222e-01   48   48   36   36
 1.0177814124835671e+00   48   48   37   37
 6.9076495109568181e-01   48   48   38   38
 7.5771689727922897e-01   48   48   39   39
 8.0093763374983085e-01   48   48   40   40
 7.5834244854759758e-01   48   48   41   41
 6.9194909281055650e-01   48   48   42   42
 6.6431446333247746e-01   48   48   43   43
 1.1243640268054731e+00   48   48   44   44
 1.2653191603556051e+00   48   48   45   45
 1.0029358140967539e+00   48   48   46   46
 3.8341075037909649e+00   48   48   47   47
 8.4208384499999998e+00   48   48   48   48
 8.0311049245752397e-01   49   49    1    1
 8.7039283608518081e-01   49   49    2    2
 9.6282119885367645e-01   49   49    3    3
 8.0970321957330205e-01   49   49    4    4
 6.0916128115702273e-01   49   49    5    5
 6.0544330940503899e-01   49   49    6    6
 5.7354807317089973e-01   49   49    7    7
 5.4711018598756944e-01   49   49    8    8
 5.1729669635089126e-01   49   49    9    9
 5.5099625222960080e-01   49   49   10   10
 5.7853599767362740e-01   49   49   11   11
 4.9347891297151647e-01   49   49   12   12
 4.8335131559098032e-01   49   49   13   13
 4.6164148484562301e-01   49   49   14   14
 4.4872197590008528e-01   49   49   15   15
 4.5636381792159392e-01   49   49   16   16
 4.7743309797298150e-01   49   49   17   17
 5.1081106860344971e-01   49   49   18   18
 5.3753939262113681e-01   49   49   19   19
 5.2617846239883348e-01   49   49   20   20
 4.9066308701301520e-01   49   49   21   21
 3.4302494102577613e-01   49   49   22   22
 4.6979348785786945e-01   49   49   23   23
 4.7840070389186690e-01   49   49   24   24
 1.2775989098386080e+00   49   49   25   25
 1.3909676854006687e+00   49   49   26   26
 1.7045111651557792e+00   49   49   27   27
 1.9939168084788519e+00   49   49   28   28
 2.4912914940209414e+00   49   49   29   29
 1.7025490750646257e+00   49   49   30   30
 1.3899215668125782e+00   49   49   31   31
 1.0008167779745540e+00   49   49   32   32
 1.0255796838018043e+00   49   49   33   33
 9.3446885318654638e-01   49   49   34   34
 8.4443236693483725e-01   49   49   35   35
 8.2997968164807678e-01   49   49   36   36
 8.9209026390102930e-01   49   49   37   37
 6.4095861680555744e-01   49   49   38   38
 6.9645063971139198e-01   49   49   39   39
 7.3034485550805017e-01   49   49   40   40
 6.9515287533263226e-01   49   49   41   41
 6.4054267923917041e-01   49   49   42   42
 6.1794532348646092e-01   49   49   43   43
 9.7606314781426395e-01   49   49   44   44
 1.0760335654670383e+00   49   49   45   45
 8.8249474583990806e-01   49   49   46   46
 2.7552315540688488e+00   49   49   47   47
 3.8447053242310680e+00   49   49   48   48
 8.4208384499999998e+00   49   49   49   49
 7.8409022029457542e-01   50   50    1    1
 8.5508483177408101e-01   50   50    2    2
 9.3636355727919729e-01   50   50    3    3
 7.7994971047999728e-01   50   50    4    4
 6.1121570174731565e-01   50   50    5    5
 6.0809577650699831e-01   50   50    6    6
 5.7883104429179155e-01   50   50    7    7
 5.5406140394480563e-01   50   50    8    8
 5.2553067841097079e-01   50   50    9    9
 5.5753433130874308e-01   50   50   10   10
 5.8301032529312424e-01   50   50   11   11
 5.0008234968363552e-01   50   50   12   12
 4.9097762759832586e-01   50   50   13   13
 4.6788166511112872e-01   50   50   14   14
 4.5290400722854057e-01   50   50   15   15
 4.5956157301115486e-01   50   50   16   16
 4.8155267286963543e-01   50   50   17   17
 5.2164349896623396e-01   50   50   18   18
 5.5181017335257854e-01   50   50   19   19
 5.4261779103486574e-01   50   50   20   20
 5.0533569649911048e-01   50   50   21   21
 3.4507951230353573e-01   50   50   22   22
 4.8162494167913061e-01   50   50   23   23
 4.8863959914359140e-01   50   50   24   24
 1.1857163280083640e+00   50   50   25   25
 1.2865272967101087e+00   50   50   26   26
 1.5610423711349086e+00   50   50   27   27
 1.8061255721607368e+00   50   50   28   28
 2.7387614746643782e+00   50   50   29   29
 1.5609819745835771e+00   50   50   30   30
 1.2864547657389558e+00   50   50   31   31
 9.3032690661410733e-01   50   50   32   32
 9.3619907977196370e-01   50   50   33   33
 8.5476028821808048e-01   50   50   34   34
 7.8346903937497669e-01   50   50   35   35
 7.7928301924411270e-01   50   50   36   36
 8.3971209630431398e-01   50   50   37   37
 6.3891488998809209e-01   50   50   38   38
 6.9157937635892530e-01   50   50   39   39
 7.1855290321786336e-01   50   50   40   40
 6.8190578317879191e-01   50   50   41   41
 6.3184162182408243e-01   50   50   42   42
 6.1382131250557015e-01   50   50   43   43
 9.3060761566996342e-01   50   50   44   44
 1.0080627316778910e+00   50   50   45   45
 8.4032888319011001e-01   50   50   46   46
 2.4840265448178211e+00   50   50   47   47
 2.7396707653343628e+00   50   50   48   48
 3.8506765273252208e+00   50   50   49   49
 8.4208384499999998e+00   50   50   50   50
 8.4552395330095287e-01   51   51    1    1
 9.3533159330657223e-01   51   51    2    2
 1.0263092333951411e+00   51   51    3    3
 8.3105928595405076e-01   51   51    4    4
 6.5883636317747951e-01   51   51    5    5
 6.5659337427229070e-01   51   51    6    6
 6.2456222381494042e-01   51   51    7    7
 5.9664969991601868e-01   51   51    8    8
 5.6483902599995606e-01   51   51    9    9
 5.9961533417621260e-01   51   51   10   10
 6.2715571833564709e-01   51   51   11   11
 5.3542778540050895e-01   51   51   12   12
 5.2563038313109411e-01   51   51   13   13
 4.9897286975398397e-01   51   51   14   14
 4.8126615265463979e-01   51   51   15   15
 4.8823334325984730e-01   51   51   16   16
 5.1331520892691884e-01   51   51   17   17
 5.6121921736133240e-01   51   51   18   18
 5.9683992117280760e-01   51   51   19   19
 5.8647202138907217e-01   51   51   20   20
 5.4311765718184968e-01   51   51   21   21
 3.6066815169109068e-01   51   51   22   22
 5.1564060726293304e-01   51   51   23   23
 5.2335016691922120e-01   51   51   24   24
 1.2780836239046225e+00   51   51   25   25
 1.3904978151860823e+00   51   51   26   26
 1.7031804440787475e+00   51   51   27   27
 1.9945960196456329e+00   51   51   28   28
 3.8492000807704931e+00   51   51   29   29
 1.7050230845749410e+00   51   51   30   30
 1.3913844660881991e+00   51   51   31   31
 9.7614834198403966e-01   51   51   32   32
 9.6299033834742376e-01   51   51   33   33
 8.7035568125940077e-01   51   51   34   34
 8.0274258726295455e-01   51   51   35   35
 8.0929219821662379e-01   51   51   36   36
 8.8216284019728564e-01   51   51   37   37
 6.8748175483598761e-01   51   51   38   38
 7.4744778526906874e-01   51   51   39   39
 7.7286554601435475e-01   51   51   40   40
 7.2689930270873515e-01   51   51   41   41
 6.7206962667832426e-01   51   51   42   42
 6.5573641298850527e-01   51   51   43   43
 1.0015997194252797e+00   51   51   44   44
 1.0764740739786882e+00   51   51   45   45
 8.9313057347272595e-01   51   51   46   46
 2.7559780484974659e+00   51   51   47   47
 2.4919882337086312e+00   51   51   48   48
 2.7658688474955833e+00   51   51   49   49
 3.8447308834911356e+00   51   51   50   50
 8.4208384499999998e+00   51   51   51   51
 5.5935846742110795e-01   52   52    1    1
 5.5941020106880013e-01   52   52    2    2
 5.9380024252340613e-01   52   52    3    3
 5.9580210643894438e-01   52   52    4    4
 4.5523143594396837e-01   52   52    5    5
 4.6479446639008920e-01   52   52    6    6
 4.4468017414186545e-01   52   52    7    7
 4.1864232505040966e-01   52   52    8    8
 4.0093529976965719e-01   52   52    9    9
 4.1235682334143153e-01   52   52   10   10
 4.2772183731594166e-01   52   52   11   11
 4.0157380522487351e-01   52   52   12   12
 3.9613531057892515e-01   52   52   13   13
 3.9463620692996315e-01   52   52   14   14
 3.9846682898821190e-01   52   52   15   15
 4.0411522051022830e-01   52   52   16   16
 4.0565585713167435e-01   52   52   17   17
 3.8276358835934854e-01   52   52   18   18
 3.8339117835320957e-01   52   52   19   19
 3.6680678583869880e-01   52   52   20   20
 3.5064266043511805e-01   52   52   21   21
 3.5285069095995947e-01   52   52   22   22
 3.4969344146615966e-01   52   52   23   23
 3.6416793448835411e-01   52   52   24   24
 6.5896915653792698e-01   52   52   25   25
 6.1645170637737323e-01   52   52   26   26
 5.9205542859357230e-01   52   52   27   27
 6.0254257276800682e-01   52   52   28   28
 5.3500841029478663e-01   52   52   29   29
 6.4184147821447590e-01   52   52   30   30
 6.7267958412409312e-01   52   52   31   31
 7.5845636713829134e-01   52   52   32   32
 8.1627587032556037e-01   52   52   33   33
 9.1959915061569319e-01   52   52   34   34
 9.6430551164566536e-01   52   52   35   35
 8.7511110178433416e-01   52   52   36   36
 7.8542764005903865e-01   52   52   37   37
 4.7431974833587848e-01   52   52   38   38
 5.0312502434739348e-01   52   52   39   39
 5.2391149230138900e-01   52   52   40   40
 5.1033068255444414e-01   52   52   41   41
 4.8061652300908186e-01   52   52   42   42
 4.6470542028851064e-01   52   52   43   43
 6.3859932861943458e-01   52   52   44   44
 6.8340387977474404e-01   52   52   45   45
 6.3752080041833836e-01   52   52   46   46
 5.7162262079105497e-01   52   52   47   47
 5.7942222206821470e-01   52   52   48   48
 5.4772263910950725e-01   52   52   49   49
 5.1543968580254473e-01   52   52   50   50
 5.1047709175899392e-01   52   52   51   51
 8.4208384499999998e+00   52   52   52   52
 5.3163279831087606e-01   53   53    1    1
 5.3008802362532037e-01   53   53    2    2
 5.0923376131009979e-01   53   53    3    3
 5.1111308558554303e-01   53   53    4    4
 6.5356800200115928e-01   53   53    5    5
 7.0307802340783188e-01   53   53    6    6
 7.5758385737679734e-01   53   53    7    7
 7.5452205241612691e-01   53   53    8    8
 8.0906547571390153e-01   53   53    9    9
 6.9372053803436184e-01   53   53   10   10
 6.5089941966106857e-01   53   53   11   11
 9.1900131396565099e-01   53   53   12   12
 9.8990366455890688e-01   53   53   13   13
 1.1479733878354725e+00   53   53   14   14
 1.2531503523816201e+00   53   53   15   15
 1.1216247319586092e+00   53   53   16   16
 9.7341671566422561e-01   53   53   17   17
 7.6408587703400532e-01   53   53   18   18
 7.0410220088393449e-01   53   53   19   19
 6.6531765905964857e-01   53   53   20   20
 6.7285966736144343e-01   53   53   21   21
 2.7540546887038255e+00   53   53   22   22
 7.2390630088015906e-01   53   53   23   23
 7.7413640170089093e-01   53   53   24   24
 4.4909017671020990e-01   53   53   25   25
 4.3285546053811669e-01   53   53   26   26
 4.1524821331828771e-01   53   53   27   27
 4.1135904409931690e-01   53   53   28   28
 3.9577662897046617e-01   53   53   29   29
 4.2478465697777734e-01   53   53   30   30
 4.4356982299493686e-01   53   53   31   31
 4.6788135951721499e-01   53   53   32   32
 4.4165886841137436e-01   53   53   33   33
 4.3733703428497123e-01   53   53   34   34
 4.5814028324586265e-01   53   53   35   35
 4.8817479670393310e-01   53   53   36   36
 4.9340183955036193e-01   53   53   37   37
 6.0762028904006682e-01   53   53   38   38
 5.8923745525897842e-01   53   53   39   39
 5.5104895436086920e-01   53   53   40   40
 5.3191745353241471e-01   53   53   41   41
 5.4491719826650309e-01   53   53   42   42
 5.8125501275399527e-01   53   53   43   43
 4.9065054139088105e-01   53   53   44   44
 4.6949102349574823e-01   53   53   45   45
 4.9268753161178491e-01   53   53   46   46
 3.9302938128654041e-01   53   53   47   47
 3.7389524902785709e-01   53   53   48   48
 3.5953981167610866e-01   53   53   49   49
 3.6133599054331755e-01   53   53   50   50
 3.7852267567351500e-01   53   53   51   51
 3.6501763005490173e-01   53   53   52   52
 8.4208384499999998e+00   53   53   53   53
 5.0854460462271922e-01   54   54    1    1
 5.0637796410215030e-01   54   54    2    2
 4.8580320764870588e-01   54   54    3    3
 4.8875739106063709e-01   54   54    4    4
 6.2906184725501357e-01   54   54    5    5
 6.7135125303855281e-01   54   54    6    6
 7.2369360832706631e-01   54   54    7    7
 7.2874630714422373e-01   54   54    8    8
 7.8486885027636288e-01   54   54    9    9
 6.7482895052719594e-01   54   54   10   10
 6.3161954296914935e-01   54   54   11   11
 8.8634416745026101e-01   54   54   12   12
 9.5036393729546076e-01   54   54   13   13
 1.0914718663272391e+00   54   54   14   14
 1.1844980346050971e+00   54   54   15   15
 1.0706974900808006e+00   54   54   16   16
 9.3692680420986518e-01   54   54   17   17
 7.4862003402943245e-01   54   54   18   18
 6.8885470347730759e-01   54   54   19   19
 6.5548677907803943e-01   54   54   20   20
 6.6906299995096785e-01   54   54   21   21
 2.4946001884545894e+00   54   54   22   22
 7.2300093900779405e-01   54   54   23   23
 7.6782718576644649e-01   54   54   24   24
 4.2926586175232978e-01   54   54   25   25
 4.1532292383362396e-01   54   54   26   26
 3.9924278339390840e-01   54   54   27   27
 3.9504379569940073e-01   54   54   28   28
 3.8135630810134880e-01   54   54   29   29
 4.0658550064614707e-01   54   54   30   30
 4.2351469424579585e-01   54   54   31   31
 4.4509925510248527e-01   54   54   32   32
 4.2096682487123066e-01   54   54   33   33
 4.1631787703156675e-01   54   54   34   34
 4.3456320569240714e-01   54   54   35   35
 4.6171447206135718e-01   54   54   36   36
 4.6736972556837469e-01   54   54   37   37
 5.8476626251365427e-01   54   54   38   38
 5.6456386602697439e-01   54   54   39   39
 5.2858134720539229e-01   54   54   40   40
 5.1251502596612941e-01   54   54   41   41
 5.2707475148065708e-01   54   54   42   42
 5.6225516735917602e-01   54   54   43   43
 4.6802323091829112e-01   54   54   44   44
 4.4766218401564034e-01   54   54   45   45
 4.7049542371618958e-01   54   54   46   46
 3.7830801982771334e-01   54   54   47   47
 3.6030948933670115e-01   54   54   48   48
 3.4711805830954134e-01   54   54   49   49
 3.4917935930459132e-01   54   54   50   50
 3.6548603678360969e-01   54   54   51   51
 3.4816252239510576e-01   54   54   52   52
 3.8462287689163781e+00   54   54   53   53
 8.4208384499999998e+00   54   54   54   54
 4.7666607117930149e-01   55   55    1    1
 4.7569217352953891e-01   55   55    2    2
 4.5790668510877713e-01   55   55    3    3
 4.5889582951512436e-01   55   55    4    4
 5.8159384382059953e-01   55   55    5    5
 6.1804549842639833e-01   55   55    6    6
 6.6365840485484595e-01   55   55    7    7
 6.6928686374026747e-01   55   55    8    8
 7.1953158110604587e-01   55   55    9    9
 6.2302289741211558e-01   55   55   10   10
 5.8465372516221414e-01   55   55   11   11
 8.0283656002212600e-01   55   55   12   12
 8.6102860879218546e-01   55   55   13   13
 9.7464989171894778e-01   55   55   14   14
 1.0350731721566486e+00   55   55   15   15
 9.4112980384709766e-01   55   55   16   16
 8.3822418105931262e-01   55   55   17   17
 6.9326427632994403e-01   55   55   18   18
 6.4334282581944069e-01   55   55   19   19
 6.1718325274742147e-01   55   55   20   20
 6.3157640659177217e-01   55   55   21   21
 2.7552285813820165e+00   55   55   22   22
 6.7841213792872002e-01   55   55   23   23
 7.1290863128204729e-01   55   55   24   24
 4.0789115597742925e-01   55   55   25   25
 3.9511476680593355e-01   55   55   26   26
 3.8091441599592207e-01   55   55   27   27
 3.7764482824824358e-01   55   55   28   28
 3.6594737359869051e-01   55   55   29   29
 3.8840524293523354e-01   55   55   30   30
 4.0339748386212676e-01   55   55   31   31
 4.2170300519725878e-01   55   55   32   32
 3.9997278757676008e-01   55   55   33   33
 3.9589909583160487e-01   55   55   34   34
 4.1255717111237933e-01   55   55   35   35
 4.3692769247003344e-01   55   55   36   36
 4.4177987167068844e-01   55   55   37   37
 5.4278569377277630e-01   55   55   38   38
 5.2555704161910055e-01   55   55   39   39
 4.9383464904579016e-01   55   55   40   40
 4.7924903312757511e-01   55   55   41   41
 4.9185198465156427e-01   55   55   42   42
 5.2276378837658644e-01   55   55   43   43
 4.4171109131998659e-01   55   55   44   44
 4.2397480289165013e-01   55   55   45   45
 4.4315986235736526e-01   55   55   46   46
 3.6269160385667648e-01   55   55   47   47
 3.4605029603979554e-01   55   55   48   48
 3.3413674449234926e-01   55   55   49   49
 3.3640635127479135e-01   55   55   50   50
 3.5162997508067073e-01   55   55   51   51
 3.3553371647739061e-01   55   55   52   52
 2.7540327754339442e+00   55   55   53   53
 3.8503003578671002e+00   55   55   54   54
 8.4208384499999998e+00   55   55   55   55
 4.6567764710452736e-01   56   56    1    1
 4.6613700435765770e-01   56   56    2    2
 4.5058916749088457e-01   56   56    3    3
 4.4914149517987390e-01   56   56    4    4
 5.5878251841417736e-01   56   56    5    5
 5.9500440228944107e-01   56   56    6    6
 6.3660583798089787e-01   56   56    7    7
 6.3785072918846919e-01   56   56    8    8
 6.8258238714673203e-01   56   56    9    9
 5.9328661706759200e-01   56   56   10   10
 5.5895944449855484e-01   56   56   11   11
 7.5744695246890859e-01   56   56   12   12
 8.1486783333264545e-01   56   56   13   13
 9.1775303140053377e-01   56   56   14   14
 9.6266324464378539e-01   56   56   15   15
 8.7408902879679140e-01   56   56   16   16
 7.8458051198145029e-01   56   56   17   17
 6.5825112277705000e-01   56   56   18   18
 6.1572359182272529e-01   56   56   19   19
 5.9149110023276263e-01   56   56   20   20
 6.0215897053813683e-01   56   56   21   21
 3.8488190569740142e+00   56   56   22   22
 6.4150907208339225e-01   56   56   23   23
 6.7217325188263188e-01   56   56   24   24
 4.0384892047073329e-01   56   56   25   25
 3.9045069199869897e-01   56   56   26   26
 3.7682828071166063e-01   56   56   27   27
 3.7465165432217962e-01   56   56   28   28
 3.6336247466613258e-01   56   56   29   29
 3.8611520000663263e-01   56   56   30   30
 4.0068984976670574e-01   56   56   31   31
 4.1795688003677367e-01   56   56   32   32
 3.9691025658714268e-01   56   56   33   33
 3.9361291981708235e-01   56   56   34   34
 4.1067910900582710e-01   56   56   35   35
 4.3455141367819888e-01   56   56   36   36
 4.3835397837667234e-01   56   56   37   37
 5.2332771327595506e-01   56   56   38   38
 5.0965817625754672e-01   56   56   39   39
 4.8003133191689357e-01   56   56   40   40
 4.6466890149131207e-01   56   56   41   41
 4.7465421500236243e-01   56   56   42   42
 5.0287137809376226e-01   56   56   43   43
 4.3523122583344520e-01   56   56   44   44
 4.1927994581131467e-01   56   56   45   45
 4.3547753027965386e-01   56   56   46   46
 3.6013956014439158e-01   56   56   47   47
 3.4388358185892293e-01   56   56   48   48
 3.3225871624407394e-01   56   56   49   49
 3.3451899550784719e-01   56   56   50   50
 3.4942160346004625e-01   56   56   51   51
 3.3758560550672639e-01   56   56   52   52
 2.4933248197915558e+00   56   56   53   53
 2.7535780499176123e+00   56   56   54   54
 3.8487617395015246e+00   56   56   55   55
 8.4208384499999998e+00   56   56   56   56
 6.3033713778071043e-01   57   57    1    1
 6.4401557940837317e-01   57   57    2    2
 6.0253391251280564e-01   57   57    3    3
 5.7940082528044534e-01   57   57    4    4
 8.4495505363976287e-01   57   57    5    5
 8.3067885300281818e-01   57   57    6    6
 8.9288212021172775e-01   57   57    7    7
 1.0012230233152051e+00   57   57    8    8
 1.0763145344101013e+00   57   57    9    9
 1.0255536558220051e+00   57   57   10   10
 9.3453867517341793e-01   57   57   11   11
 9.7618705753511181e-01   57   57   12   12
 9.6331123768438509e-01   57   57   13   13
 8.7064166502428963e-01   57   57   14   14
 8.0284722574645417e-01   57   57   15   15
 8.0924221718565970e-01   57   57   16   16
 8.8205772949281458e-01   57   57   17   17
 1.2779554593383635e+00   57   57   18   18
 1.3903764662228588e+00   57   57   19   19
 1.7031055399334949e+00   57   57   20   20
 1.9945460256594461e+00   57   57   21   21
 5.0795156190204638e-01   57   57   22   22
 1.7049675098406543e+00   57   57   23   23
 1.3913020347902534e+00   57   57   24   24
 5.2199206543151200e-01   57   57   25   25
 5.2972785037151593e-01   57   57   26   26
 5.2374101879202939e-01   57   57   27   27
 5.1023552408048378e-01   57   57   28   28
 5.2239865385706963e-01   57   57   29   29
 5.0322638800485409e-01   57   57   30   30
 5.0876239730533901e-01   57   57   31   31
 4.9222057529072966e-01   57   57   32   32
 4.6218988162164165e-01   57   57   33   33
 4.3867678081818762e-01   57   57   34   34
 4.3877369012100620e-01   57   57   35   35
 4.6385662846399989e-01   57   57   36   36
 4.9158857322648625e-01   57   57   37   37
 7.7250753938549821e-01   57   57   38   38
 7.2642142911893692e-01   57   57   39   39
 6.7040233985749387e-01   57   57   40   40
 6.5451892416050150e-01   57   57   41   41
 6.8685686363938769e-01   57   57   42   42
 7.4683606299381455e-01   57   57   43   43
 5.5697748061453956e-01   57   57   44   44
 5.2334974472198637e-01   57   57   45   45
 5.4948348056579555e-01   57   57   46   46
 4.9995755346664611e-01   57   57   47   47
 4.6884625050755152e-01   57   57   48   48
 4.5859582600840976e-01   57   57   49   49
 4.7507456627272882e-01   57   57   50   50
 5.0733469233028006e-01   57   57   51   51
 3.1538748382222265e-01   57   57   52   52
 5.5148774811535739e-01   57   57   53   53
 5.5449408432664993e-01   57   57   54   54
 5.3257609746843604e-01   57   57   55   55
 5.1042631198982036e-01   57   57   56   56
 8.4208384499999998e+00   57   57   57   57
 5.9733499167454285e-01   58   58    1    1
 6.1299774737453749e-01   58   58    2    2
 5.7731112924343175e-01   58   58    3    3
 5.5089995954621240e-01   58   58    4    4
 7.8369482173966376e-01   58   58    5    5
 7.7971814016312091e-01   58   58    6    6
 8.4023115591265196e-01   58   58    7    7
 9.3040885385768035e-01   58   58    8    8
 1.0080542829895676e+00   58   58    9    9
 9.3585074235366661e-01   58   58   10   10
 8.5452366269497670e-01   58   58   11   11
 9.3050498074867771e-01   58   58   12   12
 9.3666093166192099e-01   58   58   13   13
 8.5518978783086308e-01   58   58   14   14
 7.8370424538341232e-01   58   58   15   15
 7.7936425548924160e-01   58   58   16   16
 8.3975051276347934e-01   58   58   17   17
 1.1857060559827803e+00   58   58   18   18
 1.2864957612056498e+00   58   58   19   19
 1.5610160025911342e+00   58   58   20   20
 1.8061056818176910e+00   58   58   21   21
 5.1239542668201943e-01   58   58   22   22
 1.5609779021186356e+00   58   58   23   23
 1.2864591161508827e+00   58   58   24   24
 5.0468304030561129e-01   58   58   25   25
 5.1067637454044412e-01   58   58   26   26
 5.0623372150959345e-01   58   58   27   27
 4.9586507799156987e-01   58   58   28   28
 5.1022591727084698e-01   58   58   29   29
 4.9033268429850607e-01   58   58   30   30
 4.9454903099017483e-01   58   58   31   31
 4.7622276212597786e-01   58   58   32   32
 4.4781752686246451e-01   58   58   33   33
 4.2593641262926907e-01   58   58   34   34
 4.2652447390536219e-01   58   58   35   35
 4.5052439671367456e-01   58   58   36   36
 4.7632003632255665e-01   58   58   37   37
 7.1828372337998925e-01   58   58   38   38
 6.8149562105538108e-01   58   58   39   39
 6.3043964590973622e-01   58   58   40   40
 6.1278045537973136e-01   58   58   41   41
 6.3848379624389229e-01   58   58   42   42
 6.9109296975258150e-01   58   58   43   43
 5.3455617125885457e-01   58   58   44   44
 5.0492023666301256e-01   58   58   45   45
 5.2536146912984127e-01   58   58   46   46
 4.8733017191000821e-01   58   58   47   47
 4.5751666195654217e-01   58   58   48   48
 4.4866146081524466e-01   58   58   49   49
 4.6569783983336094e-01   58   58   50   50
 4.9704757938216798e-01   58   58   51   51
 3.0985373967217489e-01   58   58   52   52
 5.5197284944412850e-01   58   58   53   53
 5.5559261920035563e-01   58   58   54   54
 5.3617638360615771e-01   58   58   55   55
 5.1542786991696410e-01   58   58   56   56
 3.8447242022212329e+00   58   58   57   57
 8.4208384499999998e+00   58   58   58   58
 5.8174539576483997e-01   59   59    1    1
 5.8468768993992482e-01   59   59    2    2
 6.2311080191752799e-01   59   59    3    3
 6.1839291604930702e-01   59   59    4    4
 4.7206207075010692e-01   59   59    5    5
 4.8387816323455191e-01   59   59    6    6
 4.6310377584250356e-01   59   59    7    7
 4.3471126861386583e-01   59   59    8    8
 4.1636693606372854e-01   59   59    9    9
 4.2687997957445728e-01   59   59   10   10
 4.4240426976178920e-01   59   59   11   11
 4.1736057216132899e-01   59   59   12   12
 4.1244597906462915e-01   59   59   13   13
 4.1101381529547826e-01   59   59   14   14
 4.1440102876874707e-01   59   59   15   15
 4.1950422125626219e-01   59   59   16   16
 4.2097798606571762e-01   59   59   17   17
 3.9708264252038389e-01   59   59   18   18
 3.9807577317766568e-01   59   59   19   19
 3.8039543263578884e-01   59   59   20   20
 3.6297572167055775e-01   59   59   21   21
 3.6621512476611434e-01   59   59   22   22
 3.6172839937933265e-01   59   59   23   23
 3.7703861813584849e-01   59   59   24   24
 6.9364026593597905e-01   59   59   25   25
 6.4379472506512325e-01   59   59   26   26
 6.1753253108303519e-01   59   59   27   27
 6.3176333900629544e-01   59   59   28   28
 5.5958048332824861e-01   59   59   29   29
 6.7849651390354748e-01   59   59   30   30
 7.1308722960648541e-01   59   59   31   31
 8.0333440191864280e-01   59   59   32   32
 8.6200700080350734e-01   59   59   33   33
 9.7604684054736568e-01   59   59   34   34
 1.0360343594528596e+00   59   59   35   35
 9.4134843373304911e-01   59   59   36   36
 8.3840394943818330e-01   59   59   37   37
 4.9111413719734265e-01   59   59   38   38
 5.2258813796597059e-01   59   59   39   39
 5.4295776123094619e-01   59   59   40   40
 5.2583216699613833e-01   59   59   41   41
 4.9409441951004129e-01   59   59   42   42
 4.7889675260396530e-01   59   59   43   43
 6.6958976960812333e-01   59   59   44   44
 7.1991835857032405e-01   59   59   45   45
 6.6411066964419618e-01   59   59   46   46
 5.9772748324531200e-01   59   59   47   47
 6.0366688588313266e-01   59   59   48   48
 5.6918982909492177e-01   59   59   49   49
 5.3612912127807466e-01   59   59   50   50
 5.3252360658263886e-01   59   59   51   51
 3.8629357014975296e+00   59   59   52   52
 3.7863042968015703e-01   59   59   53   53
 3.6035543253057306e-01   59   59   54   54
 3.4708109892694100e-01   59   59   55   55
 3.4963746542081953e-01   59   59   56   56
 3.2515825732239584e-01   59   59   57   57
 3.1972136013681995e-01   59   59   58   58
 8.4208384499999998e+00   59   59   59   59
 6.0702494648191441e-01   60   60    1    1
 6.2526004768540833e-01   60   60    2    2
 5.8938072984462186e-01   60   60    3    3
 5.5891523945992660e-01   60   60    4    4
 8.0283963465720731e-01   60   60    5    5
 8.0958946358699402e-01   60   60    6    6
 8.8253334915721038e-01   60   60    7    7
 9.7600476939724456e-01   60   60    8    8
 1.0761773937431358e+00   60   60    9    9
 9.6245144398828975e-01   60   60   10   10
 8.6997779841101563e-01   60   60   11   11
 1.0011723645749073e+00   60   60   12   12
 1.0262768353568841e+00   60   60   13   13
 9.3511077715614666e-01   60   60   14   14
 8.4482802089705133e-01   60   60   15   15
 8.3020253722606552e-01   60   60   16   16
 8.9227918911692006e-01   60   60   17   17
 1.2777086614057853e+00   60   60   18   18
 1.3910231709561329e+00   60   60   19   19
 1.7045374511787434e+00   60   60   20   20
 1.9939343486432324e+00   60   60   21   21
 5.4525063739884916e-01   60   60   22   22
 1.7026027566870339e+00   60   60   23   23
 1.3900198092372871e+00   60   60   24   24
 5.1352741679896274e-01   60   60   25   25
 5.1699543099311251e-01   60   60   26   26
 5.1157536758782296e-01   60   60   27   27
 5.0270722009290358e-01   60   60   28   28
 5.1637001495105350e-01   60   60   29   29
 4.9947450072123173e-01   60   60   30   30
 5.0465336634763014e-01   60   60   31   31
 4.8611935704181186e-01   60   60   32   32
 4.5603820703742043e-01   60   60   33   33
 4.3417931538462251e-01   60   60   34   34
 4.3610824384622726e-01   60   60   35   35
 4.6189553255021887e-01   60   60   36   36
 4.8809214947976715e-01   60   60   37   37
 7.3015131055378346e-01   60   60   38   38
 6.9478496721445759e-01   60   60   39   39
 6.3924859574035742e-01   60   60   40   40
 6.1703170950763631e-01   60   60   41   41
 6.4075757871448158e-01   60   60   42   42
 6.9606499808869371e-01   60   60   43   43
 5.4453902277516930e-01   60   60   44   44
 5.1461456340427825e-01   60   60   45   45
 5.3370333995733943e-01   60   60   46   46
 4.9306322637521827e-01   60   60   47   47
 4.6199010592776191e-01   60   60   48   48
 4.5233364830256595e-01   60   60   49   49
 4.6946451587729332e-01   60   60   50   50
 5.0197406468724770e-01   60   60   51   51
 3.1622396636294803e-01   60   60   52   52
 5.8734613555517301e-01   60   60   53   53
 5.9015399116813938e-01   60   60   54   54
 5.6917404647145364e-01   60   60   55   55
 5.4766569270795618e-01   60   60   56   56
 2.7658806811156404e+00   60   60   57   57
 3.8506794744460899e+00   60   60   58   58
 3.2687589417563001e-01   60   60   59   59
 8.4208384499999998e+00   60   60   60   60
 6.5245973461329609e-01   61   61    1    1
 6.7220467196500466e-01   61   61    2    2
 6.2994218805788804e-01   61   61    3    3
 5.9741539481414174e-01   61   61    4    4
 8.9276490317114232e-01   61   61    5    5
 9.0642892176261902e-01   61   61    6    6
 1.0030327814162094e+00   61   61    7    7
 1.1243565363481944e+00   61   61    8    8
 1.2655655958335283e+00   61   61    9    9
 1.0961117174758932e+00   61   61   10   10
 9.7310531632616837e-01   61   61   11   11
 1.1648565085203195e+00   61   61   12   12
 1.1971648508722994e+00   61   61   13   13
 1.0702459844940353e+00   61   61   14   14
 9.5352176559182389e-01   61   61   15   15
 9.3667342917681418e-01   61   61   16   16
 1.0180483301707453e+00   61   61   17   17
 1.5508957443074085e+00   61   61   18   18
 1.7077558871192320e+00   61   61   19   19
 2.1751747558380417e+00   61   61   20   20
 2.6850531492273100e+00   61   61   21   21
 5.7852117246102808e-01   61   61   22   22
 2.1708108040032683e+00   61   61   23   23
 1.7057956682591362e+00   61   61   24   24
 5.4142656972447722e-01   61   61   25   25
 5.4336637173121327e-01   61   61   26   26
 5.3507851026937348e-01   61   61   27   27
 5.2487835399265936e-01   61   61   28   28
 5.3530367282488356e-01   61   61   29   29
 5.2303091600315332e-01   61   61   30   30
 5.3089837656700800e-01   61   61   31   31
 5.1418678943164453e-01   61   61   32   32
 4.8023803236882451e-01   61   61   33   33
 4.5674736357484969e-01   61   61   34   34
 4.5991465831059175e-01   61   61   35   35
 4.8917463223915186e-01   61   61   36   36
 5.1791872324602828e-01   61   61   37   37
 8.0077250361773866e-01   61   61   38   38
 7.5797001820739773e-01   61   61   39   39
 6.9054674679005590e-01   61   61   40   40
 6.6341386849690687e-01   61   61   41   41
 6.9071833080030653e-01   61   61   42   42
 7.5736338677921533e-01   61   61   43   43
 5.7938503857348322e-01   61   61   44   44
 5.4489092386946480e-01   61   61   45   45
 5.6814968999535354e-01   61   61   46   46
 5.1203894515639337e-01   61   61   47   47
 4.7815929605267576e-01   61   61   48   48
 4.6613009722847143e-01   61   61   49   49
 4.8277036501285220e-01   61   61   50   50
 5.1751500223666069e-01   61   61   51   51
 3.2902546048096998e-01   61   61   52   52
 6.2939706776404369e-01   61   61   53   53
 6.3008132810359474e-01   61   61   54   54
 6.0357088008342874e-01   61   61   55   55
 5.7924826346731029e-01   61   61   56   56
 2.4919597271524072e+00   61   61   57   57
 2.7396346235862001e+00   61   61   58   58
 3.4050692370964020e-01   61   61   59   59
 3.8446881057014863e+00   61   61   60   60
 8.4208384499999998e+00   61   61   61   61
 6.5348784499526091e-01   62   62    1    1
 6.5076604257802140e-01   62   62    2    2
 6.9362396710355556e-01   62   62    3    3
 7.0308575558663167e-01   62   62    4    4
 5.1936503594235406e-01   62   62    5    5
 5.3189312042780923e-01   62   62    6    6
 5.0559290205028695e-01   62   62    7    7
 4.7231270546893056e-01   62   62    8    8
 4.4970704424976460e-01   62   62    9    9
 4.6444385660418441e-01   62   62   10   10
 4.8389514113381293e-01   62   62   11   11
 4.5066635136794492e-01   62   62   12   12
 4.4302906906021977e-01   62   62   13   13
 4.4096813992053746e-01   62   62   14   14
 4.4637042420987633e-01   62   62   15   15
 4.5435427734059219e-01   62   62   16   16
 4.5650021068862640e-01   62   62   17   17
 4.2649348780063584e-01   62   62   18   18
 4.2639084624121709e-01   62   62   19   19
 4.0550891899068559e-01   62   62   20   20
 3.8620274511475894e-01   62   62   21   21
 3.8513665804012825e-01   62   62   22   22
 3.8571180915817360e-01   62   62   23   23
 4.0376584735222365e-01   62   62   24   24
 7.6412266079933178e-01   62   62   25   25
 7.0416880158950079e-01   62   62   26   26
 6.6530963629242490e-01   62   62   27   27
 6.7276251658986042e-01   62   62   28   28
 5.8480426118372864e-01   62   62   29   29
 7.2377836088237224e-01   62   62   30   30
 7.7408258232737792e-01   62   62   31   31
 9.1902209108453303e-01   62   62   32   32
 9.9011149627443484e-01   62   62   33   33
 1.1482964106897631e+00   62   62   34   34
 1.2531668297539429e+00   62   62   35   35
 1.1213549579189681e+00   62   62   36   36
 9.7324215739037823e-01   62   62   37   37
 5.4389036247967060e-01   62   62   38   38
 5.8095756148346911e-01   62   62   39   39
 6.0763487192545018e-01   62   62   40   40
 5.8929292022737789e-01   62   62   41   41
 5.5106098637184031e-01   62   62   42   42
 5.3130485948294903e-01   62   62   43   43
 7.5451452923297779e-01   62   62   44   44
 8.0908467625947311e-01   62   62   45   45
 7.5763782803779955e-01   62   62   46   46
 6.2762338707979237e-01   62   62   47   47
 6.2914562540688490e-01   62   62   48   48
 5.8707528680914167e-01   62   62   49   49
 5.5174946318249385e-01   62   62   50   50
 5.5132275874277870e-01   62   62   51   51
 2.5045445014745469e+00   62   62   52   52
 4.0160665249352417e-01   62   62   53   53
 3.8164402146770476e-01   62   62   54   54
 3.6596685905669013e-01   62   62   55   55
 3.6746760638513254e-01   62   62   56   56
 3.4329597510492227e-01   62   62   57   57
 3.3642497301261914e-01   62   62   58   58
 2.7660362316106930e+00   62   62   59   59
 3.4384735097477598e-01   62   62   60   60
 3.5933896196347326e-01   62   62   61   61
 8.4208384499999998e+00   62   62   62   62
 6.9606002557535052e-01   63   63    1    1
 7.1357447733118384e-01   63   63    2    2
 6.6289927660246617e-01   63   63    3    3
 6.3413702099513769e-01   63   63    4    4
 9.8729802781150100e-01   63   63    5    5
 9.8966907366453138e-01   63   63    6    6
 1.0968607774048913e+00   63   63    7    7
 1.2584774618109442e+00   63   63    8    8
 1.4120594751455926e+00   63   63    9    9
 1.2514572947362164e+00   63   63   10   10
 1.0980451755086733e+00   63   63   11   11
 1.2586038450877755e+00   63   63   12   12
 1.2526945890561236e+00   63   63   13   13
 1.0989187240051517e+00   63   63   14   14
 9.8722508052896696e-01   63   63   15   15
 9.8914080472092314e-01   63   63   16   16
 1.0960973877842628e+00   63   63   17   17
 1.7871353069451501e+00   63   63   18   18
 1.9930435349261835e+00   63   63   19   19
 2.6785850087691663e+00   63   63   20   20
 3.7057237825267424e+00   63   63   21   21
 5.7134996077829781e-01   63   63   22   22
 2.6785493565874607e+00   63   63   23   23
 1.9929739634431454e+00   63   63   24   24
 5.6275596313642984e-01   63   63   25   25
 5.6632820720685983e-01   63   63   26   26
 5.5573360510180447e-01   63   63   27   27
 5.4183453258682224e-01   63   63   28   28
 5.4924506943231877e-01   63   63   29   29
 5.3854252913540324e-01   63   63   30   30
 5.4835720687085177e-01   63   63   31   31
 5.3426205845405605e-01   63   63   32   32
 4.9789252393979022e-01   63   63   33   33
 4.7236252518760308e-01   63   63   34   34
 4.7515034188375971e-01   63   63   35   35
 5.0611056673496668e-01   63   63   36   36
 5.3744922067483492e-01   63   63   37   37
 8.7837141488556314e-01   63   63   38   38
 8.2134331374816971e-01   63   63   39   39
 7.4408550736641799e-01   63   63   40   40
 7.1739265969910393e-01   63   63   41   41
 7.5335628250949005e-01   63   63   42   42
 8.3290947288954831e-01   63   63   43   43
 6.0804301821803042e-01   63   63   44   44
 5.6804235786406876e-01   63   63   45   45
 5.9885193644659418e-01   63   63   46   46
 5.2658947422126334e-01   63   63   47   47
 4.9100854720117859e-01   63   63   48   48
 4.7718876208426675e-01   63   63   49   49
 4.9312592154611612e-01   63   63   50   50
 5.2901522805209300e-01   63   63   51   51
 3.3552218185755411e-01   63   63   52   52
 6.2778815046766645e-01   63   63   53   53
 6.2761977780276534e-01   63   63   54   54
 5.9764573633093299e-01   63   63   55   55
 5.7140216265112576e-01   63   63   56   56
 2.7559330568441873e+00   63   63   57   57
 2.4839927666636679e+00   63   63   58   58
 3.4692851351212328e-01   63   63   59   59
 2.7552306366477977e+00   63   63   60   60
 3.8340916539823229e+00   63   63   61   61
 3.6756969919923227e-01   63   63   62   62
 8.4208384499999998e+00   63   63   63   63
 6.8225054678930264e-01   64   64    1    1
 6.9610719780186314e-01   64   64    2    2
 6.4633424102164017e-01   64   64    3    3
 6.2310576520506289e-01   64   64    4    4
 9.5343977250763245e-01   64   64    5    5
 9.3697865704555749e-01   64   64    6    6
 1.0184659571326686e+00   64   64    7    7
 1.1645002464919576e+00   64   64    8    8
 1.2652240141917224e+00   64   64    9    9
 1.1958117687567773e+00   64   64   10   10
 1.0692446324392040e+00   64   64   11   11
 1.1241730859453147e+00   64   64   12   12
 1.0967775075557646e+00   64   64   13   13
 9.7357324274578005e-01   64   64   14   14
 8.9250412041719984e-01   64   64   15   15
 9.0575464541669981e-01   64   64   16   16
 1.0021142805357819e+00   64   64   17   17
 1.5504722082167708e+00   64   64   18   18
 1.7054125732727190e+00   64   64   19   19
 2.1701550405847088e+00   64   64   20   20
 2.6837776754054334e+00   64   64   21   21
 5.3367057199025536e-01   64   64   22   22
 2.1744259128056442e+00   64   64   23   23
 1.7072604266623139e+00   64   64   24   24
 5.5150578701130326e-01   64   64   25   25
 5.5844235661866060e-01   64   64   26   26
 5.4926634056323276e-01   64   64   27   27
 5.3357596491680193e-01   64   64   28   28
 5.4210799227700590e-01   64   64   29   29
 5.2736764591369900e-01   64   64   30   30
 5.3571666678113739e-01   64   64   31   31
 5.2149809635272693e-01   64   64   32   32
 4.8751883751932956e-01   64   64   33   33
 4.6203710150219890e-01   64   64   34   34
 4.6304520565955337e-01   64   64   35   35
 4.9148333871768041e-01   64   64   36   36
 5.2211059586892372e-01   64   64   37   37
 8.5913984226363427e-01   64   64   38   38
 8.0055213906992051e-01   64   64   39   39
 7.3118433534733041e-01   64   64   40   40
 7.1176452616325658e-01   64   64   41   41
 7.5094599726012545e-01   64   64   42   42
 8.2588951211068529e-01   64   64   43   43
 5.9467050581639014e-01   64   64   44   44
 5.5543015041335375e-01   64   64   45   45
 5.8762967957480639e-01   64   64   46   46
 5.1987226877632797e-01   64   64   47   47
 4.8587467403916934e-01   64   64   48   48
 4.7308305862507610e-01   64   64   49   49
 4.8895492455927109e-01   64   64   50   50
 5.2346387111644832e-01   64   64   51   51
 3.2803596699175613e-01   64   64   52   52
 5.8493469174096957e-01   64   64   53   53
 5.8632378779652206e-01   64   64   54   54
 5.5958246351797902e-01   64   64   55   55
 5.3486722505314077e-01   64   64   56   56
 3.8492195318988149e+00   64   64   57   57
 2.7387976376888084e+00   64   64   58   58
 3.3849930115455723e-01   64   64   59   59
 2.4913565198432464e+00   64   64   60   60
 2.7356560734355471e+00   64   64   61   61
 3.5866079115290733e-01   64   64   62   62
 3.8304874356357845e+00   64   64   63   63
 8.4208384499999998e+00   64   64   64   64
 6.2206159727434818e-01   65   65    1    1
 6.1627957604633143e-01   65   65    2    2
 6.5366614074118312e-01   65   65    3    3
 6.7020621876800668e-01   65   65    4    4
 4.9710405696286941e-01   65   65    5    5
 5.0673235764899149e-01   65   65    6    6
 4.8178142331525414e-01   65   65    7    7
 4.5182551957216699e-01   65   65    8    8
 4.3036874597229086e-01   65   65    9    9
 4.4584642130293800e-01   65   65   10   10
 4.6479845510202888e-01   65   65   11   11
 4.3089213555015826e-01   65   65   12   12
 4.2291425103652724e-01   65   65   13   13
 4.2083419808591782e-01   65   65   14   14
 4.2654095205085246e-01   65   65   15   15
 4.3488690312535139e-01   65   65   16   16
 4.3705586318014755e-01   65   65   17   17
 4.0884169552703020e-01   65   65   18   18
 4.0844175861893667e-01   65   65   19   19
 3.8913052552208055e-01   65   65   20   20
 3.7141482733445230e-01   65   65   21   21
 3.6959800328317094e-01   65   65   22   22
 3.7118314041525963e-01   65   65   23   23
 3.8803026090996545e-01   65   65   24   24
 7.1834409284998169e-01   65   65   25   25
 6.6878166477993428e-01   65   65   26   26
 6.3377701434158140e-01   65   65   27   27
 6.3782402595257237e-01   65   65   28   28
 5.5698672792491055e-01   65   65   29   29
 6.7974711004926036e-01   65   65   30   30
 7.2302355510394334e-01   65   65   31   31
 8.5292966520828251e-01   65   65   32   32
 9.2191165462219138e-01   65   65   33   33
 1.0581054407356576e+00   65   65   34   34
 1.1296049498502765e+00   65   65   35   35
 1.0122843389627068e+00   65   65   36   36
 8.9203539652204922e-01   65   65   37   37
 5.2124090945698009e-01   65   65   38   38
 5.5443741064711061e-01   65   65   39   39
 5.8116162472392785e-01   65   65   40   40
 5.6762969691105547e-01   65   65   41   41
 5.3247906949041368e-01   65   65   42   42
 5.1204615000787845e-01   65   65   43   43
 7.1072606248021741e-01   65   65   44   44
 7.5796163055867116e-01   65   65   45   45
 7.1859853727916445e-01   65   65   46   46
 5.9767318352292709e-01   65   65   47   47
 6.0195251590081411e-01   65   65   48   48
 5.6372749015263923e-01   65   65   49   49
 5.2937792362577984e-01   65   65   50   50
 5.2704486190259126e-01   65   65   51   51
 2.7659498876799455e+00   65   65   52   52
 3.8537968321957372e-01   65   65   53   53
 3.6717004869616837e-01   65   65   54   54
 3.5243384571444436e-01   65   65   55   55
 3.5347821376437660e-01   65   65   56   56
 3.3184419260735237e-01   65   65   57   57
 3.2497319635095512e-01   65   65   58   58
 2.5066266246310631e+00   65   65   59   59
 3.3149631395083856e-01   65   65   60   60
 3.4589994087461279e-01   65   65   61   61
 3.8603822348675196e+00   65   65   62   62
 3.5406207575192739e-01   65   65   63   63
 3.4626741638239061e-01   65   65   64   64
 8.4208384499999998e+00   65   65   65   65
 5.1647712793250655e-01   66   66    1    1
 5.1694947173088057e-01   66   66    2    2
 4.9923485210376350e-01   66   66    3    3
 4.9770264192490815e-01   66   66    4    4
 6.2152200253005718e-01   66   66    5    5
 6.6950215844028904e-01   66   66    6    6
 7.1780767283334823e-01   66   66    7    7
 7.1005540818312984e-01   66   66    8    8
 7.5726532779347877e-01   66   66    9    9
 6.5315946373072598e-01   66   66   10   10
 6.1582805900066606e-01   66   66   11   11
 8.5205564060752592e-01   66   66   12   12
 9.2088441400945775e-01   66   66   13   13
 1.0567739907921121e+00   66   66   14   14
 1.1281452808955872e+00   66   66   15   15
 1.0111437776784877e+00   66   66   16   16
 8.9112837701649128e-01   66   66   17   17
 7.1779048416518754e-01   66   66   18   18
 6.6829219142995100e-01   66   66   19   19
 6.3346052802058639e-01   66   66   20   20
 6.3763494667364307e-01   66   66   21   21
 3.8502518973824889e+00   66   66   22   22
 6.7953304921422064e-01   66   66   23   23
 7.2261416103002374e-01   66   66   24   24
 4.4374253443648259e-01   66   66   25   25
 4.2677101084705305e-01   66   66   26   26
 4.1000317041349665e-01   66   66   27   27
 4.0754100493477508e-01   66   66   28   28
 3.9256302233829088e-01   66   66   29   29
 4.2184217977265864e-01   66   66   30   30
 4.4002139022394354e-01   66   66   31   31
 4.6280056885778970e-01   66   66   32   32
 4.3756556556842569e-01   66   66   33   33
 4.3428041799503075e-01   66   66   34   34
 4.5559296113028191e-01   66   66   35   35
 4.8488886686696481e-01   66   66   36   36
 4.8866325295798435e-01   66   66   37   37
 5.8056288734220529e-01   66   66   38   38
 5.6700033542499884e-01   66   66   39   39
 5.3199830381611379e-01   66   66   40   40
 5.1211593526349564e-01   66   66   41   41
 5.2170780757478408e-01   66   66   42   42
 5.5414767416749544e-01   66   66   43   43
 4.8182032266648800e-01   66   66   44   44
 4.6315976580400908e-01   66   66   45   45
 4.8218035218504562e-01   66   66   46   46
 3.8983248385302566e-01   66   66   47   47
 3.7120732045102001e-01   66   66   48   48
 3.5724487960587031e-01   66   66   49   49
 3.5904622849400425e-01   66   66   50   50
 3.7582268416359960e-01   66   66   51   51
 3.6768067712327684e-01   66   66   52   52
 3.8463855417958617e+00   66   66   53   53
 2.7525644082512928e+00   66   66   54   54
 2.4946109070612925e+00   66   66   55   55
 2.7535892599401843e+00   66   66   56   56
 5.2707602131884768e-01   66   66   57   57
 5.2950948475474768e-01   66   66   58   58
 3.8198070483097341e-01   66   66   59   59
 5.6391117943035407e-01   66   66   60   60
 6.0206252937356630e-01   66   66   61   61
 4.0360974318453252e-01   66   66   62   62
 5.9763663265374112e-01   66   66   63   63
 5.5693174343592933e-01   66   66   64   64
 3.8675595574103816e-01   66   66   65   65
 8.4208384499999998e+00   66   66   66   66
 6.2879789362665373e-01   67   67    1    1
 6.3126631304738556e-01   67   67    2    2
 6.7450736769783293e-01   67   67    3    3
 6.7121801442322282e-01   67   67    4    4
 5.0444973833553197e-01   67   67    5    5
 5.1813413466203906e-01   67   67    6    6
 4.9440249024722721e-01   67   67    7    7
 4.6218781373695433e-01   67   67    8    8
 4.4146181009790114e-01   67   67    9    9
 4.5330849769026849e-01   67   67   10   10
 4.7072080665793881e-01   67   67   11   11
 4.4268551806495432e-01   67   67   12   12
 4.3684708319686016e-01   67   67   13   13
 4.3517233426343793e-01   67   67   14   14
 4.3921920395331077e-01   67   67   15   15
 4.4530002843527799e-01   67   67   16   16
 4.4703099303970362e-01   67   67   17   17
 4.1961727486437583e-01   67   67   18   18
 4.2032100759686747e-01   67   67   19   19
 4.0042739996760573e-01   67   67   20   20
 3.8132889153007887e-01   67   67   21   21
 3.8320059099645692e-01   67   67   22   22
 3.8025915801686522e-01   67   67   23   23
 3.9739213422635694e-01   67   67   24   24
 7.4857371933829586e-01   67   67   25   25
 6.8892520238180777e-01   67   67   26   26
 6.5551314933173788e-01   67   67   27   27
 6.6896964004668213e-01   67   67   28   28
 5.8615917497159387e-01   67   67   29   29
 7.2279414188212554e-01   67   67   30   30
 7.6763662014765688e-01   67   67   31   31
 8.8619890825394187e-01   67   67   32   32
 9.5064353684479574e-01   67   67   33   33
 1.0920069876721199e+00   67   67   34   34
 1.1843840441358071e+00   67   67   35   35
 1.0699257822909500e+00   67   67   36   36
 9.3635358595904539e-01   67   67   37   37
 5.2592346053878825e-01   67   67   38   38
 5.6171587365055864e-01   67   67   39   39
 5.8457250818256146e-01   67   67   40   40
 5.6446563485599321e-01   67   67   41   41
 5.2850866931068641e-01   67   67   42   42
 5.1177891323980207e-01   67   67   43   43
 7.2856462402120203e-01   67   67   44   44
 7.8474340852267277e-01   67   67   45   45
 7.2362169743119942e-01   67   67   46   46
 6.2748279496072645e-01   67   67   47   47
 6.2995096951276131e-01   67   67   48   48
 5.8999773207654882e-01   67   67   49   49
 5.5541720325990651e-01   67   67   50   50
 5.5431574801266648e-01   67   67   51   51
 2.7659924424025490e+00   67   67   52   52
 3.9772086840552906e-01   67   67   53   53
 3.7774889614696117e-01   67   67   54   54
 3.6292382791737127e-01   67   67   55   55
 3.6528309919848850e-01   67   67   56   56
 3.3949778774397998e-01   67   67   57   57
 3.3343776146770893e-01   67   67   58   58
 3.8640263245972339e+00   67   67   59   59
 3.4120358965909586e-01   67   67   60   60
 3.5623868851589341e-01   67   67   61   61
 3.8604434628961637e+00   67   67   62   62
 3.6347353115199638e-01   67   67   63   63
 3.5422744676073631e-01   67   67   64   64
 2.7656272876764780e+00   67   67   65   65
 4.0085823747721611e-01   67   67   66   66
 8.4208384499999998e+00   67   67   67   67
 6.7419424915049098e-01   68   68    1    1
 6.5874780326885551e-01   68   68    2    2
 6.8454573841077371e-01   68   68    3    3
 7.2263461977498999e-01   68   68    4    4
 5.5997336124056540e-01   68   68    5    5
 5.7714252611523176e-01   68   68    6    6
 5.4967127515132586e-01   68   68    7    7
 5.1162456370346565e-01   68   68    8    8
 4.8739320299004935e-01   68   68    9    9
 5.0063581105135113e-01   68   68   10   10
 5.2034702188077375e-01   68   68   11   11
 4.9431392706430283e-01   68   68   12   12
 4.8465795373263065e-01   68   68   13   13
 4.8705351142393966e-01   68   68   14   14
 5.0004067570290567e-01   68   68   15   15
 5.1112941926026756e-01   68   68   16   16
 5.0810285905819119e-01   68   68   17   17
 4.5709792724761444e-01   68   68   18   18
 4.5111249184604812e-01   68   68   19   19
 4.2570619307883217e-01   68   68   20   20
 4.0696526826212204e-01   68   68   21   21
 4.3638203470090170e-01   68   68   22   22
 4.1066086223340564e-01   68   68   23   23
 4.3348702534227218e-01   68   68   24   24
 6.9735230418619876e-01   68   68   25   25
 6.4435782118586027e-01   68   68   26   26
 6.0093160043128158e-01   68   68   27   27
 5.9780483768456461e-01   68   68   28   28
 5.2417431632965472e-01   68   68   29   29
 6.3826705106213177e-01   68   68   30   30
 6.9071545151469904e-01   68   68   31   31
 8.4712980113389669e-01   68   68   32   32
 8.6805198157815544e-01   68   68   33   33
 9.6968249588022948e-01   68   68   34   34
 1.0933611337856579e+00   68   68   35   35
 1.0583004049905751e+00   68   68   36   36
 9.2801059811572795e-01   68   68   37   37
 5.8355534630612549e-01   68   68   38   38
 6.1661533591307716e-01   68   68   39   39
 6.3909006938971769e-01   68   68   40   40
 6.2279913335154535e-01   68   68   41   41
 5.8910785932681209e-01   68   68   42   42
 5.7164334435771569e-01   68   68   43   43
 7.3516101396674316e-01   68   68   44   44
 7.5741301568942276e-01   68   68   45   45
 7.5645507514025356e-01   68   68   46   46
 5.5441064081585190e-01   68   68   47   47
 5.4575935293923816e-01   68   68   48   48
 5.0980120801522544e-01   68   68   49   49
 4.8600267793031210e-01   68   68   50   50
 4.9248227887596946e-01   68   68   51   51
 1.2636915376735962e+00   68   68   52   52
 4.5895107921367456e-01   68   68   53   53
 4.3380341527596539e-01   68   68   54   54
 4.1355535122471243e-01   68   68   55   55
 4.1464106174496113e-01   68   68   56   56
 3.5632812526211688e-01   68   68   57   57
 3.4849066271958457e-01   68   68   58   58
 1.3073144597076327e+00   68   68   59   59
 3.5706190626112205e-01   68   68   60   60
 3.7506068982975110e-01   68   68   61   61
 1.7414560688684935e+00   68   68   62   62
 3.8467741895698732e-01   68   68   63   63
 3.7415115817654293e-01   68   68   64   64
 1.6356162977214237e+00   68   68   65   65
 4.6043386282789373e-01   68   68   66   66
 1.5111509912672465e+00   68   68   67   67
 8.4208384499999998e+00   68   68   68   68
 7.3551301567412919e-01   69   69    1    1
 7.1495589519926117e-01   69   69    2    2
 7.4101352513229390e-01   69   69    3    3
 7.9132867522396710e-01   69   69    4    4
 6.0662260128978718e-01   69   69    5    5
 6.2661074160781982e-01   69   69    6    6
 5.9429108546488263e-01   69   69    7    7
 5.5037222066332581e-01   69   69    8    8
 5.2222836749755563e-01   69   69    9    9
 5.3796037638165761e-01   69   69   10   10
 5.6066071716690158e-01   69   69   11   11
 5.3001657303138516e-01   69   69   12   12
 5.1809366709726101e-01   69   69   13   13
 5.2033451866418801e-01   69   69   14   14
 5.3552446868207026e-01   69   69   15   15
 5.4928416085907428e-01   69   69   16   16
 5.4632812423011456e-01   69   69   17   17
 4.8741061322601831e-01   69   69   18   18
 4.8010335910696206e-01   69   69   19   19
 4.5125947741935385e-01   69   69   20   20
 4.3053195250328052e-01   69   69   21   21
 4.5698943218135091e-01   69   69   22   22
 4.3501535806667180e-01   69   69   23   23
 4.6084784753382502e-01   69   69   24   24
 7.4213569600654417e-01   69   69   25   25
 6.8258293606062481e-01   69   69   26   26
 6.3170105583847380e-01   69   69   27   27
 6.2547490681234685e-01   69   69   28   28
 5.4502449731351210e-01   69   69   29   29
 6.6894180780919321e-01   69   69   30   30
 7.3000135025443569e-01   69   69   31   31
 9.1600852337857974e-01   69   69   32   32
 9.2794362190396840e-01   69   69   33   33
 1.0338833144035566e+00   69   69   34   34
 1.1846500661041373e+00   69   69   35   35
 1.1681935608809213e+00   69   69   36   36
 1.0182416877744995e+00   69   69   37   37
 6.3380953970640919e-01   69   69   38   38
 6.7151187482508345e-01   69   69   39   39
 6.9669820540938521e-01   69   69   40   40
 6.7746128903016467e-01   69   69   41   41
 6.3917355423729239e-01   69   69   42   42
 6.1986834377553435e-01   69   69   43   43
 7.9760881591647248e-01   69   69   44   44
 8.1573353038713592e-01   69   69   45   45
 8.2634317454942285e-01   69   69   46   46
 5.7636793865818214e-01   69   69   47   47
 5.6405041412624424e-01   69   69   48   48
 5.2474188480047079e-01   69   69   49   49
 5.0074224787206134e-01   69   69   50   50
 5.0969722554356756e-01   69   69   51   51
 1.1181101717960080e+00   69   69   52   52
 4.8392768313515611e-01   69   69   53   53
 4.5643534441398620e-01   69   69   54   54
 4.3347636382438037e-01   69   69   55   55
 4.3368619955927368e-01   69   69   56   56
 3.7419481859006132e-01   69   69   57   57
 3.6534554047574869e-01   69   69   58   58
 1.1671202192212187e+00   69   69   59   59
 3.7460303660981636e-01   69   69   60   60
 3.9454930072356409e-01   69   69   61   61
 1.5426402077182801e+00   69   69   62   62
 4.0553997418711385e-01   69   69   63   63
 3.9401478668757312e-01   69   69   64   64
 1.4290396223083475e+00   69   69   65   65
 4.8421087203515850e-01   69   69   66   66
 1.3542471633075721e+00   69   69   67   67
 3.8372441418779966e+00   69   69   68   68
 8.4208384499999998e+00   69   69   69   69
 8.0763810902758471e-01   70   70    1    1
 7.8589404979948085e-01   70   70    2    2
 8.2143265219075157e-01   70   70    3    3
 8.7671700369200167e-01   70   70    4    4
 6.4453618544409619e-01   70   70    5    5
 6.6590141081388921e-01   70   70    6    6
 6.2746860927020609e-01   70   70    7    7
 5.7816833242946764e-01   70   70    8    8
 5.4577907555464966e-01   70   70    9    9
 5.6549266602904824e-01   70   70   10   10
 5.9207132691040276e-01   70   70   11   11
 5.5153515602176939e-01   70   70   12   12
 5.3792092305770922e-01   70   70   13   13
 5.3768376301930076e-01   70   70   14   14
 5.5146203683081052e-01   70   70   15   15
 5.6666793693501116e-01   70   70   16   16
 5.6663792826441650e-01   70   70   17   17
 5.0881538819009664e-01   70   70   18   18
 5.0277204375921114e-01   70   70   19   19
 4.7174545797859085e-01   70   70   20   20
 4.4827404148316935e-01   70   70   21   21
 4.5777847726392884e-01   70   70   22   22
 4.5173825016020014e-01   70   70   23   23
 4.7895918842643243e-01   70   70   24   24
 8.2849967418512538e-01   70   70   25   25
 7.5485835633853271e-01   70   70   26   26
 6.9338564017987270e-01   70   70   27   27
 6.8581970867540254e-01   70   70   28   28
 5.9002488250841512e-01   70   70   29   29
 7.3790007560396664e-01   70   70   30   30
 8.1311184152569782e-01   70   70   31   31
 1.0511564987320801e+00   70   70   32   32
 1.0669029502243101e+00   70   70   33   33
 1.2070336495223402e+00   70   70   34   34
 1.4203910520381664e+00   70   70   35   35
 1.3961160379218676e+00   70   70   36   36
 1.1856339989182547e+00   70   70   37   37
 6.7747700413312373e-01   70   70   38   38
 7.2453965554595923e-01   70   70   39   39
 7.5646536799877651e-01   70   70   40   40
 7.3149617289818092e-01   70   70   41   41
 6.8361111729916635e-01   70   70   42   42
 6.6020412251115368e-01   70   70   43   43
 8.9381051650990750e-01   70   70   44   44
 9.2026388070399101e-01   70   70   45   45
 9.2614498578026172e-01   70   70   46   46
 6.2706506921959004e-01   70   70   47   47
 6.1216359737964998e-01   70   70   48   48
 5.6593027801783702e-01   70   70   49   49
 5.3825794377917779e-01   70   70   50   50
 5.4874747351232323e-01   70   70   51   51
 1.1298284656936286e+00   70   70   52   52
 4.8621984822197822e-01   70   70   53   53
 4.5852512325918682e-01   70   70   54   54
 4.3486476327415691e-01   70   70   55   55
 4.3451578725213491e-01   70   70   56   56
 3.8850195143150457e-01   70   70   57   57
 3.7888611275401551e-01   70   70   58   58
 1.1954782276616507e+00   70   70   59   59
 3.8848016301333216e-01   70   70   60   60
 4.0965530156770774e-01   70   70   61   61
 1.6250634015231731e+00   70   70   62   62
 4.2165743182218302e-01   70   70   63   63
 4.0962930142866444e-01   70   70   64   64
 1.4630124377270202e+00   70   70   65   65
 4.8572834884079347e-01   70   70   66   66
 1.4163990922388603e+00   70   70   67   67
 2.7433382488178202e+00   70   70   68   68
 3.8505378874704754e+00   70   70   69   69
 8.4208384499999998e+00   70   70   70   70
 6.6696990515432719e-01   71   71    1    1
 6.5550434178784878e-01   71   71    2    2
 6.8691787240389091e-01   71   71    3    3
 7.1642654965646091e-01   71   71    4    4
 5.4525749731068263e-01   71   71    5    5
 5.6090438088259664e-01   71   71    6    6
 5.3378808117222154e-01   71   71    7    7
 4.9730961219289538e-01   71   71    8    8
 4.7366202421046738e-01   71   71    9    9
 4.8735111082887633e-01   71   71   10   10
 5.0697702278927836e-01   71   71   11   11
 4.7854217417078354e-01   71   71   12   12
 4.6967326912811952e-01   71   71   13   13
 4.7055637531771510e-01   71   71   14   14
 4.8080460043311590e-01   71   71   15   15
 4.9068560599959865e-01   71   71   16   16
 4.8948182799643924e-01   71   71   17   17
 4.4580982189622409e-01   71   71   18   18
 4.4182242549447959e-01   71   71   19   19
 4.1795590800405541e-01   71   71   20   20
 3.9906171466193197e-01   71   71   21   21
 4.1854380074353120e-01   71   71   22   22
 4.0134961189309154e-01   71   71   23   23
 4.2252121914900942e-01   71   71   24   24
 7.1642283908568272e-01   71   71   25   25
 6.6085766470468876e-01   71   71   26   26
 6.1821115686117278e-01   71   71   27   27
 6.1780883012084342e-01   71   71   28   28
 5.4002625980898034e-01   71   71   29   29
 6.6143803870236817e-01   71   71   30   30
 7.1409078963598149e-01   71   71   31   31
 8.7097709939507439e-01   71   71   32   32
 9.0580436001388565e-01   71   71   33   33
 1.0258668386289662e+00   71   71   34   34
 1.1529816067583041e+00   71   71   35   35
 1.0890922378340226e+00   71   71   36   36
 9.4709141375188421e-01   71   71   37   37
 5.6925293065574212e-01   71   71   38   38
 6.0387646489559976e-01   71   71   39   39
 6.2796011280953468e-01   71   71   40   40
 6.1091799388519041e-01   71   71   41   41
 5.7547034479572079e-01   71   71   42   42
 5.5707942812724820e-01   71   71   43   43
 7.4134497068306182e-01   71   71   44   44
 7.7339804139178259e-01   71   71   45   45
 7.5744872858189427e-01   71   71   46   46
 5.7363501106617332e-01   71   71   47   47
 5.6745930695655200e-01   71   71   48   48
 5.2979241417462397e-01   71   71   49   49
 5.0302333492827700e-01   71   71   50   50
 5.0776042805634003e-01   71   71   51   51
 1.5303789051006569e+00   71   71   52   52
 4.3871317231913620e-01   71   71   53   53
 4.1537431510297845e-01   71   71   54   54
 3.9683074857347955e-01   71   71   55   55
 3.9817715304627910e-01   71   71   56   56
 3.5107505357607544e-01   71   71   57   57
 3.4359717736095563e-01   71   71   58   58
 1.5946483640653029e+00   71   71   59   59
 3.5179459066104807e-01   71   71   60   60
 3.6892746434515539e-01   71   71   61   61
 2.3017782191568883e+00   71   71   62   62
 3.7803355912813985e-01   71   71   63   63
 3.6804107880454728e-01   71   71   64   64
 2.1022102605062263e+00   71   71   65   65
 4.4054030129695376e-01   71   71   66   66
 1.9043079049966347e+00   71   71   67   67
 3.8442842035970091e+00   71   71   68   68
 2.7355168818592710e+00   71   71   69   69
 2.4637017609622371e+00   71   71   70   70
 8.4208384499999998e+00   71   71   71   71
 7.1906138141802622e-01   72   72    1    1
 7.0859731704493734e-01   72   72    2    2
 7.4918278808448424e-01   72   72    3    3
 7.7757185755697644e-01   72   72    4    4
 5.7222429999031910e-01   72   72    5    5
 5.8847111569820665e-01   72   72    6    6
 5.5738192668460440e-01   72   72    7    7
 5.1750079352531408e-01   72   72    8    8
 4.9100697328828918e-01   72   72    9    9
 5.0751551879534174e-01   72   72   10   10
 5.2980999498126002e-01   72   72   11   11
 4.9419910121591060e-01   72   72   12   12
 4.8428970860469761e-01   72   72   13   13
 4.8328172593877072e-01   72   72   14   14
 4.9227166332839478e-01   72   72   15   15
 5.0299691541048563e-01   72   72   16   16
 5.0394575290810473e-01   72   72   17   17
 4.6199620542568320e-01   72   72   18   18
 4.5926979282810454e-01   72   72   19   19
 4.3405075385503311e-01   72   72   20   20
 4.1305380749817316e-01   72   72   21   21
 4.1922243539974807e-01   72   72   22   22
 4.1436522496414174e-01   72   72   23   23
 4.3634467836312213e-01   72   72   24   24
 7.9304959029966338e-01   72   72   25   25
 7.2571091262580723e-01   72   72   26   26
 6.7563479028239937e-01   72   72   27   27
 6.7574567606248459e-01   72   72   28   28
 5.8366962628658881e-01   72   72   29   29
 7.2786657304853608e-01   72   72   30   30
 7.9124620231057674e-01   72   72   31   31
 9.8423184139414632e-01   72   72   32   32
 1.0337514892566229e+00   72   72   33   33
 1.1951785654594538e+00   72   72   34   34
 1.3670010678023519e+00   72   72   35   35
 1.2649328209917432e+00   72   72   36   36
 1.0762159718701416e+00   72   72   37   37
 6.0016459832350555e-01   72   72   38   38
 6.4140543826333418e-01   72   72   39   39
 6.7047752626053936e-01   72   72   40   40
 6.4953303088643199e-01   72   72   41   41
 6.0719828858064906e-01   72   72   42   42
 5.8575290557952109e-01   72   72   43   43
 8.1628034170953045e-01   72   72   44   44
 8.6041379832452269e-01   72   72   45   45
 8.3162772280097197e-01   72   72   46   46
 6.2355319149711030e-01   72   72   47   47
 6.1657120119033582e-01   72   72   48   48
 5.7230661685044204e-01   72   72   49   49
 5.4108901024755551e-01   72   72   50   50
 5.4630809966389893e-01   72   72   51   51
 1.5656755997031513e+00   72   72   52   52
 4.4050492171840727e-01   72   72   53   53
 4.1702430752750691e-01   72   72   54   54
 3.9796267919607498e-01   72   72   55   55
 3.9888441295296118e-01   72   72   56   56
 3.6279996545879412e-01   72   72   57   57
 3.5477691887728480e-01   72   72   58   58
 1.6779760202021059e+00   72   72   59   59
 3.6319910500912239e-01   72   72   60   60
 3.8117389019520376e-01   72   72   61   61
 2.6825733888072882e+00   72   72   62   62
 3.9097399205248240e-01   72   72   63   63
 3.8066024289446337e-01   72   72   64   64
 2.2408627288610581e+00   72   72   65   65
 4.4176624471862164e-01   72   72   66   66
 2.1182516568411276e+00   72   72   67   67
 2.7764570780185878e+00   72   72   68   68
 2.5037288452534701e+00   72   72   69   69
 2.7386663287769575e+00   72   72   70   70
 3.8579597113497117e+00   72   72   71   71
 8.4208384499999998e+00   72   72   72   72
 7.9668614944863547e-01   73   73    1    1
 7.8185157080754697e-01   73   73    2    2
 8.2739197306336876e-01   73   73    3    3
 8.6742713422793072e-01   73   73    4    4
 6.2298614319570000e-01   73   73    5    5
 6.4192108737881926e-01   73   73    6    6
 6.0467848763598364e-01   73   73    7    7
 5.5820378503236345e-01   73   73    8    8
 5.2710009709654548e-01   73   73    9    9
 5.4700939622725830e-01   73   73   10   10
 5.7310995569301437e-01   73   73   11   11
 5.3024796155970344e-01   73   73   12   12
 5.1799868479107880e-01   73   73   13   13
 5.1604871569342636e-01   73   73   14   14
 5.2627544050724562e-01   73   73   15   15
 5.3949672319484610e-01   73   73   16   16
 5.4149759091464955e-01   73   73   17   17
 4.9375050357557870e-01   73   73   18   18
 4.9039692799417234e-01   73   73   19   19
 4.6161953494696667e-01   73   73   20   20
 4.3808632751959897e-01   73   73   21   21
 4.3744440894233100e-01   73   73   22   22
 4.3972670496117128e-01   73   73   23   23
 4.6460798044898854e-01   73   73   24   24
 8.6361394743563313e-01   73   73   25   25
 7.8374787126284517e-01   73   73   26   26
 7.2193647618201751e-01   73   73   27   27
 7.1813494605993389e-01   73   73   28   28
 6.1396647622141143e-01   73   73   29   29
 7.7638430359025146e-01   73   73   30   30
 8.5460028679990352e-01   73   73   31   31
 1.1028365736879049e+00   73   73   32   32
 1.1456924717580739e+00   73   73   33   33
 1.3314284212491367e+00   73   73   34   34
 1.5764921516700803e+00   73   73   35   35
 1.4808986680305360e+00   73   73   36   36
 1.2325678508137243e+00   73   73   37   37
 6.5608312645954925e-01   73   73   38   38
 7.0499773510993335e-01   73   73   39   39
 7.3923841916069721e-01   73   73   40   40
 7.1337698531154792e-01   73   73   41   41
 6.6328574254354211e-01   73   73   42   42
 6.3869999405143241e-01   73   73   43   43
 9.0746238154711401e-01   73   73   44   44
 9.5256937103204686e-01   73   73   45   45
 9.3035408820670795e-01   73   73   46   46
 6.5656903609220874e-01   73   73   47   47
 6.4448650567571331e-01   73   73   48   48
 5.9463196561786225e-01   73   73   49   49
 5.6249841389735988e-01   73   73   50   50
 5.7099593206533006e-01   73   73   51   51
 1.3042662564745708e+00   73   73   52   52
 4.6250518687252379e-01   73   73   53   53
 4.3706621659958572e-01   73   73   54   54
 4.1567023361938277e-01   73   73   55   55
 4.1580156023712284e-01   73   73   56   56
 3.8197074102663409e-01   73   73   57   57
 3.7285719714654098e-01   73   73   58   58
 1.3997103880983499e+00   73   73   59   59
 3.8196709752550595e-01   73   73   60   60
 4.0196667823117005e-01   73   73   61   61
 2.0437177162274871e+00   73   73   62   62
 4.1323478088116689e-01   73   73   63   63
 4.0192192205590604e-01   73   73   64   64
 1.7585701867875261e+00   73   73   65   65
 4.6269333471459106e-01   73   73   66   66
 1.7210483761555453e+00   73   73   67   67
 2.4991299565934586e+00   73   73   68   68
 2.7640401996016366e+00   73   73   69   69
 3.8422676147562522e+00   73   73   70   70
 2.7309307811256045e+00   73   73   71   71
 3.8189773638667424e+00   73   73   72   72
 8.4208384499999998e+00   73   73   73   73
 7.8287693491048826e-01   74   74    1    1
 7.7927350962249675e-01   74   74    2    2
 8.4028673029876810e-01   74   74    3    3
 8.5365408572703683e-01   74   74    4    4
 5.9602567872580503e-01   74   74    5    5
 6.1142448668300875e-01   74   74    6    6
 5.7579151936958806e-01   74   74    7    7
 5.3327027855384390e-01   74   74    8    8
 5.0372973757076278e-01   74   74    9    9
 5.2424755311305138e-01   74   74   10   10
 5.4979230304025739e-01   74   74   11   11
 5.0312924873535492e-01   74   74   12   12
 4.9244437728618035e-01   74   74   13   13
 4.8793146128858317e-01   74   74   14   14
 4.9349320679223041e-01   74   74   15   15
 5.0442612886352434e-01   74   74   16   16
 5.0928386459793118e-01   74   74   17   17
 4.7532682525968539e-01   74   74   18   18
 4.7585742271561132e-01   74   74   19   19
 4.5019858051536210e-01   74   74   20   20
 4.2635872808863579e-01   74   74   21   21
 4.0915300586654096e-01   74   74   22   22
 4.2531089813138689e-01   74   74   23   23
 4.4700376317678142e-01   74   74   24   24
 9.3201377385633732e-01   74   74   25   25
 8.4206312312661447e-01   74   74   26   26
 7.8134654966106032e-01   74   74   27   27
 7.8592733571621620e-01   74   74   28   28
 6.6492873543008013e-01   74   74   29   29
 8.5615598355207434e-01   74   74   30   30
 9.3762233135828776e-01   74   74   31   31
 1.1871641948173672e+00   74   74   32   32
 1.2902410093676122e+00   74   74   33   33
 1.5662816022799702e+00   74   74   34   34
 1.8153692983875547e+00   74   74   35   35
 1.5619045845060320e+00   74   74   36   36
 1.2879113893646867e+00   74   74   37   37
 6.2918704239399392e-01   74   74   38   38
 6.8027548508803892e-01   74   74   39   39
 7.1723751978873873e-01   74   74   40   40
 6.9012369425122289e-01   74   74   41   41
 6.3743134015983438e-01   74   74   42   42
 6.1161217533296730e-01   74   74   43   43
 9.3076249801034006e-01   74   74   44   44
 1.0094699256845117e+00   74   74   45   45
 9.3554472157336299e-01   74   74   46   46
 7.1926622790293315e-01   74   74   47   47
 7.1370666796509663e-01   74   74   48   48
 6.5611926254425001e-01   74   74   49   49
 6.1429444536318678e-01   74   74   50   50
 6.1851766686293030e-01   74   74   51   51
 1.5668652508420005e+00   74   74   52   52
 4.3027109900726324e-01   74   74   53   53
 4.0795529075307385e-01   74   74   54   54
 3.8939565249693375e-01   74   74   55   55
 3.8988322034661654e-01   74   74   56   56
 3.7526141371662142e-01   74   74   57   57
 3.6675121493265184e-01   74   74   58   58
 1.7347308994677260e+00   74   74   59   59
 3.7513890164089853e-01   74   74   60   60
 3.9354577818527720e-01   74   74   61   61
 2.6854050341379083e+00   74   74   62   62
 4.0391413393610648e-01   74   74   63   63
 3.9364470684693953e-01   74   74   64   64
 2.1204761117583639e+00   74   74   65   65
 4.3094786241741090e-01   74   74   66   66
 2.2422702729874366e+00   74   74   67   67
 1.7092137986185665e+00   74   74   68   68
 1.7025361784309363e+00   74   74   69   69
 2.0355671172361749e+00   74   74   70   70
 2.0565602657504045e+00   74   74   71   71
 2.8685960446868344e+00   74   74   72   72
 2.8462915387459691e+00   74   74   73   73
 8.4208384499999998e+00   74   74   74   74
 8.5084070079213381e-01   75   75    1    1
 8.4079641132010652e-01   75   75    2    2
 9.0309162791678166e-01   75   75    3    3
 9.3333749626118656e-01   75   75    4    4
 6.4236152432466331e-01   75   75    5    5
 6.6075829265481101e-01   75   75    6    6
 6.1956388833899201e-01   75   75    7    7
 5.7073080884400118e-01   75   75    8    8
 5.3707917857906162e-01   75   75    9    9
 5.6024367613739934e-01   75   75   10   10
 5.8906208820183448e-01   75   75   11   11
 5.3727601210828868e-01   75   75   12   12
 5.2436498680677102e-01   75   75   13   13
 5.1968938363690365e-01   75   75   14   14
 5.2726650728795521e-01   75   75   15   15
 5.4065623921209893e-01   75   75   16   16
 5.4574228622327048e-01   75   75   17   17
 5.0404210352463918e-01   75   75   18   18
 5.0312249510541107e-01   75   75   19   19
 4.7384283930043541e-01   75   75   20   20
 4.4809272918328602e-01   75   75   21   21
 4.3010895031077445e-01   75   75   22   22
 4.4799729848262665e-01   75   75   23   23
 4.7275747179090127e-01   75   75   24   24
 9.7147616124741054e-01   75   75   25   25
 8.7187758839059504e-01   75   75   26   26
 7.9918613683497530e-01   75   75   27   27
 7.9694006462369538e-01   75   75   28   28
 6.7066119423661497e-01   75   75   29   29
 8.6885589660385665e-01   75   75   30   30
 9.6454623300161968e-01   75   75   31   31
 1.2762930774078125e+00   75   75   32   32
 1.3532724400777842e+00   75   75   33   33
 1.6324993164755661e+00   75   75   34   34
 1.9979190333943502e+00   75   75   35   35
 1.7825308382051308e+00   75   75   36   36
 1.4300833994871747e+00   75   75   37   37
 6.7995443951882528e-01   75   75   38   38
 7.3741351333985239e-01   75   75   39   39
 7.7850260537649874e-01   75   75   40   40
 7.4708814141486246e-01   75   75   41   41
 6.8805591325329363e-01   75   75   42   42
 6.5981272265971924e-01   75   75   43   43
 1.0042595431761081e+00   75   75   44   44
 1.0755029244949708e+00   75   75   45   45
 1.0205870238146824e+00   75   75   46   46
 7.2314103299261778e-01   75   75   47   47
 7.1023950627915944e-01   75   75   48   48
 6.5050497114279271e-01   75   75   49   49
 6.1165531716622468e-01   75   75   50   50
 6.2045191950239531e-01   75   75   51   51
 1.3046671997797363e+00   75   75   52   52
 4.5491017017587276e-01   75   75   53   53
 4.3037653015176874e-01   75   75   54   54
 4.0941699833729978e-01   75   75   55   55
 4.0926860198793025e-01   75   75   56   56
 3.9111273152137443e-01   75   75   57   57
 3.8159703279118051e-01   75   75   58   58
 1.4193035345526959e+00   75   75   59   59
 3.9070712604591989e-01   75   75   60   60
 4.1110457510295173e-01   75   75   61   61
 2.0444231879235306e+00   75   75   62   62
 4.2285529463104737e-01   75   75   63   63
 4.1153578988630934e-01   75   75   64   64
 1.7219123032557300e+00   75   75   65   65
 4.5472032017977754e-01   75   75   66   66
 1.7587738995895215e+00   75   75   67   67
 1.8400818847394449e+00   75   75   68   68
 1.9832163788217796e+00   75   75   69   69
 2.6133993311825101e+00   75   75   70   70
 2.0595111194066020e+00   75   75   71   71
 2.8468684868688219e+00   75   75   72   72
 3.7749264966155058e+00   75   75   73   73
 3.8181991046149708e+00   75   75   74   74
 8.4208384499999998e+00   75   75   75   75
 9.6285905696748941e-01   76   76    1    1
 9.5260368473043999e-01   76   76    2    2
 1.0347575853502478e+00   76   76    3    3
 1.0681921345229863e+00   76   76    4    4
 6.9845812311464661e-01   76   76    5    5
 7.1849652935979380e-01   76   76    6    6
 6.6851243219769940e-01   76   76    7    7
 6.1231156080171045e-01   76   76    8    8
 5.7267760813139179e-01   76   76    9    9
 6.0154101431922957e-01   76   76   10   10
 6.3587151231302319e-01   76   76   11   11
 5.7046318923986128e-01   76   76   12   12
 5.5489449520493250e-01   76   76   13   13
 5.4731879588502375e-01   76   76   14   14
 5.5404533751014406e-01   76   76   15   15
 5.6976745682930341e-01   76   76   16   16
 5.7814108975886513e-01   76   76   17   17
 5.3625055671087585e-01   76   76   18   18
 5.3654480099846491e-01   76   76   19   19
 5.0387765645334104e-01   76   76   20   20
 4.7445809681930945e-01   76   76   21   21
 4.3885466368215642e-01   76   76   22   22
 4.7345144734785882e-01   76   76   23   23
 5.0053337922148089e-01   76   76   24   24
 1.1170107466573398e+00   76   76   25   25
 9.8669485384164157e-01   76   76   26   26
 8.9125697991531649e-01   76   76   27   27
 8.8416398860365120e-01   76   76   28   28
 7.3017563040836175e-01   76   76   29   29
 9.7132477376369664e-01   76   76   30   30
 1.0991467775744701e+00   76   76   31   31
 1.5483230513280732e+00   76   76   32   32
 1.6347670417928002e+00   76   76   33   33
 2.0195612080614431e+00   76   76   34   34
 2.6901859879972236e+00   76   76   35   35
 2.3657279490774124e+00   76   76   36   36
 1.7870500675607230e+00   76   76   37   37
 7.4448387534182248e-01   76   76   38   38
 8.1634777910909773e-01   76   76   39   39
 8.6826205120833033e-01   76   76   40   40
 8.2678224489537044e-01   76   76   41   41
 7.5304384596707608e-01   76   76   42   42
 7.1924740734676840e-01   76   76   43   43
 1.1700923820579112e+00   76   76   44   44
 1.2643029269960071e+00   76   76   45   45
 1.1884680095491800e+00   76   76   46   46
 7.9121518227542320e-01   76   76   47   47
 7.7103100905915711e-01   76   76   48   48
 6.9945649024978840e-01   76   76   49   49
 6.5640406365748549e-01   76   76   50   50
 6.6935853112610422e-01   76   76   51   51
 1.1302673698236707e+00   76   76   52   52
 4.6636574422275434e-01   76   76   53   53
 4.4110854976600183e-01   76   76   54   54
 4.1870273827031018e-01   76   76   55   55
 4.1769982313780291e-01   76   76   56   56
 4.1202663814624613e-01   76   76   57   57
 4.0126862217092368e-01   76   76   58   58
 1.2228169664332149e+00   76   76   59   59
 4.1088370894114490e-01   76   76   60   60
 4.3322636793026653e-01   76   76   61   61
 1.6257827601846251e+00   76   76   62   62
 4.4662473262569125e-01   76   76   63   63
 4.3453685420023552e-01   76   76   64   64
 1.4174956493669346e+00   76   76   65   65
 4.6499452226045324e-01   76   76   66   66
 1.4630136166028844e+00   76   76   67   67
 1.5112876508330673e+00   76   76   68   68
 1.6797382427578231e+00   76   76   69   69
 2.1859096188279121e+00   76   76   70   70
 1.6101908140381926e+00   76   76   71   71
 2.0374273818210629e+00   76   76   72   72
 2.6172758105289806e+00   76   76   73   73
 2.7375994072299128e+00   76   76   74   74
 3.8465527836974456e+00   76   76   75   75
 8.4208384499999998e+00   76   76   76   76
 9.8703542342464934e-01   77   77    1    1
 9.8959952380496863e-01   77   77    2    2
 1.0971673990558173e+00   77   77    3    3
 1.0978240751170558e+00   77   77    4    4
 6.9537648191318269e-01   77   77    5    5
 7.1265339038347930e-01   77   77    6    6
 6.6201680107101268e-01   77   77    7    7
 6.0734482275260882e-01   77   77    8    8
 5.6743511861897766e-01   77   77    9    9
 5.9830096035731073e-01   77   77   10   10
 6.3360738492660518e-01   77   77   11   11
 5.6183576349163133e-01   77   77   12   12
 5.4672747394345100e-01   77   77   13   13
 5.3668325298132957e-01   77   77   14   14
 5.4009369643620897e-01   77   77   15   15
 5.5474113758026056e-01   77   77   16   16
 5.6572838594627894e-01   77   77   17   17
 5.3389040053919234e-01   77   77   18   18
 5.3747688922357206e-01   77   77   19   19
 5.0621736637026593e-01   77   77   20   20
 4.7546489717898660e-01   77   77   21   21
 4.2457022700502639e-01   77   77   22   22
 4.7221823224993975e-01   77   77   23   23
 4.9761407151901116e-01   77   77   24   24
 1.2593737013063082e+00   77   77   25   25
 1.0982711302837496e+00   77   77   26   26
 9.9047162511503728e-01   77   77   27   27
 9.8878990768504438e-01   77   77   28   28
 8.0035038913583889e-01   77   77   29   29
 1.0981445567052845e+00   77   77   30   30
 1.2519282316275728e+00   77   77   31   31
 1.7885086412214988e+00   77   77   32   32
 1.9966866123466942e+00   77   77   33   33
 2.6826094013481381e+00   77   77   34   34
 3.7365781052434550e+00   77   77   35   35
 2.6832786912322715e+00   77   77   36   36
 1.9969014612223550e+00   77   77   37   37
 7.4347607838603691e-01   77   77   38   38
 8.2073506367822990e-01   77   77   39   39
 8.7795328656658178e-01   77   77   40   40
 8.3261336555810994e-01   77   77   41   41
 7.5298210675135535e-01   77   77   42   42
 7.1688992037795729e-01   77   77   43   43
 1.2591737236946439e+00   77   77   44   44
 1.4136207878681055e+00   77   77   45   45
 1.2517017747058836e+00   77   77   46   46
 8.7789389642770821e-01   77   77   47   47
 8.5852477018167073e-01   77   77   48   48
 7.7181633636909963e-01   77   77   49   49
 7.1790350116996260e-01   77   77   50   50
 7.2990271415649965e-01   77   77   51   51
 1.1157924113772411e+00   77   77   52   52
 4.5022858663570009e-01   77   77   53   53
 4.2678098690403293e-01   77   77   54   54
 4.0581185582277374e-01   77   77   55   55
 4.0482162869332555e-01   77   77   56   56
 4.1504088942741607e-01   77   77   57   57
 4.0427659353367079e-01   77   77   58   58
 1.2102711058867002e+00   77   77   59   59
 4.1350272725033987e-01   77   77   60   60
 4.3531288427870596e-01   77   77   61   61
 1.5374751591113793e+00   77   77   62   62
 4.4861526511393396e-01   77   77   63   63
 4.3708861779512848e-01   77   77   64   64
 1.3510303101666337e+00   77   77   65   65
 4.4889779360886906e-01   77   77   66   66
 1.4241857898423245e+00   77   77   67   67
 1.2706346900527836e+00   77   77   68   68
 1.3650202755917140e+00   77   77   69   69
 1.6746414547781849e+00   77   77   70   70
 1.3742109437324295e+00   77   77   71   71
 1.6964352587081619e+00   77   77   72   72
 1.9766499357910112e+00   77   77   73   73
 2.4875809817176053e+00   77   77   74   74
 2.7496238729898765e+00   77   77   75   75
 3.8291571272486626e+00   77   77   76   76
 8.4208384499999998e+00   77   77   77   77
 7.9384545843784815e-01   78   78    1    1
 7.9697859047960040e-01   78   78    2    2
 8.6963120383039005e-01   78   78    3    3
 8.6629805597214404e-01   78   78    4    4
 5.9339299371488885e-01   78   78    5    5
 6.0709943036054781e-01   78   78    6    6
 5.7101607599522619e-01   78   78    7    7
 5.2944667904820775e-01   78   78    8    8
 4.9968877144827195e-01   78   78    9    9
 5.2156017059320037e-01   78   78   10   10
 5.4771621751244071e-01   78   78   11   11
 4.9677945021307990e-01   78   78   12   12
 4.8632563456964018e-01   78   78   13   13
 4.8002290169105488e-01   78   78   14   14
 4.8327636607946711e-01   78   78   15   15
 4.9362271849470668e-01   78   78   16   16
 5.0039097327787463e-01   78   78   17   17
 4.7323072165231056e-01   78   78   18   18
 4.7600214731404822e-01   78   78   19   19
 4.5139121735933424e-01   78   78   20   20
 4.2668258827824818e-01   78   78   21   21
 3.9742328136348520e-01   78   78   22   22
 4.2404683091507356e-01   78   78   23   23
 4.4453714303090924e-01   78   78   24   24
 1.0043013017819991e+00   78   78   25   25
 9.0411485546663406e-01   78   78   26   26
 8.4222650480427830e-01   78   78   27   27
 8.5317349551440624e-01   78   78   28   28
 7.1448059879250492e-01   78   78   29   29
 9.3470678297676313e-01   78   78   30   30
 1.0211673109232786e+00   78   78   31   31
 1.2739780453214444e+00   78   78   32   32
 1.4291989159227707e+00   78   78   33   33
 1.7810999759086394e+00   78   78   34   34
 1.9889763447138300e+00   78   78   35   35
 1.6241353316726441e+00   78   78   36   36
 1.3485724590497510e+00   78   78   37   37
 6.2774667178415089e-01   78   78   38   38
 6.8171547978445590e-01   78   78   39   39
 7.2137212704676923e-01   78   78   40   40
 6.9240725522148105e-01   78   78   41   41
 6.3656574953324596e-01   78   78   42   42
 6.0942181801313677e-01   78   78   43   43
 9.6949025349474915e-01   78   78   44   44
 1.0741178479061997e+00   78   78   45   45
 9.6193263299062126e-01   78   78   46   46
 7.7984983806739838e-01   78   78   47   47
 7.7886840634493326e-01   78   78   48   48
 7.1277223836418802e-01   78   78   49   49
 6.6215513793034630e-01   78   78   50   50
 6.6360543815945672e-01   78   78   51   51
 1.5305017597376398e+00   78   78   52   52
 4.1740640185385219e-01   78   78   53   53
 3.9644941428105102e-01   78   78   54   54
 3.7887726042545533e-01   78   78   55   55
 3.7926896343620653e-01   78   78   56   56
 3.7719031861698904e-01   78   78   57   57
 3.6871379931613291e-01   78   78   58   58
 1.7007426233935692e+00   78   78   59   59
 3.7679128883679880e-01   78   78   60   60
 3.9474623532117858e-01   78   78   61   61
 2.3010704618034379e+00   78   78   62   62
 4.0500520194031697e-01   78   78   63   63
 3.9516952398135968e-01   78   78   64   64
 1.9047368274411947e+00   78   78   65   65
 4.1795339428543421e-01   78   78   66   66
 2.1007571087588830e+00   78   78   67   67
 1.3791688667630189e+00   78   78   68   68
 1.3782055770460941e+00   78   78   69   69
 1.6094159767520388e+00   78   78   70   70
 1.6107515736385203e+00   78   78   71   71
 2.0555895263114388e+00   78   78   72   72
 2.0598267514904274e+00   78   78   73   73
 3.8567593925477088e+00   78   78   74   74
 2.7333724840228433e+00   78   78   75   75
 2.4650956169619880e+00   78   78   76   76
 2.7229822204802931e+00   78   78   77   77
 8.4208384499999998e+00   78   78   78   78
 8.8232792507357305e-01   79   79    1    1
 8.9021863919463695e-01   79   79    2    2
 9.8542655957840886e-01   79   79    3    3
 9.7054763166100655e-01   79   79    4    4
 6.3680502744122669e-01   79   79    5    5
 6.5100507403296359e-01   79   79    6    6
 6.0871999757570439e-01   79   79    7    7
 5.6221507932142389e-01   79   79    8    8
 5.2806376633914376e-01   79   79    9    9
 5.5446458823122180e-01   79   79   10   10
 5.8480212974639934e-01   79   79   11   11
 5.2276159870948880e-01   79   79   12   12
 5.1048871228170090e-01   79   79   13   13
 5.0165732172584054e-01   79   79   14   14
 5.0377200830306912e-01   79   79   15   15
 5.1560525485052322e-01   79   79   16   16
 5.2512144101531910e-01   79   79   17   17
 4.9966760892639056e-01   79   79   18   18
 5.0408893058772808e-01   79   79   19   19
 4.7720159033924858e-01   79   79   20   20
 4.4933109472658866e-01   79   79   21   21
 4.0442790083152769e-01   79   79   22   22
 4.4551809555378191e-01   79   79   23   23
 4.6747768290862585e-01   79   79   24   24
 1.1699797209379610e+00   79   79   25   25
 1.0356777133992066e+00   79   79   26   26
 9.5348165639162874e-01   79   79   27   27
 9.6444761975728188e-01   79   79   28   28
 7.8846462585873467e-01   79   79   29   29
 1.0683593072693078e+00   79   79   30   30
 1.1882163533120209e+00   79   79   31   31
 1.5472961933520262e+00   79   79   32   32
 1.7861476687769080e+00   79   79   33   33
 2.3645048586544726e+00   79   79   34   34
 2.6870598642117534e+00   79   79   35   35
 2.0173231559754381e+00   79   79   36   36
 1.6333169306971747e+00   79   79   37   37
 6.7746800230294435e-01   79   79   38   38
 7.4257845066949768e-01   79   79   39   39
 7.9094938939835069e-01   79   79   40   40
 7.5438511466761793e-01   79   79   41   41
 6.8699671032724241e-01   79   79   42   42
 6.5535474505721636e-01   79   79   43   43
 1.1163206662269256e+00   79   79   44   44
 1.2636676911321987e+00   79   79   45   45
 1.0982640050980839e+00   79   79   46   46
 8.6835437020976780e-01   79   79   47   47
 8.6231897086064868e-01   79   79   48   48
 7.7938534937382975e-01   79   79   49   49
 7.2051958263189630e-01   79   79   50   50
 7.2498188548979337e-01   79   79   51   51
 1.2643036260938043e+00   79   79   52   52
 4.2634954607855452e-01   79   79   53   53
 4.0492259752937709e-01   79   79   54   54
 3.8632188902319820e-01   79   79   55   55
 3.8607248685032697e-01   79   79   56   56
 3.9589932449130949e-01   79   79   57   57
 3.8642137578020685e-01   79   79   58   58
 1.3842049467734885e+00   79   79   59   59
 3.9484644182929673e-01   79   79   60   60
 4.1427074205785841e-01   79   79   61   61
 1.7416150323385922e+00   79   79   62   62
 4.2580952144377721e-01   79   79   63   63
 4.1546205175436562e-01   79   79   64   64
 1.5121579451440521e+00   79   79   65   65
 4.2603885517969053e-01   79   79   66   66
 1.6350611895443872e+00   79   79   67   67
 1.2325330082611949e+00   79   79   68   68
 1.2733590885449646e+00   79   79   69   69
 1.5099783104391649e+00   79   79   70   70
 1.3789919556589632e+00   79   79   71   71
 1.7085482043867728e+00   79   79   72   72
 1.8398109889367826e+00   79   79   73   73
 2.7738306731517368e+00   79   79   74   74
 2.4989760631299025e+00   79   79   75   75
 2.7404120838248853e+00   79   79   76   76
 3.8179149417055607e+00   79   79   77   77
 3.8478183219170430e+00   79   79   78   78
 8.4208384499999998e+00   79   79   79   79
 6.5208637565489669e-01   80   80    1    1
 6.5314769522316807e-01   80   80    2    2
 6.1666857018497878e-01   80   80    3    3
 6.1349950843236722e-01   80   80    4    4
 8.8246727258875990e-01   80   80    5    5
 9.7065656980529069e-01   80   80    6    6
 1.0983436680428873e+00   80   80    7    7
 1.1163541533011028e+00   80   80    8    8
 1.2636246061151264e+00   80   80    9    9
 9.8550205300829274e-01   80   80   10   10
 8.9036629758241881e-01   80   80   11   11
 1.5472634257581588e+00   80   80   12   12
 1.7860524223154310e+00   80   80   13   13
 2.3643173447499746e+00   80   80   14   14
 2.6870626901258361e+00   80   80   15   15
 2.0174295545880554e+00   80   80   16   16
 1.6334015663920651e+00   80   80   17   17
 1.1698715809509730e+00   80   80   18   18
 1.0356503063564300e+00   80   80   19   19
 9.5357612810402292e-01   80   80   20   20
 9.6460290574760843e-01   80   80   21   21
 1.3056484292210446e+00   80   80   22   22
 1.0684422288869655e+00   80   80   23   23
 1.1881059811967625e+00   80   80   24   24
 5.2530345723392269e-01   80   80   25   25
 5.0786871342055462e-01   80   80   26   26
 4.8583926115200909e-01   80   80   27   27
 4.7866886720911905e-01   80   80   28   28
 4.6164045508503282e-01   80   80   29   29
 4.9265812189998198e-01   80   80   30   30
 5.1558987229579223e-01   80   80   31   31
 5.3930992927478139e-01   80   80   32   32
 5.0228700682089367e-01   80   80   33   33
 4.9062480539994019e-01   80   80   34   34
 5.1144470371429918e-01   80   80   35   35
 5.5116744664032880e-01   80   80   36   36
 5.6692517564434197e-01   80   80   37   37
 7.9094833897485439e-01   80   80   38   38
 7.5435291963665996e-01   80   80   39   39
 6.8676940570237688e-01   80   80   40   40
 6.5600692321504273e-01   80   80   41   41
 6.7883687144896965e-01   80   80   42   42
 7.4292018177370633e-01   80   80   43   43
 5.8303642929370991e-01   80   80   44   44
 5.4954210205587384e-01   80   80   45   45
 5.8362818946300365e-01   80   80   46   46
 4.5552509038689298e-01   80   80   47   47
 4.2898057505861070e-01   80   80   48   48
 4.1117418328351141e-01   80   80   49   49
 4.1522259767055042e-01   80   80   50   50
 4.3912108446123332e-01   80   80   51   51
 3.7891509487783748e-01   80   80   52   52
 1.7414852961559584e+00   80   80   53   53
 1.6338782451431790e+00   80   80   54   54
 1.3816754105288973e+00   80   80   55   55
 1.2615113119036261e+00   80   80   56   56
 7.2515909399604972e-01   80   80   57   57
 7.2081596777699097e-01   80   80   58   58
 3.9392642470035655e-01   80   80   59   59
 7.7981916823953801e-01   80   80   60   60
 8.6278016599632235e-01   80   80   61   61
 4.2084466168778728e-01   80   80   62   62
 8.6860835391325231e-01   80   80   63   63
 7.8859159955996638e-01   80   80   64   64
 4.0259849612507470e-01   80   80   65   65
 1.5104317521732162e+00   80   80   66   66
 4.1577829174560710e-01   80   80   67   67
 4.7241101870440139e-01   80   80   68   68
 5.0241338916170974e-01   80   80   69   69
 5.1299953883087546e-01   80   80   70   70
 4.5404118963166812e-01   80   80   71   71
 4.6185615477014363e-01   80   80   72   72
 4.8995639759909043e-01   80   80   73   73
 4.5949277949272671e-01   80   80   74   74
 4.8819071470968628e-01   80   80   75   75
 5.0822587350338200e-01   80   80   76   76
 4.9457407430194905e-01   80   80   77   77
 4.4911854981272942e-01   80   80   78   78
 4.6470176003091035e-01   80   80   79   79
 8.4208384499999998e+00   80   80   80   80
 7.1021150095196039e-01   81   81    1    1
 7.0762099061576234e-01   81   81    2    2
 6.6378111792866212e-01   81   81    3    3
 6.6630989422232112e-01   81   81    4    4
 9.8726925287117873e-01   81   81    5    5
 1.0980495034616120e+00   81   81    6    6
 1.2518940627597790e+00   81   81    7    7
 1.2592729446129438e+00   81   81    8    8
 1.4136189158915271e+00   81   81    9    9
 1.0972974926544996e+00   81   81   10   10
 9.8982455817883219e-01   81   81   11   11
 1.7884960328648025e+00   81   81   12   12
 1.9966520681455369e+00   81   81   13   13
 2.6825656221392036e+00   81   81   14   14
 3.7366042222880322e+00   81   81   15   15
 2.6833482513009548e+00   81   81   16   16
 1.9969757311761451e+00   81   81   17   17
 1.2592924476651439e+00   81   81   18   18
 1.0982914928784433e+00   81   81   19   19
 9.9058530803114897e-01   81   81   20   20
 9.8892658074533724e-01   81   81   21   21
 1.1623235576151831e+00   81   81   22   22
 1.0981936281835305e+00   81   81   23   23
 1.2518002862455417e+00   81   81   24   24
 5.5772374509287126e-01   81   81   25   25
 5.3825281026735117e-01   81   81   26   26
 5.1226531962065791e-01   81   81   27   27
 5.0284878336709304e-01   81   81   28   28
 4.8140469409788472e-01   81   81   29   29
 5.1798439216571657e-01   81   81   30   30
 5.4483069379433779e-01   81   81   31   31
 5.7577040906557875e-01   81   81   32   32
 5.3399136038920370e-01   81   81   33   33
 5.2090601032987516e-01   81   81   34   34
 5.4419286573508563e-01   81   81   35   35
 5.8918993857315627e-01   81   81   36   36
 6.0728705158339025e-01   81   81   37   37
 8.7799900651197471e-01   81   81   38   38
 8.3267524912757240e-01   81   81   39   39
 7.5281795276978924e-01   81   81   40   40
 7.1779711333071350e-01   81   81   41   41
 7.4519856899693193e-01   81   81   42   42
 8.2120241274334516e-01   81   81   43   43
 6.2666983383972785e-01   81   81   44   44
 5.8696315956606238e-01   81   81   45   45
 6.3004322563722237e-01   81   81   46   46
 4.7623298184431206e-01   81   81   47   47
 4.4760397627849402e-01   81   81   48   48
 4.2748281044472131e-01   81   81   49   49
 4.3075867261716649e-01   81   81   50   50
 4.5607093739537374e-01   81   81   51   51
 3.9482231069460744e-01   81   81   52   52
 1.5374564157579889e+00   81   81   53   53
 1.4241373084872571e+00   81   81   54   54
 1.2087975642477193e+00   81   81   55   55
 1.1135730434891300e+00   81   81   56   56
 7.3000889137451896e-01   81   81   57   57
 7.1812971990756969e-01   81   81   58   58
 4.1056004706301874e-01   81   81   59   59
 7.7218229891043499e-01   81   81   60   60
 8.5893520350069252e-01   81   81   61   61
 4.4128140636950841e-01   81   81   62   62
 8.7810029950987589e-01   81   81   63   63
 8.0040859496842620e-01   81   81   64   64
 4.2181106378690369e-01   81   81   65   65
 1.3490196907259113e+00   81   81   66   66
 4.3467189598464512e-01   81   81   67   67
 4.9874375253332859e-01   81   81   68   68
 5.3311267676825969e-01   81   81   69   69
 5.4572992839462253e-01   81   81   70   70
 4.7819853031802040e-01   81   81   71   71
 4.8729370657034465e-01   81   81   72   72
 5.1939977597902987e-01   81   81   73   73
 4.8484282376131010e-01   81   81   74   74
 5.1754113896529885e-01   81   81   75   75
 5.4066545001019117e-01   81   81   76   76
 5.2489070579897890e-01   81   81   77   77
 4.7314396435953021e-01   81   81   78   78
 4.9075756034948814e-01   81   81   79   79
 3.8179063009568344e+00   81   81   80   80
 8.4208384499999998e+00   81   81   81   81
 7.1202771958506417e-01   82   82    1    1
 7.0443782516443254e-01   82   82    2    2
 6.6238708989235451e-01   82   82    3    3
 6.7330830863198354e-01   82   82    4    4
 9.6318386816313184e-01   82   82    5    5
 1.0685501653449203e+00   82   82    6    6
 1.1887695176580464e+00   82   82    7    7
 1.1702464255258198e+00   82   82    8    8
 1.2643469259416391e+00   82   82    9    9
 1.0349194222127915e+00   82   82   10   10
 9.5287808095398696e-01   82   82   11   11
 1.5483420027211223e+00   82   82   12   12
 1.6347987154189858e+00   82   82   13   13
 2.0196261437730252e+00   82   82   14   14
 2.6901991506840099e+00   82   82   15   15
 2.3656704508834228e+00   82   82   16   16
 1.7870638394896494e+00   82   82   17   17
 1.1169716506746519e+00   82   82   18   18
 9.8674903544674797e-01   82   82   19   19
 8.9135779198071763e-01   82   82   20   20
 8.8424908878889719e-01   82   82   21   21
 1.1933150135985444e+00   82   82   22   22
 9.7131777051767909e-01   82   82   23   23
 1.0990209513839799e+00   82   82   24   24
 5.5791930715325566e-01   82   82   25   25
 5.3657578754476443e-01   82   82   26   26
 5.0879904180417301e-01   82   82   27   27
 4.9903147721205637e-01   82   82   28   28
 4.7412521561187504e-01   82   82   29   29
 5.1536752333619840e-01   82   82   30   30
 5.4422056698643073e-01   82   82   31   31
 5.8313360882392418e-01   82   82   32   32
 5.4153373688565209e-01   82   82   33   33
 5.3072416304508441e-01   82   82   34   34
 5.5715934657195332e-01   82   82   35   35
 6.0353497610124629e-01   82   82   36   36
 6.1845082691670916e-01   82   82   37   37
 8.6838358140134086e-01   82   82   38   38
 8.2699760803564970e-01   82   82   39   39
 7.5316389902899883e-01   82   82   40   40
 7.2045268592788847e-01   82   82   41   41
 7.4638926738254907e-01   82   82   42   42
 8.1692354028978664e-01   82   82   43   43
 6.2997076242557393e-01   82   82   44   44
 5.9052371534435910e-01   82   82   45   45
 6.3689900470658234e-01   82   82   46   46
 4.7127387372267854e-01   82   82   47   47
 4.4390616103445618e-01   82   82   48   48
 4.2309305048481527e-01   82   82   49   49
 4.2473624080610189e-01   82   82   50   50
 4.4852264826314769e-01   82   82   51   51
 4.0670293650961314e-01   82   82   52   52
 1.6258382981644550e+00   82   82   53   53
 1.4634341326598013e+00   82   82   54   54
 1.2215522625957105e+00   82   82   55   55
 1.1279745765079485e+00   82   82   56   56
 6.6940099410879350e-01   82   82   57   57
 6.5655693005850557e-01   82   82   58   58
 4.2278873076933393e-01   82   82   59   59
 6.9973105964499327e-01   82   82   60   60
 7.7133939648032313e-01   82   82   61   61
 4.5620930237313545e-01   82   82   62   62
 7.9134801448476610e-01   82   82   63   63
 7.3017440884966012e-01   82   82   64   64
 4.3606926193029188e-01   82   82   65   65
 1.4148511393720087e+00   82   82   66   66
 4.4839312274216947e-01   82   82   67   67
 5.2363138092295358e-01   82   82   68   68
 5.6134177648137107e-01   82   82   69   69
 5.7255278393424225e-01   82   82   70   70
 4.9946470750940197e-01   82   82   71   71
 5.0739292446267392e-01   82   82   72   72
 5.4163221681385887e-01   82   82   73   73
 5.0109765155299657e-01   82   82   74   74
 5.3675862834062460e-01   82   82   75   75
 5.5935401356210879e-01   82   82   76   76
 5.3964292366956368e-01   82   82   77   77
 4.8659409754818345e-01   82   82   78   78
 5.0339634320718596e-01   82   82   79   79
 2.7403369088167424e+00   82   82   80   80
 3.8290715912463629e+00   82   82   81   81
 8.4208384499999998e+00   82   82   82   82
 6.0794691700193970e-01   83   83    1    1
 6.0821257280812191e-01   83   83    2    2
 5.7794496832943620e-01   83   83    3    3
 5.7630851589324050e-01   83   83    4    4
 7.9398524234781120e-01   83   83    5    5
 8.6642034318031602e-01   83   83    6    6
 9.6202424333116077e-01   83   83    7    7
 9.6953133748448195e-01   83   83    8    8
 1.0740955141499742e+00   83   83    9    9
 8.6970095564779437e-01   83   83   10   10
 7.9711473307638037e-01   83   83   11   11
 1.2739650768682929e+00   83   83   12   12
 1.4291579925619815e+00   83   83   13   13
 1.7810364107072780e+00   83   83   14   14
 1.9889974738238188e+00   83   83   15   15
 1.6242039106683548e+00   83   83   16   16
 1.3486310028343003e+00   83   83   17   17
 1.0042208989664341e+00   83   83   18   18
 9.0409907844745907e-01   83   83   19   19
 8.4230315144469592e-01   83   83   20   20
 8.5329034024234829e-01   83   83   21   21
 1.5916521687079626e+00   83   83   22   22
 9.3475263512627871e-01   83   83   23   23
 1.0210677748270836e+00   83   83   24   24
 4.9839934147815063e-01   83   83   25   25
 4.8125323780672985e-01   83   83   26   26
 4.6091466419541366e-01   83   83   27   27
 4.5512863220334815e-01   83   83   28   28
 4.3878748040355547e-01   83   83   29   29
 4.6906052009926469e-01   83   83   30   30
 4.9044782778238016e-01   83   83   31   31
 5.1421003292640310e-01   83   83   32   32
 4.8102911093830403e-01   83   83   33   33
 4.7202858106840684e-01   83   83   34   34
 4.9295894169688365e-01   83   83   35   35
 5.2937264944093776e-01   83   83   36   36
 5.4126590703853505e-01   83   83   37   37
 7.2138811828567762e-01   83   83   38   38
 6.9241018606210658e-01   83   83   39   39
 6.3646811120660918e-01   83   83   40   40
 6.1008195628798001e-01   83   83   41   41
 6.2898811031360635e-01   83   83   42   42
 6.8204098998299723e-01   83   83   43   43
 5.4995568559187269e-01   83   83   44   44
 5.2118940659759649e-01   83   83   45   45
 5.5090091717568157e-01   83   83   46   46
 4.3379365821602800e-01   83   83   47   47
 4.0988880054147547e-01   83   83   48   48
 3.9337052281642265e-01   83   83   49   49
 3.9669645412415333e-01   83   83   50   50
 4.1822679622427017e-01   83   83   51   51
 3.7386703064687526e-01   83   83   52   52
 2.3007886558604365e+00   83   83   53   53
 2.0971142837040517e+00   83   83   54   54
 1.6960604328806437e+00   83   83   55   55
 1.5263445335921475e+00   83   83   56   56
 6.6375920624000739e-01   83   83   57   57
 6.6241690696142830e-01   83   83   58   58
 3.8849387427751192e-01   83   83   59   59
 7.1314937431651415e-01   83   83   60   60
 7.7925264929447979e-01   83   83   61   61
 4.1400640396839122e-01   83   83   62   62
 7.8005584237923575e-01   83   83   63   63
 7.1458596691153475e-01   83   83   64   64
 3.9634937977310564e-01   83   83   65   65
 1.9027839302765017e+00   83   83   66   66
 4.0943550881491741e-01   83   83   67   67
 4.6732654249878330e-01   83   83   68   68
 4.9571703430777608e-01   83   83   69   69
 5.0361754736824249e-01   83   83   70   70
 4.4839199055284845e-01   83   83   71   71
 4.5427270577156020e-01   83   83   72   72
 4.8035943148369603e-01   83   83   73   73
 4.4933520537150734e-01   83   83   74   74
 4.7665611226747273e-01   83   83   75   75
 4.9376692856313792e-01   83   83   76   76
 4.7924691788628770e-01   83   83   77   77
 4.3813890532449828e-01   83   83   78   78
 4.5145370526556017e-01   83   83   79   79
 3.8478655372468493e+00   83   83   80   80
 2.7230166685098252e+00   83   83   81   81
 2.4650633503265982e+00   83   83   82   82
 8.4208384499999998e+00   83   83   83   83
 6.0977499923142642e-01   84   84    1    1
 6.0692276033229287e-01   84   84    2    2
 5.7763646893311571e-01   84   84    3    3
 5.8135419448848646e-01   84   84    4    4
 7.8305488423553193e-01   84   84    5    5
 8.5383019078342604e-01   84   84    6    6
 9.3567562600200316e-01   84   84    7    7
 9.3081868959403868e-01   84   84    8    8
 1.0094555241573535e+00   84   84    9    9
 8.4036413373227170e-01   84   84   10   10
 7.7942842719345928e-01   84   84   11   11
 1.1871408067445579e+00   84   84   12   12
 1.2902062106022438e+00   84   84   13   13
 1.5662354202122728e+00   84   84   14   14
 1.8153346853637153e+00   84   84   15   15
 1.5619013434643925e+00   84   84   16   16
 1.2879214785657773e+00   84   84   17   17
 9.3194492048770627e-01   84   84   18   18
 8.4206191559093813e-01   84   84   19   19
 7.8140937989154835e-01   84   84   20   20
 7.8600061860321035e-01   84   84   21   21
 1.6749227973419989e+00   84   84   22   22
 8.5615367861069047e-01   84   84   23   23
 9.3750876516523818e-01   84   84   24   24
 4.9894313070420415e-01   84   84   25   25
 4.8046794739640891e-01   84   84   26   26
 4.5878172394390870e-01   84   84   27   27
 4.5266556343327419e-01   84   84   28   28
 4.3363375557576567e-01   84   84   29   29
 4.6747921787002117e-01   84   84   30   30
 4.9038004412471681e-01   84   84   31   31
 5.1975977775798354e-01   84   84   32   32
 4.8678619864966866e-01   84   84   33   33
 4.7950477512047474e-01   84   84   34   34
 5.0271457262999142e-01   84   84   35   35
 5.3991933156598626e-01   84   84   36   36
 5.4942650664696702e-01   84   84   37   37
 7.1728560104593952e-01   84   84   38   38
 6.9020470306189829e-01   84   84   39   39
 6.3749259643958489e-01   84   84   40   40
 6.1244441993606902e-01   84   84   41   41
 6.3053100909737980e-01   84   84   42   42
 6.8065511740849816e-01   84   84   43   43
 5.5266902918179783e-01   84   84   44   44
 5.2408280758586612e-01   84   84   45   45
 5.5592603550904918e-01   84   84   46   46
 4.3038557275192418e-01   84   84   47   47
 4.0734464739028281e-01   84   84   48   48
 3.9022608729095931e-01   84   84   49   49
 3.9228122870362653e-01   84   84   50   50
 4.1273196180591287e-01   84   84   51   51
 3.8389276681496359e-01   84   84   52   52
 2.6855692013963277e+00   84   84   53   53
 2.2398279191596182e+00   84   84   54   54
 1.7306133378320576e+00   84   84   55   55
 1.5624876461341568e+00   84   84   56   56
 6.1860576914435650e-01   84   84   57   57
 6.1448168796620928e-01   84   84   58   58
 3.9879218991942056e-01   84   84   59   59
 6.5640898222651012e-01   84   84   60   60
 7.1400363086714103e-01   84   84   61   61
 4.2624811589763306e-01   84   84   62   62
 7.1940661766906133e-01   84   84   63   63
 6.6497316204520229e-01   84   84   64   64
 4.0809668211577993e-01   84   84   65   65
 2.1166464018547968e+00   84   84   66   66
 4.2082954632277503e-01   84   84   67   67
 4.8749705668777221e-01   84   84   68   68
 5.1804510526859704e-01   84   84   69   69
 5.2439449453569942e-01   84   84   70   70
 4.6570462945931823e-01   84   84   71   71
 4.7038402137224605e-01   84   84   72   72
 4.9775351389182354e-01   84   84   73   73
 4.6221025896833839e-01   84   84   74   74
 4.9156714320426315e-01   84   84   75   75
 5.0795160102374681e-01   84   84   76   76
 4.9051414066512533e-01   84   84   77   77
 4.4881638753158737e-01   84   84   78   78
 4.6133645206044194e-01   84   84   79   79
 2.7737163096147750e+00   84   84   80   80
 2.4875049431494687e+00   84   84   81   81
 2.7374851004922185e+00   84   84   82   82
 3.8565981702539180e+00   84   84   83   83
 8.4208384499999998e+00   84   84   84   84
 6.5569299216995847e-01   85   85    1    1
 6.4904465130031019e-01   85   85    2    2
 6.1515449899002073e-01   85   85    3    3
 6.2510248668319313e-01   85   85    4    4
 8.5111039731132665e-01   85   85    5    5
 9.3362489259852188e-01   85   85    6    6
 1.0208155818910796e+00   85   85    7    7
 1.0043795284543109e+00   85   85    8    8
 1.0755383624132968e+00   85   85    9    9
 9.0322476839353727e-01   85   85   10   10
 8.4102386980412414e-01   85   85   11   11
 1.2763154547809445e+00   85   85   12   12
 1.3532907870832607e+00   85   85   13   13
 1.6325284027584517e+00   85   85   14   14
 1.9979606241891497e+00   85   85   15   15
 1.7825722467835832e+00   85   85   16   16
 1.4301283108392460e+00   85   85   17   17
 9.7144513877622374e-01   85   85   18   18
 8.7191784879385170e-01   85   85   19   19
 7.9927081215677731e-01   85   85   20   20
 7.9701627097484140e-01   85   85   21   21
 1.3964260710605918e+00   85   85   22   22
 8.6885469734512222e-01   85   85   23   23
 9.6444944322578174e-01   85   85   24   24
 5.2608952079477400e-01   85   85   25   25
 5.0555072022917202e-01   85   85   26   26
 4.8045513708355658e-01   85   85   27   27
 4.7259946213700266e-01   85   85   28   28
 4.4952749155371502e-01   85   85   29   29
 4.8861670228166620e-01   85   85   30   30
 5.1498907270970107e-01   85   85   31   31
 5.5188921633764743e-01   85   85   32   32
 5.1528014872773298e-01   85   85   33   33
 5.0753941037128669e-01   85   85   34   34
 5.3365136616027853e-01   85   85   35   35
 5.7541176351697143e-01   85   85   36   36
 5.8569885345751105e-01   85   85   37   37
 7.7860963935175598e-01   85   85   38   38
 7.4727643294803481e-01   85   85   39   39
 6.8824827093342222e-01   85   85   40   40
 6.6091296054116189e-01   85   85   41   41
 6.8159908098218147e-01   85   85   42   42
 7.3791638034519114e-01   85   85   43   43
 5.8891262802763800e-01   85   85   44   44
 5.5585681367958650e-01   85   85   45   45
 5.9512293547277473e-01   85   85   46   46
 4.4739320179504655e-01   85   85   47   47
 4.2290949646143006e-01   85   85   48   48
 4.0382046755246659e-01   85   85   49   49
 4.0501569455607972e-01   85   85   50   50
 4.2637721499767900e-01   85   85   51   51
 4.0061398104001855e-01   85   85   52   52
 2.0445539527864103e+00   85   85   53   53
 1.7590499134589781e+00   85   85   54   54
 1.4174169171856632e+00   85   85   55   55
 1.3016393864547993e+00   85   85   56   56
 6.2050593014447186e-01   85   85   57   57
 6.1180852044023804e-01   85   85   58   58
 4.1623481839292892e-01   85   85   59   59
 6.5076411634464049e-01   85   85   60   60
 7.1051840534843025e-01   85   85   61   61
 4.4770330610250880e-01   85   85   62   62
 7.2326580379603400e-01   85   85   63   63
 6.7067570834945578e-01   85   85   64   64
 4.2831800499261308e-01   85   85   65   65
 1.7181177164317052e+00   85   85   66   66
 4.4062581086855457e-01   85   85   67   67
 5.1701141587384114e-01   85   85   68   68
 5.5236039059755970e-01   85   85   69   69
 5.5988338773903701e-01   85   85   70   70
 4.9221021216367949e-01   85   85   71   71
 4.9761022845278391e-01   85   85   72   72
 5.2899090602229615e-01   85   85   73   73
 4.8818770931412336e-01   85   85   74   74
 5.2174809790578347e-01   85   85   75   75
 5.4044821833410595e-01   85   85   76   76
 5.2007385726716748e-01   85   85   77   77
 4.7287560475267709e-01   85   85   78   78
 4.8683080108267957e-01   85   85   79   79
 2.4989457547028633e+00   85   85   80   80
 2.7496613184358996e+00   85   85   81   81
 3.8466740396884487e+00   85   85   82   82
 2.7333110423282845e+00   85   85   83   83
 3.8179652005710629e+00   85   85   84   84
 8.4208384499999998e+00   85   85   85   85
 5.8433342702096769e-01   86   86    1    1
 5.7796771172669426e-01   86   86    2    2
 5.5335633577439047e-01   86   86    3    3
 5.6354920889660476e-01   86   86    4    4
 7.1927997304876057e-01   86   86    5    5
 7.7779923419494834e-01   86   86    6    6
 8.3179915121369441e-01   86   86    7    7
 8.1637452131023380e-01   86   86    8    8
 8.6044853725861981e-01   86   86    9    9
 7.4928951152769974e-01   86   86   10   10
 7.0877892786966290e-01   86   86   11   11
 9.8425999298866573e-01   86   86   12   12
 1.0337744238455462e+00   86   86   13   13
 1.1952087584078552e+00   86   86   14   14
 1.3670507343583067e+00   86   86   15   15
 1.2649879729762563e+00   86   86   16   16
 1.0762635583045244e+00   86   86   17   17
 7.9303640884938797e-01   86   86   18   18
 7.2574646517941654e-01   86   86   19   19
 6.7570340172744359e-01   86   86   20   20
 6.7580730118355670e-01   86   86   21   21
 1.7284204561627734e+00   86   86   22   22
 7.2786926261611895e-01   86   86   23   23
 7.9118515520152399e-01   86   86   24   24
 4.8313447721293185e-01   86   86   25   25
 4.6384536433290829e-01   86   86   26   26
 4.4191746876217292e-01   86   86   27   27
 4.3611361850137403e-01   86   86   28   28
 4.1487238640059487e-01   86   86   29   29
 4.5147089136295565e-01   86   86   30   30
 4.7481359469623230e-01   86   86   31   31
 5.0996440953657207e-01   86   86   32   32
 4.8000683589237270e-01   86   86   33   33
 4.7635634349881950e-01   86   86   34   34
 5.0190516900008431e-01   86   86   35   35
 5.3724542070312231e-01   86   86   36   36
 5.4152875152110713e-01   86   86   37   37
 6.7057577576759764e-01   86   86   38   38
 6.4970966481767689e-01   86   86   39   39
 6.0748118365660986e-01   86   86   40   40
 5.8674540688384136e-01   86   86   41   41
 6.0151688032914608e-01   86   86   42   42
 6.4182886060348476e-01   86   86   43   43
 5.3499407885838690e-01   86   86   44   44
 5.0958055661672985e-01   86   86   45   45
 5.4097491536190134e-01   86   86   46   46
 4.1404123957941197e-01   86   86   47   47
 3.9352070460323452e-01   86   86   48   48
 3.7657866515388622e-01   86   86   49   49
 3.7689441960187475e-01   86   86   50   50
 3.9483216743338245e-01   86   86   51   51
 3.9349805226776285e-01   86   86   52   52
 2.6831805352287335e+00   86   86   53   53
 2.1180555698600445e+00   86   86   54   54
 1.6753434363096043e+00   86   86   55   55
 1.5617507612703192e+00   86   86   56   56
 5.4636066693814622e-01   86   86   57   57
 5.4122405054424094e-01   86   86   58   58
 4.0825380255757321e-01   86   86   59   59
 5.7252504962358786e-01   86   86   60   60
 6.1679588080127934e-01   86   86   61   61
 4.3724101794522485e-01   86   86   62   62
 6.2365601263372406e-01   86   86   63   63
 5.8368943474135460e-01   86   86   64   64
 4.1913978771941490e-01   86   86   65   65
 2.2353118346281935e+00   86   86   66   66
 4.3092020110588736e-01   86   86   67   67
 5.1031212579691188e-01   86   86   68   68
 5.4217604867685576e-01   86   86   69   69
 5.4400057238105204e-01   86   86   70   70
 4.8423040131303419e-01   86   86   71   71
 4.8565917395218278e-01   86   86   72   72
 5.1290416111079284e-01   86   86   73   73
 4.7131944874346215e-01   86   86   74   74
 5.0202723920915315e-01   86   86   75   75
 5.1518644725917595e-01   86   86   76   76
 4.9372587698981041e-01   86   86   77   77
 4.5464733244464656e-01   86   86   78   78
 4.6453144388502421e-01   86   86   79   79
 1.7085951354139683e+00   86   86   80   80
 1.6965012724422428e+00   86   86   81   81
 2.0375243186760059e+00   86   86   82   82
 2.0556387571659522e+00   86   86   83   83
 2.8688227287975656e+00   86   86   84   84
 2.8469949393133995e+00   86   86   85   85
 8.4208384499999998e+00   86   86   86   86
 6.3514247909136845e-01   87   87    1    1
 6.2598812146902905e-01   87   87    2    2
 5.9611995684108177e-01   87   87    3    3
 6.1079584256389763e-01   87   87    4    4
 7.9696022894002416e-01   87   87    5    5
 8.6772278716372220e-01   87   87    6    6
 9.3057544252377344e-01   87   87    7    7
 9.0757510352823967e-01   87   87    8    8
 9.5260309362175377e-01   87   87    9    9
 8.2751664397341518e-01   87   87   10   10
 7.8207124180274812e-01   87   87   11   11
 1.1028496376951975e+00   87   87   12   12
 1.1457019132337396e+00   87   87   13   13
 1.3314404640805360e+00   87   87   14   14
 1.5764964568825659e+00   87   87   15   15
 1.4809021274215124e+00   87   87   16   16
 1.2325837453980761e+00   87   87   17   17
 8.6359237408051370e-01   87   87   18   18
 7.8378811411857774e-01   87   87   19   19
 7.2200516716120100e-01   87   87   20   20
 7.1818587997022676e-01   87   87   21   21
 1.4149760316574997e+00   87   87   22   22
 7.7636622654341381e-01   87   87   23   23
 8.5451367045033044e-01   87   87   24   24
 5.1413255874592567e-01   87   87   25   25
 4.9303340752655761e-01   87   87   26   26
 4.6792166601264362e-01   87   87   27   27
 4.6041583995342267e-01   87   87   28   28
 4.3595864695045494e-01   87   87   29   29
 4.7681207656749708e-01   87   87   30   30
 5.0336168289129679e-01   87   87   31   31
 5.4438259973031966e-01   87   87   32   32
 5.1015424122385611e-01   87   87   33   33
 5.0518870656132520e-01   87   87   34   34
 5.3307866501390577e-01   87   87   35   35
 5.7339297862352334e-01   87   87   36   36
 5.7960022570465763e-01   87   87   37   37
 7.3936644053532852e-01   87   87   38   38
 7.1362203953083081e-01   87   87   39   39
 6.6364090148373045e-01   87   87   40   40
 6.3990490805366240e-01   87   87   41   41
 6.5770397773718758e-01   87   87   42   42
 7.0551229727850739e-01   87   87   43   43
 5.7510129076381500e-01   87   87   44   44
 5.4471470428875424e-01   87   87   45   45
 5.8329944755212504e-01   87   87   46   46
 4.3550870545470199e-01   87   87   47   47
 4.1291763580381358e-01   87   87   48   48
 3.9404604305526875e-01   87   87   49   49
 3.9404495777800497e-01   87   87   50   50
 4.1356377739735167e-01   87   87   51   51
 4.0752350429634154e-01   87   87   52   52
 2.0439861281940184e+00   87   87   53   53
 1.7218799055473899e+00   87   87   54   54
 1.3982829586974368e+00   87   87   55   55
 1.3014127407347249e+00   87   87   56   56
 5.7102156972722196e-01   87   87   57   57
 5.6261299987095581e-01   87   87   58   58
 4.2305453456551323e-01   87   87   59   59
 5.9483844923866069e-01   87   87   60   60
 6.4470701090835869e-01   87   87   61   61
 4.5577136513536010e-01   87   87   62   62
 6.5665739840994553e-01   87   87   63   63
 6.1395767414846880e-01   87   87   64   64
 4.3639275356993806e-01   87   87   65   65
 1.7542922974319914e+00   87   87   66   66
 4.4797146422201900e-01   87   87   67   67
 5.3408263763355546e-01   87   87   68   68
 5.7073260689935246e-01   87   87   69   69
 5.7494390456168665e-01   87   87   70   70
 5.0596951397784906e-01   87   87   71   71
 5.0903356230619179e-01   87   87   72   72
 5.4050157295962165e-01   87   87   73   73
 4.9502116776009591e-01   87   87   74   74
 5.2970843431654957e-01   87   87   75   75
 5.4602892191595520e-01   87   87   76   76
 5.2255690115911035e-01   87   87   77   77
 4.7724290867264479e-01   87   87   78   78
 4.8926177174731633e-01   87   87   79   79
 1.8397717808629253e+00   87   87   80   80
 1.9766332250367302e+00   87   87   81   81
 2.6172772094896839e+00   87   87   82   82
 2.0597710507705624e+00   87   87   83   83
 2.8462247489607782e+00   87   87   84   84
 3.7748163163840491e+00   87   87   85   85
 3.8191547975507687e+00   87   87   86   86
 8.4208384499999998e+00   87   87   87   87
 6.5496941739141956e-01   88   88    1    1
 6.4116956241675271e-01   88   88    2    2
 6.1070012070953328e-01   88   88    3    3
 6.3361972903093489e-01   88   88    4    4
 8.0794777890403069e-01   88   88    5    5
 8.7706441076193886e-01   88   88    6    6
 9.2639012154634592e-01   88   88    7    7
 8.9391930625813676e-01   88   88    8    8
 9.2028503667388273e-01   88   88    9    9
 8.2154899345544408e-01   88   88   10   10
 7.8612164585984834e-01   88   88   11   11
 1.0511410817288578e+00   88   88   12   12
 1.0668981613742283e+00   88   88   13   13
 1.2070304907010991e+00   88   88   14   14
 1.4203359739935411e+00   88   88   15   15
 1.3960165666914930e+00   88   88   16   16
 1.1855774448103986e+00   88   88   17   17
 8.2847157809485961e-01   88   88   18   18
 7.5489779082802699e-01   88   88   19   19
 6.9343921070577585e-01   88   88   20   20
 6.8584069367227285e-01   88   88   21   21
 1.2195481295036517e+00   88   88   22   22
 7.3784965641362654e-01   88   88   23   23
 8.1300637276883747e-01   88   88   24   24
 5.2618058259196354e-01   88   88   25   25
 5.0348679904579097e-01   88   88   26   26
 4.7600601745667548e-01   88   88   27   27
 4.6738097222517921e-01   88   88   28   28
 4.3938863854867671e-01   88   88   29   29
 4.8464541407518025e-01   88   88   30   30
 5.1364469699140614e-01   88   88   31   31
 5.6282697147857186e-01   88   88   32   32
 5.2769882235719390e-01   88   88   33   33
 5.2421624744572815e-01   88   88   34   34
 5.5526666041055350e-01   88   88   35   35
 5.9771685560072074e-01   88   88   36   36
 6.0172057581292437e-01   88   88   37   37
 7.5662949845279615e-01   88   88   38   38
 7.3184672550565710e-01   88   88   39   39
 6.8416417398360851e-01   88   88   40   40
 6.6166404017874458e-01   88   88   41   41
 6.7927090707204729e-01   88   88   42   42
 7.2512242607745658e-01   88   88   43   43
 5.9243440895751498e-01   88   88   44   44
 5.6055123119235772e-01   88   88   45   45
 6.0441388688041542e-01   88   88   46   46
 4.4068860500835028e-01   88   88   47   47
 4.1827400623875710e-01   88   88   48   48
 3.9819664389353993e-01   88   88   49   49
 3.9691755057057898e-01   88   88   50   50
 4.1596664173690129e-01   88   88   51   51
 4.2387466867042739e-01   88   88   52   52
 1.6253011406924398e+00   88   88   53   53
 1.4174919563628194e+00   88   88   54   54
 1.1948441961743288e+00   88   88   55   55
 1.1278194576330693e+00   88   88   56   56
 5.4873008978550553e-01   88   88   57   57
 5.3832729306260541e-01   88   88   58   58
 4.3970436353018949e-01   88   88   59   59
 5.6608774024641528e-01   88   88   60   60
 6.1233627690209780e-01   88   88   61   61
 4.7652613689609929e-01   88   88   62   62
 6.2711347609554113e-01   88   88   63   63
 5.8997519025245149e-01   88   88   64   64
 4.5641732559363662e-01   88   88   65   65
 1.4598748165209305e+00   88   88   66   66
 4.6672472008556037e-01   88   88   67   67
 5.6753665694795141e-01   88   88   68   68
 6.0915367795881181e-01   88   88   69   69
 6.1186933897167295e-01   88   88   70   70
 5.3460431978383305e-01   88   88   71   71
 5.3661951582818157e-01   88   88   72   72
 5.7136510444867150e-01   88   88   73   73
 5.1845718234813765e-01   88   88   74   74
 5.5720572442644856e-01   88   88   75   75
 5.7366194880662347e-01   88   88   76   76
 5.4578212378647173e-01   88   88   77   77
 4.9755153253850248e-01   88   88   78   78
 5.0937491182605010e-01   88   88   79   79
 1.5099133502070388e+00   88   88   80   80
 1.6745579551124785e+00   88   88   81   81
 2.1857845762492532e+00   88   88   82   82
 1.6093624299881812e+00   88   88   83   83
 2.0355126751717640e+00   88   88   84   84
 2.6132617318765865e+00   88   88   85   85
 2.7387973260441760e+00   88   88   86   86
 3.8422750950555331e+00   88   88   87   87
 8.4208384499999998e+00   88   88   88   88
 6.1601413704542851e-01   89   89    1    1
 6.0235746916343313e-01   89   89    2    2
 5.7717141879705214e-01   89   89    3    3
 6.0056102188033478e-01   89   89    4    4
 7.3577384864330164e-01   89   89    5    5
 7.9161588900196123e-01   89   89    6    6
 8.2653683280530665e-01   89   89    7    7
 7.9769279922979075e-01   89   89    8    8
 8.1574789978059503e-01   89   89    9    9
 7.4110593366078337e-01   89   89   10   10
 7.1514464569510683e-01   89   89   11   11
 9.1599407780838815e-01   89   89   12   12
 9.2793987472082351e-01   89   89   13   13
 1.0338833833364549e+00   89   89   14   14
 1.1846162700485083e+00   89   89   15   15
 1.1681242046716915e+00   89   89   16   16
 1.0181952730361641e+00   89   89   17   17
 7.4211187799466083e-01   89   89   18   18
 6.8261547053741023e-01   89   89   19   19
 6.3174557434264678e-01   89   89   20   20
 6.2549067584767404e-01   89   89   21   21
 1.2106454322835667e+00   89   89   22   22
 6.6889685514512831e-01   89   89   23   23
 7.2991332989966440e-01   89   89   24   24
 5.0355032015442158e-01   89   89   25   25
 4.8158869661559917e-01   89   89   26   26
 4.5575454343920319e-01   89   89   27   27
 4.4811905493899024e-01   89   89   28   28
 4.2085069529141189e-01   89   89   29   29
 4.6496862756289531e-01   89   89   30   30
 4.9239144855973460e-01   89   89   31   31
 5.4124128548364703e-01   89   89   32   32
 5.1019611105822738e-01   89   89   33   33
 5.0944551174186314e-01   89   89   34   34
 5.4047997781054602e-01   89   89   35   35
 5.7890521255672223e-01   89   89   36   36
 5.7889216657536391e-01   89   89   37   37
 6.9684049369073686e-01   89   89   38   38
 6.7778450964404324e-01   89   89   39   39
 6.3975612816910654e-01   89   89   40   40
 6.2124504472868325e-01   89   89   41   41
 6.3540856634197163e-01   89   89   42   42
 6.7202874406910029e-01   89   89   43   43
 5.6363967168218920e-01   89   89   44   44
 5.3618895681908907e-01   89   89   45   45
 5.7574478315798983e-01   89   89   46   46
 4.2304831393061365e-01   89   89   47   47
 4.0290626589734435e-01   89   89   48   48
 3.8389970660457812e-01   89   89   49   49
 3.8197165675160111e-01   89   89   50   50
 3.9906434868177315e-01   89   89   51   51
 4.2429312237147748e-01   89   89   52   52
 1.5429595901970790e+00   89   89   53   53
 1.3553728256557096e+00   89   89   54   54
 1.1667602726804271e+00   89   89   55   55
 1.1164112883612098e+00   89   89   56   56
 5.0967902276791932e-01   89   89   57   57
 5.0080225763381059e-01   89   89   58   58
 4.3951715766853683e-01   89   89   59   59
 5.2487997783482898e-01   89   89   60   60
 5.6419920552048874e-01   89   89   61   61
 4.7579666787359554e-01   89   89   62   62
 5.7640758956196370e-01   89   89   63   63
 5.4497810356396847e-01   89   89   64   64
 4.5650179252827028e-01   89   89   65   65
 1.4263377878080565e+00   89   89   66   66
 4.6588968080896109e-01   89   89   67   67
 5.7309978522265259e-01   89   89   68   68
 6.1332107512206835e-01   89   89   69   69
 6.1115473971735979e-01   89   89   70   70
 5.3781135398576052e-01   89   89   71   71
 5.3657315637752812e-01   89   89   72   72
 5.6905843836183800e-01   89   89   73   73
 5.1388759138696527e-01   89   89   74   74
 5.5150660093182213e-01   89   89   75   75
 5.6409335837457042e-01   89   89   76   76
 5.3470703640746342e-01   89   89   77   77
 4.9137424407661928e-01   89   89   78   78
 5.0044301475539388e-01   89   89   79   79
 1.2733370665833941e+00   89   89   80   80
 1.3649805184502075e+00   89   89   81   81
 1.6796794450039125e+00   89   89   82   82
 1.3782024337572665e+00   89   89   83   83
 1.7025622126713174e+00   89   89   84   84
 1.9831731413993212e+00   89   89   85   85
 2.5038769729940551e+00   89   89   86   86
 2.7640671944873332e+00   89   89   87   87
 3.8505302724972976e+00   89   89   88   88
 8.4208384499999998e+00   89   89   89   89
 5.5617944661968044e-01   90   90    1    1
 5.4905832915681463e-01   90   90    2    2
 5.2801772349605836e-01   90   90    3    3
 5.3988819767233065e-01   90   90    4    4
 6.6716654827978816e-01   90   90    5    5
 7.1663141686041953e-01   90   90    6    6
 7.5759762613636505e-01   90   90    7    7
 7.4142426050473409e-01   90   90    8    8
 7.7342710296336026e-01   90   90    9    9
 6.8700771773484137e-01   90   90   10   10
 6.5566310529416505e-01   90   90   11   11
 8.7099808606660656e-01   90   90   12   12
 9.0582730518691612e-01   90   90   13   13
 1.0258988073195328e+00   90   90   14   14
 1.1530180288630441e+00   90   90   15   15
 1.0891209020005337e+00   90   90   16   16
 9.4711810092813176e-01   90   90   17   17
 7.1641381157488093e-01   90   90   18   18
 6.6089168473596804e-01   90   90   19   19
 6.1827113299556302e-01   90   90   20   20
 6.1785894932348684e-01   90   90   21   21
 1.6971430885556120e+00   90   90   22   22
 6.6143584370305220e-01   90   90   23   23
 7.1403817873949627e-01   90   90   24   24
 4.6537726062934409e-01   90   90   25   25
 4.4650692312391232e-01   90   90   26   26
 4.2552681642223950e-01   90   90   27   27
 4.2028997231336401e-01   90   90   28   28
 3.9912173459759531e-01   90   90   29   29
 4.3537405971214338e-01   90   90   30   30
 4.5780352155089177e-01   90   90   31   31
 4.9364634197316104e-01   90   90   32   32
 4.6661975454721089e-01   90   90   33   33
 4.6507003875579123e-01   90   90   34   34
 4.9075529470837947e-01   90   90   35   35
 5.2330706623737355e-01   90   90   36   36
 5.2458822582793552e-01   90   90   37   37
 6.2805275720928389e-01   90   90   38   38
 6.1110002464888258e-01   90   90   39   39
 5.7580728798292458e-01   90   90   40   40
 5.5805618787887246e-01   90   90   41   41
 5.7050177237842958e-01   90   90   42   42
 6.0426911067485001e-01   90   90   43   43
 5.1345360410090257e-01   90   90   44   44
 4.9100123156447767e-01   90   90   45   45
 5.2007949871899495e-01   90   90   46   46
 3.9926397195683472e-01   90   90   47   47
 3.8059696159964690e-01   90   90   48   48
 3.6437699395741024e-01   90   90   49   49
 3.6399123567199643e-01   90   90   50   50
 3.8025507287956073e-01   90   90   51   51
 3.9367010432058536e-01   90   90   52   52
 2.3026429550770811e+00   90   90   53   53
 1.9047313019421037e+00   90   90   54   54
 1.5930547446099039e+00   90   90   55   55
 1.5274314430349751e+00   90   90   56   56
 5.0780032655230967e-01   90   90   57   57
 5.0313828050817333e-01   90   90   58   58
 4.0793023425431291e-01   90   90   59   59
 5.2998141755006190e-01   90   90   60   60
 5.6765162114121792e-01   90   90   61   61
 4.3647849251208837e-01   90   90   62   62
 5.7371987333065744e-01   90   90   63   63
 5.4003699258023741e-01   90   90   64   64
 4.1902089233381995e-01   90   90   65   65
 2.0985455149705587e+00   90   90   66   66
 4.3007016378978391e-01   90   90   67   67
 5.1400182069491684e-01   90   90   68   68
 5.4472919193199476e-01   90   90   69   69
 5.4316377116722880e-01   90   90   70   70
 4.8632329875415836e-01   90   90   71   71
 4.8536386495401512e-01   90   90   72   72
 5.1095740062995965e-01   90   90   73   73
 4.6767274273220338e-01   90   90   74   74
 4.9761517479044698e-01   90   90   75   75
 5.0800983398333177e-01   90   90   76   76
 4.8530742414134731e-01   90   90   77   77
 4.4974538967502403e-01   90   90   78   78
 4.5756511535919120e-01   90   90   79   79
 1.3790552871144321e+00   90   90   80   80
 1.3742627736891351e+00   90   90   81   81
 1.6102423196373614e+00   90   90   82   82
 1.6108501536936068e+00   90   90   83   83
 2.0567726276036997e+00   90   90   84   84
 2.0595831016053134e+00   90   90   85   85
 3.8581527048387909e+00   90   90   86   86
 2.7309846423075790e+00   90   90   87   87
 2.4637288193068954e+00   90   90   88   88
 2.7355732841180607e+00   90   90   89   89
 8.4208384499999998e+00   90   90   90   90
 5.6980999742824257e-01   91   91    1    1
 5.5969307223800346e-01   91   91    2    2
 5.3849791558308779e-01   91   91    3    3
 5.5585897213794166e-01   91   91    4    4
 6.7440529752330691e-01   91   91    5    5
 7.2285951470792553e-01   91   91    6    6
 7.5660863314429250e-01   91   91    7    7
 7.3523257867616709e-01   91   91    8    8
 7.5742886476458604e-01   91   91    9    9
 6.8462737197433920e-01   91   91   10   10
 6.5890749321807629e-01   91   91   11   11
 8.4712739484282773e-01   91   91   12   12
 8.6805458542663760e-01   91   91   13   13
 9.6968905867791955e-01   91   91   14   14
 1.0933529478079287e+00   91   91   15   15
 1.0582761542269568e+00   91   91   16   16
 9.2799640554597362e-01   91   91   17   17
 6.9733358081257935e-01   91   91   18   18
 6.4438597690200605e-01   91   91   19   19
 6.0097741756713585e-01   91   91   20   20
 5.9783154496691826e-01   91   91   21   21
 1.3811245946027899e+00   91   91   22   22
 6.3824014651246397e-01   91   91   23   23
 6.9064598612284789e-01   91   91   24   24
 4.7457199923712973e-01   91   91   25   25
 4.5452931329236707e-01   91   91   26   26
 4.3186078116577037e-01   91   91   27   27
 4.2583960715861324e-01   91   91   28   28
 4.0200539784301942e-01   91   91   29   29
 4.4159515437790731e-01   91   91   30   30
 4.6580296205917177e-01   91   91   31   31
 5.0758909656821372e-01   91   91   32   32
 4.8020372393524680e-01   91   91   33   33
 4.8003737962094095e-01   91   91   34   34
 5.0816352228489203e-01   91   91   35   35
 5.4190404435149087e-01   91   91   36   36
 5.4115300494380270e-01   91   91   37   37
 6.3919857236663757e-01   91   91   38   38
 6.2303795340152057e-01   91   91   39   39
 5.8956677277610037e-01   91   91   40   40
 5.7277571612275802e-01   91   91   41   41
 5.8490143464930056e-01   91   91   42   42
 6.1704416328088452e-01   91   91   43   43
 5.2605263885703857e-01   91   91   44   44
 5.0284149822739233e-01   91   91   45   45
 5.3524731297579931e-01   91   91   46   46
 4.0349248849589087e-01   91   91   47   47
 3.8499990280644064e-01   91   91   48   48
 3.6785574345715105e-01   91   91   49   49
 3.6646127376505416e-01   91   91   50   50
 3.8235413547157132e-01   91   91   51   51
 4.0845569935889370e-01   91   91   52   52
 1.7419174400279318e+00   91   91   53   53
 1.5121607567116202e+00   91   91   54   54
 1.3067821057305462e+00   91   91   55   55
 1.2617998831214021e+00   91   91   56   56
 4.9248819438119229e-01   91   91   57   57
 4.8608158340943314e-01   91   91   58   58
 4.2291208802307706e-01   91   91   59   59
 5.0995192550229462e-01   91   91   60   60
 5.4591570350355123e-01   91   91   61   61
 4.5474374701615877e-01   91   91   62   62
 5.5446487585475135e-01   91   91   63   63
 5.2415308703208929e-01   91   91   64   64
 4.3677722754167014e-01   91   91   65   65
 1.6328409288021948e+00   91   91   66   66
 4.4671710284213917e-01   91   91   67   67
 5.4376924692019823e-01   91   91   68   68
 5.7801179646444512e-01   91   91   69   69
 5.7417429751930982e-01   91   91   70   70
 5.1173327412764769e-01   91   91   71   71
 5.0926601378230130e-01   91   91   72   72
 5.3698543825832379e-01   91   91   73   73
 4.8746655853321269e-01   91   91   74   74
 5.2040712745300022e-01   91   91   75   75
 5.3026891498920348e-01   91   91   76   76
 5.0397449351458323e-01   91   91   77   77
 4.6680393826659844e-01   91   91   78   78
 4.7409603213100299e-01   91   91   79   79
 1.2325368420121012e+00   91   91   80   80
 1.2706262343021151e+00   91   91   81   81
 1.5112670428137249e+00   91   91   82   82
 1.3791907598108444e+00   91   91   83   83
 1.7092800601524210e+00   91   91   84   84
 1.8400616330667854e+00   91   91   85   85
 2.7765307208673700e+00   91   91   86   86
 2.4991079253589756e+00   91   91   87   87
 2.7433167854211762e+00   91   91   88   88
 3.8373187674219946e+00   91   91   89   89
 3.8441950558461051e+00   91   91   90   90
 8.4208384499999998e+00   91   91   91   91
 5.7625532325556961e-01   92   92    1    1
 5.7260906995203298e-01   92   92    2    2
 6.0645035493278943e-01   92   92    3    3
 6.1739055668438758e-01   92   92    4    4
 4.6598873589785195e-01   92   92    5    5
 4.7454470597470721e-01   92   92    6    6
 4.5269145519878123e-01   92   92    7    7
 4.2605559219064348e-01   92   92    8    8
 4.0703206663662506e-01   92   92    9    9
 4.2061042517444552e-01   92   92   10   10
 4.3743883225163083e-01   92   92   11   11
 4.0746227853209654e-01   92   92   12   12
 4.0069935957999098e-01   92   92   13   13
 3.9892408349280556e-01   92   92   14   14
 4.0376288421684720e-01   92   92   15   15
 4.1081345067737329e-01   92   92   16   16
 4.1264931799826371e-01   92   92   17   17
 3.8791740675032527e-01   92   92   18   18
 3.8793509266956144e-01   92   92   19   19
 3.7065990822039535e-01   92   92   20   20
 3.5438567674195065e-01   92   92   21   21
 3.5439114490740004e-01   92   92   22   22
 3.5388698827490767e-01   92   92   23   23
 3.6901769198333834e-01   92   92   24   24
 6.6917624793655184e-01   92   92   25   25
 6.2700335792697148e-01   92   92   26   26
 5.9899831990577457e-01   92   92   27   27
 6.0510071282051603e-01   92   92   28   28
 5.3383961771013411e-01   92   92   29   29
 6.4233154116029778e-01   92   92   30   30
 6.7675239625749428e-01   92   92   31   31
 7.7813052337989708e-01   92   92   32   32
 8.4006576609000749e-01   92   92   33   33
 9.5122915122056928e-01   92   92   34   34
 9.9882225102491140e-01   92   92   35   35
 9.0159045752098299e-01   92   92   36   36
 8.0616662483596491e-01   92   92   37   37
 4.8722732193424767e-01   92   92   38   38
 5.1663541034694538e-01   92   92   39   39
 5.4009792147761759e-01   92   92   40   40
 5.2823370503738676e-01   92   92   41   41
 4.9720647190336686e-01   92   92   42   42
 4.7902607016111409e-01   92   92   43   43
 6.5548385234483708e-01   92   92   44   44
 6.9888179624030733e-01   92   92   45   45
 6.5997586266413166e-01   92   92   46   46
 5.7155528212647710e-01   92   92   47   47
 5.7860843975725140e-01   92   92   48   48
 5.4522118304644995e-01   92   92   49   49
 5.1237161355872463e-01   92   92   50   50
 5.0801378155985111e-01   92   92   51   51
 3.8628128955867327e+00   92   92   52   52
 3.6803554395658095e-01   92   92   53   53
 3.5122306396242736e-01   92   92   54   54
 3.3795490852070098e-01   92   92   55   55
 3.3933392484604602e-01   92   92   56   56
 3.1839402476051326e-01   92   92   57   57
 3.1221934346289770e-01   92   92   58   58
 2.7679126020729465e+00   92   92   59   59
 3.1830044225301812e-01   92   92   60   60
 3.3143711146842175e-01   92   92   61   61
 2.7660986085984787e+00   92   92   62   62
 3.3870422812395756e-01   92   92   63   63
 3.3151291384866394e-01   92   92   64   64
 3.8641527492543304e+00   92   92   65   65
 3.6982909064742997e-01   92   92   66   66
 2.5066894636053174e+00   92   92   67   67
 1.3841581666788081e+00   92   92   68   68
 1.2134559669268976e+00   92   92   69   69
 1.2226869266781528e+00   92   92   70   70
 1.7012540317878848e+00   92   92   71   71
 1.7336473007567559e+00   92   92   72   72
 1.4190606158178956e+00   92   92   73   73
 1.6794914510595185e+00   92   92   74   74
 1.4003208212912432e+00   92   92   75   75
 1.1962601555049930e+00   92   92   76   76
 1.1648631255041686e+00   92   92   77   77
 1.5950980897375702e+00   92   92   78   78
 1.3082787872456638e+00   92   92   79   79
 3.8273631080656395e-01   92   92   80   80
 3.9974565093061670e-01   92   92   81   81
 4.1249832918066975e-01   92   92   82   82
 3.7734370742319645e-01   92   92   83   83
 3.8800104367566229e-01   92   92   84   84
 4.0591185068110019e-01   92   92   85   85
 3.9830918508318502e-01   92   92   86   86
 4.1337474810105723e-01   92   92   87   87
 4.3117646668944781e-01   92   92   88   88
 4.3174484633372950e-01   92   92   89   89
 3.9858987335107787e-01   92   92   90   90
 4.1458530321595061e-01   92   92   91   91
 8.4208384499999998e+00   92   92   92   92
 1.0914638798617684e+00   93   93    1    1
 1.0831468051002289e+00   93   93    2    2
 1.1560057959971664e+00   93   93    3    3
 1.1815609353030201e+00   93   93    4    4
 8.5559118739220386e-01   93   93    5    5
 8.7793578896492142e-01   93   93    6    6
 8.3107695890331168e-01   93   93    7    7
 7.7262678528326156e-01   93   93    8    8
 7.3295066615256310e-01   93   93    9    9
 7.5898633920741454e-01   93   93   10   10
 7.9295053072853883e-01   93   93   11   11
 7.3478419413888840e-01   93   93   12   12
 7.2065095745947505e-01   93   93   13   13
 7.1688033786096583e-01   93   93   14   14
 7.2689003830553467e-01   93   93   15   15
 7.4172701601551683e-01   93   93   16   16
 7.4569158043971817e-01   93   93   17   17
 6.9221427496254995e-01   93   93   18   18
 6.9111226058332620e-01   93   93   19   19
 6.5482944411326172e-01   93   93   20   20
 6.2233101103865407e-01   93   93   21   21
 6.1676509500748211e-01   93   93   22   22
 6.2217149726601251e-01   93   93   23   23
 6.5338989523545865e-01   93   93   24   24
 1.2607990388527541e+00   93   93   25   25
 1.1517924249657339e+00   93   93   26   26
 1.0768698328305000e+00   93   93   27   27
 1.0834659817627519e+00   93   93   28   28
 9.3156234668232285e-01   93   93   29   29
 1.1710943366183806e+00   93   93   30   30
 1.2686197389536347e+00   93   93   31   31
 1.5604552897219282e+00   93   93   32   32
 1.6732593833308642e+00   93   93   33   33
 1.9686237833825015e+00   93   93   34   34
 2.2223340650983636e+00   93   93   35   35
 1.9846156009338678e+00   93   93   36   36
 1.6826702785086132e+00   93   93   37   37
 8.9878273257000518e-01   93   93   38   38
 9.6404120916197455e-01   93   93   39   39
 1.0108296442632667e+00   93   93   40   40
 9.7755227125911004e-01   93   93   41   41
 9.1031651310698869e-01   93   93   42   42
 8.7635367076642312e-01   93   93   43   43
 1.2656918836016295e+00   93   93   44   44
 1.3551141943814191e+00   93   93   45   45
 1.2773235156243492e+00   93   93   46   46
 1.0010231412117589e+00   93   93   47   47
 9.9595494691899744e-01   93   93   48   48
 9.2324839930215452e-01   93   93   49   49
 8.6812796816286042e-01   93   93   50   50
 8.7240244615735296e-01   93   93   51   51
 2.8261712582319656e+00   93   93   52   52
 6.4640230176905866e-01   93   93   53   53
 6.1300413367461204e-01   93   93   54   54
 5.8604016006374848e-01   93   93   55   55
 5.8762966019019158e-01   93   93   56   56
 5.4927490292716652e-01   93   93   57   57
 5.3745270138206813e-01   93   93   58   58
 3.1146227093133456e+00   93   93   59   59
 5.4976522333363376e-01   93   93   60   60
 5.7604043993865561e-01   93   93   61   61
 5.8796592462699406e+00   93   93   62   62
 5.9037024445090380e-01   93   93   63   63
 5.7540208028726691e-01   93   93   64   64
 4.2179319535623900e+00   93   93   65   65
 6.4856160052543299e-01   93   93   66   66
 4.2179960436742814e+00   93   93   67   67
 3.0917620599121043e+00   93   93   68   68
 2.8482176149330076e+00   93   93   69   69
 3.1787567413798348e+00   93   93   70   70
 4.1134556372488174e+00   93   93   71   71
 5.9354415338972784e+00   93   93   72   72
 4.4021567123653416e+00   93   93   73   73
 5.9437491859293630e+00   93   93   74   74
 4.4040727633992223e+00   93   93   75   75
 3.1808005447190011e+00   93   93   76   76
 2.8365397079160810e+00   93   93   77   77
 4.1128326990921282e+00   93   93   78   78
 3.0916300466417899e+00   93   93   79   79
 6.8154940247723128e-01   93   93   80   80
 7.1750312261926841e-01   93   93   81   81
 7.4342601828600785e-01   93   93   82   82
 6.6917604565471056e-01   93   93   83   83
 6.9004764165478172e-01   93   93   84   84
 7.2774077942521598e-01   93   93   85   85
 7.0800085665943879e-01   93   93   86   86
 7.4108595090598450e-01   93   93   87   87
 7.7731314820657316e-01   93   93   88   88
 7.7468457382456812e-01   93   93   89   89
 7.0567595717491716e-01   93   93   90   90
 7.3698915827162936e-01   93   93   91   91
 3.1146603138399831e+00   93   93   92   92
 1.7979842710000000e+01   93   93   93   93
 8.7531655605087855e-01   94   94    1    1
 8.7019424739472506e-01   94   94    2    2
 8.3263588262015131e-01   94   94    3    3
 8.4005905462268116e-01   94   94    4    4
 1.0917795949625271e+00   94   94    5    5
 1.1818878092041087e+00   94   94    6    6
 1.2776010862443588e+00   94   94    7    7
 1.2658725427411319e+00   94   94    8    8
 1.3552284841291107e+00   94   94    9    9
 1.1561938227236850e+00   94   94   10   10
 1.0834267389348153e+00   94   94   11   11
 1.5605991710940139e+00   94   94   12   12
 1.6734302660346092e+00   94   94   13   13
 1.9688685780560784e+00   94   94   14   14
 2.2226436911047363e+00   94   94   15   15
 1.9848524884702043e+00   94   94   16   16
 1.6828578089890200e+00   94   94   17   17
 1.2608328187281450e+00   94   94   18   18
 1.1518932279535192e+00   94   94   19   19
 1.0770385205867274e+00   94   94   20   20
 1.0836441999111077e+00   94   94   21   21
 3.1052869551735149e+00   94   94   22   22
 1.1711850692420946e+00   94   94   23   23
 1.2685939937519020e+00   94   94   24   24
 7.2704359546975350e-01   94   94   25   25
 6.9955584269431481e-01   94   94   26   26
 6.6860479462979605e-01   94   94   27   27
 6.6076502718022612e-01   94   94   28   28
 6.3255575156722788e-01   94   94   29   29
 6.8301214317870251e-01   94   94   30   30
 7.1593066955073315e-01   94   94   31   31
 7.6067469191953874e-01   94   94   32   32
 7.1549263127988605e-01   94   94   33   33
 7.0782319543537331e-01   94   94   34   34
 7.4318007622079230e-01   94   94   35   35
 7.9520163601469707e-01   94   94   36   36
 8.0473458636888862e-01   94   94   37   37
 1.0109602737949110e+00   94   94   38   38
 9.7774204851418034e-01   94   94   39   39
 9.1056109029690424e-01   94   94   40   40
 8.7762777326252162e-01   94   94   41   41
 9.0068570328045849e-01   94   94   42   42
 9.6462439993119820e-01   94   94   43   43
 8.0125327056334128e-01   94   94   44   44
 7.6340794152744162e-01   94   94   45   45
 8.0669000835607751e-01   94   94   46   46
 6.2902268334796230e-01   94   94   47   47
 5.9718935653319594e-01   94   94   48   48
 5.7265138168947927e-01   94   94   49   49
 5.7481870278813219e-01   94   94   50   50
 6.0305660869611788e-01   94   94   51   51
 5.8099257201618792e-01   94   94   52   52
 5.8803759512853695e+00   94   94   53   53
 4.2085469896079895e+00   94   94   54   54
 3.1048690735832825e+00   94   94   55   55
 2.8169666917919782e+00   94   94   56   56
 8.7257593057238581e-01   94   94   57   57
 8.6843744462663586e-01   94   94   58   58
 6.0307790691758534e-01   94   94   59   59
 9.2370017116157133e-01   94   94   60   60
 9.9641705092051691e-01   94   94   61   61
 6.4321773357936651e-01   94   94   62   62
 1.0012784730070161e+00   94   94   63   63
 9.3168311531018000e-01   94   94   64   64
 6.1646802317231275e-01   94   94   65   65
 4.2097900428564561e+00   94   94   66   66
 6.3545683827299004e-01   94   94   67   67
 7.4031518264552465e-01   94   94   68   68
 7.8449437702234448e-01   94   94   69   69
 7.8976653239857009e-01   94   94   70   70
 7.0583694668274799e-01   94   94   71   71
 7.0982039206926051e-01   94   94   72   72
 7.4857951973411541e-01   94   94   73   73
 6.9320696588836439e-01   94   94   74   74
 7.3608180288630409e-01   94   94   75   75
 7.5678708036918174e-01   94   94   76   76
 7.2891634069285216e-01   94   94   77   77
 6.7143789996694170e-01   94   94   78   78
 6.8728751590544634e-01   94   94   79   79
 3.0922933444193559e+00   94   94   80   80
 2.8370372889010049e+00   94   94   81   81
 3.1812356794926022e+00   94   94   82   82
 4.1140191500561691e+00   94   94   83   83
 5.9463902893157448e+00   94   94   84   84
 4.4046078974693001e+00   94   94   85   85
 5.9337646049796042e+00   94   94   86   86
 4.4018039494701426e+00   94   94   87   87
 3.1785155861490924e+00   94   94   88   88
 2.8479721117423047e+00   94   94   89   89
 4.1128214888217594e+00   94   94   90   90
 3.0913535074446816e+00   94   94   91   91
 5.8693116479948215e-01   94   94   92   92
 9.0237672297489468e-01   94   94   93   93
 1.7979842710000000e+01   94   94   94   94
 2.6853774827721826e+00   95   95    1    1
 3.4963667181391327e+00   95   95    2    2
 4.3856008087191940e+00   95   95    3    3
 2.4631202311860800e+00   95   95    4    4
 1.6977529403018301e+00   95   95    5    5
 1.7340358099530639e+00   95   95    6    6
 1.5690912633784977e+00   95   95    7    7
 1.4178691463646931e+00   95   95    8    8
 1.2875155871188488e+00   95   95    9    9
 1.4045417948048127e+00   95   95   10   10
 1.5130727275733440e+00   95   95   11   11
 1.2137768899033348e+00   95   95   12   12
 1.1682522571718221e+00   95   95   13   13
 1.0964284881172977e+00   95   95   14   14
 1.0629213375129463e+00   95   95   15   15
 1.0956600755499422e+00   95   95   16   16
 1.1675993836353744e+00   95   95   17   17
 1.2276208518583800e+00   95   95   18   18
 1.2918656294060626e+00   95   95   19   19
 1.2090697393070107e+00   95   95   20   20
 1.0917347640154693e+00   95   95   21   21
 7.1635428267619916e-01   95   95   22   22
 1.0514319070889269e+00   95   95   23   23
 1.1051645405139117e+00   95   95   24   24
 3.2241780102167406e+00   95   95   25   25
 2.9347923162285370e+00   95   95   26   26
 2.5817182871863320e+00   95   95   27   27
 2.4575018720106190e+00   95   95   28   28
 2.0295136300326275e+00   95   95   29   29
 2.6110553589788852e+00   95   95   30   30
 2.9799112015530387e+00   95   95   31   31
 2.5518143418606005e+00   95   95   32   32
 2.1280504037536043e+00   95   95   33   33
 1.8298984302752024e+00   95   95   34   34
 1.7757802233415028e+00   95   95   35   35
 1.9848985286748941e+00   95   95   36   36
 2.3945725794312014e+00   95   95   37   37
 1.8221671520385130e+00   95   95   38   38
 2.1604730493857627e+00   95   95   39   39
 2.2349617105837778e+00   95   95   40   40
 1.9033338378515012e+00   95   95   41   41
 1.6675506869588235e+00   95   95   42   42
 1.6389969922309344e+00   95   95   43   43
 3.4178552895288203e+00   95   95   44   44
 3.1758545277969970e+00   95   95   45   45
 2.6719600441183675e+00   95   95   46   46
 2.0631057694709067e+00   95   95   47   47
 1.7654738110637671e+00   95   95   48   48
 1.5611894379163056e+00   95   95   49   49
 1.5444613094766972e+00   95   95   50   50
 1.7254705260462750e+00   95   95   51   51
 8.8155983234778801e-01   95   95   52   52
 7.7065194462230513e-01   95   95   53   53
 7.3563536418561559e-01   95   95   54   54
 6.9668840637513652e-01   95   95   55   55
 6.8825348202059533e-01   95   95   56   56
 9.2926365676796996e-01   95   95   57   57
 8.9765097845329600e-01   95   95   58   58
 9.2853454930798096e-01   95   95   59   59
 9.1987783977376358e-01   95   95   60   60
 9.7940214014102223e-01   95   95   61   61
 1.0126177318886955e+00   95   95   62   62
 1.0205608835660205e+00   95   95   63   63
 9.9087187623923045e-01   95   95   64   64
 9.5217167870539254e-01   95   95   65   65
 7.5930899548514796e-01   95   95   66   66
 9.9780220946066256e-01   95   95   67   67
 9.8116747707970131e-01   95   95   68   68
 1.0500285092465114e+00   95   95   69   69
 1.1531610144811846e+00   95   95   70   70
 9.8969398308634160e-01   95   95   71   71
 1.0740222525032361e+00   95   95   72   72
 1.1695844515962697e+00   95   95   73   73
 1.2035334108031328e+00   95   95   74   74
 1.2725760074313430e+00   95   95   75   75
 1.4331500720838493e+00   95   95   76   76
 1.5281555974317902e+00   95   95   77   77
 1.2533718927662079e+00   95   95   78   78
 1.4063530863989020e+00   95   95   79   79
 9.2977633230203882e-01   95   95   80   80
 9.9065102864308963e-01   95   95   81   81
 9.8105477536122665e-01   95   95   82   82
 8.7316755633436427e-01   95   95   83   83
 8.6754453445869872e-01   95   95   84   84
 9.1526599391506136e-01   95   95   85   85
 8.2665231550735874e-01   95   95   86   86
 8.8396782194831736e-01   95   95   87   87
 8.9772719710056070e-01   95   95   88   88
 8.4944891446873583e-01   95   95   89   89
 7.8852422543578682e-01   95   95   90   90
 7.9884969223143953e-01   95   95   91   91
 8.9140576432061447e-01   95   95   92   92
 1.6408903832081025e+00   95   95   93   93
 1.2317549012257889e+00   95   95   94   94
 9.6429912899999994e+00   95   95   95   95
 2.6852287924562721e+00   96   96    1    1
 2.4628913004414570e+00   96   96    2    2
 2.6719597944676563e+00   96   96    3    3
 3.4962853220468442e+00   96   96    4    4
 1.4636863084800598e+00   96   96    5    5
 1.4350968938674558e+00   96   96    6    6
 1.2785404715145734e+00   96   96    7    7
 1.1724334574915225e+00   96   96    8    8
 1.0615453109565309e+00   96   96    9    9
 1.1919127923074073e+00   96   96   10   10
 1.3122360378365767e+00   96   96   11   11
 1.0220019478522728e+00   96   96   12   12
 9.6767507813936759e-01   96   96   13   13
 9.2757614178076697e-01   96   96   14   14
 9.3142046450288285e-01   96   96   15   15
 9.7922353522211480e-01   96   96   16   16
 1.0264341041914613e+00   96   96   17   17
 9.9684253517866994e-01   96   96   18   18
 1.0092943820749509e+00   96   96   19   19
 9.4479190685507775e-01   96   96   20   20
 8.7930575555837032e-01   96   96   21   21
 6.5954467541134143e-01   96   96   22   22
 8.6973167229224968e-01   96   96   23   23
 9.1970618549152872e-01   96   96   24   24
 2.5521383313885821e+00   96   96   25   25
 2.3986062342022754e+00   96   96   26   26
 1.9863472854577784e+00   96   96   27   27
 1.7789606102241056e+00   96   96   28   28
 1.4006254701392091e+00   96   96   29   29
 1.8294852078726143e+00   96   96   30   30
 2.1277730737619764e+00   96   96   31   31
 3.2252681068483824e+00   96   96   32   32
 2.9666536685863596e+00   96   96   33   33
 2.6012905764742067e+00   96   96   34   34
 2.4500251642631903e+00   96   96   35   35
 2.5859116022080140e+00   96   96   36   36
 2.9448141613003376e+00   96   96   37   37
 1.6633250578757639e+00   96   96   38   38
 1.9041390055844407e+00   96   96   39   39
 2.2363726304547171e+00   96   96   40   40
 2.1620970213451924e+00   96   96   41   41
 1.8239825093842494e+00   96   96   42   42
 1.6386349741853310e+00   96   96   43   43
 3.4178261863227175e+00   96   96   44   44
 3.1779446517823065e+00   96   96   45   45
 4.3855232826449138e+00   96   96   46   46
 1.5272556334064213e+00   96   96   47   47
 1.4421739927329014e+00   96   96   48   48
 1.2786062161488254e+00   96   96   49   49
 1.2026444743783893e+00   96   96   50   50
 1.2506900174802287e+00   96   96   51   51
 1.0425822236440567e+00   96   96   52   52
 7.1335861600617556e-01   96   96   53   53
 6.8268886796260708e-01   96   96   54   54
 6.4535802390814656e-01   96   96   55   55
 6.3527160858496345e-01   96   96   56   56
 7.6468574935674360e-01   96   96   57   57
 7.3358408201389957e-01   96   96   58   58
 1.0778928826065297e+00   96   96   59   59
 7.4324119325834870e-01   96   96   60   60
 7.8589111899979947e-01   96   96   61   61
 1.2446110468091149e+00   96   96   62   62
 8.2435623335106289e-01   96   96   63   63
 8.1184448903724338e-01   96   96   64   64
 1.1904265202053963e+00   96   96   65   65
 6.9975090723716582e-01   96   96   66   66
 1.1750027272759487e+00   96   96   67   67
 1.2279923434872881e+00   96   96   68   68
 1.3365292272471780e+00   96   96   69   69
 1.5029513398505985e+00   96   96   70   70
 1.2363039540837484e+00   96   96   71   71
 1.3631247206463617e+00   96   96   72   72
 1.5229664258227209e+00   96   96   73   73
 1.5431005889209410e+00   96   96   74   74
 1.6795040364186256e+00   96   96   75   75
 1.9537197113044777e+00   96   96   76   76
 2.0622674422720970e+00   96   96   77   77
 1.5877520991184830e+00   96   96   78   78
 1.8115969068230855e+00   96   96   79   79
 8.2321842392448341e-01   96   96   80   80
 8.8356340167206626e-01   96   96   81   81
 8.9849918092105852e-01   96   96   82   82
 7.8398654364185627e-01   96   96   83   83
 7.9482763615814356e-01   96   96   84   84
 8.4822146662983033e-01   96   96   85   85
 7.8261001200758151e-01   96   96   86   86
 8.3869239092272230e-01   96   96   87   87
 8.7235773937208139e-01   96   96   88   88
 8.3927837732399346e-01   96   96   89   89
 7.5841882972684826e-01   96   96   90   90
 7.8342077935510079e-01   96   96   91   91
 1.0890791475989186e+00   96   96   92   92
 2.0672798621540585e+00   96   96   93   93
 1.1439383504622744e+00   96   96   94   94
 2.7570413649028920e+00   96   96   95   95
 9.6429912899999994e+00   96   96   96   96
 1.6973683219651412e+00   97   97    1    1
 1.7338221549911155e+00   97   97    2    2
 1.5687317761498019e+00   97   97    3    3
 1.5125059179087210e+00   97   97    4    4
 2.6853639450718636e+00   97   97    5    5
 3.4962362291540208e+00   97   97    6    6
 4.3862651813269720e+00   97   97    7    7
 3.4183646131986682e+00   97   97    8    8
 3.1782339693215982e+00   97   97    9    9
 2.6723070348401725e+00   97   97   10   10
 2.4631919753283920e+00   97   97   11   11
 3.2253220148344952e+00   97   97   12   12
 2.9664834680471084e+00   97   97   13   13
 2.6014347786965448e+00   97   97   14   14
 2.4504378299628264e+00   97   97   15   15
 2.5864248537292434e+00   97   97   16   16
 2.9451585349485252e+00   97   97   17   17
 2.5524472102410511e+00   97   97   18   18
 2.3990400753935672e+00   97   97   19   19
 1.9867657857880747e+00   97   97   20   20
 1.7793221421948548e+00   97   97   21   21
 1.0868502896722143e+00   97   97   22   22
 1.8297685970620039e+00   97   97   23   23
 2.1280054639897155e+00   97   97   24   24
 1.2132834188213155e+00   97   97   25   25
 1.1664176295052568e+00   97   97   26   26
 1.0951415418027692e+00   97   97   27   27
 1.0643222132491452e+00   97   97   28   28
 1.0055467845904389e+00   97   97   29   29
 1.0978791327103872e+00   97   97   30   30
 1.1696973509599518e+00   97   97   31   31
 1.2261899315455094e+00   97   97   32   32
 1.1036729589094909e+00   97   97   33   33
 1.0497421862797165e+00   97   97   34   34
 1.0889504960633289e+00   97   97   35   35
 1.2066756155844525e+00   97   97   36   36
 1.2894943997400516e+00   97   97   37   37
 2.2348470477754656e+00   97   97   38   38
 2.1601741079057555e+00   97   97   39   39
 1.8218919488936158e+00   97   97   40   40
 1.6388411091391231e+00   97   97   41   41
 1.6674885733120606e+00   97   97   42   42
 1.9033292589177040e+00   97   97   43   43
 1.4173763304059595e+00   97   97   44   44
 1.2866579506642049e+00   97   97   45   45
 1.4039322785940995e+00   97   97   46   46
 9.9111596380929745e-01   97   97   47   47
 9.1286598481075809e-01   97   97   48   48
 8.6063292314828099e-01   97   97   49   49
 8.6876711576645793e-01   97   97   50   50
 9.3506751418278389e-01   97   97   51   51
 6.9572215984464003e-01   97   97   52   52
 1.2442523353783621e+00   97   97   53   53
 1.1746441119197764e+00   97   97   54   54
 1.0766270115947556e+00   97   97   55   55
 1.0406017917217807e+00   97   97   56   56
 1.2507772366112542e+00   97   97   57   57
 1.2029100151296070e+00   97   97   58   58
 7.2708042443472209e-01   97   97   59   59
 1.2790927339537930e+00   97   97   60   60
 1.4427966107193024e+00   97   97   61   61
 7.8958197927748119e-01   97   97   62   62
 1.5275976603403936e+00   97   97   63   63
 1.4006598852533796e+00   97   97   64   64
 7.4960845786077779e-01   97   97   65   65
 1.1888418433168788e+00   97   97   66   66
 7.7597586053054535e-01   97   97   67   67
 8.6071948729673498e-01   97   97   68   68
 9.2872566824870950e-01   97   97   69   69
 9.7753086158484848e-01   97   97   70   70
 8.3545078441283149e-01   97   97   71   71
 8.7021005116240113e-01   97   97   72   72
 9.4162542344779010e-01   97   97   73   73
 8.9498585928909347e-01   97   97   74   74
 9.6161842651632135e-01   97   97   75   75
 1.0322583824223539e+00   97   97   76   76
 1.0188753254411698e+00   97   97   77   77
 8.8538992399061589e-01   97   97   78   78
 9.3953979631565154e-01   97   97   79   79
 1.8117261888601672e+00   97   97   80   80
 2.0626373291725808e+00   97   97   81   81
 1.9543169325628376e+00   97   97   82   82
 1.5879100961394168e+00   97   97   83   83
 1.5433458314513009e+00   97   97   84   84
 1.6799291559976441e+00   97   97   85   85
 1.3634234258608158e+00   97   97   86   86
 1.5233674908157413e+00   97   97   87   87
 1.5034134246824624e+00   97   97   88   88
 1.3368873109702033e+00   97   97   89   89
 1.2365642483099288e+00   97   97   90   90
 1.2282673357396634e+00   97   97   91   91
 7.0535721809124341e-01   97   97   92   92
 1.2750359631230315e+00   97   97   93   93
 2.0677687842217134e+00   97   97   94   94
 2.0652525137524256e+00   97   97   95   95
 1.6577715959609267e+00   97   97   96   96
 9.6429912899999994e+00   97   97   97   97
 1.4639280278405102e+00   98   98    1    1
 1.4355514187513927e+00   98   98    2    2
 1.2789103808649993e+00   98   98    3    3
 1.3123036319135677e+00   98   98    4    4
 2.6852217451845015e+00   98   98    5    5
 2.4628024408361853e+00   98   98    6    6
 2.6716395538798676e+00   98   98    7    7
 3.4174018033524973e+00   98   98    8    8
 3.1757177112208184e+00   98   98    9    9
 4.3848580168287477e+00   98   98   10   10
 3.4963172841963792e+00   98   98   11   11
 2.5518938128893933e+00   98   98   12   12
 2.1280589562230330e+00   98   98   13   13
 1.8299137062486308e+00   98   98   14   14
 1.7758053728042571e+00   98   98   15   15
 1.9849641464405223e+00   98   98   16   16
 2.3946854108626363e+00   98   98   17   17
 3.2236162249307387e+00   98   98   18   18
 2.9335221319486307e+00   98   98   19   19
 2.5798636305623077e+00   98   98   20   20
 2.4555484947099391e+00   98   98   21   21
 8.9063763018426634e-01   98   98   22   22
 2.6095669193386852e+00   98   98   23   23
 2.9793109502011217e+00   98   98   24   24
 1.0225216897745495e+00   98   98   25   25
 1.0264566649346465e+00   98   98   26   26
 9.7979049683289443e-01   98   98   27   27
 9.3335981970290682e-01   98   98   28   28
 9.0260040463795244e-01   98   98   29   29
 9.2946739968583780e-01   98   98   30   30
 9.6939760981056022e-01   98   98   31   31
 9.9660121932881329e-01   98   98   32   32
 9.1901204472580011e-01   98   98   33   33
 8.6893309766244009e-01   98   98   34   34
 8.7789160073422678e-01   98   98   35   35
 9.4408315305100654e-01   98   98   36   36
 1.0087376126743877e+00   98   98   37   37
 2.2364494113571491e+00   98   98   38   38
 1.9043662573774183e+00   98   98   39   39
 1.6635323575614878e+00   98   98   40   40
 1.6387791934078264e+00   98   98   41   41
 1.8240169240399642e+00   98   98   42   42
 2.1620338565804063e+00   98   98   43   43
 1.1726475344621439e+00   98   98   44   44
 1.0616485357458056e+00   98   98   45   45
 1.1920001896099255e+00   98   98   46   46
 8.8492256444207273e-01   98   98   47   47
 8.2374396828594321e-01   98   98   48   48
 7.8611890405744611e-01   98   98   49   49
 7.9735031257924516e-01   98   98   50   50
 8.5222965522711358e-01   98   98   51   51
 5.8936804447462265e-01   98   98   52   52
 1.0128249001966487e+00   98   98   53   53
 9.9841812149551779e-01   98   98   54   54
 9.2866539776711887e-01   98   98   55   55
 8.8109830947255097e-01   98   98   56   56
 1.7236636851358620e+00   98   98   57   57
 1.5431649271487273e+00   98   98   58   58
 6.0778940333898657e-01   98   98   59   59
 1.5601212982282444e+00   98   98   60   60
 1.7643231283110119e+00   98   98   61   61
 6.5666600563040478e-01   98   98   62   62
 2.0612639632481233e+00   98   98   63   63
 2.0271230350957152e+00   98   98   64   64
 6.3350424923741255e-01   98   98   65   65
 9.5161499365981395e-01   98   98   66   66
 6.4180072963454526e-01   98   98   67   67
 7.0402844203736659e-01   98   98   68   68
 7.5110994834648637e-01   98   98   69   69
 7.8438171840483384e-01   98   98   70   70
 6.8649796657431883e-01   98   98   71   71
 7.1155253797409423e-01   98   98   72   72
 7.6085458607227086e-01   98   98   73   73
 7.3220523805071580e-01   98   98   74   74
 7.7683277490628144e-01   98   98   75   75
 8.2724313828378637e-01   98   98   76   76
 8.2372882298722272e-01   98   98   77   77
 7.2909849362025336e-01   98   98   78   78
 7.7032674851621374e-01   98   98   79   79
 1.4063631606167906e+00   98   98   80   80
 1.5281771649285154e+00   98   98   81   81
 1.4331756353582452e+00   98   98   82   82
 1.2533792486324424e+00   98   98   83   83
 1.2035293036321733e+00   98   98   84   84
 1.2726105778597836e+00   98   98   85   85
 1.0740633308977259e+00   98   98   86   86
 1.1696159657156933e+00   98   98   87   87
 1.1531590627135890e+00   98   98   88   88
 1.0500224324898080e+00   98   98   89   89
 9.8972380052716025e-01   98   98   90   90
 9.8117471590188399e-01   98   98   91   91
 6.0070031644468980e-01   98   98   92   92
 1.0486467310402769e+00   98   98   93   93
 1.6410001102906595e+00   98   98   94   94
 1.6585170452687295e+00   98   98   95   95
 1.4455103562292306e+00   98   98   96   96
 2.7570821119038631e+00   98   98   97   97
 9.6429912899999994e+00   98   98   98   98
 1.2174531701014004e+00   99   99    1    1
 1.2542969830252324e+00   99   99    2    2
 1.1678065539788389e+00   99   99    3    3
 1.1084782813798499e+00   99   99    4    4
 1.7764759940407626e+00   99   99    5    5
 1.9861960881970011e+00   99   99    6    6
 2.3969466838057185e+00   99   99    7    7
 2.5523119615607017e+00   99   99    8    8
 3.1765400412061640e+00   99   99    9    9
 2.1276602724866174e+00   99   99   10   10
 1.8297273848559410e+00   99   99   11   11
 3.4179837250156941e+00   99   99   12   12
 4.3838339305286436e+00   99   99   13   13
 3.4955335728670192e+00   99   99   14   14
 2.6848123105009001e+00   99   99   15   15
 2.4632615016216808e+00   99   99   16   16
 2.6723161721516480e+00   99   99   17   17
 3.2232310706977589e+00   99   99   18   18
 2.9790268231338062e+00   99   99   19   19
 2.6094917967451017e+00   99   99   20   20
 2.4554825544383410e+00   99   99   21   21
 1.1827109771262645e+00   99   99   22   22
 2.5794349218265791e+00   99   99   23   23
 2.9325968008382071e+00   99   99   24   24
 9.6739005862350047e-01   99   99   25   25
 9.4457337600191860e-01   99   99   26   26
 9.0968779919382881e-01   99   99   27   27
 8.9486106889584072e-01   99   99   28   28
 8.7902312210911893e-01   99   99   29   29
 9.1351138211608618e-01   99   99   30   30
 9.4880671564298436e-01   99   99   31   31
 9.5279113839087703e-01   99   99   32   32
 8.7664434285304049e-01   99   99   33   33
 8.3897027202484442e-01   99   99   34   34
 8.6148724721594594e-01   99   99   35   35
 9.3346028404689252e-01   99   99   36   36
 9.8511271394216349e-01   99   99   37   37
 1.5285383392061824e+00   99   99   38   38
 1.4579238321131200e+00   99   99   39   39
 1.2882697557834983e+00   99   99   40   40
 1.2023570519623534e+00   99   99   41   41
 1.2388149005958375e+00   99   99   42   42
 1.3841760213335048e+00   99   99   43   43
 1.0694239398397840e+00   99   99   44   44
 9.9748064225023880e-01   99   99   45   45
 1.0498792333922948e+00   99   99   46   46
 8.5371375308387076e-01   99   99   47   47
 7.9269028925359442e-01   99   99   48   48
 7.6026181444769303e-01   99   99   49   49
 7.7679707474880755e-01   99   99   50   50
 8.3370587802409035e-01   99   99   51   51
 5.9778359724506869e-01   99   99   52   52
 1.3395104750127564e+00   99   99   53   53
 1.2930309582755319e+00   99   99   54   54
 1.1986912347983338e+00   99   99   55   55
 1.1513951209009721e+00   99   99   56   56
 1.5603530017390144e+00   99   99   57   57
 1.5434222864827296e+00   99   99   58   58
 6.2281164433166092e-01   99   99   59   59
 1.7234599215646944e+00   99   99   60   60
 2.0275126596851960e+00   99   99   61   61
 6.6383948036402152e-01   99   99   62   62
 2.0614227024018943e+00   99   99   63   63
 1.7639594994461343e+00   99   99   64   64
 6.3363484650199708e-01   99   99   65   65
 1.2739484366175233e+00   99   99   66   66
 6.5745032041645235e-01   99   99   67   67
 7.1261871515792108e-01   99   99   68   68
 7.5738404402904458e-01   99   99   69   69
 7.8748468829687601e-01   99   99   70   70
 6.9496970811472059e-01   99   99   71   71
 7.1791792964369616e-01   99   99   72   72
 7.6433596477313515e-01   99   99   73   73
 7.3506218956613933e-01   99   99   74   74
 7.7749106184880368e-01   99   99   75   75
 8.2214823503074608e-01   99   99   76   76
 8.1614039262838933e-01   99   99   77   77
 7.3013398824205689e-01   99   99   78   78
 7.6681238051742795e-01   99   99   79   79
 2.1545234900581711e+00   99   99   80   80
 2.2351156083559842e+00   99   99   81   81
 1.9091856801646019e+00   99   99   82   82
 1.8214460645392589e+00   99   99   83   83
 1.6438031286836550e+00   99   99   84   84
 1.6723292992844998e+00   99   99   85   85
 1.3551111485328304e+00   99   99   86   86
 1.4593110022802431e+00   99   99   87   87
 1.3664366669129990e+00   99   99   88   88
 1.2194115711549354e+00   99   99   89   89
 1.2110793421033255e+00   99   99   90   90
 1.1596052709302689e+00   99   99   91   91
 6.0252742703875173e-01   99   99   92   92
 1.0574161164501072e+00   99   99   93   93
 2.1640498328473217e+00   99   99   94   94
 1.6066835141801759e+00   99   99   95   95
 1.2834039588661590e+00   99   99   96   96
 3.4473217484469876e+00   99   99   97   97
 2.6125861865162121e+00   99   99   98   98
 9.6429912899999994e+00   99   99   99   99
 1.4147653437428958e+00  100  100    1    1
 1.3664805950955279e+00  100  100    2    2
 1.2330469874757968e+00  100  100    3    3
 1.2988009637251374e+00  100  100    4    4
 2.4498511084113108e+00  100  100    5    5
 2.5809131436821171e+00  100  100    6    6
 2.9375466368638294e+00  100  100    7    7
 3.2246743626083161e+00  100  100    8    8
 3.1783028559663178e+00  100  100    9    9
 2.9728857067826371e+00  100  100   10   10
 2.6052683855858891e+00  100  100   11   11
 3.4181129207944707e+00  100  100   12   12
 2.6723582808117334e+00  100  100   13   13
 2.4632253724434103e+00  100  100   14   14
 2.6847310055616367e+00  100  100   15   15
 3.4953943428406755e+00  100  100   16   16
 4.3837776126334109e+00  100  100   17   17
 2.5527466731555695e+00  100  100   18   18
 2.1281267638816450e+00  100  100   19   19
 1.8298558563483749e+00  100  100   20   20
 1.7794975853287738e+00  100  100   21   21
 1.0939975841528220e+00  100  100   22   22
 1.9871346597757111e+00  100  100   23   23
 2.3996552125107620e+00  100  100   24   24
 9.8854937471291016e-01  100  100   25   25
 9.6879889643266492e-01  100  100   26   26
 9.1324975305578104e-01  100  100   27   27
 8.7735097086023794e-01  100  100   28   28
 8.3050418015570693e-01  100  100   29   29
 8.9057350665030499e-01  100  100   30   30
 9.4200350443888392e-01  100  100   31   31
 1.0088368775901262e+00  100  100   32   32
 9.2867627519103224e-01  100  100   33   33
 8.9199516845317106e-01  100  100   34   34
 9.1957696522891730e-01  100  100   35   35
 9.9750265446791231e-01  100  100   36   36
 1.0485057047202404e+00  100  100   37   37
 2.0618277680202515e+00  100  100   38   38
 1.8072816436540988e+00  100  100   39   39
 1.5844283494858198e+00  100  100   40   40
 1.5428026482157460e+00  100  100   41   41
 1.6832907309162386e+00  100  100   42   42
 1.9585082547090158e+00  100  100   43   43
 1.1522608204140388e+00  100  100   44   44
 1.0482903895392104e+00  100  100   45   45
 1.1842048153462958e+00  100  100   46   46
 8.2437686050423509e-01  100  100   47   47
 7.7140718661701557e-01  100  100   48   48
 7.3226969267304876e-01  100  100   49   49
 7.3573781413985273e-01  100  100   50   50
 7.8115819383484864e-01  100  100   51   51
 6.2600727722493466e-01  100  100   52   52
 1.3004644294796961e+00  100  100   53   53
 1.2636840791391837e+00  100  100   54   54
 1.1431348691787542e+00  100  100   55   55
 1.0725151808613977e+00  100  100   56   56
 1.2793065226727005e+00  100  100   57   57
 1.2029490893462718e+00  100  100   58   58
 6.4698289057859493e-01  100  100   59   59
 1.2507419689679442e+00  100  100   60   60
 1.4010257255672620e+00  100  100   61   61
 7.0429705833062028e-01  100  100   62   62
 1.5277077010705848e+00  100  100   63   63
 1.4426599595991005e+00  100  100   64   64
 6.7729828760773425e-01  100  100   65   65
 1.1977331337465855e+00  100  100   66   66
 6.8656992746179013e-01  100  100   67   67
 7.8495251840145763e-01  100  100   68   68
 8.4439287776806848e-01  100  100   69   69
 8.7561325484016528e-01  100  100   70   70
 7.5579389396305763e-01  100  100   71   71
 7.7790026739173268e-01  100  100   72   72
 8.3608620621580498e-01  100  100   73   73
 7.8557095525196508e-01  100  100   74   74
 8.4219404349395510e-01  100  100   75   75
 8.9231002288707539e-01  100  100   76   76
 8.7260591939938126e-01  100  100   77   77
 7.7156912821268764e-01  100  100   78   78
 8.0959855932770919e-01  100  100   79   79
 1.9077253156022596e+00  100  100   80   80
 2.2354024478310794e+00  100  100   81   81
 2.1548739559236942e+00  100  100   82   82
 1.6664715149367779e+00  100  100   83   83
 1.6391157984085958e+00  100  100   84   84
 1.8196049244761292e+00  100  100   85   85
 1.4523254164924397e+00  100  100   86   86
 1.6471072200321544e+00  100  100   87   87
 1.6384397987507049e+00  100  100   88   88
 1.4422270459896207e+00  100  100   89   89
 1.3122224108750482e+00  100  100   90   90
 1.3104523082411861e+00  100  100   91   91
 6.3924029379732017e-01  100  100   92   92
 1.1318091216624935e+00  100  100   93   93
 2.1845274385696629e+00  100  100   94   94
 1.5834125195845026e+00  100  100   95   95
 1.4571742482300416e+00  100  100   96   96
 3.3219564988850716e+00  100  100   97   97
 3.4466322639382865e+00  100  100   98   98
 2.7572347014131795e+00  100  100   99   99
 9.6429912899999994e+00  100  100  100  100
 1.5595787648113417e+00  101  101    1    1
 1.6369804254378486e+00  101  101    2    2
 1.4796853013132121e+00  101  101    3    3
 1.3688472392884583e+00  101  101    4    4
 2.4460018157810990e+00  101  101    5    5
 2.6051938172842228e+00  101  101    6    6
 2.9751530301267763e+00  101  101    7    7
 3.2206208763674673e+00  101  101    8    8
 3.1798913616517961e+00  101  101    9    9
 2.9277105109879837e+00  101  101   10   10
 2.5731726024865900e+00  101  101   11   11
 2.5587655578964994e+00  101  101   12   12
 2.4039271426164528e+00  101  101   13   13
 1.9915679803093409e+00  101  101   14   14
 1.7802770434693693e+00  101  101   15   15
 1.8333296170730899e+00  101  101   16   16
 2.1315555035054863e+00  101  101   17   17
 3.4191412779345445e+00  101  101   18   18
 4.3848972606495451e+00  101  101   19   19
 3.4920886273707010e+00  101  101   20   20
 2.6881183446601593e+00  101  101   21   21
 9.1777616565662634e-01  101  101   22   22
 2.4626040851418391e+00  101  101   23   23
 2.6721291236218163e+00  101  101   24   24
 1.1720328425049402e+00  101  101   25   25
 1.1638888676393160e+00  101  101   26   26
 1.1204930147679066e+00  101  101   27   27
 1.0859723049590337e+00  101  101   28   28
 1.0708595271207504e+00  101  101   29   29
 1.0919934164354566e+00  101  101   30   30
 1.1322504248433951e+00  101  101   31   31
 1.1112935571921798e+00  101  101   32   32
 1.0112663331677620e+00  101  101   33   33
 9.4825120964906617e-01  101  101   34   34
 9.5872083754689619e-01  101  101   35   35
 1.0416949203557884e+00  101  101   36   36
 1.1264069802059697e+00  101  101   37   37
 2.0588002832045054e+00  101  101   38   38
 1.9558829204510679e+00  101  101   39   39
 1.6782831181011069e+00  101  101   40   40
 1.5390556832988989e+00  101  101   41   41
 1.5838965852223159e+00  101  101   42   42
 1.8033044861566729e+00  101  101   43   43
 1.3121355169026683e+00  101  101   44   44
 1.1983416784856284e+00  101  101   45   45
 1.2777535712083514e+00  101  101   46   46
 1.0310992465318705e+00  101  101   47   47
 9.4388626527249786e-01  101  101   48   48
 9.0048957566416976e-01  101  101   49   49
 9.2479877028000312e-01  101  101   50   50
 1.0059300522743568e+00  101  101   51   51
 6.2476907895762190e-01  101  101   52   52
 1.0202700551325996e+00  101  101   53   53
 9.8901518337334593e-01  101  101   54   54
 9.2651555566323940e-01  101  101   55   55
 8.9534567228647333e-01  101  101   56   56
 1.7372968163763958e+00  101  101   57   57
 1.6384206467812872e+00  101  101   58   58
 6.5003320586724833e-01  101  101   59   59
 1.7448759055246679e+00  101  101   60   60
 2.0269058780905738e+00  101  101   61   61
 6.9668856017012248e-01  101  101   62   62
 2.2318479981398434e+00  101  101   63   63
 2.0135318352264346e+00  101  101   64   64
 6.6572019257020687e-01  101  101   65   65
 9.7892352161625185e-01  101  101   66   66
 6.8741972639670157e-01  101  101   67   67
 7.3031979276976522e-01  101  101   68   68
 7.7781467075787880e-01  101  101   69   69
 8.1873786016852801e-01  101  101   70   70
 7.1755289179032178e-01  101  101   71   71
 7.4914801203921988e-01  101  101   72   72
 8.0152292978541806e-01  101  101   73   73
 7.8188136138966391e-01  101  101   74   74
 8.2676612053136245e-01  101  101   75   75
 8.8594038002966358e-01  101  101   76   76
 8.9161683699839001e-01  101  101   77   77
 7.8481630231495736e-01  101  101   78   78
 8.3491992259508452e-01  101  101   79   79
 1.4363173879726296e+00  101  101   80   80
 1.5317408463866888e+00  101  101   81   81
 1.4097980795510525e+00  101  101   82   82
 1.2749814794635321e+00  101  101   83   83
 1.2064971174033123e+00  101  101   84   84
 1.2572570996369938e+00  101  101   85   85
 1.0622953461566687e+00  101  101   86   86
 1.1467856682112045e+00  101  101   87   87
 1.1169243373276501e+00  101  101   88   88
 1.0174310296305893e+00  101  101   89   89
 9.7585198558830433e-01  101  101   90   90
 9.5880716360029472e-01  101  101   91   91
 6.3160386427302950e-01  101  101   92   92
 1.1124086679824639e+00  101  101   93   93
 1.6413974850207829e+00  101  101   94   94
 2.0209116108132132e+00  101  101   95   95
 1.5078126417283957e+00  101  101   96   96
 3.4570619405090244e+00  101  101   97   97
 3.3082900761177911e+00  101  101   98   98
 3.4640906366078026e+00  101  101   99   99
 2.6131859071588615e+00  101  101  100  100
 9.6429912899999994e+00  101  101  101  101
 1.1355475561132857e+00  102  102    1    1
 1.1297173869458048e+00  102  102    2    2
 1.0380407115069330e+00  102  102    3    3
 1.0432945161842357e+00  102  102    4    4
 1.7807639522459036e+00  102  102    5    5
 1.8328480348250942e+00  102  102    6    6
 2.1308479242784744e+00  102  102    7    7
 2.5589206460974347e+00  102  102    8    8
 3.1803844356629631e+00  102  102    9    9
 2.4060165988030708e+00  102  102   10   10
 1.9927727014173362e+00  102  102   11   11
 3.2201810631357701e+00  102  102   12   12
 2.9328401867217111e+00  102  102   13   13
 2.5762035462802504e+00  102  102   14   14
 2.4445827779837139e+00  102  102   15   15
 2.6002707370160021e+00  102  102   16   16
 2.9681371940244885e+00  102  102   17   17
 3.4192122430315806e+00  102  102   18   18
 2.6722303607578732e+00  102  102   19   19
 2.4625621322721933e+00  102  102   20   20
 2.6880602613486735e+00  102  102   21   21
 1.0904736070399010e+00  102  102   22   22
 3.4919940443626771e+00  102  102   23   23
 4.3851139996273183e+00  102  102   24   24
 8.6232682948843908e-01  102  102   25   25
 8.5407925456193623e-01  102  102   26   26
 8.2095212605768730e-01  102  102   27   27
 7.9604776696091184e-01  102  102   28   28
 7.7703532636244066e-01  102  102   29   29
 8.0194037656870321e-01  102  102   30   30
 8.3290556302007046e-01  102  102   31   31
 8.5412406060660107e-01  102  102   32   32
 7.9369106644440590e-01  102  102   33   33
 7.6110671601773505e-01  102  102   34   34
 7.7690511327300027e-01  102  102   35   35
 8.3317021191452700e-01  102  102   36   36
 8.7563343088112844e-01  102  102   37   37
 1.5322220976550389e+00  102  102   38   38
 1.3868417989512212e+00  102  102   39   39
 1.2390970522685725e+00  102  102   40   40
 1.2049232884179488e+00  102  102   41   41
 1.2926887988108455e+00  102  102   42   42
 1.4621271644857579e+00  102  102   43   43
 9.6497587283862252e-01  102  102   44   44
 8.9314926484695700e-01  102  102   45   45
 9.7135573450842938e-01  102  102   46   46
 7.6060662109410160e-01  102  102   47   47
 7.1289511647364623e-01  102  102   48   48
 6.8496099237244434e-01  102  102   49   49
 6.9602361106025790e-01  102  102   50   50
 7.4006317119932008e-01  102  102   51   51
 5.5121351776256378e-01  102  102   52   52
 1.2673091660941687e+00  102  102   53   53
 1.2687912480950023e+00  102  102   54   54
 1.1708306263753843e+00  102  102   55   55
 1.0916704117026359e+00  102  102   56   56
 1.7451618800015178e+00  102  102   57   57
 1.6383563220818780e+00  102  102   58   58
 5.6935277266115547e-01  102  102   59   59
 1.7369063235588553e+00  102  102   60   60
 2.0137650340598716e+00  102  102   61   61
 6.0991305821214514e-01  102  102   62   62
 2.2317913941581362e+00  102  102   63   63
 2.0265591937509226e+00  102  102   64   64
 5.8766571798873812e-01  102  102   65   65
 1.1679152847677283e+00  102  102   66   66
 5.9935917196900046e-01  102  102   67   67
 6.6224224696866929e-01  102  102   68   68
 7.0342148628327361e-01  102  102   69   69
 7.2687951610041734e-01  102  102   70   70
 6.4314891642918726e-01  102  102   71   71
 6.6091122132193703e-01  102  102   72   72
 7.0222403046705018e-01  102  102   73   73
 6.7121160008469771e-01  102  102   74   74
 7.1009779153481400e-01  102  102   75   75
 7.4771107965972350e-01  102  102   76   76
 7.3905623323912895e-01  102  102   77   77
 6.6446860237924177e-01  102  102   78   78
 6.9506003957850859e-01  102  102   79   79
 1.9470835350371245e+00  102  102   80   80
 2.0574142397415018e+00  102  102   81   81
 1.8098205776113323e+00  102  102   82   82
 1.6754570270693581e+00  102  102   83   83
 1.5432144031912198e+00  102  102   84   84
 1.5894825962354269e+00  102  102   85   85
 1.2994526783764411e+00  102  102   86   86
 1.4048621300244293e+00  102  102   87   87
 1.3320989672019865e+00  102  102   88   88
 1.1932937451414674e+00  102  102   89   89
 1.1698255474754888e+00  102  102   90   90
 1.1295872211002460e+00  102  102   91   91
 5.5932614602283837e-01  102  102   92   92
 9.6990365388580579e-01  102  102   93   93
 2.0502361764799333e+00  102  102   94   94
 1.3867550050688238e+00  102  102   95   95
 1.2075108062372060e+00  102  102   96   96
 2.6132548902173918e+00  102  102   97   97
 3.4645894594311359e+00  102  102   98   98
 3.3067983831532337e+00  102  102   99   99
 3.4586844644959003e+00  102  102  100  100
 2.7583718086322211e+00  102  102  101  101
 9.6429912899999994e+00  102  102  102  102
 2.4464757391475183e+00  103  103    1    1
 2.5735816187374301e+00  103  103    2    2
 2.9278454101112796e+00  103  103    3    3
 2.6056744228460897e+00  103  103    4    4
 1.4130931245085043e+00  103  103    5    5
 1.3645769256073477e+00  103  103    6    6
 1.2314353142238232e+00  103  103    7    7
 1.1509815684222724e+00  103  103    8    8
 1.0473552898703453e+00  103  103    9    9
 1.1830899186759234e+00  103  103   10   10
 1.2975751609161925e+00  103  103   11   11
 9.8753590937146452e-01  103  103   12   12
 9.3990127725471739e-01  103  103   13   13
 8.8857308699501381e-01  103  103   14   14
 8.7532503456506594e-01  103  103   15   15
 9.1246819987139860e-01  103  103   16   16
 9.6827307452157574e-01  103  103   17   17
 1.0083548412103160e+00  103  103   18   18
 1.0479972550822361e+00  103  103   19   19
 9.9734909780378989e-01  103  103   20   20
 9.2035213125502724e-01  103  103   21   21
 6.1553408034807189e-01  103  103   22   22
 8.9238438767042005e-01  103  103   23   23
 9.2885332572618962e-01  103  103   24   24
 3.4190547103869724e+00  103  103   25   25
 4.3845793936413440e+00  103  103   26   26
 3.4919683216046344e+00  103  103   27   27
 2.6880531741505687e+00  103  103   28   28
 2.0136394525322925e+00  103  103   29   29
 2.4625805484625714e+00  103  103   30   30
 2.6720612135788655e+00  103  103   31   31
 2.5588535306871258e+00  103  103   32   32
 2.4041543353239514e+00  103  103   33   33
 1.9916764663392514e+00  103  103   34   34
 1.7802881855816028e+00  103  103   35   35
 1.8332998745446845e+00  103  103   36   36
 2.1315334162835797e+00  103  103   37   37
 1.5826773343834790e+00  103  103   38   38
 1.8047473073346567e+00  103  103   39   39
 2.0595590604673264e+00  103  103   40   40
 1.9577115945816099e+00  103  103   41   41
 1.6826647543109432e+00  103  103   42   42
 1.5417185678398926e+00  103  103   43   43
 3.2204671032914054e+00  103  103   44   44
 3.1799404854292135e+00  103  103   45   45
 2.9751251371962932e+00  103  103   46   46
 2.2317990611740481e+00  103  103   47   47
 2.0267203430851470e+00  103  103   48   48
 1.7447597238250532e+00  103  103   49   49
 1.6384000400464298e+00  103  103   50   50
 1.7373600964274172e+00  103  103   51   51
 8.9666893341418819e-01  103  103   52   52
 6.6083727764779543e-01  103  103   53   53
 6.3631183420101789e-01  103  103   54   54
 6.0495226485727038e-01  103  103   55   55
 5.9573957278015066e-01  103  103   56   56
 8.2112010178587014e-01  103  103   57   57
 7.8708927766698178e-01  103  103   58   58
 9.2741799236696598e-01  103  103   59   59
 7.9252044743496497e-01  103  103   60   60
 8.3232722205181553e-01  103  103   61   61
 1.0205203382636558e+00  103  103   62   62
 8.7280960372741623e-01  103  103   63   63
 8.6629855968218072e-01  103  103   64   64
 9.7982205755620089e-01  103  103   65   65
 6.4887560883897644e-01  103  103   66   66
 9.8932846767340099e-01  103  103   67   67
 9.5871659535565545e-01  103  103   68   68
 1.0173106554520961e+00  103  103   69   69
 1.1167847873724646e+00  103  103   70   70
 9.7577337138728693e-01  103  103   71   71
 1.0622198101589655e+00  103  103   72   72
 1.1466807048690630e+00  103  103   73   73
 1.2064980719011793e+00  103  103   74   74
 1.2571709014417711e+00  103  103   75   75
 1.4096792093714272e+00  103  103   76   76
 1.5317388437895760e+00  103  103   77   77
 1.2750457746154291e+00  103  103   78   78
 1.4364260986211497e+00  103  103   79   79
 7.7514648114890528e-01  103  103   80   80
 8.2315895022290986e-01  103  103   81   81
 8.2180954681893936e-01  103  103   82   82
 7.3429750905595437e-01  103  103   83   83
 7.3398208661645070e-01  103  103   84   84
 7.7364897969880708e-01  103  103   85   85
 7.0969006622251851e-01  103  103   86   86
 7.5523330898479069e-01  103  103   87   87
 7.7288796622754763e-01  103  103   88   88
 7.3956700182646506e-01  103  103   89   89
 6.8362907822300767e-01  103  103   90   90
 6.9705865999901195e-01  103  103   91   91
 9.1914380554062791e-01  103  103   92   92
 1.6412574941848936e+00  103  103   93   93
 1.0513979573213386e+00  103  103   94   94
 3.3087236390234827e+00  103  103   95   95
 3.4567049655544420e+00  103  103   96   96
 1.5811315197648350e+00  103  103   97   97
 1.4561761311760391e+00  103  103   98   98
 1.2808758852510955e+00  103  103   99   99
 1.3618090254363684e+00  103  103  100  100
 1.5845993117647525e+00  103  103  101  101
 1.1921565486765158e+00  103  103  102  102
 9.6429912899999994e+00  103  103  103  103
 1.7805361146436862e+00  104  104    1    1
 1.9923098705589735e+00  104  104    2    2
 2.4055983572693065e+00  104  104    3    3
 1.8328350271485434e+00  104  104    4    4
 1.2198382905305931e+00  104  104    5    5
 1.2566563865083205e+00  104  104    6    6
 1.1699660731428068e+00  104  104    7    7
 1.0714186593470851e+00  104  104    8    8
 9.9948705086876088e-01  104  104    9    9
 1.0519228374853793e+00  104  104   10   10
 1.1106621300155199e+00  104  104   11   11
 9.6891976134998958e-01  104  104   12   12
 9.4889558494347426e-01  104  104   13   13
 9.1327319804000062e-01  104  104   14   14
 8.9472990000023533e-01  104  104   15   15
 9.1097374851600610e-01  104  104   16   16
 9.4654485004195943e-01  104  104   17   17
 9.5508846514890477e-01  104  104   18   18
 9.8833961321806352e-01  104  104   19   19
 9.3657946109056234e-01  104  104   20   20
 8.6454327843063583e-01  104  104   21   21
 6.6609591300433824e-01  104  104   22   22
 8.4110441019624449e-01  104  104   23   23
 8.7867101565825012e-01  104  104   24   24
 3.4192832912685973e+00  104  104   25   25
 2.6722886268373487e+00  104  104   26   26
 2.4625585747815939e+00  104  104   27   27
 2.6880906102346604e+00  104  104   28   28
 2.0267383649261381e+00  104  104   29   29
 3.4920514027674336e+00  104  104   30   30
 4.3853188132285084e+00  104  104   31   31
 3.2204758040370396e+00  104  104   32   32
 2.9332081224088604e+00  104  104   33   33
 2.5769154051024543e+00  104  104   34   34
 2.4455409966942345e+00  104  104   35   35
 2.6012761435298266e+00  104  104   36   36
 2.9687922367957373e+00  104  104   37   37
 1.2907807498592014e+00  104  104   38   38
 1.4611047252128282e+00  104  104   39   39
 1.5316918676324742e+00  104  104   40   40
 1.3865238620137863e+00  104  104   41   41
 1.2407831826865168e+00  104  104   42   42
 1.2044031599907006e+00  104  104   43   43
 2.5588329961861374e+00  104  104   44   44
 3.1803620712366909e+00  104  104   45   45
 2.1308818844442543e+00  104  104   46   46
 2.2318173681587976e+00  104  104   47   47
 2.0136567163679970e+00  104  104   48   48
 1.7368438374453170e+00  104  104   49   49
 1.6383815339581165e+00  104  104   50   50
 1.7452757478257686e+00  104  104   51   51
 1.0921769713511391e+00  104  104   52   52
 7.0477353333111070e-01  104  104   53   53
 6.7055775997796485e-01  104  104   54   54
 6.3921543402677972e-01  104  104   55   55
 6.3719909046694490e-01  104  104   56   56
 7.5534537580879146e-01  104  104   57   57
 7.3788273325165976e-01  104  104   58   58
 1.1706815290940127e+00  104  104   59   59
 7.5672233187002802e-01  104  104   60   60
 7.9672515007623690e-01  104  104   61   61
 1.2671569411984949e+00  104  104   62   62
 8.1844790093542164e-01  104  104   63   63
 7.9498384773376618e-01  104  104   64   64
 1.1685812306071892e+00  104  104   65   65
 7.0215196846239958e-01  104  104   66   66
 1.2680994768049083e+00  104  104   67   67
 1.1299070218094205e+00  104  104   68   68
 1.1936725581218046e+00  104  104   69   69
 1.3325655235086300e+00  104  104   70   70
 1.1701250483775616e+00  104  104   71   71
 1.2998105002676990e+00  104  104   72   72
 1.4053132958220147e+00  104  104   73   73
 1.5437597316667597e+00  104  104   74   74
 1.5900295809831779e+00  104  104   75   75
 1.8105334110601075e+00  104  104   76   76
 2.0582104858142194e+00  104  104   77   77
 1.6759987053883310e+00  104  104   78   78
 1.9477424414439035e+00  104  104   79   79
 8.0948747927271592e-01  104  104   80   80
 8.5383065287728277e-01  104  104   81   81
 8.5619758429436277e-01  104  104   82   82
 7.7352371733901404e-01  104  104   83   83
 7.7578883222339123e-01  104  104   84   84
 8.1407481306113993e-01  104  104   85   85
 7.5500615609674415e-01  104  104   86   86
 7.9861846605765097e-01  104  104   87   87
 8.1560802413529132e-01  104  104   88   88
 7.8422034744213953e-01  104  104   89   89
 7.2980971240660730e-01  104  104   90   90
 7.4314164032527696e-01  104  104   91   91
 1.0913162420165623e+00  104  104   92   92
 2.0507051690457434e+00  104  104   93   93
 1.1180840042697391e+00  104  104   94   94
 3.4636377395859683e+00  104  104   95   95
 2.6132616028574849e+00  104  104   96   96
 1.6091134879176168e+00  104  104   97   97
 1.2857187033698900e+00  104  104   98   98
 1.3072053598942599e+00  104  104   99   99
 1.2840722746603059e+00  104  104  100  100
 1.5069161648960878e+00  104  104  101  101
 1.1332626284684106e+00  104  104  102  102
 2.7583650624089260e+00  104  104  103  103
 9.6429912899999994e+00  104  104  104  104
 1.7767713807460295e+00  105  105    1    1
 1.8298559354496347e+00  105  105    2    2
 2.1277551529416030e+00  105  105    3    3
 1.9867154520184096e+00  105  105    4    4
 1.1340550837907968e+00  105  105    5    5
 1.1281742647330091e+00  105  105    6    6
 1.0368553427862444e+00  105  105    7    7
 9.6406718675909242e-01  105  105    8    8
 8.9255542677119126e-01  105  105    9    9
 9.7048675068141455e-01  105  105   10   10
 1.0422013674274353e+00  105  105   11   11
 8.6146420924311840e-01  105  105   12   12
 8.3118535785977543e-01  105  105   13   13
 8.0009806071933220e-01  105  105   14   14
 7.9415190253762269e-01  105  105   15   15
 8.1999856695120310e-01  105  105   16   16
 8.5349097011115205e-01  105  105   17   17
 8.5399278040385052e-01  105  105   18   18
 8.7595055722247650e-01  105  105   19   19
 8.3374463180573355e-01  105  105   20   20
 7.7789956707236874e-01  105  105   21   21
 5.9560556883698190e-01  105  105   22   22
 7.6150494206560271e-01  105  105   23   23
 7.9384407861317730e-01  105  105   24   24
 3.2226915036240857e+00  105  105   25   25
 2.9783282382429919e+00  105  105   26   26
 2.6078573526023674e+00  105  105   27   27
 2.4533976586691129e+00  105  105   28   28
 1.7627432283695013e+00  105  105   29   29
 2.5774861672199707e+00  105  105   30   30
 2.9313076483742582e+00  105  105   31   31
 3.4179662967567643e+00  105  105   32   32
 4.3836793858117638e+00  105  105   33   33
 3.4954651102378369e+00  105  105   34   34
 2.6847791173074533e+00  105  105   35   35
 2.4632597845031694e+00  105  105   36   36
 2.6722680525340894e+00  105  105   37   37
 1.2371710554988065e+00  105  105   38   38
 1.3845193297100606e+00  105  105   39   39
 1.5291253756283820e+00  105  105   40   40
 1.4589967597705273e+00  105  105   41   41
 1.2902268531225423e+00  105  105   42   42
 1.2029134973733129e+00  105  105   43   43
 2.5525392493804735e+00  105  105   44   44
 3.1766173311811206e+00  105  105   45   45
 2.3974196452515182e+00  105  105   46   46
 2.0594697743474590e+00  105  105   47   47
 2.0250166928224140e+00  105  105   48   48
 1.7215717978176865e+00  105  105   49   49
 1.5420681891642587e+00  105  105   50   50
 1.5592301223935889e+00  105  105   51   51
 1.1535604248457350e+00  105  105   52   52
 6.3308343375114673e-01  105  105   53   53
 6.0669491675179010e-01  105  105   54   54
 5.7854589507007748e-01  105  105   55   55
 5.7362043334097923e-01  105  105   56   56
 6.9446163813404882e-01  105  105   57   57
 6.7268532025151062e-01  105  105   58   58
 1.2004568343040689e+00  105  105   59   59
 6.8159179017266747e-01  105  105   60   60
 7.1365753651488606e-01  105  105   61   61
 1.3400063085654930e+00  105  105   62   62
 7.3963236595499049e-01  105  105   63   63
 7.2869920915626551e-01  105  105   64   64
 1.2752254990606013e+00  105  105   65   65
 6.2666141731425662e-01  105  105   66   66
 1.2939330289254594e+00  105  105   67   67
 1.1595752198125331e+00  105  105   68   68
 1.2193771309606167e+00  105  105   69   69
 1.3663952136718218e+00  105  105   70   70
 1.2110339269918591e+00  105  105   71   71
 1.3550717381738753e+00  105  105   72   72
 1.4592729031201956e+00  105  105   73   73
 1.6438198780897859e+00  105  105   74   74
 1.6722814211638619e+00  105  105   75   75
 1.9091012111252224e+00  105  105   76   76
 2.2351061888540831e+00  105  105   77   77
 1.8214960028095637e+00  105  105   78   78
 2.1546290229347953e+00  105  105   79   79
 7.1787361185039444e-01  105  105   80   80
 7.5912668761095270e-01  105  105   81   81
 7.6624167026031853e-01  105  105   82   82
 6.8808229612570648e-01  105  105   83   83
 6.9375353241221871e-01  105  105   84   84
 7.3041583773456109e-01  105  105   85   85
 6.8221282501028735e-01  105  105   86   86
 7.2179198931598165e-01  105  105   87   87
 7.4331916671714238e-01  105  105   88   88
 7.1955360160025839e-01  105  105   89   89
 6.6361851016742701e-01  105  105   90   90
 6.8056408464860618e-01  105  105   91   91
 1.1847416487036324e+00  105  105   92   92
 2.1638324398362574e+00  105  105   93   93
 1.0041313653727248e+00  105  105   94   94
 2.6126350688382258e+00  105  105   95   95
 3.4480566752725399e+00  105  105   96   96
 1.3851216527096917e+00  105  105   97   97
 1.2066768875493901e+00  105  105   98   98
 1.1310655524073112e+00  105  105   99   99
 1.1917777024108287e+00  105  105  100  100
 1.3142634734214442e+00  105  105  101  101
 1.0384408330511603e+00  105  105  102  102
 3.4649181939303162e+00  105  105  103  103
 3.3065023550665975e+00  105  105  104  104
 9.6429912899999994e+00  105  105  105  105
 2.4489754092706315e+00  106  106    1    1
 2.6041365500692928e+00  106  106    2    2
 2.9722403693569062e+00  106  106    3    3
 2.5804181557347010e+00  106  106    4    4
 1.5587730849968631e+00  106  106    5    5
 1.6351904448202268e+00  106  106    6    6
 1.4777341773532344e+00  106  106    7    7
 1.3107032247478587e+00  106  106    8    8
 1.1971225602835818e+00  106  106    9    9
 1.2768521940066746e+00  106  106   10   10
 1.3682296014337534e+00  106  106   11   11
 1.1703733281340329e+00  106  106   12   12
 1.1284560004297357e+00  106  106   13   13
 1.0880894095889633e+00  106  106   14   14
 1.0827491308402686e+00  106  106   15   15
 1.1195288650023614e+00  106  106   16   16
 1.1636546486673944e+00  106  106   17   17
 1.1104090984672339e+00  106  106   18   18
 1.1261611045308648e+00  106  106   19   19
 1.0414838886749560e+00  106  106   20   20
 9.5922215395064880e-01  106  106   21   21
 7.5997907295423606e-01  106  106   22   22
 9.4787459233099902e-01  106  106   23   23
 1.0107292526498053e+00  106  106   24   24
 2.5529439511377334e+00  106  106   25   25
 2.1282958240334975e+00  106  106   26   26
 1.8300949347663049e+00  106  106   27   27
 1.7798150311553771e+00  106  106   28   28
 1.4432780448185629e+00  106  106   29   29
 1.9874890908305154e+00  106  106   30   30
 2.3999737447729528e+00  106  106   31   31
 3.4182833872246077e+00  106  106   32   32
 2.6724691850210918e+00  106  106   33   33
 2.4632699922769397e+00  106  106   34   34
 2.6847830183962267e+00  106  106   35   35
 3.4954802042916069e+00  106  106   36   36
 4.3841694112374299e+00  106  106   37   37
 1.6783563470841101e+00  106  106   38   38
 1.9559193892439419e+00  106  106   39   39
 2.0607766801232921e+00  106  106   40   40
 1.8059526738498355e+00  106  106   41   41
 1.5857021567996650e+00  106  106   42   42
 1.5399381657658171e+00  106  106   43   43
 3.2246179481090111e+00  106  106   44   44
 3.1784026801252070e+00  106  106   45   45
 2.9374489152393184e+00  106  106   46   46
 1.5280207710089191e+00  106  106   47   47
 1.4010362762354147e+00  106  106   48   48
 1.2508127210570850e+00  106  106   49   49
 1.2032078738799421e+00  106  106   50   50
 1.2797892795662333e+00  106  106   51   51
 1.0731781987428741e+00  106  106   52   52
 8.2007226380567644e-01  106  106   53   53
 7.7488092981003431e-01  106  106   54   54
 7.3031393578678372e-01  106  106   55   55
 7.2391171905208618e-01  106  106   56   56
 8.0704622471666854e-01  106  106   57   57
 7.8220499954063583e-01  106  106   58   58
 1.1427950247196130e+00  106  106   59   59
 8.0491479329792659e-01  106  106   60   60
 8.5844518431532646e-01  106  106   61   61
 1.3000384459990075e+00  106  106   62   62
 8.9120388098091829e-01  106  106   63   63
 8.6095454057879550e-01  106  106   64   64
 1.1987295760288956e+00  106  106   65   65
 8.1104077490051307e-01  106  106   66   66
 1.2624456424101800e+00  106  106   67   67
 1.3105085073003138e+00  106  106   68   68
 1.4423512571711639e+00  106  106   69   69
 1.6385862511828315e+00  106  106   70   70
 1.3122137945828600e+00  106  106   71   71
 1.4522866143025328e+00  106  106   72   72
 1.6471267769475531e+00  106  106   73   73
 1.6391229582285283e+00  106  106   74   74
 1.8196002905297712e+00  106  106   75   75
 2.1549560642550345e+00  106  106   76   76
 2.2353990733218154e+00  106  106   77   77
 1.6664146330620133e+00  106  106   78   78
 1.9076520657318743e+00  106  106   79   79
 9.5614458069419195e-01  106  106   80   80
 1.0286001720527762e+00  106  106   81   81
 1.0458591603142786e+00  106  106   82   82
 9.0877951835494741e-01  106  106   83   83
 9.2114085167086757e-01  106  106   84   84
 9.8478201364765960e-01  106  106   85   85
 9.0195541232452026e-01  106  106   86   86
 9.6971807740104410e-01  106  106   87   87
 1.0045121200113620e+00  106  106   88   88
 9.5959278848810370e-01  106  106   89   89
 8.6896294305728405e-01  106  106   90   90
 8.9424180018620691e-01  106  106   91   91
 1.0952365978546474e+00  106  106   92   92
 2.1843679820809512e+00  106  106   93   93
 1.3207107703165764e+00  106  106   94   94
 3.4462151525930853e+00  106  106   95   95
 3.3218542512362057e+00  106  106   96   96
 2.0170204982999143e+00  106  106   97   97
 1.5069886839191742e+00  106  106   98   98
 1.5013277439181518e+00  106  106   99   99
 1.5862778964404876e+00  106  106  100  100
 1.7120961361874369e+00  106  106  101  101
 1.3137392364974441e+00  106  106  102  102
 2.6131547455908017e+00  106  106  103  103
 3.4588899046024868e+00  106  106  104  104
 2.7573067478801820e+00  106  106  105  105
 9.6429912899999994e+00  106  106  106  106
-1.4856994370772031e+02    1    1    0    0
-2.0634811600504284e+00    2    1    0    0
-1.4999792836509445e+02    2    2    0    0
-2.1529156227832758e+00    3    2    0    0
-1.5408454828895393e+02    3    3    0    0
-2.0631964909222784e+00    4    1    0    0
-1.4618565066295389e+02    4    4    0    0
-1.4839970598928275e+02    5    5    0    0
-2.0635467484680268e+00    6    5    0    0
-1.5101859716789716e+02    6    6    0    0
-2.1529106000920759e+00    7    6    0    0
-1.5519261942729088e+02    7    7    0    0
-2.0462436239538886e+00    8    7    0    0
-1.5673658512610490e+02    8    8    0    0
-1.2638860506828751e+00    9    8    0    0
-1.5656276749940847e+02    9    9    0    0
-2.0472615940623324e+00   10    8    0    0
-1.5009511335546668e+02   10   10    0    0
-2.0632421280790210e+00   11    5    0    0
-2.1541695741499538e+00   11   10    0    0
-1.4482613914570547e+02   11   11    0    0
-1.2815654674167813e+00   12    9    0    0
-1.5432991941702224e+02   12   12    0    0
-2.0460213749672302e+00   13   12    0    0
-1.4813963294413574e+02   13   13    0    0
-2.1552204056823978e+00   14   13    0    0
-1.4099102923396660e+02   14   14    0    0
-2.0623996635363784e+00   15   14    0    0
-1.4121781587738229e+02   15   15    0    0
-2.0623827522597424e+00   16   15    0    0
-1.4239910812613829e+02   16   16    0    0
-2.0459980423495407e+00   17   12    0    0
-2.1556905160468807e+00   17   16    0    0
-1.4945422869080181e+02   17   17    0    0
-1.2448878801209238e+00   18    9    0    0
-1.5110715255960690e+02   18   18    0    0
-2.0536475212060790e+00   19   18    0    0
-1.4550023982378184e+02   19   19    0    0
-2.1459580848689974e+00   20   19    0    0
-1.3465408965671287e+02   20   20    0    0
-2.0906814198981634e+00   21   20    0    0
-1.3067731629697650e+02   21   21    0    0
-9.8202683065177212e+01   22   22    0    0
-2.0906501851737178e+00   23   21    0    0
-1.3210205968055084e+02   23   23    0    0
-2.0534089692858730e+00   24   18    0    0
-2.1458354548332013e+00   24   23    0    0
-1.4257738934634372e+02   24   24    0    0
-1.5175060936643274e+02   25   25    0    0
-2.0537142680427740e+00   26   25    0    0
-1.4445446466169682e+02   26   26    0    0
-2.1461526613077235e+00   27   26    0    0
-1.3408390313518160e+02   27   27    0    0
-2.0906362077669165e+00   28   27    0    0
-1.3175178614970559e+02   28   28    0    0
-1.1454717620503216e+02   29   29    0    0
-2.0906887190854100e+00   30   28    0    0
-1.3440976548886155e+02   30   30    0    0
-2.0533840986339760e+00   31   25    0    0
-2.1457553425120706e+00   31   30    0    0
-1.4488533158174815e+02   31   31    0    0
-1.5421513761830690e+02   32   32    0    0
-2.0462085162510322e+00   33   32    0    0
-1.4636489241093977e+02   33   33    0    0
-2.1552677550980710e+00   34   33    0    0
-1.3916563472192234e+02   34   34    0    0
-2.0623791510240279e+00   35   34    0    0
-1.4063020245311228e+02   35   35    0    0
-2.0624008430767282e+00   36   35    0    0
-1.4354363649011319e+02   36   36    0    0
-2.0459906660133300e+00   37   32    0    0
-2.1554715432186025e+00   37   36    0    0
-1.5106038872469321e+02   37   37    0    0
-1.5308385542990275e+00   38    5    0    0
-1.4429939022100689e+02   38   38    0    0
-2.0640736437946052e+00   39   38    0    0
-1.4598162389827672e+02   39   39    0    0
-1.5325197423495860e+00   40    1    0    0
-2.0639770044751562e+00   40   39    0    0
-1.4440182056008655e+02   40   40    0    0
-2.0520412874238758e+00   41   40    0    0
-1.3467658869242652e+02   41   41    0    0
-2.1091308391181154e+00   42   41    0    0
-1.2931970728400088e+02   42   42    0    0
-2.0521278619365293e+00   43   38    0    0
-2.1091170363741907e+00   43   42    0    0
-1.3455294522518057e+02   43   43    0    0
-2.0467711568802152e+00   44    3    0    0
-1.5698934906045017e+02   44   44    0    0
-1.2449247540639092e+00   45   25    0    0
-1.2806634905364174e+00   45   32    0    0
-1.2647644507896874e+00   45   44    0    0
-1.5682776700568402e+02   45   45    0    0
-2.1541881658884683e+00   46    4    0    0
-2.0465756360554002e+00   46   44    0    0
-1.5163251933421952e+02   46   46    0    0
-1.8579263109692434e-02   47   28    0    0
-2.0651422044527195e+00   47   29    0    0
-1.2090312590233385e+02   47   47    0    0
-2.0737945421681454e+00   48   47    0    0
-1.1219387050648297e+02   48   48    0    0
-2.0990689410870824e+00   49   48    0    0
-1.0249555431842944e+02   49   49    0    0
-2.1133828343515257e+00   50   49    0    0
-9.9586326049904741e+01   50   50    0    0
-2.1098386465965433e+00   51   29    0    0
-2.0991300979295082e+00   51   50    0    0
-1.0451824388179509e+02   51   51    0    0
-9.3891824411886901e+01   52   52    0    0
-1.1714216052552774e+02   53   53    0    0
-2.1027158504729280e+00   54   53    0    0
-1.0820211647321574e+02   54   54    0    0
-2.1124795385651907e+00   55   54    0    0
-9.8219061308336379e+01   55   55    0    0
-2.1089245291094634e+00   56   22    0    0
-2.1087870368830206e+00   56   55    0    0
-9.4665970296164204e+01   56   56    0    0
-1.0216442023739285e+02   57   57    0    0
-2.0991141112475940e+00   58   57    0    0
-9.8349873786057785e+01   58   58    0    0
-2.1429354944242682e+00   59   52    0    0
-9.8178426182324316e+01   59   59    0    0
-2.1133899121011663e+00   60   58    0    0
-1.0224095270417577e+02   60   60    0    0
-2.0990277420484555e+00   61   60    0    0
-1.1213517515140545e+02   61   61    0    0
-1.1626620688506355e+02   62   62    0    0
-1.8542809707412469e-02   63   21    0    0
-2.0737568672963884e+00   63   61    0    0
-1.1972434339312325e+02   63   63    0    0
-2.1098853177389927e+00   64   57    0    0
-2.0651993549908307e+00   64   63    0    0
-1.1200354466242167e+02   64   64    0    0
-2.1367616186135066e+00   65   62    0    0
-1.0639253732845830e+02   65   65    0    0
-2.1123631856406742e+00   66   22    0    0
-2.1030913376629359e+00   66   53    0    0
-1.0810254455134712e+02   66   66    0    0
-2.1455753876131598e+00   67   59    0    0
-2.1369095453349840e+00   67   62    0    0
-1.0824856785810965e+02   67   67    0    0
-1.0525504691367759e+02   68   68    0    0
-2.0812576457245782e+00   69   68    0    0
-1.0874040362687282e+02   69   69    0    0
-2.1130498940459614e+00   70   69    0    0
-1.1723433281020745e+02   70   70    0    0
-2.0980614454227164e+00   71   68    0    0
-1.1027964277956310e+02   71   71    0    0
-2.1309132623825486e+00   72   71    0    0
-1.2245269642820267e+02   72   72    0    0
-2.0932405713765538e+00   73   70    0    0
-2.0380001670822923e+00   73   72    0    0
-1.2476379357254977e+02   73   73    0    0
-1.2903585882062754e+02   74   74    0    0
-1.9356457628544288e+00   75   73    0    0
-2.0361681887346195e+00   75   74    0    0
-1.3013143625644830e+02   75   75    0    0
-2.1034919394060045e+00   76   75    0    0
-1.3211282701577886e+02   76   76    0    0
-1.5270296700138677e+00   77   35    0    0
-2.0620456720743254e+00   77   76    0    0
-1.3474926128716484e+02   77   77    0    0
-2.1280187209499757e+00   78   74    0    0
-1.2354772856638166e+02   78   78    0    0
-2.0354995097856357e+00   79   77    0    0
-2.1065246816733136e+00   79   78    0    0
-1.2733064443451370e+02   79   79    0    0
-1.2821750887043294e+02   80   80    0    0
-1.5261131824322234e+00   81   15    0    0
-2.0354791786588633e+00   81   80    0    0
-1.3547597154149366e+02   81   81    0    0
-2.0618429869090371e+00   82   81    0    0
-1.3273466577200162e+02   82   82    0    0
-2.1066378746694845e+00   83   80    0    0
-1.2447323650150301e+02   83   83    0    0
-2.1276300995623325e+00   84   83    0    0
-1.2989524753966660e+02   84   84    0    0
-2.1037824150430047e+00   85   82    0    0
-2.0356177678695024e+00   85   84    0    0
-1.3085450428362336e+02   85   85    0    0
-1.2324443209770668e+02   86   86    0    0
-1.9354037701430511e+00   87   85    0    0
-2.0384179620501821e+00   87   86    0    0
-1.2544368142957734e+02   87   87    0    0
-2.0932584426976968e+00   88   87    0    0
-1.1772808405489761e+02   88   88    0    0
-2.1130316076945648e+00   89   88    0    0
-1.0923584963479392e+02   89   89    0    0
-2.1313788608309729e+00   90   86    0    0
-1.1104669430655332e+02   90   90    0    0
-2.0814353825192740e+00   91   89    0    0
-2.0978482006603012e+00   91   90    0    0
-1.0590021438596240e+02   91   91    0    0
-2.1426383484448936e+00   92   52    0    0
-2.1458815169389207e+00   92   65    0    0
-9.6657061652258449e+01   92   92    0    0
-1.0093994264083630e+00   93   62    0    0
-3.3319164023100312e+00   93   72    0    0
-3.3489237288466227e+00   93   74    0    0
-1.9412344926473887e+02   93   93    0    0
-9.9117513165916138e-01   94   53    0    0
-3.3543387326220198e+00   94   84    0    0
-3.3284881482681374e+00   94   86    0    0
-1.9544600477956732e+02   94   94    0    0
-2.0705898463744674e+02   95   95    0    0
-2.0098932464776209e+02   96   96    0    0
-2.1132616069899902e+02   97   97    0    0
-1.9626820095757265e+02   98   98    0    0
-1.9799436630279820e+02   99   99    0    0
-2.0145477554532161e+02  100  100    0    0
-2.0245118976511054e+02  101  101    0    0
-1.9179985979492906e+02  102  102    0    0
-1.9554413247229090e+02  103  103    0    0
-1.9771500451368433e+02  104  104    0    0
-1.9298664328273577e+02  105  105    0    0
-2.0943290823283175e+02  106  106    0    0
 9.2632762559257426e+03    0    0    0    0
