&FCI NORB=74, NELEC=86, MS2=0,
 ORBSYM=1,1,1,1,1,1,1,1,1,1,1,1,1,1,1,1,1,1,1,1,1,1,1,1,1,1,1,1,1,1,1,1,1,1,1,1,1,1,1,1,1,1,1,1,1,1,1,1,1,1,1,1,1,1,1,1,1,1,1,1,1,1,1,1,1,1,1,1,1,1,1,1,1,1,
 ISYM=1,
&END
 8.4208384499999998e+00    1    1    1    1
 3.8306114576532395e+00    2    2    1    1
 8.4208384499999998e+00    2    2    2    2
 2.7854468116655551e+00    3    3    1    1
 3.8307945285089930e+00    3    3    2    2
 8.4208384499999998e+00    3    3    3    3
 2.5194213493113078e+00    4    4    1    1
 2.7326241839236891e+00    4    4    2    2
 3.8709642711512657e+00    4    4    3    3
 8.4208384499999998e+00    4    4    4    4
 2.7607962951838858e+00    5    5    1    1
 2.4576242096597003e+00    5    5    2    2
 2.7592313893709841e+00    5    5    3    3
 3.8540675532293345e+00    5    5    4    4
 8.4208384499999998e+00    5    5    5    5
 3.8657163900716269e+00    6    6    1    1
 2.7277284952980989e+00    6    6    2    2
 2.5143559673853777e+00    6    6    3    3
 2.7743133470502870e+00    6    6    4    4
 3.8531796526581594e+00    6    6    5    5
 8.4208384499999998e+00    6    6    6    6
 1.0811403926187753e+00    7    7    1    1
 1.0094713190436122e+00    7    7    2    2
 1.0840153091377289e+00    7    7    3    3
 1.2730933321915427e+00    7    7    4    4
 1.4206029674661029e+00    7    7    5    5
 1.2690656263065512e+00    7    7    6    6
 8.4208384499999998e+00    7    7    7    7
 1.0095931029859111e+00    8    8    1    1
 9.3254126370269919e-01    8    8    2    2
 9.7993091969837864e-01    8    8    3    3
 1.1256778328459935e+00    8    8    4    4
 1.2652330829689835e+00    8    8    5    5
 1.1735199552498607e+00    8    8    6    6
 3.7576500239437980e+00    8    8    7    7
 8.4208384499999998e+00    8    8    8    8
 1.0365812698562191e+00    9    9    1    1
 9.4784034569304365e-01    9    9    2    2
 9.8263173960788330e-01    9    9    3    3
 1.1177556061444225e+00    9    9    4    4
 1.2688894633961605e+00    9    9    5    5
 1.2030331896775497e+00    9    9    6    6
 2.6760174094659006e+00    9    9    7    7
 3.8277343893182096e+00    9    9    8    8
 8.4208384499999998e+00    9    9    9    9
 9.3241851885448579e-01   10   10    1    1
 8.5488885035160123e-01   10   10    2    2
 8.7606645441878717e-01   10   10    3    3
 9.7737947758485832e-01   10   10    4    4
 1.0959370414437932e+00   10   10    5    5
 1.0607432560530587e+00   10   10    6    6
 1.9968285914004127e+00   10   10    7    7
 2.7317808409069286e+00   10   10    8    8
 3.8668112590729171e+00   10   10    9    9
 8.4208384499999998e+00   10   10   10   10
 8.3639311346827350e-01   11   11    1    1
 7.7340059674356887e-01   11   11    2    2
 7.9359955062999876e-01   11   11    3    3
 8.7967946804679198e-01   11   11    4    4
 9.7342307514187076e-01   11   11    5    5
 9.4113535058884568e-01   11   11    6    6
 1.8135217610575625e+00   11   11    7    7
 2.4580131729546455e+00   11   11    8    8
 2.7573646239766734e+00   11   11    9    9
 3.8556593096077743e+00   11   11   10   10
 8.4208384499999998e+00   11   11   11   11
 6.3490103569250333e-01   12   12    1    1
 5.9585858388702850e-01   12   12    2    2
 6.0348905499342931e-01   12   12    3    3
 6.4851146901402368e-01   12   12    4    4
 6.9865894760500202e-01   12   12    5    5
 6.8908851697148665e-01   12   12    6    6
 1.0235051592340776e+00   12   12    7    7
 1.1940813054162687e+00   12   12    8    8
 1.2902994576597839e+00   12   12    9    9
 1.5616255933699370e+00   12   12   10   10
 1.8090904594546648e+00   12   12   11   11
 8.4208384499999998e+00   12   12   12   12
 8.2376790044125259e-01   13   13    1    1
 7.6560648781401308e-01   13   13    2    2
 7.9180954822327521e-01   13   13    3    3
 8.8276256068806747e-01   13   13    4    4
 9.7244893545670308e-01   13   13    5    5
 9.2920776041673958e-01   13   13    6    6
 2.0028404616321245e+00   13   13    7    7
 2.7277138954111990e+00   13   13    8    8
 2.5139053252865029e+00   13   13    9    9
 2.7772699793989513e+00   13   13   10   10
 3.8530472617315450e+00   13   13   11   11
 1.5682359061309388e+00   13   13   12   12
 8.4208384499999998e+00   13   13   13   13
 8.9302122997328581e-01   14   14    1    1
 8.3015506370857339e-01   14   14    2    2
 8.6743103935977184e-01   14   14    3    3
 9.8111499584788908e-01   14   14    4    4
 1.0859382394674770e+00   14   14    5    5
 1.0200070529733767e+00   14   14    6    6
 2.6906123075960213e+00   14   14    7    7
 3.8248256918302386e+00   14   14    8    8
 2.7848803907335555e+00   14   14    9    9
 2.5217602317940022e+00   14   14   10   10
 2.7622941493944695e+00   14   14   11   11
 1.2938379836533349e+00   14   14   12   12
 3.8703433191431151e+00   14   14   13   13
 8.4208384499999998e+00   14   14   14   14
 9.7329647267849639e-01   15   15    1    1
 9.2894632046723935e-01   15   15    2    2
 1.0090694931569162e+00   15   15    3    3
 1.1737105068038625e+00   15   15    4    4
 1.2605586469035086e+00   15   15    5    5
 1.1175575795727817e+00   15   15    6    6
 3.7356450244352204e+00   15   15    7    7
 2.6854471812482164e+00   15   15    8    8
 2.0363444580684766e+00   15   15    9    9
 1.6655567644134892e+00   15   15   10   10
 1.6034562753021879e+00   15   15   11   11
 9.7494238622991758e-01   15   15   12   12
 1.8233765551827237e+00   15   15   13   13
 2.3660280878315483e+00   15   15   14   14
 8.4208384499999998e+00   15   15   15   15
 8.8564212656460217e-01   16   16    1    1
 8.5225089098519813e-01   16   16    2    2
 9.2237072983859436e-01   16   16    3    3
 1.0551259290268589e+00   16   16    4    4
 1.1155497320042158e+00   16   16    5    5
 1.0006900002336747e+00   16   16    6    6
 2.6799427241495581e+00   16   16    7    7
 2.3275635569813393e+00   16   16    8    8
 1.9062569739337201e+00   16   16    9    9
 1.6436916895943974e+00   16   16   10   10
 1.6186353530563544e+00   16   16   11   11
 1.0221499975479440e+00   16   16   12   12
 1.8112007809102835e+00   16   16   13   13
 2.1858974688017132e+00   16   16   14   14
 3.8360453098073655e+00   16   16   15   15
 8.4208384499999998e+00   16   16   16   16
 8.1031441081458677e-01   17   17    1    1
 7.8963970595501853e-01   17   17    2    2
 8.5744571485316212e-01   17   17    3    3
 9.6961900256976186e-01   17   17    4    4
 1.0041657898114966e+00   17   17    5    5
 9.0230174027501830e-01   17   17    6    6
 1.9914682704675912e+00   17   17    7    7
 1.7718602404007704e+00   17   17    8    8
 1.5101480113660706e+00   17   17    9    9
 1.3566263896896837e+00   17   17   10   10
 1.3672079340075807e+00   17   17   11   11
 9.4471796143341358e-01   17   17   12   12
 1.5248763851613663e+00   17   17   13   13
 1.7523118080454261e+00   17   17   14   14
 2.7366903060367771e+00   17   17   15   15
 3.8701520046753730e+00   17   17   16   16
 8.4208384499999998e+00   17   17   17   17
 7.9974618661366659e-01   18   18    1    1
 7.8503301161233852e-01   18   18    2    2
 8.5777801844668045e-01   18   18    3    3
 9.6944983025900244e-01   18   18    4    4
 9.9249622094367584e-01   18   18    5    5
 8.8679937493752303e-01   18   18    6    6
 1.8028266207044430e+00   18   18    7    7
 1.5592355230232642e+00   18   18    8    8
 1.3222924777827689e+00   18   18    9    9
 1.1858023262057247e+00   18   18   10   10
 1.1958064972037510e+00   18   18   11   11
 8.4926822139417324e-01   18   18   12   12
 1.3430809643118080e+00   18   18   13   13
 1.5524444081329170e+00   18   18   14   14
 2.4643221932111095e+00   18   18   15   15
 2.7616509812697378e+00   18   18   16   16
 3.8566057742751751e+00   18   18   17   17
 8.4208384499999998e+00   18   18   18   18
 7.1173953267064294e-01   19   19    1    1
 6.6089260432677177e-01   19   19    2    2
 6.6983204445184341e-01   19   19    3    3
 7.2768135543517121e-01   19   19    4    4
 7.9555692457565552e-01   19   19    5    5
 7.8379215069780817e-01   19   19    6    6
 1.2519112068716796e+00   19   19    7    7
 1.5309923797777125e+00   19   19    8    8
 1.6452992220570768e+00   19   19    9    9
 2.0715342016134959e+00   19   19   10   10
 2.6770975458279245e+00   19   19   11   11
 2.7430381308337961e+00   19   19   12   12
 2.2676145701146169e+00   19   19   13   13
 1.7341371357182285e+00   19   19   14   14
 1.1590984126247137e+00   19   19   15   15
 1.1797398485129327e+00   19   19   16   16
 1.0595421952157440e+00   19   19   17   17
 9.5499550137365119e-01   19   19   18   18
 8.4208384499999998e+00   19   19   19   19
 8.5966438509039733e-01   20   20    1    1
 8.4134484152506817e-01   20   20    2    2
 9.2360350914727296e-01   20   20    3    3
 1.0554387281833477e+00   20   20    4    4
 1.0856729798770628e+00   20   20    5    5
 9.6118093087607415e-01   20   20    6    6
 1.9878349550026619e+00   20   20    7    7
 1.6391411982841166e+00   20   20    8    8
 1.3570579481163354e+00   20   20    9    9
 1.1914034633971138e+00   20   20   10   10
 1.1888396185751313e+00   20   20   11   11
 8.2166085640174502e-01   20   20   12   12
 1.3475298805891722e+00   20   20   13   13
 1.6070647984271744e+00   20   20   14   14
 2.7313426761616433e+00   20   20   15   15
 2.5135363201264149e+00   20   20   16   16
 2.7735099555044602e+00   20   20   17   17
 3.8567306114171860e+00   20   20   18   18
 9.4358946329859261e-01   20   20   19   19
 8.4208384499999998e+00   20   20   20   20
 9.5153211961486739e-01   21   21    1    1
 9.1835319504372004e-01   21   21    2    2
 1.0062680493777587e+00   21   21    3    3
 1.1691042976465433e+00   21   21    4    4
 1.2320387286639536e+00   21   21    5    5
 1.0836959659157770e+00   21   21    6    6
 2.6777268447700182e+00   21   21    7    7
 2.0378258716308837e+00   21   21    8    8
 1.6160433697601215e+00   21   21    9    9
 1.3683287943312008e+00   21   21   10   10
 1.3406764392610420e+00   21   21   11   11
 8.7159167660881942e-01   21   21   12   12
 1.5300856465378379e+00   21   21   13   13
 1.9155959776607141e+00   21   21   14   14
 3.8387445330720213e+00   21   21   15   15
 2.7864153329823638e+00   21   21   16   16
 2.5194681148909250e+00   21   21   17   17
 2.7635120547412830e+00   21   21   18   18
 1.0257739649459268e+00   21   21   19   19
 3.8625967790314490e+00   21   21   20   20
 8.4208384499999998e+00   21   21   21   21
 2.6779815887907570e+00   22   22    1    1
 3.7520900121090812e+00   22   22    2    2
 2.6845503571822431e+00   22   22    3    3
 1.9940313140877073e+00   22   22    4    4
 1.8029050952842405e+00   22   22    5    5
 1.9894010811826630e+00   22   22    6    6
 8.7876197155736846e-01   22   22    7    7
 8.2082068839206734e-01   22   22    8    8
 8.3586003463072145e-01   22   22    9    9
 7.6484456454232963e-01   22   22   10   10
 6.9775850576646470e-01   22   22   11   11
 5.5239857494474709e-01   22   22   12   12
 6.8941605474569345e-01   22   22   13   13
 7.4019075125353662e-01   22   22   14   14
 8.1791842434265449e-01   22   22   15   15
 7.5910622426321117e-01   22   22   16   16
 7.1026133561658211e-01   22   22   17   17
 7.0732789528193407e-01   22   22   18   18
 6.0635605301941242e-01   22   22   19   19
 7.5234691481651661e-01   22   22   20   20
 8.1099883393811800e-01   22   22   21   21
 8.4208384499999998e+00   22   22   22   22
 2.0214886947742912e+00   23   23    1    1
 2.6729366708173190e+00   23   23    2    2
 2.3325060512818689e+00   23   23    3    3
 1.7749916572344224e+00   23   23    4    4
 1.5560693982961902e+00   23   23    5    5
 1.6317150009949364e+00   23   23    6    6
 8.1826752476624010e-01   23   23    7    7
 7.6091027478907824e-01   23   23    8    8
 7.6596972494350779e-01   23   23    9    9
 7.0269221387663572e-01   23   23   10   10
 6.4749157687355308e-01   23   23   11   11
 5.1724141952676239e-01   23   23   12   12
 6.4459908353326034e-01   23   23   13   13
 6.9254326135708755e-01   23   23   14   14
 7.7248814039583757e-01   23   23   15   15
 7.1821964106661285e-01   23   23   16   16
 6.7899327858379188e-01   23   23   17   17
 6.8271565343424123e-01   23   23   18   18
 5.6621409553270363e-01   23   23   19   19
 7.2734168931821752e-01   23   23   20   20
 7.7592322281937232e-01   23   23   21   21
 3.7390586802489034e+00   23   23   22   22
 8.4208384499999998e+00   23   23   23   23
 1.8726804377995012e+00   24   24    1    1
 2.3015979568491196e+00   24   24    2    2
 2.1163790087673013e+00   24   24    3    3
 1.7053116921302371e+00   24   24    4    4
 1.5145281996543054e+00   24   24    5    5
 1.5715960204099952e+00   24   24    6    6
 8.1619920334663043e-01   24   24    7    7
 7.5650742176304331e-01   24   24    8    8
 7.5367840025290589e-01   24   24    9    9
 6.9039415728473119e-01   24   24   10   10
 6.4010929548916939e-01   24   24   11   11
 5.0920344723219568e-01   24   24   12   12
 6.4218750475206798e-01   24   24   13   13
 6.9243032831366691e-01   24   24   14   14
 7.7288347953952408e-01   24   24   15   15
 7.1349416114514175e-01   24   24   16   16
 6.7622427072842017e-01   24   24   17   17
 6.8557210518031386e-01   24   24   18   18
 5.6086594622018648e-01   24   24   19   19
 7.3639194095798977e-01   24   24   20   20
 7.8500518326882396e-01   24   24   21   21
 2.6823137041519525e+00   24   24   22   22
 3.8384927598456891e+00   24   24   23   23
 8.4208384499999998e+00   24   24   24   24
 1.4887594700961977e+00   25   25    1    1
 1.7594708290505106e+00   25   25    2    2
 1.7107354969255442e+00   25   25    3    3
 1.4444576759558947e+00   25   25    4    4
 1.2854593596613972e+00   25   25    5    5
 1.3036329266366626e+00   25   25    6    6
 7.5483171882415212e-01   25   25    7    7
 6.9978796833541490e-01   25   25    8    8
 6.9291332825137231e-01   25   25    9    9
 6.3760556879423680e-01   25   25   10   10
 5.9580485893662072e-01   25   25   11   11
 4.7924898206759142e-01   25   25   12   12
 6.0030621806144657e-01   25   25   13   13
 6.4602609140112555e-01   25   25   14   14
 7.2317883727255572e-01   25   25   15   15
 6.7068963387469882e-01   25   25   16   16
 6.4142858313741646e-01   25   25   17   17
 6.5454977303107886e-01   25   25   18   18
 5.2569209192872457e-01   25   25   19   19
 7.0204587755293679e-01   25   25   20   20
 7.4055693566354031e-01   25   25   21   21
 1.9919076055911364e+00   25   25   22   22
 2.7360071449436045e+00   25   25   23   23
 3.8677094696195500e+00   25   25   24   24
 8.4208384499999998e+00   25   25   25   25
 1.3121549938949271e+00   26   26    1    1
 1.5568409154786111e+00   26   26    2    2
 1.5368182239875217e+00   26   26    3    3
 1.3007940348998719e+00   26   26    4    4
 1.1504376375295835e+00   26   26    5    5
 1.1567546063194791e+00   26   26    6    6
 7.0502706520791425e-01   26   26    7    7
 6.5522578263222486e-01   26   26    8    8
 6.5050893326846382e-01   26   26    9    9
 6.0136578296791465e-01   26   26   10   10
 5.6294417511971273e-01   26   26   11   11
 4.5853429712170996e-01   26   26   12   12
 5.6586687041975292e-01   26   26   13   13
 6.0639093268614586e-01   26   26   14   14
 6.8019101129705983e-01   26   26   15   15
 6.3670703881242274e-01   26   26   16   16
 6.1241284339629287e-01   26   26   17   17
 6.2421548816947781e-01   26   26   18   18
 4.9878155838903282e-01   26   26   19   19
 6.6415545522302488e-01   26   26   20   20
 6.9504420114632914e-01   26   26   21   21
 1.8041392785143895e+00   26   26   22   22
 2.4655497062099774e+00   26   26   23   23
 2.7622083278130636e+00   26   26   24   24
 3.8555934481374234e+00   26   26   25   25
 8.4208384499999998e+00   26   26   26   26
 1.3540966107550094e+00   27   27    1    1
 1.6431924578861303e+00   27   27    2    2
 1.6069240953807837e+00   27   27    3    3
 1.3290179960515587e+00   27   27    4    4
 1.1664009743978772e+00   27   27    5    5
 1.1770736120039338e+00   27   27    6    6
 7.0579767734344323e-01   27   27    7    7
 6.5743082237565498e-01   27   27    8    8
 6.5753346567715909e-01   27   27    9    9
 6.0865076871029311e-01   27   27   10   10
 5.6729825189740068e-01   27   27   11   11
 4.6386113668775447e-01   27   27   12   12
 5.6696545304933499e-01   27   27   13   13
 6.0593486138457608e-01   27   27   14   14
 6.7955777349296942e-01   27   27   15   15
 6.3969408859963872e-01   27   27   16   16
 6.1423901751527943e-01   27   27   17   17
 6.2196791161775167e-01   27   27   18   18
 5.0196636721901122e-01   27   27   19   19
 6.5745820773074781e-01   27   27   20   20
 6.8856208529258234e-01   27   27   21   21
 1.9909073828530373e+00   27   27   22   22
 2.7351306193685736e+00   27   27   23   23
 2.5157535579150392e+00   27   27   24   24
 2.7728200703213277e+00   27   27   25   25
 3.8558414606252778e+00   27   27   26   26
 8.4208384499999998e+00   27   27   27   27
 1.6154372085514186e+00   28   28    1    1
 2.0437396516199309e+00   28   28    2    2
 1.9194192607871203e+00   28   28    3    3
 1.5187911983643054e+00   28   28    4    4
 1.3258066737033032e+00   28   28    5    5
 1.3586664635514178e+00   28   28    6    6
 7.5493520741730391e-01   28   28    7    7
 7.0361185534987536e-01   28   28    8    8
 7.0859244657205955e-01   28   28    9    9
 6.5394970698972943e-01   28   28   10   10
 6.0507848107759254e-01   28   28   11   11
 4.9085094434830634e-01   28   28   12   12
 6.0179383862659097e-01   28   28   13   13
 6.4363543005149249e-01   28   28   14   14
 7.2009789957309123e-01   28   28   15   15
 6.7634028057634388e-01   28   28   16   16
 6.4443990858818700e-01   28   28   17   17
 6.4826878738599081e-01   28   28   18   18
 5.3231236868102194e-01   28   28   19   19
 6.8528178202123280e-01   28   28   20   20
 7.2367791641643364e-01   28   28   21   21
 2.6803615242381418e+00   28   28   22   22
 3.8375539336098363e+00   28   28   23   23
 2.7852497663604412e+00   28   28   24   24
 2.5163411067700485e+00   28   28   25   25
 2.7624954419389018e+00   28   28   26   26
 3.8670278433446783e+00   28   28   27   27
 8.4208384499999998e+00   28   28   28   28
 2.2838982348627512e+00   29   29    1    1
 2.6468634625951979e+00   29   29    2    2
 2.0140693048605329e+00   29   29    3    3
 1.6227111765222155e+00   29   29    4    4
 1.5403097490299513e+00   29   29    5    5
 1.7448945847333730e+00   29   29    6    6
 8.1992822511574237e-01   29   29    7    7
 7.7729040035355346e-01   29   29    8    8
 8.0136866630087855e-01   29   29    9    9
 7.4179887670952371e-01   29   29   10   10
 6.7605135636469915e-01   29   29   11   11
 5.4511941204614212e-01   29   29   12   12
 6.6207921877320997e-01   29   29   13   13
 7.0361230537285580e-01   29   29   14   14
 7.6122496050040744e-01   29   29   15   15
 7.1303851575698507e-01   29   29   16   16
 6.6684626881942377e-01   29   29   17   17
 6.5918435863160874e-01   29   29   18   18
 5.9365458532192439e-01   29   29   19   19
 6.9502027093570407e-01   29   29   20   20
 7.4765905610935457e-01   29   29   21   21
 3.7525730269481592e+00   29   29   22   22
 2.6768651960522050e+00   29   29   23   23
 2.0434620598458704e+00   29   29   24   24
 1.6447600904266875e+00   29   29   25   25
 1.5601502363847537e+00   29   29   26   26
 1.7643057594212634e+00   29   29   27   27
 2.3091508334176085e+00   29   29   28   28
 8.4208384499999998e+00   29   29   29   29
 1.8382465552668903e+00   30   30    1    1
 2.0056422407682950e+00   30   30    2    2
 1.6064848275028658e+00   30   30    3    3
 1.3436102053691956e+00   30   30    4    4
 1.2959056181754658e+00   30   30    5    5
 1.4643208221748329e+00   30   30    6    6
 7.4412650787137469e-01   30   30    7    7
 7.1104953142306948e-01   30   30    8    8
 7.3206878297389666e-01   30   30    9    9
 6.8391461846236545e-01   30   30   10   10
 6.2794992618880829e-01   30   30   11   11
 5.1497311413401525e-01   30   30   12   12
 6.1536746641410223e-01   30   30   13   13
 6.5008849513926181e-01   30   30   14   14
 6.9349792029656754e-01   30   30   15   15
 6.5147635345507571e-01   30   30   16   16
 6.1195264441292185e-01   30   30   17   17
 6.0623662269735978e-01   30   30   18   18
 5.5892969277004168e-01   30   30   19   19
 6.3824555332308452e-01   30   30   20   20
 6.8333732960009530e-01   30   30   21   21
 2.6850270220900359e+00   30   30   22   22
 2.3428046152434270e+00   30   30   23   23
 1.9194436080415587e+00   30   30   24   24
 1.6118399062600199e+00   30   30   25   25
 1.5479847358030643e+00   30   30   26   26
 1.7279410951240461e+00   30   30   27   27
 2.1394141361726153e+00   30   30   28   28
 3.8285123253415279e+00   30   30   29   29
 8.4208384499999998e+00   30   30   30   30
 1.5344669179117223e+00   31   31    1    1
 1.6130576036660174e+00   31   31    2    2
 1.3446842740646581e+00   31   31    3    3
 1.1604351461649036e+00   31   31    4    4
 1.1342300580511766e+00   31   31    5    5
 1.2726561531772058e+00   31   31    6    6
 6.9475486744676640e-01   31   31    7    7
 6.6996703341741126e-01   31   31    8    8
 6.9422454842422276e-01   31   31    9    9
 6.5462832540555016e-01   31   31   10   10
 6.0207090265659680e-01   31   31   11   11
 5.0258182660030892e-01   31   31   12   12
 5.8686749061215893e-01   31   31   13   13
 6.1525784899550062e-01   31   31   14   14
 6.4833999563198919e-01   31   31   15   15
 6.1356232170656000e-01   31   31   16   16
 5.7720174029613414e-01   31   31   17   17
 5.6942320113619971e-01   31   31   18   18
 5.4109061420783811e-01   31   31   19   19
 5.9562205608237762e-01   31   31   20   20
 6.3570426824657789e-01   31   31   21   21
 1.9945396559289135e+00   31   31   22   22
 1.7893954696731178e+00   31   31   23   23
 1.5219748406061309e+00   31   31   24   24
 1.3378510700946313e+00   31   31   25   25
 1.3191113098774334e+00   31   31   26   26
 1.4732666874659870e+00   31   31   27   27
 1.7393976753226712e+00   31   31   28   28
 2.7298665018265114e+00   31   31   29   29
 3.8694756890531821e+00   31   31   30   30
 8.4208384499999998e+00   31   31   31   31
 1.4772266851455713e+00   32   32    1    1
 1.5307138476098594e+00   32   32    2    2
 1.2997029175990966e+00   32   32    3    3
 1.1385433781401826e+00   32   32    4    4
 1.1199984054494903e+00   32   32    5    5
 1.2503508594851893e+00   32   32    6    6
 7.0161424073778378e-01   32   32    7    7
 6.7963752636270147e-01   32   32    8    8
 7.1033809932476666e-01   32   32    9    9
 6.7224096237595699e-01   32   32   10   10
 6.1562701501917405e-01   32   32   11   11
 5.1701628238573560e-01   32   32   12   12
 5.9603887400162336e-01   32   32   13   13
 6.2243567750841422e-01   32   32   14   14
 6.5368802180639007e-01   32   32   15   15
 6.2231723688763263e-01   32   32   16   16
 5.8435605000722168e-01   32   32   17   17
 5.7281864261392490e-01   32   32   18   18
 5.5312200386321797e-01   32   32   19   19
 5.9569656861546771e-01   32   32   20   20
 6.3596065840341598e-01   32   32   21   21
 1.8032958074817214e+00   32   32   22   22
 1.5698904241017222e+00   32   32   23   23
 1.3295278072039269e+00   32   32   24   24
 1.1748245122092071e+00   32   32   25   25
 1.1674808147277644e+00   32   32   26   26
 1.3130999117864974e+00   32   32   27   27
 1.5474346415019760e+00   32   32   28   28
 2.4557279808917278e+00   32   32   29   29
 2.7594290086207907e+00   32   32   30   30
 3.8549333343539924e+00   32   32   31   31
 8.4208384499999998e+00   32   32   32   32
 1.2207334689723059e+00   33   33    1    1
 1.2464869973910695e+00   33   33    2    2
 1.0909948814613182e+00   33   33    3    3
 9.7784698161144157e-01   33   33    4    4
 9.6824937136457834e-01   33   33    5    5
 1.0675168502948085e+00   33   33    6    6
 6.4613813246298990e-01   33   33    7    7
 6.3073110835784030e-01   33   33    8    8
 6.6117571755341809e-01   33   33    9    9
 6.3175075199173936e-01   33   33   10   10
 5.8112735769741586e-01   33   33   11   11
 4.9811991257382182e-01   33   33   12   12
 5.6079684863464363e-01   33   33   13   13
 5.8141521914258520e-01   33   33   14   14
 6.0416874606034410e-01   33   33   15   15
 5.7905625979254916e-01   33   33   16   16
 5.4544237955125263e-01   33   33   17   17
 5.3349064591777162e-01   33   33   18   18
 5.2814362426625550e-01   33   33   19   19
 5.5180065330301364e-01   33   33   20   20
 5.8659402324193244e-01   33   33   21   21
 1.4188735821359564e+00   33   33   22   22
 1.2802011610484330e+00   33   33   23   23
 1.1170375643701058e+00   33   33   24   24
 1.0132167357941972e+00   33   33   25   25
 1.0176461934850312e+00   33   33   26   26
 1.1324603215140403e+00   33   33   27   27
 1.2864518485102205e+00   33   33   28   28
 1.7930719261403645e+00   33   33   29   29
 2.0001548521702044e+00   33   33   30   30
 2.6944811483570565e+00   33   33   31   31
 3.7122511487870513e+00   33   33   32   32
 8.4208384499999998e+00   33   33   33   33
 1.6708351188143171e+00   34   34    1    1
 1.7393270576884101e+00   34   34    2    2
 1.4735371721579502e+00   34   34    3    3
 1.2860536572295449e+00   34   34    4    4
 1.2626402037352062e+00   34   34    5    5
 1.4090508421112693e+00   34   34    6    6
 7.6422684377501426e-01   34   34    7    7
 7.3749013599457514e-01   34   34    8    8
 7.7444606538037564e-01   34   34    9    9
 7.2853965672459065e-01   34   34   10   10
 6.6196452776743975e-01   34   34   11   11
 5.4870874112353774e-01   34   34   12   12
 6.3903760669977794e-01   34   34   13   13
 6.6956858550105625e-01   34   34   14   14
 7.0924786507298698e-01   34   34   15   15
 6.7514648587927195e-01   34   34   16   16
 6.3122100209353593e-01   34   34   17   17
 6.1627332846823157e-01   34   34   18   18
 5.8795097319230871e-01   34   34   19   19
 6.4037878797763470e-01   34   34   20   20
 6.8627134202710127e-01   34   34   21   21
 1.9900399045785260e+00   34   34   22   22
 1.6419946065675590e+00   34   34   23   23
 1.3615939815742140e+00   34   34   24   24
 1.1826599754667757e+00   34   34   25   25
 1.1673692200386871e+00   34   34   26   26
 1.3210910360248753e+00   34   34   27   27
 1.5941640483997714e+00   34   34   28   28
 2.7288383016514244e+00   34   34   29   29
 2.5176278083879615e+00   34   34   30   30
 2.7768067798356793e+00   34   34   31   31
 3.8544906390566500e+00   34   34   32   32
 2.6789035530948411e+00   34   34   33   33
 8.4208384499999998e+00   34   34   34   34
 2.0970304912028395e+00   35   35    1    1
 2.2859906015816982e+00   35   35    2    2
 1.8544896369874879e+00   35   35    3    3
 1.5572240118200715e+00   35   35    4    4
 1.5022739419718598e+00   35   35    5    5
 1.6876837876168116e+00   35   35    6    6
 8.3097830635009207e-01   35   35    7    7
 7.9264470251166264e-01   35   35    8    8
 8.2711720594600635e-01   35   35    9    9
 7.6851817597765337e-01   35   35   10   10
 6.9591912941125178e-01   35   35   11   11
 5.6417788868968843e-01   35   35   12   12
 6.7555686000814430e-01   35   35   13   13
 7.1445355555145584e-01   35   35   14   14
 7.6930657210156228e-01   35   35   15   15
 7.2637562552910107e-01   35   35   16   16
 6.7728875520735710e-01   35   35   17   17
 6.6360772412556257e-01   35   35   18   18
 6.1017805858498286e-01   35   35   19   19
 6.9413437797241961e-01   35   35   20   20
 7.4713702463457965e-01   35   35   21   21
 2.6763031042725860e+00   35   35   22   22
 2.0259419736330058e+00   35   35   23   23
 1.6161853633487446e+00   35   35   24   24
 1.3561140652240897e+00   35   35   25   25
 1.3160306563652291e+00   35   35   26   26
 1.4951610755367655e+00   35   35   27   27
 1.8821570994642642e+00   35   35   28   28
 3.8297525307541442e+00   35   35   29   29
 2.7855112138520211e+00   35   35   30   30
 2.5176936169231401e+00   35   35   31   31
 2.7584414983235104e+00   35   35   32   32
 1.9940200956346783e+00   35   35   33   33
 3.8658024334806864e+00   35   35   34   34
 8.4208384499999998e+00   35   35   35   35
 1.7688266194623405e+00   36   36    1    1
 1.5400966449041804e+00   36   36    2    2
 1.6284469066743621e+00   36   36    3    3
 2.0228287616422254e+00   36   36    4    4
 2.6753353026178210e+00   36   36    5    5
 2.3412321477561742e+00   36   36    6    6
 1.9904874256769503e+00   36   36    7    7
 1.7474855965420195e+00   36   36    8    8
 1.6978278292396995e+00   36   36    9    9
 1.3985754749535912e+00   36   36   10   10
 1.2297942285816499e+00   36   36   11   11
 8.1161337433287328e-01   36   36   12   12
 1.2514099755222445e+00   36   36   13   13
 1.4489835317164355e+00   36   36   14   14
 1.6239669227090157e+00   36   36   15   15
 1.3595096675712197e+00   36   36   16   16
 1.1765233041979990e+00   36   36   17   17
 1.1517791022370756e+00   36   36   18   18
 9.6390420319658399e-01   36   36   19   19
 1.2901486967145226e+00   36   36   20   20
 1.5505145776315221e+00   36   36   21   21
 1.2581845265218650e+00   36   36   22   22
 1.1331738532114579e+00   36   36   23   23
 1.1387659848403604e+00   36   36   24   24
 1.0112709645054876e+00   36   36   25   25
 9.1334300122700429e-01   36   36   26   26
 9.0960124858792490e-01   36   36   27   27
 9.9787256344741648e-01   36   36   28   28
 1.1377896352009220e+00   36   36   29   29
 1.0095406290904747e+00   36   36   30   30
 9.1450977504128206e-01   36   36   31   31
 9.0831414066645211e-01   36   36   32   32
 8.1135790920473383e-01   36   36   33   33
 9.9827333889987313e-01   36   36   34   34
 1.1254538589704446e+00   36   36   35   35
 8.4208384499999998e+00   36   36   36   36
 1.4239838903831703e+00   37   37    1    1
 1.2754137810728168e+00   37   37    2    2
 1.3536958720584691e+00   37   37    3    3
 1.6390646297594225e+00   37   37    4    4
 1.9952482015053921e+00   37   37    5    5
 1.7764334357284226e+00   37   37    6    6
 2.6805779806121026e+00   37   37    7    7
 2.2758354850147859e+00   37   37    8    8
 2.0894537731148137e+00   37   37    9    9
 1.6428836986698587e+00   37   37   10   10
 1.4426145592358643e+00   37   37   11   11
 8.9198430212455837e-01   37   37   12   12
 1.5003972425559553e+00   37   37   13   13
 1.8104519384998143e+00   37   37   14   14
 2.0156665045154161e+00   37   37   15   15
 1.6167304412845851e+00   37   37   16   16
 1.3544625439812541e+00   37   37   17   17
 1.3092109954308533e+00   37   37   18   18
 1.0840147978232322e+00   37   37   19   19
 1.4794570756983279e+00   37   37   20   20
 1.8564201542454508e+00   37   37   21   21
 1.0745267795344005e+00   37   37   22   22
 9.8284949477732586e-01   37   37   23   23
 9.8782740167580141e-01   37   37   24   24
 8.9387858189035885e-01   37   37   25   25
 8.1732959309208908e-01   37   37   26   26
 8.1378325710056321e-01   37   37   27   27
 8.8215678379244256e-01   37   37   28   28
 9.8717383893353139e-01   37   37   29   29
 8.8727099658281583e-01   37   37   30   30
 8.1513921462067163e-01   37   37   31   31
 8.1471143274190849e-01   37   37   32   32
 7.3795250878712759e-01   37   37   33   33
 8.9027399050922329e-01   37   37   34   34
 9.8617497732532522e-01   37   37   35   35
 3.8659507064016077e+00   37   37   36   36
 8.4208384499999998e+00   37   37   37   37
 1.2816892752575151e+00   38   38    1    1
 1.1855487655189569e+00   38   38    2    2
 1.2874082002701752e+00   38   38    3    3
 1.5616093275829761e+00   38   38    4    4
 1.7974760736280984e+00   38   38    5    5
 1.5519205954176678e+00   38   38    6    6
 3.7500274173719594e+00   38   38    7    7
 2.6482250129784899e+00   38   38    8    8
 2.2919435889984068e+00   38   38    9    9
 1.7368818256810987e+00   38   38   10   10
 1.5248949097236637e+00   38   38   11   11
 9.2296490438583101e-01   38   38   12   12
 1.6034799543280225e+00   38   38   13   13
 1.9939914521687434e+00   38   38   14   14
 2.6661798736765840e+00   38   38   15   15
 2.0486024106333596e+00   38   38   16   16
 1.6474080679821492e+00   38   38   17   17
 1.5583097796587841e+00   38   38   18   18
 1.1078601309914553e+00   38   38   19   19
 1.7540434991512488e+00   38   38   20   20
 2.2855642576142361e+00   38   38   21   21
 1.0090772374632306e+00   38   38   22   22
 9.3053938261552105e-01   38   38   23   23
 9.2709307681554531e-01   38   38   24   24
 8.4705115989975610e-01   38   38   25   25
 7.8466951691430653e-01   38   38   26   26
 7.8609008803591152e-01   38   38   27   27
 8.4833540759524406e-01   38   38   28   28
 9.2978006319792761e-01   38   38   29   29
 8.3368472467149035e-01   38   38   30   30
 7.7031877168294394e-01   38   38   31   31
 7.7570445781201969e-01   38   38   32   32
 7.0641989430211516e-01   38   38   33   33
 8.5123667569815098e-01   38   38   34   34
 9.3888866980653729e-01   38   38   35   35
 2.7280335739861283e+00   38   38   36   36
 3.8321592447781225e+00   38   38   37   37
 8.4208384499999998e+00   38   38   38   38
 1.3634721331639237e+00   39   39    1    1
 1.2930133375090813e+00   39   39    2    2
 1.4506331631894316e+00   39   39    3    3
 1.8078461036939519e+00   39   39    4    4
 2.0063906828564195e+00   39   39    5    5
 1.6412852584500897e+00   39   39    6    6
 2.6837893512634179e+00   39   39    7    7
 2.0314312073877092e+00   39   39    8    8
 1.8864844771325557e+00   39   39    9    9
 1.4977231111822775e+00   39   39   10   10
 1.3169710649076534e+00   39   39   11   11
 8.5229541643440487e-01   39   39   12   12
 1.3541373768064000e+00   39   39   13   13
 1.6109304232118000e+00   39   39   14   14
 2.3194559570027216e+00   39   39   15   15
 1.9274174082775699e+00   39   39   16   16
 1.6134039372136171e+00   39   39   17   17
 1.5380243026618725e+00   39   39   18   18
 9.8840510628179135e-01   39   39   19   19
 1.6980850634333531e+00   39   39   20   20
 2.0852890079619448e+00   39   39   21   21
 1.0894157986406494e+00   39   39   22   22
 1.0032069124665817e+00   39   39   23   23
 9.8821876418992127e-01   39   39   24   24
 9.0001869610167962e-01   39   39   25   25
 8.3847962682802646e-01   39   39   26   26
 8.4685486711518354e-01   39   39   27   27
 9.1846283356693070e-01   39   39   28   28
 9.9427911587097639e-01   39   39   29   29
 8.7928310948799271e-01   39   39   30   30
 8.0846130659317683e-01   39   39   31   31
 8.1705779811859780e-01   39   39   32   32
 7.3963452857896550e-01   39   39   33   33
 9.0606160328584562e-01   39   39   34   34
 1.0096644277273132e+00   39   39   35   35
 2.5126920247233699e+00   39   39   36   36
 2.7858225574404649e+00   39   39   37   37
 3.8337369708793330e+00   39   39   38   38
 8.4208384499999998e+00   39   39   39   39
 1.6516835724285492e+00   40   40    1    1
 1.5729734187097448e+00   40   40    2    2
 1.8172774270863070e+00   40   40    3    3
 2.4077976319821253e+00   40   40    4    4
 2.7085790920583492e+00   40   40    5    5
 2.0372360339604763e+00   40   40    6    6
 1.9945765235894179e+00   40   40    7    7
 1.6379173310877442e+00   40   40    8    8
 1.5902696789101951e+00   40   40    9    9
 1.3092246076469898e+00   40   40   10   10
 1.1516064771805123e+00   40   40   11   11
 7.8194037507347325e-01   40   40   12   12
 1.1655135001426173e+00   40   40   13   13
 1.3452728100071083e+00   40   40   14   14
 1.7619204709464182e+00   40   40   15   15
 1.5224847522484184e+00   40   40   16   16
 1.3305536486784226e+00   40   40   17   17
 1.2952667565009073e+00   40   40   18   18
 8.9587331942573678e-01   40   40   19   19
 1.4237717601861992e+00   40   40   20   20
 1.6708960544157581e+00   40   40   21   21
 1.2830476342057804e+00   40   40   22   22
 1.1653872187106995e+00   40   40   23   23
 1.1390203465476780e+00   40   40   24   24
 1.0200112443032721e+00   40   40   25   25
 9.4345033534648060e-01   40   40   26   26
 9.5728041061843805e-01   40   40   27   27
 1.0525093677525434e+00   40   40   28   28
 1.1491004944911216e+00   40   40   29   29
 9.9757626653007114e-01   40   40   30   30
 9.0499032711463256e-01   40   40   31   31
 9.1177901961440688e-01   40   40   32   32
 8.1377128588638958e-01   40   40   33   33
 1.0214441936452685e+00   40   40   34   34
 1.1620120282289734e+00   40   40   35   35
 2.7736081640617005e+00   40   40   36   36
 2.5208227088895980e+00   40   40   37   37
 2.7353463216284739e+00   40   40   38   38
 3.8708260911086745e+00   40   40   39   39
 8.4208384499999998e+00   40   40   40   40
 1.9973722860899925e+00   41   41    1    1
 1.7967284612394121e+00   41   41    2    2
 2.0043836812315154e+00   41   41    3    3
 2.7011904245208047e+00   41   41    4    4
 3.7221160424653963e+00   41   41    5    5
 2.6824834090680709e+00   41   41    6    6
 1.8040057569780896e+00   41   41    7    7
 1.5501832172717278e+00   41   41    8    8
 1.5262601293486242e+00   41   41    9    9
 1.2724960041337519e+00   41   41   10   10
 1.1191202637912465e+00   41   41   11   11
 7.6489090125128312e-01   41   41   12   12
 1.1285280249415575e+00   41   41   13   13
 1.2910217856735418e+00   41   41   14   14
 1.5465235741871093e+00   41   41   15   15
 1.3277354050624934e+00   41   41   16   16
 1.1664153452025345e+00   41   41   17   17
 1.1446234630164274e+00   41   41   18   18
 8.8547639984360149e-01   41   41   19   19
 1.2681186695185898e+00   41   41   20   20
 1.4878563101331641e+00   41   41   21   21
 1.4198521381839935e+00   41   41   22   22
 1.2666511528779207e+00   41   41   23   23
 1.2509469476044219e+00   41   41   24   24
 1.0990328555183755e+00   41   41   25   25
 9.9665925827515967e-01   41   41   26   26
 1.0034146146462537e+00   41   41   27   27
 1.1133331090106449e+00   41   41   28   28
 1.2583250469014313e+00   41   41   29   29
 1.0897148941034904e+00   41   41   30   30
 9.7731482529558200e-01   41   41   31   31
 9.7439532893523917e-01   41   41   32   32
 8.6112432514949222e-01   41   41   33   33
 1.0878214409932050e+00   41   41   34   34
 1.2509636600926621e+00   41   41   35   35
 3.8521346974347264e+00   41   41   36   36
 2.7621456919718503e+00   41   41   37   37
 2.4595176158830263e+00   41   41   38   38
 2.7587203898434400e+00   41   41   39   39
 3.8547500897046021e+00   41   41   40   40
 8.4208384499999998e+00   41   41   41   41
 1.0325679480085519e+00   42   42    1    1
 1.1769825101733149e+00   42   42    2    2
 1.2151162260465702e+00   42   42    3    3
 1.0912810010319145e+00   42   42    4    4
 9.7305960351397813e-01   42   42    5    5
 9.5284795768773722e-01   42   42    6    6
 6.5586821278970209e-01   42   42    7    7
 6.0753202504501524e-01   42   42    8    8
 5.9624705644155662e-01   42   42    9    9
 5.5254209596121584e-01   42   42   10   10
 5.2265375629274968e-01   42   42   11   11
 4.2894512942216168e-01   42   42   12   12
 5.2983635924104067e-01   42   42   13   13
 5.6811229199317170e-01   42   42   14   14
 6.4334730623625458e-01   42   42   15   15
 6.0456230536267630e-01   42   42   16   16
 5.8911158564733390e-01   42   42   17   17
 6.0758734123570213e-01   42   42   18   18
 4.6541476523669989e-01   42   42   19   19
 6.4652913401930212e-01   42   42   20   20
 6.6655976809142192e-01   42   42   21   21
 1.2691013168386127e+00   42   42   22   22
 1.5570650270929036e+00   42   42   23   23
 1.7473049028618746e+00   42   42   24   24
 2.2658360783617137e+00   42   42   25   25
 2.6894879103426370e+00   42   42   26   26
 2.1032236042712600e+00   42   42   27   27
 1.6744971257685981e+00   42   42   28   28
 1.1256270209474593e+00   42   42   29   29
 1.1124078179369712e+00   42   42   30   30
 9.9055385492008463e-01   42   42   31   31
 9.0324186244642313e-01   42   42   32   32
 8.1287956901279823e-01   42   42   33   33
 9.0631192355335288e-01   42   42   34   34
 9.9757321231479945e-01   42   42   35   35
 8.1137731924866618e-01   42   42   36   36
 7.4132461098205693e-01   42   42   37   37
 7.2000581089653348e-01   42   42   38   38
 7.6605710436053642e-01   42   42   39   39
 8.4435655333624626e-01   42   42   40   40
 8.7496729996747469e-01   42   42   41   41
 8.4208384499999998e+00   42   42   42   42
 1.1013616277218299e+00   43   43    1    1
 1.2665430364169243e+00   43   43    2    2
 1.2690541871087195e+00   43   43    3    3
 1.1132491309213972e+00   43   43    4    4
 9.9716094557529389e-01   43   43    5    5
 9.9466618110736293e-01   43   43    6    6
 6.5158535328743294e-01   43   43    7    7
 6.0679195729597046e-01   43   43    8    8
 5.9989215935400619e-01   43   43    9    9
 5.5701607588702029e-01   43   43   10   10
 5.2489456586099403e-01   43   43   11   11
 4.3192660831443430e-01   43   43   12   12
 5.2930838609694841e-01   43   43   13   13
 5.6583591658007804e-01   43   43   14   14
 6.3386126903988194e-01   43   43   15   15
 5.9581913500077954e-01   43   43   16   16
 5.7723568455563756e-01   43   43   17   17
 5.9112367718211967e-01   43   43   18   18
 4.6822579265468200e-01   43   43   19   19
 6.2758014478836066e-01   43   43   20   20
 6.5121119544076334e-01   43   43   21   21
 1.4187682116304909e+00   43   43   22   22
 1.7980725033477278e+00   43   43   23   23
 2.0000807641753231e+00   43   43   24   24
 2.6925940518645861e+00   43   43   25   25
 3.7129354993953658e+00   43   43   26   26
 2.6866273563110110e+00   43   43   27   27
 1.9979275881760898e+00   43   43   28   28
 1.2697609729442108e+00   43   43   29   29
 1.2798933315217114e+00   43   43   30   30
 1.1306750794886020e+00   43   43   31   31
 1.0130647531832637e+00   43   43   32   32
 9.0507737914219688e-01   43   43   33   33
 1.0039800614715928e+00   43   43   34   34
 1.1044659063001301e+00   43   43   35   35
 8.1938942929456182e-01   43   43   36   36
 7.4333663069897749e-01   43   43   37   37
 7.1762492709148185e-01   43   43   38   38
 7.6261211699022280e-01   43   43   39   39
 8.4558814601672905e-01   43   43   40   40
 8.8429957184486641e-01   43   43   41   41
 3.8383420526204195e+00   43   43   42   42
 8.4208384499999998e+00   43   43   43   43
 9.9820144251353504e-01   44   44    1    1
 1.1265897198630470e+00   44   44    2    2
 1.1072789121394011e+00   44   44    3    3
 9.7983155507407893e-01   44   44    4    4
 8.9303992741254978e-01   44   44    5    5
 9.0135806740322455e-01   44   44    6    6
 6.0081733193585640e-01   44   44    7    7
 5.6373342472246579e-01   44   44    8    8
 5.5937324244815467e-01   44   44    9    9
 5.2263294328487997e-01   44   44   10   10
 4.9364612656659740e-01   44   44   11   11
 4.1128575847033694e-01   44   44   12   12
 4.9656233796325733e-01   44   44   13   13
 5.2792529427210666e-01   44   44   14   14
 5.8409517736928851e-01   44   44   15   15
 5.5144888482389254e-01   44   44   16   16
 5.3471769391627211e-01   44   44   17   17
 5.4600514915563703e-01   44   44   18   18
 4.4394580374882348e-01   44   44   19   19
 5.7705075685291041e-01   44   44   20   20
 5.9784285503508816e-01   44   44   21   21
 1.2736115847880607e+00   44   44   22   22
 1.5623835950092775e+00   44   44   23   23
 1.6820416650614836e+00   44   44   24   24
 2.1130841243772078e+00   44   44   25   25
 2.6932501416429648e+00   44   44   26   26
 2.2626963695444244e+00   44   44   27   27
 1.7493084937332921e+00   44   44   28   28
 1.1841236610834092e+00   44   44   29   29
 1.2311790787522685e+00   44   44   30   30
 1.1143756699619936e+00   44   44   31   31
 9.9316503560384350e-01   44   44   32   32
 9.0086188583918214e-01   44   44   33   33
 9.6494186374124236e-01   44   44   34   34
 1.0385112703020765e+00   44   44   35   35
 7.4635013680426898e-01   44   44   36   36
 6.8110328803723552e-01   44   44   37   37
 6.5724406226793397e-01   44   44   38   38
 6.9393628185650180e-01   44   44   39   39
 7.6335974216464930e-01   44   44   40   40
 7.9809390058514040e-01   44   44   41   41
 2.7427165932112185e+00   44   44   42   42
 3.8428204212412869e+00   44   44   43   43
 8.4208384499999998e+00   44   44   44   44
 6.5423422500491135e-01   45   45    1    1
 6.1072354688392594e-01   45   45    2    2
 6.1738273740757577e-01   45   45    3    3
 6.6525747632506893e-01   45   45    4    4
 7.2130203521336178e-01   45   45    5    5
 7.1323246866643397e-01   45   45    6    6
 1.0738471599612494e+00   45   45    7    7
 1.2711006936241407e+00   45   45    8    8
 1.3607789494223161e+00   45   45    9    9
 1.6581145536671027e+00   45   45   10   10
 1.9944926314141076e+00   45   45   11   11
 3.8584648850053767e+00   45   45   12   12
 1.7492098956517221e+00   45   45   13   13
 1.4086043375672879e+00   45   45   14   14
 1.0117396800928511e+00   45   45   15   15
 1.0414976594126801e+00   45   45   16   16
 9.5472246975209063e-01   45   45   17   17
 8.6518914823586446e-01   45   45   18   18
 3.8524141264033860e+00   45   45   19   19
 8.4774716811194806e-01   45   45   20   20
 9.0726993987155458e-01   45   45   21   21
 5.6459477130443081e-01   45   45   22   22
 5.2865373645308855e-01   45   45   23   23
 5.2276646420931328e-01   45   45   24   24
 4.9160285564306117e-01   45   45   25   25
 4.6836060389468770e-01   45   45   26   26
 4.7205473772833417e-01   45   45   27   27
 4.9944538118641879e-01   45   45   28   28
 5.5553867028184367e-01   45   45   29   29
 5.2535299137821745e-01   45   45   30   30
 5.1118688926399714e-01   45   45   31   31
 5.2359730232243828e-01   45   45   32   32
 5.0293403949167637e-01   45   45   33   33
 5.5465616415176489e-01   45   45   34   34
 5.7208225079579844e-01   45   45   35   35
 8.5281050811971815e-01   45   45   36   36
 9.4357841640251461e-01   45   45   37   37
 9.6467251842199686e-01   45   45   38   38
 8.7683767192779871e-01   45   45   39   39
 8.0325008974964363e-01   45   45   40   40
 7.9297352711292157e-01   45   45   41   41
 4.3805259354629422e-01   45   45   42   42
 4.4097622742519277e-01   45   45   43   43
 4.1956970055493475e-01   45   45   44   44
 8.4208384499999998e+00   45   45   45   45
 8.8057923900541213e-01   46   46    1    1
 9.7889783060895508e-01   46   46    2    2
 9.7172530614882657e-01   46   46    3    3
 8.7641393184562477e-01   46   46    4    4
 8.0440300234046747e-01   46   46    5    5
 8.0719416197072658e-01   46   46    6    6
 5.6368284738286489e-01   46   46    7    7
 5.2973659520226501e-01   46   46    8    8
 5.2412242466793191e-01   46   46    9    9
 4.9119690953891770e-01   46   46   10   10
 4.6617110043040361e-01   46   46   11   11
 3.9130559087333411e-01   46   46   12   12
 4.6999604658782179e-01   46   46   13   13
 4.9875276178311750e-01   46   46   14   14
 5.5104578507581048e-01   46   46   15   15
 5.2185107949174159e-01   46   46   16   16
 5.0853552879505326e-01   46   46   17   17
 5.2081198731404810e-01   46   46   18   18
 4.2129455741016236e-01   46   46   19   19
 5.4937029501742862e-01   46   46   20   20
 5.6586427727133681e-01   46   46   21   21
 1.0824747157496688e+00   46   46   22   22
 1.2862185832783020e+00   46   46   23   23
 1.3813949977241184e+00   46   46   24   24
 1.6825750753657529e+00   46   46   25   25
 2.0006911549509532e+00   46   46   26   26
 1.7423734272949112e+00   46   46   27   27
 1.4124561459706577e+00   46   46   28   28
 1.0149332922753829e+00   46   46   29   29
 1.0515664860281944e+00   46   46   30   30
 9.6894967353117778e-01   46   46   31   31
 8.7554645139842224e-01   46   46   32   32
 8.0638699122531277e-01   46   46   33   33
 8.5137200999223150e-01   46   46   34   34
 9.0674231795520988e-01   46   46   35   35
 6.8624794530501954e-01   46   46   36   36
 6.3193634859214953e-01   46   46   37   37
 6.1218342855905927e-01   46   46   38   38
 6.4392514794690225e-01   46   46   39   39
 7.0167401367989890e-01   46   46   40   40
 7.2900917756915440e-01   46   46   41   41
 2.4998608402352476e+00   46   46   42   42
 2.7640530509809742e+00   46   46   43   43
 3.8527480713511792e+00   46   46   44   44
 3.9904258193952769e-01   46   46   45   45
 8.4208384499999998e+00   46   46   46   46
 8.4389429696928231e-01   47   47    1    1
 9.3554135245969638e-01   47   47    2    2
 9.4578874173890382e-01   47   47    3    3
 8.6414077738375838e-01   47   47    4    4
 7.9051774051969126e-01   47   47    5    5
 7.8368813169881457e-01   47   47    6    6
 5.6560713893709202e-01   47   47    7    7
 5.2953933580724022e-01   47   47    8    8
 5.2106896825357218e-01   47   47    9    9
 4.8759641438690982e-01   47   47   10   10
 4.6410552078311235e-01   47   47   11   11
 3.8874799607457478e-01   47   47   12   12
 4.6983246471287876e-01   47   47   13   13
 4.9968608383429491e-01   47   47   14   14
 5.5634927691523539e-01   47   47   15   15
 5.2687682674670999e-01   47   47   16   16
 5.1577034997195115e-01   47   47   17   17
 5.3104936395280078e-01   47   47   18   18
 4.1886115930484391e-01   47   47   19   19
 5.6092617736597716e-01   47   47   20   20
 5.7483516537948209e-01   47   47   21   21
 1.0123847173024989e+00   47   47   22   22
 1.1917453379115313e+00   47   47   23   23
 1.2928702433610180e+00   47   47   24   24
 1.5711237412808479e+00   47   47   25   25
 1.8104845126872153e+00   47   47   26   26
 1.5622588856076682e+00   47   47   27   27
 1.2881246514978906e+00   47   47   28   28
 9.3760458732380880e-01   47   47   29   29
 9.5405045272064515e-01   47   47   30   30
 8.7736217103806768e-01   47   47   31   31
 8.0224240804824254e-01   47   47   32   32
 7.3950291782682487e-01   47   47   33   33
 7.8962993937608827e-01   47   47   34   34
 8.4505962440306326e-01   47   47   35   35
 6.8057395149039857e-01   47   47   36   36
 6.2980125556817734e-01   47   47   37   37
 6.1270746405608689e-01   47   47   38   38
 6.4489017103794333e-01   47   47   39   39
 6.9974964623934466e-01   47   47   40   40
 7.2264249663784352e-01   47   47   41   41
 2.7441409704614772e+00   47   47   42   42
 2.4889001420624295e+00   47   47   43   43
 2.7440539288841341e+00   47   47   44   44
 3.9653114802210948e-01   47   47   45   45
 3.8586500933471637e+00   47   47   46   46
 8.4208384499999998e+00   47   47   47   47
 7.1876246003608091e-01   48   48    1    1
 7.1919601143994272e-01   48   48    2    2
 7.8893595860125054e-01   48   48    3    3
 8.7351080813426374e-01   48   48    4    4
 8.6891735530312064e-01   48   48    5    5
 7.8002219215388668e-01   48   48    6    6
 1.2847531272101671e+00   48   48    7    7
 1.1481981944107755e+00   48   48    8    8
 1.0310820500993498e+00   48   48    9    9
 9.4886400578745511e-01   48   48   10   10
 9.5023624930431461e-01   48   48   11   11
 7.3672359638672857e-01   48   48   12   12
 1.0275019333125999e+00   48   48   13   13
 1.1319702941082945e+00   48   48   14   14
 1.5757699330790900e+00   48   48   15   15
 1.7627828931525857e+00   48   48   16   16
 2.2724959156662949e+00   48   48   17   17
 2.7024729007383632e+00   48   48   18   18
 7.9470314350690108e-01   48   48   19   19
 2.1274630472955600e+00   48   48   20   20
 1.6964259315627135e+00   48   48   21   21
 6.5787046235441382e-01   48   48   22   22
 6.4222230261579161e-01   48   48   23   23
 6.4205525281109987e-01   48   48   24   24
 6.1992107162772003e-01   48   48   25   25
 5.9939782784312967e-01   48   48   26   26
 5.9959793506294168e-01   48   48   27   27
 6.1940244185130167e-01   48   48   28   28
 6.1496361157865553e-01   48   48   29   29
 5.6736766156962903e-01   48   48   30   30
 5.3506735532864924e-01   48   48   31   31
 5.3916837751573132e-01   48   48   32   32
 5.0451574860798176e-01   48   48   33   33
 5.7870967889530833e-01   48   48   34   34
 6.2024321241336233e-01   48   48   35   35
 9.4451672088832173e-01   48   48   36   36
 1.0278539808609226e+00   48   48   37   37
 1.1851910794501876e+00   48   48   38   38
 1.2308586315830394e+00   48   48   39   39
 1.0934141518218639e+00   48   48   40   40
 9.6686611324853544e-01   48   48   41   41
 5.9255285723645756e-01   48   48   42   42
 5.7282618105575200e-01   48   48   43   43
 5.3013668267576119e-01   48   48   44   44
 7.3792247991947746e-01   48   48   45   45
 5.0881404089209226e-01   48   48   46   46
 5.2154668790531034e-01   48   48   47   47
 8.4208384499999998e+00   48   48   48   48
 9.0322278933726041e-01   49   49    1    1
 1.0103371209954282e+00   49   49    2    2
 1.0394697707660669e+00   49   49    3    3
 9.5071946890602455e-01   49   49    4    4
 8.5958067498371549e-01   49   49    5    5
 8.4244935740668914e-01   49   49    6    6
 6.0726935422243156e-01   49   49    7    7
 5.6472160103858648e-01   49   49    8    8
 5.5339341044965884e-01   49   49    9    9
 5.1523322777596914e-01   49   49   10   10
 4.8983247272828573e-01   49   49   11   11
 4.0611968224451889e-01   49   49   12   12
 4.9727992022912715e-01   49   49   13   13
 5.3143302133116366e-01   49   49   14   14
 5.9873955602930917e-01   49   49   15   15
 5.6511931348360855e-01   49   49   16   16
 5.5354555386733018e-01   49   49   17   17
 5.7215725155407582e-01   49   49   18   18
 4.3912411143076924e-01   49   49   19   19
 6.0680910926876053e-01   49   49   20   20
 6.2160672662034744e-01   49   49   21   21
 1.0801364695266527e+00   49   49   22   22
 1.2838457650727209e+00   49   49   23   23
 1.4148148115528010e+00   49   49   24   24
 1.7500366999439514e+00   49   49   25   25
 2.0002653286550665e+00   49   49   26   26
 1.6737124170299233e+00   49   49   27   27
 1.3753256297572343e+00   49   49   28   28
 9.7904233106656580e-01   49   49   29   29
 9.7754782942198359e-01   49   49   30   30
 8.8697858140369024e-01   49   49   31   31
 8.1408024966677173e-01   49   49   32   32
 7.4328489479160398e-01   49   49   33   33
 8.1174180656772033e-01   49   49   34   34
 8.8029635361236791e-01   49   49   35   35
 7.3435760532046412e-01   49   49   36   36
 6.7786576265447784e-01   49   49   37   37
 6.6062190209259031e-01   49   49   38   38
 6.9877067085261046e-01   49   49   39   39
 7.6125842277286215e-01   49   49   40   40
 7.8449193785502302e-01   49   49   41   41
 3.8575548442990368e+00   49   49   42   42
 2.7640570231579886e+00   49   49   43   43
 2.4997505921789096e+00   49   49   44   44
 4.1451827195910174e-01   49   49   45   45
 2.7769112184987743e+00   49   49   46   46
 3.8538360809445869e+00   49   49   47   47
 5.6193897401565340e-01   49   49   48   48
 8.4208384499999998e+00   49   49   49   49
 7.2697994869491667e-01   50   50    1    1
 7.2030519155775907e-01   50   50    2    2
 7.8586196538295283e-01   50   50    3    3
 8.7519241671022818e-01   50   50    4    4
 8.8318093234578054e-01   50   50    5    5
 7.9502063508799770e-01   50   50    6    6
 1.4182388813537739e+00   50   50    7    7
 1.2678822984704827e+00   50   50    8    8
 1.1102925331376940e+00   50   50    9    9
 1.0194646446514835e+00   50   50   10   10
 1.0353159757474653e+00   50   50   11   11
 7.8261747287332539e-01   50   50   12   12
 1.1456804638335214e+00   50   50   13   13
 1.2777594540725430e+00   50   50   14   14
 1.7975619305344308e+00   50   50   15   15
 2.0062000328172362e+00   50   50   16   16
 2.7087171090722486e+00   50   50   17   17
 3.7106390706977410e+00   50   50   18   18
 8.5925638479791600e-01   50   50   19   19
 2.6706069973795117e+00   50   50   20   20
 1.9920635896787477e+00   50   50   21   21
 6.5611613802804802e-01   50   50   22   22
 6.3856017385273822e-01   50   50   23   23
 6.4162447059496519e-01   50   50   24   24
 6.1785564939565107e-01   50   50   25   25
 5.9332640966339778e-01   50   50   26   26
 5.9090376048738358e-01   50   50   27   27
 6.1147931102430719e-01   50   50   28   28
 6.1304516680033450e-01   50   50   29   29
 5.6660796147233716e-01   50   50   30   30
 5.3382696934023133e-01   50   50   31   31
 5.3669366717519085e-01   50   50   32   32
 5.0186918601299080e-01   50   50   33   33
 5.7500716814889385e-01   50   50   34   34
 6.1652008585420670e-01   50   50   35   35
 9.9144280957440933e-01   50   50   36   36
 1.0991309638388820e+00   50   50   37   37
 1.2697786401340947e+00   50   50   38   38
 1.2764237456474052e+00   50   50   39   39
 1.1142200197534109e+00   50   50   40   40
 9.9505375415379793e-01   50   50   41   41
 5.8459407042074107e-01   50   50   42   42
 5.6617520538073984e-01   50   50   43   43
 5.2433083468406760e-01   50   50   44   44
 7.9124956062063478e-01   50   50   45   45
 5.0286376660997967e-01   50   50   46   46
 5.1474322051437749e-01   50   50   47   47
 3.8426456538040181e+00   50   50   48   48
 5.5403554469612348e-01   50   50   49   49
 8.4208384499999998e+00   50   50   50   50
 6.7080703582198997e-01   51   51    1    1
 6.6319872783838441e-01   51   51    2    2
 7.1740686252745023e-01   51   51    3    3
 7.9199223962290521e-01   51   51    4    4
 8.0166710187494916e-01   51   51    5    5
 7.2987405621463775e-01   51   51    6    6
 1.2592051938168534e+00   51   51    7    7
 1.1580726969636932e+00   51   51    8    8
 1.0174621272939177e+00   51   51    9    9
 9.5045751190812733e-01   51   51   10   10
 9.8257007398362739e-01   51   51   11   11
 7.6571748806068118e-01   51   51   12   12
 1.0963513254366031e+00   51   51   13   13
 1.2014802342334177e+00   51   51   14   14
 1.5456042672165051e+00   51   51   15   15
 1.6857516429278256e+00   51   51   16   16
 2.1416453313990891e+00   51   51   17   17
 2.6821462190013650e+00   51   51   18   18
 8.3827463908084343e-01   51   51   19   19
 2.1996466467671647e+00   51   51   20   20
 1.7117466435643938e+00   51   51   21   21
 6.0791541457817333e-01   51   51   22   22
 5.9369551865314196e-01   51   51   23   23
 5.9907118102029255e-01   51   51   24   24
 5.7945866794821133e-01   51   51   25   25
 5.5656648512303852e-01   51   51   26   26
 5.5225718396685763e-01   51   51   27   27
 5.6908697994332180e-01   51   51   28   28
 5.6989305831930814e-01   51   51   29   29
 5.3016852971467132e-01   51   51   30   30
 5.0079221053446343e-01   51   51   31   31
 5.0238361993813985e-01   51   51   32   32
 4.7144514625141154e-01   51   51   33   33
 5.3525985250370511e-01   51   51   34   34
 5.7147067066588386e-01   51   51   35   35
 9.0281924799061142e-01   51   51   36   36
 9.9819421598819891e-01   51   51   37   37
 1.1257784750911763e+00   51   51   38   38
 1.1098372293575982e+00   51   51   39   39
 9.8227608350474060e-01   51   51   40   40
 8.9533486349907487e-01   51   51   41   41
 5.5172971390981695e-01   51   51   42   42
 5.3385081686225921e-01   51   51   43   43
 4.9641788372085360e-01   51   51   44   44
 7.7691978571895781e-01   51   51   45   45
 4.7805471097824298e-01   51   51   46   46
 4.8996401843858173e-01   51   51   47   47
 2.7430927040405781e+00   51   51   48   48
 5.2570558904298215e-01   51   51   49   49
 3.8422687232810033e+00   51   51   50   50
 8.4208384499999998e+00   51   51   51   51
 6.2114638142378831e-01   52   52    1    1
 6.1759314269380317e-01   52   52    2    2
 6.6664673448695044e-01   52   52    3    3
 7.2862070520145961e-01   52   52    4    4
 7.3171566568102919e-01   52   52    5    5
 6.6976499357575414e-01   52   52    6    6
 1.0748653077801742e+00   52   52    7    7
 1.0002683192290158e+00   52   52    8    8
 8.9665312983246448e-01   52   52    9    9
 8.4683027616820672e-01   52   52   10   10
 8.7420632487065697e-01   52   52   11   11
 7.0995911672804268e-01   52   52   12   12
 9.6060800196887086e-01   52   52   13   13
 1.0333655238830006e+00   52   52   14   14
 1.2784069374090625e+00   52   52   15   15
 1.3891495418956066e+00   52   52   16   16
 1.7057489246204787e+00   52   52   17   17
 1.9979332171384288e+00   52   52   18   18
 7.6303959605126614e-01   52   52   19   19
 1.7080235736172742e+00   52   52   20   20
 1.3902231363128923e+00   52   52   21   21
 5.7047561180778295e-01   52   52   22   22
 5.5982193953115211e-01   52   52   23   23
 5.6448275588443220e-01   52   52   24   24
 5.4898714193106835e-01   52   52   25   25
 5.3022711642218123e-01   52   52   26   26
 5.2641175409266261e-01   52   52   27   27
 5.3995892597212036e-01   52   52   28   28
 5.3633474772305889e-01   52   52   29   29
 5.0072858828358224e-01   52   52   30   30
 4.7431503257769675e-01   52   52   31   31
 4.7589326287776107e-01   52   52   32   32
 4.4806889243753856e-01   52   52   33   33
 5.0558637358940783e-01   52   52   34   34
 5.3786896887289137e-01   52   52   35   35
 8.0709293222527168e-01   52   52   36   36
 8.7944285782224352e-01   52   52   37   37
 9.7930481179900419e-01   52   52   38   38
 9.7633874801137333e-01   52   52   39   39
 8.7972294202625534e-01   52   52   40   40
 8.0597416063869143e-01   52   52   41   41
 5.2958740812997451e-01   52   52   42   42
 5.1130842556445255e-01   52   52   43   43
 4.7681907357557374e-01   52   52   44   44
 7.1571662549292525e-01   52   52   45   45
 4.6104252474689755e-01   52   52   46   46
 4.7354817198721461e-01   52   52   47   47
 2.5002613921054819e+00   52   52   48   48
 5.0714215864705781e-01   52   52   49   49
 2.7658315041748440e+00   52   52   50   50
 3.8557281773894254e+00   52   52   51   51
 8.4208384499999998e+00   52   52   52   52
 7.2793034522116540e-01   53   53    1    1
 6.8156245931067549e-01   53   53    2    2
 6.9650753345222882e-01   53   53    3    3
 7.5850124851539880e-01   53   53    4    4
 8.2253375964237196e-01   53   53    5    5
 8.0110304280180555e-01   53   53    6    6
 1.3178612580071152e+00   53   53    7    7
 1.5927626138525501e+00   53   53    8    8
 1.7884540076038697e+00   53   53    9    9
 2.3020708415009636e+00   53   53   10   10
 2.7013591697534101e+00   53   53   11   11
 2.7439511854946770e+00   53   53   12   12
 2.1038871839484439e+00   53   53   13   13
 1.6954025257770378e+00   53   53   14   14
 1.2381873891626674e+00   53   53   15   15
 1.3214188443907235e+00   53   53   16   16
 1.1805565061875887e+00   53   53   17   17
 1.0282016972243984e+00   53   53   18   18
 2.7428705565070493e+00   53   53   19   19
 9.8809505026704281e-01   53   53   20   20
 1.0658833245750465e+00   53   53   21   21
 6.2436199778870372e-01   53   53   22   22
 5.8112918057498708e-01   53   53   23   23
 5.7006091677019255e-01   53   53   24   24
 5.3345190653025187e-01   53   53   25   25
 5.0929582700273079e-01   53   53   26   26
 5.1654548893074159e-01   53   53   27   27
 5.4952101906164863e-01   53   53   28   28
 6.1236598039574708e-01   53   53   29   29
 5.7203413916571499e-01   53   53   30   30
 5.5470439812781824e-01   53   53   31   31
 5.7196640462178694e-01   53   53   32   32
 5.4638829820005963e-01   53   53   33   33
 6.1351644247376058e-01   53   53   34   34
 6.3636581154450234e-01   53   53   35   35
 9.7305489364964659e-01   53   53   36   36
 1.0910107406322500e+00   53   53   37   37
 1.1590287011498084e+00   53   53   38   38
 1.0629033461305584e+00   53   53   39   39
 9.5387047715398721e-01   53   53   40   40
 9.1799156353379185e-01   53   53   41   41
 4.7414875159762482e-01   53   53   42   42
 4.7702113784676370e-01   53   53   43   43
 4.5140042655728368e-01   53   53   44   44
 2.5006240195077476e+00   53   53   45   45
 4.2767593641599605e-01   53   53   46   46
 4.2518388659191736e-01   53   53   47   47
 8.6849204282624404e-01   53   53   48   48
 4.4647836281081771e-01   53   53   49   49
 9.2485978995726070e-01   53   53   50   50
 8.8526797002361624e-01   53   53   51   51
 8.0731848446492627e-01   53   53   52   52
 8.4208384499999998e+00   53   53   53   53
 6.5764047718823726e-01   54   54    1    1
 6.6088310385220472e-01   54   54    2    2
 7.2130885564547720e-01   54   54    3    3
 7.8872713177521681e-01   54   54    4    4
 7.8025678028877288e-01   54   54    5    5
 7.0680710653824663e-01   54   54    6    6
 1.0897537899473908e+00   54   54    7    7
 9.9392410409342458e-01   54   54    8    8
 9.0542427536388737e-01   54   54    9    9
 8.4554037541851546e-01   54   54   10   10
 8.5167155893190916e-01   54   54   11   11
 6.8702289501133984e-01   54   54   12   12
 9.1454209757684313e-01   54   54   13   13
 9.8953232380193934e-01   54   54   14   14
 1.2941061823153130e+00   54   54   15   15
 1.4280952350275662e+00   54   54   16   16
 1.7629733990904450e+00   54   54   17   17
 2.0045893344624544e+00   54   54   18   18
 7.3039383968001126e-01   54   54   19   19
 1.6763414035888569e+00   54   54   20   20
 1.3823634450059774e+00   54   54   21   21
 6.1013814081865458e-01   54   54   22   22
 5.9899292463017839e-01   54   54   23   23
 5.9918408125643197e-01   54   54   24   24
 5.8227134092531407e-01   54   54   25   25
 5.6605916263032141e-01   54   54   26   26
 5.6601234014647439e-01   54   54   27   27
 5.8137040432613218e-01   54   54   28   28
 5.7248872587697142e-01   54   54   29   29
 5.3098943400401644e-01   54   54   30   30
 5.0246513072026266e-01   54   54   31   31
 5.0608215480157825e-01   54   54   32   32
 4.7552393701244783e-01   54   54   33   33
 5.4084102384355703e-01   54   54   34   34
 5.7693780697527275e-01   54   54   35   35
 8.3549462893049931e-01   54   54   36   36
 8.9877096770683162e-01   54   54   37   37
 1.0160071097413579e+00   54   54   38   38
 1.0522367402918060e+00   54   54   39   39
 9.5395229639384205e-01   54   54   40   40
 8.5525471267512843e-01   54   54   41   41
 5.6463434771839638e-01   54   54   42   42
 5.4452915617008013e-01   54   54   43   43
 5.0585944605210165e-01   54   54   44   44
 6.8543460563977399e-01   54   54   45   45
 4.8790870075570347e-01   54   54   46   46
 5.0133306282246615e-01   54   54   47   47
 3.8544193938804474e+00   54   54   48   48
 5.3880080909456629e-01   54   54   49   49
 2.7645433224046836e+00   54   54   50   50
 2.4988651024292348e+00   54   54   51   51
 2.7758976039694581e+00   54   54   52   52
 7.9464091191259523e-01   54   54   53   53
 8.4208384499999998e+00   54   54   54   54
 6.1499227197782658e-01   55   55    1    1
 6.1577789789442849e-01   55   55    2    2
 6.6714737650625799e-01   55   55    3    3
 7.2610945111360203e-01   55   55    4    4
 7.2223757201142280e-01   55   55    5    5
 6.5967092539570049e-01   55   55    6    6
 1.0135169709824743e+00   55   55    7    7
 9.3869095606606523e-01   55   55    8    8
 8.5325326424530312e-01   55   55    9    9
 8.0503358215735688e-01   55   55   10   10
 8.2146345665619347e-01   55   55   11   11
 6.7539338524864057e-01   55   55   12   12
 8.8843732700188505e-01   55   55   13   13
 9.5256528636798743e-01   55   55   14   14
 1.1930931476064046e+00   55   55   15   15
 1.3035047858540043e+00   55   55   16   16
 1.5891896429606289e+00   55   55   17   17
 1.8115019003281849e+00   55   55   18   18
 7.1701491987536548e-01   55   55   19   19
 1.5479609735488900e+00   55   55   20   20
 1.2810292675292667e+00   55   55   21   21
 5.7063073586731505e-01   55   55   22   22
 5.6128437457824021e-01   55   55   23   23
 5.6379455047220417e-01   55   55   24   24
 5.4948216483365042e-01   55   55   25   25
 5.3361009538396953e-01   55   55   26   26
 5.3157903150297858e-01   55   55   27   27
 5.4440646207497667e-01   55   55   28   28
 5.3674490950832254e-01   55   55   29   29
 5.0049804252227326e-01   55   55   30   30
 4.7450890458952832e-01   55   55   31   31
 4.7693782241550808e-01   55   55   32   32
 4.4935234168626847e-01   55   55   33   33
 5.0733029184954315e-01   55   55   34   34
 5.3945755103287218e-01   55   55   35   35
 7.8023137706217960e-01   55   55   36   36
 8.4098982302169245e-01   55   55   37   37
 9.3827314010849461e-01   55   55   38   38
 9.5397024385078211e-01   55   55   39   39
 8.6764682947521066e-01   55   55   40   40
 7.8946755562952498e-01   55   55   41   41
 5.3453960145651580e-01   55   55   42   42
 5.1531462654109317e-01   55   55   43   43
 4.8041333610893355e-01   55   55   44   44
 6.7576593495313741e-01   55   55   45   45
 4.6490679619632219e-01   55   55   46   46
 4.7808442241928811e-01   55   55   47   47
 2.7452194997817920e+00   55   55   48   48
 5.1232492688665243e-01   55   55   49   49
 2.4904376937513990e+00   55   55   50   50
 2.7435680177806394e+00   55   55   51   51
 3.8538656916453644e+00   55   55   52   52
 7.6920974794878494e-01   55   55   53   53
 3.8574884082303753e+00   55   55   54   54
 8.4208384499999998e+00   55   55   55   55
 7.5679244550536584e-01   56   56    1    1
 7.0331748751410816e-01   56   56    2    2
 7.1725165703222082e-01   56   56    3    3
 7.8471482360674671e-01   56   56    4    4
 8.5930001658173560e-01   56   56    5    5
 8.3903239572253785e-01   56   56    6    6
 1.4316741655512650e+00   56   56    7    7
 1.7986839184738568e+00   56   56    8    8
 2.0002772055265616e+00   56   56    9    9
 2.6885114935601138e+00   56   56   10   10
 3.7133983605394376e+00   56   56   11   11
 2.4854571896636202e+00   56   56   12   12
 2.6861488346403042e+00   56   56   13   13
 2.0007845907223336e+00   56   56   14   14
 1.3153683059899999e+00   56   56   15   15
 1.3607359814001472e+00   56   56   16   16
 1.1971335252611883e+00   56   56   17   17
 1.0550042112921634e+00   56   56   18   18
 3.8419625584628885e+00   56   56   19   19
 1.0333946017364752e+00   56   56   20   20
 1.1325878296307841e+00   56   56   21   21
 6.4147684975827746e-01   56   56   22   22
 5.9688567890394340e-01   56   56   23   23
 5.8881346245597799e-01   56   56   24   24
 5.5022950156942718e-01   56   56   25   25
 5.2242568549498025e-01   56   56   26   26
 5.2743159918953419e-01   56   56   27   27
 5.6108846754673336e-01   56   56   28   28
 6.2659200566061546e-01   56   56   29   29
 5.8583426266337046e-01   56   56   30   30
 5.6582783903721312e-01   56   56   31   31
 5.8031557191262062e-01   56   56   32   32
 5.5220958092993055e-01   56   56   33   33
 6.2111391160964757e-01   56   56   34   34
 6.4697857383280266e-01   56   56   35   35
 1.0463867236506612e+00   56   56   36   36
 1.1903841087852791e+00   56   56   37   37
 1.2447120731648855e+00   56   56   38   38
 1.1099778251541630e+00   56   56   39   39
 9.9185058779800739e-01   56   56   40   40
 9.6685285606776894e-01   56   56   41   41
 4.8615962318291905e-01   56   56   42   42
 4.8891488425275820e-01   56   56   43   43
 4.6208240680608453e-01   56   56   44   44
 2.7621202310035784e+00   56   56   45   45
 4.3753386931322252e-01   56   56   46   46
 4.3512839368884693e-01   56   56   47   47
 8.6864961477021652e-01   56   56   48   48
 4.5737816578478846e-01   56   56   49   49
 9.3753490884962842e-01   56   56   50   50
 9.0147756333681972e-01   56   56   51   51
 8.1470700104468841e-01   56   56   52   52
 3.8328019940190674e+00   56   56   53   53
 7.9068449389497453e-01   56   56   54   54
 7.6854199461842776e-01   56   56   55   55
 8.4208384499999998e+00   56   56   56   56
 1.0937764313925260e+00   57   57    1    1
 1.1343553226378889e+00   57   57    2    2
 1.0191087933890610e+00   57   57    3    3
 9.1764557727802187e-01   57   57    4    4
 8.9881957267344104e-01   57   57    5    5
 9.7129839079672098e-01   57   57    6    6
 6.1729828995737734e-01   57   57    7    7
 6.0200515349416395e-01   57   57    8    8
 6.3040949617267872e-01   57   57    9    9
 6.0373385243673217e-01   57   57   10   10
 5.5680685747631942e-01   57   57   11   11
 4.8200178009054295e-01   57   57   12   12
 5.3727079176920622e-01   57   57   13   13
 5.5606308645047775e-01   57   57   14   14
 5.8114274242357100e-01   57   57   15   15
 5.6054686764580042e-01   57   57   16   16
 5.3047684321093180e-01   57   57   17   17
 5.1859641512518084e-01   57   57   18   18
 5.0700155997422658e-01   57   57   19   19
 5.3374533170456850e-01   57   57   20   20
 5.6430938485583004e-01   57   57   21   21
 1.2800929045881062e+00   57   57   22   22
 1.1807809611255360e+00   57   57   23   23
 1.0300884670296004e+00   57   57   24   24
 9.4935625291278103e-01   57   57   25   25
 9.7086939628574298e-01   57   57   26   26
 1.0912679470907936e+00   57   57   27   27
 1.2217524902371206e+00   57   57   28   28
 1.5625162665803052e+00   57   57   29   29
 1.6771414572182839e+00   57   57   30   30
 2.1002615586752271e+00   57   57   31   31
 2.6905355019193036e+00   57   57   32   32
 3.8365376872804773e+00   57   57   33   33
 2.2725307195485618e+00   57   57   34   34
 1.7563207856768850e+00   57   57   35   35
 7.5670102362302483e-01   57   57   36   36
 6.9393255683821109e-01   57   57   37   37
 6.7122851082350465e-01   57   57   38   38
 7.0636594042955692e-01   57   57   39   39
 7.7328740613872637e-01   57   57   40   40
 8.0679669761336481e-01   57   57   41   41
 7.8819005368388895e-01   57   57   42   42
 8.7344648787754464e-01   57   57   43   43
 8.7316703467831125e-01   57   57   44   44
 4.8445280804253904e-01   57   57   45   45
 7.8718088770441019e-01   57   57   46   46
 7.2333910097473753e-01   57   57   47   47
 4.9497994143509771e-01   57   57   48   48
 7.2500058111195509e-01   57   57   49   49
 4.9008518535487111e-01   57   57   50   50
 4.6024667867735541e-01   57   57   51   51
 4.3895337096713072e-01   57   57   52   52
 5.2826146775006888e-01   57   57   53   53
 4.6809297678311396e-01   57   57   54   54
 4.4186858998096090e-01   57   57   55   55
 5.3092477729807630e-01   57   57   56   56
 8.4208384499999998e+00   57   57   57   57
 9.5508466347039678e-01   58   58    1    1
 9.8031974811673184e-01   58   58    2    2
 8.9197770101727403e-01   58   58    3    3
 8.1448974659124973e-01   58   58    4    4
 8.0226785137011036e-01   58   58    5    5
 8.6208506817674146e-01   58   58    6    6
 5.7402727416188659e-01   58   58    7    7
 5.6279591986442912e-01   58   58    8    8
 5.8976762304603403e-01   58   58    9    9
 5.6871250514717320e-01   58   58   10   10
 5.2688300437093638e-01   58   58   11   11
 4.6348061997654444e-01   58   58   12   12
 5.0770653288199263e-01   58   58   13   13
 5.2277839471555754e-01   58   58   14   14
 5.4191296266627764e-01   58   58   15   15
 5.2489016867547078e-01   58   58   16   16
 4.9804338850347718e-01   58   58   17   17
 4.8646904008432290e-01   58   58   18   18
 4.8431635896267067e-01   58   58   19   19
 4.9901461579715672e-01   58   58   20   20
 5.2595123924421805e-01   58   58   21   21
 1.0869308055932896e+00   58   58   22   22
 1.0169392858598179e+00   58   58   23   23
 9.0539363705818832e-01   58   58   24   24
 8.4539098993658657e-01   58   58   25   25
 8.6549862848489023e-01   58   58   26   26
 9.5964555281183783e-01   58   58   27   27
 1.0513680370057972e+00   58   58   28   28
 1.2862163668225515e+00   58   58   29   29
 1.3803584238437281e+00   58   58   30   30
 1.6789164799549665e+00   58   58   31   31
 1.9999385279951520e+00   58   58   32   32
 2.7616816518139586e+00   58   58   33   33
 1.7433949776178113e+00   58   58   34   34
 1.4146663644338036e+00   58   58   35   35
 6.9021556538782314e-01   58   58   36   36
 6.3859662100610604e-01   58   58   37   37
 6.1921397432826930e-01   58   58   38   38
 6.4798879841206114e-01   58   58   39   39
 7.0239938021615977e-01   58   58   40   40
 7.2971002970963250e-01   58   58   41   41
 7.1904724133799935e-01   58   58   42   42
 7.9128162411562730e-01   58   58   43   43
 7.9779615157801109e-01   58   58   44   44
 4.6495791854056495e-01   58   58   45   45
 7.2819955185881857e-01   58   58   46   46
 6.7094131788945455e-01   58   58   47   47
 4.6568031427317569e-01   58   58   48   48
 6.6841819826574167e-01   58   58   49   49
 4.6117312598671062e-01   58   58   50   50
 4.3455732044827178e-01   58   58   51   51
 4.1552280713108963e-01   58   58   52   52
 5.0404229923531552e-01   58   58   53   53
 4.4187425082106058e-01   58   58   54   54
 4.1828707381792124e-01   58   58   55   55
 5.0543399183899729e-01   58   58   56   56
 3.8559150137414244e+00   58   58   57   57
 8.4208384499999998e+00   58   58   58   58
 9.1253448462999065e-01   59   59    1    1
 9.2165904539292742e-01   59   59    2    2
 8.3522301942179777e-01   59   59    3    3
 7.6886692948902691e-01   59   59    4    4
 7.6555430294699300e-01   59   59    5    5
 8.2819150832293020e-01   59   59    6    6
 5.5680917395965557e-01   59   59    7    7
 5.4888646117102047e-01   59   59    8    8
 5.7598602819535205e-01   59   59    9    9
 5.5800237932453312e-01   59   59   10   10
 5.1812692360401136e-01   59   59   11   11
 4.5921154917045798e-01   59   59   12   12
 4.9867908566737351e-01   59   59   13   13
 5.1171703664087931e-01   59   59   14   14
 5.2440025445795324e-01   59   59   15   15
 5.0742733250263738e-01   59   59   16   16
 4.8091602132078631e-01   59   59   17   17
 4.6955862673359672e-01   59   59   18   18
 4.7986197496347466e-01   59   59   19   19
 4.8202958098015791e-01   59   59   20   20
 5.0868215248997128e-01   59   59   21   21
 1.0126628080892131e+00   59   59   22   22
 9.4706928898061948e-01   59   59   23   23
 8.5634126092203922e-01   59   59   24   24
 8.0058227350742395e-01   59   59   25   25
 8.1158949918600320e-01   59   59   26   26
 8.8587361412452692e-01   59   59   27   27
 9.6402476178173113e-01   59   59   28   28
 1.1892734261439315e+00   59   59   29   29
 1.2941639223783084e+00   59   59   30   30
 1.5735920605870408e+00   59   59   31   31
 1.8087294766861888e+00   59   59   32   32
 2.4855155833537621e+00   59   59   33   33
 1.5552474348524792e+00   59   59   34   34
 1.2842054435051347e+00   59   59   35   35
 6.6896427766504829e-01   59   59   36   36
 6.2045810583843464e-01   59   59   37   37
 5.9870764189666681e-01   59   59   38   38
 6.2141173085386414e-01   59   59   39   39
 6.7028692061881556e-01   59   59   40   40
 7.0009465389391634e-01   59   59   41   41
 6.7935551848403941e-01   59   59   42   42
 7.4581261519469733e-01   59   59   43   43
 7.5474245667166517e-01   59   59   44   44
 4.6152655484530830e-01   59   59   45   45
 6.9235821036026846e-01   59   59   46   46
 6.3844251095384774e-01   59   59   47   47
 4.4752683325692960e-01   59   59   48   48
 6.3423789714859846e-01   59   59   49   49
 4.4483582113328912e-01   59   59   50   50
 4.2047457984600006e-01   59   59   51   51
 4.0188617905817720e-01   59   59   52   52
 4.9607102928020075e-01   59   59   53   53
 4.2478761510669188e-01   59   59   54   54
 4.0339383872462786e-01   59   59   55   55
 4.9854463913213382e-01   59   59   56   56
 2.7432307803991347e+00   59   59   57   57
 3.8559005350458793e+00   59   59   58   58
 8.4208384499999998e+00   59   59   59   59
 6.6644800150150163e-01   60   60    1    1
 6.2654124439304837e-01   60   60    2    2
 6.3758860872446921e-01   60   60    3    3
 6.8798816476428937e-01   60   60    4    4
 7.4073053112464815e-01   60   60    5    5
 7.2589532973276849e-01   60   60    6    6
 1.1131704918158101e+00   60   60    7    7
 1.3043722481606597e+00   60   60    8    8
 1.4336787112964469e+00   60   60    9    9
 1.7593164973733435e+00   60   60   10   10
 2.0044298786370360e+00   60   60   11   11
 3.8557847409749466e+00   60   60   12   12
 1.6783572444320058e+00   60   60   13   13
 1.3897484634845982e+00   60   60   14   14
 1.0613502880188099e+00   60   60   15   15
 1.1314311049903609e+00   60   60   16   16
 1.0375470647859755e+00   60   60   17   17
 9.1709251344171960e-01   60   60   18   18
 2.5006187531194319e+00   60   60   19   19
 8.7890574542086086e-01   60   60   20   20
 9.3408525011590215e-01   60   60   21   21
 5.7871168833956743e-01   60   60   22   22
 5.4047320413913180e-01   60   60   23   23
 5.3005521829050684e-01   60   60   24   24
 4.9782923407027269e-01   60   60   25   25
 4.7687232399214324e-01   60   60   26   26
 4.8386921343412787e-01   60   60   27   27
 5.1326830331206885e-01   60   60   28   28
 5.7041570674619035e-01   60   60   29   29
 5.3593629834440937e-01   60   60   30   30
 5.2234276598160201e-01   60   60   31   31
 5.3909977565155220e-01   60   60   32   32
 5.1821809606493452e-01   60   60   33   33
 5.7542114531983979e-01   60   60   34   34
 5.9295347353685768e-01   60   60   35   35
 8.5909017058000048e-01   60   60   36   36
 9.4826368816921358e-01   60   60   37   37
 9.9685380824190239e-01   60   60   38   38
 9.2593103593945369e-01   60   60   39   39
 8.4303132695619387e-01   60   60   40   40
 8.1546541944640216e-01   60   60   41   41
 4.4519399515482766e-01   60   60   42   42
 4.4817387375225748e-01   60   60   43   43
 4.2573832575213322e-01   60   60   44   44
 2.7789770337706310e+00   60   60   45   45
 4.0436636062271775e-01   60   60   46   46
 4.0180336933097155e-01   60   60   47   47
 7.9442306138836671e-01   60   60   48   48
 4.2059477275930535e-01   60   60   49   49
 8.4038968410309467e-01   60   60   50   50
 8.1318570778091825e-01   60   60   51   51
 7.5121353419176651e-01   60   60   52   52
 3.8581795532594505e+00   60   60   53   53
 7.3649727841749002e-01   60   60   54   54
 7.1804342764304974e-01   60   60   55   55
 2.7611086243371199e+00   60   60   56   56
 5.0244098353523248e-01   60   60   57   57
 4.8189738597763276e-01   60   60   58   58
 4.7553045892016338e-01   60   60   59   59
 8.4208384499999998e+00   60   60   60   60
 9.8169298216883771e-01   61   61    1    1
 9.7848442837255445e-01   61   61    2    2
 8.7380724173947855e-01   61   61    3    3
 8.0368463840683702e-01   61   61    4    4
 8.0733772698091189e-01   61   61    5    5
 8.8525686288283223e-01   61   61    6    6
 5.7806946388031599e-01   61   61    7    7
 5.7072905321432799e-01   61   61    8    8
 5.9952424396734050e-01   61   61    9    9
 5.8022577927607377e-01   61   61   10   10
 5.3783348676278686e-01   61   61   11   11
 4.7330837367742107e-01   61   61   12   12
 5.1758333213515928e-01   61   61   13   13
 5.3155059374100522e-01   61   61   14   14
 5.4151945151122705e-01   61   61   15   15
 5.2144786445055635e-01   61   61   16   16
 4.9238680383393457e-01   61   61   17   17
 4.8091064964844271e-01   61   61   18   18
 4.9787738104320772e-01   61   61   19   19
 4.9556856672296834e-01   61   61   20   20
 5.2518599129524768e-01   61   61   21   21
 1.0763814544529895e+00   61   61   22   22
 9.9589364856773965e-01   61   61   23   23
 9.0416318359507675e-01   61   61   24   24
 8.3784809099196722e-01   61   61   25   25
 8.3872452852338464e-01   61   61   26   26
 9.0824138760121820e-01   61   61   27   27
 9.9546705296043780e-01   61   61   28   28
 1.2785101999923589e+00   61   61   29   29
 1.4189862256670438e+00   61   61   30   30
 1.7606776728603006e+00   61   61   31   31
 1.9981556260987914e+00   61   61   32   32
 2.7617463104351199e+00   61   61   33   33
 1.6591323772322923e+00   61   61   34   34
 1.3656154562594578e+00   61   61   35   35
 7.0605821719973849e-01   61   61   36   36
 6.5160149988040506e-01   61   61   37   37
 6.2366689917701890e-01   61   61   38   38
 6.4420341522059965e-01   61   61   39   39
 6.9666742249718105e-01   61   61   40   40
 7.3505573064065255e-01   61   61   41   41
 6.9543904178105953e-01   61   61   42   42
 7.6566502432500627e-01   61   61   43   43
 7.7281960302887920e-01   61   61   44   44
 4.7761542313384014e-01   61   61   45   45
 7.0569772989599222e-01   61   61   46   46
 6.4985759663439091e-01   61   61   47   47
 4.5494694081974191e-01   61   61   48   48
 6.4679331526889960e-01   61   61   49   49
 4.5396203197543467e-01   61   61   50   50
 4.2928395766579291e-01   61   61   51   51
 4.0915870407066912e-01   61   61   52   52
 5.1129430891404137e-01   61   61   53   53
 4.3070384679149426e-01   61   61   54   54
 4.0940239094383973e-01   61   61   55   55
 5.1630583592633839e-01   61   61   56   56
 2.5004623098072178e+00   61   61   57   57
 2.7788229470089614e+00   61   61   58   58
 3.8579105666357569e+00   61   61   59   59
 4.8911570421563316e-01   61   61   60   60
 8.4208384499999998e+00   61   61   61   61
 1.1360407787130329e+00   62   62    1    1
 1.1315352116618453e+00   62   62    2    2
 9.9141417334984061e-01   62   62    3    3
 9.0181146017542591e-01   62   62    4    4
 9.0619567623272668e-01   62   62    5    5
 1.0060390533154537e+00   62   62    6    6
 6.2240498623597462e-01   62   62    7    7
 6.1192025624644908e-01   62   62    8    8
 6.4257994696977427e-01   62   62    9    9
 6.1780533532843773e-01   62   62   10   10
 5.7000769200654600e-01   62   62   11   11
 4.9325007896907686e-01   62   62   12   12
 5.4923181298822121e-01   62   62   13   13
 5.6685353988611864e-01   62   62   14   14
 5.8060083035763776e-01   62   62   15   15
 5.5621040451361781e-01   62   62   16   16
 5.2345886290637544e-01   62   62   17   17
 5.1169465195270236e-01   62   62   18   18
 5.2290821910915419e-01   62   62   19   19
 5.2941318330339182e-01   62   62   20   20
 5.6331327900387118e-01   62   62   21   21
 1.2624803993369533e+00   62   62   22   22
 1.1472518077099478e+00   62   62   23   23
 1.0285312313104480e+00   62   62   24   24
 9.3867185651207674e-01   62   62   25   25
 9.3268857852665410e-01   62   62   26   26
 1.0153771212258171e+00   62   62   27   27
 1.1336374005491436e+00   62   62   28   28
 1.5483935641906352e+00   62   62   29   29
 1.7539016034952637e+00   62   62   30   30
 2.2875838114486258e+00   62   62   31   31
 2.6869547343651807e+00   62   62   32   32
 3.8393314650180215e+00   62   62   33   33
 2.0797435457365712e+00   62   62   34   34
 1.6594841700027287e+00   62   62   35   35
 7.7831219348314429e-01   62   62   36   36
 7.1113264119531339e-01   62   62   37   37
 6.7700842969844455e-01   62   62   38   38
 7.0128725765402355e-01   62   62   39   39
 7.6539874618240966e-01   62   62   40   40
 8.1422394132886133e-01   62   62   41   41
 7.5680591135955899e-01   62   62   42   42
 8.3868135588708703e-01   62   62   43   43
 8.4015444791702665e-01   62   62   44   44
 4.9907066764685076e-01   62   62   45   45
 7.5852948982312463e-01   62   62   46   46
 6.9669338145259163e-01   62   62   47   47
 4.8184103984516569e-01   62   62   48   48
 6.9715495250353943e-01   62   62   49   49
 4.8124032455453830e-01   62   62   50   50
 4.5383670937368686e-01   62   62   51   51
 4.3129051323696249e-01   62   62   52   52
 5.3672775141392037e-01   62   62   53   53
 4.5456922850183856e-01   62   62   54   54
 4.3119177001144954e-01   62   62   55   55
 5.4377926631696516e-01   62   62   56   56
 2.7431442889966129e+00   62   62   57   57
 2.5007182375877437e+00   62   62   58   58
 2.7434296113984997e+00   62   62   59   59
 5.1073297767017012e-01   62   62   60   60
 3.8539737171297950e+00   62   62   61   61
 8.4208384499999998e+00   62   62   62   62
 4.4892614058042932e+00   63   63    1    1
 3.4833192899099013e+00   63   63    2    2
 2.7111399805699583e+00   63   63    3    3
 2.4987901302831963e+00   63   63    4    4
 2.7229597391108182e+00   63   63    5    5
 3.5386302617615280e+00   63   63    6    6
 1.4308495879493714e+00   63   63    7    7
 1.3744384822767921e+00   63   63    8    8
 1.4251578500647508e+00   63   63    9    9
 1.3149124799643641e+00   63   63   10   10
 1.1911612739826050e+00   63   63   11   11
 9.3705994274308901e-01   63   63   12   12
 1.1650491249456489e+00   63   63   13   13
 1.2399815499629954e+00   63   63   14   14
 1.2935622175136969e+00   63   63   15   15
 1.1920368703016748e+00   63   63   16   16
 1.0972455376361048e+00   63   63   17   17
 1.0797322577558310e+00   63   63   18   18
 1.0426075652102125e+00   63   63   19   19
 1.1497100794144839e+00   63   63   20   20
 1.2607211046860816e+00   63   63   21   21
 3.2248016393440730e+00   63   63   22   22
 2.5681527607775387e+00   63   63   23   23
 2.4158122634858739e+00   63   63   24   24
 1.9954399608384401e+00   63   63   25   25
 1.7870007304922950e+00   63   63   26   26
 1.8369667744239824e+00   63   63   27   27
 2.1393312847073358e+00   63   63   28   28
 3.2418593145115207e+00   63   63   29   29
 2.8979356162674619e+00   63   63   30   30
 2.5074864284342202e+00   63   63   31   31
 2.3824810358899802e+00   63   63   32   32
 1.9891652766679155e+00   63   63   33   33
 2.5661272230100396e+00   63   63   34   34
 2.9822862070081202e+00   63   63   35   35
 2.1493939610053281e+00   63   63   36   36
 1.8185856926136739e+00   63   63   37   37
 1.6377384231286218e+00   63   63   38   38
 1.6856218875494229e+00   63   63   39   39
 1.9306998500925601e+00   63   63   40   40
 2.2505821094150038e+00   63   63   41   41
 1.4219047521071082e+00   63   63   42   42
 1.5336704061566244e+00   63   63   43   43
 1.4323024464581458e+00   63   63   44   44
 9.6667546041202712e-01   63   63   45   45
 1.2738268540956841e+00   63   63   46   46
 1.2082065484791431e+00   63   63   47   47
 9.7620179155823039e-01   63   63   48   48
 1.2669117204675076e+00   63   63   49   49
 9.9030745685090027e-01   63   63   50   50
 9.2501729563652824e-01   63   63   51   51
 8.6215441988197161e-01   63   63   52   52
 1.0527243617046407e+00   63   63   53   53
 9.0201258406892804e-01   63   63   54   54
 8.5166009734149006e-01   63   63   55   55
 1.0946679929996479e+00   63   63   56   56
 1.7339558724738215e+00   63   63   57   57
 1.5265495042400783e+00   63   63   58   58
 1.4884342168844023e+00   63   63   59   59
 9.7451739942661897e-01   63   63   60   60
 1.6355401194613857e+00   63   63   61   61
 1.9091924948524137e+00   63   63   62   62
 9.6429912899999994e+00   63   63   63   63
 2.7067072415084867e+00   64   64    1    1
 3.4713161739175544e+00   64   64    2    2
 4.4878142767849436e+00   64   64    3    3
 3.5501854253167306e+00   64   64    4    4
 2.7275292206897386e+00   64   64    5    5
 2.4962014862953996e+00   64   64    6    6
 1.4425606687270636e+00   64   64    7    7
 1.3090961259373146e+00   64   64    8    8
 1.3035160146293330e+00   64   64    9    9
 1.1788552047622745e+00   64   64   10   10
 1.0838354479603804e+00   64   64   11   11
 8.5035072064616646e-01   64   64   12   12
 1.0853473044552537e+00   64   64   13   13
 1.1792641005568072e+00   64   64   14   14
 1.3833083947503222e+00   64   64   15   15
 1.2892581197022226e+00   64   64   16   16
 1.2243697736161032e+00   64   64   17   17
 1.2349092636636323e+00   64   64   18   18
 9.2917360528228554e-01   64   64   19   19
 1.3141081047229866e+00   64   64   20   20
 1.3950416096749056e+00   64   64   21   21
 3.2166638923744193e+00   64   64   22   22
 3.2895558117640507e+00   64   64   23   23
 2.9601279333112922e+00   64   64   24   24
 2.6070135880316214e+00   64   64   25   25
 2.5019944457631804e+00   64   64   26   26
 2.6831468403272751e+00   64   64   27   27
 3.0761314406948728e+00   64   64   28   28
 2.5732116011244521e+00   64   64   29   29
 2.1600337817821518e+00   64   64   30   30
 1.8580842951237431e+00   64   64   31   31
 1.7988072933359818e+00   64   64   32   32
 1.5458819637572061e+00   64   64   33   33
 1.9933309950339329e+00   64   64   34   34
 2.3982308099240339e+00   64   64   35   35
 1.9187670981173401e+00   64   64   36   36
 1.6847895017431453e+00   64   64   37   37
 1.6554490072543329e+00   64   64   38   38
 1.8649363914920090e+00   64   64   39   39
 2.2149635520550786e+00   64   64   40   40
 2.2674765958626542e+00   64   64   41   41
 2.0294255769573213e+00   64   64   42   42
 2.0905621318147749e+00   64   64   43   43
 1.8004735826563041e+00   64   64   44   44
 8.6453661122416259e-01   64   64   45   45
 1.5852229261287822e+00   64   64   46   46
 1.5560261803956734e+00   64   64   47   47
 1.1740582569424285e+00   64   64   48   48
 1.7266924690619994e+00   64   64   49   49
 1.1536849662976645e+00   64   64   50   50
 1.0568311976643652e+00   64   64   51   51
 9.9420037769726377e-01   64   64   52   52
 9.7125126281019492e-01   64   64   53   53
 1.0870612943015807e+00   64   64   54   54
 1.0048629102880706e+00   64   64   55   55
 9.9140871568459110e-01   64   64   56   56
 1.4843894650428431e+00   64   64   57   57
 1.3109456991755017e+00   64   64   58   58
 1.2168640468595042e+00   64   64   59   59
 8.9725082472903483e-01   64   64   60   60
 1.2509063895146757e+00   64   64   61   61
 1.3958541676008636e+00   64   64   62   62
 2.8122410118072394e+00   64   64   63   63
 9.6429912899999994e+00   64   64   64   64
 1.7699543916773495e+00   65   65    1    1
 1.6119527306634287e+00   65   65    2    2
 1.6650401790068599e+00   65   65    3    3
 1.8916696482831332e+00   65   65    4    4
 2.1643089505855277e+00   65   65    5    5
 2.0612820967646148e+00   65   65    6    6
 3.1932726404631286e+00   65   65    7    7
 3.4675566446847350e+00   65   65    8    8
 4.4865864774077089e+00   65   65    9    9
 3.5491930604531050e+00   65   65   10   10
 2.7279461495286306e+00   65   65   11   11
 1.6560314036572639e+00   65   65   12   12
 2.4955053527248521e+00   65   65   13   13
 2.7041329258917144e+00   65   65   14   14
 2.5441785899217608e+00   65   65   15   15
 2.3906596776741016e+00   65   65   16   16
 1.9796394372371677e+00   65   65   17   17
 1.7762994084816466e+00   65   65   18   18
 1.9497936526777793e+00   65   65   19   19
 1.8264451218521200e+00   65   65   20   20
 2.1260032581196509e+00   65   65   21   21
 1.4135456483925155e+00   65   65   22   22
 1.2791233358896372e+00   65   65   23   23
 1.2427068079918691e+00   65   65   24   24
 1.1331654253471308e+00   65   65   25   25
 1.0665256879292826e+00   65   65   26   26
 1.0874717599880466e+00   65   65   27   27
 1.1825515058003095e+00   65   65   28   28
 1.3620434163414112e+00   65   65   29   29
 1.2325566158125396e+00   65   65   30   30
 1.1691772692520916e+00   65   65   31   31
 1.2051965314556299e+00   65   65   32   32
 1.1171043700964691e+00   65   65   33   33
 1.3280035139025252e+00   65   65   34   34
 1.4224482380062249e+00   65   65   35   35
 2.7227525587999937e+00   65   65   36   36
 3.0755920931182152e+00   65   65   37   37
 3.2870613125701671e+00   65   65   38   38
 3.0014399928506594e+00   65   65   39   39
 2.6782727915454734e+00   65   65   40   40
 2.5701843970866767e+00   65   65   41   41
 9.6462760723753604e-01   65   65   42   42
 9.7664370003002288e-01   65   65   43   43
 9.1038169781909528e-01   65   65   44   44
 1.7017954815655336e+00   65   65   45   45
 8.4882642911982320e-01   65   65   46   46
 8.3998066209847955e-01   65   65   47   47
 1.4627640287883921e+00   65   65   48   48
 8.9116736042047495e-01   65   65   49   49
 1.5289718214600094e+00   65   65   50   50
 1.3910797193190305e+00   65   65   51   51
 1.2483683650632003e+00   65   65   52   52
 2.1615302095987743e+00   65   65   53   53
 1.2971688619821962e+00   65   65   54   54
 1.2109494498927142e+00   65   65   55   55
 2.2652017447027251e+00   65   65   56   56
 1.0647107603221306e+00   65   65   57   57
 9.9118531179106895e-01   65   65   58   58
 9.6395868409772745e-01   65   65   59   59
 1.8287628898181072e+00   65   65   60   60
 1.0028159200248385e+00   65   65   61   61
 1.0794196701362901e+00   65   65   62   62
 2.1545322788455867e+00   65   65   63   63
 1.9546403724390766e+00   65   65   64   64
 9.6429912899999994e+00   65   65   65   65
 1.2585300725632114e+00   66   66    1    1
 1.1856403956135242e+00   66   66    2    2
 1.2442966585336277e+00   66   66    3    3
 1.3963314010001791e+00   66   66    4    4
 1.5148199781130007e+00   66   66    5    5
 1.4172245085547930e+00   66   66    6    6
 3.2237590863938075e+00   66   66    7    7
 3.4776759731026021e+00   66   66    8    8
 2.7108069901414820e+00   66   66    9    9
 2.5003281965055661e+00   66   66   10   10
 2.7229306751707956e+00   66   66   11   11
 1.6532095455783540e+00   66   66   12   12
 3.5393376007564741e+00   66   66   13   13
 4.4859748943200533e+00   66   66   14   14
 3.2788282258655612e+00   66   66   15   15
 2.9593078101315933e+00   66   66   16   16
 2.5929165253785800e+00   66   66   17   17
 2.4660093040927018e+00   66   66   18   18
 2.0955019579238070e+00   66   66   19   19
 2.6327284169613026e+00   66   66   20   20
 3.0314300667643086e+00   66   66   21   21
 1.0666096409013921e+00   66   66   22   22
 1.0129026710534519e+00   66   66   23   23
 1.0233961455829372e+00   66   66   24   24
 9.6549664331199336e-01   66   66   25   25
 9.0703360802391131e-01   66   66   26   26
 8.9919524226251102e-01   66   66   27   27
 9.4520692008768892e-01   66   66   28   28
 1.0081478061038911e+00   66   66   29   29
 9.3831320147039221e-01   66   66   30   30
 8.8642281776701304e-01   66   66   31   31
 8.8957400414206178e-01   66   66   32   32
 8.3212495520967111e-01   66   66   33   33
 9.4869003493099646e-01   66   66   34   34
 1.0124494849769781e+00   66   66   35   35
 1.9600372190733313e+00   66   66   36   36
 2.3693511769989719e+00   66   66   37   37
 2.5544214353612000e+00   66   66   38   38
 2.1409775731496286e+00   66   66   39   39
 1.8310188018117490e+00   66   66   40   40
 1.7668530061947507e+00   66   66   41   41
 8.6345426346268483e-01   66   66   42   42
 8.5386547785237499e-01   66   66   43   43
 7.9720291908859053e-01   66   66   44   44
 1.7907104146898576e+00   66   66   45   45
 7.5778934064327363e-01   66   66   46   46
 7.6346211996425106e-01   66   66   47   47
 1.7729205190619695e+00   66   66   48   48
 8.1255913792889922e-01   66   66   49   49
 2.0533225059289868e+00   66   66   50   50
 1.9895476779903412e+00   66   66   51   51
 1.6955746026049190e+00   66   66   52   52
 1.9871631983312013e+00   66   66   53   53
 1.5614290397308621e+00   66   66   54   54
 1.5313818860186836e+00   66   66   55   55
 2.2535496488771760e+00   66   66   56   56
 7.9765058326010485e-01   66   66   57   57
 7.5169790116395774e-01   66   66   58   58
 7.3614045075591727e-01   66   66   59   59
 1.7263701905813442e+00   66   66   60   60
 7.6328510202877764e-01   66   66   61   61
 8.1183331836490180e-01   66   66   62   62
 1.5745016834120948e+00   66   66   63   63
 1.5436083697891461e+00   66   66   64   64
 2.8093567024602897e+00   66   66   65   65
 9.6429912899999994e+00   66   66   66   66
 1.3009468165933802e+00   67   67    1    1
 1.2464331445150438e+00   67   67    2    2
 1.3278269944772736e+00   67   67    3    3
 1.4928028507720943e+00   67   67    4    4
 1.5853409298122785e+00   67   67    5    5
 1.4554095897983319e+00   67   67    6    6
 3.2199017806266790e+00   67   67    7    7
 3.2639214985690193e+00   67   67    8    8
 3.0433411489157902e+00   67   67    9    9
 2.7664655437652024e+00   67   67   10   10
 2.6767455651580181e+00   67   67   11   11
 1.7244407563997406e+00   67   67   12   12
 2.7687095177432299e+00   67   67   13   13
 3.0294837562074517e+00   67   67   14   14
 3.4744428768016693e+00   67   67   15   15
 4.4852786013768764e+00   67   67   16   16
 3.5439370281024285e+00   67   67   17   17
 2.7258876406377150e+00   67   67   18   18
 1.9321809398172631e+00   67   67   19   19
 2.4948424865636425e+00   67   67   20   20
 2.7083256759273913e+00   67   67   21   21
 1.1205240766327815e+00   67   67   22   22
 1.0524365706253263e+00   67   67   23   23
 1.0348023178418855e+00   67   67   24   24
 9.7043507039523613e-01   67   67   25   25
 9.2682576960937235e-01   67   67   26   26
 9.3862849966812556e-01   67   67   27   27
 9.9617403733149767e-01   67   67   28   28
 1.0688615015721878e+00   67   67   29   29
 9.7980608685727000e-01   67   67   30   30
 9.3206599421917602e-01   67   67   31   31
 9.5370040723991845e-01   67   67   32   32
 8.9435531151890657e-01   67   67   33   33
 1.0355023938225851e+00   67   67   34   34
 1.1018359517411158e+00   67   67   35   35
 1.8770121233159762e+00   67   67   36   36
 2.1712364643230431e+00   67   67   37   37
 2.6253803973276022e+00   67   67   38   38
 2.5126975167764103e+00   67   67   39   39
 2.0760079707492931e+00   67   67   40   40
 1.8433032099666347e+00   67   67   41   41
 8.7241147734502522e-01   67   67   42   42
 8.6669581869367296e-01   67   67   43   43
 8.0814717571402894e-01   67   67   44   44
 1.7195318384460956e+00   67   67   45   45
 7.6460393120507963e-01   67   67   46   46
 7.6745935087666439e-01   67   67   47   47
 2.1212765384364820e+00   67   67   48   48
 8.1702213568981086e-01   67   67   49   49
 2.2683384204851671e+00   67   67   50   50
 2.0019683613508965e+00   67   67   51   51
 1.7462454896302941e+00   67   67   52   52
 2.3224026616317306e+00   67   67   53   53
 1.8185022435551708e+00   67   67   54   54
 1.6783104332680809e+00   67   67   55   55
 2.2975868059211155e+00   67   67   56   56
 8.6854790906585866e-01   67   67   57   57
 8.1714013763438764e-01   67   67   58   58
 7.9133221228568973e-01   67   67   59   59
 1.9605439552327211e+00   67   67   60   60
 8.1130434409634167e-01   67   67   61   61
 8.6126903295933110e-01   67   67   62   62
 1.5976480211835471e+00   67   67   63   63
 1.6686835073822002e+00   67   67   64   64
 3.4376138304674826e+00   67   67   65   65
 3.3363187385117983e+00   67   67   66   66
 9.6429912899999994e+00   67   67   67   67
 1.5271206554800403e+00   68   68    1    1
 1.4679371519076974e+00   68   68    2    2
 1.5995621255815526e+00   68   68    3    3
 1.8546773086559569e+00   68   68    4    4
 1.9666653688533213e+00   68   68    5    5
 1.7395202280013728e+00   68   68    6    6
 3.2390301783031297e+00   68   68    7    7
 2.6020423647892339e+00   68   68    8    8
 2.1529017772956158e+00   68   68    9    9
 1.8465273721932576e+00   68   68   10   10
 1.7961097093812992e+00   68   68   11   11
 1.2120243906254053e+00   68   68   12   12
 2.0129116530177877e+00   68   68   13   13
 2.4482455236308502e+00   68   68   14   14
 3.4914252516278581e+00   68   68   15   15
 2.7139143494225011e+00   68   68   16   16
 2.4977890482750795e+00   68   68   17   17
 2.7200484877520124e+00   68   68   18   18
 1.4310646930340871e+00   68   68   19   19
 3.5281987808823643e+00   68   68   20   20
 4.4869757707710125e+00   68   68   21   21
 1.2952549071213877e+00   68   68   22   22
 1.2470349244534240e+00   68   68   23   23
 1.2799336067952964e+00   68   68   24   24
 1.2092285407934260e+00   68   68   25   25
 1.1234102173033580e+00   68   68   26   26
 1.1010747286731999e+00   68   68   27   27
 1.1531540435472227e+00   68   68   28   28
 1.1850636089780258e+00   68   68   29   29
 1.0888177053624499e+00   68   68   30   30
 1.0071394686648796e+00   68   68   31   31
 9.9765040804186811e-01   68   68   32   32
 9.1713340060474779e-01   68   68   33   33
 1.0688466403247885e+00   68   68   34   34
 1.1679259028498157e+00   68   68   35   35
 2.5176211776213506e+00   68   68   36   36
 2.9274398708226519e+00   68   68   37   37
 3.1968866220599499e+00   68   68   38   38
 2.8593336108369796e+00   68   68   39   39
 2.4766590478373560e+00   68   68   40   40
 2.3479775945141514e+00   68   68   41   41
 1.0793466885544361e+00   68   68   42   42
 1.0532416054707687e+00   68   68   43   43
 9.6548434673205397e-01   68   68   44   44
 1.2736763324112284e+00   68   68   45   45
 9.1375676724872157e-01   68   68   46   46
 9.2890727839189824e-01   68   68   47   47
 1.9957558804117526e+00   68   68   48   48
 1.0056922172729912e+00   68   68   49   49
 2.2403324201235875e+00   68   68   50   50
 2.0458580556879218e+00   68   68   51   51
 1.7472191358239952e+00   68   68   52   52
 1.4333705992494390e+00   68   68   53   53
 1.7174788283124511e+00   68   68   54   54
 1.6263189166528977e+00   68   68   55   55
 1.5397707621941406e+00   68   68   56   56
 8.7732424325753133e-01   68   68   57   57
 8.1684498209397172e-01   68   68   58   58
 7.9246523793309598e-01   68   68   59   59
 1.2757200075751169e+00   68   68   60   60
 8.2179225589580074e-01   68   68   61   61
 8.8360835067126731e-01   68   68   62   62
 1.8154449456672457e+00   68   68   63   63
 1.9675649831428321e+00   68   68   64   64
 2.6422696484387900e+00   68   68   65   65
 3.5496177974798955e+00   68   68   66   66
 2.8177258448288569e+00   68   68   67   67
 9.6429912899999994e+00   68   68   68   68
 2.9685194588341535e+00   69   69    1    1
 3.2276883212639373e+00   69   69    2    2
 2.9201603950381032e+00   69   69    3    3
 2.5567645124630989e+00   69   69    4    4
 2.4212498310074411e+00   69   69    5    5
 2.5781969941933705e+00   69   69    6    6
 1.3164865904088114e+00   69   69    7    7
 1.2252710793009809e+00   69   69    8    8
 1.2164287480133731e+00   69   69    9    9
 1.1133841009625796e+00   69   69   10   10
 1.0343821916264988e+00   69   69   11   11
 8.1630776679128259e-01   69   69   12   12
 1.0412741982713425e+00   69   69   13   13
 1.1245010929148807e+00   69   69   14   14
 1.2351276209252455e+00   69   69   15   15
 1.1297406226703053e+00   69   69   16   16
 1.0644398658229866e+00   69   69   17   17
 1.0793128650507071e+00   69   69   18   18
 9.0763059031376392e-01   69   69   19   19
 1.1675267524915820e+00   69   69   20   20
 1.2556591990644999e+00   69   69   21   21
 3.2365106835381501e+00   69   69   22   22
 3.4855259474233757e+00   69   69   23   23
 4.4868761358974671e+00   69   69   24   24
 3.5339047262569103e+00   69   69   25   25
 2.7214376339366271e+00   69   69   26   26
 2.4956930004090707e+00   69   69   27   27
 2.7114703270964586e+00   69   69   28   28
 2.6137734493519020e+00   69   69   29   29
 2.4725761244562694e+00   69   69   30   30
 2.0341352106346839e+00   69   69   31   31
 1.8119268207205956e+00   69   69   32   32
 1.5519912186523390e+00   69   69   33   33
 1.8587827295436041e+00   69   69   34   34
 2.1625621018879007e+00   69   69   35   35
 1.8961648158632887e+00   69   69   36   36
 1.6310835464684208e+00   69   69   37   37
 1.4982114324153026e+00   69   69   38   38
 1.5631819370222730e+00   69   69   39   39
 1.7873107053428336e+00   69   69   40   40
 2.0213609486371640e+00   69   69   41   41
 2.0919141575799958e+00   69   69   42   42
 2.2540899921664304e+00   69   69   43   43
 1.9907871839188804e+00   69   69   44   44
 8.4318627208005592e-01   69   69   45   45
 1.7278876231255302e+00   69   69   46   46
 1.6535920050226760e+00   69   69   47   47
 9.9362534263647917e-01   69   69   48   48
 1.7888930263977156e+00   69   69   49   49
 1.0037464072230613e+00   69   69   50   50
 9.4154985603443953e-01   69   69   51   51
 8.8295679410258687e-01   69   69   52   52
 9.1119764816521154e-01   69   69   53   53
 9.2438826291315512e-01   69   69   54   54
 8.7469585183007315e-01   69   69   55   55
 9.4861586267081455e-01   69   69   56   56
 1.4176721444959028e+00   69   69   57   57
 1.2660235669848905e+00   69   69   58   58
 1.2194342933618183e+00   69   69   59   59
 8.4604879634377272e-01   69   69   60   60
 1.3003715209099602e+00   69   69   61   61
 1.4688655179759729e+00   69   69   62   62
 3.4915906033044495e+00   69   69   63   63
 3.3267347291240976e+00   69   69   64   64
 1.7803335977518986e+00   69   69   65   65
 1.4921230491982915e+00   69   69   66   66
 1.4634687422718449e+00   69   69   67   67
 1.8605482917254235e+00   69   69   68   68
 9.6429912899999994e+00   69   69   69   69
 2.1660071100136569e+00   70   70    1    1
 2.6181465284682264e+00   70   70    2    2
 2.4876939884855584e+00   70   70    3    3
 2.0509078044206452e+00   70   70    4    4
 1.8259527600299608e+00   70   70    5    5
 1.8668286677018888e+00   70   70    6    6
 1.1083459659431467e+00   70   70    7    7
 1.0416190403294319e+00   70   70    8    8
 1.0586445938759259e+00   70   70    9    9
 9.8462839462023322e-01   70   70   10   10
 9.1042019390229845e-01   70   70   11   11
 7.5110979303396608e-01   70   70   12   12
 8.9899282872253006e-01   70   70   13   13
 9.5404861854241585e-01   70   70   14   14
 1.0596447829525613e+00   70   70   15   15
 1.0078130880441081e+00   70   70   16   16
 9.6203390989904947e-01   70   70   17   17
 9.5970449942633662e-01   70   70   18   18
 8.0523101374991435e-01   70   70   19   19
 1.0022878237487896e+00   70   70   20   20
 1.0540058941312163e+00   70   70   21   21
 3.2304957823706122e+00   70   70   22   22
 3.4831920494815436e+00   70   70   23   23
 2.7108257849099435e+00   70   70   24   24
 2.4959281289644979e+00   70   70   25   25
 2.7219338859807380e+00   70   70   26   26
 3.5348456086972715e+00   70   70   27   27
 4.4860018432581308e+00   70   70   28   28
 3.2359429716880701e+00   70   70   29   29
 2.9523393241877454e+00   70   70   30   30
 2.6215493237842349e+00   70   70   31   31
 2.4991213001061654e+00   70   70   32   32
 2.1095239207110481e+00   70   70   33   33
 2.6352028723655758e+00   70   70   34   34
 2.9887309368420727e+00   70   70   35   35
 1.4085317335694854e+00   70   70   36   36
 1.2646370841275643e+00   70   70   37   37
 1.2324026084426891e+00   70   70   38   38
 1.3380586380160158e+00   70   70   39   39
 1.5152972790562949e+00   70   70   40   40
 1.5697394548380159e+00   70   70   41   41
 1.9822352836104895e+00   70   70   42   42
 2.2513206584680270e+00   70   70   43   43
 2.0913382074322437e+00   70   70   44   44
 7.5954241559519908e-01   70   70   45   45
 1.7824509424423753e+00   70   70   46   46
 1.6439737325694488e+00   70   70   47   47
 9.2538648451064365e-01   70   70   48   48
 1.7180745481989297e+00   70   70   49   49
 9.0876040748840758e-01   70   70   50   50
 8.4554793312797405e-01   70   70   51   51
 8.0544662044496529e-01   70   70   52   52
 8.3933295201321967e-01   70   70   53   53
 8.7180180283921860e-01   70   70   54   54
 8.1547141546801338e-01   70   70   55   55
 8.5021776288629369e-01   70   70   56   56
 2.0753621335588024e+00   70   70   57   57
 1.7678974392916893e+00   70   70   58   58
 1.5834643383139628e+00   70   70   59   59
 7.8725338179026827e-01   70   70   60   60
 1.6010069952559403e+00   70   70   61   61
 1.8075404096203382e+00   70   70   62   62
 2.6456284172744873e+00   70   70   63   63
 3.6042866376787286e+00   70   70   64   64
 1.5937813237371110e+00   70   70   65   65
 1.2488317781543745e+00   70   70   66   66
 1.3499729998592744e+00   70   70   67   67
 1.4830376453906384e+00   70   70   68   68
 2.8191263089504535e+00   70   70   69   69
 9.6429912899999994e+00   70   70   70   70
 2.3886463209818967e+00   71   71    1    1
 2.5673626114970198e+00   71   71    2    2
 2.1524901997274646e+00   71   71    3    3
 1.8453841848335522e+00   71   71    4    4
 1.7826790325679522e+00   71   71    5    5
 1.9783551236528527e+00   71   71    6    6
 1.0755292610088623e+00   71   71    7    7
 1.0273732305862202e+00   71   71    8    8
 1.0457320506616550e+00   71   71    9    9
 9.7938561988852113e-01   71   71   10   10
 9.0900225675492685e-01   71   71   11   11
 7.5020769715964764e-01   71   71   12   12
 8.9833581900813342e-01   71   71   13   13
 9.4916877666254562e-01   71   71   14   14
 1.0094504943105007e+00   71   71   15   15
 9.4586664882869209e-01   71   71   16   16
 8.9392448956555559e-01   71   71   17   17
 8.9276180759612089e-01   71   71   18   18
 8.1616984590536956e-01   71   71   19   19
 9.4366574959585037e-01   71   71   20   20
 1.0052980425401241e+00   71   71   21   21
 3.2193898865905197e+00   71   71   22   22
 3.2855418489906185e+00   71   71   23   23
 3.0663672328116900e+00   71   71   24   24
 2.6801469318233875e+00   71   71   25   25
 2.5050751880514808e+00   71   71   26   26
 2.6093408314199014e+00   71   71   27   27
 2.9600197629926370e+00   71   71   28   28
 3.4732255897363031e+00   71   71   29   29
 4.4859417145807026e+00   71   71   30   30
 3.5448930626542956e+00   71   71   31   31
 2.7251127557605144e+00   71   71   32   32
 2.2601321208595162e+00   71   71   33   33
 2.4977920231888673e+00   71   71   34   34
 2.7079403969622966e+00   71   71   35   35
 1.4417466107167995e+00   71   71   36   36
 1.2774542668705287e+00   71   71   37   37
 1.1956674471494604e+00   71   71   38   38
 1.2464399380874873e+00   71   71   39   39
 1.3963169343810971e+00   71   71   40   40
 1.5278238536037949e+00   71   71   41   41
 1.8049666470698666e+00   71   71   42   42
 2.1005914396089089e+00   71   71   43   43
 2.0501569637662569e+00   71   71   44   44
 7.6826559387948345e-01   71   71   45   45
 1.7449898404637871e+00   71   71   46   46
 1.5694279755382632e+00   71   71   47   47
 8.3657616137424673e-01   71   71   48   48
 1.5936387436496582e+00   71   71   49   49
 8.3834006897758973e-01   71   71   50   50
 7.8985754813763109e-01   71   71   51   51
 7.4796781714834848e-01   71   71   52   52
 8.2574863674888976e-01   71   71   53   53
 7.8633114286609374e-01   71   71   54   54
 7.4565740165373307e-01   71   71   55   55
 8.4948838914964464e-01   71   71   56   56
 1.9774364823698598e+00   71   71   57   57
 1.7230936120100395e+00   71   71   58   58
 1.6606642456175300e+00   71   71   59   59
 7.7606021612753751e-01   71   71   60   60
 1.8102586584060758e+00   71   71   61   61
 2.1227257815916500e+00   71   71   62   62
 3.3932826540739698e+00   71   71   63   63
 2.6667409449785375e+00   71   71   64   64
 1.5539525140006432e+00   71   71   65   65
 1.2462011412325333e+00   71   71   66   66
 1.2663717681849778e+00   71   71   67   67
 1.4527781981856502e+00   71   71   68   68
 3.5856435409244476e+00   71   71   69   69
 3.3249385264120170e+00   71   71   70   70
 9.6429912899999994e+00   71   71   71   71
 3.0198853746750705e+00   72   72    1    1
 3.2599749581952269e+00   72   72    2    2
 2.9387933153137653e+00   72   72    3    3
 2.5805307324187901e+00   72   72    4    4
 2.4708912885164551e+00   72   72    5    5
 2.6378103593691584e+00   72   72    6    6
 1.3849568602408040e+00   72   72    7    7
 1.3134357454864216e+00   72   72    8    8
 1.3745730679902866e+00   72   72    9    9
 1.2690989405184931e+00   72   72   10   10
 1.1427363273602225e+00   72   72   11   11
 9.1764879357367002e-01   72   72   12   12
 1.1072483791647716e+00   72   72   13   13
 1.1743976672008829e+00   72   72   14   14
 1.2838611852680624e+00   72   72   15   15
 1.2181519558527767e+00   72   72   16   16
 1.1332811090094941e+00   72   72   17   17
 1.1040825245324293e+00   72   72   18   18
 9.8994700975966443e-01   72   72   19   19
 1.1491122902616764e+00   72   72   20   20
 1.2376887689510083e+00   72   72   21   21
 3.2145689465083880e+00   72   72   22   22
 2.5605170400932482e+00   72   72   23   23
 2.1357173232769262e+00   72   72   24   24
 1.8332301359506169e+00   72   72   25   25
 1.7815654870409277e+00   72   72   26   26
 1.9876816022344708e+00   72   72   27   27
 2.4056202586983821e+00   72   72   28   28
 3.4774083565121821e+00   72   72   29   29
 2.7083229965406561e+00   72   72   30   30
 2.4973918594142925e+00   72   72   31   31
 2.7236518785763510e+00   72   72   32   32
 2.2517584534690278e+00   72   72   33   33
 3.5409442185857229e+00   72   72   34   34
 4.4867356925671489e+00   72   72   35   35
 1.8331983218769790e+00   72   72   36   36
 1.6184722829168103e+00   72   72   37   37
 1.5695677877311747e+00   72   72   38   38
 1.7194915587708777e+00   72   72   39   39
 1.9918643176993109e+00   72   72   40   40
 2.0874441173969895e+00   72   72   41   41
 1.4225734945850446e+00   72   72   42   42
 1.5279994559200403e+00   72   72   43   43
 1.4199005077287814e+00   72   72   44   44
 9.2648631234824108e-01   72   72   45   45
 1.2628772278454774e+00   72   72   46   46
 1.2015379254404921e+00   72   72   47   47
 1.0334760750638980e+00   72   72   48   48
 1.2650991490426302e+00   72   72   49   49
 1.0231338101617522e+00   72   72   50   50
 9.4232612938146454e-01   72   72   51   51
 8.8551539637986643e-01   72   72   52   52
 1.0470093596880641e+00   72   72   53   53
 9.5770404944119758e-01   72   72   54   54
 8.9061374362046319e-01   72   72   55   55
 1.0586881233287813e+00   72   72   56   56
 2.1176140624502340e+00   72   72   57   57
 1.7963072525541577e+00   72   72   58   58
 1.6408910315624721e+00   72   72   59   59
 9.7141160201438137e-01   72   72   60   60
 1.7007901998960910e+00   72   72   61   61
 1.9573548927300459e+00   72   72   62   62
 3.4825917280174647e+00   72   72   63   63
 3.3893722195659772e+00   72   72   64   64
 2.1415025601136448e+00   72   72   65   65
 1.4805621906151847e+00   72   72   66   66
 1.6605657922391468e+00   72   72   67   67
 1.7083412522981081e+00   72   72   68   68
 2.6473847590739461e+00   72   72   69   69
 3.4713838269548924e+00   72   72   70   70
 2.8106420767987879e+00   72   72   71   71
 9.6429912899999994e+00   72   72   72   72
 1.8091025373331309e+00   73   73    1    1
 1.6236521517612903e+00   73   73    2    2
 1.6715350875109123e+00   73   73    3    3
 1.9183922097118447e+00   73   73    4    4
 2.2447765525415853e+00   73   73    5    5
 2.1464378618856732e+00   73   73    6    6
 3.2378981064138848e+00   73   73    7    7
 3.2030421830528715e+00   73   73    8    8
 2.9164421065431436e+00   73   73    9    9
 2.4550892946404805e+00   73   73   10   10
 2.2550695842487705e+00   73   73   11   11
 1.4068386142660898e+00   73   73   12   12
 2.3922752905316584e+00   73   73   13   13
 2.8200180900830394e+00   73   73   14   14
 2.5747151777972586e+00   73   73   15   15
 2.1424976368417825e+00   73   73   16   16
 1.8385418567086560e+00   73   73   17   17
 1.7861543865378784e+00   73   73   18   18
 1.7565017258345281e+00   73   73   19   19
 1.9939132153189960e+00   73   73   20   20
 2.4182790339281341e+00   73   73   21   21
 1.4153780226403296e+00   73   73   22   22
 1.3117506828199450e+00   73   73   23   23
 1.3311642125510310e+00   73   73   24   24
 1.2219543109393796e+00   73   73   25   25
 1.1211393417608659e+00   73   73   26   26
 1.1086563264630067e+00   73   73   27   27
 1.1874266413551728e+00   73   73   28   28
 1.3239960072411940e+00   73   73   29   29
 1.2192178372075351e+00   73   73   30   30
 1.1341808392022981e+00   73   73   31   31
 1.1292532622566582e+00   73   73   32   32
 1.0370980481994536e+00   73   73   33   33
 1.2118508340913980e+00   73   73   34   34
 1.3162129232337747e+00   73   73   35   35
 3.5335893634782956e+00   73   73   36   36
 4.4900531611791488e+00   73   73   37   37
 3.4901676544930709e+00   73   73   38   38
 2.7141044938535193e+00   73   73   39   39
 2.4994792694673538e+00   73   73   40   40
 2.7210571683707085e+00   73   73   41   41
 1.0298797356547735e+00   73   73   42   42
 1.0329964623409671e+00   73   73   43   43
 9.5791326105465069e-01   73   73   44   44
 1.5185595621023655e+00   73   73   45   45
 8.9636977740114354e-01   73   73   46   46
 8.9326191382104869e-01   73   73   47   47
 1.4111333127451906e+00   73   73   48   48
 9.5283638710502971e-01   73   73   49   49
 1.5288233729304468e+00   73   73   50   50
 1.4310484682549660e+00   73   73   51   51
 1.2690626297178531e+00   73   73   52   52
 1.6695256934186828e+00   73   73   53   53
 1.2555497243704370e+00   73   73   54   54
 1.1994558154200281e+00   73   73   55   55
 1.8728719378734391e+00   73   73   56   56
 9.7495387173301473e-01   73   73   57   57
 9.0694199140340515e-01   73   73   58   58
 8.8994201294349706e-01   73   73   59   59
 1.4642841701006126e+00   73   73   60   60
 9.3654270340120693e-01   73   73   61   61
 1.0130622454110541e+00   73   73   62   62
 2.2115328788090589e+00   73   73   63   63
 1.9343027807531030e+00   73   73   64   64
 3.4920321532682834e+00   73   73   65   65
 3.3786406781178671e+00   73   73   66   66
 2.6429893564707370e+00   73   73   67   67
 3.5011639367606224e+00   73   73   68   68
 1.9933018723624669e+00   73   73   69   69
 1.5338171779256098e+00   73   73   70   70
 1.6039710892218912e+00   73   73   71   71
 1.8964076519471069e+00   73   73   72   72
 9.6429912899999994e+00   73   73   73   73
 1.7031596545733676e+00   74   74    1    1
 1.6677637035046400e+00   74   74    2    2
 1.8655208710001687e+00   74   74    3    3
 2.2000152109520137e+00   74   74    4    4
 2.2708186039631171e+00   74   74    5    5
 1.9387528847859417e+00   74   74    6    6
 3.2149699636666562e+00   74   74    7    7
 2.5994094854981125e+00   74   74    8    8
 2.4426237178673040e+00   74   74    9    9
 2.0480563015263020e+00   74   74   10   10
 1.8524947450858651e+00   74   74   11   11
 1.2722686330908830e+00   74   74   12   12
 1.8976126760389604e+00   74   74   13   13
 2.1841974948256229e+00   74   74   14   14
 3.2816804185760464e+00   74   74   15   15
 3.1008853650739403e+00   74   74   16   16
 2.7098715594383331e+00   74   74   17   17
 2.5215439131100088e+00   74   74   18   18
 1.4248400740124978e+00   74   74   19   19
 2.6046622327372009e+00   74   74   20   20
 2.9372391694864493e+00   74   74   21   21
 1.4558152769102033e+00   74   74   22   22
 1.3635816110033203e+00   74   74   23   23
 1.3333080169074616e+00   74   74   24   24
 1.2369576012623813e+00   74   74   25   25
 1.1758817733953104e+00   74   74   26   26
 1.1955726544773628e+00   74   74   27   27
 1.2811168152923436e+00   74   74   28   28
 1.3490595556121088e+00   74   74   29   29
 1.2058327836106961e+00   74   74   30   30
 1.1236529348759499e+00   74   74   31   31
 1.1435464708980283e+00   74   74   32   32
 1.0492064918018589e+00   74   74   33   33
 1.2618305633815425e+00   74   74   34   34
 1.3830487572095778e+00   74   74   35   35
 2.4953274693569005e+00   74   74   36   36
 2.7068477212054689e+00   74   74   37   37
 3.4715476700352910e+00   74   74   38   38
 4.4882344514771981e+00   74   74   39   39
 3.5511819273675287e+00   74   74   40   40
 2.7277707646393559e+00   74   74   41   41
 1.0947746058490349e+00   74   74   42   42
 1.0839656408898615e+00   74   74   43   43
 9.9301568817256614e-01   74   74   44   44
 1.2859802214226796e+00   74   74   45   45
 9.2950048613263248e-01   74   74   46   46
 9.3462934594082514e-01   74   74   47   47
 2.1154719219069249e+00   74   74   48   48
 1.0090180240276625e+00   74   74   49   49
 2.1251733559267838e+00   74   74   50   50
 1.8043767501355970e+00   74   74   51   51
 1.5999599573458205e+00   74   74   52   52
 1.5834835187195895e+00   74   74   53   53
 1.7920525959613181e+00   74   74   54   54
 1.5919803193392863e+00   74   74   55   55
 1.6063566658997805e+00   74   74   56   56
 1.0164968071610443e+00   74   74   57   57
 9.4009861627443536e-01   74   74   58   58
 8.9884105022624616e-01   74   74   59   59
 1.3943550354573664e+00   74   74   60   60
 9.2199618018066298e-01   74   74   61   61
 9.9301019396878909e-01   74   74   62   62
 1.9584806858592789e+00   74   74   63   63
 2.3008968982781686e+00   74   74   64   64
 3.4147283615434785e+00   74   74   65   65
 2.6643166777179546e+00   74   74   66   66
 3.6531028594597568e+00   74   74   67   67
 3.2903715920987384e+00   74   74   68   68
 1.8521494232012687e+00   74   74   69   69
 1.7098781304357200e+00   74   74   70   70
 1.5380359438804894e+00   74   74   71   71
 2.1246911765336547e+00   74   74   72   72
 2.8156064928673539e+00   74   74   73   73
 9.6429912899999994e+00   74   74   74   74
-1.3482418071183011e+02    1    1    0    0
-2.0654935005572996e+00    2    1    0    0
-1.3865004913248123e+02    2    2    0    0
-2.0659277352156131e+00    3    2    0    0
-1.3543902540957342e+02    3    3    0    0
-2.1624101306795795e+00    4    3    0    0
-1.3248730362281214e+02    4    4    0    0
-2.1215351685406252e+00    5    4    0    0
-1.3430819324346331e+02    5    5    0    0
-2.1496697289280187e+00    6    1    0    0
-2.1193989287540442e+00    6    5    0    0
-1.3183781480647201e+02    6    6    0    0
-1.3761021940867769e+02    7    7    0    0
-1.4184990255393335e+00    8    7    0    0
-1.3308665606459417e+02    8    8    0    0
-2.0586757811184051e+00    9    8    0    0
-1.2815845176781801e+02    9    9    0    0
-2.1523244060890359e+00   10    9    0    0
-1.1788154220672469e+02   10   10    0    0
-2.1253677694598241e+00   11   10    0    0
-1.1426631184675868e+02   11   11    0    0
-8.4051949194478908e+01   12   12    0    0
-2.1190805035289144e+00   13   11    0    0
-1.1523628045604795e+02   13   13    0    0
-2.0517956122727745e+00   14    8    0    0
-2.1609005074707737e+00   14   13    0    0
-1.2477308670187399e+02   14   14    0    0
-1.1368436406387190e+00   15    7    0    0
-1.3352833527975810e+02   15   15    0    0
-2.0784035020188525e+00   16   15    0    0
-1.2678980109983290e+02   16   16    0    0
-2.1604355094613510e+00   17   16    0    0
-1.1696065512736338e+02   17   17    0    0
-2.1276484279572534e+00   18   17    0    0
-1.1490637041883059e+02   18   18    0    0
-9.5235315930069220e+01   19   19    0    0
-2.1279493420968492e+00   20   18    0    0
-1.1719891301222154e+02   20   20    0    0
-2.0848327375649114e+00   21   15    0    0
-2.1421154785695182e+00   21   20    0    0
-1.2708672577996197e+02   21   21    0    0
-1.3255219915778871e+00   22    2    0    0
-1.3754520467452284e+02   22   22    0    0
-1.1349318077129766e+00   23   22    0    0
-1.3330962792606098e+02   23   23    0    0
-2.0842325858336137e+00   24   23    0    0
-1.2741307457460003e+02   24   24    0    0
-2.1545035784351727e+00   25   24    0    0
-1.1737408182589630e+02   25   25    0    0
-2.1252091150418964e+00   26   25    0    0
-1.1448897826427769e+02   26   26    0    0
-2.1258065884911219e+00   27   26    0    0
-1.1600996340801844e+02   27   27    0    0
-2.0819955354692494e+00   28   23    0    0
-2.1528497577657326e+00   28   27    0    0
-1.2583592410993030e+02   28   28    0    0
-1.3579440293223974e+00   29   22    0    0
-1.3299967858322236e+02   29   29    0    0
-2.0605180244517780e+00   30   29    0    0
-1.2493976357942074e+02   30   30    0    0
-2.1587921290556857e+00   31   30    0    0
-1.1524767831099359e+02   31   31    0    0
-2.1236193145482556e+00   32   31    0    0
-1.1401007058376941e+02   32   32    0    0
-8.2061608401890107e-01   33   32    0    0
-1.0377509318012493e+02   33   33    0    0
-2.1225535004622920e+00   34   32    0    0
-1.1748768632704187e+02   34   34    0    0
-2.0634568347592119e+00   35   29    0    0
-2.1498782901325195e+00   35   34    0    0
-1.2775899289945465e+02   35   35    0    0
-1.3124893347298735e+02   36   36    0    0
-2.1502377155654351e+00   37   36    0    0
-1.3426174587345466e+02   37   37    0    0
-1.2558264808104005e+00   38    7    0    0
-2.0691663405446485e+00   38   37    0    0
-1.3861252918081348e+02   38   38    0    0
-2.0729138858787666e+00   39   38    0    0
-1.3584318114586287e+02   39   39    0    0
-2.1620741459192181e+00   40   39    0    0
-1.3295477488996229e+02   40   40    0    0
-1.5020854450578633e+00   41    5    0    0
-2.1168863200452219e+00   41   36    0    0
-2.1231781074360390e+00   41   40    0    0
-1.3430811404209786e+02   41   41    0    0
-9.7877578914793233e+01   42   42    0    0
-6.7051727256868743e-01   43   26    0    0
-2.0838733900886424e+00   43   42    0    0
-1.0420455322221912e+02   43   43    0    0
-2.0945615151173760e+00   44   43    0    0
-9.6048749634439417e+01   44   44    0    0
-2.1321321148917058e+00   45   12    0    0
-2.1175580522692949e+00   45   19    0    0
-8.6523212582171595e+01   45   45    0    0
-2.1183609896979556e+00   46   44    0    0
-8.6934211367386013e+01   46   46    0    0
-2.1325790690421602e+00   47   46    0    0
-8.4066884041015641e+01   47   47    0    0
-9.8955200582019359e+01   48   48    0    0
-2.1299366963188504e+00   49   42    0    0
-2.1209781464656920e+00   49   47    0    0
-8.8474481081887930e+01   49   49    0    0
-4.3123354475220338e-01   50   18    0    0
-2.0941438553331482e+00   50   48    0    0
-1.0473199397981658e+02   50   50    0    0
-2.0932432197682682e+00   51   50    0    0
-9.6029296416333793e+01   51   51    0    0
-2.1255336726838987e+00   52   51    0    0
-8.7177948678370683e+01   52   52    0    0
-9.8577848153127832e+01   53   53    0    0
-2.1223820007660290e+00   54   48    0    0
-8.9357496200392873e+01   54   54    0    0
-2.1210493981465448e+00   55   52    0    0
-2.1297764713114375e+00   55   54    0    0
-8.4662364879821070e+01   55   55    0    0
-8.5182495384401458e-01   56   11    0    0
-2.0925118264593050e+00   56   19    0    0
-2.0706926054667893e+00   56   53    0    0
-1.0417557986739162e+02   56   56    0    0
-2.0795754815168972e+00   57   33    0    0
-9.6710389061772403e+01   57   57    0    0
-2.1259837988307657e+00   58   57    0    0
-8.7397357860868638e+01   58   58    0    0
-2.1259489149092055e+00   59   58    0    0
-8.3645979949530314e+01   59   59    0    0
-2.1256699402206873e+00   60   12    0    0
-2.1314436372450878e+00   60   53    0    0
-8.8811945823841725e+01   60   60    0    0
-2.1307947091466315e+00   61   59    0    0
-8.7053233089681584e+01   61   61    0    0
-2.0862321722029162e+00   62   33    0    0
-2.1213093488799233e+00   62   61    0    0
-9.6157121726588898e+01   62   62    0    0
-2.1000817250535899e+00   63    1    0    0
-1.7428285304357698e+02   63   63    0    0
-2.0966955813480901e+00   64    3    0    0
-1.7622767334519847e+02   64   64    0    0
-2.0938252205136711e+00   65    9    0    0
-1.7552984639135391e+02   65   65    0    0
-2.0923963369155412e+00   66   14    0    0
-1.6340055284358777e+02   66   66    0    0
-2.0907702530458252e+00   67   16    0    0
-1.6848349426935769e+02   67   67    0    0
-2.0947350585069207e+00   68   21    0    0
-1.7004964566068642e+02   68   68    0    0
-2.0945021740007022e+00   69   24    0    0
-1.7128455851470019e+02   69   69    0    0
-2.0924592872326722e+00   70   28    0    0
-1.6622683350191267e+02   70   70    0    0
-2.0923188335644696e+00   71   30    0    0
-1.6430619208250832e+02   71   71    0    0
-2.0941739310536702e+00   72   35    0    0
-1.7414513381901907e+02   72   72    0    0
-2.1019357455919101e+00   73   37    0    0
-1.7257712455050773e+02   73   73    0    0
-2.0976784120089627e+00   74   39    0    0
-1.7743243571422397e+02   74   74    0    0
 5.9510538881204338e+03    0    0    0    0
