&FCI NORB=100, NELEC=114, MS2=0,
 ORBSYM=1,1,1,1,1,1,1,1,1,1,1,1,1,1,1,1,1,1,1,1,1,1,1,1,1,1,1,1,1,1,1,1,1,1,1,1,1,1,1,1,1,1,1,1,1,1,1,1,1,1,1,1,1,1,1,1,1,1,1,1,1,1,1,1,1,1,1,1,1,1,1,1,1,1,1,1,1,1,1,1,1,1,1,1,1,1,1,1,1,1,1,1,1,1,1,1,1,1,1,1,
 ISYM=1,
&END
 8.4208384499999998e+00    1    1    1    1
 3.9068354145044899e+00    2    2    1    1
 8.4208384499999998e+00    2    2    2    2
 2.8409186217367126e+00    3    3    1    1
 3.9076474383961801e+00    3    3    2    2
 8.4208384499999998e+00    3    3    3    3
 2.5868906464344255e+00    4    4    1    1
 2.8108023786504504e+00    4    4    2    2
 3.9356791964929223e+00    4    4    3    3
 8.4208384499999998e+00    4    4    4    4
 2.7980731542785553e+00    5    5    1    1
 2.5040873767002982e+00    5    5    2    2
 2.7958681847969369e+00    5    5    3    3
 3.9242770054105689e+00    5    5    4    4
 8.4208384499999998e+00    5    5    5    5
 3.9412630468792837e+00    6    6    1    1
 2.8125508839497804e+00    6    6    2    2
 2.5873031624210259e+00    6    6    3    3
 2.8743815755854780e+00    6    6    4    4
 3.9270680646064586e+00    6    6    5    5
 8.4208384499999998e+00    6    6    6    6
 1.1218187107371063e+00    7    7    1    1
 1.0455736748310391e+00    7    7    2    2
 1.1177615321198362e+00    7    7    3    3
 1.3138249073322188e+00    7    7    4    4
 1.4794119254578100e+00    7    7    5    5
 1.3196424737019141e+00    7    7    6    6
 8.4208384499999998e+00    7    7    7    7
 1.0522593473392954e+00    8    8    1    1
 9.7051741235096478e-01    8    8    2    2
 1.0166969891360191e+00    8    8    3    3
 1.1707691160893849e+00    8    8    4    4
 1.3251867375354198e+00    8    8    5    5
 1.2251220913921324e+00    8    8    6    6
 3.8866843532838438e+00    8    8    7    7
 8.4208384499999998e+00    8    8    8    8
 1.0883696307336155e+00    9    9    1    1
 9.9371971045200047e-01    9    9    2    2
 1.0289478253800168e+00    9    9    3    3
 1.1770096781693256e+00    9    9    4    4
 1.3449150676640320e+00    9    9    5    5
 1.2666550196924993e+00    9    9    6    6
 2.7769642977893065e+00    9    9    7    7
 3.9018435385737931e+00    9    9    8    8
 8.4208384499999998e+00    9    9    9    9
 9.9455283659220950e-01   10   10    1    1
 9.0677321365397467e-01   10   10    2    2
 9.2538279588972594e-01   10   10    3    3
 1.0373063198717263e+00   10   10    4    4
 1.1744546572895651e+00   10   10    5    5
 1.1356445809794911e+00   10   10    6    6
 2.0677222706822538e+00   10   10    7    7
 2.8072195284600006e+00   10   10    8    8
 3.9396716988901117e+00   10   10    9    9
 8.4208384499999998e+00   10   10   10   10
 8.9566476168296028e-01   11   11    1    1
 8.2174842682561278e-01   11   11    2    2
 8.3707217357126096e-01   11   11    3    3
 9.2986847262713967e-01   11   11    4    4
 1.0408659618831508e+00   11   11    5    5
 1.0106958712680318e+00   11   11    6    6
 1.8578769551269323e+00   11   11    7    7
 2.5016945476591261e+00   11   11    8    8
 2.7998647029940158e+00   11   11    9    9
 3.9294229187995304e+00   11   11   10   10
 8.4208384499999998e+00   11   11   11   11
 6.4295950171005212e-01   12   12    1    1
 6.3586248821996894e-01   12   12    2    2
 6.8202167747916098e-01   12   12    3    3
 7.4560775053890271e-01   12   12    4    4
 7.5764065472358588e-01   12   12    5    5
 6.9600380003007090e-01   12   12    6    6
 1.1229646946317742e+00   12   12    7    7
 1.0490360447119305e+00   12   12    8    8
 9.3230519464476569e-01   12   12    9    9
 8.6859655185161544e-01   12   12   10   10
 8.8440304491415278e-01   12   12   11   11
 8.4208384499999998e+00   12   12   12   12
 8.7666188265871414e-01   13   13    1    1
 8.0962277987891573e-01   13   13    2    2
 8.3167558314055179e-01   13   13    3    3
 9.2844019730327765e-01   13   13    4    4
 1.0339593389692057e+00   13   13    5    5
 9.9136321646622638e-01   13   13    6    6
 2.0663912013823884e+00   13   13    7    7
 2.8066512386509657e+00   13   13    8    8
 2.5876268710989607e+00   13   13    9    9
 2.8750077360978916e+00   13   13   10   10
 3.9282143259229310e+00   13   13   11   11
 9.8351450689107867e-01   13   13   12   12
 8.4208384499999998e+00   13   13   13   13
 9.3711302780395256e-01   14   14    1    1
 8.6809758372059886e-01   14   14    2    2
 9.0244255696527986e-01   14   14    3    3
 1.0216620041632682e+00   14   14    4    4
 1.1407339880974499e+00   14   14    5    5
 1.0722072964606337e+00   14   14    6    6
 2.7747846942951520e+00   14   14    7    7
 3.9016863117055682e+00   14   14    8    8
 2.8411804618449317e+00   14   14    9    9
 2.5871427861597502e+00   14   14   10   10
 2.7985363550563789e+00   14   14   11   11
 1.0823500456143915e+00   14   14   12   12
 3.9371998594937674e+00   14   14   13   13
 8.4208384499999998e+00   14   14   14   14
 1.0154537411360092e+00   15   15    1    1
 9.6572518392811424e-01   15   15    2    2
 1.0432792804046203e+00   15   15    3    3
 1.2145022250176924e+00   15   15    4    4
 1.3203531263436774e+00   15   15    5    5
 1.1707405916818645e+00   15   15    6    6
 3.8923874939618694e+00   15   15    7    7
 2.7856752712659683e+00   15   15    8    8
 2.0920957096233566e+00   15   15    9    9
 1.6915946005419069e+00   15   15   10   10
 1.6038166824298719e+00   15   15   11   11
 1.3262474458372069e+00   15   15   12   12
 1.8423998335985274e+00   15   15   13   13
 2.4344901272873303e+00   15   15   14   14
 8.4208384499999998e+00   15   15   15   15
 9.0580626155495980e-01   16   16    1    1
 8.6857877221200430e-01   16   16    2    2
 9.3498779710374602e-01   16   16    3    3
 1.0702061616360565e+00   16   16    4    4
 1.1432151390050529e+00   16   16    5    5
 1.0265330331862319e+00   16   16    6    6
 2.7800332602002191e+00   16   16    7    7
 2.4305399348343975e+00   16   16    8    8
 1.9252721459299544e+00   16   16    9    9
 1.6297877921097710e+00   16   16   10   10
 1.5863939554618298e+00   16   16   11   11
 1.4776708694706997e+00   16   16   12   12
 1.8315416380539902e+00   16   16   13   13
 2.3128388262875186e+00   16   16   14   14
 3.9033430033298209e+00   16   16   15   15
 8.4208384499999998e+00   16   16   16   16
 8.3195722013317697e-01   17   17    1    1
 8.0722445414931987e-01   17   17    2    2
 8.7166556458423838e-01   17   17    3    3
 9.8663259007442317e-01   17   17    4    4
 1.0335278568828834e+00   17   17    5    5
 9.3004488937101526e-01   17   17    6    6
 2.0705128154062904e+00   17   17    7    7
 1.8423569270613120e+00   17   17    8    8
 1.5290183427742534e+00   17   17    9    9
 1.3452083384943201e+00   17   17   10   10
 1.3363075040269141e+00   17   17   11   11
 1.8414978043768284e+00   17   17   12   12
 1.5317869218216449e+00   17   17   13   13
 1.8359181936628552e+00   17   17   14   14
 2.8111243210698555e+00   17   17   15   15
 3.9390340840901854e+00   17   17   16   16
 8.4208384499999998e+00   17   17   17   17
 8.3169766744464635e-01   18   18    1    1
 8.1294914286497266e-01   18   18    2    2
 8.8295816788042281e-01   18   18    3    3
 9.9782752838027100e-01   18   18    4    4
 1.0339495198579030e+00   18   18    5    5
 9.2595199811598217e-01   18   18    6    6
 1.8633676872636151e+00   18   18    7    7
 1.6080586293871022e+00   18   18    8    8
 1.3458574737922377e+00   18   18    9    9
 1.1874529974441226e+00   18   18   10   10
 1.1782723037779610e+00   18   18   11   11
 2.0740326020219104e+00   18   18   12   12
 1.3419768826823364e+00   18   18   13   13
 1.5961957471061088e+00   18   18   14   14
 2.5093607981395629e+00   18   18   15   15
 2.8026231943054309e+00   18   18   16   16
 3.9335307006579669e+00   18   18   17   17
 8.4208384499999998e+00   18   18   18   18
 9.1348087602397865e-01   19   19    1    1
 8.9047103044466058e-01   19   19    2    2
 9.7208501357745047e-01   19   19    3    3
 1.1111571216739398e+00   19   19    4    4
 1.1581623255140427e+00   19   19    5    5
 1.0265639125926229e+00   19   19    6    6
 2.0717605789813471e+00   19   19    7    7
 1.6965746351890423e+00   19   19    8    8
 1.4005652111093700e+00   19   19    9    9
 1.2136692908060960e+00   19   19   10   10
 1.1892871040252704e+00   19   19   11   11
 1.6994988870135659e+00   19   19   12   12
 1.3520551408512409e+00   19   19   13   13
 1.6404486427248524e+00   19   19   14   14
 2.8115767513188468e+00   19   19   15   15
 2.5864920624854659e+00   19   19   16   16
 2.8753946591397881e+00   19   19   17   17
 3.9346431275798346e+00   19   19   18   18
 8.4208384499999998e+00   19   19   19   19
 1.0174970312462306e+00   20   20    1    1
 9.7800239022303637e-01   20   20    2    2
 1.0660463506143589e+00   20   20    3    3
 1.2405407826408215e+00   20   20    4    4
 1.3266110949078367e+00   20   20    5    5
 1.1660872785211307e+00   20   20    6    6
 2.7824444674571596e+00   20   20    7    7
 2.0979539587743967e+00   20   20    8    8
 1.6721022720818985e+00   20   20    9    9
 1.4011368577410654e+00   20   20   10   10
 1.3472489989477356e+00   20   20   11   11
 1.4037185642898891e+00   20   20   12   12
 1.5343537072817390e+00   20   20   13   13
 1.9344980552296642e+00   20   20   14   14
 3.9031982534757086e+00   20   20   15   15
 2.8376541503000698e+00   20   20   16   16
 2.5865740464682636e+00   20   20   17   17
 2.8035274364556000e+00   20   20   18   18
 3.9408407497857820e+00   20   20   19   19
 8.4208384499999998e+00   20   20   20   20
 2.7863987268021493e+00   21   21    1    1
 3.8943825710394870e+00   21   21    2    2
 2.7816807480185699e+00   21   21    3    3
 2.0704478189076587e+00   21   21    4    4
 1.8609112507557095e+00   21   21    5    5
 2.0733980931644229e+00   21   21    6    6
 9.1376072119780927e-01   21   21    7    7
 8.5702966697985206e-01   21   21    8    8
 8.7813172414425378e-01   21   21    9    9
 8.1220606440402321e-01   21   21   10   10
 7.4266148601229787e-01   21   21   11   11
 5.8794805679856077e-01   21   21   12   12
 7.3058443246322990e-01   21   21   13   13
 7.7630191958286721e-01   21   21   14   14
 8.5260602279720210e-01   21   21   15   15
 7.7631738983161624e-01   21   21   16   16
 7.2784561913398249e-01   21   21   17   17
 7.3392287727133310e-01   21   21   18   18
 7.9701845342280542e-01   21   21   19   19
 8.6414816495179869e-01   21   21   20   20
 8.4208384499999998e+00   21   21   21   21
 2.0993683207019629e+00   22   22    1    1
 2.7772205054707659e+00   22   22    2    2
 2.4127459020299069e+00   22   22    3    3
 1.8308635450155759e+00   22   22    4    4
 1.6014377054084887e+00   22   22    5    5
 1.6965537386839520e+00   22   22    6    6
 8.4999486353874099e-01   22   22    7    7
 7.9361951125758123e-01   22   22    8    8
 8.0405546963315500e-01   22   22    9    9
 7.4465911450577638e-01   22   22   10   10
 6.8710967603707629e-01   22   22   11   11
 5.7629516999487207e-01   22   22   12   12
 6.8109592045861500e-01   22   22   13   13
 7.2483756311706438e-01   22   22   14   14
 8.0479488164171109e-01   22   22   15   15
 7.3594998724984240e-01   22   22   16   16
 6.9729396433185276e-01   22   22   17   17
 7.0917173662976474e-01   22   22   18   18
 7.6983947438965883e-01   22   22   19   19
 8.2496078041333065e-01   22   22   20   20
 3.8898864800846655e+00   22   22   21   21
 8.4208384499999998e+00   22   22   22   22
 1.9344890761094500e+00   23   23    1    1
 2.4252608265370039e+00   23   23    2    2
 2.2880694021159105e+00   23   23    3    3
 1.8164121966280167e+00   23   23    4    4
 1.5872676488884305e+00   23   23    5    5
 1.6406623733639394e+00   23   23    6    6
 8.6161026591263434e-01   23   23    7    7
 7.9817343297654253e-01   23   23    8    8
 7.9837319965273557e-01   23   23    9    9
 7.3668786545717235e-01   23   23   10   10
 6.8398796736224687e-01   23   23   11   11
 5.9459930245172732e-01   23   23   12   12
 6.8418020758887166e-01   23   23   13   13
 7.3221713031894908e-01   23   23   14   14
 8.2232610103727455e-01   23   23   15   15
 7.4808366844384788e-01   23   23   16   16
 7.1248523815015319e-01   23   23   17   17
 7.3172208355971735e-01   23   23   18   18
 8.0040542481984822e-01   23   23   19   19
 8.5461836764047050e-01   23   23   20   20
 2.7762288461361959e+00   23   23   21   21
 3.9022948242124347e+00   23   23   22   22
 8.4208384499999998e+00   23   23   23   23
 1.5339556206698555e+00   24   24    1    1
 1.8350973663070027e+00   24   24    2    2
 1.8086535690639893e+00   24   24    3    3
 1.5113356285897832e+00   24   24    4    4
 1.3319855499257700e+00   24   24    5    5
 1.3507138144113089e+00   24   24    6    6
 7.9091895063140050e-01   24   24    7    7
 7.3343400114390955e-01   24   24    8    8
 7.2941163132788855e-01   24   24    9    9
 6.7587888719981914e-01   24   24   10   10
 6.3220983451185564e-01   24   24   11   11
 5.7540063123827023e-01   24   24   12   12
 6.3500148479072827e-01   24   24   13   13
 6.7845848743723458e-01   24   24   14   14
 7.6376519750730987e-01   24   24   15   15
 6.9994435170416713e-01   24   24   16   16
 6.7298443492335547e-01   24   24   17   17
 6.9501627992887893e-01   24   24   18   18
 7.5708197294554880e-01   24   24   19   19
 7.9846064322685895e-01   24   24   20   20
 2.0682960106021904e+00   24   24   21   21
 2.8094436029970171e+00   24   24   22   22
 3.9373547065187893e+00   24   24   23   23
 8.4208384499999998e+00   24   24   24   24
 1.3482328278139524e+00   25   25    1    1
 1.5997703018354608e+00   25   25    2    2
 1.5705702250339995e+00   25   25    3    3
 1.3220294991247876e+00   25   25    4    4
 1.1709909853264577e+00   25   25    5    5
 1.1886412468289369e+00   25   25    6    6
 7.2588875448630952e-01   25   25    7    7
 6.7730837289118617e-01   25   25    8    8
 6.7657982266280114e-01   25   25    9    9
 6.3051616906660835e-01   25   25   10   10
 5.9068006680371077e-01   25   25   11   11
 5.4240251970432896e-01   25   25   12   12
 5.9137241180579692e-01   25   25   13   13
 6.2850584922818176e-01   25   25   14   14
 7.0291195619602165e-01   25   25   15   15
 6.5016483675980408e-01   25   25   16   16
 6.2719776115196724e-01   25   25   17   17
 6.4556501422957480e-01   25   25   18   18
 6.9685073363612671e-01   25   25   19   19
 7.3052668149536593e-01   25   25   20   20
 1.8612719145555838e+00   25   25   21   21
 2.5063347313231890e+00   25   25   22   22
 2.8006922510263945e+00   25   25   23   23
 3.9330677519244004e+00   25   25   24   24
 8.4208384499999998e+00   25   25   25   25
 1.4024046307657416e+00   26   26    1    1
 1.6881832943634141e+00   26   26    2    2
 1.6172752982747876e+00   26   26    3    3
 1.3349666268022817e+00   26   26    4    4
 1.1816889787755791e+00   26   26    5    5
 1.2131109975955168e+00   26   26    6    6
 7.2076880587566361e-01   26   26    7    7
 6.7597930374896198e-01   26   26    8    8
 6.8130043579286748e-01   26   26    9    9
 6.3648572565347017e-01   26   26   10   10
 5.9358864431295699e-01   26   26   11   11
 5.2953705073742374e-01   26   26   12   12
 5.9039092473925381e-01   26   26   13   13
 6.2507591983061672e-01   26   26   14   14
 6.9372902817406368e-01   26   26   15   15
 6.4367935452712566e-01   26   26   16   16
 6.1823153500395456e-01   26   26   17   17
 6.3157297567887682e-01   26   26   18   18
 6.7841267197885147e-01   26   26   19   19
 7.1393034803405864e-01   26   26   20   20
 2.0707949936981471e+00   26   26   21   21
 2.8102896023867912e+00   26   26   22   22
 2.5876255120431710e+00   26   26   23   23
 2.8781420154236312e+00   26   26   24   24
 3.9363422424697276e+00   26   26   25   25
 8.4208384499999998e+00   26   26   26   26
 1.6735953605848291e+00   27   27    1    1
 2.0871925998269814e+00   27   27    2    2
 1.9113686577021083e+00   27   27    3    3
 1.5193537771115857e+00   27   27    4    4
 1.3397992344723604e+00   27   27    5    5
 1.3996899770868405e+00   27   27    6    6
 7.7093344662580932e-01   27   27    7    7
 7.2388552522873872e-01   27   27    8    8
 7.3487288390098460e-01   27   27    9    9
 6.8518473765206256e-01   27   27   10   10
 6.3462028272739313e-01   27   27   11   11
 5.4348352433452507e-01   27   27   12   12
 6.2798817784375394e-01   27   27   13   13
 6.6481896441061394e-01   27   27   14   14
 7.3482780736926456e-01   27   27   15   15
 6.7907039695375604e-01   27   27   16   16
 6.4713352903148524e-01   27   27   17   17
 6.5730750347569333e-01   27   27   18   18
 7.0724182093221155e-01   27   27   19   19
 7.5107450510966134e-01   27   27   20   20
 2.7804926300348254e+00   27   27   21   21
 3.9012518316212939e+00   27   27   22   22
 2.8388694802604313e+00   27   27   23   23
 2.5881960356022882e+00   27   27   24   24
 2.8035010254095005e+00   27   27   25   25
 3.9423893902052121e+00   27   27   26   26
 8.4208384499999998e+00   27   27   27   27
 2.4547696787404267e+00   28   28    1    1
 2.8073703256671667e+00   28   28    2    2
 2.1118368833280816e+00   28   28    3    3
 1.7085712708617686e+00   28   28    4    4
 1.6178388784433175e+00   28   28    5    5
 1.8569466065501277e+00   28   28    6    6
 8.5848880536370997e-01   28   28    7    7
 8.1736652099129292e-01   28   28    8    8
 8.4755454326823476e-01   28   28    9    9
 7.9347448311880719e-01   28   28   10   10
 7.2541289813888254e-01   28   28   11   11
 5.5379202110960624e-01   28   28   12   12
 7.0707838935525491e-01   28   28   13   13
 7.4342127653229739e-01   28   28   14   14
 7.9703646624406199e-01   28   28   15   15
 7.3136383566399432e-01   28   28   16   16
 6.8425055007460633e-01   28   28   17   17
 6.8470999337764593e-01   28   28   18   18
 7.3740861377724587e-01   28   28   19   19
 7.9893192366534949e-01   28   28   20   20
 3.8989855272055025e+00   28   28   21   21
 2.7999965381638074e+00   28   28   22   22
 2.0980532943149552e+00   28   28   23   23
 1.7013752234741077e+00   28   28   24   24
 1.6182177532916111e+00   28   28   25   25
 1.8603462698882351e+00   28   28   26   26
 2.4591525109137580e+00   28   28   27   27
 8.4208384499999998e+00   28   28   28   28
 1.9794377504349736e+00   29   29    1    1
 2.1219098421962586e+00   29   29    2    2
 1.6823351706726850e+00   29   29    3    3
 1.4135140514104167e+00   29   29    4    4
 1.3652293685456542e+00   29   29    5    5
 1.5642684157597653e+00   29   29    6    6
 7.8356873157538365e-01   29   29    7    7
 7.5166063789687032e-01   29   29    8    8
 7.7754185217630500e-01   29   29    9    9
 7.3519238809641740e-01   29   29   10   10
 6.7819874814444636e-01   29   29   11   11
 5.1997620516709431e-01   29   29   12   12
 6.6139830794152865e-01   29   29   13   13
 6.9097393755003467e-01   29   29   14   14
 7.3055651126664323e-01   29   29   15   15
 6.7319929240846776e-01   29   29   16   16
 6.3257720534718342e-01   29   29   17   17
 6.3402151253728023e-01   29   29   18   18
 6.8095191371179709e-01   29   29   19   19
 7.3379412297957569e-01   29   29   20   20
 2.7877592665866726e+00   29   29   21   21
 2.4324302740631567e+00   29   29   22   22
 1.9336866477613122e+00   29   29   23   23
 1.6437961374256096e+00   29   29   24   24
 1.6023970772058542e+00   29   29   25   25
 1.8408605099662976e+00   29   29   26   26
 2.3120267212775829e+00   29   29   27   27
 3.9083893858270082e+00   29   29   28   28
 8.4208384499999998e+00   29   29   29   29
 1.6718635090908336e+00   30   30    1    1
 1.7128187965330226e+00   30   30    2    2
 1.4111636423067822e+00   30   30    3    3
 1.2270953148389405e+00   30   30    4    4
 1.2067267729560025e+00   30   30    5    5
 1.3768565502194239e+00   30   30    6    6
 7.3707777900448668e-01   30   30    7    7
 7.1450940082865988e-01   30   30    8    8
 7.4448778824306217e-01   30   30    9    9
 7.1106029328121800e-01   30   30   10   10
 6.5711858376670262e-01   30   30   11   11
 4.9315881669412942e-01   30   30   12   12
 6.3680360410243075e-01   30   30   13   13
 6.5975708452914161e-01   30   30   14   14
 6.8627623850726738e-01   30   30   15   15
 6.3667728526928435e-01   30   30   16   16
 5.9803757863343854e-01   30   30   17   17
 5.9629762246532014e-01   30   30   18   18
 6.3623184224115792e-01   30   30   19   19
 6.8437132087114139e-01   30   30   20   20
 2.0745805344417034e+00   30   30   21   21
 1.8471860731788861e+00   30   30   22   22
 1.5354416621285987e+00   30   30   23   23
 1.3575421545059791e+00   30   30   24   24
 1.3528817009612879e+00   30   30   25   25
 1.5461903238073798e+00   30   30   26   26
 1.8451579917871681e+00   30   30   27   27
 2.8141313973938891e+00   30   30   28   28
 3.9393452222943623e+00   30   30   29   29
 8.4208384499999998e+00   30   30   30   30
 1.6052231903198224e+00   31   31    1    1
 1.6172057166308782e+00   31   31    2    2
 1.3592695983526228e+00   31   31    3    3
 1.2026912231957592e+00   31   31    4    4
 1.1915952798013327e+00   31   31    5    5
 1.3522276783022062e+00   31   31    6    6
 7.4289488506950174e-01   31   31    7    7
 7.2441753187937630e-01   31   31    8    8
 7.6230336021323553e-01   31   31    9    9
 7.3089365229131853e-01   31   31   10   10
 6.7200495958920248e-01   31   31   11   11
 4.9188176432661113e-01   31   31   12   12
 6.4639593408621665e-01   31   31   13   13
 6.6688420857633302e-01   31   31   14   14
 6.8890550924663063e-01   31   31   15   15
 6.4202254535478687e-01   31   31   16   16
 6.0106394226325344e-01   31   31   17   17
 5.9537530386351367e-01   31   31   18   18
 6.3203331592938361e-01   31   31   19   19
 6.8090968696850274e-01   31   31   20   20
 1.8660216683917452e+00   31   31   21   21
 1.6188838845345199e+00   31   31   22   22
 1.3516461699314715e+00   31   31   23   23
 1.1990793139720730e+00   31   31   24   24
 1.1973266312407296e+00   31   31   25   25
 1.3669310963817780e+00   31   31   26   26
 1.6226128753698943e+00   31   31   27   27
 2.5113365212728311e+00   31   31   28   28
 2.8009339267852651e+00   31   31   29   29
 3.9266466696844624e+00   31   31   30   30
 8.4208384499999998e+00   31   31   31   31
 5.4481098959375718e-01   32   32    1    1
 5.1339835433911973e-01   32   32    2    2
 5.1602677484477522e-01   32   32    3    3
 5.4889461447042642e-01   32   32    4    4
 5.8744431735476110e-01   32   32    5    5
 5.8307804801398888e-01   32   32    6    6
 7.9811418280072288e-01   32   32    7    7
 8.9086799563008823e-01   32   32    8    8
 9.0593293159855104e-01   32   32    9    9
 1.0127763023166274e+00   32   32   10   10
 1.1520390567530150e+00   32   32   11   11
 6.4675150728339703e-01   32   32   12   12
 1.1232158084430646e+00   32   32   13   13
 9.8192013720468896e-01   32   32   14   14
 7.7403659309302331e-01   32   32   15   15
 8.0097508367109960e-01   32   32   16   16
 7.6195679200568323e-01   32   32   17   17
 7.0668100961839631e-01   32   32   18   18
 6.8935876408976093e-01   32   32   19   19
 7.1656624719937967e-01   32   32   20   20
 4.8271632346175153e-01   32   32   21   21
 4.5753296920064357e-01   32   32   22   22
 4.5627016042215091e-01   32   32   23   23
 4.3251530996689896e-01   32   32   24   24
 4.1203551522908899e-01   32   32   25   25
 4.1333375344812662e-01   32   32   26   26
 4.3339608995629303e-01   32   32   27   27
 4.7882435277053081e-01   32   32   28   28
 4.6095633669258040e-01   32   32   29   29
 4.5508309928399271e-01   32   32   30   30
 4.6398029711353433e-01   32   32   31   31
 8.4208384499999998e+00   32   32   32   32
 1.8209981731698019e+00   33   33    1    1
 1.8481003552633228e+00   33   33    2    2
 1.5505213226033139e+00   33   33    3    3
 1.3661330765178250e+00   33   33    4    4
 1.3466682434068498e+00   33   33    5    5
 1.5257695158717151e+00   33   33    6    6
 8.0568145375798716e-01   33   33    7    7
 7.8254851135640036e-01   33   33    8    8
 8.2779709574410798e-01   33   33    9    9
 7.8792910597223220e-01   33   33   10   10
 7.1768112192150602e-01   33   33   11   11
 5.2020643412503542e-01   33   33   12   12
 6.8869498856455158e-01   33   33   13   13
 7.1354369665863471e-01   33   33   14   14
 7.4369862834160472e-01   33   33   15   15
 6.9176064002585325e-01   33   33   16   16
 6.4477549057299421e-01   33   33   17   17
 6.3671427454136242e-01   33   33   18   18
 6.7638679350231468e-01   33   33   19   19
 7.3194587848081394e-01   33   33   20   20
 2.0761191215925585e+00   33   33   21   21
 1.7137982644742618e+00   33   33   22   22
 1.4071559185978597e+00   33   33   23   23
 1.2252015658182813e+00   33   33   24   24
 1.2092655635839160e+00   33   33   25   25
 1.3824218111271720e+00   33   33   26   26
 1.6788781572417777e+00   33   33   27   27
 2.8157433934058793e+00   33   33   28   28
 2.5854899006548213e+00   33   33   29   29
 2.8700054824717585e+00   33   33   30   30
 3.9265189806018168e+00   33   33   31   31
 4.8203008135956349e-01   33   33   32   32
 8.4208384499999998e+00   33   33   33   33
 2.2856560175718648e+00   34   34    1    1
 2.4390986625167543e+00   34   34    2    2
 1.9585184549906129e+00   34   34    3    3
 1.6578211025110734e+00   34   34    4    4
 1.5984597967182408e+00   34   34    5    5
 1.8216576637584982e+00   34   34    6    6
 8.7257532938536830e-01   34   34    7    7
 8.3699222316287913e-01   34   34    8    8
 8.7965657228153160e-01   34   34    9    9
 8.2621424189008252e-01   34   34   10   10
 7.4947386038555264e-01   34   34   11   11
 5.5333015969196953e-01   34   34   12   12
 7.2376960416528002e-01   34   34   13   13
 7.5740159087618320e-01   34   34   14   14
 8.0494919956493671e-01   34   34   15   15
 7.4267576486535603e-01   34   34   16   16
 6.9134426230357005e-01   34   34   17   17
 6.8563988438679091e-01   34   34   18   18
 7.3353300322668480e-01   34   34   19   19
 7.9681841984345081e-01   34   34   20   20
 2.7899132400687008e+00   34   34   21   21
 2.1193156537981155e+00   34   34   22   22
 1.6788450030787367e+00   34   34   23   23
 1.4111228257375847e+00   34   34   24   24
 1.3643518620988810e+00   34   34   25   25
 1.5616418728713277e+00   34   34   26   26
 1.9749197961903528e+00   34   34   27   27
 3.9090771423544757e+00   34   34   28   28
 2.8375922599257524e+00   34   34   29   29
 2.5839921683240004e+00   34   34   30   30
 2.7999298754978299e+00   34   34   31   31
 4.9074226831664769e-01   34   34   32   32
 3.9399572123782631e+00   34   34   33   33
 8.4208384499999998e+00   34   34   34   34
 1.8582116251631975e+00   35   35    1    1
 1.6045775350163336e+00   35   35    2    2
 1.6744898646486632e+00   35   35    3    3
 2.0680798544111867e+00   35   35    4    4
 2.7856461214138699e+00   35   35    5    5
 2.4788624944818798e+00   35   35    6    6
 2.0706055715312566e+00   35   35    7    7
 1.8503110289881188e+00   35   35    8    8
 1.8567214146867554e+00   35   35    9    9
 1.5548902429073730e+00   35   35   10   10
 1.3538593125034608e+00   35   35   11   11
 8.3431154140730002e-01   35   35   12   12
 1.3554871001651110e+00   35   35   13   13
 1.5336449231692442e+00   35   35   14   14
 1.6990218951286409e+00   35   35   15   15
 1.4044894459662232e+00   35   35   16   16
 1.2185655251825078e+00   35   35   17   17
 1.1955269631955143e+00   35   35   18   18
 1.3575275996112672e+00   35   35   19   19
 1.6449243000301406e+00   35   35   20   20
 1.3188886927165404e+00   35   35   21   21
 1.1752550641312871e+00   35   35   22   22
 1.1842644684675785e+00   35   35   23   23
 1.0393490761872646e+00   35   35   24   24
 9.2953071746280447e-01   35   35   25   25
 9.2821579094192019e-01   35   35   26   26
 1.0223132884079964e+00   35   35   27   27
 1.2168682689551720e+00   35   35   28   28
 1.0832886148883438e+00   35   35   29   29
 9.9527817248319295e-01   35   35   30   30
 9.9295061347992442e-01   35   35   31   31
 6.7860802155801347e-01   35   35   32   32
 1.0925716492218476e+00   35   35   33   33
 1.2231245613174857e+00   35   35   34   34
 8.4208384499999998e+00   35   35   35   35
 1.4863759963361756e+00   36   36    1    1
 1.3228524742781238e+00   36   36    2    2
 1.3882204839468069e+00   36   36    3    3
 1.6726790204481068e+00   36   36    4    4
 2.0655795863841075e+00   36   36    5    5
 1.8590901858930240e+00   36   36    6    6
 2.7818081581778920e+00   36   36    7    7
 2.4387865558155455e+00   36   36    8    8
 2.3310882620713840e+00   36   36    9    9
 1.8520824265314288e+00   36   36   10   10
 1.6032026173210652e+00   36   36   11   11
 9.0928889364264487e-01   36   36   12   12
 1.6405976406563652e+00   36   36   13   13
 1.9306083692562213e+00   36   36   14   14
 2.1030225411783361e+00   36   36   15   15
 1.6753063001544268e+00   36   36   16   16
 1.4052369649133962e+00   36   36   17   17
 1.3540042695413426e+00   36   36   18   18
 1.5427719314999360e+00   36   36   19   19
 1.9456150490220587e+00   36   36   20   20
 1.1212626475463849e+00   36   36   21   21
 1.0179787458498040e+00   36   36   22   22
 1.0296823239591713e+00   36   36   23   23
 9.2196876774790493e-01   36   36   24   24
 8.3313999015524320e-01   36   36   25   25
 8.2933730942134898e-01   36   36   26   26
 9.0171314665855606e-01   36   36   27   27
 1.0469731286580499e+00   36   36   28   28
 9.4597209757361633e-01   36   36   29   29
 8.8045724752847465e-01   36   36   30   30
 8.8254753780364026e-01   36   36   31   31
 7.3577925232851327e-01   36   36   32   32
 9.6275329857520875e-01   36   36   33   33
 1.0581856342434099e+00   36   36   34   34
 3.9400352165581762e+00   36   36   35   35
 8.4208384499999998e+00   36   36   36   36
 1.3236928660956804e+00   37   37    1    1
 1.2222039304595427e+00   37   37    2    2
 1.3193148694515870e+00   37   37    3    3
 1.5990761661651518e+00   37   37    4    4
 1.8598864131527699e+00   37   37    5    5
 1.6058841083062476e+00   37   37    6    6
 3.8896761448556174e+00   37   37    7    7
 2.7891479655409452e+00   37   37    8    8
 2.4444307219046197e+00   37   37    9    9
 1.8514339088805405e+00   37   37   10   10
 1.6103127353350351e+00   37   37   11   11
 1.0185136967379436e+00   37   37   12   12
 1.6950864289894376e+00   37   37   13   13
 2.0928039657482982e+00   37   37   14   14
 2.7964257675164239e+00   37   37   15   15
 2.1031235383610234e+00   37   37   16   16
 1.7021812022968059e+00   37   37   17   17
 1.6156373511242506e+00   37   37   18   18
 1.8529639060513650e+00   37   37   19   19
 2.4456772885487128e+00   37   37   20   20
 1.0458220743179538e+00   37   37   21   21
 9.6287041968008258e-01   37   37   22   22
 9.7550775866895900e-01   37   37   23   23
 8.8378806042193980e-01   37   37   24   24
 8.0402577214965432e-01   37   37   25   25
 7.9926653546659365e-01   37   37   26   26
 8.6236764718065384e-01   37   37   27   27
 9.7232907644244970e-01   37   37   28   28
 8.7695490341448068e-01   37   37   29   29
 8.1718789893053045e-01   37   37   30   30
 8.2177573238158774e-01   37   37   31   31
 7.3651906191074556e-01   37   37   32   32
 8.9852591381888991e-01   37   37   33   33
 9.8643168275889703e-01   37   37   34   34
 2.8105787768645847e+00   37   37   35   35
 3.9060005469889334e+00   37   37   36   36
 8.4208384499999998e+00   37   37   37   37
 1.3906976756125771e+00   38   38    1    1
 1.3212821927156135e+00   38   38    2    2
 1.4800757698195048e+00   38   38    3    3
 1.8500192534651059e+00   38   38    4    4
 2.0650863648133053e+00   38   38    5    5
 1.6775476672918286e+00   38   38    6    6
 2.7771487532995671e+00   38   38    7    7
 2.0984524661382227e+00   38   38    8    8
 1.9409837945403547e+00   38   38    9    9
 1.5397024478173997e+00   38   38   10   10
 1.3499773148074348e+00   38   38   11   11
 1.0197828462987246e+00   38   38   12   12
 1.4014735412102282e+00   38   38   13   13
 1.6706193365075135e+00   38   38   14   14
 2.4407309838573212e+00   38   38   15   15
 1.9441954534978387e+00   38   38   16   16
 1.6500907662984694e+00   38   38   17   17
 1.6061377980494695e+00   38   38   18   18
 1.8442028374121719e+00   38   38   19   19
 2.3167674619808007e+00   38   38   20   20
 1.1196843132801721e+00   38   38   21   21
 1.0351445464611717e+00   38   38   22   22
 1.0484601269198712e+00   38   38   23   23
 9.4834714031190048e-01   38   38   24   24
 8.6189347161542462e-01   38   38   25   25
 8.5732551243472066e-01   38   38   26   26
 9.2609186818913880e-01   38   38   27   27
 1.0256450987813710e+00   38   38   28   28
 9.1314324337271791e-01   38   38   29   29
 8.4359024253527026e-01   38   38   30   30
 8.4799450793270603e-01   38   38   31   31
 6.7623975338956699e-01   38   38   32   32
 9.3554245668605507e-01   38   38   33   33
 1.0402948765472042e+00   38   38   34   34
 2.5881895253048119e+00   38   38   35   35
 2.8415442995419222e+00   38   38   36   36
 3.9033299151114447e+00   38   38   37   37
 8.4208384499999998e+00   38   38   38   38
 1.6759758620367868e+00   39   39    1    1
 1.6019929553126007e+00   39   39    2    2
 1.8503051479386110e+00   39   39    3    3
 2.4664142023105629e+00   39   39    4    4
 2.7849638516574511e+00   39   39    5    5
 2.0723823372372867e+00   39   39    6    6
 2.0679016380687232e+00   39   39    7    7
 1.6990013375194606e+00   39   39    8    8
 1.6510755678885807e+00   39   39    9    9
 1.3621515796417698e+00   39   39   10   10
 1.1956628436607539e+00   39   39   11   11
 9.1487618376940150e-01   39   39   12   12
 1.2163146722703500e+00   39   39   13   13
 1.4004322680542882e+00   39   39   14   14
 1.8464642368960607e+00   39   39   15   15
 1.5406712860233172e+00   39   39   16   16
 1.3594719736545937e+00   39   39   17   17
 1.3505561778745918e+00   39   39   18   18
 1.5395254087340118e+00   39   39   19   19
 1.8359439922685465e+00   39   39   20   20
 1.3164873535760651e+00   39   39   21   21
 1.2025642418378220e+00   39   39   22   22
 1.2143082158389211e+00   39   39   23   23
 1.0785729389514298e+00   39   39   24   24
 9.7049969952609705e-01   39   39   25   25
 9.6824172208476056e-01   39   39   26   26
 1.0585355984320635e+00   39   39   27   27
 1.1833574086886698e+00   39   39   28   28
 1.0347168204032628e+00   39   39   29   29
 9.4286918896534022e-01   39   39   30   30
 9.4418983638096232e-01   39   39   31   31
 6.3179628920568620e-01   39   39   32   32
 1.0525633745662457e+00   39   39   33   33
 1.1948564861755828e+00   39   39   34   34
 2.8753061888656908e+00   39   39   35   35
 2.5870000822813171e+00   39   39   36   36
 2.8080059030246236e+00   39   39   37   37
 3.9370836786446644e+00   39   39   38   38
 8.4208384499999998e+00   39   39   39   39
 2.0674960390506385e+00   40   40    1    1
 1.8610226223966453e+00   40   40    2    2
 2.0629403439382994e+00   40   40    3    3
 2.7804468635448076e+00   40   40    4    4
 3.8948132438318717e+00   40   40    5    5
 2.7897396080862475e+00   40   40    6    6
 1.8587185962672881e+00   40   40    7    7
 1.6115927678407838e+00   40   40    8    8
 1.6114402953974949e+00   40   40    9    9
 1.3584496146832259e+00   40   40   10   10
 1.1896768150533306e+00   40   40   11   11
 8.3233099002878042e-01   40   40   12   12
 1.1928853000825168e+00   40   40   13   13
 1.3466389625218995e+00   40   40   14   14
 1.6079281487412547e+00   40   40   15   15
 1.3508909454904936e+00   40   40   16   16
 1.1943891542385439e+00   40   40   17   17
 1.1855647523663628e+00   40   40   18   18
 1.3452069323927560e+00   40   40   19   19
 1.5945609458107988e+00   40   40   20   20
 1.4806951387432845e+00   40   40   21   21
 1.3160755436035985e+00   40   40   22   22
 1.3227644359767663e+00   40   40   23   23
 1.1484840327581600e+00   40   40   24   24
 1.0219269603623586e+00   40   40   25   25
 1.0228174127392675e+00   40   40   26   26
 1.1342845403589508e+00   40   40   27   27
 1.3289419640369025e+00   40   40   28   28
 1.1550248247584098e+00   40   40   29   29
 1.0451182337789693e+00   40   40   30   30
 1.0413996871057605e+00   40   40   31   31
 6.3079266055516825e-01   40   40   32   32
 1.1628104820389424e+00   40   40   33   33
 1.3332568957314508e+00   40   40   34   34
 3.9259158221054653e+00   40   40   35   35
 2.7970388079290252e+00   40   40   36   36
 2.5018874640428157e+00   40   40   37   37
 2.7973316644275656e+00   40   40   38   38
 3.9269769512570472e+00   40   40   39   39
 8.4208384499999998e+00   40   40   40   40
 1.0644171780500717e+00   41   41    1    1
 1.2132283094606338e+00   41   41    2    2
 1.2412545100971755e+00   41   41    3    3
 1.1056845360708658e+00   41   41    4    4
 9.9027952936112729e-01   41   41    5    5
 9.8052644912632381e-01   41   41    6    6
 6.7259784535251244e-01   41   41    7    7
 6.2560825981834323e-01   41   41    8    8
 6.1771099717908518e-01   41   41    9    9
 5.7628057194682958e-01   41   41   10   10
 5.4500047093157955e-01   41   41   11   11
 5.3876602091093151e-01   41   41   12   12
 5.5047268739993827e-01   41   41   13   13
 5.8609411914564624e-01   41   41   14   14
 6.6201169111599334e-01   41   41   15   15
 6.1632584839139870e-01   41   41   16   16
 6.0248332419240858e-01   41   41   17   17
 6.2668265632205777e-01   41   41   18   18
 6.7465824470022751e-01   41   41   19   19
 6.9594881978537382e-01   41   41   20   20
 1.3159387987818156e+00   41   41   21   21
 1.6028578932165127e+00   41   41   22   22
 1.8368796885958849e+00   41   41   23   23
 2.4287281104330534e+00   41   41   24   24
 2.7825476378775762e+00   41   41   25   25
 2.1004925659185090e+00   41   41   26   26
 1.6904762920610443e+00   41   41   27   27
 1.1711692626129202e+00   41   41   28   28
 1.1597904921302451e+00   41   41   29   29
 1.0233504090269672e+00   41   41   30   30
 9.2974173605887334e-01   41   41   31   31
 3.8927857785615033e-01   41   41   32   32
 9.3843645457189373e-01   41   41   33   33
 1.0341217200954482e+00   41   41   34   34
 8.2058239680732625e-01   41   41   35   35
 7.5082619635113668e-01   41   41   36   36
 7.3489311577709526e-01   41   41   37   37
 7.8704785518778586e-01   41   41   38   38
 8.6892776108632341e-01   41   41   39   39
 8.9408136933264126e-01   41   41   40   40
 8.4208384499999998e+00   41   41   41   41
 1.1412287075674519e+00   42   42    1    1
 1.3149845498719490e+00   42   42    2    2
 1.3094233297545455e+00   42   42    3    3
 1.1393759087680098e+00   42   42    4    4
 1.0216729407820462e+00   42   42    5    5
 1.0287430076094632e+00   42   42    6    6
 6.7201935122192014e-01   42   42    7    7
 6.2819001500124594e-01   42   42    8    8
 6.2496931299925063e-01   42   42    9    9
 5.8450050810899279e-01   42   42   10   10
 5.5083643912763525e-01   42   42   11   11
 5.2279592713426226e-01   42   42   12   12
 5.5316142747849983e-01   42   42   13   13
 5.8685081418872764e-01   42   42   14   14
 6.5582481572420814e-01   42   42   15   15
 6.1010250926094223e-01   42   42   16   16
 5.9263182712531792e-01   42   42   17   17
 6.1213205461095821e-01   42   42   18   18
 6.5809492868425890e-01   42   42   19   19
 6.8382543722367761e-01   42   42   20   20
 1.4816263668176535e+00   42   42   21   21
 1.8632875241063904e+00   42   42   22   22
 2.0674430927057732e+00   42   42   23   23
 2.7887665691320196e+00   42   42   24   24
 3.8991022417124417e+00   42   42   25   25
 2.7969243013719765e+00   42   42   26   26
 2.0716053641812420e+00   42   42   27   27
 1.3302337572763434e+00   42   42   28   28
 1.3382364044482316e+00   42   42   29   29
 1.1697152600339356e+00   42   42   30   30
 1.0473614387991053e+00   42   42   31   31
 3.9224756583616194e-01   42   42   32   32
 1.0477458741211569e+00   42   42   33   33
 1.1547049205835289e+00   42   42   34   34
 8.3557643217795297e-01   42   42   35   35
 7.5877525814939406e-01   42   42   36   36
 7.3708594841634378e-01   42   42   37   37
 7.8726963916789883e-01   42   42   38   38
 8.7445991780440691e-01   42   42   39   39
 9.1020454220499381e-01   42   42   40   40
 3.8931108309274967e+00   42   42   41   41
 8.4208384499999998e+00   42   42   42   42
 1.0301551774903139e+00   43   43    1    1
 1.1658455321635437e+00   43   43    2    2
 1.1424584209581987e+00   43   43    3    3
 1.0039603380867868e+00   43   43    4    4
 9.1396457089641281e-01   43   43    5    5
 9.2885518549312951e-01   43   43    6    6
 6.1903050208843691e-01   43   43    7    7
 5.8283787276039645e-01   43   43    8    8
 5.8196093598525367e-01   43   43    9    9
 5.4773469590635837e-01   43   43   10   10
 5.1751989255143882e-01   43   43   11   11
 4.8765619407326072e-01   43   43   12   12
 5.1824122436930731e-01   43   43   13   13
 5.4672980795101600e-01   43   43   14   14
 6.0370182511598303e-01   43   43   15   15
 5.6463102093068618e-01   43   43   16   16
 5.4886239872826836e-01   43   43   17   17
 5.6489234911897745e-01   43   43   18   18
 6.0377207943223543e-01   43   43   19   19
 6.2620591308022289e-01   43   43   20   20
 1.3234609517162674e+00   43   43   21   21
 1.6097656703926657e+00   43   43   22   22
 1.6922929108119993e+00   43   43   23   23
 2.0979133904984200e+00   43   43   24   24
 2.7842846212721675e+00   43   43   25   25
 2.4407730390314448e+00   43   43   26   26
 1.8477732590807903e+00   43   43   27   27
 1.2355833127256497e+00   43   43   28   28
 1.2777252519995956e+00   43   43   29   29
 1.1458900596103345e+00   43   43   30   30
 1.0252942092974218e+00   43   43   31   31
 3.7539798454600726e-01   43   43   32   32
 1.0076435875301464e+00   43   43   33   33
 1.0853482589714656e+00   43   43   34   34
 7.6075233568932543e-01   43   43   35   35
 6.9497856139548153e-01   43   43   36   36
 6.7457642592747613e-01   43   43   37   37
 7.1554198744162933e-01   43   43   38   38
 7.8819345205415803e-01   43   43   39   39
 8.2052590904209932e-01   43   43   40   40
 2.8184368140979381e+00   43   43   41   41
 3.8911043823366160e+00   43   43   42   42
 8.4208384499999998e+00   43   43   43   43
 6.2242424089189341e-01   44   44    1    1
 5.7885488519345885e-01   44   44    2    2
 5.7186705074966404e-01   44   44    3    3
 6.0344900617370567e-01   44   44    4    4
 6.5233129363198539e-01   44   44    5    5
 6.6211575840772596e-01   44   44    6    6
 8.0508769384080814e-01   44   44    7    7
 9.0451543261616996e-01   44   44    8    8
 9.7967142001261476e-01   44   44    9    9
 1.1284333271603770e+00   44   44   10   10
 1.2042652924241111e+00   44   44   11   11
 5.6197809244243802e-01   44   44   12   12
 1.0721346752259646e+00   44   44   13   13
 9.4222886880013057e-01   44   44   14   14
 7.4939138864737509e-01   44   44   15   15
 7.5359756072737094e-01   44   44   16   16
 6.9715265993950226e-01   44   44   17   17
 6.4704139410210271e-01   44   44   18   18
 6.4532823263707351e-01   44   44   19   19
 6.8804308671666781e-01   44   44   20   20
 5.4604443051331930e-01   44   44   21   21
 5.0988374763747657e-01   44   44   22   22
 5.0060422574235730e-01   44   44   23   23
 4.6965783344180839e-01   44   44   24   24
 4.4871671898344190e-01   44   44   25   25
 4.5564860758085235e-01   44   44   26   26
 4.8328026622891235e-01   44   44   27   27
 5.5164495867118890e-01   44   44   28   28
 5.3222419975980784e-01   44   44   29   29
 5.3308992778145670e-01   44   44   30   30
 5.5140126471277562e-01   44   44   31   31
 1.5241896933537000e+00   44   44   32   32
 5.7280933625100072e-01   44   44   33   33
 5.7411209734354085e-01   44   44   34   34
 7.4691423359564957e-01   44   44   35   35
 7.9191596808465181e-01   44   44   36   36
 7.6984979326042202e-01   44   44   37   37
 7.0852568130675964e-01   44   44   38   38
 6.7660474040278940e-01   44   44   39   39
 6.9095721372751950e-01   44   44   40   40
 4.1498104212796627e-01   44   44   41   41
 4.2347078518516335e-01   44   44   42   42
 4.0682394033330199e-01   44   44   43   43
 8.4208384499999998e+00   44   44   44   44
 9.0892158087320307e-01   45   45    1    1
 1.0131191159958954e+00   45   45    2    2
 1.0025159440524614e+00   45   45    3    3
 8.9779841406485417e-01   45   45    4    4
 8.2330974351644559e-01   45   45    5    5
 8.3168671507139924e-01   45   45    6    6
 5.8005256122834703e-01   45   45    7    7
 5.4691477678890921e-01   45   45    8    8
 5.4444074837792777e-01   45   45    9    9
 5.1370397422146441e-01   45   45   10   10
 4.8753836812079282e-01   45   45   11   11
 4.7090098622370885e-01   45   45   12   12
 4.8937184847896070e-01   45   45   13   13
 5.1558098166001431e-01   45   45   14   14
 5.6879540221059754e-01   45   45   15   15
 5.3429592080213639e-01   45   45   16   16
 5.2199017360437983e-01   45   45   17   17
 5.3845241041826342e-01   45   45   18   18
 5.7357289402669520e-01   45   45   19   19
 5.9114925301120969e-01   45   45   20   20
 1.1249780164704599e+00   45   45   21   21
 1.3275176949244736e+00   45   45   22   22
 1.4026090814518419e+00   45   45   23   23
 1.6961579154078230e+00   45   45   24   24
 2.0735908805966465e+00   45   45   25   25
 1.8455452929098231e+00   45   45   26   26
 1.4816697142341937e+00   45   45   27   27
 1.0586063448806748e+00   45   45   28   28
 1.0923770398551573e+00   45   45   29   29
 9.9805949885070178e-01   45   45   30   30
 9.0451880178230093e-01   45   45   31   31
 3.5935021058638128e-01   45   45   32   32
 8.8833336997820489e-01   45   45   33   33
 9.4677187628250359e-01   45   45   34   34
 6.9831596034145782e-01   45   45   35   35
 6.4366440244975631e-01   45   45   36   36
 6.2767602934036615e-01   45   45   37   37
 6.6397274638768722e-01   45   45   38   38
 7.2463751000503662e-01   45   45   39   39
 7.4880679282326312e-01   45   45   40   40
 2.5750732954649727e+00   45   45   41   41
 2.8106591290362015e+00   45   45   42   42
 3.9358350137684961e+00   45   45   43   43
 3.8652288120001371e-01   45   45   44   44
 8.4208384499999998e+00   45   45   45   45
 8.7064675504724631e-01   46   46    1    1
 9.6697402137338251e-01   46   46    2    2
 9.7263847756313060e-01   46   46    3    3
 8.8187264191426151e-01   46   46    4    4
 8.0744319031167044e-01   46   46    5    5
 8.0684928895127428e-01   46   46    6    6
 5.8049365864317515e-01   46   46    7    7
 5.4536064718475152e-01   46   46    8    8
 5.3988731499167830e-01   46   46    9    9
 5.0838416099387185e-01   46   46   10   10
 4.8370731735614075e-01   46   46   11   11
 4.8211536700036034e-01   46   46   12   12
 4.8766155741969369e-01   46   46   13   13
 5.1517572852009841e-01   46   46   14   14
 5.7274008040838265e-01   46   46   15   15
 5.3838151050823002e-01   46   46   16   16
 5.2850683988365132e-01   46   46   17   17
 5.4796947107537219e-01   46   46   18   18
 5.8407678418472331e-01   46   46   19   19
 5.9868968909053688e-01   46   46   20   20
 1.0514526359907665e+00   46   46   21   21
 1.2302207115008033e+00   46   46   22   22
 1.3302738089028912e+00   46   46   23   23
 1.6152990815470765e+00   46   46   24   24
 1.8773183267426989e+00   46   46   25   25
 1.6186703780427441e+00   46   46   26   26
 1.3326310637498096e+00   46   46   27   27
 9.7704273917586615e-01   46   46   28   28
 9.9313213127581745e-01   46   46   29   29
 9.0594920361967590e-01   46   46   30   30
 8.2827883228290045e-01   46   46   31   31
 3.5720186591963554e-01   46   46   32   32
 8.2137693591685301e-01   46   46   33   33
 8.7980227546045819e-01   46   46   34   34
 6.8994448772476458e-01   46   46   35   35
 6.3907375793455767e-01   46   46   36   36
 6.2645374472368831e-01   46   46   37   37
 6.6390453011525252e-01   46   46   38   38
 7.2166039508551827e-01   46   46   39   39
 7.4021132549659385e-01   46   46   40   40
 2.8184460096894459e+00   46   46   41   41
 2.5319017639655605e+00   46   46   42   42
 2.8194163697987640e+00   46   46   43   43
 3.8030643449201440e-01   46   46   44   44
 3.9537595409907986e+00   46   46   45   45
 8.4208384499999998e+00   46   46   46   46
 9.3099018285089685e-01   47   47    1    1
 1.0421868015458178e+00   47   47    2    2
 1.0641541134964976e+00   47   47    3    3
 9.6517744827836083e-01   47   47    4    4
 8.7542296067547409e-01   47   47    5    5
 8.6649546026211022e-01   47   47    6    6
 6.2190793443587167e-01   47   47    7    7
 5.8059186830963871e-01   47   47    8    8
 5.7239975008313870e-01   47   47    9    9
 5.3625279301655737e-01   47   47   10   10
 5.0954523008513841e-01   47   47   11   11
 5.1501737852498719e-01   47   47   12   12
 5.1532901459196478e-01   47   47   13   13
 5.4708322751297800e-01   47   47   14   14
 6.1511613313759539e-01   47   47   15   15
 5.7605160361565755e-01   47   47   16   16
 5.6599592090898232e-01   47   47   17   17
 5.8941298961207800e-01   47   47   18   18
 6.3122146748945018e-01   47   47   19   19
 6.4670178641617670e-01   47   47   20   20
 1.1205056730192546e+00   47   47   21   21
 1.3237984009567338e+00   47   47   22   22
 1.4750849456604129e+00   47   47   23   23
 1.8385937015900213e+00   47   47   24   24
 2.0729109345297374e+00   47   47   25   25
 1.6990676898721362e+00   47   47   26   26
 1.4026644844366514e+00   47   47   27   27
 1.0190115421140107e+00   47   47   28   28
 1.0188724443775408e+00   47   47   29   29
 9.1683800246798208e-01   47   47   30   30
 8.3917250308744196e-01   47   47   31   31
 3.7107680516595504e-01   47   47   32   32
 8.4162583242954137e-01   47   47   33   33
 9.1364131081800748e-01   47   47   34   34
 7.4190539916110654e-01   47   47   35   35
 6.8560527126505966e-01   47   47   36   36
 6.7365197713409841e-01   47   47   37   37
 7.1787643132357748e-01   47   47   38   38
 7.8353428850803908e-01   47   47   39   39
 8.0124126116659455e-01   47   47   40   40
 3.9347233606026797e+00   47   47   41   41
 2.8114099641022152e+00   47   47   42   42
 2.5757845278430445e+00   47   47   43   43
 3.9325409740067813e-01   47   47   44   44
 2.8661434053097192e+00   47   47   45   45
 3.9529737794061570e+00   47   47   46   46
 8.4208384499999998e+00   47   47   47   47
 6.2991778050105451e-01   48   48    1    1
 5.8492059292527521e-01   48   48    2    2
 5.7924907708619366e-01   48   48    3    3
 6.1374969377707778e-01   48   48    4    4
 6.6548207417567773e-01   48   48    5    5
 6.7348999249540931e-01   48   48    6    6
 8.4696103481693763e-01   48   48    7    7
 9.5874158734898551e-01   48   48    8    8
 1.0275622717325248e+00   48   48    9    9
 1.1916183546050667e+00   48   48   10   10
 1.3085814498803858e+00   48   48   11   11
 5.9015998581992335e-01   48   48   12   12
 1.1738818107915086e+00   48   48   13   13
 1.0163728565533294e+00   48   48   14   14
 7.8946532190230456e-01   48   48   15   15
 7.9379774007233761e-01   48   48   16   16
 7.3383072433209406e-01   48   48   17   17
 6.8071576143753032e-01   48   48   18   18
 6.7903519944802559e-01   48   48   19   19
 7.2440659619307202e-01   48   48   20   20
 5.4987916987212426e-01   48   48   21   21
 5.1426547161481373e-01   48   48   22   22
 5.0730505750049504e-01   48   48   23   23
 4.7609818011373745e-01   48   48   24   24
 4.5340567644813395e-01   48   48   25   25
 4.5869032348322641e-01   48   48   26   26
 4.8585042281135549e-01   48   48   27   27
 5.5268226986171598e-01   48   48   28   28
 5.3282861132198167e-01   48   48   29   29
 5.3114507338429573e-01   48   48   30   30
 5.4661719292842115e-01   48   48   31   31
 1.7959592102070543e+00   48   48   32   32
 5.6786962521988438e-01   48   48   33   33
 5.7229787291097334e-01   48   48   34   34
 7.7194712491197426e-01   48   48   35   35
 8.2593939709364128e-01   48   48   36   36
 8.0275196750049005e-01   48   48   37   37
 7.3249364167448916e-01   48   48   38   38
 6.9512168780243944e-01   48   48   39   39
 7.0927209668979041e-01   48   48   40   40
 4.2058626555590706e-01   48   48   41   41
 4.2809932393525574e-01   48   48   42   42
 4.1038818116969145e-01   48   48   43   43
 3.9331293672536800e+00   48   48   44   44
 3.9011137341332963e-01   48   48   45   45
 3.8465213432330719e-01   48   48   46   46
 3.9853409626614628e-01   48   48   47   47
 8.4208384499999998e+00   48   48   48   48
 6.1740276283030338e-01   49   49    1    1
 5.7265089951550052e-01   49   49    2    2
 5.6519959719361723e-01   49   49    3    3
 5.9710103917089974e-01   49   49    4    4
 6.4755384899782908e-01   49   49    5    5
 6.5825085134021311e-01   49   49    6    6
 8.1024729155735742e-01   49   49    7    7
 9.1011685328118752e-01   49   49    8    8
 9.6362918491676630e-01   49   49    9    9
 1.1018460038424580e+00   49   49   10   10
 1.2102708034667731e+00   49   49   11   11
 5.7189474773409854e-01   49   49   12   12
 1.1081805746443514e+00   49   49   13   13
 9.6843982036721743e-01   49   49   14   14
 7.5708138267608949e-01   49   49   15   15
 7.5574593927276690e-01   49   49   16   16
 7.0170719135119308e-01   49   49   17   17
 6.5643232548859676e-01   49   49   18   18
 6.5816576916086589e-01   49   49   19   19
 7.0119992208893944e-01   49   49   20   20
 5.3964968245838896e-01   49   49   21   21
 5.0579162063460037e-01   49   49   22   22
 5.0035648799491672e-01   49   49   23   23
 4.7029217060806389e-01   49   49   24   24
 4.4752996820842511e-01   49   49   25   25
 4.5173243921356954e-01   49   49   26   26
 4.7759714997136266e-01   49   49   27   27
 5.4241385772798634e-01   49   49   28   28
 5.2537050204121327e-01   49   49   29   29
 5.2383215412988116e-01   49   49   30   30
 5.3682134407499715e-01   49   49   31   31
 1.7287938989597087e+00   49   49   32   32
 5.5482214205688218e-01   49   49   33   33
 5.5888575067714752e-01   49   49   34   34
 7.5023551196477400e-01   49   49   35   35
 7.9953776975239410e-01   49   49   36   36
 7.7152399092053503e-01   49   49   37   37
 7.0355142910448820e-01   49   49   38   38
 6.7043506342652692e-01   49   49   39   39
 6.8766270184845224e-01   49   49   40   40
 4.1583370780641415e-01   49   49   41   41
 4.2314285236880661e-01   49   49   42   42
 4.0606213302941624e-01   49   49   43   43
 2.8444481730939017e+00   49   49   44   44
 3.8639510983146808e-01   49   49   45   45
 3.8105248861706070e-01   49   49   46   46
 3.9447619316953308e-01   49   49   47   47
 3.9303760791100619e+00   49   49   48   48
 8.4208384499999998e+00   49   49   49   49
 6.0388335644323399e-01   50   50    1    1
 5.6178141015356087e-01   50   50    2    2
 5.5215621523360836e-01   50   50    3    3
 5.7910500964369682e-01   50   50    4    4
 6.2456897210488604e-01   50   50    5    5
 6.3799109566190881e-01   50   50    6    6
 7.4276415811624275e-01   50   50    7    7
 8.2531519924118157e-01   50   50    8    8
 8.9090629566733881e-01   50   50    9    9
 1.0104345881559647e+00   50   50   10   10
 1.0622865765318201e+00   50   50   11   11
 5.2459252237712117e-01   50   50   12   12
 9.5594709562233182e-01   50   50   13   13
 8.5299556283050904e-01   50   50   14   14
 6.9210643721093035e-01   50   50   15   15
 6.9200361700108914e-01   50   50   16   16
 6.4273381867223822e-01   50   50   17   17
 6.0083816553758729e-01   50   50   18   18
 6.0164357625221820e-01   50   50   19   19
 6.4050013214136792e-01   50   50   20   20
 5.3273431226303913e-01   50   50   21   21
 4.9780290961609897e-01   50   50   22   22
 4.8800347280803685e-01   50   50   23   23
 4.5835816751805636e-01   50   50   24   24
 4.3885762878022838e-01   50   50   25   25
 4.4617741172166575e-01   50   50   26   26
 4.7296374988817363e-01   50   50   27   27
 5.4064929107636017e-01   50   50   28   28
 5.2432579964279935e-01   50   50   29   29
 5.2762341141117353e-01   50   50   30   30
 5.4602284053355099e-01   50   50   31   31
 1.3268939716397963e+00   50   50   32   32
 5.6424962958650016e-01   50   50   33   33
 5.6247256871364593e-01   50   50   34   34
 7.0709253530144534e-01   50   50   35   35
 7.4215590754844984e-01   50   50   36   36
 7.1729790272852390e-01   50   50   37   37
 6.6387110613151779e-01   50   50   38   38
 6.3921414474545923e-01   50   50   39   39
 6.5618717509590807e-01   50   50   40   40
 4.0542071495050302e-01   50   50   41   41
 4.1453777174234219e-01   50   50   42   42
 3.9940242779622459e-01   50   50   43   43
 3.9392955030362433e+00   50   50   44   44
 3.7966366832832638e-01   50   50   45   45
 3.7290658029598772e-01   50   50   46   46
 3.8462617476445909e-01   50   50   47   47
 2.8235317019851442e+00   50   50   48   48
 2.5772819475311475e+00   50   50   49   49
 8.4208384499999998e+00   50   50   50   50
 5.9918499156681448e-01   51   51    1    1
 5.5601240069696578e-01   51   51    2    2
 5.4606578868306077e-01   51   51    3    3
 5.7340519704535486e-01   51   51    4    4
 6.2027353196086632e-01   51   51    5    5
 6.3441629904328400e-01   51   51    6    6
 7.4669044589474365e-01   51   51    7    7
 8.2941424441330036e-01   51   51    8    8
 8.7875842566185847e-01   51   51    9    9
 9.9128150796749748e-01   51   51   10   10
 1.0661595284678729e+00   51   51   11   11
 5.3259924276366777e-01   51   51   12   12
 9.8074032433244629e-01   51   51   13   13
 8.7199021208912331e-01   51   51   14   14
 6.9804804434982526e-01   51   51   15   15
 6.9360333640078375e-01   51   51   16   16
 6.4624300046503391e-01   51   51   17   17
 6.0826960435032373e-01   51   51   18   18
 6.1192089031331931e-01   51   51   19   19
 6.5096576647311288e-01   51   51   20   20
 5.2670203113021441e-01   51   51   21   21
 4.9391542100390656e-01   51   51   22   22
 4.8770243967856675e-01   51   51   23   23
 4.5888549683830943e-01   51   51   24   24
 4.3768840143696414e-01   51   51   25   25
 4.4243483008232765e-01   51   51   26   26
 4.6756073419488903e-01   51   51   27   27
 5.3185290211440195e-01   51   51   28   28
 5.1767195570096702e-01   51   51   29   29
 5.1853767504274395e-01   51   51   30   30
 5.3173795438437244e-01   51   51   31   31
 1.4511891452787695e+00   51   51   32   32
 5.4691639723124397e-01   51   51   33   33
 5.4802498146915157e-01   51   51   34   34
 7.0977097123309019e-01   51   51   35   35
 7.4826040128470950e-01   51   51   36   36
 7.1854096628723785e-01   51   51   37   37
 6.5970037041482643e-01   51   51   38   38
 6.3392644105739959e-01   51   51   39   39
 6.5326225639844016e-01   51   51   40   40
 4.0616887173213095e-01   51   51   41   41
 4.1417842862795939e-01   51   51   42   42
 3.9863166801597988e-01   51   51   43   43
 2.5756803380192075e+00   51   51   44   44
 3.7949840153402520e-01   51   51   45   45
 3.7356941206812855e-01   51   51   46   46
 3.8572785522490083e-01   51   51   47   47
 2.8220078308522480e+00   51   51   48   48
 3.9406061387802329e+00   51   51   49   49
 2.8402305895548263e+00   51   51   50   50
 8.4208384499999998e+00   51   51   51   51
 5.9289822754816723e-01   52   52    1    1
 5.5096158088263469e-01   52   52    2    2
 5.4007303494727910e-01   52   52    3    3
 5.6523927760742165e-01   52   52    4    4
 6.0988018859469006e-01   52   52    5    5
 6.2512226484016575e-01   52   52    6    6
 7.1836012974531238e-01   52   52    7    7
 7.9467850804267837e-01   52   52    8    8
 8.4941115078938767e-01   52   52    9    9
 9.5565058888687482e-01   52   52   10   10
 1.0099026927104768e+00   52   52   11   11
 5.1209431529948668e-01   52   52   12   12
 9.2111680901350090e-01   52   52   13   13
 8.2522716869622559e-01   52   52   14   14
 6.7065611698400451e-01   52   52   15   15
 6.6712797781121513e-01   52   52   16   16
 6.2149393231019479e-01   52   52   17   17
 5.8449400676912289e-01   52   52   18   18
 5.8748552445847968e-01   52   52   19   19
 6.2482957680152884e-01   52   52   20   20
 5.2345466638275673e-01   52   52   21   21
 4.9014865492957016e-01   52   52   22   22
 4.8186804262312882e-01   52   52   23   23
 4.5322748489566228e-01   52   52   24   24
 4.3356802267229161e-01   52   52   25   25
 4.3979948233027027e-01   52   52   26   26
 4.6537039533420299e-01   52   52   27   27
 5.3102086633369272e-01   52   52   28   28
 5.1717520866836308e-01   52   52   29   29
 5.2037323704805127e-01   52   52   30   30
 5.3615935665035486e-01   52   52   31   31
 1.3021241669186210e+00   52   52   32   32
 5.5137723954390661e-01   52   52   33   33
 5.4970904387856512e-01   52   52   34   34
 6.9062911013814665e-01   52   52   35   35
 7.2330599538632623e-01   52   52   36   36
 6.9532175754118763e-01   52   52   37   37
 6.4256501166825308e-01   52   52   38   38
 6.2021786623247832e-01   52   52   39   39
 6.3925977814591728e-01   52   52   40   40
 4.0121701438827179e-01   52   52   41   41
 4.1007650641350668e-01   52   52   42   42
 3.9543943510507629e-01   52   52   43   43
 2.8356022992219976e+00   52   52   44   44
 3.7626447374033162e-01   52   52   45   45
 3.6966432577529756e-01   52   52   46   46
 3.8102850936838067e-01   52   52   47   47
 2.5573045789267663e+00   52   52   48   48
 2.8373462214417544e+00   52   52   49   49
 3.9422108066425197e+00   52   52   50   50
 3.9429896325858249e+00   52   52   51   51
 8.4208384499999998e+00   52   52   52   52
 7.0877234255996135e-01   53   53    1    1
 6.8689503206784441e-01   53   53    2    2
 6.3240701007566114e-01   53   53    3    3
 6.0500398294663127e-01   53   53    4    4
 6.1818385604949577e-01   53   53    5    5
 6.6853683659933338e-01   53   53    6    6
 4.9703445299675003e-01   53   53    7    7
 5.0157641492577443e-01   53   53    8    8
 5.2851301924346250e-01   53   53    9    9
 5.2964474179918197e-01   53   53   10   10
 5.0389718613171930e-01   53   53   11   11
 3.6119902338348114e-01   53   53   12   12
 4.8062436652721274e-01   53   53   13   13
 4.7944176407095429e-01   53   53   14   14
 4.6698977322183227e-01   53   53   15   15
 4.4703656882560544e-01   53   53   16   16
 4.2323265146673988e-01   53   53   17   17
 4.1564782525963601e-01   53   53   18   18
 4.3152072008808945e-01   53   53   19   19
 4.5696943172154197e-01   53   53   20   20
 7.1917169803611514e-01   53   53   21   21
 6.8124859452244868e-01   53   53   22   22
 6.3546284853550661e-01   53   53   23   23
 6.0419266352830214e-01   53   53   24   24
 6.0764702077012234e-01   53   53   25   25
 6.4659507883168854e-01   53   53   26   26
 6.8646172652632020e-01   53   53   27   27
 7.9624911200992876e-01   53   53   28   28
 8.4923307748906363e-01   53   53   29   29
 9.5623363551893681e-01   53   53   30   30
 1.0128265224564943e+00   53   53   31   31
 4.0681323896506649e-01   53   53   32   32
 9.2538973318911877e-01   53   53   33   33
 8.2820340597964892e-01   53   53   34   34
 5.8731783880907051e-01   53   53   35   35
 5.5507135407740060e-01   53   53   36   36
 5.2415371254324028e-01   53   53   37   37
 5.2242197718162431e-01   53   53   38   38
 5.4926916446759300e-01   53   53   39   39
 5.8541006051986910e-01   53   53   40   40
 5.3364806346933169e-01   53   53   41   41
 5.7410178690798230e-01   53   53   42   42
 5.8167682933325660e-01   53   53   43   43
 5.0354165826016495e-01   53   53   44   44
 5.4720329183012661e-01   53   53   45   45
 5.1279817805206085e-01   53   53   46   46
 5.0762124300441369e-01   53   53   47   47
 4.8966548149727013e-01   53   53   48   48
 4.8730325901751381e-01   53   53   49   49
 5.1542886340624572e-01   53   53   50   50
 4.9790440317968138e-01   53   53   51   51
 5.1234706681927433e-01   53   53   52   52
 8.4208384499999998e+00   53   53   53   53
 7.5303909855245477e-01   54   54    1    1
 7.5034486121012756e-01   54   54    2    2
 8.1908960682735843e-01   54   54    3    3
 9.0769878807210713e-01   54   54    4    4
 9.1304540811173596e-01   54   54    5    5
 8.2106910793557497e-01   54   54    6    6
 1.3221296717733366e+00   54   54    7    7
 1.1686549118828391e+00   54   54    8    8
 1.0263216057316020e+00   54   54    9    9
 9.2659638295131352e-01   54   54   10   10
 9.1827838377101789e-01   54   54   11   11
 2.5752255413903686e+00   54   54   12   12
 1.0163471759293832e+00   54   54   13   13
 1.1562685165414615e+00   54   54   14   14
 1.6090160850281328e+00   54   54   15   15
 1.6934001691976035e+00   54   54   16   16
 2.1011589847918772e+00   54   54   17   17
 2.7850331515361533e+00   54   54   18   18
 2.4364520255673101e+00   54   54   19   19
 1.8441604658969799e+00   54   54   20   20
 6.8674849425479256e-01   54   54   21   21
 6.7509254691631726e-01   54   54   22   22
 7.0226103492529424e-01   54   54   23   23
 6.7805719478141802e-01   54   54   24   24
 6.3357231030888361e-01   54   54   25   25
 6.1505451311248860e-01   54   54   26   26
 6.3171065700216678e-01   54   54   27   27
 6.3795817323274229e-01   54   54   28   28
 5.9381571478692141e-01   54   54   29   29
 5.5734667587697273e-01   54   54   30   30
 5.5347502182697295e-01   54   54   31   31
 6.1349550236640393e-01   54   54   32   32
 5.8872413325759754e-01   54   54   33   33
 6.3382923789566936e-01   54   54   34   34
 9.9316492695664615e-01   54   54   35   35
 1.0755089912782629e+00   54   54   36   36
 1.2307598982373307e+00   54   54   37   37
 1.2762868487708636e+00   54   54   38   38
 1.1397773931733339e+00   54   54   39   39
 1.0111482412333277e+00   54   54   40   40
 6.3000297263346383e-01   54   54   41   41
 6.0792170160449066e-01   54   54   42   42
 5.6095275920160759e-01   54   54   43   43
 5.6052858683013840e-01   54   54   44   44
 5.3918725020363112e-01   54   54   45   45
 5.5388279706095356e-01   54   54   46   46
 5.9766993098373633e-01   54   54   47   47
 5.8607312186342153e-01   54   54   48   48
 5.6845078276874794e-01   54   54   49   49
 5.2527033422820280e-01   54   54   50   50
 5.3173175782545812e-01   54   54   51   51
 5.1288319739020238e-01   54   54   52   52
 3.8832102914869748e-01   54   54   53   53
 8.4208384499999998e+00   54   54   54   54
 6.3690536418284838e-01   55   55    1    1
 5.9488426849842946e-01   55   55    2    2
 5.9861789492749784e-01   55   55    3    3
 6.4304544650156237e-01   55   55    4    4
 6.9660036238166090e-01   55   55    5    5
 6.9010190269055582e-01   55   55    6    6
 1.0000965272051128e+00   55   55    7    7
 1.1549320407882100e+00   55   55    8    8
 1.1916634568207689e+00   55   55    9    9
 1.3877164318812436e+00   55   55   10   10
 1.6591478230654646e+00   55   55   11   11
 7.2070495075375318e-01   55   55   12   12
 1.5664815545867294e+00   55   55   13   13
 1.2966179595130507e+00   55   55   14   14
 9.5055461271344077e-01   55   55   15   15
 9.7969322600686881e-01   55   55   16   16
 9.0795924271242801e-01   55   55   17   17
 8.2884983794853295e-01   55   55   18   18
 8.1304118438594419e-01   55   55   19   19
 8.6120578283693938e-01   55   55   20   20
 5.5391396937908133e-01   55   55   21   21
 5.2099565407379200e-01   55   55   22   22
 5.1886861049901878e-01   55   55   23   23
 4.8816113518382337e-01   55   55   24   24
 4.6254787352681626e-01   55   55   25   25
 4.6453190092274826e-01   55   55   26   26
 4.9008514838310885e-01   55   55   27   27
 5.4830963758054485e-01   55   55   28   28
 5.2421388818630965e-01   55   55   29   29
 5.1576363378358026e-01   55   55   30   30
 5.2690706951423616e-01   55   55   31   31
 2.5848336762831425e+00   55   55   32   32
 5.5119230817704878e-01   55   55   33   33
 5.6382250287209978e-01   55   55   34   34
 8.2722053153367769e-01   55   55   35   35
 9.1221752018827551e-01   55   55   36   36
 9.1061649155042823e-01   55   55   37   37
 8.1992419872926525e-01   55   55   38   38
 7.5778576316312107e-01   55   55   39   39
 7.5781179008213284e-01   55   55   40   40
 4.3354005999165773e-01   55   55   41   41
 4.3759020873983734e-01   55   55   42   42
 4.1678046618356490e-01   55   55   43   43
 1.7362128901509637e+00   55   55   44   44
 3.9697101045022498e-01   55   55   45   45
 3.9411233712150290e-01   55   55   46   46
 4.1089969904678803e-01   55   55   47   47
 2.1449131172847395e+00   55   55   48   48
 1.9229318287774317e+00   55   55   49   49
 1.4329006022486099e+00   55   55   50   50
 1.5274214711775247e+00   55   55   51   51
 1.3682019399513283e+00   55   55   52   52
 4.4465906564848207e-01   55   55   53   53
 6.9734661267264009e-01   55   55   54   54
 8.4208384499999998e+00   55   55   55   55
 6.8789883321276846e-01   56   56    1    1
 6.8832967510396981e-01   56   56    2    2
 7.4761463766287428e-01   56   56    3    3
 8.1810613534708154e-01   56   56    4    4
 8.1791798806146843e-01   56   56    5    5
 7.4257168635970128e-01   56   56    6    6
 1.1243378073670027e+00   56   56    7    7
 1.0159170004889304e+00   56   56    8    8
 9.0631458943311760e-01   56   56    9    9
 8.3031990864487770e-01   56   56   10   10
 8.2780019916354486e-01   56   56   11   11
 2.8655236060416942e+00   56   56   12   12
 9.0933006955878826e-01   56   56   13   13
 1.0145474619605723e+00   56   56   14   14
 1.3273655321384852e+00   56   56   15   15
 1.4038057059105067e+00   56   56   16   16
 1.6987789263838151e+00   56   56   17   17
 2.0742159505503692e+00   56   56   18   18
 1.8434037548609694e+00   56   56   19   19
 1.4796211106621946e+00   56   56   20   20
 6.3571590898474206e-01   56   56   21   21
 6.2842644512481183e-01   56   56   22   22
 6.5369845373768554e-01   56   56   23   23
 6.3594374929874120e-01   56   56   24   24
 5.9781214138010863e-01   56   56   25   25
 5.7974899870523444e-01   56   56   26   26
 5.9206197063332433e-01   56   56   27   27
 5.9260099981632686e-01   56   56   28   28
 5.5442112356913986e-01   56   56   29   29
 5.2185602765424222e-01   56   56   30   30
 5.1791260509962822e-01   56   56   31   31
 5.8405804437266406e-01   56   56   32   32
 5.4866976294893388e-01   56   56   33   33
 5.8818271712602954e-01   56   56   34   34
 8.7657465771681953e-01   56   56   35   35
 9.3914620760410372e-01   56   56   36   36
 1.0550503594005984e+00   56   56   37   37
 1.0909590271556373e+00   56   56   38   38
 9.9288794825887272e-01   56   56   39   39
 8.9285416165879194e-01   56   56   40   40
 6.0035350948569843e-01   56   56   41   41
 5.7752233872545822e-01   56   56   42   42
 5.3510087456841793e-01   56   56   43   43
 5.2799736982168111e-01   56   56   44   44
 5.1712515032500783e-01   56   56   45   45
 5.3276392811581452e-01   56   56   46   46
 5.7345605908849462e-01   56   56   47   47
 5.5130206565369844e-01   56   56   48   48
 5.3569846380489261e-01   56   56   49   49
 4.9603055151561215e-01   56   56   50   50
 5.0236832572412360e-01   56   56   51   51
 4.8494916004606686e-01   56   56   52   52
 3.6938677192008285e-01   56   56   53   53
 3.9355708957658635e+00   56   56   54   54
 6.5386572684344113e-01   56   56   55   55
 8.4208384499999998e+00   56   56   56   56
 6.3984917335254521e-01   57   57    1    1
 6.3754865492118284e-01   57   57    2    2
 6.8690035255325821e-01   57   57    3    3
 7.4801437112129443e-01   57   57    4    4
 7.5225797488956825e-01   57   57    5    5
 6.8915010383196496e-01   57   57    6    6
 1.0522606971666792e+00   57   57    7    7
 9.7131227036715662e-01   57   57    8    8
 8.7001030135768742e-01   57   57    9    9
 8.0715379301983248e-01   57   57   10   10
 8.1368468001411498e-01   57   57   11   11
 3.9526534732200664e+00   57   57   12   12
 8.9556605565195080e-01   57   57   13   13
 9.8628721251135498e-01   57   57   14   14
 1.2312420486006905e+00   57   57   15   15
 1.3319963254247422e+00   57   57   16   16
 1.6178749601734350e+00   57   57   17   17
 1.8781460980956266e+00   57   57   18   18
 1.6180348824936224e+00   57   57   19   19
 1.3322528921728196e+00   57   57   20   20
 5.9113910581247020e-01   57   57   21   21
 5.8309174996583257e-01   57   57   22   22
 6.0400269511743854e-01   57   57   23   23
 5.8767134370440344e-01   57   57   24   24
 5.5452500247520264e-01   57   57   25   25
 5.3942489807764871e-01   57   57   26   26
 5.5106815071823911e-01   57   57   27   27
 5.5463651410005743e-01   57   57   28   28
 5.2084876767205135e-01   57   57   29   29
 4.9265363803483042e-01   57   57   30   30
 4.9002187685444321e-01   57   57   31   31
 5.9688403787347077e-01   57   57   32   32
 5.1786626509579248e-01   57   57   33   33
 5.5211457830543897e-01   57   57   34   34
 8.1257970870884477e-01   57   57   35   35
 8.7434142431668183e-01   57   57   36   36
 9.7520379052610429e-01   57   57   37   37
 9.9282157036617125e-01   57   57   38   38
 9.0263545111539012e-01   57   57   39   39
 8.1974023916736782e-01   57   57   40   40
 5.5583681499575588e-01   57   57   41   41
 5.3649340287206038e-01   57   57   42   42
 4.9965307193890429e-01   57   57   43   43
 5.2800522239135628e-01   57   57   44   44
 4.8372797015010144e-01   57   57   45   45
 4.9730616945043360e-01   57   57   46   46
 5.3260074631420928e-01   57   57   47   47
 5.5231499246116011e-01   57   57   48   48
 5.3648420417913256e-01   57   57   49   49
 4.9522760731407706e-01   57   57   50   50
 5.0217645278576317e-01   57   57   51   51
 4.8411219270879230e-01   57   57   52   52
 3.5689983763614691e-01   57   57   53   53
 2.8191104913795542e+00   57   57   54   54
 6.6214798496461891e-01   57   57   55   55
 3.9531768912677134e+00   57   57   56   56
 8.4208384499999998e+00   57   57   57   57
 5.6541682868199372e-01   58   58    1    1
 5.3079425771899635e-01   58   58    2    2
 5.3149044437272008e-01   58   58    3    3
 5.6484720261536392e-01   58   58    4    4
 6.0664221506320670e-01   58   58    5    5
 6.0506154169425530e-01   58   58    6    6
 8.1206901857025415e-01   58   58    7    7
 9.1228665520494234e-01   58   58    8    8
 9.4301065608477486e-01   58   58    9    9
 1.0688763733916191e+00   58   58   10   10
 1.2100940606894903e+00   58   58   11   11
 6.2672778953386310e-01   58   58   12   12
 1.1481312576091065e+00   58   58   13   13
 9.9560899889296539e-01   58   58   14   14
 7.7808035576321399e-01   58   58   15   15
 7.9950052286591922e-01   58   58   16   16
 7.5311647171557128e-01   58   58   17   17
 6.9722903957131210e-01   58   58   18   18
 6.8420008044463809e-01   58   58   19   19
 7.1706828250264976e-01   58   58   20   20
 4.9903440920869346e-01   58   58   21   21
 4.7119281174655614e-01   58   58   22   22
 4.6829183467755225e-01   58   58   23   23
 4.4264594071482627e-01   58   58   24   24
 4.2176384284653462e-01   58   58   25   25
 4.2423687552215422e-01   58   58   26   26
 4.4613285875038095e-01   58   58   27   27
 4.9688495405594829e-01   58   58   28   28
 4.7840658130232638e-01   58   58   29   29
 4.7365603090029434e-01   58   58   30   30
 4.8437437658344168e-01   58   58   31   31
 3.9348778666084399e+00   58   58   32   32
 5.0337388981612019e-01   58   58   33   33
 5.1096496587483342e-01   58   58   34   34
 7.0179651287806954e-01   58   58   35   35
 7.5880690978866594e-01   58   58   36   36
 7.5409952609111630e-01   58   58   37   37
 6.9099269627580717e-01   58   58   38   38
 6.4793083199991308e-01   58   58   39   39
 6.5035828682666086e-01   58   58   40   40
 3.9635269034900589e-01   58   58   41   41
 4.0056733679738238e-01   58   58   42   42
 3.8358161883706066e-01   58   58   43   43
 1.9196963551191577e+00   58   58   44   44
 3.6645766783885347e-01   58   58   45   45
 3.6339190709409513e-01   58   58   46   46
 3.7718139892481500e-01   58   58   47   47
 2.3519474104694980e+00   58   58   48   48
 2.1764312971983202e+00   58   58   49   49
 1.6146625605025438e+00   58   58   50   50
 1.7508003506462901e+00   58   58   51   51
 1.5613840454897607e+00   58   58   52   52
 4.2771754495097603e-01   58   58   53   53
 6.0302691217969928e-01   58   58   54   54
 2.8384950012985537e+00   58   58   55   55
 5.7180599935580145e-01   58   58   56   56
 5.8076448914801793e-01   58   58   57   57
 8.4208384499999998e+00   58   58   58   58
 6.9350119420328649e-01   59   59    1    1
 6.8194205667579744e-01   59   59    2    2
 7.3268419399880658e-01   59   59    3    3
 8.0876927254336328e-01   59   59    4    4
 8.2882686913049874e-01   59   59    5    5
 7.5747888621747839e-01   59   59    6    6
 1.3198561484504792e+00   59   59    7    7
 1.2226083633371088e+00   59   59    8    8
 1.0665166844929852e+00   59   59    9    9
 9.8325858511108433e-01   59   59   10   10
 1.0010491216600190e+00   59   59   11   11
 3.9350520778287614e+00   59   59   12   12
 1.1284491828924752e+00   59   59   13   13
 1.2652647067149685e+00   59   59   14   14
 1.6069994373951526e+00   59   59   15   15
 1.8407816486803321e+00   59   59   16   16
 2.4328208233501356e+00   59   59   17   17
 2.7848104117790005e+00   59   59   18   18
 2.1021266197924997e+00   59   59   19   19
 1.6929163118918134e+00   59   59   20   20
 6.2604331949521053e-01   59   59   21   21
 6.0999590730708242e-01   59   59   22   22
 6.2853651050018855e-01   59   59   23   23
 6.0417229769493963e-01   59   59   24   24
 5.6706952739771166e-01   59   59   25   25
 5.5458147019195392e-01   59   59   26   26
 5.7221804739073712e-01   59   59   27   27
 5.8901874153486322e-01   59   59   28   28
 5.5095329397030834e-01   59   59   29   29
 5.2188196177870472e-01   59   59   30   30
 5.2124540864260349e-01   59   59   31   31
 6.9000111165844991e-01   59   59   32   32
 5.5310368297743151e-01   59   59   33   33
 5.8973017686504414e-01   59   59   34   34
 9.3064615116677740e-01   59   59   35   35
 1.0293965775382132e+00   59   59   36   36
 1.1713105662426140e+00   59   59   37   37
 1.1619069215190694e+00   59   59   38   38
 1.0219976871794902e+00   59   59   39   39
 9.2273921632979194e-01   59   59   40   40
 5.5818020190393780e-01   59   59   41   41
 5.4348076474962814e-01   59   59   42   42
 5.0566662806980844e-01   59   59   43   43
 6.0311611068366355e-01   59   59   44   44
 4.8612591929271082e-01   59   59   45   45
 4.9624572742402484e-01   59   59   46   46
 5.3077347228328398e-01   59   59   47   47
 6.3503571116715807e-01   59   59   48   48
 6.1367674128407090e-01   59   59   49   49
 5.6068564529880549e-01   59   59   50   50
 5.6909532077973057e-01   59   59   51   51
 5.4633989102898517e-01   59   59   52   52
 3.7861155193291229e-01   59   59   53   53
 2.8183793520094214e+00   59   59   54   54
 7.8335619388685218e-01   59   59   55   55
 2.5751711134531687e+00   59   59   56   56
 2.8188451279242552e+00   59   59   57   57
 6.7081648054404608e-01   59   59   58   58
 8.4208384499999998e+00   59   59   59   59
 7.5842747014735945e-01   60   60    1    1
 7.4761809476656005e-01   60   60    2    2
 8.1066397805581880e-01   60   60    3    3
 9.0335933118676914e-01   60   60    4    4
 9.2327303765418145e-01   60   60    5    5
 8.3332052866695872e-01   60   60    6    6
 1.4830501694299643e+00   60   60    7    7
 1.3216599429338376e+00   60   60    8    8
 1.1397558577200082e+00   60   60    9    9
 1.0284013310495468e+00   60   60   10   10
 1.0290791989353913e+00   60   60   11   11
 2.8118775317245581e+00   60   60   12   12
 1.1577448749242496e+00   60   60   13   13
 1.3304517707890180e+00   60   60   14   14
 1.8652057539882660e+00   60   60   15   15
 2.0698727205557566e+00   60   60   16   16
 2.7929269893313164e+00   60   60   17   17
 3.9004451329118037e+00   60   60   18   18
 2.7952795155695469e+00   60   60   19   19
 2.0711177429462162e+00   60   60   20   20
 6.8170007843085700e-01   60   60   21   21
 6.6430406544572962e-01   60   60   22   22
 6.8703108251072209e-01   60   60   23   23
 6.5867980668181170e-01   60   60   24   24
 6.1506267274842785e-01   60   60   25   25
 6.0010218973564644e-01   60   60   26   26
 6.2008070072956323e-01   60   60   27   27
 6.3679200595739993e-01   60   60   28   28
 5.9259493925470241e-01   60   60   29   29
 5.5824049986372282e-01   60   60   30   30
 5.5644216466579610e-01   60   60   31   31
 6.6967998772033221e-01   60   60   32   32
 5.9253727467601403e-01   60   60   33   33
 6.3598402998375758e-01   60   60   34   34
 1.0357119571093882e+00   60   60   35   35
 1.1464110609348597e+00   60   60   36   36
 1.3277369002376627e+00   60   60   37   37
 1.3394774703222432e+00   60   60   38   38
 1.1663928776149906e+00   60   60   39   39
 1.0363885922254847e+00   60   60   40   40
 6.0458360816919554e-01   60   60   41   41
 5.8753399060346134e-01   60   60   42   42
 5.4359636300699643e-01   60   60   43   43
 6.0320590723708889e-01   60   60   44   44
 5.2102722976071481e-01   60   60   45   45
 5.3242714519969492e-01   60   60   46   46
 5.7227240515329769e-01   60   60   47   47
 6.3352486370281647e-01   60   60   48   48
 6.1252985672075289e-01   60   60   49   49
 5.6199379515541137e-01   60   60   50   50
 5.6946119892191505e-01   60   60   51   51
 5.4767507895165668e-01   60   60   52   52
 3.9416251222609544e-01   60   60   53   53
 3.8928223487920501e+00   60   60   54   54
 7.6918280619707324e-01   60   60   55   55
 2.8118197798114455e+00   60   60   56   56
 2.5328438927518264e+00   60   60   57   57
 6.5664589462285150e-01   60   60   58   58
 3.8934552267468838e+00   60   60   59   59
 8.4208384499999998e+00   60   60   60   60
 7.6894280245703450e-01   61   61    1    1
 7.5516918699459268e-01   61   61    2    2
 6.9143956842754895e-01   61   61    3    3
 6.5290649234444875e-01   61   61    4    4
 6.5999715826193073e-01   61   61    5    5
 7.1454170795367589e-01   61   61    6    6
 5.1177154604430264e-01   61   61    7    7
 5.1233480901818285e-01   61   61    8    8
 5.3872363818934277e-01   61   61    9    9
 5.3495366154273238e-01   61   61   10   10
 5.0603350181956730e-01   61   61   11   11
 3.7156546383772410e-01   61   61   12   12
 4.8425978799182262e-01   61   61   13   13
 4.8664114047575441e-01   61   61   14   14
 4.8146833558136565e-01   61   61   15   15
 4.5975001974051405e-01   61   61   16   16
 4.3567291148969262e-01   61   61   17   17
 4.2908402457426270e-01   61   61   18   18
 4.4654187147702101e-01   61   61   19   19
 4.7275129720098841e-01   61   61   20   20
 8.0436554672669736e-01   61   61   21   21
 7.6462871496146256e-01   61   61   22   22
 7.0444330735928329e-01   61   61   23   23
 6.7049761135782893e-01   61   61   24   24
 6.8142104026122807e-01   61   61   25   25
 7.3451006402075147e-01   61   61   26   26
 7.8173668902452598e-01   61   61   27   27
 9.0341793643779822e-01   61   61   28   28
 9.7629122943717117e-01   61   61   29   29
 1.1242888180495536e+00   61   61   30   30
 1.2014231767088019e+00   61   61   31   31
 3.9836229526261208e-01   61   61   32   32
 1.0713041572477568e+00   61   61   33   33
 9.4127122466928104e-01   61   61   34   34
 6.1284999438930166e-01   61   61   35   35
 5.7430951769738192e-01   61   61   36   36
 5.4336393737101296e-01   61   61   37   37
 5.4649892260739175e-01   61   61   38   38
 5.7953267890005833e-01   61   61   39   39
 6.1789937400427930e-01   61   61   40   40
 5.9076821815535130e-01   61   61   41   41
 6.4196982804203395e-01   61   61   42   42
 6.5488513912300828e-01   61   61   43   43
 4.8564349919678784e-01   61   61   44   44
 6.1261929080562361e-01   61   61   45   45
 5.6883279111221285e-01   61   61   46   46
 5.6050814926563652e-01   61   61   47   47
 4.7406937499653923e-01   61   61   48   48
 4.6991365230716065e-01   61   61   49   49
 4.9299950265061593e-01   61   61   50   50
 4.7643916725712754e-01   61   61   51   51
 4.8808091520749841e-01   61   61   52   52
 2.8355065571786962e+00   61   61   53   53
 4.0259463094595338e-01   61   61   54   54
 4.3757993890058205e-01   61   61   55   55
 3.8273005519791164e-01   61   61   56   56
 3.6841469741803851e-01   61   61   57   57
 4.1748147449175310e-01   61   61   58   58
 3.8935126295581168e-01   61   61   59   59
 4.0697375660620605e-01   61   61   60   60
 8.4208384499999998e+00   61   61   61   61
 8.0398812050299084e-01   62   62    1    1
 7.7733442629326421e-01   62   62    2    2
 7.1199004180532055e-01   62   62    3    3
 6.7959080387488735e-01   62   62    4    4
 6.9498672481543833e-01   62   62    5    5
 7.5506895288969100e-01   62   62    6    6
 5.4688545140075784e-01   62   62    7    7
 5.5172591563348705e-01   62   62    8    8
 5.8571113722820867e-01   62   62    9    9
 5.8560755935774400e-01   62   62   10   10
 5.5204303733819582e-01   62   62   11   11
 3.8766172643252828e-01   62   62   12   12
 5.2372529741859253e-01   62   62   13   13
 5.2328905995956232e-01   62   62   14   14
 5.1110950309027148e-01   62   62   15   15
 4.8857395118863922e-01   62   62   16   16
 4.6044522592200865e-01   62   62   17   17
 4.5068660241289493e-01   62   62   18   18
 4.6819656419614580e-01   62   62   19   19
 4.9794960433674368e-01   62   62   20   20
 8.1372919000133204e-01   62   62   21   21
 7.5950460549546195e-01   62   62   22   22
 6.9867651797125063e-01   62   62   23   23
 6.5720589847000155e-01   62   62   24   24
 6.6003571579224585e-01   62   62   25   25
 7.0977331262966648e-01   62   62   26   26
 7.6448913385370765e-01   62   62   27   27
 9.1495136816478184e-01   62   62   28   28
 9.6668054781515278e-01   62   62   29   29
 1.1065114343443767e+00   62   62   30   30
 1.2186402947470214e+00   62   62   31   31
 4.3198561261383356e-01   62   62   32   32
 1.1176797031941048e+00   62   62   33   33
 9.7519632953955981e-01   62   62   34   34
 6.5415676819963287e-01   62   62   35   35
 6.1475493804442938e-01   62   62   36   36
 5.7983015944041438e-01   62   62   37   37
 5.7986229949306201e-01   62   62   38   38
 6.1270499855312122e-01   62   62   39   39
 6.5482379354925935e-01   62   62   40   40
 5.7126735261791495e-01   62   62   41   41
 6.1705252450165582e-01   62   62   42   42
 6.2099157790541815e-01   62   62   43   43
 5.4076512361837992e-01   62   62   44   44
 5.7913377013991874e-01   62   62   45   45
 5.4186664233906379e-01   62   62   46   46
 5.3922363685475871e-01   62   62   47   47
 5.2446396914025462e-01   62   62   48   48
 5.1822557128007862e-01   62   62   49   49
 5.5076279386082605e-01   62   62   50   50
 5.2683184086089274e-01   62   62   51   51
 5.4321183498178605e-01   62   62   52   52
 2.8376251624983189e+00   62   62   53   53
 4.1884785747771680e-01   62   62   54   54
 4.7697519027437724e-01   62   62   55   55
 3.9699753266375115e-01   62   62   56   56
 3.8273831632041649e-01   62   62   57   57
 4.5527979884995484e-01   62   62   58   58
 4.0767845232044581e-01   62   62   59   59
 4.2568304845126853e-01   62   62   60   60
 2.8441999696308407e+00   62   62   61   61
 8.4208384499999998e+00   62   62   62   62
 7.4632934906892323e-01   63   63    1    1
 7.1938475475429797e-01   63   63    2    2
 6.6149497178243821e-01   63   63    3    3
 6.3456720622212237e-01   63   63    4    4
 6.5093971378789162e-01   63   63    5    5
 7.0558032603217491e-01   63   63    6    6
 5.2306731498160208e-01   63   63    7    7
 5.2924859598727836e-01   63   63    8    8
 5.6064191284471221e-01   63   63    9    9
 5.6293567336604189e-01   63   63   10   10
 5.3367159456290869e-01   63   63   11   11
 3.7446784479732548e-01   63   63   12   12
 5.0670258313287042e-01   63   63   13   13
 5.0461502640562861e-01   63   63   14   14
 4.8964050365853945e-01   63   63   15   15
 4.6871843725351370e-01   63   63   16   16
 4.4237372695982458e-01   63   63   17   17
 4.3313145843730949e-01   63   63   18   18
 4.4947919551797444e-01   63   63   19   19
 4.7728679282584535e-01   63   63   20   20
 7.4930374663224808e-01   63   63   21   21
 7.0318937366605994e-01   63   63   22   22
 6.5300073179745111e-01   63   63   23   23
 6.1681214463826073e-01   63   63   24   24
 6.1804122122762939e-01   63   63   25   25
 6.5937217866167774e-01   63   63   26   26
 7.0532314216711089e-01   63   63   27   27
 8.3331943991023771e-01   63   63   28   28
 8.8097176950429656e-01   63   63   29   29
 9.9489206822455811e-01   63   63   30   30
 1.0728867062117948e+00   63   63   31   31
 4.2642961907169907e-01   63   63   32   32
 9.8876154609556277e-01   63   63   33   33
 8.7786690730470485e-01   63   63   34   34
 6.1976067393956935e-01   63   63   35   35
 5.8546465580591422e-01   63   63   36   36
 5.5210078594765133e-01   63   63   37   37
 5.4968725042543753e-01   63   63   38   38
 5.7798130391830749e-01   63   63   39   39
 6.1692854143436793e-01   63   63   40   40
 5.4005138096889127e-01   63   63   41   41
 5.8077388033227784e-01   63   63   42   42
 5.8503400033096520e-01   63   63   43   43
 5.3492952952852402e-01   63   63   44   44
 5.4834542136451980e-01   63   63   45   45
 5.1465523737669416e-01   63   63   46   46
 5.1171339149077066e-01   63   63   47   47
 5.1847877325333402e-01   63   63   48   48
 5.1439096248194982e-01   63   63   49   49
 5.4762509767326761e-01   63   63   50   50
 5.2547482940370860e-01   63   63   51   51
 5.4244367475771937e-01   63   63   52   52
 3.9429957038021777e+00   63   63   53   53
 4.0276563296270929e-01   63   63   54   54
 4.6826991018076536e-01   63   63   55   55
 3.8235813452158540e-01   63   63   56   56
 3.6939350369616153e-01   63   63   57   57
 4.4960735287125930e-01   63   63   58   58
 3.9335959822556982e-01   63   63   59   59
 4.0970783653493381e-01   63   63   60   60
 2.5753904451524887e+00   63   63   61   61
 3.9409243677826082e+00   63   63   62   62
 8.4208384499999998e+00   63   63   63   63
 8.1865795060884183e-01   64   64    1    1
 8.0013680706252732e-01   64   64    2    2
 7.3092867601992362e-01   64   64    3    3
 6.9130211439945144e-01   64   64    4    4
 7.0102701170280657e-01   64   64    5    5
 7.6113643660165942e-01   64   64    6    6
 5.4059353118450981e-01   64   64    7    7
 5.4215564928900684e-01   64   64    8    8
 5.7311014940061855e-01   64   64    9    9
 5.6949140734968395e-01   64   64   10   10
 5.3632486822227976e-01   64   64   11   11
 3.8620933285517495e-01   64   64   12   12
 5.1108907216736310e-01   64   64   13   13
 5.1319258144062019e-01   64   64   14   14
 5.0665446722238239e-01   64   64   15   15
 4.8365832846407236e-01   64   64   16   16
 4.5684433992415907e-01   64   64   17   17
 4.4860709643935170e-01   64   64   18   18
 4.6675706476613121e-01   64   64   19   19
 4.9560171680432979e-01   64   64   20   20
 8.4857281736463452e-01   64   64   21   21
 7.9718059955947540e-01   64   64   22   22
 7.2939592327447533e-01   64   64   23   23
 6.8857684123361196e-01   64   64   24   24
 6.9692460758597108e-01   64   64   25   25
 7.5437080844576843e-01   64   64   26   26
 8.1116934744201097e-01   64   64   27   27
 9.6065150879355676e-01   64   64   28   28
 1.0274770898934018e+00   64   64   29   29
 1.1918266402771414e+00   64   64   30   30
 1.3108905606286478e+00   64   64   31   31
 4.1669664474591145e-01   64   64   32   32
 1.1775355565468137e+00   64   64   33   33
 1.0188016119177115e+00   64   64   34   34
 6.5043607570822115e-01   64   64   35   35
 6.0851794653401547e-01   64   64   36   36
 5.7502541324079692e-01   64   64   37   37
 5.7835266305681787e-01   64   64   38   38
 6.1407068925344011e-01   64   64   39   39
 6.5586800982591142e-01   64   64   40   40
 6.0000498345520825e-01   64   64   41   41
 6.5195300919932708e-01   64   64   42   42
 6.6027521771996156e-01   64   64   43   43
 5.1348097187163333e-01   64   64   44   44
 6.1470559995982899e-01   64   64   45   45
 5.7179668106181858e-01   64   64   46   46
 5.6647115490710631e-01   64   64   47   47
 4.9996245560359881e-01   64   64   48   48
 4.9393162441387650e-01   64   64   49   49
 5.2075617976437483e-01   64   64   50   50
 5.0025002749899949e-01   64   64   51   51
 5.1367832262349922e-01   64   64   52   52
 2.5578108693153720e+00   64   64   53   53
 4.1895953085432908e-01   64   64   54   54
 4.6001302480382256e-01   64   64   55   55
 3.9739696747448655e-01   64   64   56   56
 3.8236539769117173e-01   64   64   57   57
 4.3771583466963399e-01   64   64   58   58
 4.0560879196874455e-01   64   64   59   59
 4.2434281897329584e-01   64   64   60   60
 3.9334764574780867e+00   64   64   61   61
 3.9305014208361788e+00   64   64   62   62
 2.8223149380686379e+00   64   64   63   63
 8.4208384499999998e+00   64   64   64   64
 6.0811351762991317e-01   65   65    1    1
 5.7094937927509748e-01   65   65    2    2
 5.7705452671412694e-01   65   65    3    3
 6.2009656367220678e-01   65   65    4    4
 6.6824387482283321e-01   65   65    5    5
 6.5824621516531223e-01   65   65    6    6
 9.7485947785292260e-01   65   65    7    7
 1.1123937194617828e+00   65   65    8    8
 1.1184761282424704e+00   65   65    9    9
 1.2682852512713816e+00   65   65   10   10
 1.5125962815486085e+00   65   65   11   11
 7.5256572244106346e-01   65   65   12   12
 1.5033973229039201e+00   65   65   13   13
 1.2672066414539658e+00   65   65   14   14
 9.4406879792019971e-01   65   65   15   15
 9.8348139434499082e-01   65   65   16   16
 9.2477995207687291e-01   65   65   17   17
 8.4594018690112560e-01   65   65   18   18
 8.2269706556981381e-01   65   65   19   19
 8.6122463276755690e-01   65   65   20   20
 5.3208356266416257e-01   65   65   21   21
 5.0294766039699201e-01   65   65   22   22
 5.0291822300736433e-01   65   65   23   23
 4.7492594351864414e-01   65   65   24   24
 4.5003600571683089e-01   65   65   25   25
 4.5054521468945630e-01   65   65   26   26
 4.7357058312334099e-01   65   65   27   27
 5.2453323156355847e-01   65   65   28   28
 5.0170413492585897e-01   65   65   29   29
 4.9222174759607518e-01   65   65   30   30
 5.0111861908833277e-01   65   65   31   31
 2.8251862043696288e+00   65   65   32   32
 5.2368464923895530e-01   65   65   33   33
 5.3718544582033334e-01   65   65   34   34
 7.9019402043742804e-01   65   65   35   35
 8.7321594398541624e-01   65   65   36   36
 8.8050643574570064e-01   65   65   37   37
 7.9599829728391402e-01   65   65   38   38
 7.3267460346716118e-01   65   65   39   39
 7.2764091533289599e-01   65   65   40   40
 4.2455923470476442e-01   65   65   41   41
 4.2702957494997507e-01   65   65   42   42
 4.0654480642012353e-01   65   65   43   43
 1.4294709980601268e+00   65   65   44   44
 3.8817382708779002e-01   65   65   45   45
 3.8644868292238582e-01   65   65   46   46
 4.0325744483745274e-01   65   65   47   47
 1.7015541986940670e+00   65   65   48   48
 1.5970054874714017e+00   65   65   49   49
 1.2220612938239850e+00   65   65   50   50
 1.3184797465269051e+00   65   65   51   51
 1.1852974098476061e+00   65   65   52   52
 4.2139702401792817e-01   65   65   53   53
 7.1446257891281395e-01   65   65   54   54
 3.9405153982853278e+00   65   65   55   55
 6.7306732166295691e-01   65   65   56   56
 6.8707973936740729e-01   65   65   57   57
 2.5525638607117109e+00   65   65   58   58
 8.1552356645719348e-01   65   65   59   59
 7.9136487468088212e-01   65   65   60   60
 4.1581356173634276e-01   65   65   61   61
 4.5047981871325343e-01   65   65   62   62
 4.4234018147745852e-01   65   65   63   63
 4.3589789122100886e-01   65   65   64   64
 8.4208384499999998e+00   65   65   65   65
 5.6259428995593208e-01   66   66    1    1
 5.3032765357810496e-01   66   66    2    2
 5.3531184755685279e-01   66   66    3    3
 5.7211385244913626e-01   66   66    4    4
 6.1295937940772272e-01   66   66    5    5
 6.0500853437600866e-01   66   66    6    6
 8.6350410138731593e-01   66   66    7    7
 9.6827086982582156e-01   66   66    8    8
 9.7180274987852611e-01   66   66    9    9
 1.0840351082627950e+00   66   66   10   10
 1.2560666976591326e+00   66   66   11   11
 7.0645034831661546e-01   66   66   12   12
 1.2517650913453544e+00   66   66   13   13
 1.0861830912152202e+00   66   66   14   14
 8.4286601594664112e-01   66   66   15   15
 8.7813782716667610e-01   66   66   16   16
 8.3657552752786679e-01   66   66   17   17
 7.7244263637400212e-01   66   66   18   18
 7.4986198787092140e-01   66   66   19   19
 7.7786324342915969e-01   66   66   20   20
 4.9676284939719234e-01   66   66   21   21
 4.7118367671787076e-01   66   66   22   22
 4.7123996216294811e-01   66   66   23   23
 4.4661099312093466e-01   66   66   24   24
 4.2443227818336665e-01   66   66   25   25
 4.2481631201383957e-01   66   66   26   26
 4.4526473370171910e-01   66   66   27   27
 4.9053622174267447e-01   66   66   28   28
 4.7087968730230589e-01   66   66   29   29
 4.6298234254829018e-01   66   66   30   30
 4.7106286179902129e-01   66   66   31   31
 3.9316425235116732e+00   66   66   32   32
 4.9056940614664851e-01   66   66   33   33
 5.0176860759957509e-01   66   66   34   34
 7.1431664782413373e-01   66   66   35   35
 7.8147786680155318e-01   66   66   36   36
 7.8755102530578802e-01   66   66   37   37
 7.1946281467274709e-01   66   66   38   38
 6.6685529748135408e-01   66   66   39   39
 6.6251596732444784e-01   66   66   40   40
 4.0181720648903790e-01   66   66   41   41
 4.0394726888290350e-01   66   66   42   42
 3.8558278747392527e-01   66   66   43   43
 1.3662682079003730e+00   66   66   44   44
 3.6904743267925166e-01   66   66   45   45
 3.6754190689204902e-01   66   66   46   46
 3.8275000156590255e-01   66   66   47   47
 1.6045727041083597e+00   66   66   48   48
 1.5400654348034082e+00   66   66   49   49
 1.1890100975335074e+00   66   66   50   50
 1.2952158996848624e+00   66   66   51   51
 1.1647630742650570e+00   66   66   52   52
 4.0408600619273705e-01   66   66   53   53
 6.6445822374012176e-01   66   66   54   54
 2.8501468093862652e+00   66   66   55   55
 6.3125459505818193e-01   66   66   56   56
 6.4725753634228511e-01   66   66   57   57
 2.8244703628400436e+00   66   66   58   58
 7.5718457313640819e-01   66   66   59   59
 7.3088976033848008e-01   66   66   60   60
 3.9764163222484483e-01   66   66   61   61
 4.2993567448341624e-01   66   66   62   62
 4.2331645959256786e-01   66   66   63   63
 4.1591585586559426e-01   66   66   64   64
 3.9353806254052812e+00   66   66   65   65
 8.4208384499999998e+00   66   66   66   66
 1.2021826053141269e+00   67   67    1    1
 1.1853568556562708e+00   67   67    2    2
 1.0330043953796295e+00   67   67    3    3
 9.4228729580315296e-01   67   67    4    4
 9.4675934228436853e-01   67   67    5    5
 1.0594178867950570e+00   67   67    6    6
 6.4815927109346672e-01   67   67    7    7
 6.3948545900144538e-01   67   67    8    8
 6.7248285653755657e-01   67   67    9    9
 6.5472848404806250e-01   67   67   10   10
 6.0931454472819702e-01   67   67   11   11
 4.4402594835291020e-01   67   67   12   12
 5.8494012646073346e-01   67   67   13   13
 5.9688731979249798e-01   67   67   14   14
 6.0390481945188756e-01   67   67   15   15
 5.6727553253273111e-01   67   67   16   16
 5.3347686224980384e-01   67   67   17   17
 5.2781281592043428e-01   67   67   18   18
 5.5680945988079178e-01   67   67   19   19
 5.9609165208684700e-01   67   67   20   20
 1.3198520889456040e+00   67   67   21   21
 1.2124608713531291e+00   67   67   22   22
 1.0678956987804982e+00   67   67   23   23
 9.8315436007812174e-01   67   67   24   24
 9.9256799395293416e-01   67   67   25   25
 1.1034361229621734e+00   67   67   26   26
 1.2335409416436403e+00   67   67   27   27
 1.6060514375722830e+00   67   67   28   28
 1.8557577946095802e+00   67   67   29   29
 2.4747223716029265e+00   67   67   30   30
 2.7839514753811030e+00   67   67   31   31
 4.4147782337067931e-01   67   67   32   32
 2.0718363342067776e+00   67   67   33   33
 1.6769851774290014e+00   67   67   34   34
 8.3253103412883822e-01   67   67   35   35
 7.5590472482647397e-01   67   67   36   36
 7.0520983576044494e-01   67   67   37   37
 7.1735045776800610e-01   67   67   38   38
 7.8189487879435382e-01   67   67   39   39
 8.5346442820534230e-01   67   67   40   40
 8.0529728366246633e-01   67   67   41   41
 8.9889755750695666e-01   67   67   42   42
 9.0303127366737657e-01   67   67   43   43
 5.3058329052995978e-01   67   67   44   44
 8.1442180780943696e-01   67   67   45   45
 7.4502235460677813e-01   67   67   46   46
 7.4268391519347676e-01   67   67   47   47
 5.2363900703499566e-01   67   67   48   48
 5.1711755812938953e-01   67   67   49   49
 5.3063610187855281e-01   67   67   50   50
 5.1704333459257124e-01   67   67   51   51
 5.2368528776270817e-01   67   67   52   52
 1.3063660506047183e+00   67   67   53   53
 4.9238614114139384e-01   67   67   54   54
 4.9572587076992919e-01   67   67   55   55
 4.6361542183584259e-01   67   67   56   56
 4.4155540740917554e-01   67   67   57   57
 4.6173493368524748e-01   67   67   58   58
 4.6851685484492583e-01   67   67   59   59
 4.9608078066285177e-01   67   67   60   60
 1.6511170410687754e+00   67   67   61   61
 1.5901055698216902e+00   67   67   62   62
 1.3703940163582438e+00   67   67   63   63
 1.7979770190778492e+00   67   67   64   64
 4.7104988354858807e-01   67   67   65   65
 4.4544380592677363e-01   67   67   66   66
 8.4208384499999998e+00   67   67   67   67
 1.3359286226733476e+00   68   68    1    1
 1.3277802373649890e+00   68   68    2    2
 1.1501468581444843e+00   68   68    3    3
 1.0410019237169836e+00   68   68    4    4
 1.0400506417391531e+00   68   68    5    5
 1.1651401200701257e+00   68   68    6    6
 6.9025632927540115e-01   68   68    7    7
 6.7875945833560936e-01   68   68    8    8
 7.1664770923932397e-01   68   68    9    9
 6.9393772168915580e-01   68   68   10   10
 6.4094719602385319e-01   68   68   11   11
 4.6507146110479503e-01   68   68   12   12
 6.1410578002775762e-01   68   68   13   13
 6.2884567715815087e-01   68   68   14   14
 6.4129054188060797e-01   68   68   15   15
 6.0169578338301799e-01   68   68   16   16
 5.6426546019527424e-01   68   68   17   17
 5.5719476973360216e-01   68   68   18   18
 5.8809007675772040e-01   68   68   19   19
 6.3133226406724396e-01   68   68   20   20
 1.4847747857572746e+00   68   68   21   21
 1.3302967543189879e+00   68   68   22   22
 1.1446147907453610e+00   68   68   23   23
 1.0388686571669183e+00   68   68   24   24
 1.0468222419433637e+00   68   68   25   25
 1.1806137608560254e+00   68   68   26   26
 1.3524705140031286e+00   68   68   27   27
 1.8663268039023611e+00   68   68   28   28
 2.0688599350409076e+00   68   68   29   29
 2.7894140969743759e+00   68   68   30   30
 3.9004410158016549e+00   68   68   31   31
 4.5399987888909493e-01   68   68   32   32
 2.7909771020818126e+00   68   68   33   33
 2.0690250724388832e+00   68   68   34   34
 8.9642189451690546e-01   68   68   35   35
 8.0838032539820537e-01   68   68   36   36
 7.5556136674482177e-01   68   68   37   37
 7.7407815987333406e-01   68   68   38   38
 8.5013345969856258e-01   68   68   39   39
 9.2874882758130251e-01   68   68   40   40
 8.3747019216113761e-01   68   68   41   41
 9.3592695645034008e-01   68   68   42   42
 9.2949800959929885e-01   68   68   43   43
 5.4575979980241740e-01   68   68   44   44
 8.3208926296225461e-01   68   68   45   45
 7.6290252754707677e-01   68   68   46   46
 7.6624611449504820e-01   68   68   47   47
 5.3839384305173821e-01   68   68   48   48
 5.2906362863044087e-01   68   68   49   49
 5.4326407027785739e-01   68   68   50   50
 5.2666392420480923e-01   68   68   51   51
 5.3354015672719279e-01   68   68   52   52
 1.1644410489671884e+00   68   68   53   53
 5.1834533051658294e-01   68   68   54   54
 5.1272044379648707e-01   68   68   55   55
 4.8671537789555991e-01   68   68   56   56
 4.6251913831263602e-01   68   68   57   57
 4.7492706703987597e-01   68   68   58   58
 4.9179247983285124e-01   68   68   59   59
 5.2225656517852703e-01   68   68   60   60
 1.4304546849665589e+00   68   68   61   61
 1.4500566813516229e+00   68   68   62   62
 1.2433037359025649e+00   68   68   63   63
 1.5956244679020175e+00   68   68   64   64
 4.8682011484271898e-01   68   68   65   65
 4.5903801898358276e-01   68   68   66   66
 3.9058764500088277e+00   68   68   67   67
 8.4208384499999998e+00   68   68   68   68
 1.2185998027457601e+00   69   69    1    1
 1.2131376940787024e+00   69   69    2    2
 1.0770046452361741e+00   69   69    3    3
 9.8804220938770915e-01   69   69    4    4
 9.8657842234347415e-01   69   69    5    5
 1.0876570587042784e+00   69   69    6    6
 6.7699998236775083e-01   69   69    7    7
 6.6848311707048513e-01   69   69    8    8
 7.0983240346206933e-01   69   69    9    9
 6.9006352643678548e-01   69   69   10   10
 6.3622560237848058e-01   69   69   11   11
 4.5876269738494257e-01   69   69   12   12
 6.0674824170188346e-01   69   69   13   13
 6.1909737949857035e-01   69   69   14   14
 6.2934645003265655e-01   69   69   15   15
 5.9418243186791642e-01   69   69   16   16
 5.5713628715979457e-01   69   69   17   17
 5.4763625977323871e-01   69   69   18   18
 5.7476381997117054e-01   69   69   19   19
 6.1597157594418361e-01   69   69   20   20
 1.3238465673682160e+00   69   69   21   21
 1.1913039724459269e+00   69   69   22   22
 1.0326424370163794e+00   69   69   23   23
 9.4401872599415515e-01   69   69   24   24
 9.5485613613386233e-01   69   69   25   25
 1.0741216680746337e+00   69   69   26   26
 1.2181632324181340e+00   69   69   27   27
 1.6105056101572750e+00   69   69   28   28
 1.6805400021935137e+00   69   69   29   29
 2.0744430589500755e+00   69   69   30   30
 2.7893411947096771e+00   69   69   31   31
 4.5382000868473715e-01   69   69   32   32
 2.4817227039603877e+00   69   69   33   33
 1.8608880584577931e+00   69   69   34   34
 8.6019002579629411e-01   69   69   35   35
 7.8258061493759856e-01   69   69   36   36
 7.3716221332170628e-01   69   69   37   37
 7.5610003252516533e-01   69   69   38   38
 8.2505964906675078e-01   69   69   39   39
 8.9162901960460228e-01   69   69   40   40
 7.7807083795423837e-01   69   69   41   41
 8.6144661017815372e-01   69   69   42   42
 8.5571606439339865e-01   69   69   43   43
 5.5043710496060771e-01   69   69   44   44
 7.7290317892544291e-01   69   69   45   45
 7.1291492922273092e-01   69   69   46   46
 7.1610434215689933e-01   69   69   47   47
 5.4017472702320513e-01   69   69   48   48
 5.2853135517234029e-01   69   69   49   49
 5.4821280036363917e-01   69   69   50   50
 5.2642874141278451e-01   69   69   51   51
 5.3589663987460967e-01   69   69   52   52
 1.1926708074242189e+00   69   69   53   53
 5.0893087131346981e-01   69   69   54   54
 5.1187203733491349e-01   69   69   55   55
 4.7840198972450765e-01   69   69   56   56
 4.5562330043045873e-01   69   69   57   57
 4.7551443986254521e-01   69   69   58   58
 4.8492943052450693e-01   69   69   59   59
 5.1369302323241817e-01   69   69   60   60
 1.4746056669151235e+00   69   69   61   61
 1.5558491899374598e+00   69   69   62   62
 1.2990454190418617e+00   69   69   63   63
 1.7084890065432210e+00   69   69   64   64
 4.8523437022232152e-01   69   69   65   65
 4.5793054060695748e-01   69   69   66   66
 2.8424387665691806e+00   69   69   67   67
 3.9099739733083765e+00   69   69   68   68
 8.4208384499999998e+00   69   69   69   69
 1.0435951604333118e+00   70   70    1    1
 1.0260736297587749e+00   70   70    2    2
 9.1106531172444361e-01   70   70    3    3
 8.4202389553782375e-01   70   70    4    4
 8.4852738003420902e-01   70   70    5    5
 9.3880687019965203e-01   70   70    6    6
 6.0644844223806604e-01   70   70    7    7
 6.0164727425029529e-01   70   70    8    8
 6.3359777256897265e-01   70   70    9    9
 6.2120096084671406e-01   70   70   10   10
 5.8061314721632473e-01   70   70   11   11
 4.2219147451000438e-01   70   70   12   12
 5.5616686415750394e-01   70   70   13   13
 5.6445529111972015e-01   70   70   14   14
 5.6637068968373161e-01   70   70   15   15
 5.3494184050212568e-01   70   70   16   16
 5.0400232133370426e-01   70   70   17   17
 4.9758359616859182e-01   70   70   18   18
 5.2248929218455564e-01   70   70   19   19
 5.5757384969562307e-01   70   70   20   20
 1.1221032480308686e+00   70   70   21   21
 1.0435515126557868e+00   70   70   22   22
 9.3378915699122289e-01   70   70   23   23
 8.7031091400108274e-01   70   70   24   24
 8.8178844925784539e-01   70   70   25   25
 9.7092951272725503e-01   70   70   26   26
 1.0656987394166688e+00   70   70   27   27
 1.3241230573017611e+00   70   70   28   28
 1.4839811444066622e+00   70   70   29   29
 1.8556500027715022e+00   70   70   30   30
 2.0663567838743218e+00   70   70   31   31
 4.3080202398610729e-01   70   70   32   32
 1.6778139425702465e+00   70   70   33   33
 1.3913829003329732e+00   70   70   34   34
 7.6115597585642603e-01   70   70   35   35
 6.9857202688772757e-01   70   70   36   36
 6.5457539375697638e-01   70   70   37   37
 6.6317143957108771e-01   70   70   38   38
 7.1608841824825376e-01   70   70   39   39
 7.7545365320091286e-01   70   70   40   40
 7.3201219499821535e-01   70   70   41   41
 8.1002826503954328e-01   70   70   42   42
 8.1907545038541474e-01   70   70   43   43
 5.2160222179946591e-01   70   70   44   44
 7.4791344719040442e-01   70   70   45   45
 6.8698980060330950e-01   70   70   46   46
 6.8173734456010970e-01   70   70   47   47
 5.1271634032665048e-01   70   70   48   48
 5.0665836361527616e-01   70   70   49   49
 5.2406760608707748e-01   70   70   50   50
 5.0878862186788021e-01   70   70   51   51
 5.1740329153905329e-01   70   70   52   52
 1.5648780743330053e+00   70   70   53   53
 4.6469680055708340e-01   70   70   54   54
 4.8093899822460284e-01   70   70   55   55
 4.3878620780935168e-01   70   70   56   56
 4.1934163173800476e-01   70   70   57   57
 4.5112603953523356e-01   70   70   58   58
 4.4463370169445038e-01   70   70   59   59
 4.6885785827290427e-01   70   70   60   60
 2.1233623466687637e+00   70   70   61   61
 1.9631903400907451e+00   70   70   62   62
 1.6407491075400162e+00   70   70   63   63
 2.3534311457076726e+00   70   70   64   64
 4.5666783124044191e-01   70   70   65   65
 4.3316801728131471e-01   70   70   66   66
 3.9357989864170668e+00   70   70   67   67
 2.7947920090637197e+00   70   70   68   68
 2.5651789705536485e+00   70   70   69   69
 8.4208384499999998e+00   70   70   70   70
 9.8975600847366552e-01   71   71    1    1
 9.7541446381791863e-01   71   71    2    2
 8.7713423120215517e-01   71   71    3    3
 8.1624991617423426e-01   71   71    4    4
 8.2165777674759344e-01   71   71    5    5
 9.0050285637350258e-01   71   71    6    6
 5.9859928825291198e-01   71   71    7    7
 5.9553051764382414e-01   71   71    8    8
 6.2994688378977426e-01   71   71    9    9
 6.1932308689275251e-01   71   71   10   10
 5.7788371402744876e-01   71   71   11   11
 4.1811365167149622e-01   71   71   12   12
 5.5149575368243353e-01   71   71   13   13
 5.5830071727921959e-01   71   71   14   14
 5.5918444081185892e-01   71   71   15   15
 5.3058135182891009e-01   71   71   16   16
 4.9976903423260460e-01   71   71   17   17
 4.9163699469796063e-01   71   71   18   18
 5.1409286399239373e-01   71   71   19   19
 5.4803986233209556e-01   71   71   20   20
 1.0541959965304124e+00   71   71   21   21
 9.7773238293801279e-01   71   71   22   22
 8.7409465031477795e-01   71   71   23   23
 8.1565877574534107e-01   71   71   24   24
 8.2806672130939141e-01   71   71   25   25
 9.1320051712273531e-01   71   71   26   26
 1.0016127998287878e+00   71   71   27   27
 1.2331764549098261e+00   71   71   28   28
 1.3333189762668820e+00   71   71   29   29
 1.6194396415839942e+00   71   71   30   30
 1.8815024076767404e+00   71   71   31   31
 4.3093207780213189e-01   71   71   32   32
 1.6189160829816984e+00   71   71   33   33
 1.3329087313871815e+00   71   71   34   34
 7.4067387789286110e-01   71   71   35   35
 6.8337289422331771e-01   71   71   36   36
 6.4396077779244498e-01   71   71   37   37
 6.5332506237888488e-01   71   71   38   38
 7.0281777114556698e-01   71   71   39   39
 7.5573342840129587e-01   71   71   40   40
 6.9353650961198965e-01   71   71   41   41
 7.6295421544549691e-01   71   71   42   42
 7.6973919293846993e-01   71   71   43   43
 5.2584409075002225e-01   71   71   44   44
 7.0602021289845462e-01   71   71   45   45
 6.5153437354815891e-01   71   71   46   46
 6.4751705555972616e-01   71   71   47   47
 5.1449523562259636e-01   71   71   48   48
 5.0642538497756029e-01   71   71   49   49
 5.2858483292982728e-01   71   71   50   50
 5.0873497060732342e-01   71   71   51   51
 5.1963193615996450e-01   71   71   52   52
 1.6230085882182714e+00   71   71   53   53
 4.5870808560381554e-01   71   71   54   54
 4.8063315701131371e-01   71   71   55   55
 4.3341556057237862e-01   71   71   56   56
 4.1485457427558153e-01   71   71   57   57
 4.5189958017133397e-01   71   71   58   58
 4.4025791777649392e-01   71   71   59   59
 4.6344527708367178e-01   71   71   60   60
 2.2561667567107957e+00   71   71   61   61
 2.2486220147841744e+00   71   71   62   62
 1.7648913386948093e+00   71   71   63   63
 2.7812263160139845e+00   71   71   64   64
 4.5575352497158944e-01   71   71   65   65
 4.3257394573385166e-01   71   71   66   66
 2.8438571524289729e+00   71   71   67   67
 2.5389562223061906e+00   71   71   68   68
 2.8274182955506473e+00   71   71   69   69
 3.9488222866318461e+00   71   71   70   70
 8.4208384499999998e+00   71   71   71   71
 1.0540860507566845e+00   72   72    1    1
 1.0442093425402459e+00   72   72    2    2
 9.4077265563657975e-01   72   72    3    3
 8.7374624561877323e-01   72   72    4    4
 8.7609618939092782e-01   72   72    5    5
 9.5753050390449790e-01   72   72    6    6
 6.2908330280924618e-01   72   72    7    7
 6.2469891591325510e-01   72   72    8    8
 6.6338910218312652e-01   72   72    9    9
 6.4991976898902448e-01   72   72   10   10
 6.0271123585194109e-01   72   72   11   11
 4.3453009616456095e-01   72   72   12   12
 5.7394420017697567e-01   72   72   13   13
 5.8232301033118161e-01   72   72   14   14
 5.8656945325271126e-01   72   72   15   15
 5.5671176782726939e-01   72   72   16   16
 5.2331176107678534e-01   72   72   17   17
 5.1368738720163698e-01   72   72   18   18
 5.3685154640273647e-01   72   72   19   19
 5.7326042455142212e-01   72   72   20   20
 1.1261317889432192e+00   72   72   21   21
 1.0322061183569600e+00   72   72   22   22
 9.1175681137681774e-01   72   72   23   23
 8.4466606689186519e-01   72   72   24   24
 8.5725456118618526e-01   72   72   25   25
 9.5359247611657105e-01   72   72   26   26
 1.0586701599574999e+00   72   72   27   27
 1.3290676744009933e+00   72   72   28   28
 1.3976121207629326e+00   72   72   29   29
 1.6864610123000505e+00   72   72   30   30
 2.0774083184753076e+00   72   72   31   31
 4.4158017113543963e-01   72   72   32   32
 1.8614388323276554e+00   72   72   33   33
 1.4882106967301605e+00   72   72   34   34
 7.8118781705235196e-01   72   72   35   35
 7.1854351909549607e-01   72   72   36   36
 6.7904614282755471e-01   72   72   37   37
 6.9264932407419755e-01   72   72   38   38
 7.4802305746216646e-01   72   72   39   39
 8.0289166170871629e-01   72   72   40   40
 7.1288728819745384e-01   72   72   41   41
 7.8430375247780293e-01   72   72   42   42
 7.8558237755992066e-01   72   72   43   43
 5.3934043279476607e-01   72   72   44   44
 7.1731849697592032e-01   72   72   45   45
 6.6311344114360082e-01   72   72   46   46
 6.6238289774468573e-01   72   72   47   47
 5.2720470938689312e-01   72   72   48   48
 5.1643529078176231e-01   72   72   49   49
 5.3987197865773073e-01   72   72   50   50
 5.1676280695371579e-01   72   72   51   51
 5.2813101934427464e-01   72   72   52   52
 1.3746430701826018e+00   72   72   53   53
 4.7827578047889724e-01   72   72   54   54
 4.9483207888597225e-01   72   72   55   55
 4.5105380510710108e-01   72   72   56   56
 4.3111654440217873e-01   72   72   57   57
 4.6319913057249729e-01   72   72   58   58
 4.5826505556781694e-01   72   72   59   59
 4.8331732266792465e-01   72   72   60   60
 1.7719975250402902e+00   72   72   61   61
 1.8940501460996189e+00   72   72   62   62
 1.5165316485534681e+00   72   72   63   63
 2.1532193021133099e+00   72   72   64   64
 4.6885251021720070e-01   72   72   65   65
 4.4397825535429092e-01   72   72   66   66
 2.5969469639995593e+00   72   72   67   67
 2.8193520274324126e+00   72   72   68   68
 3.9428087647554828e+00   72   72   69   69
 2.8547916122186328e+00   72   72   70   70
 3.9597650922292749e+00   72   72   71   71
 8.4208384499999998e+00   72   72   72   72
 8.6246677914943859e-01   73   73    1    1
 8.5313836459554371e-01   73   73    2    2
 7.8454267420070989e-01   73   73    3    3
 7.3958766108124241e-01   73   73    4    4
 7.4328298061432230e-01   73   73    5    5
 8.0060692808589073e-01   73   73    6    6
 5.6568911594638904e-01   73   73    7    7
 5.6538680660711682e-01   73   73    8    8
 6.0014238801632824e-01   73   73    9    9
 5.9337098736902938e-01   73   73   10   10
 5.5451686819468060e-01   73   73   11   11
 4.0222128082630454e-01   73   73   12   12
 5.2732755490812211e-01   73   73   13   13
 5.3134142812609642e-01   73   73   14   14
 5.3017712549446905e-01   73   73   15   15
 5.0731042731094833e-01   73   73   16   16
 4.7876101628485868e-01   73   73   17   17
 4.6892916104913523e-01   73   73   18   18
 4.8683569051234804e-01   73   73   19   19
 5.1697656945727977e-01   73   73   20   20
 9.0561444277432801e-01   73   73   21   21
 8.4538856726145262e-01   73   73   22   22
 7.6244030299350696e-01   73   73   23   23
 7.1682488630393071e-01   73   73   24   24
 7.2954840781381991e-01   73   73   25   25
 8.0019083429271698e-01   73   73   26   26
 8.6837766408262840e-01   73   73   27   27
 1.0320142816915723e+00   73   73   28   28
 1.0762796945170821e+00   73   73   29   29
 1.2451520954771185e+00   73   73   30   30
 1.4340820690673211e+00   73   73   31   31
 4.2224966122888724e-01   73   73   32   32
 1.3316400901347698e+00   73   73   33   33
 1.1295179093607508e+00   73   73   34   34
 6.7936153716494208e-01   73   73   35   35
 6.3410788302230181e-01   73   73   36   36
 6.0350976594488481e-01   73   73   37   37
 6.1255247872265750e-01   73   73   38   38
 6.5290427217528957e-01   73   73   39   39
 6.9298981075384347e-01   73   73   40   40
 6.2355231535363265e-01   73   73   41   41
 6.7867949574290232e-01   73   73   42   42
 6.8440803669383887e-01   73   73   43   43
 5.1924751617358267e-01   73   73   44   44
 6.3425659860265338e-01   73   73   45   45
 5.8984391296868643e-01   73   73   46   46
 5.8630502719945699e-01   73   73   47   47
 5.0453886441085760e-01   73   73   48   48
 4.9436398372795332e-01   73   73   49   49
 5.2300460541598648e-01   73   73   50   50
 4.9745804177974462e-01   73   73   51   51
 5.1146450645760400e-01   73   73   52   52
 1.6191639573069398e+00   73   73   53   53
 4.3797308898765430e-01   73   73   54   54
 4.6838920035818293e-01   73   73   55   55
 4.1495368837168062e-01   73   73   56   56
 3.9856870758273599e-01   73   73   57   57
 4.4332443983563852e-01   73   73   58   58
 4.2276355703715679e-01   73   73   59   59
 4.4319223058376084e-01   73   73   60   60
 2.1374242719916756e+00   73   73   61   61
 2.3792440891752689e+00   73   73   62   62
 1.8192063355281312e+00   73   73   63   63
 2.7765171195248906e+00   73   73   64   64
 4.4383970544616919e-01   73   73   65   65
 4.2246634807714650e-01   73   73   66   66
 1.7824899122671072e+00   73   73   67   67
 1.7647898446611634e+00   73   73   68   68
 2.1360151296330168e+00   73   73   69   69
 2.1424529472430063e+00   73   73   70   70
 2.9927700807643958e+00   73   73   71   71
 2.9801839127101086e+00   73   73   72   72
 8.4208384499999998e+00   73   73   73   73
 9.5188413052662635e-01   74   74    1    1
 9.4490031138144026e-01   74   74    2    2
 8.6591647509548020e-01   74   74    3    3
 8.1239810079643937e-01   74   74    4    4
 8.1393804339231501e-01   74   74    5    5
 8.7828545358581878e-01   74   74    6    6
 6.0446352550810578e-01   74   74    7    7
 6.0227251871415022e-01   74   74    8    8
 6.4094508020674934e-01   74   74    9    9
 6.3057106233609361e-01   74   74   10   10
 5.8561415353460455e-01   74   74   11   11
 4.2316426126484497e-01   74   74   12   12
 5.5639009863009370e-01   74   74   13   13
 5.6261227372912748e-01   74   74   14   14
 5.6504367815033740e-01   74   74   15   15
 5.3948727187244316e-01   74   74   16   16
 5.0788566469206187e-01   74   74   17   17
 4.9710706138760069e-01   74   74   18   18
 5.1692141269831460e-01   74   74   19   19
 5.5037719851343347e-01   74   74   20   20
 1.0054115571486260e+00   74   74   21   21
 9.2861151566229616e-01   74   74   22   22
 8.2760434531784366e-01   74   74   23   23
 7.7200578549214283e-01   74   74   24   24
 7.8505274881023657e-01   74   74   25   25
 8.6852815206745526e-01   74   74   26   26
 9.5428492583630764e-01   74   74   27   27
 1.1596582449857780e+00   74   74   28   28
 1.1941576970571348e+00   74   74   29   29
 1.3892647268481062e+00   74   74   30   30
 1.6609870009534509e+00   74   74   31   31
 4.3553290562675318e-01   74   74   32   32
 1.5695537031461428e+00   74   74   33   33
 1.2997716547140805e+00   74   74   34   34
 7.3425514316604912e-01   74   74   35   35
 6.8133511763316734e-01   74   74   36   36
 6.4839112076327288e-01   74   74   37   37
 6.6130799457915712e-01   74   74   38   38
 7.0908768959072643e-01   74   74   39   39
 7.5389754479786486e-01   74   74   40   40
 6.6315593699289188e-01   74   74   41   41
 7.2409010926262896e-01   74   74   42   42
 7.2588826191905931e-01   74   74   43   43
 5.3459633521889993e-01   74   74   44   44
 6.6804171658802203e-01   74   74   45   45
 6.2070229721920889e-01   74   74   46   46
 6.1965851331599875e-01   74   74   47   47
 5.2020148817618839e-01   74   74   48   48
 5.0810839708874012e-01   74   74   49   49
 5.3585128083749667e-01   74   74   50   50
 5.0904210819521500e-01   74   74   51   51
 5.2245469462832439e-01   74   74   52   52
 1.3721177739868264e+00   74   74   53   53
 4.6326671298404326e-01   74   74   54   54
 4.8619944754355576e-01   74   74   55   55
 4.3778859146796728e-01   74   74   56   56
 4.1947761920592941e-01   74   74   57   57
 4.5720017950857017e-01   74   74   58   58
 4.4567556344674014e-01   74   74   59   59
 4.6864049728641083e-01   74   74   60   60
 1.7362105857565138e+00   74   74   61   61
 1.9347295907150526e+00   74   74   62   62
 1.5348481222043715e+00   74   74   63   63
 2.1502786908479616e+00   74   74   64   64
 4.6049052587552186e-01   74   74   65   65
 4.3692874289600186e-01   74   74   66   66
 1.9331441676713155e+00   74   74   67   67
 2.0669737843644684e+00   74   74   68   68
 2.7549386322425451e+00   74   74   69   69
 2.1651594592989771e+00   74   74   70   70
 2.9854613529482745e+00   74   74   71   71
 3.9542433384798521e+00   74   74   72   72
 3.9500993740860584e+00   74   74   73   73
 8.4208384499999998e+00   74   74   74   74
 9.3338332881807173e-01   75   75    1    1
 9.3160557905854646e-01   75   75    2    2
 8.6496225329412457e-01   75   75    3    3
 8.1588096471232097e-01   75   75    4    4
 8.1422362586421715e-01   75   75    5    5
 8.6896077963021578e-01   75   75    6    6
 6.1192402723071826e-01   75   75    7    7
 6.0965701821828555e-01   75   75    8    8
 6.5062279566119463e-01   75   75    9    9
 6.3960256522591452e-01   75   75   10   10
 5.9224535963395541e-01   75   75   11   11
 4.2950538087617318e-01   75   75   12   12
 5.6168669527506787e-01   75   75   13   13
 5.6810113767634307e-01   75   75   14   14
 5.7264013273268177e-01   75   75   15   15
 5.4886225734925076e-01   75   75   16   16
 5.1672140634023134e-01   75   75   17   17
 5.0434066697791602e-01   75   75   18   18
 5.2268579286520200e-01   75   75   19   19
 5.5592911262370637e-01   75   75   20   20
 9.8144756154615775e-01   75   75   21   21
 9.0597959629080649e-01   75   75   22   22
 8.0739236848691298e-01   75   75   23   23
 7.5336723947049422e-01   75   75   24   24
 7.6634346172585843e-01   75   75   25   25
 8.4812316397878740e-01   75   75   26   26
 9.3172135200732287e-01   75   75   27   27
 1.1180161353661187e+00   75   75   28   28
 1.1218680087930233e+00   75   75   29   29
 1.2703987909399823e+00   75   75   30   30
 1.5146253157493219e+00   75   75   31   31
 4.3887754146004848e-01   75   75   32   32
 1.5065828861826862e+00   75   75   33   33
 1.2710967938676923e+00   75   75   34   34
 7.3433240316817994e-01   75   75   35   35
 6.8383999321228961e-01   75   75   36   36
 6.5530774754496435e-01   75   75   37   37
 6.7117829821614272e-01   75   75   38   38
 7.1826546395262358e-01   75   75   39   39
 7.5757766603711663e-01   75   75   40   40
 6.5101877347692361e-01   75   75   41   41
 7.0737050983211225e-01   75   75   42   42
 7.0599339424738483e-01   75   75   43   43
 5.3865933444635106e-01   75   75   44   44
 6.5096751359794036e-01   75   75   45   45
 6.0755332168571397e-01   75   75   46   46
 6.0848634774904653e-01   75   75   47   47
 5.2293727673691237e-01   75   75   48   48
 5.0830204427164616e-01   75   75   49   49
 5.3829492214250596e-01   75   75   50   50
 5.0785441804662057e-01   75   75   51   51
 5.2218110862452893e-01   75   75   52   52
 1.1886848301397619e+00   75   75   53   53
 4.6990169989293856e-01   75   75   54   54
 4.9034492628704723e-01   75   75   55   55
 4.4408198076314981e-01   75   75   56   56
 4.2564759400190255e-01   75   75   57   57
 4.6068815505272448e-01   75   75   58   58
 4.5239520095535662e-01   75   75   59   59
 4.7554590899332566e-01   75   75   60   60
 1.4299558599234961e+00   75   75   61   61
 1.6050960207553389e+00   75   75   62   62
 1.3244357120336527e+00   75   75   63   63
 1.7049889837003094e+00   75   75   64   64
 4.6439440174306312e-01   75   75   65   65
 4.4044770422481239e-01   75   75   66   66
 1.5976663990867739e+00   75   75   67   67
 1.7741778140326971e+00   75   75   68   68
 2.3349181773016605e+00   75   75   69   69
 1.6968489811794327e+00   75   75   70   70
 2.1379364978556890e+00   75   75   71   71
 2.7524032851415945e+00   75   75   72   72
 2.8244759792583634e+00   75   75   73   73
 3.9404780308864704e+00   75   75   74   74
 8.4208384499999998e+00   75   75   75   75
 8.3309072168808773e-01   76   76    1    1
 8.3135527575510515e-01   76   76    2    2
 7.8066142552495121e-01   76   76    3    3
 7.4252153566331280e-01   76   76    4    4
 7.4145532755830745e-01   76   76    5    5
 7.8433883511031710e-01   76   76    6    6
 5.7667640182049074e-01   76   76    7    7
 5.7642086019207595e-01   76   76    8    8
 6.1480264043805433e-01   76   76    9    9
 6.0729397653734352e-01   76   76   10   10
 5.6476574612533059e-01   76   76   11   11
 4.1254598955090838e-01   76   76   12   12
 5.3535985124597385e-01   76   76   13   13
 5.3953344095650646e-01   76   76   14   14
 5.4164594799287391e-01   76   76   15   15
 5.2203411073647066e-01   76   76   16   16
 4.9279825432731372e-01   76   76   17   17
 4.8025008602027491e-01   76   76   18   18
 4.9549449533996343e-01   76   76   19   19
 5.2507152928820144e-01   76   76   20   20
 8.6899235361352078e-01   76   76   21   21
 8.1000506316997334e-01   76   76   22   22
 7.2989354243835203e-01   76   76   23   23
 6.8623780618113228e-01   76   76   24   24
 6.9880625441435851e-01   76   76   25   25
 7.6735810196451093e-01   76   76   26   26
 8.3313430669929922e-01   76   76   27   27
 9.7273444390309161e-01   76   76   28   28
 9.7456761590009555e-01   76   76   29   29
 1.0857149342828927e+00   76   76   30   30
 1.2575240177519651e+00   76   76   31   31
 4.2788337441235053e-01   76   76   32   32
 1.2539924250964158e+00   76   76   33   33
 1.0891464294506190e+00   76   76   34   34
 6.7763121188607678e-01   76   76   35   35
 6.3650757479177333e-01   76   76   36   36
 6.1318672890420156e-01   76   76   37   37
 6.2674885223194488e-01   76   76   38   38
 6.6545896746788147e-01   76   76   39   39
 6.9668204249469357e-01   76   76   40   40
 6.0262099344268427e-01   76   76   41   41
 6.5059297687449491e-01   76   76   42   42
 6.5097647209595799e-01   76   76   43   43
 5.2617123976344249e-01   76   76   44   44
 6.0494834094134331e-01   76   76   45   45
 5.6691990781663104e-01   76   76   46   46
 5.6676511936389939e-01   76   76   47   47
 5.0894363785445429e-01   76   76   48   48
 4.9415016205221807e-01   76   76   49   49
 5.2706135812507093e-01   76   76   50   50
 4.9474456700682562e-01   76   76   51   51
 5.1047861571665754e-01   76   76   52   52
 1.1670749843817390e+00   76   76   53   53
 4.4845815738333739e-01   76   76   54   54
 4.7519237214057375e-01   76   76   55   55
 4.2502900636789154e-01   76   76   56   56
 4.0858296420333362e-01   76   76   57   57
 4.4920156701825548e-01   76   76   58   58
 4.3360435435517974e-01   76   76   59   59
 4.5414846997908670e-01   76   76   60   60
 1.3678243951846456e+00   76   76   61   61
 1.5434672753236975e+00   76   76   62   62
 1.2982250885082514e+00   76   76   63   63
 1.6066722529353521e+00   76   76   64   64
 4.5026005147775022e-01   76   76   65   65
 4.2832878730651436e-01   76   76   66   66
 1.3396406801238323e+00   76   76   67   67
 1.4385133157582675e+00   76   76   68   68
 1.7811900866774950e+00   76   76   69   69
 1.4445197992574470e+00   76   76   70   70
 1.7804679293856145e+00   76   76   71   71
 2.0809584123059297e+00   76   76   72   72
 2.5737850257156154e+00   76   76   73   73
 2.8503988970029610e+00   76   76   74   74
 3.9355880190506340e+00   76   76   75   75
 8.4208384499999998e+00   76   76   76   76
 7.8192570477810031e-01   77   77    1    1
 7.7463584761173343e-01   77   77    2    2
 7.2043547894558058e-01   77   77    3    3
 6.8398692016633489e-01   77   77    4    4
 6.8702037779799363e-01   77   77    5    5
 7.3333238339552476e-01   77   77    6    6
 5.3759839748596838e-01   77   77    7    7
 5.3866567917488017e-01   77   77    8    8
 5.7178883726102714e-01   77   77    9    9
 5.6738163862311908e-01   77   77   10   10
 5.3182121063815113e-01   77   77   11   11
 3.8822565648537583e-01   77   77   12   12
 5.0541218491632656e-01   77   77   13   13
 5.0781215974108451e-01   77   77   14   14
 5.0538176228184695e-01   77   77   15   15
 4.8597166590947238e-01   77   77   16   16
 4.5960591750230539e-01   77   77   17   17
 4.4943707608909167e-01   77   77   18   18
 4.6470742996485181e-01   77   77   19   19
 4.9196642116273764e-01   77   77   20   20
 8.1554234842284057e-01   77   77   21   21
 7.6618691022673824e-01   77   77   22   22
 6.9639937119193807e-01   77   77   23   23
 6.5843760270309837e-01   77   77   24   24
 6.7072697004361914e-01   77   77   25   25
 7.3154775526868909e-01   77   77   26   26
 7.8729594127318381e-01   77   77   27   27
 9.1519772578141234e-01   77   77   28   28
 9.4453271434227215e-01   77   77   29   29
 1.0698224142321040e+00   77   77   30   30
 1.2111289112551886e+00   77   77   31   31
 4.1242824449678045e-01   77   77   32   32
 1.1498354584153347e+00   77   77   33   33
 9.9746853095607890e-01   77   77   34   34
 6.3391868302718113e-01   77   77   35   35
 5.9597393095938533e-01   77   77   36   36
 5.7026887805315563e-01   77   77   37   37
 5.7838697898207758e-01   77   77   38   38
 6.1270483221552219e-01   77   77   39   39
 6.4571664641379511e-01   77   77   40   40
 5.8073150802353268e-01   77   77   41   41
 6.2816646874976001e-01   77   77   42   42
 6.3400425344968558e-01   77   77   43   43
 5.0800889786886971e-01   77   77   44   44
 5.9150836818634323e-01   77   77   45   45
 5.5249725896796797e-01   77   77   46   46
 5.4877691730823985e-01   77   77   47   47
 4.9192081200243248e-01   77   77   48   48
 4.8129896554825918e-01   77   77   49   49
 5.1264832294249463e-01   77   77   50   50
 4.8509295480152814e-01   77   77   51   51
 5.0041925988220459e-01   77   77   52   52
 1.5608237084256051e+00   77   77   53   53
 4.2050523122916389e-01   77   77   54   54
 4.5513347461307807e-01   77   77   55   55
 3.9932472083700071e-01   77   77   56   56
 3.8448952829823835e-01   77   77   57   57
 4.3305406598230411e-01   77   77   58   58
 4.0734746952438916e-01   77   77   59   59
 4.2576803555103093e-01   77   77   60   60
 1.9251515422167462e+00   77   77   61   61
 2.1669507924836022e+00   77   77   62   62
 1.7457856101490228e+00   77   77   63   63
 2.3515246683150623e+00   77   77   64   64
 4.3145790022476310e-01   77   77   65   65
 4.1173878100565764e-01   77   77   66   66
 1.4370720929852521e+00   77   77   67   67
 1.4325735885257644e+00   77   77   68   68
 1.6922547919794260e+00   77   77   69   69
 1.6734209891123990e+00   77   77   70   70
 2.1398572280948143e+00   77   77   71   71
 2.1575655674222571e+00   77   77   72   72
 3.9390167080242864e+00   77   77   73   73
 2.8391042132519035e+00   77   77   74   74
 2.5525954164606119e+00   77   77   75   75
 2.8242676095010806e+00   77   77   76   76
 8.4208384499999998e+00   77   77   77   77
 7.7117231784541451e-01   78   78    1    1
 7.6681934828582476e-01   78   78    2    2
 7.1935321215564652e-01   78   78    3    3
 6.8551209149273717e-01   78   78    4    4
 6.8666254471952615e-01   78   78    5    5
 7.2740099630016641e-01   78   78    6    6
 5.4243435134566165e-01   78   78    7    7
 5.4354800085490240e-01   78   78    8    8
 5.7820653902051677e-01   78   78    9    9
 5.7354127517106002e-01   78   78   10   10
 5.3643546572686729e-01   78   78   11   11
 3.9288506285296426e-01   78   78   12   12
 5.0905552506193441e-01   78   78   13   13
 5.1150428744864074e-01   78   78   14   14
 5.1043844526598725e-01   78   78   15   15
 4.9245594271199705e-01   78   78   16   16
 4.6581973553675859e-01   78   78   17   17
 4.5447006707612603e-01   78   78   18   18
 4.6857449223994468e-01   78   78   19   19
 4.9558168277539888e-01   78   78   20   20
 8.0229237670780662e-01   78   78   21   21
 7.5304746857247973e-01   78   78   22   22
 6.8394191861712872e-01   78   78   23   23
 6.4649674587354378e-01   78   78   24   24
 6.5870965393727976e-01   78   78   25   25
 7.1900676478967396e-01   78   78   26   26
 7.7424439205207429e-01   78   78   27   27
 8.9426105438972292e-01   78   78   28   28
 9.0795270664312078e-01   78   78   29   29
 1.0140172601272357e+00   78   78   30   30
 1.1531690274463193e+00   78   78   31   31
 4.1509680627488205e-01   78   78   32   32
 1.1249642108508111e+00   78   78   33   33
 9.8410050570326346e-01   78   78   34   34
 6.3350178085677655e-01   78   78   35   35
 5.9721101097840390e-01   78   78   36   36
 5.7452226800944939e-01   78   78   37   37
 5.8448790203880097e-01   78   78   38   38
 6.1808445955684876e-01   78   78   39   39
 6.4751186976923425e-01   78   78   40   40
 5.7229308685837121e-01   78   78   41   41
 6.1693957273367972e-01   78   78   42   42
 6.2045308640731278e-01   78   78   43   43
 5.1130292324393900e-01   78   78   44   44
 5.7939781821374625e-01   78   78   45   45
 5.4298236015734236e-01   78   78   46   46
 5.4076088223673635e-01   78   78   47   47
 4.9403433434071237e-01   78   78   48   48
 4.8127636678087787e-01   78   78   49   49
 5.1462026347273693e-01   78   78   50   50
 4.8389453207704819e-01   78   78   51   51
 5.0001944763899353e-01   78   78   52   52
 1.3030074787103820e+00   78   78   53   53
 4.2518969395168094e-01   78   78   54   54
 4.5831379522056603e-01   78   78   55   55
 4.0384931042625555e-01   78   78   56   56
 3.8900713642769130e-01   78   78   57   57
 4.3583937593960526e-01   78   78   58   58
 4.1221848767010577e-01   78   78   59   59
 4.3066257420506160e-01   78   78   60   60
 1.5274033631778976e+00   78   78   61   61
 1.7263875522898999e+00   78   78   62   62
 1.4501655407828029e+00   78   78   63   63
 1.7969039432130054e+00   78   78   64   64
 4.3446191925608402e-01   78   78   65   65
 4.1449995797679606e-01   78   78   66   66
 1.2890740051591709e+00   78   78   67   67
 1.3303876832626522e+00   78   78   68   68
 1.5930156456572626e+00   78   78   69   69
 1.4375795835486560e+00   78   78   70   70
 1.7811249715792663e+00   78   78   71   71
 1.9268676644406435e+00   78   78   72   72
 2.8423289888217420e+00   78   78   73   73
 2.5853263732548788e+00   78   78   74   74
 2.8253793203004847e+00   78   78   75   75
 3.9316016055754655e+00   78   78   76   76
 3.9346449794828993e+00   78   78   77   77
 8.4208384499999998e+00   78   78   78   78
 7.1825593631784646e-01   79   79    1    1
 7.0186398750023582e-01   79   79    2    2
 6.4503365113854416e-01   79   79    3    3
 6.1279549711621706e-01   79   79    4    4
 6.2206392123841769e-01   79   79    5    5
 6.7236338665586026e-01   79   79    6    6
 4.9214430942740517e-01   79   79    7    7
 4.9423109629992928e-01   79   79    8    8
 5.1908290071444341e-01   79   79    9    9
 5.1755351447226050e-01   79   79   10   10
 4.9179939576807585e-01   79   79   11   11
 3.5990683214155689e-01   79   79   12   12
 4.7073182003133524e-01   79   79   13   13
 4.7154483950496362e-01   79   79   14   14
 4.6343149164299541e-01   79   79   15   15
 4.4311685137526169e-01   79   79   16   16
 4.2028947896514746e-01   79   79   17   17
 4.1387136028102417e-01   79   79   18   18
 4.3024187492386812e-01   79   79   19   19
 4.5499583405758054e-01   79   79   20   20
 7.4209369114854695e-01   79   79   21   21
 7.0729723838941405e-01   79   79   22   22
 6.5774973981283447e-01   79   79   23   23
 6.2778434202354216e-01   79   79   24   24
 6.3548346249226006e-01   79   79   25   25
 6.7901890710209123e-01   79   79   26   26
 7.1877954149869561e-01   79   79   27   27
 8.2474266761441417e-01   79   79   28   28
 8.8828399451995588e-01   79   79   29   29
 1.0077422145309898e+00   79   79   30   30
 1.0614264511376199e+00   79   79   31   31
 3.9396950068574899e-01   79   79   32   32
 9.5675129025598282e-01   79   79   33   33
 8.5319680456362545e-01   79   79   34   34
 5.8440932413471169e-01   79   79   35   35
 5.5029822025439645e-01   79   79   36   36
 5.2041345737262756e-01   79   79   37   37
 5.2108898061590525e-01   79   79   38   38
 5.4997575967332912e-01   79   79   39   39
 5.8587426155218059e-01   79   79   40   40
 5.5644338002314153e-01   79   79   41   41
 6.0139249223147728e-01   79   79   42   42
 6.1307368323646128e-01   79   79   43   43
 4.8136119586045878e-01   79   79   44   44
 5.7648890145006493e-01   79   79   45   45
 5.3758756296339028e-01   79   79   46   46
 5.2980308304425583e-01   79   79   47   47
 4.6960139704066017e-01   79   79   48   48
 4.6701111066830947e-01   79   79   49   49
 4.9068686046128634e-01   79   79   50   50
 4.7538363174145704e-01   79   79   51   51
 4.8746001167400688e-01   79   79   52   52
 3.9420619639265149e+00   79   79   53   53
 3.8826538555940315e-01   79   79   54   54
 4.3081530238243559e-01   79   79   55   55
 3.6957309186324033e-01   79   79   56   56
 3.5647509987473947e-01   79   79   57   57
 4.1306826712216688e-01   79   79   58   58
 3.7683023932781684e-01   79   79   59   59
 3.9296097354115955e-01   79   79   60   60
 3.9393272218145277e+00   79   79   61   61
 2.5773386326637868e+00   79   79   62   62
 2.8400450756612527e+00   79   79   63   63
 2.8240579437367850e+00   79   79   64   64
 4.0937328057154498e-01   79   79   65   65
 3.9236961205340487e-01   79   79   66   66
 1.4079740762225572e+00   79   79   67   67
 1.2313826688090808e+00   79   79   68   68
 1.2521593133988551e+00   79   79   69   69
 1.7263976250412203e+00   79   79   70   70
 1.7685464773775834e+00   79   79   71   71
 1.4546645379957162e+00   79   79   72   72
 1.7113553404465098e+00   79   79   73   73
 1.4344014840960064e+00   79   79   74   74
 1.2235918995621304e+00   79   79   75   75
 1.1908255211397938e+00   79   79   76   76
 1.6175219847544096e+00   79   79   77   77
 1.3292481646206764e+00   79   79   78   78
 8.4208384499999998e+00   79   79   79   79
 8.2996477753286768e-01   80   80    1    1
 7.5936743403218476e-01   80   80    2    2
 7.5960514752161568e-01   80   80    3    3
 8.2578084185388545e-01   80   80    4    4
 9.1770625665796968e-01   80   80    5    5
 9.1642801904979865e-01   80   80    6    6
 1.3183543982252455e+00   80   80    7    7
 1.6045493601060268e+00   80   80    8    8
 1.8587643339562960e+00   80   80    9    9
 2.4783225919100507e+00   80   80   10   10
 2.7843253138999580e+00   80   80   11   11
 7.3493853570246748e-01   80   80   12   12
 2.0707229732231611e+00   80   80   13   13
 1.6768448579313857e+00   80   80   14   14
 1.1673526651739081e+00   80   80   15   15
 1.1587484913959745e+00   80   80   16   16
 1.0188637765225812e+00   80   80   17   17
 9.2014938099722021e-01   80   80   18   18
 9.2651930249192893e-01   80   80   19   19
 1.0243800906535272e+00   80   80   20   20
 6.9652463303644985e-01   80   80   21   21
 6.4231422936808513e-01   80   80   22   22
 6.3293923547480935e-01   80   80   23   23
 5.8575837368499406e-01   80   80   24   24
 5.5176204324197164e-01   80   80   25   25
 5.5855651696081043e-01   80   80   26   26
 5.9811942206564428e-01   80   80   27   27
 6.9269965053950588e-01   80   80   28   28
 6.5416692861002868e-01   80   80   29   29
 6.4341418577340792e-01   80   80   30   30
 6.6387170904505166e-01   80   80   31   31
 1.2888769800715487e+00   80   80   32   32
 7.0404249818708520e-01   80   80   33   33
 7.2205706775129086e-01   80   80   34   34
 1.1333196129717418e+00   80   80   35   35
 1.2622999562991608e+00   80   80   36   36
 1.2244856008570046e+00   80   80   37   37
 1.0744342531895277e+00   80   80   38   38
 9.9409276919568390e-01   80   80   39   39
 1.0118903818901017e+00   80   80   40   40
 5.0611505487713671e-01   80   80   41   41
 5.1513250840541602e-01   80   80   42   42
 4.8806207941916863e-01   80   80   43   43
 1.6579185249882080e+00   80   80   44   44
 4.6003612388482079e-01   80   80   45   45
 4.5387928160269109e-01   80   80   46   46
 4.7455585112705884e-01   80   80   47   47
 1.7965413578726595e+00   80   80   48   48
 1.5806136476722428e+00   80   80   49   49
 1.4110631784351730e+00   80   80   50   50
 1.3635621697919604e+00   80   80   51   51
 1.3042188449366148e+00   80   80   52   52
 5.2820677671067218e-01   80   80   53   53
 7.5357724076479737e-01   80   80   54   54
 1.9331595330292444e+00   80   80   55   55
 6.9188628195808066e-01   80   80   56   56
 6.8359033526203550e-01   80   80   57   57
 1.4368943855872431e+00   80   80   58   58
 8.1246731192851485e-01   80   80   59   59
 8.2722066245916237e-01   80   80   60   60
 5.2322500350477297e-01   80   80   61   61
 5.7880980131397097e-01   80   80   62   62
 5.6242307603351038e-01   80   80   63   63
 5.5644724978114468e-01   80   80   64   64
 1.5974681397130024e+00   80   80   65   65
 1.3394436219231727e+00   80   80   66   66
 6.1355167454466897e-01   80   80   67   67
 6.4201170658967588e-01   80   80   68   68
 6.4198943760131133e-01   80   80   69   69
 5.9048007431542660e-01   80   80   70   70
 5.9104905720985745e-01   80   80   71   71
 6.1445920753638639e-01   80   80   72   72
 5.7222143755016097e-01   80   80   73   73
 6.0076721929880439e-01   80   80   74   74
 6.0721342850680404e-01   80   80   75   75
 5.8243339325144561e-01   80   80   76   76
 5.5136971781022692e-01   80   80   77   77
 5.5602352901129359e-01   80   80   78   78
 5.1104417123176404e-01   80   80   79   79
 8.4208384499999998e+00   80   80   80   80
 8.2353836474492348e-01   81   81    1    1
 7.5697224322349932e-01   81   81    2    2
 7.6447475921145369e-01   81   81    3    3
 8.3781798278017494e-01   81   81    4    4
 9.3011434910984570e-01   81   81    5    5
 9.1576958804188402e-01   81   81    6    6
 1.4793666795079805e+00   81   81    7    7
 1.8606153634451901e+00   81   81    8    8
 2.0682323030306384e+00   81   81    9    9
 2.7902468304278547e+00   81   81   10   10
 3.8988068287155913e+00   81   81   11   11
 8.1026409795579257e-01   81   81   12   12
 2.7881038302692223e+00   81   81   13   13
 2.0669105632079332e+00   81   81   14   14
 1.3183034822718898e+00   81   81   15   15
 1.3221964508534327e+00   81   81   16   16
 1.1521836310071261e+00   81   81   17   17
 1.0285193887559694e+00   81   81   18   18
 1.0297559591335437e+00   81   81   19   19
 1.1407829740029500e+00   81   81   20   20
 6.9125072175919666e-01   81   81   21   21
 6.4074726834074436e-01   81   81   22   22
 6.3589821319499706e-01   81   81   23   23
 5.8989370680427144e-01   81   81   24   24
 5.5392881580286202e-01   81   81   25   25
 5.5784581924942522e-01   81   81   26   26
 5.9527534441178998e-01   81   81   27   27
 6.8092376144398503e-01   81   81   28   28
 6.4145244303615789e-01   81   81   29   29
 6.2633841263748069e-01   81   81   30   30
 6.4221830590285156e-01   81   81   31   31
 1.3297605638908689e+00   81   81   32   32
 6.8164690357974977e-01   81   81   33   33
 7.0488556451203932e-01   81   81   34   34
 1.1696384016501695e+00   81   81   35   35
 1.3378036124508301e+00   81   81   36   36
 1.3241625682068916e+00   81   81   37   37
 1.1434183164943692e+00   81   81   38   38
 1.0361348190060673e+00   81   81   39   39
 1.0403702996536823e+00   81   81   40   40
 5.1160508541191041e-01   81   81   41   41
 5.1811111775715191e-01   81   81   42   42
 4.8930122988988173e-01   81   81   43   43
 1.4341024457651690e+00   81   81   44   44
 4.6195071258477016e-01   81   81   45   45
 4.5756336644282330e-01   81   81   46   46
 4.7995881462245776e-01   81   81   47   47
 1.5922603122136216e+00   81   81   48   48
 1.4387525616510852e+00   81   81   49   49
 1.2321968130541205e+00   81   81   50   50
 1.2348543835990424e+00   81   81   51   51
 1.1607052776061351e+00   81   81   52   52
 5.0144049488647402e-01   81   81   53   53
 8.2499804265857335e-01   81   81   54   54
 2.0659512154012183e+00   81   81   55   55
 7.5354559800964249e-01   81   81   56   56
 7.4667763145443300e-01   81   81   57   57
 1.4318794601238514e+00   81   81   58   58
 9.0439167225932204e-01   81   81   59   59
 9.1728153923245614e-01   81   81   60   60
 4.9944955886642334e-01   81   81   61   61
 5.4739617125425832e-01   81   81   62   62
 5.3152657089844280e-01   81   81   63   63
 5.2921724373523682e-01   81   81   64   64
 1.7732573437087211e+00   81   81   65   65
 1.4378368203360827e+00   81   81   66   66
 5.8995433936042263e-01   81   81   67   67
 6.1755414024153954e-01   81   81   68   68
 6.1503868562340547e-01   81   81   69   69
 5.6576926180724407e-01   81   81   70   70
 5.6448141620898473e-01   81   81   71   71
 5.8671709387140702e-01   81   81   72   72
 5.4462580364743207e-01   81   81   73   73
 5.7232481286044690e-01   81   81   74   74
 5.7838802749564133e-01   81   81   75   75
 5.5416545700854547e-01   81   81   76   76
 5.2429279813492735e-01   81   81   77   77
 5.2863369797064386e-01   81   81   78   78
 4.8732413346968251e-01   81   81   79   79
 3.9049757209984843e+00   81   81   80   80
 8.4208384499999998e+00   81   81   81   81
 7.4588201645865915e-01   82   82    1    1
 6.9101207675415088e-01   82   82    2    2
 6.9881152465122298e-01   82   82    3    3
 7.6135944319121274e-01   82   82    4    4
 8.3616109814168049e-01   82   82    5    5
 8.2209246921320223e-01   82   82    6    6
 1.3164382860320580e+00   82   82    7    7
 1.6030918451795213e+00   82   82    8    8
 1.6771809608719395e+00   82   82    9    9
 2.0725320060061381e+00   82   82   10   10
 2.7859415070833049e+00   82   82   11   11
 8.1284712885964638e-01   82   82   12   12
 2.4760552816520263e+00   82   82   13   13
 1.8561821154059805e+00   82   82   14   14
 1.2167006942700067e+00   82   82   15   15
 1.2444241741375317e+00   82   82   16   16
 1.1119037997373378e+00   82   82   17   17
 9.9611784577256002e-01   82   82   18   18
 9.8494129621205206e-01   82   82   19   19
 1.0695171908556629e+00   82   82   20   20
 6.3521046322850039e-01   82   82   21   21
 5.9326816415170003e-01   82   82   22   22
 5.9107313264854389e-01   82   82   23   23
 5.5186160960507069e-01   82   82   24   24
 5.1946623822752747e-01   82   82   25   25
 5.2160621049802702e-01   82   82   26   26
 5.5344982244244678e-01   82   82   27   27
 6.2513399285516591e-01   82   82   28   28
 5.9203792496299568e-01   82   82   29   29
 5.7857358235253498e-01   82   82   30   30
 5.9124294660188903e-01   82   82   31   31
 1.5922578354090686e+00   82   82   32   32
 6.2400522158253724e-01   82   82   33   33
 6.4397486228003664e-01   82   82   34   34
 1.0311595820741573e+00   82   82   35   35
 1.1695337676967372e+00   82   82   36   36
 1.1703361810341808e+00   82   82   37   37
 1.0247414446819321e+00   82   82   38   38
 9.3004786227264247e-01   82   82   39   39
 9.2805583453946006e-01   82   82   40   40
 4.8372860810306456e-01   82   82   41   41
 4.8837213326211792e-01   82   82   42   42
 4.6222854739834174e-01   82   82   43   43
 1.4769995793243020e+00   82   82   44   44
 4.3813086367245524e-01   82   82   45   45
 4.3496302447893620e-01   82   82   46   46
 4.5570961577558045e-01   82   82   47   47
 1.7036601053481646e+00   82   82   48   48
 1.5422270305493710e+00   82   82   49   49
 1.2518325753294781e+00   82   82   50   50
 1.2894059002995475e+00   82   82   51   51
 1.1880725618329304e+00   82   82   52   52
 4.7302896649825910e-01   82   82   53   53
 8.0676228273550477e-01   82   82   54   54
 2.7532835357548167e+00   82   82   55   55
 7.4302469825504347e-01   82   82   56   56
 7.4410294011354028e-01   82   82   57   57
 1.6913821756793759e+00   82   82   58   58
 9.0234002367432919e-01   82   82   59   59
 9.0028547386347768e-01   82   82   60   60
 4.6971714861839164e-01   82   82   61   61
 5.1249449774018663e-01   82   82   62   62
 4.9960424061621023e-01   82   82   63   63
 4.9574444987298766e-01   82   82   64   64
 2.3336665145802269e+00   82   82   65   65
 1.7803811578624620e+00   82   82   66   66
 5.4733013889296167e-01   82   82   67   67
 5.7026564534632618e-01   82   82   68   68
 5.6776159646802704e-01   82   82   69   69
 5.2668458387871575e-01   82   82   70   70
 5.2527091310020746e-01   82   82   71   71
 5.4389817476871416e-01   82   82   72   72
 5.0814917508357249e-01   82   82   73   73
 5.3163762080248422e-01   82   82   74   74
 5.3678079740712370e-01   82   82   75   75
 5.1634437907684816e-01   82   82   76   76
 4.9073111956395382e-01   82   82   77   77
 4.9449825274964804e-01   82   82   78   78
 4.5973649530517602e-01   82   82   79   79
 2.8428185921214495e+00   82   82   80   80
 3.9094662596010177e+00   82   82   81   81
 8.4208384499999998e+00   82   82   82   82
 7.5985246753961866e-01   83   83    1    1
 6.9849403802256549e-01   83   83    2    2
 6.9537679454424794e-01   83   83    3    3
 7.4820031562768408e-01   83   83    4    4
 8.2390307008607289e-01   83   83    5    5
 8.2832163936571346e-01   83   83    6    6
 1.1207402418804244e+00   83   83    7    7
 1.3227459455889923e+00   83   83    8    8
 1.4856428119915177e+00   83   83    9    9
 1.8573656864136150e+00   83   83   10   10
 2.0660944589783039e+00   83   83   11   11
 6.8141213377649312e-01   83   83   12   12
 1.6763408981872387e+00   83   83   13   13
 1.3907904173016805e+00   83   83   14   14
 1.0131915649600316e+00   83   83   15   15
 1.0128116483756620e+00   83   83   16   16
 9.0808350608495969e-01   83   83   17   17
 8.2730864549517069e-01   83   83   18   18
 8.2919855500613793e-01   83   83   19   19
 9.0409277629071805e-01   83   83   20   20
 6.4669621707505676e-01   83   83   21   21
 5.9866299832732106e-01   83   83   22   22
 5.8927949235845334e-01   83   83   23   23
 5.4773603336933019e-01   83   83   24   24
 5.1821042929198835e-01   83   83   25   25
 5.2505320132552857e-01   83   83   26   26
 5.6056533400032060e-01   83   83   27   27
 6.4670086099670387e-01   83   83   28   28
 6.1514383625106173e-01   83   83   29   29
 6.0873114286308128e-01   83   83   30   30
 6.2866962772684398e-01   83   83   31   31
 1.4374358266483247e+00   83   83   32   32
 6.6223295573591701e-01   83   83   33   33
 6.7385246578450064e-01   83   83   34   34
 9.9092124194091225e-01   83   83   35   35
 1.0834742748144341e+00   83   83   36   36
 1.0510064524959952e+00   83   83   37   37
 9.3832813135466575e-01   83   83   38   38
 8.7806998612619847e-01   83   83   39   39
 8.9535236706821475e-01   83   83   40   40
 4.7659591145793434e-01   83   83   41   41
 4.8547456290131286e-01   83   83   42   42
 4.6198969803070400e-01   83   83   43   43
 2.1339223110396510e+00   83   83   44   44
 4.3655357368622910e-01   83   83   45   45
 4.3035587817979759e-01   83   83   46   46
 4.4840092338022458e-01   83   83   47   47
 2.3529622779322952e+00   83   83   48   48
 1.9535190542462413e+00   83   83   49   49
 1.7311314124646200e+00   83   83   50   50
 1.6348097241273496e+00   83   83   51   51
 1.5637799025739823e+00   83   83   52   52
 5.2179912792039584e-01   83   83   53   53
 6.9026200095086954e-01   83   83   54   54
 2.1652693013138182e+00   83   83   55   55
 6.3942902270786917e-01   83   83   56   56
 6.3503924041936444e-01   83   83   57   57
 1.6732524273547094e+00   83   83   58   58
 7.4600364638742078e-01   83   83   59   59
 7.5354517021050604e-01   83   83   60   60
 5.1261078176066743e-01   83   83   61   61
 5.6866458844093815e-01   83   83   62   62
 5.5547679948322537e-01   83   83   63   63
 5.4440165011436759e-01   83   83   64   64
 1.6967875948383970e+00   83   83   65   65
 1.4444236636288836e+00   83   83   66   66
 5.8861354144101230e-01   83   83   67   67
 6.1255261278401141e-01   83   83   68   68
 6.1414670626232459e-01   83   83   69   69
 5.7018959530812241e-01   83   83   70   70
 5.7192204677565051e-01   83   83   71   71
 5.9210168300101407e-01   83   83   72   72
 5.5686643303692895e-01   83   83   73   73
 5.8125650020563857e-01   83   83   74   74
 5.8687731534104493e-01   83   83   75   75
 5.6594440973814286e-01   83   83   76   76
 5.3889677031658711e-01   83   83   77   77
 5.4308853305221549e-01   83   83   78   78
 5.0288779746931012e-01   83   83   79   79
 3.9363124083680932e+00   83   83   80   80
 2.7936444342686588e+00   83   83   81   81
 2.5647621501379505e+00   83   83   82   82
 8.4208384499999998e+00   83   83   83   83
 6.9946734915032671e-01   84   84    1    1
 6.4734086508002753e-01   84   84    2    2
 6.4666526409629244e-01   84   84    3    3
 6.9443930533565090e-01   84   84    4    4
 7.5911439514644807e-01   84   84    5    5
 7.5947693475093703e-01   84   84    6    6
 1.0512989499957768e+00   84   84    7    7
 1.2304309184261255e+00   84   84    8    8
 1.3330558504740717e+00   84   84    9    9
 1.6195532023181736e+00   84   84   10   10
 1.8804652918927138e+00   84   84   11   11
 6.8441387527220165e-01   84   84   12   12
 1.6166384857546923e+00   84   84   13   13
 1.3312766339382647e+00   84   84   14   14
 9.6972253854185519e-01   84   84   15   15
 9.8107179444706449e-01   84   84   16   16
 8.9121173137887222e-01   84   84   17   17
 8.1287161948458908e-01   84   84   18   18
 8.0815484462194487e-01   84   84   19   19
 8.7104599890583778e-01   84   84   20   20
 6.0148080433703477e-01   84   84   21   21
 5.6061220026497094e-01   84   84   22   22
 5.5431152480479540e-01   84   84   23   23
 5.1797213462060432e-01   84   84   24   24
 4.9062869733672282e-01   84   84   25   25
 4.9545454705902642e-01   84   84   26   26
 5.2627632767396859e-01   84   84   27   27
 5.9956402192379432e-01   84   84   28   28
 5.7219782191161273e-01   84   84   29   29
 5.6550326024602016e-01   84   84   30   30
 5.8150169055901624e-01   84   84   31   31
 1.7809548799473918e+00   84   84   32   32
 6.1006025324373414e-01   84   84   33   33
 6.2130641684755039e-01   84   84   34   34
 9.0662524455130988e-01   84   84   35   35
 9.9369546125123731e-01   84   84   36   36
 9.7450307265104430e-01   84   84   37   37
 8.7352579432061361e-01   84   84   38   38
 8.1412622985869865e-01   84   84   39   39
 8.2411510945447075e-01   84   84   40   40
 4.5467966023384415e-01   84   84   41   41
 4.6161215309716047e-01   84   84   42   42
 4.3975412281634235e-01   84   84   43   43
 2.2624235975293114e+00   84   84   44   44
 4.1697238501522899e-01   84   84   45   45
 4.1208535247174233e-01   84   84   46   46
 4.2920767478554284e-01   84   84   47   47
 2.7760344955368450e+00   84   84   48   48
 2.2341650529893351e+00   84   84   49   49
 1.7699688122370276e+00   84   84   50   50
 1.7570051328429146e+00   84   84   51   51
 1.6199817277697262e+00   84   84   52   52
 4.9007490338351378e-01   84   84   53   53
 6.8132774175554023e-01   84   84   54   54
 2.9856445216013188e+00   84   84   55   55
 6.3449341248301283e-01   84   84   56   56
 6.3483826663460075e-01   84   84   57   57
 2.1395442534877165e+00   84   84   58   58
 7.4666307954335620e-01   84   84   59   59
 7.4614797714646697e-01   84   84   60   60
 4.8083053211858162e-01   84   84   61   61
 5.2996466911004403e-01   84   84   62   62
 5.1938897187466682e-01   84   84   63   63
 5.0839102797990876e-01   84   84   64   64
 2.1379673227933758e+00   84   84   65   65
 1.7804211060729067e+00   84   84   66   66
 5.4685583307587482e-01   84   84   67   67
 5.6703368491009398e-01   84   84   68   68
 5.6771862085126390e-01   84   84   69   69
 5.3071280554826883e-01   84   84   70   70
 5.3167893585476400e-01   84   84   71   71
 5.4868928976556630e-01   84   84   72   72
 5.1837532692924859e-01   84   84   73   73
 5.3920754305830132e-01   84   84   74   74
 5.4400436532154450e-01   84   84   75   75
 5.2619515490042956e-01   84   84   76   76
 5.0290042259124679e-01   84   84   77   77
 5.0654012562427231e-01   84   84   78   78
 4.7287931006503425e-01   84   84   79   79
 2.8443751943762710e+00   84   84   80   80
 2.5377239545684835e+00   84   84   81   81
 2.8262066565497963e+00   84   84   82   82
 3.9494430842544190e+00   84   84   83   83
 8.4208384499999998e+00   84   84   84   84
 6.9455395128620334e-01   85   85    1    1
 6.4487276048921627e-01   85   85    2    2
 6.4855184792528575e-01   85   85    3    3
 7.0016729525388577e-01   85   85    4    4
 7.6447665038870416e-01   85   85    5    5
 7.5774745922878251e-01   85   85    6    6
 1.1209905066427810e+00   85   85    7    7
 1.3242362414741033e+00   85   85    8    8
 1.3955987815052628e+00   85   85    9    9
 1.6853611271462889e+00   85   85   10   10
 2.0754853278383725e+00   85   85   11   11
 7.4192396699414820e-01   85   85   12   12
 1.8579297283857976e+00   85   85   13   13
 1.4851564729543658e+00   85   85   14   14
 1.0453350437032043e+00   85   85   15   15
 1.0687720991442904e+00   85   85   16   16
 9.7206443831597122e-01   85   85   17   17
 8.8105189052134902e-01   85   85   18   18
 8.7011086356940692e-01   85   85   19   19
 9.3466955832656773e-01   85   85   20   20
 5.9727112925029080e-01   85   85   21   21
 5.5875925971637463e-01   85   85   22   22
 5.5535252384495282e-01   85   85   23   23
 5.1994210917161210e-01   85   85   24   24
 4.9140249691819082e-01   85   85   25   25
 4.9429466133746158e-01   85   85   26   26
 5.2366394627167168e-01   85   85   27   27
 5.9125882783896822e-01   85   85   28   28
 5.6306183355361950e-01   85   85   29   29
 5.5338299572670335e-01   85   85   30   30
 5.6650017358408000e-01   85   85   31   31
 1.9263218572069363e+00   85   85   32   32
 5.9503435986598208e-01   85   85   33   33
 6.0980438302720930e-01   85   85   34   34
 9.2211103340855893e-01   85   85   35   35
 1.0250817620164347e+00   85   85   36   36
 1.0179777515993620e+00   85   85   37   37
 9.0624033825634398e-01   85   85   38   38
 8.3439005982349668e-01   85   85   39   39
 8.3709592558607693e-01   85   85   40   40
 4.5790175244434739e-01   85   85   41   41
 4.6304908645719173e-01   85   85   42   42
 4.4004727226929968e-01   85   85   43   43
 1.7743478794056762e+00   85   85   44   44
 4.1781654625435577e-01   85   85   45   45
 4.1422583869611201e-01   85   85   46   46
 4.3250586633667470e-01   85   85   47   47
 2.1467178593654790e+00   85   85   48   48
 1.8780472985089889e+00   85   85   49   49
 1.4540529261719024e+00   85   85   50   50
 1.5066103066227727e+00   85   85   51   51
 1.3699593925169009e+00   85   85   52   52
 4.6861790461260139e-01   85   85   53   53
 7.3041525931722207e-01   85   85   54   54
 3.9533161510569501e+00   85   85   55   55
 6.7911317027079754e-01   85   85   56   56
 6.8258362243958548e-01   85   85   57   57
 2.1567530981064196e+00   85   85   58   58
 8.1346476187193473e-01   85   85   59   59
 8.0737010875979931e-01   85   85   60   60
 4.6224362793023344e-01   85   85   61   61
 5.0575289880189589e-01   85   85   62   62
 4.9498725851139597e-01   85   85   63   63
 4.8749339695040750e-01   85   85   64   64
 2.7520893044791377e+00   85   85   65   65
 2.0805938817509029e+00   85   85   66   66
 5.2978593987106992e-01   85   85   67   67
 5.4981772774270699e-01   85   85   68   68
 5.4880346908985245e-01   85   85   69   69
 5.1248288100055894e-01   85   85   70   70
 5.1211964820379452e-01   85   85   71   71
 5.2872443144586023e-01   85   85   72   72
 4.9776134309164982e-01   85   85   73   73
 5.1851515955308025e-01   85   85   74   74
 5.2320414121065206e-01   85   85   75   75
 5.0535486211007630e-01   85   85   76   76
 4.8232733616916829e-01   85   85   77   77
 4.8585066676479421e-01   85   85   78   78
 4.5397426039414734e-01   85   85   79   79
 2.5974598158152915e+00   85   85   80   80
 2.8182831799957619e+00   85   85   81   81
 3.9411342866890928e+00   85   85   82   82
 2.8549361824599879e+00   85   85   83   83
 3.9590365721868221e+00   85   85   84   84
 8.4208384499999998e+00   85   85   85   85
 6.1172843592145609e-01   86   86    1    1
 5.7154881602420005e-01   86   86    2    2
 5.7226493695892544e-01   86   86    3    3
 6.1084375312447647e-01   86   86    4    4
 6.6006535169441560e-01   86   86    5    5
 6.5835405833383753e-01   86   86    6    6
 9.0191721241895217e-01   86   86    7    7
 1.0287740686756750e+00   86   86    8    8
 1.0747806457526154e+00   86   86    9    9
 1.2442241467381363e+00   86   86   10   10
 1.4328257660643491e+00   86   86   11   11
 6.5796335934196037e-01   86   86   12   12
 1.3294869419568902e+00   86   86   13   13
 1.1274207618279610e+00   86   86   14   14
 8.5483001128832237e-01   86   86   15   15
 8.7565944096954607e-01   86   86   16   16
 8.1480834054565343e-01   86   86   17   17
 7.4931284107077489e-01   86   86   18   18
 7.3769043859041594e-01   86   86   19   19
 7.8024282561764646e-01   86   86   20   20
 5.3489747792445419e-01   86   86   21   21
 5.0296183744340828e-01   86   86   22   22
 4.9932986034774801e-01   86   86   23   23
 4.7015122754848337e-01   86   86   24   24
 4.4684682601820042e-01   86   86   25   25
 4.4984897164405618e-01   86   86   26   26
 4.7461788097507535e-01   86   86   27   27
 5.3235823034566454e-01   86   86   28   28
 5.1087942263236230e-01   86   86   29   29
 5.0516102847496192e-01   86   86   30   30
 5.1730545218630108e-01   86   86   31   31
 2.8424680698102174e+00   86   86   32   32
 5.3942419012447562e-01   86   86   33   33
 5.4857640495916837e-01   86   86   34   34
 7.7328017042386943e-01   86   86   35   35
 8.4172029710650786e-01   86   86   36   36
 8.3412905620967082e-01   86   86   37   37
 7.5769481224592095e-01   86   86   38   38
 7.0765848744438964e-01   86   86   39   39
 7.1155751385091981e-01   86   86   40   40
 4.1810835424251763e-01   86   86   41   41
 4.2302797237534828e-01   86   86   42   42
 4.0419061949085761e-01   86   86   43   43
 2.1345610857151929e+00   86   86   44   44
 3.8515139601668935e-01   86   86   45   45
 3.8161765325762964e-01   86   86   46   46
 3.9674093379173520e-01   86   86   47   47
 2.7728978630667371e+00   86   86   48   48
 2.3767128859183071e+00   86   86   49   49
 1.7092584909218076e+00   86   86   50   50
 1.8173235296775394e+00   86   86   51   51
 1.6173263593735745e+00   86   86   52   52
 4.4848261544770129e-01   86   86   53   53
 6.3937459313463940e-01   86   86   54   54
 3.9495863772053235e+00   86   86   55   55
 6.0210844976879607e-01   86   86   56   56
 6.0879641700725218e-01   86   86   57   57
 3.9389406195076155e+00   86   86   58   58
 7.0995224183103478e-01   86   86   59   59
 6.9904059088926285e-01   86   86   60   60
 4.3872224809270211e-01   86   86   61   61
 4.7998851643264334e-01   86   86   62   62
 4.7269496537793293e-01   86   86   63   63
 4.6126789039314159e-01   86   86   64   64
 2.8247338285880348e+00   86   86   65   65
 2.5740904872955301e+00   86   86   66   66
 4.9051482705817823e-01   86   86   67   67
 5.0597413446174966e-01   86   86   68   68
 5.0638891708042100e-01   86   86   69   69
 4.7793150626435310e-01   86   86   70   70
 4.7860242360555599e-01   86   86   71   71
 4.9174346414589082e-01   86   86   72   72
 4.6829158007691574e-01   86   86   73   73
 4.8448952776426829e-01   86   86   74   74
 4.8838710052181927e-01   86   86   75   75
 4.7477184259824218e-01   86   86   76   76
 4.5624541047379402e-01   86   86   77   77
 4.5929653886579747e-01   86   86   78   78
 4.3310994543763764e-01   86   86   79   79
 1.7823472319555813e+00   86   86   80   80
 1.7638443548581726e+00   86   86   81   81
 2.1347303159311859e+00   86   86   82   82
 2.1423021021176343e+00   86   86   83   83
 2.9922737813321900e+00   86   86   84   84
 2.9787235359964876e+00   86   86   85   85
 8.4208384499999998e+00   86   86   86   86
 9.8416584509445204e-01   87   87    1    1
 9.1492986715846836e-01   87   87    2    2
 9.1186108219934248e-01   87   87    3    3
 9.7247473330586776e-01   87   87    4    4
 1.0556454446653811e+00   87   87    5    5
 1.0593967035577807e+00   87   87    6    6
 1.4099949135008623e+00   87   87    7    7
 1.6167786323223341e+00   87   87    8    8
 1.7282059612857332e+00   87   87    9    9
 2.0341670379608674e+00   87   87   10   10
 2.3012372265258980e+00   87   87   11   11
 9.7638959430038441e-01   87   87   12   12
 2.0547471801293260e+00   87   87   13   13
 1.7403826234409598e+00   87   87   14   14
 1.3168665654417191e+00   87   87   15   15
 1.3361025685763230e+00   87   87   16   16
 1.2308493082261611e+00   87   87   17   17
 1.1315510842075807e+00   87   87   18   18
 1.1219711990989141e+00   87   87   19   19
 1.1973209695705871e+00   87   87   20   20
 8.5579640112578204e-01   87   87   21   21
 8.0067018986670158e-01   87   87   22   22
 7.9155152977795018e-01   87   87   23   23
 7.4254319160226667e-01   87   87   24   24
 7.0573836602160012e-01   87   87   25   25
 7.1278313494085277e-01   87   87   26   26
 7.5488816704976569e-01   87   87   27   27
 8.5556808890580416e-01   87   87   28   28
 8.2072527233717441e-01   87   87   29   29
 8.1410254706664897e-01   87   87   30   30
 8.3691480614855540e-01   87   87   31   31
 3.1794153421441371e+00   87   87   32   32
 8.7358876063859303e-01   87   87   33   33
 8.8551907318099488e-01   87   87   34   34
 1.2385003483486761e+00   87   87   35   35
 1.3419720467861707e+00   87   87   36   36
 1.3170526701414191e+00   87   87   37   37
 1.1944518731330174e+00   87   87   38   38
 1.1214715747938930e+00   87   87   39   39
 1.1355462639449037e+00   87   87   40   40
 6.5606832103049317e-01   87   87   41   41
 6.6609554064734289e-01   87   87   42   42
 6.3666980575938370e-01   87   87   43   43
 4.3339655490106779e+00   87   87   44   44
 6.0514486337703099e-01   87   87   45   45
 5.9794799121635644e-01   87   87   46   46
 6.2117342508538254e-01   87   87   47   47
 6.0509953071042926e+00   87   87   48   48
 4.3298831040870409e+00   87   87   49   49
 3.2061744633235003e+00   87   87   50   50
 3.2045287803282139e+00   87   87   51   51
 2.9101629430096887e+00   87   87   52   52
 7.2811815590387874e-01   87   87   53   53
 9.6341845508392621e-01   87   87   54   54
 4.5236678076012904e+00   87   87   55   55
 9.0382420708292477e-01   87   87   56   56
 9.0789140736204943e-01   87   87   57   57
 4.2205884639850515e+00   87   87   58   58
 1.0559993046274898e+00   87   87   59   59
 1.0494797247523826e+00   87   87   60   60
 7.1026720532928578e-01   87   87   61   61
 7.8263881529176749e-01   87   87   62   62
 7.7042466204503579e-01   87   87   63   63
 7.4927864048459658e-01   87   87   64   64
 3.2778753798751472e+00   87   87   65   65
 2.9344661425578176e+00   87   87   66   66
 7.9438220955264138e-01   87   87   67   67
 8.2016958821001429e-01   87   87   68   68
 8.2237577297932429e-01   87   87   69   69
 7.7463278795738633e-01   87   87   70   70
 7.7696884090369867e-01   87   87   71   71
 7.9904911166381254e-01   87   87   72   72
 7.6078705811668301e-01   87   87   73   73
 7.8759495229113041e-01   87   87   74   74
 7.9392508297640862e-01   87   87   75   75
 7.7127510212583472e-01   87   87   76   76
 7.4077614633921751e-01   87   87   77   77
 7.4571043664633874e-01   87   87   78   78
 7.0106340284667890e-01   87   87   79   79
 3.1802009628752455e+00   87   87   80   80
 2.9034289110017855e+00   87   87   81   81
 3.2768580715542850e+00   87   87   82   82
 4.2236905801442521e+00   87   87   83   83
 6.0565577802525929e+00   87   87   84   84
 4.5226602783474279e+00   87   87   85   85
 6.0563741173973353e+00   87   87   86   86
 1.7979842710000000e+01   87   87   87   87
 1.3427153862514662e+00   88   88    1    1
 1.3225913425511580e+00   88   88    2    2
 1.2049487660662976e+00   88   88    3    3
 1.1316362538335107e+00   88   88    4    4
 1.1405382779674531e+00   88   88    5    5
 1.2384296505396879e+00   88   88    6    6
 8.5971344088688317e-01   88   88    7    7
 8.5872419301409775e-01   88   88    8    8
 9.0867094980924912e-01   88   88    9    9
 8.9822066756065733e-01   88   88   10   10
 8.4156391533827590e-01   88   88   11   11
 6.1007170000795341e-01   88   88   12   12
 8.0214499191582345e-01   88   88   13   13
 8.0862779091979331e-01   88   88   14   14
 8.0528418715886851e-01   88   88   15   15
 7.6785747053305076e-01   88   88   16   16
 7.2473907842141760e-01   88   88   17   17
 7.1177790349285652e-01   88   88   18   18
 7.4126543774461329e-01   88   88   19   19
 7.8779359638837532e-01   88   88   20   20
 1.4137516849326888e+00   88   88   21   21
 1.3228226126538414e+00   88   88   22   22
 1.1960275939050677e+00   88   88   23   23
 1.1250822117026509e+00   88   88   24   24
 1.1437911141306820e+00   88   88   25   25
 1.2514927405899972e+00   88   88   26   26
 1.3560338765880058e+00   88   88   27   27
 1.6201818914182522e+00   88   88   28   28
 1.7287134278777569e+00   88   88   29   29
 2.0342012571018979e+00   88   88   30   30
 2.3024163747115853e+00   88   88   31   31
 6.4175048131489643e-01   88   88   32   32
 2.0575003097780957e+00   88   88   33   33
 1.7425513351721136e+00   88   88   34   34
 1.0427940631555510e+00   88   88   35   35
 9.7051590740517901e-01   88   88   36   36
 9.1861435923915791e-01   88   88   37   37
 9.2950169288367590e-01   88   88   38   38
 9.9238803309272239e-01   88   88   39   39
 1.0597871638986691e+00   88   88   40   40
 9.7410404935298778e-01   88   88   41   41
 1.0640268226818852e+00   88   88   42   42
 1.0768584177690022e+00   88   88   43   43
 7.8700468323232653e-01   88   88   44   44
 9.9673255069901301e-01   88   88   45   45
 9.2373650940848684e-01   88   88   46   46
 9.1583152076272267e-01   88   88   47   47
 7.6709973335894233e-01   88   88   48   48
 7.5509589042637903e-01   88   88   49   49
 7.9416529710648365e-01   88   88   50   50
 7.6119785865575063e-01   88   88   51   51
 7.8050596091069213e-01   88   88   52   52
 2.9109324627201048e+00   88   88   53   53
 6.6505877552694481e-01   88   88   54   54
 7.1158567566817299e-01   88   88   55   55
 6.2999895623972768e-01   88   88   56   56
 6.0478388266634098e-01   88   88   57   57
 6.7347507576037846e-01   88   88   58   58
 6.4121384366704959e-01   88   88   59   59
 6.7259987353557960e-01   88   88   60   60
 4.3342936849439679e+00   88   88   61   61
 4.3318619273531631e+00   88   88   62   62
 3.2055969562535034e+00   88   88   63   63
 6.0524440617897382e+00   88   88   64   64
 6.7463625063918420e-01   88   88   65   65
 6.4224429659074234e-01   88   88   66   66
 3.1798329703902732e+00   88   88   67   67
 2.9045822320576997e+00   88   88   68   68
 3.2782194288890651e+00   88   88   69   69
 4.2232770740964956e+00   88   88   70   70
 6.0568529152351811e+00   88   88   71   71
 4.5238757001618222e+00   88   88   72   72
 6.0554935932696594e+00   88   88   73   73
 4.5229116602921771e+00   88   88   74   74
 3.2772946441429553e+00   88   88   75   75
 2.9339871523110661e+00   88   88   76   76
 4.2202825674105222e+00   88   88   77   77
 3.1790773970217834e+00   88   88   78   78
 3.2066861648704585e+00   88   88   79   79
 8.6726765863824651e-01   88   88   80   80
 8.2641993918410206e-01   88   88   81   81
 7.7175410588652438e-01   88   88   82   82
 8.4410953514255649e-01   88   88   83   83
 7.8659682433373679e-01   88   88   84   84
 7.5588564600381991e-01   88   88   85   85
 7.1122350136888812e-01   88   88   86   86
 1.0026527910294143e+00   88   88   87   87
 1.7979842710000000e+01   88   88   88   88
 4.4857137017251416e+00   89   89    1    1
 3.4639059753933852e+00   89   89    2    2
 2.7269255001984698e+00   89   89    3    3
 2.5434553106436057e+00   89   89    4    4
 2.7704989365152697e+00   89   89    5    5
 3.6086260604571470e+00   89   89    6    6
 1.4937617922795077e+00   89   89    7    7
 1.4409280800109716e+00   89   89    8    8
 1.5010060405519448e+00   89   89    9    9
 1.4111291120731853e+00   89   89   10   10
 1.2891664163645136e+00   89   89   11   11
 8.9759263939712020e-01   89   89   12   12
 1.2523273359319487e+00   89   89   13   13
 1.3120028749889761e+00   89   89   14   14
 1.3568580478757102e+00   89   89   15   15
 1.2279438975103232e+00   89   89   16   16
 1.1337091938862682e+00   89   89   17   17
 1.1286921984219362e+00   89   89   18   18
 1.2250851873333288e+00   89   89   19   19
 1.3507073453844041e+00   89   89   20   20
 3.2228002632554293e+00   89   89   21   21
 2.5986456592847422e+00   89   89   22   22
 2.4027170677313032e+00   89   89   23   23
 2.0052320494437077e+00   89   89   24   24
 1.8160171871226987e+00   89   89   25   25
 1.8946050732423270e+00   89   89   26   26
 2.2051588805670286e+00   89   89   27   27
 3.3426216642440929e+00   89   89   28   28
 3.0658538949282486e+00   89   89   29   29
 2.7363175778486175e+00   89   89   30   30
 2.5927262800456878e+00   89   89   31   31
 8.2424488458347700e-01   89   89   32   32
 2.7567289979895357e+00   89   89   33   33
 3.1279480641720703e+00   89   89   34   34
 2.2803856566100640e+00   89   89   35   35
 1.9219036527531703e+00   89   89   36   36
 1.7033378234677266e+00   89   89   37   37
 1.7248231731393073e+00   89   89   38   38
 1.9637266587762134e+00   89   89   39   39
 2.3326963337757718e+00   89   89   40   40
 1.4589168421406487e+00   89   89   41   41
 1.5746503010282964e+00   89   89   42   42
 1.4630106513114312e+00   89   89   43   43
 9.5752274347742006e-01   89   89   44   44
 1.3039033851494395e+00   89   89   45   45
 1.2394702227473324e+00   89   89   46   46
 1.3006710247694031e+00   89   89   47   47
 9.6605097447787713e-01   89   89   48   48
 9.5340977027077201e-01   89   89   49   49
 9.3752627779886832e-01   89   89   50   50
 9.3348246738829377e-01   89   89   51   51
 9.2593773916870814e-01   89   89   52   52
 1.1825788444365972e+00   89   89   53   53
 1.0259609329925854e+00   89   89   54   54
 9.5501391246911560e-01   89   89   55   55
 9.4661523020112859e-01   89   89   56   56
 8.9006363935665289e-01   89   89   57   57
 8.5829420035689097e-01   89   89   58   58
 9.6238373286955281e-01   89   89   59   59
 1.0381320864023911e+00   89   89   60   60
 1.2746651759735181e+00   89   89   61   61
 1.3356610207848671e+00   89   89   62   62
 1.2445100500810196e+00   89   89   63   63
 1.3551965309157443e+00   89   89   64   64
 9.0891987053902612e-01   89   89   65   65
 8.4535438958555198e-01   89   89   66   66
 2.0245403893802862e+00   89   89   67   67
 2.1927895653000231e+00   89   89   68   68
 1.9519109435211897e+00   89   89   69   69
 1.7491785737047838e+00   89   89   70   70
 1.6302243829898377e+00   89   89   71   71
 1.7031927143624439e+00   89   89   72   72
 1.3909878655179495e+00   89   89   73   73
 1.5186239859290258e+00   89   89   74   74
 1.4589955561419687e+00   89   89   75   75
 1.3004968175944096e+00   89   89   76   76
 1.2522975632511140e+00   89   89   77   77
 1.2183438212399988e+00   89   89   78   78
 1.1953088394376983e+00   89   89   79   79
 1.2313797644498141e+00   89   89   80   80
 1.2075483957470137e+00   89   89   81   81
 1.1003567596900488e+00   89   89   82   82
 1.1427378320646788e+00   89   89   83   83
 1.0531138726034603e+00   89   89   84   84
 1.0369438434902749e+00   89   89   85   85
 9.2523422338023875e-01   89   89   86   86
 1.4694020132141108e+00   89   89   87   87
 2.1654447875704106e+00   89   89   88   88
 9.6429912899999994e+00   89   89   89   89
 2.7306603486835757e+00   90   90    1    1
 3.4736920674066982e+00   90   90    2    2
 4.4872624502687168e+00   90   90    3    3
 3.5959551627464492e+00   90   90    4    4
 2.7642101645271953e+00   90   90    5    5
 2.5434438517851499e+00   90   90    6    6
 1.4821775216544417e+00   90   90    7    7
 1.3528793169092428e+00   90   90    8    8
 1.3581137773890164e+00   90   90    9    9
 1.2344356470720190e+00   90   90   10   10
 1.1316253757615982e+00   90   90   11   11
 1.0103399820557846e+00   90   90   12   12
 1.1300145214225985e+00   90   90   13   13
 1.2197981300008349e+00   90   90   14   14
 1.4223582086350377e+00   90   90   15   15
 1.3029748072593033e+00   90   90   16   16
 1.2391475720478529e+00   90   90   17   17
 1.2636156874352722e+00   90   90   18   18
 1.3713862004912767e+00   90   90   19   19
 1.4636137549027441e+00   90   90   20   20
 3.2301090963296430e+00   90   90   21   21
 3.3049611008200261e+00   90   90   22   22
 3.1830544642467955e+00   90   90   23   23
 2.7706020692755735e+00   90   90   24   24
 2.5273484888258504e+00   90   90   25   25
 2.6048531040649809e+00   90   90   26   26
 2.9235407206604531e+00   90   90   27   27
 2.6068573304719691e+00   90   90   28   28
 2.1911173352281121e+00   90   90   29   29
 1.8851053504803865e+00   90   90   30   30
 1.8209398413038489e+00   90   90   31   31
 7.3455030987152625e-01   90   90   32   32
 2.0308143321327030e+00   90   90   33   33
 2.4439524909981865e+00   90   90   34   34
 1.9572302108099875e+00   90   90   35   35
 1.7166891411013649e+00   90   90   36   36
 1.6912847603781349e+00   90   90   37   37
 1.9055873873712321e+00   90   90   38   38
 2.2621513280660319e+00   90   90   39   39
 2.3217580487879967e+00   90   90   40   40
 2.0526967161210758e+00   90   90   41   41
 2.1400140926413171e+00   90   90   42   42
 1.8520121856652558e+00   90   90   43   43
 8.0146894901873245e-01   90   90   44   44
 1.6326817805847580e+00   90   90   45   45
 1.5956490781576584e+00   90   90   46   46
 1.7573660358165288e+00   90   90   47   47
 8.0999032929468184e-01   90   90   48   48
 7.9017165374426479e-01   90   90   49   49
 7.7519198197291550e-01   90   90   50   50
 7.6486443133920412e-01   90   90   51   51
 7.5796901157085694e-01   90   90   52   52
 9.0754122856444486e-01   90   90   53   53
 1.2095153736545858e+00   90   90   54   54
 8.3970866880727035e-01   90   90   55   55
 1.1181534699176023e+00   90   90   56   56
 1.0272048517148884e+00   90   90   57   57
 7.5309673911030406e-01   90   90   58   58
 1.0725210009907027e+00   90   90   59   59
 1.1812706311833574e+00   90   90   60   60
 9.9692428596150029e-01   90   90   61   61
 1.0125686307234807e+00   90   90   62   62
 9.4300174841576401e-01   90   90   63   63
 1.0460051218203155e+00   90   90   64   64
 8.1455849716498219e-01   90   90   65   65
 7.6100098255649762e-01   90   90   66   66
 1.4299278386220962e+00   90   90   67   67
 1.5783291157212691e+00   90   90   68   68
 1.5004274327345806e+00   90   90   69   69
 1.2798204143026981e+00   90   90   70   70
 1.2422156151065287e+00   90   90   71   71
 1.3297376278349460e+00   90   90   72   72
 1.1300321455920161e+00   90   90   73   73
 1.2400495870964989e+00   90   90   74   74
 1.2481262823593398e+00   90   90   75   75
 1.1388135790274758e+00   90   90   76   76
 1.0478368174065520e+00   90   90   77   77
 1.0518716015642422e+00   90   90   78   78
 9.3045956346234293e-01   90   90   79   79
 1.0333151400685376e+00   90   90   80   80
 1.0426450319692788e+00   90   90   81   81
 9.6487552759432760e-01   90   90   82   82
 9.5512412713647676e-01   90   90   83   83
 8.9666974415283396e-01   90   90   84   84
 9.0130478777414547e-01   90   90   85   85
 8.0483389166993013e-01   90   90   86   86
 1.2538176869406592e+00   90   90   87   87
 1.6971823933695107e+00   90   90   88   88
 2.8043890065472983e+00   90   90   89   89
 9.6429912899999994e+00   90   90   90   90
 1.8025904172376168e+00   91   91    1    1
 1.6529818248259303e+00   91   91    2    2
 1.7154782468891732e+00   91   91    3    3
 1.9617118429234786e+00   91   91    4    4
 2.2310536122127065e+00   91   91    5    5
 2.0919775140171546e+00   91   91    6    6
 3.2109391474927511e+00   91   91    7    7
 3.4612114343920233e+00   91   91    8    8
 4.4843550016524540e+00   91   91    9    9
 3.6101636740033123e+00   91   91   10   10
 2.7737039914951658e+00   91   91   11   11
 1.2941159004026075e+00   91   91   12   12
 2.5457405567926665e+00   91   91   13   13
 2.7270476162647523e+00   91   91   14   14
 2.5809177240363064e+00   91   91   15   15
 2.3897755209928113e+00   91   91   16   16
 1.9913324414053095e+00   91   91   17   17
 1.8011524442857585e+00   91   91   18   18
 1.8780790059512407e+00   91   91   19   19
 2.1873687250089828e+00   91   91   20   20
 1.4563388195553579e+00   91   91   21   21
 1.3212218669903668e+00   91   91   22   22
 1.2938587561636932e+00   91   91   23   23
 1.1756166724791501e+00   91   91   24   24
 1.0960394224498102e+00   91   91   25   25
 1.1143100818568688e+00   91   91   26   26
 1.2108973280335402e+00   91   91   27   27
 1.4123859908209559e+00   91   91   28   28
 1.2818705638936554e+00   91   91   29   29
 1.2289731901998864e+00   91   91   30   30
 1.2705203317459479e+00   91   91   31   31
 1.2084242857509884e+00   91   91   32   32
 1.3971364352991540e+00   91   91   33   33
 1.4878131666444083e+00   91   91   34   34
 2.8587793896038183e+00   91   91   35   35
 3.2259924707881793e+00   91   91   36   36
 3.3342651052898105e+00   91   91   37   37
 2.9797395577933501e+00   91   91   38   38
 2.6871073985472167e+00   91   91   39   39
 2.6260622198231096e+00   91   91   40   40
 9.8960809371803415e-01   91   91   41   41
 1.0073475185317697e+00   91   91   42   42
 9.3873154801166625e-01   91   91   43   43
 1.3630997663312219e+00   91   91   44   44
 8.7486091554879575e-01   91   91   45   45
 8.6377609167065605e-01   91   91   46   46
 9.1416476816146930e-01   91   91   47   47
 1.3948024252493973e+00   91   91   48   48
 1.3099635721355425e+00   91   91   49   49
 1.2613350341578726e+00   91   91   50   50
 1.2190940856356103e+00   91   91   51   51
 1.1989772616824736e+00   91   91   52   52
 8.5274703924719519e-01   91   91   53   53
 1.4468106282383730e+00   91   91   54   54
 1.5191526283856840e+00   91   91   55   55
 1.2908240321888906e+00   91   91   56   56
 1.2302456913651607e+00   91   91   57   57
 1.2619752832826372e+00   91   91   58   58
 1.4522785640921627e+00   91   91   59   59
 1.5618292981926234e+00   91   91   60   60
 8.7631521610351593e-01   91   91   61   61
 9.5422649404422721e-01   91   91   62   62
 9.0717461837537272e-01   91   91   63   63
 9.3628550305976077e-01   91   91   64   64
 1.4269735226501044e+00   91   91   65   65
 1.2723044829923960e+00   91   91   66   66
 1.1064725312767798e+00   91   91   67   67
 1.1910918273747622e+00   91   91   68   68
 1.1872090185708297e+00   91   91   69   69
 1.0398251319647549e+00   91   91   70   70
 1.0390332078670854e+00   91   91   71   71
 1.1036586639819690e+00   91   91   72   72
 9.9266981446304803e-01   91   91   73   73
 1.0677845300522317e+00   91   91   74   74
 1.0905852914344287e+00   91   91   75   75
 1.0273058853439161e+00   91   91   76   76
 9.4463055677912566e-01   91   91   77   77
 9.5946103678844918e-01   91   91   78   78
 8.3967787367932778e-01   91   91   79   79
 2.2759831369791517e+00   91   91   80   80
 2.3343528934469164e+00   91   91   81   81
 1.9690792658712319e+00   91   91   82   82
 1.9171038379316041e+00   91   91   83   83
 1.7126621288961823e+00   91   91   84   84
 1.7336056249795078e+00   91   91   85   85
 1.4124439401402180e+00   91   91   86   86
 2.2509946070171787e+00   91   91   87   87
 1.4705750874203363e+00   91   91   88   88
 2.1917008080942031e+00   91   91   89   89
 2.0201330491959770e+00   91   91   90   90
 9.6429912899999994e+00   91   91   91   91
 1.2977289128093021e+00   92   92    1    1
 1.2192795193665764e+00   92   92    2    2
 1.2708112475163120e+00   92   92    3    3
 1.4216388345310274e+00   92   92    4    4
 1.5533969626799975e+00   92   92    5    5
 1.4599388739846457e+00   92   92    6    6
 3.2106491741766061e+00   92   92    7    7
 3.4623252666709297e+00   92   92    8    8
 2.7270626491350201e+00   92   92    9    9
 2.5453087508285570e+00   92   92   10   10
 2.7727261186602887e+00   92   92   11   11
 1.8050275599433496e+00   92   92   12   12
 3.6083552309221938e+00   92   92   13   13
 4.4850900427245080e+00   92   92   14   14
 3.3289490460014481e+00   92   92   15   15
 3.2196323338266368e+00   92   92   16   16
 2.8321598079519057e+00   92   92   17   17
 2.5942195889392083e+00   92   92   18   18
 2.6630611494267566e+00   92   92   19   19
 2.9669594758762998e+00   92   92   20   20
 1.1020757175867835e+00   92   92   21   21
 1.0445841407658714e+00   92   92   22   22
 1.0669338145504592e+00   92   92   23   23
 1.0004067380046442e+00   92   92   24   24
 9.2774010331333523e-01   92   92   25   25
 9.1490893436771425e-01   92   92   26   26
 9.6252682267401679e-01   92   92   27   27
 1.0500864236697540e+00   92   92   28   28
 9.8439862971190439e-01   92   92   29   29
 9.3787050702035146e-01   92   92   30   30
 9.3972713339038183e-01   92   92   31   31
 1.4056674866546484e+00   92   92   32   32
 9.9615257181647399e-01   92   92   33   33
 1.0570345223310353e+00   92   92   34   34
 1.9858361774430311e+00   92   92   35   35
 2.3857201080763075e+00   92   92   36   36
 2.5770459208701952e+00   92   92   37   37
 2.1826780844910898e+00   92   92   38   38
 1.8718236950523448e+00   92   92   39   39
 1.7927597647133267e+00   92   92   40   40
 8.7961976535679398e-01   92   92   41   41
 8.7398488329349033e-01   92   92   42   42
 8.1515570857220376e-01   92   92   43   43
 1.2684553696113599e+00   92   92   44   44
 7.7378252933848279e-01   92   92   45   45
 7.7766029366855627e-01   92   92   46   46
 8.2629786335809563e-01   92   92   47   47
 1.3707834676280852e+00   92   92   48   48
 1.3303744550376964e+00   92   92   49   49
 1.1630990299125841e+00   92   92   50   50
 1.2095616517532350e+00   92   92   51   51
 1.1395517130594377e+00   92   92   52   52
 6.8819378879079551e-01   92   92   53   53
 1.8921623106434742e+00   92   92   54   54
 1.7543076017048596e+00   92   92   55   55
 1.6671973038886376e+00   92   92   56   56
 1.6328128688575112e+00   92   92   57   57
 1.3950886001224720e+00   92   92   58   58
 2.1154705469927482e+00   92   92   59   59
 2.1976229207608600e+00   92   92   60   60
 6.9874342241091114e-01   92   92   61   61
 7.4334565430231792e-01   92   92   62   62
 7.1955083199822523e-01   92   92   63   63
 7.3186343543114751e-01   92   92   64   64
 1.7786110560397306e+00   92   92   65   65
 1.5636542729641305e+00   92   92   66   66
 8.4809417055603598e-01   92   92   67   67
 8.8738994275076022e-01   92   92   68   68
 8.7022509085102695e-01   92   92   69   69
 8.0362376686921666e-01   92   92   70   70
 7.9214276710669551e-01   92   92   71   71
 8.2144127640267506e-01   92   92   72   72
 7.5321333551894420e-01   92   92   73   73
 7.9346009197081524e-01   92   92   74   74
 7.9859407432255913e-01   92   92   75   75
 7.6054837259556463e-01   92   92   76   76
 7.2116340341830221e-01   92   92   77   77
 7.2456406739801771e-01   92   92   78   78
 6.7893292511872994e-01   92   92   79   79
 1.9684027291981216e+00   92   92   80   80
 2.3329764686716019e+00   92   92   81   81
 2.2726984358619897e+00   92   92   82   82
 1.7274268365177516e+00   92   92   83   83
 1.7095613882884528e+00   92   92   84   84
 1.9133001210902436e+00   92   92   85   85
 1.5373940644425055e+00   92   92   86   86
 2.2796300528542059e+00   92   92   87   87
 1.1312642498768377e+00   92   92   88   88
 1.6419785075485682e+00   92   92   89   89
 1.5708905699431126e+00   92   92   90   90
 2.7982462795424148e+00   92   92   91   91
 9.6429912899999994e+00   92   92   92   92
 1.2881129020640867e+00   93   93    1    1
 1.2330706362897155e+00   93   93    2    2
 1.3095552103462338e+00   93   93    3    3
 1.4731918070992516e+00   93   93    4    4
 1.5711476037625742e+00   93   93    5    5
 1.4412060078667701e+00   93   93    6    6
 3.2197248640146632e+00   93   93    7    7
 3.3176346770324576e+00   93   93    8    8
 2.9469749943313190e+00   93   93    9    9
 2.6303570255912496e+00   93   93   10   10
 2.5593239475348430e+00   93   93   11   11
 1.8906326234793389e+00   93   93   12   12
 2.8059834552152321e+00   93   93   13   13
 3.2030748916353198e+00   93   93   14   14
 3.4662191036209489e+00   93   93   15   15
 4.4867624178987677e+00   93   93   16   16
 3.6033535494788032e+00   93   93   17   17
 2.7720373136793239e+00   93   93   18   18
 2.5446163932267316e+00   93   93   19   19
 2.7272228981525308e+00   93   93   20   20
 1.1141474094643242e+00   93   93   21   21
 1.0517792141589848e+00   93   93   22   22
 1.0556914392761476e+00   93   93   23   23
 9.8871045720375594e-01   93   93   24   24
 9.2789424132517084e-01   93   93   25   25
 9.2702645275422668e-01   93   93   26   26
 9.7977646547131581e-01   93   93   27   27
 1.0652597189553907e+00   93   93   28   28
 9.8460846630140331e-01   93   93   29   29
 9.4148659641691324e-01   93   93   30   30
 9.5798134308469607e-01   93   93   31   31
 1.3000004108021117e+00   93   93   32   32
 1.0314465330617242e+00   93   93   33   33
 1.0940811632754797e+00   93   93   34   34
 1.8859938009436203e+00   93   93   35   35
 2.1927150650594105e+00   93   93   36   36
 2.5955535355967347e+00   93   93   37   37
 2.4129218721153238e+00   93   93   38   38
 2.0091011303584501e+00   93   93   39   39
 1.8118509122374662e+00   93   93   40   40
 8.7494216989796902e-01   93   93   41   41
 8.7203864873074588e-01   93   93   42   42
 8.1398242489050654e-01   93   93   43   43
 1.2351291454765880e+00   93   93   44   44
 7.7128893701987189e-01   93   93   45   45
 7.7332991612729407e-01   93   93   46   46
 8.2086496021957811e-01   93   93   47   47
 1.2929582305369640e+00   93   93   48   48
 1.2144042228847334e+00   93   93   49   49
 1.1264350870942113e+00   93   93   50   50
 1.1107491622257193e+00   93   93   51   51
 1.0750809929848202e+00   93   93   52   52
 6.8905125553234858e-01   93   93   53   53
 1.9938230089232194e+00   93   93   54   54
 1.6010545983151196e+00   93   93   55   55
 1.7481875738718380e+00   93   93   56   56
 1.7088901929770561e+00   93   93   57   57
 1.3040565771425154e+00   93   93   58   58
 2.2336240076175260e+00   93   93   59   59
 2.3320343429118418e+00   93   93   60   60
 7.0528724652760710e-01   93   93   61   61
 7.5404931526511088e-01   93   93   62   62
 7.2422660054601584e-01   93   93   63   63
 7.4348996253058219e-01   93   93   64   64
 1.5946684108412255e+00   93   93   65   65
 1.4199100556466520e+00   93   93   66   66
 8.5444059493318070e-01   93   93   67   67
 9.0596662410249429e-01   93   93   68   68
 9.0225844545000766e-01   93   93   69   69
 8.1116960277937911e-01   93   93   70   70
 8.0975014758255259e-01   93   93   71   71
 8.5058051910260979e-01   93   93   72   72
 7.8205288690547070e-01   93   93   73   73
 8.3002068988004496e-01   93   93   74   74
 8.4811694484440969e-01   93   93   75   75
 8.1128905687717001e-01   93   93   76   76
 7.5305558029920772e-01   93   93   77   77
 7.6594668792097242e-01   93   93   78   78
 6.8077727179886194e-01   93   93   79   79
 1.9049551760923107e+00   93   93   80   80
 2.1674615132698105e+00   93   93   81   81
 2.0362830816590130e+00   93   93   82   82
 1.6668974203224165e+00   93   93   83   83
 1.6136597114831064e+00   93   93   84   84
 1.7536165281719753e+00   93   93   85   85
 1.4331548886901084e+00   93   93   86   86
 2.1570052122238890e+00   93   93   87   87
 1.1593183068691431e+00   93   93   88   88
 1.5950890009683913e+00   93   93   89   89
 1.6499317078217335e+00   93   93   90   90
 3.3098852971279253e+00   93   93   91   91
 3.6272554676246131e+00   93   93   92   92
 9.6429912899999994e+00   93   93   93   93
 1.6755898581536843e+00   94   94    1    1
 1.6056152472895926e+00   94   94    2    2
 1.7404699616172332e+00   94   94    3    3
 2.0181254256674293e+00   94   94    4    4
 2.1708220789424608e+00   94   94    5    5
 1.9200313108781137e+00   94   94    6    6
 3.2198603030640847e+00   94   94    7    7
 2.5933782589708909e+00   94   94    8    8
 2.1964381638510666e+00   94   94    9    9
 1.8874192625929815e+00   94   94   10   10
 1.8094086040045252e+00   94   94   11   11
 1.7488489814139159e+00   94   94   12   12
 2.0010591209775912e+00   94   94   13   13
 2.4011613804826930e+00   94   94   14   14
 3.4640367224405511e+00   94   94   15   15
 2.7264048492883748e+00   94   94   16   16
 2.5445804515537209e+00   94   94   17   17
 2.7732942492347075e+00   94   94   18   18
 3.6060184140861016e+00   94   94   19   19
 4.4861329194451232e+00   94   94   20   20
 1.4157100044422879e+00   94   94   21   21
 1.3579743637542641e+00   94   94   22   22
 1.4260988855267345e+00   94   94   23   23
 1.3305334657279670e+00   94   94   24   24
 1.2045179670265644e+00   94   94   25   25
 1.1670417966012347e+00   94   94   26   26
 1.2252486069287616e+00   94   94   27   27
 1.2979036860130666e+00   94   94   28   28
 1.1973808262166126e+00   94   94   29   29
 1.1088910552008360e+00   94   94   30   30
 1.0916779540745967e+00   94   94   31   31
 1.0209392979792691e+00   94   94   32   32
 1.1659439038067951e+00   94   94   33   33
 1.2755936017616287e+00   94   94   34   34
 2.6628301544990345e+00   94   94   35   35
 2.9876847805975175e+00   94   94   36   36
 3.3296749554633029e+00   94   94   37   37
 3.1858388087802378e+00   94   94   38   38
 2.7959513178296462e+00   94   94   39   39
 2.5687237673650789e+00   94   94   40   40
 1.1472558453633093e+00   94   94   41   41
 1.1257303949218651e+00   94   94   42   42
 1.0268412363338133e+00   94   94   43   43
 1.0026492451901858e+00   94   94   44   44
 9.6773569115293878e-01   94   94   45   45
 9.8075525595774182e-01   94   94   46   46
 1.0624974103388560e+00   94   94   47   47
 1.0527657170121119e+00   94   94   48   48
 1.0302547889606788e+00   94   94   49   49
 9.4362115635353139e-01   94   94   50   50
 9.6628713797403454e-01   94   94   51   51
 9.2798174107594467e-01   94   94   52   52
 7.2371425763935260e-01   94   94   53   53
 2.2389739324563376e+00   94   94   54   54
 1.2097886790486523e+00   94   94   55   55
 1.8943565376567584e+00   94   94   56   56
 1.7096156963727103e+00   94   94   57   57
 1.0262375870230804e+00   94   94   58   58
 1.9941660942176731e+00   94   94   59   59
 2.3342142329618336e+00   94   94   60   60
 7.5020162340239949e-01   94   94   61   61
 7.8520822406042312e-01   94   94   62   62
 7.5334983924573895e-01   94   94   63   63
 7.8379064139420163e-01   94   94   64   64
 1.2021365137890681e+00   94   94   65   65
 1.0961307957585638e+00   94   94   66   66
 9.5531247540507247e-01   94   94   67   67
 1.0074332588933843e+00   94   94   68   68
 9.7387766497125394e-01   94   94   69   69
 8.9003484037013969e-01   94   94   70   70
 8.6866377383607152e-01   94   94   71   71
 9.0437607043464396e-01   94   94   72   72
 8.1170735187213261e-01   94   94   73   73
 8.6276677903185428e-01   94   94   74   74
 8.6546218844475475e-01   94   94   75   75
 8.1437328676872067e-01   94   94   76   76
 7.6931532472524411e-01   94   94   77   77
 7.7071479891473349e-01   94   94   78   78
 7.2236603542837519e-01   94   94   79   79
 1.4415362732270638e+00   94   94   80   80
 1.5690166452870442e+00   94   94   81   81
 1.4697122759548704e+00   94   94   82   82
 1.2876960776647013e+00   94   94   83   83
 1.2362975769558315e+00   94   94   84   84
 1.3074393878626180e+00   94   94   85   85
 1.1108308754202838e+00   94   94   86   86
 1.6868435894923755e+00   94   94   87   87
 1.2242119729515546e+00   94   94   88   88
 1.9897085450495646e+00   94   94   89   89
 2.1109258998118516e+00   94   94   90   90
 2.6889310902005779e+00   94   94   91   91
 3.3168680553606813e+00   94   94   92   92
 2.8010907911214544e+00   94   94   93   93
 9.6429912899999994e+00   94   94   94   94
 2.9676900304294569e+00   95   95    1    1
 3.3249281510951039e+00   95   95    2    2
 3.2053555830044806e+00   95   95    3    3
 2.8113745314910341e+00   95   95    4    4
 2.5881708898127487e+00   95   95    5    5
 2.6708216688723119e+00   95   95    6    6
 1.4238024743367828e+00   95   95    7    7
 1.3143374815127697e+00   95   95    8    8
 1.3018440173041070e+00   95   95    9    9
 1.1978005813946317e+00   95   95   10   10
 1.1172027315201389e+00   95   95   11   11
 9.6299105071949798e-01   95   95   12   12
 1.1252360942380699e+00   95   95   13   13
 1.2095527147895868e+00   95   95   14   14
 1.3564011001854208e+00   95   95   15   15
 1.2214698957384602e+00   95   95   16   16
 1.1606942447914117e+00   95   95   17   17
 1.1971829628793100e+00   95   95   18   18
 1.3225975757137354e+00   95   95   19   19
 1.4212712303136354e+00   95   95   20   20
 3.2113195474384786e+00   95   95   21   21
 3.4629323440726698e+00   95   95   22   22
 4.4867454432202827e+00   95   95   23   23
 3.6075496678204177e+00   95   95   24   24
 2.7736205784737180e+00   95   95   25   25
 2.5457063250693928e+00   95   95   26   26
 2.7263416605267605e+00   95   95   27   27
 2.5780321315946968e+00   95   95   28   28
 2.3966144537462415e+00   95   95   29   29
 1.9935462596286437e+00   95   95   30   30
 1.7957975505183497e+00   95   95   31   31
 7.3835258234172896e-01   95   95   32   32
 1.8691513764043988e+00   95   95   33   33
 2.1791776130932430e+00   95   95   34   34
 1.9951584710075299e+00   95   95   35   35
 1.7285750428520819e+00   95   95   36   36
 1.6174621203851212e+00   95   95   37   37
 1.7153909988542961e+00   95   95   38   38
 1.9771695833863383e+00   95   95   39   39
 2.1912957083182700e+00   95   95   40   40
 2.2334944827063330e+00   95   95   41   41
 2.3324239322134086e+00   95   95   42   42
 1.9935592698096503e+00   95   95   43   43
 8.0169360042720528e-01   95   95   44   44
 1.7476490795069046e+00   95   95   45   45
 1.7082233543337488e+00   95   95   46   46
 1.8900864117502074e+00   95   95   47   47
 8.1693987543421520e-01   95   95   48   48
 8.0824740206415724e-01   95   95   49   49
 7.7996579860127402e-01   95   95   50   50
 7.8587785774787144e-01   95   95   51   51
 7.7251461088966622e-01   95   95   52   52
 9.3244274738215294e-01   95   95   53   53
 1.1394497539094655e+00   95   95   54   54
 8.4193375216317179e-01   95   95   55   55
 1.0557798043435245e+00   95   95   56   56
 9.7525983728987165e-01   95   95   57   57
 7.5651636684550816e-01   95   95   58   58
 1.0216944757599957e+00   95   95   59   59
 1.1188731402865932e+00   95   95   60   60
 1.0123302035090558e+00   95   95   61   61
 1.0165797922707434e+00   95   95   62   62
 9.5923520226353476e-01   95   95   63   63
 1.0479461515393944e+00   95   95   64   64
 8.1747245602869956e-01   95   95   65   65
 7.6467072879730091e-01   95   95   66   66
 1.4719942920524036e+00   95   95   67   67
 1.5563500130146481e+00   95   95   68   68
 1.4172750704474109e+00   95   95   69   69
 1.3064030058619716e+00   95   95   70   70
 1.2265397819943293e+00   95   95   71   71
 1.2696003370651658e+00   95   95   72   72
 1.0800412721526131e+00   95   95   73   73
 1.1616451546784512e+00   95   95   74   74
 1.1336498247577522e+00   95   95   75   75
 1.0340152634578823e+00   95   95   76   76
 9.9322524260102418e-01   95   95   77   77
 9.7522021532239533e-01   95   95   78   78
 9.5578356863391101e-01   95   95   79   79
 1.0240654383602266e+00   95   95   80   80
 1.0347811735815886e+00   95   95   81   81
 9.6277996924041032e-01   95   95   82   82
 9.5070898653351688e-01   95   95   83   83
 8.9619770696519852e-01   95   95   84   84
 9.0155455137655061e-01   95   95   85   85
 8.0748859774550252e-01   95   95   86   86
 1.2564545398190623e+00   95   95   87   87
 1.6681046107958977e+00   95   95   88   88
 3.3071483491524849e+00   95   95   89   89
 3.6315614033718178e+00   95   95   90   90
 1.8590249644366132e+00   95   95   91   91
 1.5876773217687361e+00   95   95   92   92
 1.5276671061810534e+00   95   95   93   93
 2.1644345586993188e+00   95   95   94   94
 9.6429912899999994e+00   95   95   95   95
 2.1866986829745865e+00   96   96    1    1
 2.5747202226245394e+00   96   96    2    2
 2.3784797675281615e+00   96   96    3    3
 1.9835784059896098e+00   96   96    4    4
 1.7936217625246802e+00   96   96    5    5
 1.8742094959672180e+00   96   96    6    6
 1.1039918237906190e+00   96   96    7    7
 1.0483989312858430e+00   96   96    8    8
 1.0747800772438281e+00   96   96    9    9
 1.0112461721983079e+00   96   96   10   10
 9.3657060541636650e-01   96   96   11   11
 7.8940346377298543e-01   96   96   12   12
 9.1994894685980522e-01   96   96   13   13
 9.6547455664338488e-01   96   96   14   14
 1.0513066449967672e+00   96   96   15   15
 9.8282497974429850e-01   96   96   16   16
 9.3658222497587273e-01   96   96   17   17
 9.4287085909803636e-01   96   96   18   18
 1.0025018672382593e+00   96   96   19   19
 1.0614245905617290e+00   96   96   20   20
 3.2085476418966459e+00   96   96   21   21
 3.4574250832711102e+00   96   96   22   22
 2.7248562857807488e+00   96   96   23   23
 2.5461246753657996e+00   96   96   24   24
 2.7770640364921362e+00   96   96   25   25
 3.6142688651828565e+00   96   96   26   26
 4.4852158805330697e+00   96   96   27   27
 3.3466875437738177e+00   96   96   28   28
 3.1820699233529375e+00   96   96   29   29
 2.8226442048765188e+00   96   96   30   30
 2.6459840827676806e+00   96   96   31   31
 6.5309778524343221e-01   96   96   32   32
 2.7542670701945879e+00   96   96   33   33
 3.0470551411006812e+00   96   96   34   34
 1.4178734625697611e+00   96   96   35   35
 1.2688135221761878e+00   96   96   36   36
 1.2211814125152896e+00   96   96   37   37
 1.3041335964694483e+00   96   96   38   38
 1.4676901925392865e+00   96   96   39   39
 1.5549147773999470e+00   96   96   40   40
 1.9944278214240410e+00   96   96   41   41
 2.3390483844833225e+00   96   96   42   42
 2.2490039535882138e+00   96   96   43   43
 7.3595814035652807e-01   96   96   44   44
 1.9017445202613017e+00   96   96   45   45
 1.7135384860773877e+00   96   96   46   46
 1.7503212632810423e+00   96   96   47   47
 7.3557402276452144e-01   96   96   48   48
 7.2114742269763887e-01   96   96   49   49
 7.2214628050345864e-01   96   96   50   50
 7.0803104537885198e-01   96   96   51   51
 7.0850490008583067e-01   96   96   52   52
 1.1038823204945307e+00   96   96   53   53
 9.0404398872812841e-01   96   96   54   54
 7.3488348724826069e-01   96   96   55   55
 8.5101181434839079e-01   96   96   56   56
 7.9772112867577638e-01   96   96   57   57
 6.7360556202542976e-01   96   96   58   58
 8.2931455761632733e-01   96   96   59   59
 8.9182516548852175e-01   96   96   60   60
 1.2742002309515121e+00   96   96   61   61
 1.2437296905275550e+00   96   96   62   62
 1.1374706116936608e+00   96   96   63   63
 1.3295298716112809e+00   96   96   64   64
 7.0872786857048231e-01   96   96   65   65
 6.6829162757826532e-01   96   96   66   66
 2.0005902578187538e+00   96   96   67   67
 2.2448955090070215e+00   96   96   68   68
 2.0712493101777536e+00   96   96   69   69
 1.7407693610733335e+00   96   96   70   70
 1.6660402935189027e+00   96   96   71   71
 1.7906370653243513e+00   96   96   72   72
 1.4604139061255079e+00   96   96   73   73
 1.6216612246846374e+00   96   96   74   74
 1.5954243810686095e+00   96   96   75   75
 1.4193264485538328e+00   96   96   76   76
 1.3232383267003451e+00   96   96   77   77
 1.3086803435237000e+00   96   96   78   78
 1.1604258701418397e+00   96   96   79   79
 8.9494111619980943e-01   96   96   80   80
 8.8494862029242416e-01   96   96   81   81
 8.2373757652083779e-01   96   96   82   82
 8.4345056607010138e-01   96   96   83   83
 7.9145558799838367e-01   96   96   84   84
 7.8379140749158893e-01   96   96   85   85
 7.1510159727904909e-01   96   96   86   86
 1.1211021400124750e+00   96   96   87   87
 2.2179282933427409e+00   96   96   88   88
 2.6984530709096273e+00   96   96   89   89
 3.2904192863504647e+00   96   96   90   90
 1.6009310763223377e+00   96   96   91   91
 1.2481704260927868e+00   96   96   92   92
 1.2929765178739581e+00   96   96   93   93
 1.5290646934549839e+00   96   96   94   94
 2.7967746227899868e+00   96   96   95   95
 9.6429912899999994e+00   96   96   96   96
 2.4731693147517877e+00   97   97    1    1
 2.6297175281714744e+00   97   97    2    2
 2.2046782675991339e+00   97   97    3    3
 1.8986607220041978e+00   97   97    4    4
 1.8358357200473772e+00   97   97    5    5
 2.0529053781015172e+00   97   97    6    6
 1.1223996256520288e+00   97   97    7    7
 1.0750872178139956e+00   97   97    8    8
 1.0974251426438377e+00   97   97    9    9
 1.0404897863335911e+00   97   97   10   10
 9.7200410573591722e-01   97   97   11   11
 7.7751358468827081e-01   97   97   12   12
 9.5684931989245070e-01   97   97   13   13
 9.9986536890032063e-01   97   97   14   14
 1.0578245087173468e+00   97   97   15   15
 9.7605106254885476e-01   97   97   16   16
 9.2494568052331938e-01   97   97   17   17
 9.3444909099957507e-01   97   97   18   18
 1.0048140760177724e+00   97   97   19   19
 1.0739089820558290e+00   97   97   20   20
 3.2373904624395324e+00   97   97   21   21
 3.3090341735907898e+00   97   97   22   22
 2.9683303038942039e+00   97   97   23   23
 2.6587060670674010e+00   97   97   24   24
 2.5752148353155588e+00   97   97   25   25
 2.7838101867884473e+00   97   97   26   26
 3.1553917252432928e+00   97   97   27   27
 3.4743341786087383e+00   97   97   28   28
 4.4870505542961929e+00   97   97   29   29
 3.5946337949618155e+00   97   97   30   30
 2.7648412412578609e+00   97   97   31   31
 6.8010621879859079e-01   97   97   32   32
 2.5416459144365708e+00   97   97   33   33
 2.7295661085620302e+00   97   97   34   34
 1.5090940239322168e+00   97   97   35   35
 1.3365833582632738e+00   97   97   36   36
 1.2437195258037088e+00   97   97   37   37
 1.2867714976588636e+00   97   97   38   38
 1.4386427647351878e+00   97   97   39   39
 1.5895119418938719e+00   97   97   40   40
 1.8893900818926865e+00   97   97   41   41
 2.1897003300795972e+00   97   97   42   42
 2.1082730469911986e+00   97   97   43   43
 7.7019715942899747e-01   97   97   44   44
 1.8029036897327229e+00   97   97   45   45
 1.6336606710430075e+00   97   97   46   46
 1.6668778249583274e+00   97   97   47   47
 7.7456914344581818e-01   97   97   48   48
 7.6819792148946420e-01   97   97   49   49
 7.5988527471697465e-01   97   97   50   50
 7.5784009644872208e-01   97   97   51   51
 7.5382070202594442e-01   97   97   52   52
 1.1980458998464629e+00   97   97   53   53
 8.8512605647639042e-01   97   97   54   54
 7.6657753342539525e-01   97   97   55   55
 8.3084267903715070e-01   97   97   56   56
 7.8133984133738876e-01   97   97   57   57
 7.0272658982630298e-01   97   97   58   58
 8.1962460434936979e-01   97   97   59   59
 8.7940639737703874e-01   97   97   60   60
 1.3539252978399896e+00   97   97   61   61
 1.3130669968324911e+00   97   97   62   62
 1.2222811638586020e+00   97   97   63   63
 1.3911224202567511e+00   97   97   64   64
 7.3773423743022115e-01   97   97   65   65
 6.9519786482065804e-01   97   97   66   66
 2.2662048845052176e+00   97   97   67   67
 2.3248158652456401e+00   97   97   68   68
 1.9617435586146192e+00   97   97   69   69
 1.9089153531432739e+00   97   97   70   70
 1.7057801033651725e+00   97   97   71   71
 1.7270303176858313e+00   97   97   72   72
 1.4076627778986732e+00   97   97   73   73
 1.5140743503428711e+00   97   97   74   74
 1.4229583127828072e+00   97   97   75   75
 1.2689599898638211e+00   97   97   76   76
 1.2580808294166503e+00   97   97   77   77
 1.2050730584955196e+00   97   97   78   78
 1.2548800080847666e+00   97   97   79   79
 9.3382926837624036e-01   97   97   80   80
 9.2173417896050336e-01   97   97   81   81
 8.5849959819878585e-01   97   97   82   82
 8.8201439131856785e-01   97   97   83   83
 8.2760766054841939e-01   97   97   84   84
 8.1819569477487997e-01   97   97   85   85
 7.4680311858463055e-01   97   97   86   86
 1.1730441340714193e+00   97   97   87   87
 2.2425021755863219e+00   97   97   88   88
 3.4713591712073422e+00   97   97   89   89
 2.6780207388017678e+00   97   97   90   90
 1.5947328426916709e+00   97   97   91   91
 1.2991437288616143e+00   97   97   92   92
 1.2731353978203368e+00   97   97   93   93
 1.5872455686688709e+00   97   97   94   94
 3.3473059999572556e+00   97   97   95   95
 3.5418755487831359e+00   97   97   96   96
 9.6429912899999994e+00   97   97   97   97
 3.1137240940965949e+00   98   98    1    1
 3.3192932650359421e+00   98   98    2    2
 3.0246870531305188e+00   98   98    3    3
 2.6974890234923579e+00   98   98    4    4
 2.5673797932705655e+00   98   98    5    5
 2.7425628246887461e+00   98   98    6    6
 1.4313703689251944e+00   98   98    7    7
 1.3672482916509676e+00   98   98    8    8
 1.4435948952025262e+00   98   98    9    9
 1.3450461693341575e+00   98   98   10   10
 1.2103858603238069e+00   98   98   11   11
 8.9945573748532259e-01   98   98   12   12
 1.1673312508358193e+00   98   98   13   13
 1.2262522053976190e+00   98   98   14   14
 1.3207440084774751e+00   98   98   15   15
 1.2244586609922625e+00   98   98   16   16
 1.1371102237635429e+00   98   98   17   17
 1.1211587912422571e+00   98   98   18   18
 1.1932219564664870e+00   98   98   19   19
 1.2968265289654728e+00   98   98   20   20
 3.2368658218201642e+00   98   98   21   21
 2.6234536373100528e+00   98   98   22   22
 2.2091505988645577e+00   98   98   23   23
 1.8991469114698352e+00   98   98   24   24
 1.8281375753937981e+00   98   98   25   25
 2.0330175641518600e+00   98   98   26   26
 2.4472236006173280e+00   98   98   27   27
 3.4718390042151586e+00   98   98   28   28
 2.7282239232241849e+00   98   98   29   29
 2.5410037133001095e+00   98   98   30   30
 2.7662193155501797e+00   98   98   31   31
 7.7967481077995815e-01   98   98   32   32
 3.5981691867719330e+00   98   98   33   33
 4.4873040753594999e+00   98   98   34   34
 1.9551715721336622e+00   98   98   35   35
 1.7058369495070138e+00   98   98   36   36
 1.6205666734525281e+00   98   98   37   37
 1.7364338215889457e+00   98   98   38   38
 2.0003510518160890e+00   98   98   39   39
 2.1784196028541047e+00   98   98   40   40
 1.4590147477905051e+00   98   98   41   41
 1.5826886071713662e+00   98   98   42   42
 1.4759916424591835e+00   98   98   43   43
 9.0538759042037875e-01   98   98   44   44
 1.3125502100569446e+00   98   98   45   45
 1.2431088210069416e+00   98   98   46   46
 1.3014227991495262e+00   98   98   47   47
 9.0205255969827269e-01   98   98   48   48
 8.7493041922479697e-01   98   98   49   49
 8.8149343214901421e-01   98   98   50   50
 8.5318928031594277e-01   98   98   51   51
 8.5620755545010840e-01   98   98   52   52
 1.1379375672049128e+00   98   98   53   53
 1.0320706113915892e+00   98   98   54   54
 8.9848071646604755e-01   98   98   55   55
 9.5538999507103639e-01   98   98   56   56
 8.9639043050954159e-01   98   98   57   57
 8.1073062751997305e-01   98   98   58   58
 9.6068836935231972e-01   98   98   59   59
 1.0374951888679746e+00   98   98   60   60
 1.2645818798898043e+00   98   98   61   61
 1.3309517158214117e+00   98   98   62   62
 1.2096746628748238e+00   98   98   63   63
 1.3688219133381796e+00   98   98   64   64
 8.5691434479101902e-01   98   98   65   65
 7.9904586819927759e-01   98   98   66   66
 1.9606310788616470e+00   98   98   67   67
 2.3276276433278200e+00   98   98   68   68
 2.2745912124790806e+00   98   98   69   69
 1.7217153523739692e+00   98   98   70   70
 1.7067820432269787e+00   98   98   71   71
 1.9138450157381530e+00   98   98   72   72
 1.5384034547733454e+00   98   98   73   73
 1.7577291610064636e+00   98   98   74   74
 1.7867666826905899e+00   98   98   75   75
 1.5706634180857710e+00   98   98   76   76
 1.3969665263699211e+00   98   98   77   77
 1.4097084041450096e+00   98   98   78   78
 1.1598458663602664e+00   98   98   79   79
 1.1557067302451784e+00   98   98   80   80
 1.1321129572417352e+00   98   98   81   81
 1.0317251893001078e+00   98   98   82   82
 1.0729221691722288e+00   98   98   83   83
 9.8866723243925869e-01   98   98   84   84
 9.7321698979579407e-01   98   98   85   85
 8.7149480274840707e-01   98   98   86   86
 1.3818068629484730e+00   98   98   87   87
 2.2769886882153507e+00   98   98   88   88
 3.4859244134578171e+00   98   98   89   89
 3.4338319076451103e+00   98   98   90   90
 2.2265320192442832e+00   98   98   91   91
 1.5219631132396159e+00   98   98   92   92
 1.6239736318157623e+00   98   98   93   93
 1.8284655242186973e+00   98   98   94   94
 2.6872608975430254e+00   98   98   95   95
 3.4013694665559062e+00   98   98   96   96
 2.8082707811660290e+00   98   98   97   97
 9.6429912899999994e+00   98   98   98   98
 1.9152847339539962e+00   99   99    1    1
 1.6998508285691538e+00   99   99    2    2
 1.7228068269596535e+00   99   99    3    3
 1.9623830770401023e+00   99   99    4    4
 2.3285706174227614e+00   99   99    5    5
 2.2720559293722897e+00   99   99    6    6
 3.2230489330199661e+00   99   99    7    7
 3.3234996755750963e+00   99   99    8    8
 3.2114338216171752e+00   99   99    9    9
 2.8333766009540176e+00   99   99   10   10
 2.5935882074463343e+00   99   99   11   11
 1.2943266818828421e+00   99   99   12   12
 2.6556519321611836e+00   99   99   13   13
 2.9589807037911839e+00   99   99   14   14
 2.5984841000938608e+00   99   99   15   15
 2.1926194645729122e+00   99   99   16   16
 1.8845153019114906e+00   99   99   17   17
 1.8125073572348391e+00   99   99   18   18
 2.0114122485725572e+00   99   99   19   19
 2.4188432216119269e+00   99   99   20   20
 1.4907226234807824e+00   99   99   21   21
 1.3670560390628785e+00   99   99   22   22
 1.3844027392650546e+00   99   99   23   23
 1.2568370353102278e+00   99   99   24   24
 1.1460429045752183e+00   99   99   25   25
 1.1389389927958291e+00   99   99   26   26
 1.2266780294240693e+00   99   99   27   27
 1.4217387914397177e+00   99   99   28   28
 1.3185159011908543e+00   99   99   29   29
 1.2463309404586347e+00   99   99   30   30
 1.2465748212398253e+00   99   99   31   31
 1.2056059844713545e+00   99   99   32   32
 1.3324996748993128e+00   99   99   33   33
 1.4310966375262519e+00   99   99   34   34
 3.6034338382970197e+00   99   99   35   35
 4.4850143177845556e+00   99   99   36   36
 3.4674695313383372e+00   99   99   37   37
 2.7291803709245217e+00   99   99   38   38
 2.5446331908602766e+00   99   99   39   39
 2.7686419066763599e+00   99   99   40   40
 1.0430945079017153e+00   99   99   41   41
 1.0551819012238473e+00   99   99   42   42
 9.7805849121465371e-01   99   99   43   43
 1.2956310422347985e+00   99   99   44   44
 9.1253505198466800e-01   99   99   45   45
 9.0516436448441440e-01   99   99   46   46
 9.6251691269623341e-01   99   99   47   47
 1.3667538338473688e+00   99   99   48   48
 1.3377934429554308e+00   99   99   49   49
 1.2153474887289577e+00   99   99   50   50
 1.2493919132956510e+00   99   99   51   51
 1.1956624279054819e+00   99   99   52   52
 8.4370074288703667e-01   99   99   53   53
 1.4637100157504173e+00   99   99   54   54
 1.5046448289160743e+00   99   99   55   55
 1.3027949737561513e+00   99   99   56   56
 1.2353765878298730e+00   99   99   57   57
 1.2465055677803449e+00   99   99   58   58
 1.4506687648959256e+00   99   99   59   59
 1.5705828613967527e+00   99   99   60   60
 8.6128542768735294e-01   99   99   61   61
 9.2398104221260735e-01   99   99   62   62
 8.8797460920504423e-01   99   99   63   63
 9.0891908417762490e-01   99   99   64   64
 1.4336985885024527e+00   99   99   65   65
 1.2794328504439691e+00   99   99   66   66
 1.1007377844461828e+00   99   99   67   67
 1.1593984319835116e+00   99   99   68   68
 1.1215208389833327e+00   99   99   69   69
 1.0273023165505855e+00   99   99   70   70
 1.0029062147475660e+00   99   99   71   71
 1.0427616870076741e+00   99   99   72   72
 9.3236997310591363e-01   99   99   73   73
 9.9108891636331997e-01   99   99   74   74
 9.8816668708294397e-01   99   99   75   75
 9.2545093347216767e-01   99   99   76   76
 8.7938231821022150e-01   99   99   77   77
 8.7678654880428197e-01   99   99   78   78
 8.3206978910306495e-01   99   99   79   79
 2.0720829188158945e+00   99   99   80   80
 2.2021866778408188e+00   99   99   81   81
 1.9321758569639826e+00   99   99   82   82
 1.7839452654250429e+00   99   99   83   83
 1.6423313284771341e+00   99   99   84   84
 1.6957037231149215e+00   99   99   85   85
 1.3872914147142765e+00   99   99   86   86
 2.1781345277588056e+00   99   99   87   87
 1.4111423063886399e+00   99   99   88   88
 2.3916479687485581e+00   99   99   89   89
 1.9738432220072988e+00   99   99   90   90
 3.6109018636476073e+00   99   99   91   91
 3.3095206850754897e+00   99   99   92   92
 2.6823238610523785e+00   99   99   93   93
 3.3676233717269026e+00   99   99   94   94
 2.0899197567931846e+00   99   99   95   95
 1.5651286487745193e+00   99   99   96   96
 1.7007386752856917e+00   99   99   97   97
 2.0206609487203009e+00   99   99   98   98
 9.6429912899999994e+00   99   99   99   99
 1.7258752621529361e+00  100  100    1    1
 1.6988034788931097e+00  100  100    2    2
 1.9097456727667379e+00  100  100    3    3
 2.2662446663130726e+00  100  100    4    4
 2.3305396498442494e+00  100  100    5    5
 1.9675863971772538e+00  100  100    6    6
 3.2149508998912162e+00  100  100    7    7
 2.5885873162536135e+00  100  100    8    8
 2.3979663150213848e+00  100  100    9    9
 1.9961316966888938e+00  100  100   10   10
 1.8027524184204002e+00  100  100   11   11
 1.6775316538574665e+00  100  100   12   12
 1.8806842901863770e+00  100  100   13   13
 2.1908039151495178e+00  100  100   14   14
 3.3303843833849243e+00  100  100   15   15
 2.9894306274484719e+00  100  100   16   16
 2.6839616483809516e+00  100  100   17   17
 2.6068907329227469e+00  100  100   18   18
 2.8270969188779658e+00  100  100   19   19
 3.1997046115252910e+00  100  100   20   20
 1.4889920469258811e+00  100  100   21   21
 1.4071979872733160e+00  100  100   22   22
 1.4222647981162475e+00  100  100   23   23
 1.3161876017081189e+00  100  100   24   24
 1.2177759790635045e+00  100  100   25   25
 1.2120133880629642e+00  100  100   26   26
 1.2899584538926767e+00  100  100   27   27
 1.3752946369520969e+00  100  100   28   28
 1.2369122835994391e+00  100  100   29   29
 1.1528790318146174e+00  100  100   30   30
 1.1629007769615034e+00  100  100   31   31
 9.9065007684490813e-01  100  100   32   32
 1.2749802848909693e+00  100  100   33   33
 1.3995330944784117e+00  100  100   34   34
 2.5453176755399669e+00  100  100   35   35
 2.7278991210608190e+00  100  100   36   36
 3.4644012237098014e+00  100  100   37   37
 4.4852907618762412e+00  100  100   38   38
 3.6061961119787114e+00  100  100   39   39
 2.7708988506161827e+00  100  100   40   40
 1.1372291069971701e+00  100  100   41   41
 1.1286147262817228e+00  100  100   42   42
 1.0323899319857404e+00  100  100   43   43
 1.0124782039756530e+00  100  100   44   44
 9.6735097874190068e-01  100  100   45   45
 9.7257234950353111e-01  100  100   46   46
 1.0488693033791991e+00  100  100   47   47
 1.0423144637071049e+00  100  100   48   48
 9.9774103821418747e-01  100  100   49   49
 9.4890785725821880e-01  100  100   50   50
 9.3671342355534892e-01  100  100   51   51
 9.1571085658714124e-01  100  100   52   52
 7.4632540108071221e-01  100  100   53   53
 2.1287618815617817e+00  100  100   54   54
 1.1770493970357336e+00  100  100   55   55
 1.8166478188720547e+00  100  100   56   56
 1.6442187723872193e+00  100  100   57   57
 1.0047630423640208e+00  100  100   58   58
 1.9036786339137286e+00  100  100   59   59
 2.2113285759763999e+00  100  100   60   60
 7.8098180934562489e-01  100  100   61   61
 8.2420987720347649e-01  100  100   62   62
 7.8278730500570715e-01  100  100   63   63
 8.2368767747243399e-01  100  100   64   64
 1.1550906350443098e+00  100  100   65   65
 1.0540396957045286e+00  100  100   66   66
 9.9745206707693612e-01  100  100   67   67
 1.0730531002371999e+00  100  100   68   68
 1.0581597293842995e+00  100  100   69   69
 9.3032305318912423e-01  100  100   70   70
 9.2255575548999924e-01  100  100   71   71
 9.7788521196254719e-01  100  100   72   72
 8.7672867982004754e-01  100  100   73   73
 9.4284935887570787e-01  100  100   74   74
 9.6330215747787529e-01  100  100   75   75
 9.0792928041757548e-01  100  100   76   76
 8.3468939102429529e-01  100  100   77   77
 8.4806333990949168e-01  100  100   78   78
 7.4559358401175480e-01  100  100   79   79
 1.4658227753096733e+00  100  100   80   80
 1.5623718719818562e+00  100  100   81   81
 1.4331974960660880e+00  100  100   82   82
 1.3026524354818707e+00  100  100   83   83
 1.2305924167899320e+00  100  100   84   84
 1.2817008875001319e+00  100  100   85   85
 1.0905349732817415e+00  100  100   86   86
 1.6748494514513304e+00  100  100   87   87
 1.3016139646777278e+00  100  100   88   88
 1.9814267431486698e+00  100  100   89   89
 2.3730536075734938e+00  100  100   90   90
 3.3190283203587980e+00  100  100   91   91
 2.6865635118484210e+00  100  100   92   92
 3.3517531799971834e+00  100  100   93   93
 3.5828779707394354e+00  100  100   94   94
 2.0404143985612704e+00  100  100   95   95
 1.6564032946396605e+00  100  100   96   96
 1.5784768681454842e+00  100  100   97   97
 2.1121247419271083e+00  100  100   98   98
 2.8019466176773391e+00  100  100   99   99
 9.6429912899999994e+00  100  100  100  100
-1.6134818810698425e+02    1    1    0    0
-2.2505838645879765e+00    2    1    0    0
-1.6382356927373408e+02    2    2    0    0
-2.2526018169141544e+00    3    2    0    0
-1.5927248016613621e+02    3    3    0    0
-2.3228570289671917e+00    4    3    0    0
-1.5667005362691705e+02    4    4    0    0
-2.2941409058928048e+00    5    4    0    0
-1.5982618596444706e+02    5    5    0    0
-2.3369892909942283e+00    6    1    0    0
-2.3011524977819264e+00    6    5    0    0
-1.5869323660445235e+02    6    6    0    0
-1.6242014593969660e+02    7    7    0    0
-2.2008176093554033e+00    8    7    0    0
-1.5991424180716950e+02    8    8    0    0
-2.2381999154731247e+00    9    8    0    0
-1.5647009112619122e+02    9    9    0    0
-2.3329570707296741e+00   10    9    0    0
-1.4872569283630438e+02   10   10    0    0
-2.3070771580540388e+00   11   10    0    0
-1.4616347177180103e+02   11   11    0    0
-1.0514564985527835e+02   12   12    0    0
-2.3040354011693962e+00   13   11    0    0
-1.4551090177464255e+02   13   13    0    0
-2.2378104594680459e+00   14    8    0    0
-2.3267011776337316e+00   14   13    0    0
-1.5239194767023841e+02   14   14    0    0
-2.2148417288081834e+00   15    7    0    0
-1.5685170769746537e+02   15   15    0    0
-2.2419159659228032e+00   16   15    0    0
-1.4866411336259313e+02   16   16    0    0
-2.3313424973278023e+00   17   16    0    0
-1.3792294714722161e+02   17   17    0    0
-2.3174315282047209e+00   18   17    0    0
-1.3551907107312911e+02   18   18    0    0
-2.3202398461469937e+00   19   18    0    0
-1.3948743342638107e+02   19   19    0    0
-2.2415570951175021e+00   20   15    0    0
-2.3359188967031939e+00   20   19    0    0
-1.5053113495273539e+02   20   20    0    0
-2.2197589766572996e+00   21    2    0    0
-1.6254308535146055e+02   21   21    0    0
-2.2086857896840879e+00   22   21    0    0
-1.5660355000355193e+02   22   22    0    0
-2.2393179665971137e+00   23   22    0    0
-1.5017080113322757e+02   23   23    0    0
-2.3270928119825340e+00   24   23    0    0
-1.3890918740487680e+02   24   24    0    0
-2.3162633499708867e+00   25   24    0    0
-1.3488797919607262e+02   25   25    0    0
-2.3245327547053423e+00   26   25    0    0
-1.3746832735092713e+02   26   26    0    0
-2.2367344275420962e+00   27   22    0    0
-2.3398455039462012e+00   27   26    0    0
-1.4835813214807575e+02   27   27    0    0
-2.2311262108692231e+00   28   21    0    0
-1.6029923626966976e+02   28   28    0    0
-2.2544464707596332e+00   29   28    0    0
-1.5270805555084695e+02   29   29    0    0
-2.3321302896809706e+00   30   29    0    0
-1.4549515363717350e+02   30   30    0    0
-2.3000931532837177e+00   31   30    0    0
-1.4642495745203021e+02   31   31    0    0
-1.0367033251438517e+02   32   32    0    0
-2.2997722071718218e+00   33   31    0    0
-1.4907102807043029e+02   33   33    0    0
-2.2561571163917353e+00   34   28    0    0
-2.3336802432172696e+00   34   33    0    0
-1.5659256015633551e+02   34   34    0    0
-1.5850410353940697e+02   35   35    0    0
-2.3338778394930126e+00   36   35    0    0
-1.6121233554598615e+02   36   36    0    0
-2.2081684956428362e+00   37    7    0    0
-2.2485101549625197e+00   37   36    0    0
-1.6378855635568894e+02   37   37    0    0
-2.2418835157139307e+00   38   37    0    0
-1.5941912040098524e+02   38   38    0    0
-2.3264073596460020e+00   39   38    0    0
-1.5684127241472055e+02   39   39    0    0
-2.2208212215526326e+00   40    5    0    0
-2.2982564934398355e+00   40   35    0    0
-2.3009234259083668e+00   40   39    0    0
-1.5983641889273466e+02   40   40    0    0
-1.1608871445878560e+02   41   41    0    0
-2.2314148489150591e+00   42   25    0    0
-2.2166238528901490e+00   42   41    0    0
-1.2380202627148091e+02   42   42    0    0
-2.2116823550572700e+00   43   42    0    0
-1.1510446790425435e+02   43   43    0    0
-1.1274283577411924e+02   44   44    0    0
-2.3232507703565095e+00   45   43    0    0
-1.0472566374857854e+02   45   45    0    0
-2.3687821433706331e+00   46   45    0    0
-1.0097463295866191e+02   46   46    0    0
-2.3204424642287931e+00   47   41    0    0
-2.3667763299098605e+00   47   46    0    0
-1.0558104394831184e+02   47   47    0    0
-2.3164188084366577e+00   48   44    0    0
-1.2160813526339662e+02   48   48    0    0
-2.3094775589174459e+00   49   48    0    0
-1.1339002300732579e+02   49   49    0    0
-2.3320043925369434e+00   50   44    0    0
-1.0399892868451518e+02   50   50    0    0
-2.3353243421575440e+00   51   49    0    0
-1.0407634669880379e+02   51   51    0    0
-2.3393925229155830e+00   52   50    0    0
-2.3413683735900030e+00   52   51    0    0
-1.0091187694319315e+02   52   52    0    0
-9.9245935774692896e+01   53   53    0    0
-1.1710173033391979e+02   54   54    0    0
-1.2570659278292129e+02   55   55    0    0
-2.3225833801397537e+00   56   54    0    0
-1.0648500965047728e+02   56   56    0    0
-2.3659589431149262e+00   57   12    0    0
-2.3672947270934306e+00   57   56    0    0
-1.0161696123931434e+02   57   57    0    0
-2.3208326756495143e+00   58   32    0    0
-1.1067366392871904e+02   58   58    0    0
-2.3212726953615186e+00   59   12    0    0
-1.1545919065103364e+02   59   59    0    0
-2.2347372971474133e+00   60   18    0    0
-2.2159130115416694e+00   60   54    0    0
-2.2174726302952656e+00   60   59    0    0
-1.2446745724944010e+02   60   60    0    0
-1.1041665471203351e+02   61   61    0    0
-1.1418174300838650e+02   62   62    0    0
-2.3413837795122121e+00   63   53    0    0
-2.3361308220912891e+00   63   62    0    0
-1.0416127739027326e+02   63   63    0    0
-2.3172946378404045e+00   64   61    0    0
-2.3097933135948878e+00   64   62    0    0
-1.2109604178465493e+02   64   64    0    0
-2.3350944079090676e+00   65   55    0    0
-1.1566399857415432e+02   65   65    0    0
-2.3126689821046087e+00   66   32    0    0
-2.3221026561707006e+00   66   65    0    0
-1.0602618443046248e+02   66   66    0    0
-1.3287838999081134e+02   67   67    0    0
-2.2347271069443333e+00   68   31    0    0
-2.2482020006448487e+00   68   67    0    0
-1.4030389618577451e+02   68   68    0    0
-2.2583888342167171e+00   69   68    0    0
-1.3670507698082670e+02   69   69    0    0
-2.3231597281289593e+00   70   67    0    0
-1.2861348963487882e+02   70   70    0    0
-2.3561937881110828e+00   71   70    0    0
-1.3358134780488126e+02   71   71    0    0
-2.3409094399265387e+00   72   69    0    0
-2.3841422898182847e+00   72   71    0    0
-1.3456472512014696e+02   72   72    0    0
-1.2601269068025928e+02   73   73    0    0
-2.3700175816910751e+00   74   72    0    0
-2.3594465209052564e+00   74   73    0    0
-1.2855696950949797e+02   74   74    0    0
-2.3349997233152662e+00   75   74    0    0
-1.2001976182836118e+02   75   75    0    0
-2.3226266452507112e+00   76   75    0    0
-1.1049660118971464e+02   76   76    0    0
-2.3312985058420721e+00   77   73    0    0
-1.1294130304733739e+02   77   77    0    0
-2.3125658326971932e+00   78   76    0    0
-2.3202445227814197e+00   78   77    0    0
-1.0714333021562460e+02   78   78    0    0
-2.3390150158336942e+00   79   53    0    0
-2.3320847091581434e+00   79   61    0    0
-1.0121731996223906e+02   79   79    0    0
-1.3540571383579845e+02   80   80    0    0
-2.2306843236685525e+00   81   11    0    0
-2.2459660133198032e+00   81   80    0    0
-1.4018395914409246e+02   81   81    0    0
-2.2571252694646411e+00   82   81    0    0
-1.3441305166506939e+02   82   82    0    0
-2.3244573407128155e+00   83   80    0    0
-1.3087025516481378e+02   83   83    0    0
-2.3577746575691378e+00   84   83    0    0
-1.3369751187731848e+02   84   84    0    0
-2.3676501910962422e+00   85   55    0    0
-2.3366628955401589e+00   85   82    0    0
-2.3822761788213054e+00   85   84    0    0
-1.3274421429234593e+02   85   85    0    0
-2.3581396350011818e+00   86   55    0    0
-2.3311058755616680e+00   86   58    0    0
-1.2421068290972372e+02   86   86    0    0
-3.5719446560968082e+00   87   48    0    0
-3.5836856230948331e+00   87   84    0    0
-3.5832976869174220e+00   87   86    0    0
-1.9923188092633475e+02   87   87    0    0
-3.5750009760896693e+00   88   64    0    0
-3.5843090515025868e+00   88   71    0    0
-3.5814380836388020e+00   88   73    0    0
-1.9944914597656808e+02   88   88    0    0
-2.0917862732362655e+00   89    1    0    0
-2.1398365324764788e+02   89   89    0    0
-2.0954052240140615e+00   90    3    0    0
-2.0716145002614894e+02   90   90    0    0
-2.0886145011695589e+00   91    9    0    0
-2.1354749884748543e+02   91   91    0    0
-2.0903300343014735e+00   92   14    0    0
-1.9972642071619734e+02   92   92    0    0
-2.0942363908892463e+00   93   16    0    0
-1.9897172418608119e+02   93   93    0    0
-2.0927654857431284e+00   94   20    0    0
-2.0487230552367336e+02   94   94    0    0
-2.0941967191984818e+00   95   23    0    0
-2.0504401534235132e+02   95   95    0    0
-2.0906238155517358e+00   96   27    0    0
-1.9894388063277296e+02   96   96    0    0
-2.0949098661979808e+00   97   29    0    0
-2.0006754772801514e+02   97   97    0    0
-2.0955025409436283e+00   98   34    0    0
-2.1260790415292624e+02   98   98    0    0
-2.0901532586273635e+00   99   36    0    0
-2.1329346065122556e+02   99   99    0    0
-2.0907986454855854e+00  100   38    0    0
-2.0772987667045760e+02  100  100    0    0
 9.1046991558296431e+03    0    0    0    0
