&FCI NORB=80, NELEC=92, MS2=0,
 ORBSYM=1,1,1,1,1,1,1,1,1,1,1,1,1,1,1,1,1,1,1,1,1,1,1,1,1,1,1,1,1,1,1,1,1,1,1,1,1,1,1,1,1,1,1,1,1,1,1,1,1,1,1,1,1,1,1,1,1,1,1,1,1,1,1,1,1,1,1,1,1,1,1,1,1,1,1,1,1,1,1,1,
 ISYM=1,
&END
 8.4208384499999998e+00    1    1    1    1
 3.8512985201632075e+00    2    2    1    1
 8.4208384499999998e+00    2    2    2    2
 2.7577379281217911e+00    3    3    1    1
 3.8694511312172968e+00    3    3    2    2
 8.4208384499999998e+00    3    3    3    3
 3.8530912310011507e+00    4    4    1    1
 2.7788026918994184e+00    4    4    2    2
 2.5216244108117016e+00    4    4    3    3
 8.4208384499999998e+00    4    4    4    4
 1.6003744562305404e+00    5    5    1    1
 1.5330925580261690e+00    5    5    2    2
 1.2684571403810900e+00    5    5    3    3
 1.3371751402573573e+00    5    5    4    4
 8.4208384499999998e+00    5    5    5    5
 1.5273547916772037e+00    6    6    1    1
 1.5266623976832392e+00    6    6    2    2
 1.2819338429900970e+00    6    6    3    3
 1.2788248049641529e+00    6    6    4    4
 3.8534647675132243e+00    6    6    5    5
 8.4208384499999998e+00    6    6    6    6
 1.2686506893824148e+00    7    7    1    1
 1.2899305709187991e+00    7    7    2    2
 1.1189401497914209e+00    7    7    3    3
 1.0894829836617141e+00    7    7    4    4
 2.7591507027824083e+00    7    7    5    5
 3.8686880952079901e+00    7    7    6    6
 8.4208384499999998e+00    7    7    7    7
 1.1273887120272521e+00    8    8    1    1
 1.1334542212445180e+00    8    8    2    2
 9.9373680399243769e-01    8    8    3    3
 9.8292657855602328e-01    8    8    4    4
 2.4561992415510461e+00    8    8    5    5
 2.7306563596066833e+00    8    8    6    6
 3.8322301059310129e+00    8    8    7    7
 8.4208384499999998e+00    8    8    8    8
 9.7323370685767729e-01    9    9    1    1
 9.8694885389489106e-01    9    9    2    2
 8.8371133010146541e-01    9    9    3    3
 8.6250253041573599e-01    9    9    4    4
 1.8017250465029242e+00    9    9    5    5
 1.9916685400690537e+00    9    9    6    6
 2.6815079475110197e+00    9    9    7    7
 3.7503162693244820e+00    9    9    8    8
 8.4208384499999998e+00    9    9    9    9
 1.1601511133957174e+00   10   10    1    1
 1.1409160193797214e+00   10   10    2    2
 9.9104250519613502e-01   10   10    3    3
 1.0122252509973435e+00   10   10    4    4
 2.7581384433245000e+00   10   10    5    5
 2.5178181662294876e+00   10   10    6    6
 2.7872407450099708e+00   10   10    7    7
 3.8326766192618855e+00   10   10    8    8
 2.6806466483388873e+00   10   10    9    9
 8.4208384499999998e+00   10   10   10   10
 1.3440459070196271e+00   11   11    1    1
 1.2913327387828015e+00   11   11    2    2
 1.0971942561251788e+00   11   11    3    3
 1.1563411674177366e+00   11   11    4    4
 3.8526736274070048e+00   11   11    5    5
 2.7764194210783346e+00   11   11    6    6
 2.5189989086353202e+00   11   11    7    7
 2.7317012958750184e+00   11   11    8    8
 1.9917101660964920e+00   11   11    9    9
 3.8689664457041397e+00   11   11   10   10
 8.4208384499999998e+00   11   11   11   11
 9.0883784792161937e-01   12   12    1    1
 9.2230388838883959e-01   12   12    2    2
 8.3556152771293191e-01   12   12    3    3
 8.1451261013332077e-01   12   12    4    4
 1.5518281657835375e+00   12   12    5    5
 1.7655072531886364e+00   12   12    6    6
 2.3158475516930421e+00   12   12    7    7
 2.6685672711781288e+00   12   12    8    8
 3.7442798267516584e+00   12   12    9    9
 2.0244961869077009e+00   12   12   10   10
 1.6320679659403494e+00   12   12   11   11
 8.4208384499999998e+00   12   12   12   12
 8.4205854008009440e-01   13   13    1    1
 8.6505114350107681e-01   13   13    2    2
 7.9476759282467679e-01   13   13    3    3
 7.5935275144496905e-01   13   13    4    4
 1.3153746022101160e+00   13   13    5    5
 1.5000325340232388e+00   13   13    6    6
 1.8911145197919814e+00   13   13    7    7
 2.0312003441785014e+00   13   13    8    8
 2.6818937936065601e+00   13   13    9    9
 1.6132077708546617e+00   13   13   10   10
 1.3542979288848649e+00   13   13   11   11
 3.8353714587288361e+00   13   13   12   12
 8.4208384499999998e+00   13   13   13   13
 7.8332862376968393e-01   14   14    1    1
 8.0305888398719849e-01   14   14    2    2
 7.4510994346827952e-01   14   14    3    3
 7.1389307866006990e-01   14   14    4    4
 1.1559513942022408e+00   14   14    5    5
 1.3103553844883502e+00   14   14    6    6
 1.5824128867740972e+00   14   14    7    7
 1.6340205860053716e+00   14   14    8    8
 1.9918002838453424e+00   14   14    9    9
 1.3523400875082909e+00   14   14   10   10
 1.1726701699956412e+00   14   14   11   11
 2.7333482336720354e+00   14   14   12   12
 3.8678622829664633e+00   14   14   13   13
 8.4208384499999998e+00   14   14   14   14
 7.7646366990073301e-01   15   15    1    1
 7.8737486827054748e-01   15   15    2    2
 7.2987589670458874e-01   15   15    3    3
 7.1207092984273113e-01   15   15    4    4
 1.1425912061813499e+00   15   15    5    5
 1.2860677518462085e+00   15   15    6    6
 1.5185404079575446e+00   15   15    7    7
 1.5514282589578481e+00   15   15    8    8
 1.8048925122946600e+00   15   15    9    9
 1.3121485372058950e+00   15   15   10   10
 1.1540326919195552e+00   15   15   11   11
 2.4644655311885542e+00   15   15   12   12
 2.7628654367363317e+00   15   15   13   13
 3.8540150433976081e+00   15   15   14   14
 8.4208384499999998e+00   15   15   15   15
 8.2752313158100099e-01   16   16    1    1
 8.2950560185165856e-01   16   16    2    2
 7.6103095445035274e-01   16   16    3    3
 7.5683091474504416e-01   16   16    4    4
 1.2822711518654197e+00   16   16    5    5
 1.4364552114925162e+00   16   16    6    6
 1.7001554158164049e+00   16   16    7    7
 1.7585168713758688e+00   16   16    8    8
 1.9923106904829666e+00   16   16    9    9
 1.4915082956870165e+00   16   16   10   10
 1.3039296229465118e+00   16   16   11   11
 2.7345482296519750e+00   16   16   12   12
 2.5161150597834876e+00   16   16   13   13
 2.7712333665503444e+00   16   16   14   14
 3.8548656636501013e+00   16   16   15   15
 8.4208384499999998e+00   16   16   16   16
 8.9749056773236591e-01   17   17    1    1
 8.9812069515549930e-01   17   17    2    2
 8.1390802002638984e-01   17   17    3    3
 8.1138120689873272e-01   17   17    4    4
 1.5155888071565440e+00   17   17    5    5
 1.7035029946047202e+00   17   17    6    6
 2.1128137582010096e+00   17   17    7    7
 2.3061769600725897e+00   17   17    8    8
 2.6822377113942135e+00   17   17    9    9
 1.8789472229207365e+00   17   17   10   10
 1.5751577414735911e+00   17   17   11   11
 3.8359040484558573e+00   17   17   12   12
 2.7846463927601164e+00   17   17   13   13
 2.5147294059193559e+00   17   17   14   14
 2.7623035878103757e+00   17   17   15   15
 3.8683243230728119e+00   17   17   16   16
 8.4208384499999998e+00   17   17   17   17
 8.9734392952215047e-01   18   18    1    1
 9.1317903073734341e-01   18   18    2    2
 8.2476633401292898e-01   18   18    3    3
 8.0018633914644188e-01   18   18    4    4
 1.5488571056755778e+00   18   18    5    5
 1.6285273456620288e+00   18   18    6    6
 2.0201055528413852e+00   18   18    7    7
 2.6632433826113155e+00   18   18    8    8
 3.7528373323067905e+00   18   18    9    9
 2.3091409590026064e+00   18   18   10   10
 1.7614444851246078e+00   18   18   11   11
 2.6671907224669016e+00   18   18   12   12
 2.3039508341775448e+00   18   18   13   13
 1.7623486679301572e+00   18   18   14   14
 1.5578628861533990e+00   18   18   15   15
 1.6404272175333947e+00   18   18   16   16
 2.0357277404716929e+00   18   18   17   17
 8.4208384499999998e+00   18   18   18   18
 9.1854726646069673e-01   19   19    1    1
 9.4452793483918929e-01   19   19    2    2
 8.5383601822493438e-01   19   19    3    3
 8.1496890128377097e-01   19   19    4    4
 1.5231371122505373e+00   19   19    5    5
 1.5734630378060122e+00   19   19    6    6
 1.8707877518555760e+00   19   19    7    7
 2.3135943079878780e+00   19   19    8    8
 2.6802034248727620e+00   19   19    9    9
 2.1398384134577517e+00   19   19   10   10
 1.7210382515763836e+00   19   19   11   11
 2.0154515500706318e+00   19   19   12   12
 1.8618190057782142e+00   19   19   13   13
 1.4822103987026132e+00   19   19   14   14
 1.3084098152519981e+00   19   19   15   15
 1.3512294046459148e+00   19   19   16   16
 1.6122891320660002e+00   19   19   17   17
 3.8291775770926755e+00   19   19   18   18
 8.4208384499999998e+00   19   19   19   19
 8.3784247220772368e-01   20   20    1    1
 8.6093673712208785e-01   20   20    2    2
 7.8667509641142053e-01   20   20    3    3
 7.5098875786551678e-01   20   20    4    4
 1.2902474653091569e+00   20   20    5    5
 1.3036213182221859e+00   20   20    6    6
 1.4866779386821742e+00   20   20    7    7
 1.7644733603850105e+00   20   20    8    8
 1.9911895934083663e+00   20   20    9    9
 1.7225076704536686e+00   20   20   10   10
 1.4536123155736147e+00   20   20   11   11
 1.6257921185906590e+00   20   20   12   12
 1.5620092865277511e+00   20   20   13   13
 1.2971737413016937e+00   20   20   14   14
 1.1525843001010687e+00   20   20   15   15
 1.1732002144499580e+00   20   20   16   16
 1.3543167001472700e+00   20   20   17   17
 2.7290009050447521e+00   20   20   18   18
 3.8676676458386963e+00   20   20   19   19
 8.4208384499999998e+00   20   20   20   20
 7.5905601892565155e-01   21   21    1    1
 7.7413661952746471e-01   21   21    2    2
 7.1198967801092505e-01   21   21    3    3
 6.8763942434630054e-01   21   21    4    4
 1.1436447003918520e+00   21   21    5    5
 1.1516327393225738e+00   21   21    6    6
 1.3076819334138758e+00   21   21    7    7
 1.5507847767659468e+00   21   21    8    8
 1.8020071894115881e+00   21   21    9    9
 1.5240926672601678e+00   21   21   10   10
 1.2903135680781885e+00   21   21   11   11
 1.5488568742970601e+00   21   21   12   12
 1.5092756028236149e+00   21   21   13   13
 1.2826960125498166e+00   21   21   14   14
 1.1473371995057309e+00   21   21   15   15
 1.1606352589003126e+00   21   21   16   16
 1.3176327043854987e+00   21   21   17   17
 2.4555381189772887e+00   21   21   18   18
 2.7590770397890370e+00   21   21   19   19
 3.8541547674338350e+00   21   21   20   20
 8.4208384499999998e+00   21   21   21   21
 6.5410863770167516e-01   22   22    1    1
 6.6452655079948697e-01   22   22    2    2
 6.2617126382988442e-01   22   22    3    3
 6.0866379133731685e-01   22   22    4    4
 8.8682128161513440e-01   22   22    5    5
 9.7341312489563414e-01   22   22    6    6
 1.1021383148560049e+00   22   22    7    7
 1.1231383325160862e+00   22   22    8    8
 1.2744194298957037e+00   22   22    9    9
 9.9357203110328496e-01   22   22   10   10
 8.9581534615818237e-01   22   22   11   11
 1.5616905699739954e+00   22   22   12   12
 1.7871374506499815e+00   22   22   13   13
 2.3561248225751972e+00   22   22   14   14
 2.6933398990455002e+00   22   22   15   15
 2.0460987246525897e+00   22   22   16   16
 1.6501625284077492e+00   22   22   17   17
 1.1844373268439738e+00   22   22   18   18
 1.0390855709701405e+00   22   22   19   19
 9.5765400936609868e-01   22   22   20   20
 9.7683007422555412e-01   22   22   21   21
 8.4208384499999998e+00   22   22   22   22
 7.4575152872149930e-01   23   23    1    1
 7.5571057919307050e-01   23   23    2    2
 6.9415636758843435e-01   23   23    3    3
 6.7752381931669048e-01   23   23    4    4
 1.1508699075847786e+00   23   23    5    5
 1.1688227923759946e+00   23   23    6    6
 1.3490619439280769e+00   23   23    7    7
 1.6287437378069167e+00   23   23    8    8
 1.9917847177833996e+00   23   23    9    9
 1.5723888568561892e+00   23   23   10   10
 1.3025247916470428e+00   23   23   11   11
 1.7658530524054115e+00   23   23   12   12
 1.7060247649191811e+00   23   23   13   13
 1.4475284945506524e+00   23   23   14   14
 1.3000065694447096e+00   23   23   15   15
 1.3211169455926974e+00   23   23   16   16
 1.5051886661175757e+00   23   23   17   17
 2.7302849348329636e+00   23   23   18   18
 2.5185864497600994e+00   23   23   19   19
 2.7769671813834487e+00   23   23   20   20
 3.8550882687973838e+00   23   23   21   21
 1.0946548091483110e+00   23   23   22   22
 8.4208384499999998e+00   23   23   23   23
 8.0124114504122934e-01   24   24    1    1
 8.1032955955965091e-01   24   24    2    2
 7.3898575233893526e-01   24   24    3    3
 7.2380693994036416e-01   24   24    4    4
 1.3058313679037266e+00   24   24    5    5
 1.3481441626919985e+00   24   24    6    6
 1.6084816756685354e+00   24   24    7    7
 2.0178827360346125e+00   24   24    8    8
 2.6808200889153522e+00   24   24    9    9
 1.8667725497598604e+00   24   24   10   10
 1.4839918765856244e+00   24   24   11   11
 2.3214753414788176e+00   24   24   12   12
 2.1258754166627725e+00   24   24   13   13
 1.7203742416158332e+00   24   24   14   14
 1.5396263421641090e+00   24   24   15   15
 1.5989923540864011e+00   24   24   16   16
 1.9005359435601583e+00   24   24   17   17
 3.8294462156548068e+00   24   24   18   18
 2.7853206941410078e+00   24   24   19   19
 2.5169464625819620e+00   24   24   20   20
 2.7585132124273519e+00   24   24   21   21
 1.2199369747381752e+00   24   24   22   22
 3.8683672965611637e+00   24   24   23   23
 8.4208384499999998e+00   24   24   24   24
 1.5596933153570307e+00   25   25    1    1
 1.7745603462314239e+00   25   25    2    2
 2.3196543207098150e+00   25   25    3    3
 1.6370447716430749e+00   25   25    4    4
 9.1468294514054560e-01   25   25    5    5
 9.2008322169745405e-01   25   25    6    6
 8.3755535754978294e-01   25   25    7    7
 7.6683987117685881e-01   25   25    8    8
 7.0252341363570614e-01   25   25    9    9
 7.6543122256393481e-01   25   25   10   10
 8.2681128488996769e-01   25   25   11   11
 6.7081773533609323e-01   25   25   12   12
 6.4905756908571477e-01   25   25   13   13
 6.1607307399714761e-01   25   25   14   14
 6.0248357695175736e-01   25   25   15   15
 6.1975329347306451e-01   25   25   16   16
 6.5318844877473126e-01   25   25   17   17
 6.6963995827385980e-01   25   25   18   18
 6.9617017755403254e-01   25   25   19   19
 6.5648586273181120e-01   25   25   20   20
 6.0188985293456809e-01   25   25   21   21
 5.3264746562022325e-01   25   25   22   22
 5.8403624601046000e-01   25   25   23   23
 6.1157015310797869e-01   25   25   24   24
 8.4208384499999998e+00   25   25   25   25
 1.5490818279248380e+00   26   26    1    1
 1.7506585159298080e+00   26   26    2    2
 2.1606594570250026e+00   26   26    3    3
 1.5918043756866311e+00   26   26    4    4
 9.2663159574157949e-01   26   26    5    5
 9.1993788463082404e-01   26   26    6    6
 8.3810072635428634e-01   26   26    7    7
 7.7451567831479229e-01   26   26    8    8
 7.0868355144878414e-01   26   26    9    9
 7.8001694903073093e-01   26   26   10   10
 8.4507460984277183e-01   26   26   11   11
 6.7031583661187510e-01   26   26   12   12
 6.4695680363711294e-01   26   26   13   13
 6.1026337892116245e-01   26   26   14   14
 5.9441495314519133e-01   26   26   15   15
 6.1218591615816886e-01   26   26   16   16
 6.4909056556676603e-01   26   26   17   17
 6.8112915406504204e-01   26   26   18   18
 7.1431738931661315e-01   26   26   19   19
 6.7741481817160942e-01   26   26   20   20
 6.1912516851842780e-01   26   26   21   21
 5.2456028136410116e-01   26   26   22   22
 5.9675022536441702e-01   26   26   23   23
 6.2173288346317135e-01   26   26   24   24
 3.8288941050523047e+00   26   26   25   25
 8.4208384499999998e+00   26   26   26   26
 1.3075783871222866e+00   27   27    1    1
 1.4707954015158629e+00   27   27    2    2
 1.7285462907275713e+00   27   27    3    3
 1.3155449005380315e+00   27   27    4    4
 8.5909028293003675e-01   27   27    5    5
 8.5481109885505768e-01   27   27    6    6
 7.8956847876589087e-01   27   27    7    7
 7.3613847033774293e-01   27   27    8    8
 6.7985759057567807e-01   27   27    9    9
 7.3999124790874948e-01   27   27   10   10
 7.9356566024941977e-01   27   27   11   11
 6.4258320376576761e-01   27   27   12   12
 6.2407583257004029e-01   27   27   13   13
 5.8867095613914888e-01   27   27   14   14
 5.7052395703392422e-01   27   27   15   15
 5.8432932191704579e-01   27   27   16   16
 6.1878960081094914e-01   27   27   17   17
 6.5951861393863365e-01   27   27   18   18
 6.9606656800629740e-01   27   27   19   19
 6.6571997083203704e-01   27   27   20   20
 6.0891561871223943e-01   27   27   21   21
 5.0690921521738808e-01   27   27   22   22
 5.8375403029326911e-01   27   27   23   23
 6.0410044969101573e-01   27   27   24   24
 2.7302162519652096e+00   27   27   25   25
 3.8687903923998199e+00   27   27   26   26
 8.4208384499999998e+00   27   27   27   27
 1.1502189396327833e+00   28   28    1    1
 1.2942856974853882e+00   28   28    2    2
 1.5196408781609079e+00   28   28    3    3
 1.1568156192788375e+00   28   28    4    4
 7.9210505453589175e-01   28   28    5    5
 7.9707948646021265e-01   28   28    6    6
 7.4396436290743151e-01   28   28    7    7
 6.9361764139397497e-01   28   28    8    8
 6.4631995357584326e-01   28   28    9    9
 6.9128194625184725e-01   28   28   10   10
 7.3381936336927134e-01   28   28   11   11
 6.1544857805138609e-01   28   28   12   12
 6.0237062832141908e-01   28   28   13   13
 5.7132384237299361e-01   28   28   14   14
 5.5308039923792862e-01   28   28   15   15
 5.6302074389033863e-01   28   28   16   16
 5.9256743203424966e-01   28   28   17   17
 6.2755550127394177e-01   28   28   18   18
 6.6072970014185406e-01   28   28   19   19
 6.3333004258221082e-01   28   28   20   20
 5.8151299038482351e-01   28   28   21   21
 4.9547939984145106e-01   28   28   22   22
 5.5833167081018387e-01   28   28   23   23
 5.7694770670117212e-01   28   28   24   24
 2.4548500380722209e+00   28   28   25   25
 2.7580591810786625e+00   28   28   26   26
 3.8543862551377304e+00   28   28   27   27
 8.4208384499999998e+00   28   28   28   28
 9.3162807125316449e-01   29   29    1    1
 1.0417761141673740e+00   29   29    2    2
 1.1673210605203432e+00   29   29    3    3
 9.1705527898086459e-01   29   29    4    4
 7.1279341576729838e-01   29   29    5    5
 7.2328735137379718e-01   29   29    6    6
 6.8897682274485361e-01   29   29    7    7
 6.4859116590008392e-01   29   29    8    8
 6.1383295837930463e-01   29   29    9    9
 6.4150617797275689e-01   29   29   10   10
 6.6962614290458566e-01   29   29   11   11
 5.8626829626125554e-01   29   29   12   12
 5.8071992828265306e-01   29   29   13   13
 5.5204187502647906e-01   29   29   14   14
 5.3027521049900572e-01   29   29   15   15
 5.3435964562215355e-01   29   29   16   16
 5.6020443492395910e-01   29   29   17   17
 6.0269495915977089e-01   29   29   18   18
 6.3834726498013561e-01   29   29   19   19
 6.1847007739890814e-01   29   29   20   20
 5.6951772514030463e-01   29   29   21   21
 4.8062547660942229e-01   29   29   22   22
 5.4380140746116878e-01   29   29   23   23
 5.5719675294138149e-01   29   29   24   24
 1.5484886726368416e+00   29   29   25   25
 1.6565911798734774e+00   29   29   26   26
 2.0739511271917133e+00   29   29   27   27
 2.6838977460349231e+00   29   29   28   28
 8.4208384499999998e+00   29   29   29   29
 1.1524839890194334e+00   30   30    1    1
 1.3016533472368113e+00   30   30    2    2
 1.5654224933313561e+00   30   30    3    3
 1.1707991402119118e+00   30   30    4    4
 7.8364547941645502e-01   30   30    5    5
 7.9605033433288519e-01   30   30    6    6
 7.4264609888607913e-01   30   30    7    7
 6.8735702027833512e-01   30   30    8    8
 6.4101247949729112e-01   30   30    9    9
 6.8040287034411839e-01   30   30   10   10
 7.2104053979547633e-01   30   30   11   11
 6.1515862847337111e-01   30   30   12   12
 6.0345965672297219e-01   30   30   13   13
 5.7547102763808744e-01   30   30   14   14
 5.5888723345645686e-01   30   30   15   15
 5.6814385421360514e-01   30   30   16   16
 5.9492215854382757e-01   30   30   17   17
 6.1807165930171915e-01   30   30   18   18
 6.4595194396812272e-01   30   30   19   19
 6.1590808297436439e-01   30   30   20   20
 5.6692494789391978e-01   30   30   21   21
 5.0173470608066861e-01   30   30   22   22
 5.4755529763682043e-01   30   30   23   23
 5.6837945552389479e-01   30   30   24   24
 2.7291423260783381e+00   30   30   25   25
 2.5174359867640717e+00   30   30   26   26
 2.7776694744421908e+00   30   30   27   27
 3.8545466871483112e+00   30   30   28   28
 2.2882527971834157e+00   30   30   29   29
 8.4208384499999998e+00   30   30   30   30
 1.3067370560408067e+00   31   31    1    1
 1.4838370043537308e+00   31   31    2    2
 1.8620910938152240e+00   31   31    3    3
 1.3495196115844961e+00   31   31    4    4
 8.3584886554515447e-01   31   31    5    5
 8.5021614025569336e-01   31   31    6    6
 7.8490540915241835e-01   31   31    7    7
 7.2025460118526408e-01   31   31    8    8
 6.6683157785532121e-01   31   31    9    9
 7.1288134111793267e-01   31   31   10   10
 7.6074725013774902e-01   31   31   11   11
 6.4108706864463094e-01   31   31   12   12
 6.2581724878918843e-01   31   31   13   13
 5.9718900280057885e-01   31   31   14   14
 5.8274461700892977e-01   31   31   15   15
 5.9508626256519004e-01   31   31   16   16
 6.2325456480421138e-01   31   31   17   17
 6.3747739701127148e-01   31   31   18   18
 6.6234779420511536e-01   31   31   19   19
 6.2685619481568788e-01   31   31   20   20
 5.7660280539518249e-01   31   31   21   21
 5.2002584389845163e-01   31   31   22   22
 5.5960797457295453e-01   31   31   23   23
 5.8445853397148551e-01   31   31   24   24
 3.8294670714902304e+00   31   31   25   25
 2.7856566374013458e+00   31   31   26   26
 2.5190840340592788e+00   31   31   27   27
 2.7588506780327924e+00   31   31   28   28
 1.7548396702736428e+00   31   31   29   29
 3.8679360653391810e+00   31   31   30   30
 8.4208384499999998e+00   31   31   31   31
 1.5395974499170813e+00   32   32    1    1
 1.6199613863108688e+00   32   32    2    2
 2.0122840591218996e+00   32   32    3    3
 1.7558583459000920e+00   32   32    4    4
 8.8195190421088021e-01   32   32    5    5
 8.8869494197721866e-01   32   32    6    6
 8.0454614418257464e-01   32   32    7    7
 7.3332466707842114e-01   32   32    8    8
 6.7117827062456303e-01   32   32    9    9
 7.3149781110190004e-01   32   32   10   10
 7.9236566095381955e-01   32   32   11   11
 6.4910331352406148e-01   32   32   12   12
 6.2560482254796257e-01   32   32   13   13
 6.0003090037841267e-01   32   32   14   14
 5.9482668614302658e-01   32   32   15   15
 6.1514053212382458e-01   32   32   16   16
 6.4255209414794989e-01   32   32   17   17
 6.3254988130606637e-01   32   32   18   18
 6.4663329662767977e-01   32   32   19   19
 6.0650746930519128e-01   32   32   20   20
 5.6127096256117570e-01   32   32   21   21
 5.2760224250268650e-01   32   32   22   22
 5.5133025893255883e-01   32   32   23   23
 5.8109099465360059e-01   32   32   24   24
 2.6693426858360634e+00   32   32   25   25
 2.0198463826030815e+00   32   32   26   26
 1.6313967778969960e+00   32   32   27   27
 1.5549740473643909e+00   32   32   28   28
 1.1409390193086213e+00   32   32   29   29
 1.7716757101573348e+00   32   32   30   30
 2.3242590181434739e+00   32   32   31   31
 8.4208384499999998e+00   32   32   32   32
 1.3149343981991415e+00   33   33    1    1
 1.3532809898653075e+00   33   33    2    2
 1.6119624654266984e+00   33   33    3    3
 1.5022175235235102e+00   33   33    4    4
 7.9551685012993023e-01   33   33    5    5
 7.9581318545251134e-01   33   33    6    6
 7.2629570322490555e-01   33   33    7    7
 6.6914277489877927e-01   33   33    8    8
 6.1617027656835321e-01   33   33    9    9
 6.7055272473294314e-01   33   33   10   10
 7.2373670550449509e-01   33   33   11   11
 5.9614950229399299e-01   33   33   12   12
 5.7559593206078818e-01   33   33   13   13
 5.5333229926517569e-01   33   33   14   14
 5.4895104394481187e-01   33   33   15   15
 5.6685314471117554e-01   33   33   16   16
 5.9065514619079296e-01   33   33   17   17
 5.8448107680937378e-01   33   33   18   18
 5.9787824691919367e-01   33   33   19   19
 5.6462820363414301e-01   33   33   20   20
 5.2495628829020868e-01   33   33   21   21
 4.9095613779437730e-01   33   33   22   22
 5.1522039143549403e-01   33   33   23   23
 5.4029743532452001e-01   33   33   24   24
 2.3075792885952597e+00   33   33   25   25
 1.8718426662559318e+00   33   33   26   26
 1.5746565548047655e+00   33   33   27   27
 1.5235348831503721e+00   33   33   28   28
 1.1207163221508467e+00   33   33   29   29
 1.7179430354447258e+00   33   33   30   30
 2.1291814546136911e+00   33   33   31   31
 3.8362123267173023e+00   33   33   32   32
 8.4208384499999998e+00   33   33   33   33
 1.1531239843163457e+00   34   34    1    1
 1.1689915401739073e+00   34   34    2    2
 1.3491413241158834e+00   34   34    3    3
 1.3113985562585877e+00   34   34    4    4
 7.3492456138677720e-01   34   34    5    5
 7.3681832505351152e-01   34   34    6    6
 6.7656262079786855e-01   34   34    7    7
 6.2529840394588476e-01   34   34    8    8
 5.7879146324067587e-01   34   34    9    9
 6.2558633963493004e-01   34   34   10   10
 6.7190352993736402e-01   34   34   11   11
 5.6346790977211247e-01   34   34   12   12
 5.4516645911073947e-01   34   34   13   13
 5.2711328127346946e-01   34   34   14   14
 5.2511992581362321e-01   34   34   15   15
 5.4164475886146424e-01   34   34   16   16
 5.6108130383620414e-01   34   34   17   17
 5.4879899339110072e-01   34   34   18   18
 5.5850434743442101e-01   34   34   19   19
 5.2821419202816011e-01   34   34   20   20
 4.9370695346172488e-01   34   34   21   21
 4.7301996771711974e-01   34   34   22   22
 4.8637608802711291e-01   34   34   23   23
 5.0988779874436363e-01   34   34   24   24
 1.7620556840257529e+00   34   34   25   25
 1.4878804805812207e+00   34   34   26   26
 1.3053414144894286e+00   34   34   27   27
 1.2919076050262706e+00   34   34   28   28
 1.0016000064435764e+00   34   34   29   29
 1.4531882988136198e+00   34   34   30   30
 1.7176034557507869e+00   34   34   31   31
 2.7342259548340193e+00   34   34   32   32
 3.8679808436523091e+00   34   34   33   33
 8.4208384499999998e+00   34   34   34   34
 1.1325147280003147e+00   35   35    1    1
 1.1437441700401478e+00   35   35    2    2
 1.3040937356663374e+00   35   35    3    3
 1.2811889042043683e+00   35   35    4    4
 7.3687075580521710e-01   35   35    5    5
 7.4428026380724377e-01   35   35    6    6
 6.8410261283192431e-01   35   35    7    7
 6.2951922338569222e-01   35   35    8    8
 5.8334473597632719e-01   35   35    9    9
 6.2657299770036723e-01   35   35   10   10
 6.7123456362825840e-01   35   35   11   11
 5.7163742323407796e-01   35   35   12   12
 5.5357683262581270e-01   35   35   13   13
 5.3778685012712191e-01   35   35   14   14
 5.3800942596430923e-01   35   35   15   15
 5.5490869537245269e-01   35   35   16   16
 5.7206966581917917e-01   35   35   17   17
 5.5015468076005070e-01   35   35   18   18
 5.5657837266984134e-01   35   35   19   19
 5.2449790856239242e-01   35   35   20   20
 4.9117936400947099e-01   35   35   21   21
 4.8532288375450255e-01   35   35   22   22
 4.8612058578615103e-01   35   35   23   23
 5.1146434018662923e-01   35   35   24   24
 1.5556016320805297e+00   35   35   25   25
 1.3105923178432011e+00   35   35   26   26
 1.1561216633234086e+00   35   35   27   27
 1.1508336461873039e+00   35   35   28   28
 9.2142256860416838e-01   35   35   29   29
 1.3003863078684601e+00   35   35   30   30
 1.5341106033134688e+00   35   35   31   31
 2.4639563492779462e+00   35   35   32   32
 2.7619755078725228e+00   35   35   33   33
 3.8542476465908408e+00   35   35   34   34
 8.4208384499999998e+00   35   35   35   35
 1.2606681808804505e+00   36   36    1    1
 1.2834203327240326e+00   36   36    2    2
 1.4756911449012966e+00   36   36    3    3
 1.4210227655882430e+00   36   36    4    4
 8.0245737065819278e-01   36   36    5    5
 8.1710487499153373e-01   36   36    6    6
 7.4709195839734333e-01   36   36    7    7
 6.8103450544757316e-01   36   36    8    8
 6.2850622548034141e-01   36   36    9    9
 6.7437070607548766e-01   36   36   10   10
 7.2365295128846729e-01   36   36   11   11
 6.1712624404463778e-01   36   36   12   12
 5.9697879805220333e-01   36   36   13   13
 5.7985830845106978e-01   36   36   14   14
 5.8060047015402205e-01   36   36   15   15
 5.9957408282298896e-01   36   36   16   16
 6.1828765877033065e-01   36   36   17   17
 5.8882910493899421e-01   36   36   18   18
 5.9429381564090267e-01   36   36   19   19
 5.5665872429166885e-01   36   36   20   20
 5.1979118884228104e-01   36   36   21   21
 5.2038253546590485e-01   36   36   22   22
 5.1542801321110132e-01   36   36   23   23
 5.4496223218536410e-01   36   36   24   24
 1.6380349237729501e+00   36   36   25   25
 1.3517511942050218e+00   36   36   26   26
 1.1744681139196307e+00   36   36   27   27
 1.1615377809045015e+00   36   36   28   28
 9.3073382669165083e-01   36   36   29   29
 1.3201612272206016e+00   36   36   30   30
 1.5942878474544022e+00   36   36   31   31
 2.7338460653150909e+00   36   36   32   32
 2.5154086811937582e+00   36   36   33   33
 2.7715049291554545e+00   36   36   34   34
 3.8538767302300543e+00   36   36   35   35
 8.4208384499999998e+00   36   36   36   36
 1.4856381751513970e+00   37   37    1    1
 1.5460875663495675e+00   37   37    2    2
 1.8535605421212888e+00   37   37    3    3
 1.6790416485578574e+00   37   37    4    4
 8.8351035477009665e-01   37   37    5    5
 9.0015313759122551e-01   37   37    6    6
 8.1579485341148739e-01   37   37    7    7
 7.3877504326506893e-01   37   37    8    8
 6.7710425449014566e-01   37   37    9    9
 7.3167409988147514e-01   37   37   10   10
 7.8968707461931475e-01   37   37   11   11
 6.6064812504196735e-01   37   37   12   12
 6.3742146310010783e-01   37   37   13   13
 6.1507675471483958e-01   37   37   14   14
 6.1302502597739905e-01   37   37   15   15
 6.3403449111487797e-01   37   37   16   16
 6.5832035441785175e-01   37   37   17   17
 6.3345722483423783e-01   37   37   18   18
 6.4234012343815172e-01   37   37   19   19
 5.9970047335075916e-01   37   37   20   20
 5.5654679849130462e-01   37   37   21   21
 5.4426040080837401e-01   37   37   22   22
 5.5001811475022333e-01   37   37   23   23
 5.8243604106282876e-01   37   37   24   24
 2.0340830533850540e+00   37   37   25   25
 1.6123520015073174e+00   37   37   26   26
 1.3550606577035205e+00   37   37   27   27
 1.3181401345332535e+00   37   37   28   28
 1.0234516412058565e+00   37   37   29   29
 1.5050586748565344e+00   37   37   30   30
 1.8981774338700672e+00   37   37   31   31
 3.8367259550398227e+00   37   37   32   32
 2.7853963369908810e+00   37   37   33   33
 2.5160199788869058e+00   37   37   34   34
 2.7621645562485604e+00   37   37   35   35
 3.8675574670213884e+00   37   37   36   36
 8.4208384499999998e+00   37   37   37   37
 1.9891393642466737e+00   38   38    1    1
 1.7881667292218639e+00   38   38    2    2
 1.4316763743019814e+00   38   38    3    3
 1.6243389354436637e+00   38   38    4    4
 3.7183577258028802e+00   38   38    5    5
 2.6852770708401299e+00   38   38    6    6
 1.9974098539321663e+00   38   38    7    7
 1.7944136150592802e+00   38   38    8    8
 1.4180998704687071e+00   38   38    9    9
 1.9992068017385867e+00   38   38   10   10
 2.6912154563078219e+00   38   38   11   11
 1.2632507814153502e+00   38   38   12   12
 1.1038577972383976e+00   38   38   13   13
 9.9377456740194092e-01   38   38   14   14
 9.8999626882519554e-01   38   38   15   15
 1.0976262373074190e+00   38   38   16   16
 1.2532833956960749e+00   38   38   17   17
 1.2631231422141402e+00   38   38   18   18
 1.2633871187614136e+00   38   38   19   19
 1.1084825746772240e+00   38   38   20   20
 9.9382079338693052e-01   38   38   21   21
 7.9243526494177341e-01   38   38   22   22
 9.9113531607021699e-01   38   38   23   23
 1.0975085655224026e+00   38   38   24   24
 1.0004163712631016e+00   38   38   25   25
 1.0157949233854306e+00   38   38   26   26
 9.2651590053404331e-01   38   38   27   27
 8.4318402398103109e-01   38   38   28   28
 7.4138467700403754e-01   38   38   29   29
 8.3327784107992642e-01   38   38   30   30
 8.9805580019717968e-01   38   38   31   31
 9.7370061829949428e-01   38   38   32   32
 8.7470098538404906e-01   38   38   33   33
 8.0290578248082090e-01   38   38   34   34
 8.0180139875272205e-01   38   38   35   35
 8.7415891593001438e-01   38   38   36   36
 9.6966306526712764e-01   38   38   37   37
 8.4208384499999998e+00   38   38   38   38
 2.6856852031986187e+00   39   39    1    1
 2.3821972675810792e+00   39   39    2    2
 1.7906761414683541e+00   39   39    3    3
 2.0124551277447238e+00   39   39    4    4
 2.6918712008405246e+00   39   39    5    5
 2.3812045187253794e+00   39   39    6    6
 1.7959089539227147e+00   39   39    7    7
 1.5562746153761779e+00   39   39    8    8
 1.2704278213540321e+00   39   39    9    9
 1.6370708311756217e+00   39   39   10   10
 2.0245789925351363e+00   39   39   11   11
 1.1544978182783210e+00   39   39   12   12
 1.0353861262723199e+00   39   39   13   13
 9.4171355018536052e-01   39   39   14   14
 9.3291715185944457e-01   39   39   15   15
 1.0158441419308659e+00   39   39   16   16
 1.1368797514925562e+00   39   39   17   17
 1.1411030734886882e+00   39   39   18   18
 1.1571841400463196e+00   39   39   19   19
 1.0249207787433829e+00   39   39   20   20
 9.1673037804383439e-01   39   39   21   21
 7.5753948744011468e-01   39   39   22   22
 9.0686822506163034e-01   39   39   23   23
 9.9462366454176898e-01   39   39   24   24
 1.1598609321241313e+00   39   39   25   25
 1.1701960382466623e+00   39   39   26   26
 1.0478993689229645e+00   39   39   27   27
 9.4590849390503295e-01   39   39   28   28
 8.1480283277432775e-01   39   39   29   29
 9.3913181169980120e-01   39   39   30   30
 1.0258549179112713e+00   39   39   31   31
 1.1235114503109154e+00   39   39   32   32
 9.9118388629053755e-01   39   39   33   33
 8.9819223681681559e-01   39   39   34   34
 8.9534241520236835e-01   39   39   35   35
 9.8657856311036207e-01   39   39   36   36
 1.1151569122273244e+00   39   39   37   37
 3.8510072437401499e+00   39   39   38   38
 8.4208384499999998e+00   39   39   39   39
 3.7159927754885715e+00   40   40    1    1
 2.6804856398376145e+00   40   40    2    2
 1.9951561079321469e+00   40   40    3    3
 2.6901440503074689e+00   40   40    4    4
 1.9917174924304124e+00   40   40    5    5
 1.7872537923910201e+00   40   40    6    6
 1.4340902002411933e+00   40   40    7    7
 1.2804275756163281e+00   40   40    8    8
 1.0792904369815624e+00   40   40    9    9
 1.3529916827609660e+00   40   40   10   10
 1.6317925159469788e+00   40   40   11   11
 9.9425720706888732e-01   40   40   12   12
 9.0409615891224437e-01   40   40   13   13
 8.3342099185502816e-01   40   40   14   14
 8.2937546498267212e-01   40   40   15   15
 8.9652511957289849e-01   40   40   16   16
 9.8634496237632396e-01   40   40   17   17
 9.8748141330205963e-01   40   40   18   18
 1.0048031008598857e+00   40   40   19   19
 9.0846229062748329e-01   40   40   20   20
 8.2141820018472345e-01   40   40   21   21
 6.8834860253524721e-01   40   40   22   22
 8.1030281146088334e-01   40   40   23   23
 8.7690117287282776e-01   40   40   24   24
 1.2718330844880825e+00   40   40   25   25
 1.2857376725139751e+00   40   40   26   26
 1.1256541078039737e+00   40   40   27   27
 1.0010495674749684e+00   40   40   28   28
 8.3906304910221974e-01   40   40   29   29
 9.9310114216777101e-01   40   40   30   30
 1.0983792059032520e+00   40   40   31   31
 1.2541397567560135e+00   40   40   32   32
 1.1040547689294362e+00   40   40   33   33
 9.9149832728262444e-01   40   40   34   34
 9.8052465463930849e-01   40   40   35   35
 1.0778239396675933e+00   40   40   36   36
 1.2287658852848664e+00   40   40   37   37
 2.7399439298394395e+00   40   40   38   38
 3.8507472310601143e+00   40   40   39   39
 8.4208384499999998e+00   40   40   40   40
 2.6879293028047608e+00   41   41    1    1
 2.0111999953826079e+00   41   41    2    2
 1.6319108686879820e+00   41   41    3    3
 2.3969431852841332e+00   41   41    4    4
 1.8148148490389371e+00   41   41    5    5
 1.5648635659733345e+00   41   41    6    6
 1.2901159677726761e+00   41   41    7    7
 1.1916259202856967e+00   41   41    8    8
 1.0131543008658557e+00   41   41    9    9
 1.2935521279252560e+00   41   41   10   10
 1.5717241214656141e+00   41   41   11   11
 9.3310110022965265e-01   41   41   12   12
 8.4480895665604949e-01   41   41   13   13
 7.8170986747145610e-01   41   41   14   14
 7.8332350463119915e-01   41   41   15   15
 8.5130173459351544e-01   41   41   16   16
 9.3472214053916380e-01   41   41   17   17
 9.3631507224210275e-01   41   41   18   18
 9.4821518643210234e-01   41   41   19   19
 8.6670770025015298e-01   41   41   20   20
 7.9192320277643768e-01   41   41   21   21
 6.5528461970454721e-01   41   41   22   22
 7.8323762105635786e-01   41   41   23   23
 8.4274394119207308e-01   41   41   24   24
 1.1486581073942514e+00   41   41   25   25
 1.1733926356246469e+00   41   41   26   26
 1.0374683803125795e+00   41   41   27   27
 9.2255794274938152e-01   41   41   28   28
 7.7722609010988131e-01   41   41   29   29
 9.0935396216286568e-01   41   41   30   30
 9.9679825791012855e-01   41   41   31   31
 1.1534776906210109e+00   41   41   32   32
 1.0418203044722136e+00   41   41   33   33
 9.4670206898781528e-01   41   41   34   34
 9.3242772445309052e-01   41   41   35   35
 1.0076581686675774e+00   41   41   36   36
 1.1254464890214471e+00   41   41   37   37
 2.4943502810233262e+00   41   41   38   38
 2.7701316102768789e+00   41   41   39   39
 3.8475466222831107e+00   41   41   40   40
 8.4208384499999998e+00   41   41   41   41
 1.9965250692894043e+00   42   42    1    1
 1.6271431167083683e+00   42   42    2    2
 1.3515567673654723e+00   42   42    3    3
 1.7992147212942824e+00   42   42    4    4
 1.9980722622617197e+00   42   42    5    5
 1.6308033975048764e+00   42   42    6    6
 1.3520864452884360e+00   42   42    7    7
 1.2808716816276997e+00   42   42    8    8
 1.0790811075557996e+00   42   42    9    9
 1.4377199302882413e+00   42   42   10   10
 1.7967231744046661e+00   42   42   11   11
 9.8502430001310870e-01   42   42   12   12
 8.7905212721499726e-01   42   42   13   13
 8.0959322317168170e-01   42   42   14   14
 8.1522531833063094e-01   42   42   15   15
 8.9635789796106480e-01   42   42   16   16
 9.9380372973004250e-01   42   42   17   17
 9.9658923181347203e-01   42   42   18   18
 1.0003608751961779e+00   42   42   19   19
 9.1257471309522875e-01   42   42   20   20
 8.3766624249748856e-01   42   42   21   21
 6.7697997250547615e-01   42   42   22   22
 8.3332813290913454e-01   42   42   23   23
 8.9987616711335305e-01   42   42   24   24
 9.9399271867224603e-01   42   42   25   25
 1.0181470767644383e+00   42   42   26   26
 9.1933995210493202e-01   42   42   27   27
 8.2668181440869459e-01   42   42   28   28
 7.1271796906632201e-01   42   42   29   29
 8.1267534280838560e-01   42   42   30   30
 8.7909328993133018e-01   42   42   31   31
 9.9408856972164850e-01   42   42   32   32
 9.0958006584078877e-01   42   42   33   33
 8.3774508506294210e-01   42   42   34   34
 8.2911201648922794e-01   42   42   35   35
 8.9007233538824804e-01   42   42   36   36
 9.7796854835291547e-01   42   42   37   37
 2.7587225862074809e+00   42   42   38   38
 2.5126795809610831e+00   42   42   39   39
 2.7550443436849168e+00   42   42   40   40
 3.8623795026490324e+00   42   42   41   41
 8.4208384499999998e+00   42   42   42   42
 1.8116590920398592e+00   43   43    1    1
 1.5628164453007145e+00   43   43    2    2
 1.2884378405938548e+00   43   43    3    3
 1.5673299089668129e+00   43   43    4    4
 2.6879161219113481e+00   43   43    5    5
 2.0174459661737512e+00   43   43    6    6
 1.6320414464024409e+00   43   43    7    7
 1.5525443359521922e+00   43   43    8    8
 1.2674036968002327e+00   43   43    9    9
 1.7943398133651394e+00   43   43   10   10
 2.3840283736407133e+00   43   43   11   11
 1.1381192914495240e+00   43   43   12   12
 9.9662105712533477e-01   43   43   13   13
 9.0661928586016927e-01   43   43   14   14
 9.1200415060760742e-01   43   43   15   15
 1.0146160851530106e+00   43   43   16   16
 1.1469525439725938e+00   43   43   17   17
 1.1531083962816144e+00   43   43   18   18
 1.1478446026799214e+00   43   43   19   19
 1.0289140880406258e+00   43   43   20   20
 9.3807137062622492e-01   43   43   21   21
 7.4199705552718087e-01   43   43   22   22
 9.3826028704964159e-01   43   43   23   23
 1.0271551499096450e+00   43   43   24   24
 9.4013508824675462e-01   43   43   25   25
 9.6008727765879798e-01   43   43   26   26
 8.7688874697756014e-01   43   43   27   27
 7.9584460178446015e-01   43   43   28   28
 6.9817516722050788e-01   43   43   29   29
 7.8343856823113045e-01   43   43   30   30
 8.4217086221187731e-01   43   43   31   31
 9.2795361361412343e-01   43   43   32   32
 8.4540383781108330e-01   43   43   33   33
 7.8083522006024153e-01   43   43   34   34
 7.7732799571440558e-01   43   43   35   35
 8.3858650343196306e-01   43   43   36   36
 9.2035738148606250e-01   43   43   37   37
 3.8491302972378927e+00   43   43   38   38
 2.7674911450929538e+00   43   43   39   39
 2.4898768594818033e+00   43   43   40   40
 2.7618206162729777e+00   43   43   41   41
 3.8626964017952718e+00   43   43   42   42
 8.4208384499999998e+00   43   43   43   43
 2.4527838950462852e+00   44   44    1    1
 2.7288755724307281e+00   44   44    2    2
 3.8299014715939799e+00   44   44    3    3
 2.7313638663635160e+00   44   44    4    4
 1.1223177624179639e+00   44   44    5    5
 1.1199168643159947e+00   44   44    6    6
 9.8630013942732964e-01   44   44    7    7
 8.8775004501522781e-01   44   44    8    8
 7.9587730561768999e-01   44   44    9    9
 8.9182019229727572e-01   44   44   10   10
 9.8572544377122617e-01   44   44   11   11
 7.5776810117810112e-01   44   44   12   12
 7.2154495142336361e-01   44   44   13   13
 6.8202806133987226e-01   44   44   14   14
 6.7289451215148044e-01   44   44   15   15
 7.0201345716665331e-01   44   44   16   16
 7.4507373680689071e-01   44   44   17   17
 7.4563639913661239e-01   44   44   18   18
 7.6728620888688848e-01   44   44   19   19
 7.1247805597178515e-01   44   44   20   20
 6.5114044543222005e-01   44   44   21   21
 5.8381479131495750e-01   44   44   22   22
 6.3697813028110040e-01   44   44   23   23
 6.7539938185719139e-01   44   44   24   24
 2.6674442762318691e+00   44   44   25   25
 2.3193344955814488e+00   44   44   26   26
 1.7644270671076907e+00   44   44   27   27
 1.5473480055163131e+00   44   44   28   28
 1.1443073231411547e+00   44   44   29   29
 1.6248307579552772e+00   44   44   30   30
 2.0151580067386310e+00   44   44   31   31
 2.6626125378382364e+00   44   44   32   32
 2.0350914700458267e+00   44   44   33   33
 1.6366979777335540e+00   44   44   34   34
 1.5511232051980910e+00   44   44   35   35
 1.7533939383794002e+00   44   44   36   36
 2.2929885416879809e+00   44   44   37   37
 1.2751653968980987e+00   44   44   38   38
 1.5471356050686467e+00   44   44   39   39
 1.7922514216752223e+00   44   44   40   40
 1.5570017201942381e+00   44   44   41   41
 1.2825322062011026e+00   44   44   42   42
 1.1894146323576493e+00   44   44   43   43
 8.4208384499999998e+00   44   44   44   44
 1.8014267807697850e+00   45   45    1    1
 1.9926855163245298e+00   45   45    2    2
 2.6818159912285013e+00   45   45    3    3
 1.9920516100265830e+00   45   45    4    4
 9.6821604754752411e-01   45   45    5    5
 9.7301760909699353e-01   45   45    6    6
 8.7465719784859952e-01   45   45    7    7
 7.9451691704400229e-01   45   45    8    8
 7.2249122315410164e-01   45   45    9    9
 7.9407000794775395e-01   45   45   10   10
 8.6488873457531523e-01   45   45   11   11
 6.9235099971296332e-01   45   45   12   12
 6.6569699881545696e-01   45   45   13   13
 6.3325247977522059e-01   45   45   14   14
 6.2382162287843490e-01   45   45   15   15
 6.4568512417642454e-01   45   45   16   16
 6.7995967830757431e-01   45   45   17   17
 6.8196696064237472e-01   45   45   18   18
 7.0263834874012931e-01   45   45   19   19
 6.5785555145291597e-01   45   45   20   20
 6.0426621791634028e-01   45   45   21   21
 5.4859231373676720e-01   45   45   22   22
 5.9033665093875964e-01   45   45   23   23
 6.2219091390072401e-01   45   45   24   24
 3.7521693434431884e+00   45   45   25   25
 2.6787486790380481e+00   45   45   26   26
 1.9910291701966083e+00   45   45   27   27
 1.8015001686435248e+00   45   45   28   28
 1.2641178836434090e+00   45   45   29   29
 1.9915764719327289e+00   45   45   30   30
 2.6811991691565731e+00   45   45   31   31
 3.7424808992475431e+00   45   45   32   32
 2.6817461137760272e+00   45   45   33   33
 1.9916934324032860e+00   45   45   34   34
 1.8040772012346318e+00   45   45   35   35
 1.9913360076562241e+00   45   45   36   36
 2.6813846388843676e+00   45   45   37   37
 1.0751322833636785e+00   45   45   38   38
 1.2634872743862364e+00   45   45   39   39
 1.4180317803910716e+00   45   45   40   40
 1.2734576661151964e+00   45   45   41   41
 1.0824257395967800e+00   45   45   42   42
 1.0123423930083610e+00   45   45   43   43
 3.7530833275601356e+00   45   45   44   44
 8.4208384499999998e+00   45   45   45   45
 2.7559244252351642e+00   46   46    1    1
 2.5180140462032026e+00   46   46    2    2
 2.7885397023533032e+00   46   46    3    3
 3.8688454710673379e+00   46   46    4    4
 1.1535203073663369e+00   46   46    5    5
 1.1271396998461836e+00   46   46    6    6
 9.8207976854537615e-01   46   46    7    7
 8.8883771863199101e-01   46   46    8    8
 7.9181101394676190e-01   46   46    9    9
 9.0458612410854056e-01   46   46   10   10
 1.0126729561403562e+00   46   46   11   11
 7.5321754181132172e-01   46   46   12   12
 7.1069030969792546e-01   46   46   13   13
 6.7219583039726249e-01   46   46   14   14
 6.6842432724358636e-01   46   46   15   15
 7.0344235339241190e-01   46   46   16   16
 7.4764440675104382e-01   46   46   17   17
 7.3954552494069770e-01   46   46   18   18
 7.5578485929160755e-01   46   46   19   19
 7.0129064002635766e-01   46   46   20   20
 6.4379360802753194e-01   46   46   21   21
 5.7844723016795063e-01   46   46   22   22
 6.3271454598551324e-01   46   46   23   23
 6.7218804147720601e-01   46   46   24   24
 2.0240489832628978e+00   46   46   25   25
 1.8788749537327660e+00   46   46   26   26
 1.4910325683853445e+00   46   46   27   27
 1.3090731882396909e+00   46   46   28   28
 9.9985178777631112e-01   46   46   29   29
 1.3492153782059459e+00   46   46   30   30
 1.6084362779845536e+00   46   46   31   31
 2.3106104272655474e+00   46   46   32   32
 1.8971795622811636e+00   46   46   33   33
 1.5888887648540637e+00   46   46   34   34
 1.5219034901554849e+00   46   46   35   35
 1.6967468731876822e+00   46   46   36   36
 2.1000477126428909e+00   46   46   37   37
 1.3466912762059615e+00   46   46   38   38
 1.6268714267935966e+00   46   46   39   39
 1.9981079024670718e+00   46   46   40   40
 1.8035639056753592e+00   46   46   41   41
 1.4409477320488346e+00   46   46   42   42
 1.2908141565357165e+00   46   46   43   43
 3.8321883029308625e+00   46   46   44   44
 2.6799763368843319e+00   46   46   45   45
 8.4208384499999998e+00   46   46   46   46
 8.8159944184097117e-01   47   47    1    1
 8.8870524690934705e-01   47   47    2    2
 9.8689930261610437e-01   47   47    3    3
 9.7322005238297693e-01   47   47    4    4
 6.2162184125003483e-01   47   47    5    5
 6.2770967112036868e-01   47   47    6    6
 5.8498938921624466e-01   47   47    7    7
 5.4407170362168367e-01   47   47    8    8
 5.0971664894250390e-01   47   47    9    9
 5.4122276283184123e-01   47   47   10   10
 5.7414640046410437e-01   47   47   11   11
 5.0196465553342051e-01   47   47   12   12
 4.8899100621750358e-01   47   47   13   13
 4.7799832162140937e-01   47   47   14   14
 4.7874912828057398e-01   47   47   15   15
 4.9123183120625674e-01   47   47   16   16
 5.0299583560939842e-01   47   47   17   17
 4.8385041451244210e-01   47   47   18   18
 4.8876001784826850e-01   47   47   19   19
 4.6389940525421369e-01   47   47   20   20
 4.3752188273609716e-01   47   47   21   21
 4.3829374710690600e-01   47   47   22   22
 4.3347392836878385e-01   47   47   23   23
 4.5366440228853183e-01   47   47   24   24
 1.1787175816871391e+00   47   47   25   25
 1.0385623007069593e+00   47   47   26   26
 9.5829735428762930e-01   47   47   27   27
 9.7627966155431456e-01   47   47   28   28
 8.2159666482871607e-01   47   47   29   29
 1.0886173558989394e+00   47   47   30   30
 1.2083474191379902e+00   47   47   31   31
 1.5585825943488767e+00   47   47   32   32
 1.7879368663867117e+00   47   47   33   33
 2.3634845649902951e+00   47   47   34   34
 2.6921552897920646e+00   47   47   35   35
 2.0381890635412154e+00   47   47   36   36
 1.6446417817757324e+00   47   47   37   37
 6.6740526802804268e-01   47   47   38   38
 7.3042495586171308e-01   47   47   39   39
 7.8729518710442359e-01   47   47   40   40
 7.5965390640373676e-01   47   47   41   41
 6.9023910951721512e-01   47   47   42   42
 6.5196654048102021e-01   47   47   43   43
 1.1220794570789512e+00   47   47   44   44
 1.2709934999989332e+00   47   47   45   45
 1.1062913700724479e+00   47   47   46   46
 8.4208384499999998e+00   47   47   47   47
 9.9653366852096958e-01   48   48    1    1
 1.1069641330272144e+00   48   48    2    2
 1.2554435987306205e+00   48   48    3    3
 9.9447637792220522e-01   48   48    4    4
 7.2981456604555739e-01   48   48    5    5
 7.3413107803998645e-01   48   48    6    6
 6.9277532694204813e-01   48   48    7    7
 6.5174712255032352e-01   48   48    8    8
 6.1251803332902766e-01   48   48    9    9
 6.4937161116742392e-01   48   48   10   10
 6.8374227143555300e-01   48   48   11   11
 5.8339795906728387e-01   48   48   12   12
 5.7386318352321930e-01   48   48   13   13
 5.4481511111172287e-01   48   48   14   14
 5.2571569855750433e-01   48   48   15   15
 5.3285467199320036e-01   48   48   16   16
 5.5987566898250485e-01   48   48   17   17
 5.9966722547922513e-01   48   48   18   18
 6.3375539154034632e-01   48   48   19   19
 6.1265297672996022e-01   48   48   20   20
 5.6421546696991087e-01   48   48   21   21
 4.7445797393444383e-01   48   48   22   22
 5.3968268360573879e-01   48   48   23   23
 5.5405716959132056e-01   48   48   24   24
 1.7925499698322305e+00   48   48   25   25
 1.9974712293066217e+00   48   48   26   26
 2.6879132447254928e+00   48   48   27   27
 3.7133487723957042e+00   48   48   28   28
 3.8349340308380606e+00   48   48   29   29
 2.6851030728980101e+00   48   48   30   30
 1.9963871074935859e+00   48   48   31   31
 1.2670129704498920e+00   48   48   32   32
 1.2636199349819479e+00   48   48   33   33
 1.1098201197475606e+00   48   48   34   34
 9.9968115211533126e-01   48   48   35   35
 9.9964313225414614e-01   48   48   36   36
 1.1064003077942028e+00   48   48   37   37
 7.6849419844224587e-01   48   48   38   38
 8.4919234478624905e-01   48   48   39   39
 8.8804528667436233e-01   48   48   40   40
 8.2662436490134539e-01   48   48   41   41
 7.5162045219182461e-01   48   48   42   42
 7.2830522878824777e-01   48   48   43   43
 1.2596059189799298e+00   48   48   44   44
 1.4172932883379366e+00   48   48   45   45
 1.0989893766144332e+00   48   48   46   46
 8.8105416628030153e-01   48   48   47   47
 8.4208384499999998e+00   48   48   48   48
 9.2624951246264309e-01   49   49    1    1
 1.0075136121046577e+00   49   49    2    2
 1.1231646830699504e+00   49   49    3    3
 9.3320161863393869e-01   49   49    4    4
 6.8647297582098343e-01   49   49    5    5
 6.8477239358547515e-01   49   49    6    6
 6.4690127865496050e-01   49   49    7    7
 6.1321041029145806e-01   49   49    8    8
 5.7723159120622491e-01   49   49    9    9
 6.1497500799244098e-01   49   49   10   10
 6.4795137810643089e-01   49   49   11   11
 5.4915152014451973e-01   49   49   12   12
 5.3910994187600902e-01   49   49   13   13
 5.1213962152016412e-01   49   49   14   14
 4.9524384777011710e-01   49   49   15   15
 5.0279212711557220e-01   49   49   16   16
 5.2818576233748027e-01   49   49   17   17
 5.6746385815344824e-01   49   49   18   18
 5.9950160586755630e-01   49   49   19   19
 5.8272209591315216e-01   49   49   20   20
 5.3895994935517000e-01   49   49   21   21
 4.4850355519602020e-01   49   49   22   22
 5.1522370886427693e-01   49   49   23   23
 5.2690096417569543e-01   49   49   24   24
 1.5601277168219840e+00   49   49   25   25
 1.7679253081245094e+00   49   49   26   26
 2.3005981423286270e+00   49   49   27   27
 2.6916003701777034e+00   49   49   28   28
 2.7428516096273095e+00   49   49   29   29
 2.0808579072619651e+00   49   49   30   30
 1.6662258588974546e+00   49   49   31   31
 1.1614765342087232e+00   49   49   32   32
 1.1892675122585374e+00   49   49   33   33
 1.0580595057504074e+00   49   49   34   34
 9.4485884300797274e-01   49   49   35   35
 9.2972984748560317e-01   49   49   36   36
 1.0141253324735182e+00   49   49   37   37
 7.2452671664301671e-01   49   49   38   38
 7.9345299680728620e-01   49   49   39   39
 8.3406267647042642e-01   49   49   40   40
 7.8802165766432575e-01   49   49   41   41
 7.2022936462107112e-01   49   49   42   42
 6.9418249897613904e-01   49   49   43   43
 1.1439543409798261e+00   49   49   44   44
 1.2744642811258116e+00   49   49   45   45
 1.0247718442516074e+00   49   49   46   46
 8.4970647949342082e-01   49   49   47   47
 3.8375373425084680e+00   49   49   48   48
 8.4208384499999998e+00   49   49   49   49
 7.8099634340897872e-01   50   50    1    1
 7.7653285087655111e-01   50   50    2    2
 8.4040616524414702e-01   50   50    3    3
 8.5602455658232113e-01   50   50    4    4
 5.7742354740324786e-01   50   50    5    5
 5.8336285975765334e-01   50   50    6    6
 5.4641480888883009e-01   50   50    7    7
 5.1012819430247558e-01   50   50    8    8
 4.7996919012879435e-01   50   50    9    9
 5.0720458534031987e-01   50   50   10   10
 5.3590625540514714e-01   50   50   11   11
 4.7583521832932529e-01   50   50   12   12
 4.6364189946526424e-01   50   50   13   13
 4.5614435087308247e-01   50   50   14   14
 4.5994307647949217e-01   50   50   15   15
 4.7223573763674620e-01   50   50   16   16
 4.8036336199777185e-01   50   50   17   17
 4.5485490260570899e-01   50   50   18   18
 4.5626299267511600e-01   50   50   19   19
 4.3315643993824399e-01   50   50   20   20
 4.1094826830323866e-01   50   50   21   21
 4.2423858567921052e-01   50   50   22   22
 4.0939766830282970e-01   50   50   23   23
 4.2885002125943744e-01   50   50   24   24
 9.3711745136768265e-01   50   50   25   25
 8.4419328836631802e-01   50   50   26   26
 7.8445984331446061e-01   50   50   27   27
 7.9285732380494645e-01   50   50   28   28
 6.8729050405287384e-01   50   50   29   29
 8.6714696437778394e-01   50   50   30   30
 9.4814720918130768e-01   50   50   31   31
 1.1939322826039844e+00   50   50   32   32
 1.2940878528505080e+00   50   50   33   33
 1.5721624899373738e+00   50   50   34   34
 1.8166197544644656e+00   50   50   35   35
 1.5695798410475998e+00   50   50   36   36
 1.2927065766105987e+00   50   50   37   37
 6.1659053089131710e-01   50   50   38   38
 6.6612516972797164e-01   50   50   39   39
 7.1234056028932424e-01   50   50   40   40
 6.9439547096001641e-01   50   50   41   41
 6.3960794894121431e-01   50   50   42   42
 6.0634467306186191e-01   50   50   43   43
 9.3503210625220945e-01   50   50   44   44
 1.0141816886190298e+00   50   50   45   45
 9.4266108899734502e-01   50   50   46   46
 2.7676800839969973e+00   50   50   47   47
 7.2704322596027471e-01   50   50   48   48
 7.0467972585527505e-01   50   50   49   49
 8.4208384499999998e+00   50   50   50   50
 8.2693630603158275e-01   51   51    1    1
 8.9385603200301844e-01   51   51    2    2
 9.7980086590447968e-01   51   51    3    3
 8.2848009437006898e-01   51   51    4    4
 6.3886106211381266e-01   51   51    5    5
 6.3785044390176993e-01   51   51    6    6
 6.0739489939028379e-01   51   51    7    7
 5.7930776896729963e-01   51   51    8    8
 5.4901992858484983e-01   51   51    9    9
 5.8043851255272227e-01   51   51   10   10
 6.0757082060929046e-01   51   51   11   11
 5.2296508127795804e-01   51   51   12   12
 5.1540405749432749e-01   51   51   13   13
 4.9035523864280112e-01   51   51   14   14
 4.7329714538646922e-01   51   51   15   15
 4.7892382322395699e-01   51   51   16   16
 5.0214877189478713e-01   51   51   17   17
 5.4276305884594989e-01   51   51   18   18
 5.7425842304170360e-01   51   51   19   19
 5.6172235899516532e-01   51   51   20   20
 5.2136659084607251e-01   51   51   21   21
 4.3129441089235510e-01   51   51   22   22
 4.9742419445461311e-01   51   51   23   23
 5.0624162777045467e-01   51   51   24   24
 1.2842630137634763e+00   51   51   25   25
 1.4226815454787938e+00   51   51   26   26
 1.7598517514158669e+00   51   51   27   27
 1.9995364153335071e+00   51   51   28   28
 2.5007624209866144e+00   51   51   29   29
 1.6640001203722503e+00   51   51   30   30
 1.3712659478914357e+00   51   51   31   31
 1.0012712972621312e+00   51   51   32   32
 1.0247849693448725e+00   51   51   33   33
 9.3051411395045003e-01   51   51   34   34
 8.4179572363672894e-01   51   51   35   35
 8.2768393927011286e-01   51   51   36   36
 8.9165739589775739e-01   51   51   37   37
 6.6875003383972997e-01   51   51   38   38
 7.2499983371820376e-01   51   51   39   39
 7.5534427573319762e-01   51   51   40   40
 7.1729345029586200e-01   51   51   41   41
 6.6248373809110728e-01   51   51   42   42
 6.4213730176096839e-01   51   51   43   43
 9.8852335511420975e-01   51   51   44   44
 1.0827632975633861e+00   51   51   45   45
 8.9724425047489786e-01   51   51   46   46
 7.7357995016458603e-01   51   51   47   47
 2.7605941852458638e+00   51   51   48   48
 3.8536174451154555e+00   51   51   49   49
 6.5138070504722134e-01   51   51   50   50
 8.4208384499999998e+00   51   51   51   51
 7.8867650450693649e-01   52   52    1    1
 8.5825968401087549e-01   52   52    2    2
 9.3615907774050922e-01   52   52    3    3
 7.8228124424835621e-01   52   52    4    4
 6.2693016607745100e-01   52   52    5    5
 6.3013467671554824e-01   52   52    6    6
 6.0422377931951821e-01   52   52    7    7
 5.7657228409001982e-01   52   52    8    8
 5.4944606003593466e-01   52   52    9    9
 5.7439067843933311e-01   52   52   10   10
 5.9723942613164482e-01   52   52   11   11
 5.2450445364474374e-01   52   52   12   12
 5.1977811147040665e-01   52   52   13   13
 4.9505196399063595e-01   52   52   14   14
 4.7612177290763957e-01   52   52   15   15
 4.7955835662962060e-01   52   52   16   16
 5.0192037318386840e-01   52   52   17   17
 5.4451321160320243e-01   52   52   18   18
 5.7713224011222264e-01   52   52   19   19
 5.6571371452924124e-01   52   52   20   20
 5.2513525851831799e-01   52   52   21   21
 4.3546611803667501e-01   52   52   22   22
 5.0025737660996661e-01   52   52   23   23
 5.0821366654069211e-01   52   52   24   24
 1.1882078035800394e+00   52   52   25   25
 1.2886195439462100e+00   52   52   26   26
 1.5638220269120098e+00   52   52   27   27
 1.8080076447019273e+00   52   52   28   28
 2.7429266227303937e+00   52   52   29   29
 1.5629614983445714e+00   52   52   30   30
 1.2879744940087241e+00   52   52   31   31
 9.3615153836567366e-01   52   52   32   32
 9.4506033515199095e-01   52   52   33   33
 8.6441384428552348e-01   52   52   34   34
 7.9351171339526050e-01   52   52   35   35
 7.8714451141274044e-01   52   52   36   36
 8.4647620486963526e-01   52   52   37   37
 6.5034376464644439e-01   52   52   38   38
 7.0290992775316574e-01   52   52   39   39
 7.2437394072480099e-01   52   52   40   40
 6.8428620577843380e-01   52   52   41   41
 6.3531442371821922e-01   52   52   42   42
 6.2101782907970482e-01   52   52   43   43
 9.3033472533033501e-01   52   52   44   44
 1.0108595617153822e+00   52   52   45   45
 8.4124890291400201e-01   52   52   46   46
 7.3231948606271002e-01   52   52   47   47
 2.4841451878004528e+00   52   52   48   48
 2.7432757028570438e+00   52   52   49   49
 6.2216536463060546e-01   52   52   50   50
 3.8592819372869447e+00   52   52   51   51
 8.4208384499999998e+00   52   52   52   52
 8.3084541154870184e-01   53   53    1    1
 9.1691703985539441e-01   53   53    2    2
 1.0077883896209803e+00   53   53    3    3
 8.1767279249080804e-01   53   53    4    4
 6.5949812352045956e-01   53   53    5    5
 6.6792590708749844e-01   53   53    6    6
 6.4102542817418307e-01   53   53    7    7
 6.0822401053647324e-01   53   53    8    8
 5.7955144373884926e-01   53   53    9    9
 6.0215926786121132e-01   53   53   10   10
 6.2501892807082682e-01   53   53   11   11
 5.5401763387287095e-01   53   53   12   12
 5.5058518191730266e-01   53   53   13   13
 5.2425166707887028e-01   53   53   14   14
 5.0291809767026641e-01   53   53   15   15
 5.0537815007714870e-01   53   53   16   16
 5.2883205729980010e-01   53   53   17   17
 5.7270430889856194e-01   53   53   18   18
 6.0741374525342218e-01   53   53   19   19
 5.9289240115190223e-01   53   53   20   20
 5.4833946296694158e-01   53   53   21   21
 4.5900312065438448e-01   53   53   22   22
 5.2249291610404014e-01   53   53   23   23
 5.3239335151702905e-01   53   53   24   24
 1.2784155463175084e+00   53   53   25   25
 1.3667491853465477e+00   53   53   26   26
 1.6614165061660666e+00   53   53   27   27
 1.9974379506348545e+00   53   53   28   28
 3.8566634191281128e+00   53   53   29   29
 1.7551221226226039e+00   53   53   30   30
 1.4164093655633045e+00   53   53   31   31
 9.8867341214736382e-01   53   53   32   32
 9.8169292598509983e-01   53   53   33   33
 8.9273553505073966e-01   53   53   34   34
 8.2565201937169874e-01   53   53   35   35
 8.2842190857002884e-01   53   53   36   36
 8.9784279646853360e-01   53   53   37   37
 6.8174045208470380e-01   53   53   38   38
 7.4088886550998556e-01   53   53   39   39
 7.5913360327057544e-01   53   53   40   40
 7.0952175535202000e-01   53   53   41   41
 6.5693180535520490e-01   53   53   42   42
 6.4536218888890984e-01   53   53   43   43
 9.8897462485591192e-01   53   53   44   44
 1.0768952332208461e+00   53   53   45   45
 8.8115139240283880e-01   53   53   46   46
 7.5276171168056749e-01   53   53   47   47
 2.7608858855682086e+00   53   53   48   48
 2.5009858134627643e+00   53   53   49   49
 6.3790691050778081e-01   53   53   50   50
 2.7798052244243414e+00   53   53   51   51
 3.8555708575574794e+00   53   53   52   52
 8.4208384499999998e+00   53   53   53   53
 7.1391958369587738e-01   54   54    1    1
 7.1977293399673370e-01   54   54    2    2
 6.7589400887932338e-01   54   54    3    3
 6.6587179034724675e-01   54   54    4    4
 9.6366831331032732e-01   54   54    5    5
 1.0693938744660023e+00   54   54    6    6
 1.1902562398895236e+00   54   54    7    7
 1.1715830868292414e+00   54   54    8    8
 1.2682706963727117e+00   54   54    9    9
 1.0363532325658522e+00   54   54   10   10
 9.5275555064459683e-01   54   54   11   11
 1.5558496629662601e+00   54   54   12   12
 1.6429793002476609e+00   54   54   13   13
 2.0375817699020580e+00   54   54   14   14
 2.6913980580753734e+00   54   54   15   15
 2.3615450646915050e+00   54   54   16   16
 1.7851185819938180e+00   54   54   17   17
 1.1241568268520583e+00   54   54   18   18
 9.8769355584115293e-01   54   54   19   19
 8.9316984538100641e-01   54   54   20   20
 8.9071039465159374e-01   54   54   21   21
 2.7644655437006174e+00   54   54   22   22
 9.8489326131996757e-01   54   54   23   23
 1.1158724427102971e+00   54   54   24   24
 5.6678172108108238e-01   54   54   25   25
 5.5376384109953736e-01   54   54   26   26
 5.3007793785956303e-01   54   54   27   27
 5.1688841941931163e-01   54   54   28   28
 4.9434647100054457e-01   54   54   29   29
 5.2672579573068357e-01   54   54   30   30
 5.5119259156199207e-01   54   54   31   31
 5.7093988280475683e-01   54   54   32   32
 5.2872062665136532e-01   54   54   33   33
 5.1078365392392111e-01   54   54   34   34
 5.2795465097347483e-01   54   54   35   35
 5.6984964596582410e-01   54   54   36   36
 5.9471389181618928e-01   54   54   37   37
 8.6606028365449528e-01   54   54   38   38
 8.2925378908431868e-01   54   54   39   39
 7.5285362854696147e-01   54   54   40   40
 7.1537381075984607e-01   54   54   41   41
 7.3830100049814829e-01   54   54   42   42
 8.0947724515870378e-01   54   54   43   43
 6.3190438293335116e-01   54   54   44   44
 5.9050936610626070e-01   54   54   45   45
 6.3005808875862934e-01   54   54   46   46
 4.7403751588354071e-01   54   54   47   47
 4.9074585681751948e-01   54   54   48   48
 4.6295308481437303e-01   54   54   49   49
 4.6126400351631375e-01   54   54   50   50
 4.4246362972450420e-01   54   54   51   51
 4.4464564197515061e-01   54   54   52   52
 4.6902477703590062e-01   54   54   53   53
 8.4208384499999998e+00   54   54   54   54
 6.0955572221641974e-01   55   55    1    1
 6.1836632326901986e-01   55   55    2    2
 5.8647010324874627e-01   55   55    3    3
 5.7140049084596556e-01   55   55    4    4
 7.9809948722326740e-01   55   55    5    5
 8.6903662418081629e-01   55   55    6    6
 9.6553614941055077e-01   55   55    7    7
 9.7585151599477482e-01   55   55    8    8
 1.0834423252841490e+00   55   55    9    9
 8.7729963978341075e-01   55   55   10   10
 8.0245501689995780e-01   55   55   11   11
 1.2861135328224651e+00   55   55   12   12
 1.4320780064876031e+00   55   55   13   13
 1.7813623340302458e+00   55   55   14   14
 1.9993252346854178e+00   55   55   15   15
 1.6486837620267114e+00   55   55   16   16
 1.3638909282132614e+00   55   55   17   17
 1.0163639899045709e+00   55   55   18   18
 9.0735160200252096e-01   55   55   19   19
 8.4607766202167434e-01   55   55   20   20
 8.6410735869104582e-01   55   55   21   21
 3.8642545007298632e+00   55   55   22   22
 9.5692689647555662e-01   55   55   23   23
 1.0467507120676500e+00   55   55   24   24
 5.0452899171971732e-01   55   55   25   25
 4.9560814829878658e-01   55   55   26   26
 4.7936837631198498e-01   55   55   27   27
 4.7007356949921275e-01   55   55   28   28
 4.5682355103006550e-01   55   55   29   29
 4.7715234907236292e-01   55   55   30   30
 4.9422927394794958e-01   55   55   31   31
 5.0261332955778271e-01   55   55   32   32
 4.6927631769491718e-01   55   55   33   33
 4.5410187394737567e-01   55   55   34   34
 4.6694730219600344e-01   55   55   35   35
 4.9958674368875972e-01   55   55   36   36
 5.1970575341643643e-01   55   55   37   37
 7.2296574992341367e-01   55   55   38   38
 6.9524916593246655e-01   55   55   39   39
 6.3773102055717867e-01   55   55   40   40
 6.0923279009892650e-01   55   55   41   41
 6.2730314433795786e-01   55   55   42   42
 6.8147652630857436e-01   55   55   43   43
 5.5025804873637074e-01   55   55   44   44
 5.1973304051810520e-01   55   55   45   45
 5.4555661256301491e-01   55   55   46   46
 4.2449719093905269e-01   55   55   47   47
 4.5082431847721571e-01   55   55   48   48
 4.2684574360461269e-01   55   55   49   49
 4.1309687861681449e-01   55   55   50   50
 4.1111034973978594e-01   55   55   51   51
 4.1522845194768621e-01   55   55   52   52
 4.3710617724416667e-01   55   55   53   53
 2.5035659499728302e+00   55   55   54   54
 8.4208384499999998e+00   55   55   55   55
 6.5681147128521433e-01   56   56    1    1
 6.6187680674887817e-01   56   56    2    2
 6.2653459527027566e-01   56   56    3    3
 6.1773241430829184e-01   56   56    4    4
 8.5197682307294020e-01   56   56    5    5
 9.3417464749588652e-01   56   56    6    6
 1.0218527538337330e+00   56   56    7    7
 1.0063543917284694e+00   56   56    8    8
 1.0795553201232693e+00   56   56    9    9
 9.0577416118079113e-01   56   56   10   10
 8.4202823986423470e-01   56   56   11   11
 1.2826928603950543e+00   56   56   12   12
 1.3574113269947179e+00   56   56   13   13
 1.6398701164186662e+00   56   56   14   14
 1.9979447784787183e+00   56   56   15   15
 1.7884602633762032e+00   56   56   16   16
 1.4334456133002524e+00   56   56   17   17
 9.7803707755925195e-01   56   56   18   18
 8.7286564796334332e-01   56   56   19   19
 8.0097933402690280e-01   56   56   20   20
 8.0326212286972309e-01   56   56   21   21
 2.5026909288199763e+00   56   56   22   22
 8.8177111778540629e-01   56   56   23   23
 9.7974771050992149e-01   56   56   24   24
 5.3317640734739014e-01   56   56   25   25
 5.1994802899230030e-01   56   56   26   26
 4.9876743887033598e-01   56   56   27   27
 4.8819490053859871e-01   56   56   28   28
 4.6852801863462173e-01   56   56   29   29
 4.9845078777701590e-01   56   56   30   30
 5.2069430390385996e-01   56   56   31   31
 5.3957784621152438e-01   56   56   32   32
 5.0188031415787082e-01   56   56   33   33
 4.8716952980782657e-01   56   56   34   34
 5.0451564249735259e-01   56   56   35   35
 5.4281297878485302e-01   56   56   36   36
 5.6300929440645475e-01   56   56   37   37
 7.7700260771493146e-01   56   56   38   38
 7.4895598257362583e-01   56   56   39   39
 6.8765733156089215e-01   56   56   40   40
 6.5633202192341822e-01   56   56   41   41
 6.7482817543353113e-01   56   56   42   42
 7.3218932533304049e-01   56   56   43   43
 5.8982297495675073e-01   56   56   44   44
 5.5486173611257783e-01   56   56   45   45
 5.8806152802044531e-01   56   56   46   46
 4.5672720112005910e-01   56   56   47   47
 4.6469663967942954e-01   56   56   48   48
 4.3922009884014607e-01   56   56   49   49
 4.4706930245314702e-01   56   56   50   50
 4.2072986438920568e-01   56   56   51   51
 4.2314530645209447e-01   56   56   52   52
 4.4571270994062934e-01   56   56   53   53
 3.8619918739543619e+00   56   56   54   54
 2.7597560120381757e+00   56   56   55   55
 8.4208384499999998e+00   56   56   56   56
 7.1277556849588275e-01   57   57    1    1
 7.2207404580352996e-01   57   57    2    2
 6.7613699534782590e-01   57   57    3    3
 6.6061023143955500e-01   57   57    4    4
 9.9014133022869089e-01   57   57    5    5
 1.1004007004507801e+00   57   57    6    6
 1.2550295438403798e+00   57   57    7    7
 1.2631953340854718e+00   57   57    8    8
 1.4206721806381641e+00   57   57    9    9
 1.1019306038543848e+00   57   57   10   10
 9.9249274082676131e-01   57   57   11   11
 1.7996787410820794e+00   57   57   12   12
 2.0004651519643826e+00   57   57   13   13
 2.6897520040249954e+00   57   57   14   14
 3.7217658598974035e+00   57   57   15   15
 2.6970307846229886e+00   57   57   16   16
 2.0029053762388358e+00   57   57   17   17
 1.2700740656200156e+00   57   57   18   18
 1.0996539176138389e+00   57   57   19   19
 9.9280480042036856e-01   57   57   20   20
 9.9754291846089893e-01   57   57   21   21
 3.8485007397918540e+00   57   57   22   22
 1.1176066873106540e+00   57   57   23   23
 1.2769016057983498e+00   57   57   24   24
 5.6676395172731930e-01   57   57   25   25
 5.5686473629025279e-01   57   57   26   26
 5.3522253513767160e-01   57   57   27   27
 5.2143440584029854e-01   57   57   28   28
 5.0156156893789294e-01   57   57   29   29
 5.2889479659813654e-01   57   57   30   30
 5.5104864511016705e-01   57   57   31   31
 5.6398682928376020e-01   57   57   32   32
 5.2245624903871946e-01   57   57   33   33
 5.0264548871811354e-01   57   57   34   34
 5.1682657407452925e-01   57   57   35   35
 5.5667448449594858e-01   57   57   36   36
 5.8363363222531450e-01   57   57   37   37
 8.7785239500224377e-01   57   57   38   38
 8.3602965446824129e-01   57   57   39   39
 7.5405081565679299e-01   57   57   40   40
 7.1538883218212301e-01   57   57   41   41
 7.4050956641630661e-01   57   57   42   42
 8.1710541590218833e-01   57   57   43   43
 6.2856729384845922e-01   57   57   44   44
 5.8700913576018821e-01   57   57   45   45
 6.2447157415721910e-01   57   57   46   46
 4.6355001999885026e-01   57   57   47   47
 4.9665613342616488e-01   57   57   48   48
 4.6853835497784901e-01   57   57   49   49
 4.4834833131010138e-01   57   57   50   50
 4.4871022357784424e-01   57   57   51   51
 4.5185196078234480e-01   57   57   52   52
 4.7682277452610283e-01   57   57   53   53
 3.8503512426033324e+00   57   57   54   54
 2.7551539456931393e+00   57   57   55   55
 2.7544254525569931e+00   57   57   56   56
 8.4208384499999998e+00   57   57   57   57
 6.1693234141357811e-01   58   58    1    1
 6.2401027741606108e-01   58   58    2    2
 5.8315482341658320e-01   58   58    3    3
 5.7055780342723561e-01   58   58    4    4
 8.3599725392057334e-01   58   58    5    5
 8.2116783578942176e-01   58   58    6    6
 8.8591134553773476e-01   58   58    7    7
 9.9827856244683033e-01   58   58    8    8
 1.0821634617243721e+00   58   58    9    9
 1.0227698878673710e+00   58   58   10   10
 9.2728894842308995e-01   58   58   11   11
 9.8850420220728741e-01   58   58   12   12
 9.7375725041963990e-01   58   58   13   13
 8.8565091544442409e-01   58   58   14   14
 8.2358361568196659e-01   58   58   15   15
 8.3029535535830068e-01   58   58   16   16
 9.0152109956862536e-01   58   58   17   17
 1.2835968439932322e+00   58   58   18   18
 1.3711158930985237e+00   58   58   19   19
 1.6643441517561253e+00   58   58   20   20
 1.9994751033894476e+00   58   58   21   21
 7.5157917914141559e-01   58   58   22   22
 1.7589056921241635e+00   58   58   23   23
 1.4213496330859865e+00   58   58   24   24
 5.1227094005098928e-01   58   58   25   25
 5.3038139948683893e-01   58   58   26   26
 5.2702788242679033e-01   58   58   27   27
 5.0498947529511107e-01   58   58   28   28
 5.0022516927126803e-01   58   58   29   29
 4.8917062256680705e-01   58   58   30   30
 4.9290038312941359e-01   58   58   31   31
 4.7797967485010673e-01   58   58   32   32
 4.5332558022720237e-01   58   58   33   33
 4.2869366254876368e-01   58   58   34   34
 4.2426408705344409e-01   58   58   35   35
 4.4369065025849835e-01   58   58   36   36
 4.7109756541407466e-01   58   58   37   37
 7.6286662014323592e-01   58   58   38   38
 7.1265187999398150e-01   58   58   39   39
 6.5974860170872707e-01   58   58   40   40
 6.4947226200387176e-01   58   58   41   41
 6.8534267918215930e-01   58   58   42   42
 7.4429996881089666e-01   58   58   43   43
 5.4316913905118314e-01   58   58   44   44
 5.1073937358119625e-01   58   58   45   45
 5.3946811235315117e-01   58   58   46   46
 3.8357122121834364e-01   58   58   47   47
 4.9624113715381962e-01   58   58   48   48
 4.8074949444707932e-01   58   58   49   49
 3.6172344190932532e-01   58   58   50   50
 4.7024105332590882e-01   58   58   51   51
 4.7338811654691698e-01   58   58   52   52
 4.8811061875173462e-01   58   58   53   53
 6.8630352837228203e-01   58   58   54   54
 6.8842858127187789e-01   58   58   55   55
 6.3737247672384578e-01   58   58   56   56
 7.5101458602466875e-01   58   58   57   57
 8.4208384499999998e+00   58   58   58   58
 5.9671526943255548e-01   59   59    1    1
 6.0762534014842207e-01   59   59    2    2
 5.7127526439594123e-01   59   59    3    3
 5.5252964375276747e-01   59   59    4    4
 7.8729897842560947e-01   59   59    5    5
 7.8004420345708614e-01   59   59    6    6
 8.4046977120494726e-01   59   59    7    7
 9.3331224474917418e-01   59   59    8    8
 1.0110331044424299e+00   59   59    9    9
 9.4309344244517357e-01   59   59   10   10
 8.6099855166820682e-01   59   59   11   11
 9.3202477533074424e-01   59   59   12   12
 9.3370400306011658e-01   59   59   13   13
 8.5416685306087292e-01   59   59   14   14
 7.8838499939953466e-01   59   59   15   15
 7.8565444139992324e-01   59   59   16   16
 8.4619615145553406e-01   59   59   17   17
 1.1884533371760113e+00   59   59   18   18
 1.2868296980581224e+00   59   59   19   19
 1.5607422913184583e+00   59   59   20   20
 1.8083937324785087e+00   59   59   21   21
 7.2823729289703087e-01   59   59   22   22
 1.5669858083954975e+00   59   59   23   23
 1.2902216962044473e+00   59   59   24   24
 5.0648772176223955e-01   59   59   25   25
 5.2467605748183599e-01   59   59   26   26
 5.2407613863191338e-01   59   59   27   27
 5.0423849823467348e-01   59   59   28   28
 5.0428913142059728e-01   59   59   29   29
 4.8796979433000914e-01   59   59   30   30
 4.8952180699517495e-01   59   59   31   31
 4.7013091322496608e-01   59   59   32   32
 4.4636218526990462e-01   59   59   33   33
 4.2206562094193995e-01   59   59   34   34
 4.1730106907804504e-01   59   59   35   35
 4.3594998106501182e-01   59   59   36   36
 4.6281466602274635e-01   59   59   37   37
 7.2180260587372591e-01   59   59   38   38
 6.8155917791338261e-01   59   59   39   39
 6.3280561147395964e-01   59   59   40   40
 6.1966907014643147e-01   59   59   41   41
 6.4816033863469580e-01   59   59   42   42
 7.0001525975444034e-01   59   59   43   43
 5.3187577925886409e-01   59   59   44   44
 5.0250782608708477e-01   59   59   45   45
 5.2541334565822229e-01   59   59   46   46
 3.7821869559587140e-01   59   59   47   47
 4.9791599500790845e-01   59   59   48   48
 4.8225589633437183e-01   59   59   49   49
 3.5603472607840697e-01   59   59   50   50
 4.7357695082059525e-01   59   59   51   51
 4.7879261949172874e-01   59   59   52   52
 4.9402502700679263e-01   59   59   53   53
 6.6091893563314141e-01   59   59   54   54
 6.6965241303660905e-01   59   59   55   55
 6.1633695611291794e-01   59   59   56   56
 7.2326187702914124e-01   59   59   57   57
 3.8568794334397265e+00   59   59   58   58
 8.4208384499999998e+00   59   59   59   59
 8.4666172592877564e-01   60   60    1    1
 8.3578464118497209e-01   60   60    2    2
 9.0186452068302680e-01   60   60    3    3
 9.3492266673312696e-01   60   60    4    4
 6.1801930603279753e-01   60   60    5    5
 6.2475461775638430e-01   60   60    6    6
 5.8245212826457127e-01   60   60    7    7
 5.4159516783465844e-01   60   60    8    8
 5.0763600849714141e-01   60   60    9    9
 5.3843615937311540e-01   60   60   10   10
 5.7075149057603669e-01   60   60   11   11
 5.0370507093240358e-01   60   60   12   12
 4.8926700766813080e-01   60   60   13   13
 4.8130806671967824e-01   60   60   14   14
 4.8671574672258799e-01   60   60   15   15
 5.0139496385617410e-01   60   60   16   16
 5.1016617146917775e-01   60   60   17   17
 4.7886669245202823e-01   60   60   18   18
 4.7906381420001543e-01   60   60   19   19
 4.5306538678071084e-01   60   60   20   20
 4.2936148609547475e-01   60   60   21   21
 4.4670532646957195e-01   60   60   22   22
 4.2862901611751286e-01   60   60   23   23
 4.5056606744642397e-01   60   60   24   24
 9.7681502796003550e-01   60   60   25   25
 8.7463269402041210e-01   60   60   26   26
 8.0276864372744605e-01   60   60   27   27
 8.0361654709292096e-01   60   60   28   28
 6.8998740546871684e-01   60   60   29   29
 8.7888840488265396e-01   60   60   30   30
 9.7448992797090628e-01   60   60   31   31
 1.2835550839197536e+00   60   60   32   32
 1.3598442562211968e+00   60   60   33   33
 1.6435908667123100e+00   60   60   34   34
 1.9981008711252002e+00   60   60   35   35
 1.7841322477162815e+00   60   60   36   36
 1.4319599287984837e+00   60   60   37   37
 6.6267626818587333e-01   60   60   38   38
 7.1803776121632035e-01   60   60   39   39
 7.7057288261019019e-01   60   60   40   40
 7.5058995047494681e-01   60   60   41   41
 6.8897944848825088e-01   60   60   42   42
 6.5162400857607283e-01   60   60   43   43
 1.0084785295700214e+00   60   60   44   44
 1.0804409526069210e+00   60   60   45   45
 1.0285067740158138e+00   60   60   46   46
 2.5039335965236265e+00   60   60   47   47
 7.3035498860918180e-01   60   60   48   48
 7.0362193878736712e-01   60   60   49   49
 3.8571492035315931e+00   60   60   50   50
 6.4739974161326774e-01   60   60   51   51
 6.1860812443714386e-01   60   60   52   52
 6.3700913150217398e-01   60   60   53   53
 4.8895826473881077e-01   60   60   54   54
 4.3443445265125508e-01   60   60   55   55
 4.7301528419799710e-01   60   60   56   56
 4.7393790327757968e-01   60   60   57   57
 3.7548480349205471e-01   60   60   58   58
 3.6878140797452802e-01   60   60   59   59
 8.4208384499999998e+00   60   60   60   60
 6.1917486395458321e-01   61   61    1    1
 6.3517422864096074e-01   61   61    2    2
 5.9762706966546431e-01   61   61    3    3
 5.7085688362111531e-01   61   61    4    4
 8.1881471059075617e-01   61   61    5    5
 8.2012232422671916e-01   61   61    6    6
 8.9076020615585116e-01   61   61    7    7
 9.8573568260335309e-01   61   61    8    8
 1.0778172823326664e+00   61   61    9    9
 9.8008748912970345e-01   61   61   10   10
 8.8943543578435147e-01   61   61   11   11
 9.9231671940370691e-01   61   61   12   12
 1.0079443031212809e+00   61   61   13   13
 9.1574525222298864e-01   61   61   14   14
 8.3303522031965183e-01   61   61   15   15
 8.2258732273369006e-01   61   61   16   16
 8.8728315722894768e-01   61   61   17   17
 1.2795227900522816e+00   61   61   18   18
 1.4142273344711636e+00   61   61   19   19
 1.7498140212512368e+00   61   61   20   20
 1.9980412762687325e+00   61   61   21   21
 7.6656391338893537e-01   61   61   22   22
 1.6678391271441635e+00   61   61   23   23
 1.3707396118109076e+00   61   61   24   24
 5.2842700471575366e-01   61   61   25   25
 5.4689878927708702e-01   61   61   26   26
 5.4711773369017369e-01   61   61   27   27
 5.2755409280295884e-01   61   61   28   28
 5.3014870717404150e-01   61   61   29   29
 5.1087301076158298e-01   61   61   30   30
 5.1189418516592966e-01   61   61   31   31
 4.8811055952991939e-01   61   61   32   32
 4.6206868668190665e-01   61   61   33   33
 4.3613303791003155e-01   61   61   34   34
 4.3142905374243012e-01   61   61   35   35
 4.5177193283489442e-01   61   61   36   36
 4.8071911305109638e-01   61   61   37   37
 7.4619915022336158e-01   61   61   38   38
 7.0834332836223468e-01   61   61   39   39
 6.5435106553736966e-01   61   61   40   40
 6.3529728643141248e-01   61   61   41   41
 6.6084568561069812e-01   61   61   42   42
 7.1572816139710382e-01   61   61   43   43
 5.5350626182903306e-01   61   61   44   44
 5.2306640825009076e-01   61   61   45   45
 5.4381724811826126e-01   61   61   46   46
 3.9011467705860986e-01   61   61   47   47
 5.2115117710683856e-01   61   61   48   48
 5.0254082360451957e-01   61   61   49   49
 3.6624928197796425e-01   61   61   50   50
 4.9341522329931192e-01   61   61   51   51
 5.0070354718490562e-01   61   61   52   52
 5.1898416991887475e-01   61   61   53   53
 6.9118736170649853e-01   61   61   54   54
 7.0131969826237994e-01   61   61   55   55
 6.4241290829635267e-01   61   61   56   56
 7.6060782007922645e-01   61   61   57   57
 2.7791320005566509e+00   61   61   58   58
 3.8573056062448718e+00   61   61   59   59
 3.7941941389944167e-01   61   61   60   60
 8.4208384499999998e+00   61   61   61   61
 6.6833080547335266e-01   62   62    1    1
 6.8700861311533268e-01   62   62    2    2
 6.4249383994863274e-01   62   62    3    3
 6.1190828185047297e-01   62   62    4    4
 9.1418512611200364e-01   62   62    5    5
 9.2136721936440613e-01   62   62    6    6
 1.0150797797154583e+00   62   62    7    7
 1.1379272296132235e+00   62   62    8    8
 1.2659291774530561e+00   62   62    9    9
 1.1199208815430084e+00   62   62   10   10
 9.9882549406109356e-01   62   62   11   11
 1.1488994917452777e+00   62   62   12   12
 1.1677887687248281e+00   62   62   13   13
 1.0405726182863595e+00   62   62   14   14
 9.3444603054056763e-01   62   62   15   15
 9.2293244263715057e-01   62   62   16   16
 1.0075018693512754e+00   62   62   17   17
 1.5509075759056892e+00   62   62   18   18
 1.7524482110083872e+00   62   62   19   19
 2.2798255792911193e+00   62   62   20   20
 2.6865612573025914e+00   62   62   21   21
 8.4243491992197039e-01   62   62   22   22
 2.0849648865390296e+00   62   62   23   23
 1.6631673646504845e+00   62   62   24   24
 5.6011868827331346e-01   62   62   25   25
 5.7864907837921487e-01   62   62   26   26
 5.7648538784859138e-01   62   62   27   27
 5.5467922558950333e-01   62   62   28   28
 5.5429120225651751e-01   62   62   29   29
 5.3820758235185029e-01   62   62   30   30
 5.4131222351317476e-01   62   62   31   31
 5.1739140457083788e-01   62   62   32   32
 4.8743778106612839e-01   62   62   33   33
 4.5914910618241456e-01   62   62   34   34
 4.5497513209515300e-01   62   62   35   35
 4.7835967155582032e-01   62   62   36   36
 5.1052708610796693e-01   62   62   37   37
 8.2144432566567682e-01   62   62   38   38
 7.7614729912642699e-01   62   62   39   39
 7.0968666612581477e-01   62   62   40   40
 6.8514797819160134e-01   62   62   41   41
 7.1412589081225430e-01   62   62   42   42
 7.8092087029420609e-01   62   62   43   43
 5.9138031443798567e-01   62   62   44   44
 5.5599113601343153e-01   62   62   45   45
 5.8056820157092459e-01   62   62   46   46
 4.0914554774246403e-01   62   62   47   47
 5.4510361956140674e-01   62   62   48   48
 5.2309452300250936e-01   62   62   49   49
 3.8366607748830267e-01   62   62   50   50
 5.1118841411863214e-01   62   62   51   51
 5.1835565642618109e-01   62   62   52   52
 5.3962694164851188e-01   62   62   53   53
 7.5821830717932304e-01   62   62   54   54
 7.6177076020053269e-01   62   62   55   55
 6.9810915648699912e-01   62   62   56   56
 8.4097194382654183e-01   62   62   57   57
 2.5006314095006497e+00   62   62   58   58
 2.7432029657030070e+00   62   62   59   59
 3.9846796702789178e-01   62   62   60   60
 3.8546451325763189e+00   62   62   61   61
 8.4208384499999998e+00   62   62   62   62
 9.5629346411824689e-01   63   63    1    1
 9.4516630018344705e-01   63   63    2    2
 1.0319140834982521e+00   63   63    3    3
 1.0683931694381918e+00   63   63    4    4
 6.7112990221617763e-01   63   63    5    5
 6.7856455212213262e-01   63   63    6    6
 6.2846569417946818e-01   63   63    7    7
 5.8134816890419383e-01   63   63    8    8
 5.4204916786140400e-01   63   63    9    9
 5.7808347880666822e-01   63   63   10   10
 6.1569706802741775e-01   63   63   11   11
 5.3613163608189984e-01   63   63   12   12
 5.1955439012138160e-01   63   63   13   13
 5.0919504103245561e-01   63   63   14   14
 5.1393147715981768e-01   63   63   15   15
 5.3044148230933585e-01   63   63   16   16
 5.4192160845893977e-01   63   63   17   17
 5.1013439720859244e-01   63   63   18   18
 5.1135926193066328e-01   63   63   19   19
 4.8223418475335761e-01   63   63   20   20
 4.5518492229892288e-01   63   63   21   21
 4.6809957372273359e-01   63   63   22   22
 4.5368279690648744e-01   63   63   23   23
 4.7781291802155018e-01   63   63   24   24
 1.1234558091810414e+00   63   63   25   25
 9.8995100998763841e-01   63   63   26   26
 8.9557015135854989e-01   63   63   27   27
 8.9199525406297087e-01   63   63   28   28
 7.5061067641736789e-01   63   63   29   29
 9.8320917636030358e-01   63   63   30   30
 1.1113779867281253e+00   63   63   31   31
 1.5574279402358633e+00   63   63   32   32
 1.6446868038664819e+00   63   63   33   33
 2.0393965180157081e+00   63   63   34   34
 2.6907934387332650e+00   63   63   35   35
 2.3590633726269798e+00   63   63   36   36
 1.7855326299736969e+00   63   63   37   37
 7.2434705573922209e-01   63   63   38   38
 7.9291938788499527e-01   63   63   39   39
 8.5764037081511624e-01   63   63   40   40
 8.2972011371052123e-01   63   63   41   41
 7.5316248494560800e-01   63   63   42   42
 7.0941422232300289e-01   63   63   43   43
 1.1741765614163813e+00   63   63   44   44
 1.2698927524499011e+00   63   63   45   45
 1.1971239431330483e+00   63   63   46   46
 2.7649304553996941e+00   63   63   47   47
 7.9939261539889594e-01   63   63   48   48
 7.6490748688056698e-01   63   63   49   49
 2.7668554490337889e+00   63   63   50   50
 6.9704265929272280e-01   63   63   51   51
 6.6383453002225434e-01   63   63   52   52
 6.8648246171614768e-01   63   63   53   53
 5.1304634213445277e-01   63   63   54   54
 4.5347619169578079e-01   63   63   55   55
 4.9397448547780765e-01   63   63   56   56
 4.9812631738662977e-01   63   63   57   57
 3.9546279273624968e-01   63   63   58   58
 3.8821469931621877e-01   63   63   59   59
 3.8642413840334249e+00   63   63   60   60
 4.0001987825957430e-01   63   63   61   61
 4.2107999572688215e-01   63   63   62   62
 8.4208384499999998e+00   63   63   63   63
 6.9632049173309662e-01   64   64    1    1
 7.0997835566223544e-01   64   64    2    2
 6.5858348175506176e-01   64   64    3    3
 6.3601121476340339e-01   64   64    4    4
 9.9272348985289471e-01   64   64    5    5
 9.9075802302341542e-01   64   64    6    6
 1.0978903693760926e+00   64   64    7    7
 1.2633161685247374e+00   64   64    8    8
 1.4174600937370898e+00   64   64    9    9
 1.2627143876903091e+00   64   64   10   10
 1.1072230419866869e+00   64   64   11   11
 1.2611283213845494e+00   64   64   12   12
 1.2488245371441273e+00   64   64   13   13
 1.0984256544271109e+00   64   64   14   14
 9.9451409808757452e-01   64   64   15   15
 9.9802490406605016e-01   64   64   16   16
 1.1057609624396567e+00   64   64   17   17
 1.7927275899570079e+00   64   64   18   18
 1.9956265011957099e+00   64   64   19   19
 2.6829485488803884e+00   64   64   20   20
 3.7128480671931867e+00   64   64   21   21
 8.7877993518576747e-01   64   64   22   22
 2.6904728721064601e+00   64   64   23   23
 1.9982606260471651e+00   64   64   24   24
 5.6717093269218111e-01   64   64   25   25
 5.8548482710592786e-01   64   64   26   26
 5.7954288863857317e-01   64   64   27   27
 5.5482496650386648e-01   64   64   28   28
 5.4799209515397029e-01   64   64   29   29
 5.3900792083489080e-01   64   64   30   30
 5.4509948541589071e-01   64   64   31   31
 5.2727947375918427e-01   64   64   32   32
 4.9599070387262212e-01   64   64   33   33
 4.6723127689085608e-01   64   64   34   34
 4.6356790262810327e-01   64   64   35   35
 4.8811903029301446e-01   64   64   36   36
 5.2110639190319785e-01   64   64   37   37
 8.8305880566890294e-01   64   64   38   38
 8.2225634778552814e-01   64   64   39   39
 7.4762440640189198e-01   64   64   40   40
 7.2556106518389263e-01   64   64   41   41
 7.6441848884038888e-01   64   64   42   42
 8.4358869524970859e-01   64   64   43   43
 6.0624042630960717e-01   64   64   44   44
 5.6646410234277544e-01   64   64   45   45
 5.9903076480674267e-01   64   64   46   46
 4.1555446198182988e-01   64   64   47   47
 5.4206344855272481e-01   64   64   48   48
 5.2042359087981938e-01   64   64   49   49
 3.9048535666658163e-01   64   64   50   50
 5.0627705967219516e-01   64   64   51   51
 5.1074352707395798e-01   64   64   52   52
 5.3107447038462963e-01   64   64   53   53
 7.9695594858616425e-01   64   64   54   54
 7.8940119345386650e-01   64   64   55   55
 7.2883303944338229e-01   64   64   56   56
 8.8518569751715215e-01   64   64   57   57
 2.7612770080458695e+00   64   64   58   58
 2.4850986906606445e+00   64   64   59   59
 4.0662293413267164e-01   64   64   60   60
 2.7615134724311603e+00   64   64   61   61
 3.8380209155018030e+00   64   64   62   62
 4.2999261901517272e-01   64   64   63   63
 8.4208384499999998e+00   64   64   64   64
 6.6529829388947270e-01   65   65    1    1
 6.7244346113170295e-01   65   65    2    2
 6.2405381157068684e-01   65   65    3    3
 6.1140883763392007e-01   65   65    4    4
 9.3890401241230070e-01   65   65    5    5
 9.2273021849728731e-01   65   65    6    6
 1.0075095932375000e+00   65   65    7    7
 1.1579885307107129e+00   65   65    8    8
 1.2732260673578655e+00   65   65    9    9
 1.1875558480319739e+00   65   65   10   10
 1.0552159000647789e+00   65   65   11   11
 1.1427831449557899e+00   65   65   12   12
 1.1136376748884538e+00   65   65   13   13
 9.9570417557806690e-01   65   65   14   14
 9.2084775683177711e-01   65   65   15   15
 9.3431681417569890e-01   65   65   16   16
 1.0293357240612384e+00   65   65   17   17
 1.5584808436468807e+00   65   65   18   18
 1.6668721894198879e+00   65   65   19   19
 2.0837097196946228e+00   65   65   20   20
 2.6901339279594256e+00   65   65   21   21
 8.2225805031294708e-01   65   65   22   22
 2.2930997157052464e+00   65   65   23   23
 1.7630769755877238e+00   65   65   24   24
 5.4045637513584555e-01   65   65   25   25
 5.5863721118387455e-01   65   65   26   26
 5.5249728382356178e-01   65   65   27   27
 5.2796810221790080e-01   65   65   28   28
 5.1956327348600484e-01   65   65   29   29
 5.1237758202122596e-01   65   65   30   30
 5.1842069720903039e-01   65   65   31   31
 5.0501933533460586e-01   65   65   32   32
 4.7690387895027531e-01   65   65   33   33
 4.5023663320775159e-01   65   65   34   34
 4.4635063290844446e-01   65   65   35   35
 4.6852115361897595e-01   65   65   36   36
 4.9871394071213832e-01   65   65   37   37
 8.4434592002298359e-01   65   65   38   38
 7.8181347648083355e-01   65   65   39   39
 7.1661607940961125e-01   65   65   40   40
 7.0335872900114005e-01   65   65   41   41
 7.4606550186501885e-01   65   65   42   42
 8.1944406778521450e-01   65   65   43   43
 5.7841526758531159e-01   65   65   44   44
 5.4082040706429213e-01   65   65   45   45
 5.7504869907028799e-01   65   65   46   46
 4.0140569466570331e-01   65   65   47   47
 5.1609875132981431e-01   65   65   48   48
 4.9804839035210768e-01   65   65   49   49
 3.7832129735853898e-01   65   65   50   50
 4.8493914954012080e-01   65   65   51   51
 4.8753320001752620e-01   65   65   52   52
 5.0438558098076558e-01   65   65   53   53
 7.5169305709538614e-01   65   65   54   54
 7.4503511801323374e-01   65   65   55   55
 6.9157219539768777e-01   65   65   56   56
 8.2779899467608531e-01   65   65   57   57
 3.8554845683472312e+00   65   65   58   58
 2.7433761562419492e+00   65   65   59   59
 3.9377701382207947e-01   65   65   60   60
 2.5006961872388302e+00   65   65   61   61
 2.7429733105934750e+00   65   65   62   62
 4.1561025324310003e-01   65   65   63   63
 3.8365551265069526e+00   65   65   64   64
 8.4208384499999998e+00   65   65   65   65
 9.8278577883468987e-01   66   66    1    1
 9.8426421376685058e-01   66   66    2    2
 1.0956413119031128e+00   66   66    3    3
 1.0987300759730898e+00   66   66    4    4
 6.7411669491677328e-01   66   66    5    5
 6.8114237534236477e-01   66   66    6    6
 6.3064042736151027e-01   66   66    7    7
 5.8338132757067318e-01   66   66    8    8
 5.4374738443117143e-01   66   66    9    9
 5.8031040742913043e-01   66   66   10   10
 6.1840111229017369e-01   66   66   11   11
 5.3547207050063594e-01   66   66   12   12
 5.1975903216023500e-01   66   66   13   13
 5.0755437539987991e-01   66   66   14   14
 5.0949343836341088e-01   66   66   15   15
 5.2465992763766456e-01   66   66   16   16
 5.3794589561746642e-01   66   66   17   17
 5.1353366938062883e-01   66   66   18   18
 5.1761839468454829e-01   66   66   19   19
 4.8906657146479365e-01   66   66   20   20
 4.6033282246434509e-01   66   66   21   21
 4.6343200229718196e-01   66   66   22   22
 4.5685979492324386e-01   66   66   23   23
 4.8000022350438154e-01   66   66   24   24
 1.2671662579010647e+00   66   66   25   25
 1.1009709255076938e+00   66   66   26   26
 9.9498989714296238e-01   66   66   27   27
 9.9892229377191910e-01   66   66   28   28
 8.2746689277602936e-01   66   66   29   29
 1.1150815337261730e+00   66   66   30   30
 1.2695846447639889e+00   66   66   31   31
 1.7990588176177229e+00   66   66   32   32
 2.0014305201390687e+00   66   66   33   33
 2.6937679868248576e+00   66   66   34   34
 3.7209555347435948e+00   66   66   35   35
 2.6912531523099146e+00   66   66   36   36
 2.0005730000011170e+00   66   66   37   37
 7.2823212228086698e-01   66   66   38   38
 8.0223388312138511e-01   66   66   39   39
 8.7030710246403442e-01   66   66   40   40
 8.3688191353704688e-01   66   66   41   41
 7.5479822135131591e-01   66   66   42   42
 7.1036213504885282e-01   66   66   43   43
 1.2637617053519112e+00   66   66   44   44
 1.4198603536288703e+00   66   66   45   45
 1.2602055617132257e+00   66   66   46   46
 3.8501627776861436e+00   66   66   47   47
 8.8848148264824622e-01   66   66   48   48
 8.4907970733396709e-01   66   66   49   49
 2.4970070139549114e+00   66   66   50   50
 7.6783654578720251e-01   66   66   51   51
 7.2734155268362133e-01   66   66   52   52
 7.5221052335038774e-01   66   66   53   53
 5.0448987506330845e-01   66   66   54   54
 4.4793869254676882e-01   66   66   55   55
 4.8468149195844273e-01   66   66   56   56
 4.9226524954529022e-01   66   66   57   57
 4.0038747157114474e-01   66   66   58   58
 3.9389004454823345e-01   66   66   59   59
 2.7546432576541000e+00   66   66   60   60
 4.0645271460850885e-01   66   66   61   61
 4.2757940425893892e-01   66   66   62   62
 3.8480874446962536e+00   66   66   63   63
 4.3551337118896033e-01   66   66   64   64
 4.2032983641590071e-01   66   66   65   65
 8.4208384499999998e+00   66   66   66   66
 7.9391162698954199e-01   67   67    1    1
 7.9627207949892786e-01   67   67    2    2
 8.7161726447996468e-01   67   67    3    3
 8.6980177745687870e-01   67   67    4    4
 5.7878941224064140e-01   67   67    5    5
 5.8446942258392254e-01   67   67    6    6
 5.4738246612470565e-01   67   67    7    7
 5.1109202858187752e-01   67   67    8    8
 4.8078930366470218e-01   67   67    9    9
 5.0829400106487488e-01   67   67   10   10
 5.3722182806583674e-01   67   67   11   11
 4.7505267169063137e-01   67   67   12   12
 4.6348081766154331e-01   67   67   13   13
 4.5469189649644220e-01   67   67   14   14
 4.5650506918891859e-01   67   67   15   15
 4.6788580297763877e-01   67   67   16   16
 4.7729534458301631e-01   67   67   17   17
 4.5691740329084402e-01   67   67   18   18
 4.6032029838031591e-01   67   67   19   19
 4.3774161894862273e-01   67   67   20   20
 4.1442241452423906e-01   67   67   21   21
 4.2055746368855595e-01   67   67   22   22
 4.1144502106792480e-01   67   67   23   23
 4.3013225066635041e-01   67   67   24   24
 1.0116086779073794e+00   67   67   25   25
 9.0699395869765531e-01   67   67   26   26
 8.4637131261415266e-01   67   67   27   27
 8.6276427135312184e-01   67   67   28   28
 7.4342985902348235e-01   67   67   29   29
 9.5049037210780007e-01   67   67   30   30
 1.0364387301938796e+00   67   67   31   31
 1.2838841356502841e+00   67   67   32   32
 1.4335645678024855e+00   67   67   33   33
 1.7868965397340237e+00   67   67   34   34
 1.9978580911922519e+00   67   67   35   35
 1.6413134781910328e+00   67   67   36   36
 1.3588299392077021e+00   67   67   37   37
 6.1836630082431376e-01   67   67   38   38
 6.7083788496707331e-01   67   67   39   39
 7.1861948901155337e-01   67   67   40   40
 6.9777212520400600e-01   67   67   41   41
 6.3998525790624117e-01   67   67   42   42
 6.0637599123057750e-01   67   67   43   43
 9.7532108515767146e-01   67   67   44   44
 1.0808972726499602e+00   67   67   45   45
 9.6999832876751024e-01   67   67   46   46
 3.8618037535418477e+00   67   67   47   47
 7.9041501713973228e-01   67   67   48   48
 7.6734493289649541e-01   67   67   49   49
 3.8598777778730744e+00   67   67   50   50
 7.0691085979610579e-01   67   67   51   51
 6.7256345531437978e-01   67   67   52   52
 6.8854141921144441e-01   67   67   53   53
 4.5482023417491280e-01   67   67   54   54
 4.0872586522298560e-01   67   67   55   55
 4.3997871698483193e-01   67   67   56   56
 4.4384656845241088e-01   67   67   57   57
 3.6523783645083685e-01   67   67   58   58
 3.6015745953567924e-01   67   67   59   59
 2.7601521955876760e+00   67   67   60   60
 3.7091239302324375e-01   67   67   61   61
 3.8828683041864720e-01   67   67   62   62
 2.5028939601837843e+00   67   67   63   63
 3.9432615776493274e-01   67   67   64   64
 3.8160975510699974e-01   67   67   65   65
 2.7538169613148842e+00   67   67   66   66
 8.4208384499999998e+00   67   67   67   67
 6.1071004576461896e-01   68   68    1    1
 6.1736082225985145e-01   68   68    2    2
 5.8666315912177813e-01   68   68    3    3
 5.7515027006808384e-01   68   68    4    4
 7.8523114954525508e-01   68   68    5    5
 8.5489537437355334e-01   68   68    6    6
 9.3723915121574719e-01   68   68    7    7
 9.3433184316119589e-01   68   68    8    8
 1.0150296369501124e+00   68   68    9    9
 8.4503167447935945e-01   68   68   10   10
 7.8240127246372337e-01   68   68   11   11
 1.1946531388656769e+00   68   68   12   12
 1.2919614884765054e+00   68   68   13   13
 1.5675836192795793e+00   68   68   14   14
 1.8173784596498093e+00   68   68   15   15
 1.5758338499083016e+00   68   68   16   16
 1.2963423400695930e+00   68   68   17   17
 9.3998037119472311e-01   68   68   18   18
 8.4350650980164177e-01   68   68   19   19
 7.8353382329020671e-01   68   68   20   20
 7.9356495626170509e-01   68   68   21   21
 2.7671630980095854e+00   68   68   22   22
 8.7189312132342311e-01   68   68   23   23
 9.5567115846128425e-01   68   68   24   24
 5.0477588402502571e-01   68   68   25   25
 4.9367970026727120e-01   68   68   26   26
 4.7590829036352950e-01   68   68   27   27
 4.6694603752775293e-01   68   68   28   28
 4.5153616222957543e-01   68   68   29   29
 4.7574670770863225e-01   68   68   30   30
 4.9453002405901358e-01   68   68   31   31
 5.0770502274576945e-01   68   68   32   32
 4.7397083936250423e-01   68   68   33   33
 4.6021749698956105e-01   68   68   34   34
 4.7522690296564851e-01   68   68   35   35
 5.0916703228088889e-01   68   68   36   36
 5.2764269031705835e-01   68   68   37   37
 7.1718474906901108e-01   68   68   38   38
 6.9203051098563317e-01   68   68   39   39
 6.3754750299132212e-01   68   68   40   40
 6.0974271882695719e-01   68   68   41   41
 6.2655823627493412e-01   68   68   42   42
 6.7779051944864399e-01   68   68   43   43
 5.5278214487196931e-01   68   68   44   44
 5.2239379134935160e-01   68   68   45   45
 5.4956646445716884e-01   68   68   46   46
 4.3259387468864768e-01   68   68   47   47
 4.4658369523065461e-01   68   68   48   48
 4.2279323236580807e-01   68   68   49   49
 4.2319702363101885e-01   68   68   50   50
 4.0645731066602392e-01   68   68   51   51
 4.0977448771257940e-01   68   68   52   52
 4.3124147209708302e-01   68   68   53   53
 2.7677584324304734e+00   68   68   54   54
 3.8573855930036678e+00   68   68   55   55
 3.8595551427078791e+00   68   68   56   56
 2.4978866218663662e+00   68   68   57   57
 6.3836958539426025e-01   68   68   58   58
 6.1995328020732710e-01   68   68   59   59
 4.4598282885147073e-01   68   68   60   60
 6.4653984286195032e-01   68   68   61   61
 6.9963782720374734e-01   68   68   62   62
 4.6473019109900349e-01   68   68   63   63
 7.2613097532847548e-01   68   68   64   64
 6.8915963166351557e-01   68   68   65   65
 4.5718663417980698e-01   68   68   66   66
 4.1731854743930547e-01   68   68   67   67
 8.4208384499999998e+00   68   68   68   68
 2.7225977159070993e+00   69   69    1    1
 3.5417640907794046e+00   69   69    2    2
 4.4868537346195048e+00   69   69    3    3
 2.5001499382056585e+00   69   69    4    4
 1.7158633098725216e+00   69   69    5    5
 1.7807686546130648e+00   69   69    6    6
 1.6129762035213269e+00   69   69    7    7
 1.4415720623276405e+00   69   69    8    8
 1.3100535864562346e+00   69   69    9    9
 1.4113090593044066e+00   69   69   10   10
 1.5173168262417334e+00   69   69   11   11
 1.2476847202689005e+00   69   69   12   12
 1.2082434820010508e+00   69   69   13   13
 1.1373125945449616e+00   69   69   14   14
 1.1029168650686563e+00   69   69   15   15
 1.1326283804405828e+00   69   69   16   16
 1.2022585957526093e+00   69   69   17   17
 1.2346481276038828e+00   69   69   18   18
 1.2862242066468528e+00   69   69   19   19
 1.1933301421425240e+00   69   69   20   20
 1.0808513479830220e+00   69   69   21   21
 9.5836696691926215e-01   69   69   22   22
 1.0493454403166378e+00   69   69   23   23
 1.1100716931363106e+00   69   69   24   24
 3.2644135301847257e+00   69   69   25   25
 3.0222761933474267e+00   69   69   26   26
 2.6352239755536244e+00   69   69   27   27
 2.4537225431045226e+00   69   69   28   28
 1.9705563342543875e+00   69   69   29   29
 2.5677390137399829e+00   69   69   30   30
 2.9392731588877625e+00   69   69   31   31
 2.5679656159091131e+00   69   69   32   32
 2.1424009816283278e+00   69   69   33   33
 1.8387521198547285e+00   69   69   34   34
 1.7860042771201150e+00   69   69   35   35
 1.9912429781512988e+00   69   69   36   36
 2.4089864733424222e+00   69   69   37   37
 1.8374167850503478e+00   69   69   38   38
 2.1826006199463213e+00   69   69   39   39
 2.2516410431603040e+00   69   69   40   40
 1.9112567366387294e+00   69   69   41   41
 1.6729229366882854e+00   69   69   42   42
 1.6471800152417715e+00   69   69   43   43
 3.4792476966858876e+00   69   69   44   44
 3.2230856014727012e+00   69   69   45   45
 2.7113811394359151e+00   69   69   46   46
 1.4132293251434744e+00   69   69   47   47
 2.0509260977738055e+00   69   69   48   48
 1.7820924711327644e+00   69   69   49   49
 1.2069348421570243e+00   69   69   50   50
 1.5680581384953154e+00   69   69   51   51
 1.5304806721117368e+00   69   69   52   52
 1.6851286608169929e+00   69   69   53   53
 1.0210086466694883e+00   69   69   54   54
 8.9963737618497031e-01   69   69   55   55
 9.5048275241705149e-01   69   69   56   56
 1.0265346031096292e+00   69   69   57   57
 8.8830511244989441e-01   69   69   58   58
 8.7767507832433367e-01   69   69   59   59
 1.2752173813035859e+00   69   69   60   60
 9.2377502788869914e-01   69   69   61   61
 9.9106533303580846e-01   69   69   62   62
 1.4357124366942529e+00   69   69   63   63
 1.0048619192437453e+00   69   69   64   64
 9.4634433334035839e-01   69   69   65   65
 1.5328883484373395e+00   69   69   66   66
 1.2594825410301416e+00   69   69   67   67
 8.9642117694549672e-01   69   69   68   68
 9.6429912899999994e+00   69   69   69   69
 2.7254977362658197e+00   70   70    1    1
 2.4981458762124973e+00   70   70    2    2
 2.7081955137616447e+00   70   70    3    3
 3.5475874880003664e+00   70   70    4    4
 1.4636707702414742e+00   70   70    5    5
 1.4252211105783277e+00   70   70    6    6
 1.2700818083200194e+00   70   70    7    7
 1.1708613343113510e+00   70   70    8    8
 1.0595286638994488e+00   70   70    9    9
 1.1950817151495028e+00   70   70   10   10
 1.3199160237861343e+00   70   70   11   11
 1.0162682388116477e+00   70   70   12   12
 9.6389959367870126e-01   70   70   13   13
 9.2014178881205644e-01   70   70   14   14
 9.1981952627431718e-01   70   70   15   15
 9.6500313537312643e-01   70   70   16   16
 1.0155256057747160e+00   70   70   17   17
 9.9784576577694339e-01   70   70   18   18
 1.0147292577073723e+00   70   70   19   19
 9.5183085560949465e-01   70   70   20   20
 8.8436637870949930e-01   70   70   21   21
 8.0973638060057262e-01   70   70   22   22
 8.7184561849647069e-01   70   70   23   23
 9.1982125375113211e-01   70   70   24   24
 2.5658711229745252e+00   70   70   25   25
 2.3912414201955525e+00   70   70   26   26
 1.9815501528738817e+00   70   70   27   27
 1.7848785678942489e+00   70   70   28   28
 1.3891440232851784e+00   70   70   29   29
 1.8451797793282483e+00   70   70   30   30
 2.1494245228210760e+00   70   70   31   31
 3.2815640143123250e+00   70   70   32   32
 3.0338465920337416e+00   70   70   33   33
 2.6547030575491060e+00   70   70   34   34
 2.4978252052804333e+00   70   70   35   35
 2.6232070132860774e+00   70   70   36   36
 2.9847688122119487e+00   70   70   37   37
 1.6723685096385215e+00   70   70   38   38
 1.9113969735640619e+00   70   70   39   39
 2.2609426860295057e+00   70   70   40   40
 2.2052830740442162e+00   70   70   41   41
 1.8548216741240948e+00   70   70   42   42
 1.6558807926862160e+00   70   70   43   43
 3.4737042276511136e+00   70   70   44   44
 3.2125589834835360e+00   70   70   45   45
 4.4867713601527610e+00   70   70   46   46
 1.8320292849598168e+00   70   70   47   47
 1.5331018538048140e+00   70   70   48   48
 1.4660530802768856e+00   70   70   49   49
 1.5636099036938658e+00   70   70   50   50
 1.2961633104800225e+00   70   70   51   51
 1.2070391333161192e+00   70   70   52   52
 1.2443082338512295e+00   70   70   53   53
 8.7939606704889384e-01   70   70   54   54
 7.6981633904771885e-01   70   70   55   55
 8.2867684517481321e-01   70   70   56   56
 8.6834330454152842e-01   70   70   57   57
 7.5886207805991113e-01   70   70   58   58
 7.3976500266544998e-01   70   70   59   59
 1.7066551262061607e+00   70   70   60   60
 7.6130495495299932e-01   70   70   61   61
 8.0624874319694240e-01   70   70   62   62
 1.9888660975425738e+00   70   70   63   63
 8.3042314771390313e-01   70   70   64   64
 8.0313645425700053e-01   70   70   65   65
 2.0927507570026580e+00   70   70   66   66
 1.6071553017214069e+00   70   70   67   67
 7.7782239452888491e-01   70   70   68   68
 2.8115378037430507e+00   70   70   69   69
 9.6429912899999994e+00   70   70   70   70
 1.7146115737803687e+00   71   71    1    1
 1.7884586590987588e+00   71   71    2    2
 1.6081154342224291e+00   71   71    3    3
 1.5055443921442635e+00   71   71    4    4
 2.7245053014846925e+00   71   71    5    5
 3.5434123626994443e+00   71   71    6    6
 4.4871292097423643e+00   71   71    7    7
 3.4780438914188658e+00   71   71    8    8
 3.2225209059870910e+00   71   71    9    9
 2.7098098138119093e+00   71   71   10   10
 2.4985580289866318e+00   71   71   11   11
 3.2683871354460345e+00   71   71   12   12
 3.0145744044685778e+00   71   71   13   13
 2.6207966533902374e+00   71   71   14   14
 2.4579361842863019e+00   71   71   15   15
 2.5858854859629292e+00   71   71   16   16
 2.9564038145156060e+00   71   71   17   17
 2.5748867310269032e+00   71   71   18   18
 2.4024341701551539e+00   71   71   19   19
 1.9868409193930872e+00   71   71   20   20
 1.7863061485431602e+00   71   71   21   21
 1.8018746655197673e+00   71   71   22   22
 1.8459163718963787e+00   71   71   23   23
 2.1520918560045348e+00   71   71   24   24
 1.2419168030263179e+00   71   71   25   25
 1.2275767342107800e+00   71   71   26   26
 1.1649145286984142e+00   71   71   27   27
 1.1153671559601162e+00   71   71   28   28
 1.0485014007292552e+00   71   71   29   29
 1.1246142869967344e+00   71   71   30   30
 1.1843127573928405e+00   71   71   31   31
 1.1977334381585543e+00   71   71   32   32
 1.0825654875011088e+00   71   71   33   33
 1.0151811538503592e+00   71   71   34   34
 1.0329347626774588e+00   71   71   35   35
 1.1297520938964003e+00   71   71   36   36
 1.2254248362442599e+00   71   71   37   37
 2.2554729116509802e+00   71   71   38   38
 2.1875668204214933e+00   71   71   39   39
 1.8403107098243361e+00   71   71   40   40
 1.6499871756921469e+00   71   71   41   41
 1.6755517812437954e+00   71   71   42   42
 1.9143289664006431e+00   71   71   43   43
 1.4255807014225566e+00   71   71   44   44
 1.2894270562408270e+00   71   71   45   45
 1.3953016552775590e+00   71   71   46   46
 8.9155196252389413e-01   71   71   47   47
 1.0436414699925460e+00   71   71   48   48
 9.7004302567350253e-01   71   71   49   49
 8.3546829952972845e-01   71   71   50   50
 9.1481598716418477e-01   71   71   51   51
 9.1695597903851966e-01   71   71   52   52
 9.7797647471607241e-01   71   71   53   53
 1.9473781583730272e+00   71   71   54   54
 1.5791793791241515e+00   71   71   55   55
 1.6709203300198370e+00   71   71   56   56
 2.0544187171369623e+00   71   71   57   57
 1.2472241513597195e+00   71   71   58   58
 1.2036621011944049e+00   71   71   59   59
 8.8783671720189949e-01   71   71   60   60
 1.2862631853668589e+00   71   71   61   61
 1.4535929911087413e+00   71   71   62   62
 9.5414545188561906e-01   71   71   63   63
 1.5314472718725671e+00   71   71   64   64
 1.3956867115583451e+00   71   71   65   65
 9.5728424628010267e-01   71   71   66   66
 8.3690381467164898e-01   71   71   67   67
 1.5333340860875966e+00   71   71   68   68
 2.1545264892191662e+00   71   71   69   69
 1.6398711661410745e+00   71   71   70   70
 9.6429912899999994e+00   71   71   71   71
 1.4719039746751801e+00   72   72    1    1
 1.4423332088545116e+00   72   72    2    2
 1.2837900267559705e+00   72   72    3    3
 1.3206104481437790e+00   72   72    4    4
 2.7233323694904392e+00   72   72    5    5
 2.4977087177793740e+00   72   72    6    6
 2.7098040318424772e+00   72   72    7    7
 3.4781909620122486e+00   72   72    8    8
 3.2209588805416374e+00   72   72    9    9
 4.4870625316785526e+00   72   72   10   10
 3.5422714034664380e+00   72   72   11   11
 2.5775828731785957e+00   72   72   12   12
 2.1469343154705953e+00   72   72   13   13
 1.8459140103179217e+00   72   72   14   14
 1.7974697670480015e+00   72   72   15   15
 2.0072733736093888e+00   72   72   16   16
 2.4280990050760924e+00   72   72   17   17
 3.2638740014358598e+00   72   72   18   18
 3.0193713393285115e+00   72   72   19   19
 2.6501322394665543e+00   72   72   20   20
 2.4851962417146867e+00   72   72   21   21
 1.4273996023034199e+00   72   72   22   22
 2.5994947498917096e+00   72   72   23   23
 2.9588913475659209e+00   72   72   24   24
 1.0364618241815600e+00   72   72   25   25
 1.0612418915309150e+00   72   72   26   26
 1.0176575024473677e+00   72   72   27   27
 9.5553056594133923e-01   72   72   28   28
 8.9777859738509080e-01   72   72   29   29
 9.3662428195310399e-01   72   72   30   30
 9.7227769158699229e-01   72   72   31   31
 9.9169803208546869e-01   72   72   32   32
 9.2165685800225317e-01   72   72   33   33
 8.6595579473818551e-01   72   72   34   34
 8.6476594856546929e-01   72   72   35   35
 9.2041915297930621e-01   72   72   36   36
 9.8819225367444830e-01   72   72   37   37
 2.2572913220931663e+00   72   72   38   38
 1.9196184211056675e+00   72   72   39   39
 1.6778608481667234e+00   72   72   40   40
 1.6559923357057700e+00   72   72   41   41
 1.8447382028433499e+00   72   72   42   42
 2.1868489598981840e+00   72   72   43   43
 1.1779522725148495e+00   72   72   44   44
 1.0665664543736826e+00   72   72   45   45
 1.1975125330381302e+00   72   72   46   46
 7.5911251393409485e-01   72   72   47   47
 9.0773915087371093e-01   72   72   48   48
 8.6815754628669195e-01   72   72   49   49
 7.1606488226219567e-01   72   72   50   50
 8.2648397973120813e-01   72   72   51   51
 8.1848973304548445e-01   72   72   52   52
 8.5143937601052033e-01   72   72   53   53
 1.4437629169680741e+00   72   72   54   54
 1.2726320502717126e+00   72   72   55   55
 1.2838029314841912e+00   72   72   56   56
 1.5442231158792070e+00   72   72   57   57
 1.7293612714170752e+00   72   72   58   58
 1.5587610172926853e+00   72   72   59   59
 7.5579424644961524e-01   72   72   60   60
 1.5866126135103149e+00   72   72   61   61
 1.7981932701191212e+00   72   72   62   62
 8.0515713891240226e-01   72   72   63   63
 2.0863505828715754e+00   72   72   64   64
 2.0285791485755253e+00   72   72   65   65
 8.0778918232486807e-01   72   72   66   66
 7.1737964649732511e-01   72   72   67   67
 1.2177890405692899e+00   72   72   68   68
 1.6622391327470998e+00   72   72   69   69
 1.4590844230281077e+00   72   72   70   70
 2.8129878051267307e+00   72   72   71   71
 9.6429912899999994e+00   72   72   72   72
 1.2378298100130662e+00   73   73    1    1
 1.2885605364412236e+00   73   73    2    2
 1.1962650528572272e+00   73   73    3    3
 1.1181206346159300e+00   73   73    4    4
 1.8093823542957466e+00   73   73    5    5
 2.0249023489713687e+00   73   73    6    6
 2.4537333673434460e+00   73   73    7    7
 2.6009143392993286e+00   73   73    8    8
 3.2332550752848745e+00   73   73    9    9
 2.1599177116650892e+00   73   73   10   10
 1.8586168727391890e+00   73   73   11   11
 3.4850823041492025e+00   73   73   12   12
 4.4885034845836058e+00   73   73   13   13
 3.5362433040195129e+00   73   73   14   14
 2.7226060675472095e+00   73   73   15   15
 2.4966129809202999e+00   73   73   16   16
 2.7116936695502232e+00   73   73   17   17
 3.2356646869960977e+00   73   73   18   18
 2.9419691585979804e+00   73   73   19   19
 2.5554073821067753e+00   73   73   20   20
 2.4170899192607624e+00   73   73   21   21
 2.1561633199990400e+00   73   73   22   22
 2.5713928576718632e+00   73   73   23   23
 2.9487999337256903e+00   73   73   24   24
 9.9574980731304796e-01   73   73   25   25
 9.9839780913858112e-01   73   73   26   26
 9.7291945056500706e-01   73   73   27   27
 9.4305845815923939e-01   73   73   28   28
 9.2260368463510445e-01   73   73   29   29
 9.4015118698580058e-01   73   73   30   30
 9.6583273099450262e-01   73   73   31   31
 9.4414553036795990e-01   73   73   32   32
 8.7210109294010651e-01   73   73   33   33
 8.2410899815806304e-01   73   73   34   34
 8.3196877917065915e-01   73   73   35   35
 8.9259075601899196e-01   73   73   36   36
 9.5446983634908655e-01   73   73   37   37
 1.5522764838151653e+00   73   73   38   38
 1.4834860183985916e+00   73   73   39   39
 1.3103826010387207e+00   73   73   40   40
 1.2213450581497505e+00   73   73   41   41
 1.2562176516895471e+00   73   73   42   42
 1.4034446123241227e+00   73   73   43   43
 1.0840891085322233e+00   73   73   44   44
 1.0088178967221886e+00   73   73   45   45
 1.0571827054363345e+00   73   73   46   46
 7.3849217021485769e-01   73   73   47   47
 9.0560850904419521e-01   73   73   48   48
 8.5064988445915224e-01   73   73   49   49
 6.9623583849458093e-01   73   73   50   50
 8.1747232444723850e-01   73   73   51   51
 8.2888250794571039e-01   73   73   52   52
 8.7916082752726543e-01   73   73   53   53
 1.9315591571366091e+00   73   73   54   54
 1.8218701559800112e+00   73   73   55   55
 1.6846581216465173e+00   73   73   56   56
 2.2530727712030894e+00   73   73   57   57
 1.5499362249806856e+00   73   73   58   58
 1.5180285794114901e+00   73   73   59   59
 7.3052139656163595e-01   73   73   60   60
 1.6754653793830703e+00   73   73   61   61
 1.9579918187486727e+00   73   73   62   62
 7.7520548832064340e-01   73   73   63   63
 2.0252518437038538e+00   73   73   64   64
 1.7566014766245239e+00   73   73   65   65
 7.8051713457990679e-01   73   73   66   66
 6.9957803342474667e-01   73   73   67   67
 1.6477782811972064e+00   73   73   68   68
 1.6587177222772302e+00   73   73   69   69
 1.2889772543846252e+00   73   73   70   70
 3.5395961552295336e+00   73   73   71   71
 2.6485017928618153e+00   73   73   72   72
 9.6429912899999994e+00   73   73   73   73
 1.4125598039646836e+00   74   74    1    1
 1.3834831069269742e+00   74   74    2    2
 1.2459560717502085e+00   74   74    3    3
 1.2852029631961581e+00   74   74    4    4
 2.4449424294180400e+00   74   74    5    5
 2.5823920100593987e+00   74   74    6    6
 2.9461851037231308e+00   74   74    7    7
 3.2487375485539256e+00   74   74    8    8
 3.2299930415500722e+00   74   74    9    9
 2.9869264596329348e+00   74   74   10   10
 2.5977463950604482e+00   74   74   11   11
 3.4822955097099135e+00   74   74   12   12
 2.7104470796022371e+00   74   74   13   13
 2.4960479725129416e+00   74   74   14   14
 2.7242510115059253e+00   74   74   15   15
 3.5396180164462030e+00   74   74   16   16
 4.4885352565156316e+00   74   74   17   17
 2.6032496554215738e+00   74   74   18   18
 2.1651413204805965e+00   74   74   19   19
 1.8637287388301422e+00   74   74   20   20
 1.8136261705717438e+00   74   74   21   21
 1.9425016264790396e+00   74   74   22   22
 2.0265767836475659e+00   74   74   23   23
 2.4527912968041727e+00   74   74   24   24
 9.9940121330738585e-01   74   74   25   25
 9.9582197894909297e-01   74   74   26   26
 9.4495289434576735e-01   74   74   27   27
 8.9954279308941210e-01   74   74   28   28
 8.4178035820521835e-01   74   74   29   29
 9.0097736978388354e-01   74   74   30   30
 9.4672649044792501e-01   74   74   31   31
 9.9201446187523257e-01   74   74   32   32
 9.1558506777762150e-01   74   74   33   33
 8.7117982638214519e-01   74   74   34   34
 8.8689818868338555e-01   74   74   35   35
 9.5496415569922133e-01   74   74   36   36
 1.0142656269356793e+00   74   74   37   37
 2.0466342185047810e+00   74   74   38   38
 1.8062041974462935e+00   74   74   39   39
 1.5786867940705178e+00   74   74   40   40
 1.5274387551621236e+00   74   74   41   41
 1.6576569254758442e+00   74   74   42   42
 1.9281829626273586e+00   74   74   43   43
 1.1519704880061350e+00   74   74   44   44
 1.0466019454440840e+00   74   74   45   45
 1.1728127691398196e+00   74   74   46   46
 7.7998972173775427e-01   74   74   47   47
 8.4800202853951512e-01   74   74   48   48
 8.0476156264889942e-01   74   74   49   49
 7.4749165027786257e-01   74   74   50   50
 7.6378580913493388e-01   74   74   51   51
 7.5866802431807634e-01   74   74   52   52
 7.9452877297338009e-01   74   74   53   53
 2.1591310825705161e+00   74   74   54   54
 1.6969030658956659e+00   74   74   55   55
 1.8295742517649709e+00   74   74   56   56
 2.2590363199514578e+00   74   74   57   57
 1.3143629378047581e+00   74   74   58   58
 1.2225568722608788e+00   74   74   59   59
 7.9511754932944556e-01   74   74   60   60
 1.2597383294834223e+00   74   74   61   61
 1.4075386895168673e+00   74   74   62   62
 8.4392483921573147e-01   74   74   63   63
 1.5559084029044539e+00   74   74   64   64
 1.4884705504401468e+00   74   74   65   65
 8.3528818887619716e-01   74   74   66   66
 7.4105595153960524e-01   74   74   67   67
 1.6588733192074230e+00   74   74   68   68
 1.6194703349024198e+00   74   74   69   69
 1.4377937028739096e+00   74   74   70   70
 3.3524963272084793e+00   74   74   71   71
 3.5032334411785100e+00   74   74   72   72
 2.8183902529060525e+00   74   74   73   73
 9.6429912899999994e+00   74   74   74   74
 1.5628829102328037e+00   75   75    1    1
 1.6339352935348130e+00   75   75    2    2
 1.4716227368868970e+00   75   75    3    3
 1.3710432219033555e+00   75   75    4    4
 2.4822241361435844e+00   75   75    5    5
 2.6019853269344315e+00   75   75    6    6
 2.9673725583483561e+00   75   75    7    7
 3.2706150098316011e+00   75   75    8    8
 3.2193565353401858e+00   75   75    9    9
 3.0179079143032079e+00   75   75   10   10
 2.6456775663582648e+00   75   75   11   11
 2.5633506353141620e+00   75   75   12   12
 2.4000890470678642e+00   75   75   13   13
 1.9833506927317619e+00   75   75   14   14
 1.7803951053018259e+00   75   75   15   15
 1.8352338370010421e+00   75   75   16   16
 2.1402713040540857e+00   75   75   17   17
 3.4764565677131265e+00   75   75   18   18
 4.4860866392689758e+00   75   75   19   19
 3.5416033085562790e+00   75   75   20   20
 2.7237187328825478e+00   75   75   21   21
 1.4327352909349949e+00   75   75   22   22
 2.4980547651725078e+00   75   75   23   23
 2.7084215228286936e+00   75   75   24   24
 1.1857346128491579e+00   75   75   25   25
 1.2198340764122713e+00   75   75   26   26
 1.1879742572033571e+00   75   75   27   27
 1.1243363856383934e+00   75   75   28   28
 1.0820696779272176e+00   75   75   29   29
 1.0971394996754484e+00   75   75   30   30
 1.1254597586207120e+00   75   75   31   31
 1.0873600305941755e+00   75   75   32   32
 1.0005697546993311e+00   75   75   33   33
 9.2909884696985034e-01   75   75   34   34
 9.2320007089435296e-01   75   75   35   35
 9.8796153716694068e-01   75   75   36   36
 1.0754701326161706e+00   75   75   37   37
 2.0859672466396986e+00   75   75   38   38
 1.9640131847427469e+00   75   75   39   39
 1.6940309228377382e+00   75   75   40   40
 1.5674135441449757e+00   75   75   41   41
 1.6207550450059798e+00   75   75   42   42
 1.8451672687145260e+00   75   75   43   43
 1.3061140573856393e+00   75   75   44   44
 1.1920661243002082e+00   75   75   45   45
 1.2744668304674556e+00   75   75   46   46
 8.0545194065604819e-01   75   75   47   47
 1.0741866266588320e+00   75   75   48   48
 1.0103396004369882e+00   75   75   49   49
 7.4624286651397953e-01   75   75   50   50
 9.6356718365297478e-01   75   75   51   51
 9.6821891022140039e-01   75   75   52   52
 1.0236835155174748e+00   75   75   53   53
 1.4056658802005000e+00   75   75   54   54
 1.2716359303596070e+00   75   75   55   55
 1.2527760317187706e+00   75   75   56   56
 1.5272838799713093e+00   75   75   57   57
 1.7070697537656276e+00   75   75   58   58
 1.6458894736950023e+00   75   75   59   59
 7.8333450976319985e-01   75   75   60   60
 1.7992807206238963e+00   75   75   61   61
 2.1175625816080590e+00   75   75   62   62
 8.3956530980392452e-01   75   75   63   63
 2.2531020432213187e+00   75   75   64   64
 1.9629102921485433e+00   75   75   65   65
 8.5376109563736757e-01   75   75   66   66
 7.5545223563362662e-01   75   75   67   67
 1.2018787748898416e+00   75   75   68   68
 1.9942258701514302e+00   75   75   69   69
 1.5138809912860836e+00   75   75   70   70
 3.4262838655642693e+00   75   75   71   71
 3.4444593819833136e+00   75   75   72   72
 3.4516436959960104e+00   75   75   73   73
 2.6539600217831620e+00   75   75   74   74
 9.6429912899999994e+00   75   75   75   75
 1.1383022065567125e+00   76   76    1    1
 1.1402241974410636e+00   76   76    2    2
 1.0470232002703579e+00   76   76    3    3
 1.0418083921500541e+00   76   76    4    4
 1.7822555116913554e+00   76   76    5    5
 1.8415913380919671e+00   76   76    6    6
 2.1466632975386721e+00   76   76    7    7
 2.5656605073841665e+00   76   76    8    8
 3.2143766633934683e+00   76   76    9    9
 2.3949321081185753e+00   76   76   10   10
 1.9822627585069164e+00   76   76   11   11
 3.2852879938114321e+00   76   76   12   12
 2.9997671057742270e+00   76   76   13   13
 2.6489680497126211e+00   76   76   14   14
 2.5257673920305970e+00   76   76   15   15
 2.6723907256918094e+00   76   76   16   16
 3.0372518140251921e+00   76   76   17   17
 3.4722786613348293e+00   76   76   18   18
 2.7067900357234804e+00   76   76   19   19
 2.4973928909540835e+00   76   76   20   20
 2.7258073336419995e+00   76   76   21   21
 2.0304871458082374e+00   76   76   22   22
 3.5459075251177405e+00   76   76   23   23
 4.4858786767972756e+00   76   76   24   24
 8.7516279895295934e-01   76   76   25   25
 8.8328964126369902e-01   76   76   26   26
 8.5554779119632440e-01   76   76   27   27
 8.2029647047553700e-01   76   76   28   28
 7.8977183371452853e-01   76   76   29   29
 8.1308021129240815e-01   76   76   30   30
 8.3863254088426098e-01   76   76   31   31
 8.4555083167567879e-01   76   76   32   32
 7.8918642557059149e-01   76   76   33   33
 7.5036199254469726e-01   76   76   34   34
 7.5644749050187499e-01   76   76   35   35
 8.0475613847077587e-01   76   76   36   36
 8.5307728523492410e-01   76   76   37   37
 1.5294644206876573e+00   76   76   38   38
 1.3896771836125357e+00   76   76   39   39
 1.2412724929937056e+00   76   76   40   40
 1.2041462041823343e+00   76   76   41   41
 1.2878079184963527e+00   76   76   42   42
 1.4550004137472112e+00   76   76   43   43
 9.6820895543768615e-01   76   76   44   44
 8.9580626510484340e-01   76   76   45   45
 9.6987866660801392e-01   76   76   46   46
 6.7581022773724797e-01   76   76   47   47
 7.8711508437262578e-01   76   76   48   48
 7.5076569056137676e-01   76   76   49   49
 6.4486791743292882e-01   76   76   50   50
 7.2175578343324232e-01   76   76   51   51
 7.2324515087387153e-01   76   76   52   52
 7.5548031506289259e-01   76   76   53   53
 1.8511159429201822e+00   76   76   54   54
 1.7412926976603014e+00   76   76   55   55
 1.6273006386217048e+00   76   76   56   56
 2.1232721204275657e+00   76   76   57   57
 1.8135387502179159e+00   76   76   58   58
 1.6549242013298284e+00   76   76   59   59
 6.7788986697642750e-01   76   76   60   60
 1.7105854640645795e+00   76   76   61   61
 1.9627318846660369e+00   76   76   62   62
 7.1542823019812951e-01   76   76   63   63
 2.2596462948550649e+00   76   76   64   64
 2.1345015155347591e+00   76   76   65   65
 7.1465826739816107e-01   76   76   66   66
 6.4391394451328587e-01   76   76   67   67
 1.5895367245882561e+00   76   76   68   68
 1.4063317842801584e+00   76   76   69   69
 1.2055973796256256e+00   76   76   70   70
 2.6602092921610350e+00   76   76   71   71
 3.4152940500682991e+00   76   76   72   72
 3.3780399801665157e+00   76   76   73   73
 3.5207456332952032e+00   76   76   74   74
 2.8094482155820737e+00   76   76   75   75
 9.6429912899999994e+00   76   76   76   76
 2.5585366225973818e+00   77   77    1    1
 2.7225087710605811e+00   77   77    2    2
 3.0660585387932220e+00   77   77    3    3
 2.6545472942456234e+00   77   77    4    4
 1.4941629261864098e+00   77   77    5    5
 1.4502908043939273e+00   77   77    6    6
 1.3104440547399734e+00   77   77    7    7
 1.2219030468236589e+00   77   77    8    8
 1.1105403203553230e+00   77   77    9    9
 1.2499420125020029e+00   77   77   10   10
 1.3701242137722938e+00   77   77   11   11
 1.0430594779361522e+00   77   77   12   12
 9.9729023566811559e-01   77   77   13   13
 9.3733375916175410e-01   77   77   14   14
 9.1649633244727735e-01   77   77   15   15
 9.5099378709793914e-01   77   77   16   16
 1.0135744084077418e+00   77   77   17   17
 1.0693494024633388e+00   77   77   18   18
 1.1204253424427095e+00   77   77   19   19
 1.0639622031097267e+00   77   77   20   20
 9.7408151926795383e-01   77   77   21   21
 8.0570191765035659e-01   77   77   22   22
 9.3937261288272644e-01   77   77   23   23
 9.7793510784669269e-01   77   77   24   24
 3.4716470166993756e+00   77   77   25   25
 4.4854416593503865e+00   77   77   26   26
 3.5459263613993981e+00   77   77   27   27
 2.7256444962158159e+00   77   77   28   28
 1.9541809568418027e+00   77   77   29   29
 2.4976940651543962e+00   77   77   30   30
 2.7067623870124198e+00   77   77   31   31
 2.5628717362339821e+00   77   77   32   32
 2.4073178798751189e+00   77   77   33   33
 1.9901575130573681e+00   77   77   34   34
 1.7841919957023060e+00   77   77   35   35
 1.8359325361089782e+00   77   77   36   36
 2.1383183240793939e+00   77   77   37   37
 1.6672991826193184e+00   77   77   38   38
 1.9097736131325691e+00   77   77   39   39
 2.1535589926487546e+00   77   77   40   40
 2.0142576607868441e+00   77   77   41   41
 1.7335840342041060e+00   77   77   42   42
 1.6049059272767343e+00   77   77   43   43
 3.2821580151504111e+00   77   77   44   44
 3.2109856239022792e+00   77   77   45   45
 2.9854161936364783e+00   77   77   46   46
 1.4362180154467061e+00   77   77   47   47
 2.2588545230356565e+00   77   77   48   48
 2.1417709409293941e+00   77   77   49   49
 1.2071174913564362e+00   77   77   50   50
 1.8160141341834475e+00   77   77   51   51
 1.6522044479624238e+00   77   77   52   52
 1.7041865136864931e+00   77   77   53   53
 8.5068102258331590e-01   77   77   54   54
 7.6027216876815717e-01   77   77   55   55
 7.9752671405932907e-01   77   77   56   56
 8.5617946791920596e-01   77   77   57   57
 8.3978167360739542e-01   77   77   58   58
 8.2605792695885871e-01   77   77   59   59
 1.2589049448636631e+00   77   77   60   60
 8.5582596085089913e-01   77   77   61   61
 9.0465833551263319e-01   77   77   62   62
 1.4116497252461329e+00   77   77   63   63
 9.2164004597404436e-01   77   77   64   64
 8.8510650907741295e-01   77   77   65   65
 1.5318977119414954e+00   77   77   66   66
 1.2757535211569797e+00   77   77   67   67
 7.5687520446384005e-01   77   77   68   68
 3.4632545629069278e+00   77   77   69   69
 3.3954204479323322e+00   77   77   70   70
 1.6851386860590998e+00   77   77   71   71
 1.5310277688880243e+00   77   77   72   72
 1.3717663740493149e+00   77   77   73   73
 1.4109095353708931e+00   77   77   74   74
 1.7056534264320551e+00   77   77   75   75
 1.2466294100136437e+00   77   77   76   76
 9.6429912899999994e+00   77   77   77   77
 1.7721603901891156e+00   78   78    1    1
 1.9708732092314243e+00   78   78    2    2
 2.3843709049198472e+00   78   78    3    3
 1.8355140800217464e+00   78   78    4    4
 1.1989765782134494e+00   78   78    5    5
 1.2334610089614013e+00   78   78    6    6
 1.1483902544907711e+00   78   78    7    7
 1.0520526050923136e+00   78   78    8    8
 9.8154959664072350e-01   78   78    9    9
 1.0326679462083814e+00   78   78   10   10
 1.0925390373467818e+00   78   78   11   11
 9.5551704205318466e-01   78   78   12   12
 9.3783423343386685e-01   78   78   13   13
 9.0392646485582329e-01   78   78   14   14
 8.8654633855559162e-01   78   78   15   15
 9.0180989989659444e-01   78   78   16   16
 9.3524783611571172e-01   78   78   17   17
 9.3405095593439302e-01   78   78   18   18
 9.6069311308836691e-01   78   78   19   19
 9.0781469707807005e-01   78   78   20   20
 8.4122220318668606e-01   78   78   21   21
 7.9854406170578551e-01   78   78   22   22
 8.2263959285715060e-01   78   78   23   23
 8.6115963576141286e-01   78   78   24   24
 3.4746645325387973e+00   78   78   25   25
 2.7079113195562039e+00   78   78   26   26
 2.4986605500912153e+00   78   78   27   27
 2.7247698650236081e+00   78   78   28   28
 2.1254166162223203e+00   78   78   29   29
 3.5437178834099829e+00   78   78   30   30
 4.4857462478695700e+00   78   78   31   31
 3.2789916887815309e+00   78   78   32   32
 2.9808095156612731e+00   78   78   33   33
 2.6210184616341574e+00   78   78   34   34
 2.4962727594448650e+00   78   78   35   35
 2.6513083121271839e+00   78   78   36   36
 3.0285462242860195e+00   78   78   37   37
 1.2741667825073579e+00   78   78   38   38
 1.4388282202040370e+00   78   78   39   39
 1.5194749953606190e+00   78   78   40   40
 1.3855410844572746e+00   78   78   41   41
 1.2382376134926012e+00   78   78   42   42
 1.1958625209259426e+00   78   78   43   43
 2.5630361205220105e+00   78   78   44   44
 3.2180882991225754e+00   78   78   45   45
 2.1437795499955512e+00   78   78   46   46
 1.9888001230865431e+00   78   78   47   47
 2.2551780753954280e+00   78   78   48   48
 1.9610029065267753e+00   78   78   49   49
 1.5619364775568632e+00   78   78   50   50
 1.7071400565958437e+00   78   78   51   51
 1.6490587244477728e+00   78   78   52   52
 1.8057852927669635e+00   78   78   53   53
 8.5082973252807992e-01   78   78   54   54
 7.6325512922389038e-01   78   78   55   55
 8.0837745309911135e-01   78   78   56   56
 8.4533942142633189e-01   78   78   57   57
 7.1985994488465943e-01   78   78   58   58
 7.1502099109445294e-01   78   78   59   59
 1.6053355873635113e+00   78   78   60   60
 7.4720566315450077e-01   78   78   61   61
 7.8950647033655319e-01   78   78   62   62
 1.8298250673459262e+00   78   78   63   63
 7.9496789210075358e-01   78   78   64   64
 7.5660075381493308e-01   78   78   65   65
 2.0918504543008045e+00   78   78   66   66
 1.7055310469218536e+00   78   78   67   67
 7.6750315312247397e-01   78   78   68   68
 3.4015418221378066e+00   78   78   69   69
 2.6611165707633173e+00   78   78   70   70
 1.5794911033763990e+00   78   78   71   71
 1.2684564256379680e+00   78   78   72   72
 1.2914723634379373e+00   78   78   73   73
 1.2698520961769553e+00   78   78   74   74
 1.4512116876825858e+00   78   78   75   75
 1.1200193795817088e+00   78   78   76   76
 2.8083091994610578e+00   78   78   77   77
 9.6429912899999994e+00   78   78   78   78
 1.8260335603171391e+00   79   79    1    1
 1.8733090029021684e+00   79   79    2    2
 2.1706079911235250e+00   79   79    3    3
 2.0416900919292984e+00   79   79    4    4
 1.1543970337471230e+00   79   79    5    5
 1.1430317738226397e+00   79   79    6    6
 1.0501750043047968e+00   79   79    7    7
 9.7946784846761903e-01   79   79    8    8
 9.0574663208650941e-01   79   79    9    9
 9.8849478756510123e-01   79   79   10   10
 1.0645245672856445e+00   79   79   11   11
 8.7120913464111660e-01   79   79   12   12
 8.4175132986262102e-01   79   79   13   13
 8.0672557735830952e-01   79   79   14   14
 7.9731591755987141e-01   79   79   15   15
 8.2217692736120118e-01   79   79   16   16
 8.5911905745455730e-01   79   79   17   17
 8.6792363490703606e-01   79   79   18   18
 8.9329574872363249e-01   79   79   19   19
 8.5080144554382531e-01   79   79   20   20
 7.9231132339356658e-01   79   79   21   21
 7.1620343249668894e-01   79   79   22   22
 7.7372193743515838e-01   79   79   23   23
 8.0554296772933576e-01   79   79   24   24
 3.2437816426295947e+00   79   79   25   25
 2.9676367061221556e+00   79   79   26   26
 2.5911211428414442e+00   79   79   27   27
 2.4560196775678489e+00   79   79   28   28
 1.7823818428901519e+00   79   79   29   29
 2.6000513374066587e+00   79   79   30   30
 2.9587776934371983e+00   79   79   31   31
 3.4832906551044367e+00   79   79   32   32
 4.4881161384573680e+00   79   79   33   33
 3.5380426893901369e+00   79   79   34   34
 2.7231821014562025e+00   79   79   35   35
 2.4962429670281421e+00   79   79   36   36
 2.7112921129591747e+00   79   79   37   37
 1.2645201419343790e+00   79   79   38   38
 1.4137292347792230e+00   79   79   39   39
 1.5688276569259578e+00   79   79   40   40
 1.5047235592080714e+00   79   79   41   41
 1.3282984105333875e+00   79   79   42   42
 1.2334124199096548e+00   79   79   43   43
 2.6107918869556856e+00   79   79   44   44
 3.2310632734641040e+00   79   79   45   45
 2.4668603608969564e+00   79   79   46   46
 2.1611923377045090e+00   79   79   47   47
 2.0665187223391248e+00   79   79   48   48
 2.0132257584767359e+00   79   79   49   49
 1.6539929048459296e+00   79   79   50   50
 1.7190835666147339e+00   79   79   51   51
 1.5496807896001288e+00   79   79   52   52
 1.5756510183828794e+00   79   79   53   53
 7.6272113725522006e-01   79   79   54   54
 6.8451844513437277e-01   79   79   55   55
 7.2467892174506809e-01   79   79   56   56
 7.5807075355971909e-01   79   79   57   57
 6.9432945796582923e-01   79   79   58   58
 6.8486556708452972e-01   79   79   59   59
 1.6899638955300571e+00   79   79   60   60
 7.0717769525017038e-01   79   79   61   61
 7.4232383606164787e-01   79   79   62   62
 1.9349862950224452e+00   79   79   63   63
 7.5362296667471618e-01   79   79   64   64
 7.2703729919623694e-01   79   79   65   65
 2.2562385723176228e+00   79   79   66   66
 1.8281179401734120e+00   79   79   67   67
 6.8820178185187286e-01   79   79   68   68
 2.6519204869529482e+00   79   79   69   69
 3.5362514871547748e+00   79   79   70   70
 1.3965356503067838e+00   79   79   71   71
 1.2336016101085712e+00   79   79   72   72
 1.1526879102885068e+00   79   79   73   73
 1.1971684141993824e+00   79   79   74   74
 1.3383197773245259e+00   79   79   75   75
 1.0521664852034818e+00   79   79   76   76
 3.4695108488650890e+00   79   79   77   77
 3.3641360103918183e+00   79   79   78   78
 9.6429912899999994e+00   79   79   79   79
 2.3664900731032397e+00   80   80    1    1
 2.5176817524620190e+00   80   80    2    2
 2.9261075294316732e+00   80   80    3    3
 2.5260353108629139e+00   80   80    4    4
 1.4694922369120997e+00   80   80    5    5
 1.5232965158967231e+00   80   80    6    6
 1.3792069417025732e+00   80   80    7    7
 1.2345615129606560e+00   80   80    8    8
 1.1300291808175416e+00   80   80    9    9
 1.2098796058982535e+00   80   80   10   10
 1.3005053714416313e+00   80   80   11   11
 1.1084311792393853e+00   80   80   12   12
 1.0703272077853931e+00   80   80   13   13
 1.0342228803445190e+00   80   80   14   14
 1.0315694756061424e+00   80   80   15   15
 1.0664986538435512e+00   80   80   16   16
 1.1057966496084202e+00   80   80   17   17
 1.0486371147211841e+00   80   80   18   18
 1.0581348723422113e+00   80   80   19   19
 9.8093342129817018e-01   80   80   20   20
 9.0915595023260920e-01   80   80   21   21
 9.1055723889477835e-01   80   80   22   22
 9.0193795989342362e-01   80   80   23   23
 9.6057440447239661e-01   80   80   24   24
 2.6027313850823561e+00   80   80   25   25
 2.1623819442414760e+00   80   80   26   26
 1.8593784405370812e+00   80   80   27   27
 1.8073083203207319e+00   80   80   28   28
 1.4702967473239212e+00   80   80   29   29
 2.0208439540499392e+00   80   80   30   30
 2.4499991433727040e+00   80   80   31   31
 3.4867449295390465e+00   80   80   32   32
 2.7123702580158917e+00   80   80   33   33
 2.4965604677366811e+00   80   80   34   34
 2.7221859019536416e+00   80   80   35   35
 3.5356205587624152e+00   80   80   36   36
 4.4889041009940964e+00   80   80   37   37
 1.5959469875010162e+00   80   80   38   38
 1.8449770614895700e+00   80   80   39   39
 1.9794479192779488e+00   80   80   40   40
 1.7678765861126069e+00   80   80   41   41
 1.5493954319888519e+00   80   80   42   42
 1.4872648808143276e+00   80   80   43   43
 3.2251361308185773e+00   80   80   44   44
 3.2353892225330227e+00   80   80   45   45
 2.9198200695510623e+00   80   80   46   46
 1.9329521628723345e+00   80   80   47   47
 1.5481618896105001e+00   80   80   48   48
 1.4084161334318999e+00   80   80   49   49
 1.6502310185833615e+00   80   80   50   50
 1.2580067465869478e+00   80   80   51   51
 1.2148568613129056e+00   80   80   52   52
 1.2998589404005667e+00   80   80   53   53
 1.0012108439333194e+00   80   80   54   54
 8.6763852667299302e-01   80   80   55   55
 9.4461152220239775e-01   80   80   56   56
 9.8074543124643543e-01   80   80   57   57
 7.5961455165405734e-01   80   80   58   58
 7.4572624250415687e-01   80   80   59   59
 1.8241431284243919e+00   80   80   60   60
 7.7664353102341999e-01   80   80   61   61
 8.2834201762144433e-01   80   80   62   62
 2.1570551888915630e+00   80   80   63   63
 8.4655283872274589e-01   80   80   64   64
 8.0715174042189175e-01   80   80   65   65
 2.2537814299043015e+00   80   80   66   66
 1.6868544077092971e+00   80   80   67   67
 8.8188760073698691e-01   80   80   68   68
 3.4691763401353231e+00   80   80   69   69
 3.3747738949748793e+00   80   80   70   70
 1.8719580207770681e+00   80   80   71   71
 1.4486162338667750e+00   80   80   72   72
 1.4278516115893185e+00   80   80   73   73
 1.5157622445294734e+00   80   80   74   74
 1.5884589904531099e+00   80   80   75   75
 1.2614716582360690e+00   80   80   76   76
 2.6493789417290401e+00   80   80   77   77
 3.5259758061450772e+00   80   80   78   78
 2.8196816920382721e+00   80   80   79   79
 9.6429912899999994e+00   80   80   80   80
-1.3065073184312877e+02    1    1    0    0
-2.1148768858219884e+00    2    1    0    0
-1.3264377098902298e+02    2    2    0    0
-2.1587324686527070e+00    3    2    0    0
-1.3646992396239898e+02    3    3    0    0
-2.1191862550612286e+00    4    1    0    0
-1.2757376537252696e+02    4    4    0    0
-1.3052642678548838e+02    5    5    0    0
-2.1200847720829894e+00    6    5    0    0
-1.3204932255792897e+02    6    6    0    0
-2.1568792057137025e+00    7    6    0    0
-1.3608996587406926e+02    7    7    0    0
-2.0693345765319227e+00    8    7    0    0
-1.3852844273912854e+02    8    8    0    0
-1.3080285098795870e+00    9    8    0    0
-1.3812853343371782e+02    9    9    0    0
-2.0703948438577098e+00   10    8    0    0
-1.3297318820484639e+02   10   10    0    0
-2.1181819823260586e+00   11    5    0    0
-2.1575551640692647e+00   11   10    0    0
-1.2782178109780874e+02   11   11    0    0
-1.2058634511305069e+00   12    9    0    0
-1.3422031188414698e+02   12   12    0    0
-2.0768001539309506e+00   13   12    0    0
-1.2737317045207621e+02   13   13    0    0
-2.1548744416772130e+00   14   13    0    0
-1.1781501390568737e+02   14   14    0    0
-2.1214088002959879e+00   15   14    0    0
-1.1602153242896985e+02   15   15    0    0
-2.1234563746906923e+00   16   15    0    0
-1.1839424380591453e+02   16   16    0    0
-2.0780673316831013e+00   17   12    0    0
-2.1559959784324336e+00   17   16    0    0
-1.2801524132218051e+02   17   17    0    0
-1.3613693541540579e+00   18    9    0    0
-1.3378955342791124e+02   18   18    0    0
-2.0620941314083785e+00   19   18    0    0
-1.2905615784153946e+02   19   19    0    0
-2.1544020821744252e+00   20   19    0    0
-1.1901269189194115e+02   20   20    0    0
-2.1217450640865390e+00   21   20    0    0
-1.1521728175247648e+02   21   21    0    0
-9.8024430038056238e+01   22   22    0    0
-2.1239923965894452e+00   23   21    0    0
-1.1606483922353451e+02   23   23    0    0
-2.0627307732017179e+00   24   18    0    0
-2.1561003065171662e+00   24   23    0    0
-1.2558936171862025e+02   24   24    0    0
-1.3463948417689437e+02   25   25    0    0
-2.0614224522591691e+00   26   25    0    0
-1.2942287438033475e+02   26   26    0    0
-2.1571276153157664e+00   27   26    0    0
-1.2002464799123516e+02   27   27    0    0
-2.1223022325330980e+00   28   27    0    0
-1.1700462286520489e+02   28   28    0    0
-1.0052423857500906e+02   29   29    0    0
-2.1226884233807946e+00   30   28    0    0
-1.1815476153049804e+02   30   30    0    0
-2.0627802035627112e+00   31   25    0    0
-2.1550535167335729e+00   31   30    0    0
-1.2736896757571208e+02   31   31    0    0
-1.3326710276026066e+02   32   32    0    0
-2.0788010030186874e+00   33   32    0    0
-1.2536018915476191e+02   33   33    0    0
-2.1551622008030975e+00   34   33    0    0
-1.1555686913206448e+02   34   34    0    0
-2.1219686056736431e+00   35   34    0    0
-1.1425279969589000e+02   35   35    0    0
-2.1210759604207379e+00   36   35    0    0
-1.1752597042446763e+02   36   36    0    0
-2.0800237001898112e+00   37   32    0    0
-2.1541347170557361e+00   37   36    0    0
-1.2770214116453486e+02   37   37    0    0
-1.5701393219095592e+00   38    5    0    0
-1.2662459312874981e+02   38   38    0    0
-2.1141771569349839e+00   39   38    0    0
-1.2802778665997639e+02   39   39    0    0
-1.6450180629751880e+00   40    1    0    0
-2.1135526386508587e+00   40   39    0    0
-1.2674553844925047e+02   40   40    0    0
-2.1058733791473112e+00   41   40    0    0
-1.1781432962784025e+02   41   41    0    0
-2.1415898722834155e+00   42   41    0    0
-1.1270465869750319e+02   42   42    0    0
-2.1096712122254111e+00   43   38    0    0
-2.1423564961380985e+00   43   42    0    0
-1.1757112592645323e+02   43   43    0    0
-2.0638099209895642e+00   44    3    0    0
-1.3847436277335760e+02   44   44    0    0
-1.3667003574765630e+00   45   25    0    0
-1.1829806191594461e+00   45   32    0    0
-1.3476251416420872e+00   45   44    0    0
-1.3805299947455023e+02   45   45    0    0
-2.1572613699681944e+00   46    4    0    0
-2.0692353284584195e+00   46   44    0    0
-1.3267804260033429e+02   46   46    0    0
-9.6214062965020460e+01   47   47    0    0
-9.3799125756799839e-01   48   28    0    0
-2.0757597073402274e+00   48   29    0    0
-1.0713463740573131e+02   48   48    0    0
-2.0819560136856903e+00   49   48    0    0
-9.9329690896278322e+01   49   49    0    0
-8.4229411867411670e+01   50   50    0    0
-2.1204520873149764e+00   51   49    0    0
-9.0318542232079409e+01   51   51    0    0
-2.1341042489264628e+00   52   51    0    0
-8.7322477845110541e+01   52   52    0    0
-2.1277873753336345e+00   53   29    0    0
-2.1251546978257094e+00   53   52    0    0
-9.1428331993223338e+01   53   53    0    0
-9.9614019384506818e+01   54   54    0    0
-2.1461279188853482e+00   55   22    0    0
-8.8862377704152536e+01   55   55    0    0
-2.1406523456822164e+00   56   54    0    0
-9.0246377042089264e+01   56   56    0    0
-1.3741602575063878e+00   57   15    0    0
-2.1081610165645901e+00   57   22    0    0
-2.1126017158282160e+00   57   54    0    0
-1.0600149234060866e+02   57   57    0    0
-8.8575670187675243e+01   58   58    0    0
-2.1283081008286300e+00   59   58    0    0
-8.5247799437268796e+01   59   59    0    0
-2.1289585073708515e+00   60   50    0    0
-8.8201406267447780e+01   60   60    0    0
-2.1293356383510909e+00   61   59    0    0
-8.9010647110522243e+01   61   61    0    0
-2.1229254194195675e+00   62   61    0    0
-9.8115712365441425e+01   62   62    0    0
-2.1460961545594697e+00   63   60    0    0
-9.7553701150234616e+01   63   63    0    0
-8.7275273239178031e-01   64   21    0    0
-2.0831081039981996e+00   64   62    0    0
-1.0515158229900791e+02   64   64    0    0
-2.1249468474087587e+00   65   58    0    0
-2.0796169977635119e+00   65   64    0    0
-9.7662842374036657e+01   65   65    0    0
-1.3982270764615055e+00   66   35    0    0
-2.1121492196195351e+00   66   47    0    0
-2.1071699149810335e+00   66   63    0    0
-1.0409354661493823e+02   66   66    0    0
-2.1401974339779000e+00   67   47    0    0
-2.1355430632943251e+00   67   50    0    0
-8.7048604420731976e+01   67   67    0    0
-2.1295285229454377e+00   68   55    0    0
-2.1347639102956797e+00   68   56    0    0
-8.6141799070119959e+01   68   68    0    0
-2.0944498158549743e+00   69    3    0    0
-1.8157821874768558e+02   69   69    0    0
-2.0942572901019512e+00   70   46    0    0
-1.7189736592318212e+02   70   70    0    0
-2.0950937340189966e+00   71    7    0    0
-1.8082296122572166e+02   71   71    0    0
-2.0949378643354799e+00   72   10    0    0
-1.7237459491273611e+02   72   72    0    0
-2.0983078526084720e+00   73   13    0    0
-1.6959956984096701e+02   73   73    0    0
-2.0983821949755224e+00   74   17    0    0
-1.7125318104296343e+02   74   74    0    0
-2.0926573705761076e+00   75   19    0    0
-1.7745021878932721e+02   75   75    0    0
-2.0921715906400356e+00   76   24    0    0
-1.6531245701408946e+02   76   76    0    0
-2.0911509814901246e+00   77   26    0    0
-1.7444551054593998e+02   77   77    0    0
-2.0918622849564645e+00   78   31    0    0
-1.6848316045575262e+02   78   78    0    0
-2.0974016380395404e+00   79   33    0    0
-1.6569357504837171e+02   79   79    0    0
-2.0992453608997059e+00   80   37    0    0
-1.7410697136520520e+02   80   80    0    0
 6.3812562531977519e+03    0    0    0    0
