&FCI NORB=100, NELEC=114, MS2=0,
 ORBSYM=1,1,1,1,1,1,1,1,1,1,1,1,1,1,1,1,1,1,1,1,1,1,1,1,1,1,1,1,1,1,1,1,1,1,1,1,1,1,1,1,1,1,1,1,1,1,1,1,1,1,1,1,1,1,1,1,1,1,1,1,1,1,1,1,1,1,1,1,1,1,1,1,1,1,1,1,1,1,1,1,1,1,1,1,1,1,1,1,1,1,1,1,1,1,1,1,1,1,1,1,
 ISYM=1,
&END
 8.4208384499999998e+00    1    1    1    1
 3.8272768823119017e+00    2    2    1    1
 8.4208384499999998e+00    2    2    2    2
 2.7855260726792848e+00    3    3    1    1
 3.8289506238718602e+00    3    3    2    2
 8.4208384499999998e+00    3    3    3    3
 2.5179967547058602e+00    4    4    1    1
 2.7289800864938210e+00    4    4    2    2
 3.8681408239222574e+00    4    4    3    3
 8.4208384499999998e+00    4    4    4    4
 2.7596077151258425e+00    5    5    1    1
 2.4549417015180062e+00    5    5    2    2
 2.7582359811751069e+00    5    5    3    3
 3.8522457484362227e+00    5    5    4    4
 8.4208384499999998e+00    5    5    5    5
 3.8705341556972757e+00    6    6    1    1
 2.7293037632453840e+00    6    6    2    2
 2.5176721818434440e+00    6    6    3    3
 2.7762126619106171e+00    6    6    4    4
 3.8544175509068301e+00    6    6    5    5
 8.4208384499999998e+00    6    6    6    6
 1.0809641818373570e+00    7    7    1    1
 1.0068690703641519e+00    7    7    2    2
 1.0794555054649086e+00    7    7    3    3
 1.2675723783832906e+00    7    7    4    4
 1.4188453203956499e+00    7    7    5    5
 1.2700188460156725e+00    7    7    6    6
 8.4208384499999998e+00    7    7    7    7
 1.0079049506812301e+00    8    8    1    1
 9.2946708985045223e-01    8    8    2    2
 9.7569728220901231e-01    8    8    3    3
 1.1209512414683942e+00    8    8    4    4
 1.2625556763302781e+00    8    8    5    5
 1.1722494225046480e+00    8    8    6    6
 3.7575939838329697e+00    8    8    7    7
 8.4208384499999998e+00    8    8    8    8
 1.0294963999581512e+00    9    9    1    1
 9.4171724568022508e-01    9    9    2    2
 9.7709823319157985e-01    9    9    3    3
 1.1130213579995194e+00    9    9    4    4
 1.2642885730613689e+00    9    9    5    5
 1.1957921745331934e+00    9    9    6    6
 2.6839354601677301e+00    9    9    7    7
 3.8269634297648691e+00    9    9    8    8
 8.4208384499999998e+00    9    9    9    9
 9.4367476343608159e-01   10   10    1    1
 8.6174746548171555e-01   10   10    2    2
 8.8118410180138718e-01   10   10    3    3
 9.8451878470952758e-01   10   10    4    4
 1.1105154677945008e+00   10   10    5    5
 1.0772617194239122e+00   10   10    6    6
 1.9937079609273460e+00   10   10    7    7
 2.7292325912784654e+00   10   10    8    8
 3.8689372554155215e+00   10   10    9    9
 8.4208384499999998e+00   10   10   10   10
 8.5890085620596612e-01   11   11    1    1
 7.8805765462991251e-01   11   11    2    2
 8.0422086023750627e-01   11   11    3    3
 8.9174568335110316e-01   11   11    4    4
 9.9608182060545003e-01   11   11    5    5
 9.7017562766712251e-01   11   11    6    6
 1.8047652715036824e+00   11   11    7    7
 2.4581348485253889e+00   11   11    8    8
 2.7607542035913850e+00   11   11    9    9
 3.8540906032243303e+00   11   11   10   10
 8.4208384499999998e+00   11   11   11   11
 6.3698829231497600e-01   12   12    1    1
 6.3241682138356614e-01   12   12    2    2
 6.8263785034585744e-01   12   12    3    3
 7.4679624029037117e-01   12   12    4    4
 7.5042185862877275e-01   12   12    5    5
 6.8709288643354038e-01   12   12    6    6
 1.0769926579149343e+00   12   12    7    7
 9.9042916843955076e-01   12   12    8    8
 8.8157555963784284e-01   12   12    9    9
 8.1391567118006758e-01   12   12   10   10
 8.2323953940668937e-01   12   12   11   11
 8.4208384499999998e+00   12   12   12   12
 8.4369114336985795e-01   13   13    1    1
 7.7850326362553857e-01   13   13    2    2
 8.0089579187667947e-01   13   13    3    3
 8.9267402013459740e-01   13   13    4    4
 9.9166814914707824e-01   13   13    5    5
 9.5441930890530180e-01   13   13    6    6
 1.9915437384557544e+00   13   13    7    7
 2.7281670422284825e+00   13   13    8    8
 2.5150778302236563e+00   13   13    9    9
 2.7731166797061819e+00   13   13   10   10
 3.8551809284566296e+00   13   13   11   11
 9.0903079377190166e-01   13   13   12   12
 8.4208384499999998e+00   13   13   13   13
 9.0430382810964571e-01   14   14    1    1
 8.3670179795432875e-01   14   14    2    2
 8.7135846589386756e-01   14   14    3    3
 9.8532852435002272e-01   14   14    4    4
 1.0966877131755801e+00   14   14    5    5
 1.0347374110097434e+00   14   14    6    6
 2.6808665636487277e+00   14   14    7    7
 3.8284047439801179e+00   14   14    8    8
 2.7829649582045923e+00   14   14    9    9
 2.5156870830246900e+00   14   14   10   10
 2.7606735217729041e+00   14   14   11   11
 1.0061087661082533e+00   14   14   12   12
 3.8657835485409713e+00   14   14   13   13
 8.4208384499999998e+00   14   14   14   14
 9.8093627726558486e-01   15   15    1    1
 9.3311818329929974e-01   15   15    2    2
 1.0120875179719302e+00   15   15    3    3
 1.1788102261632274e+00   15   15    4    4
 1.2717839984579753e+00   15   15    5    5
 1.1288016463503447e+00   15   15    6    6
 3.7437092053718093e+00   15   15    7    7
 2.6508335916584844e+00   15   15    8    8
 2.0068716014670547e+00   15   15    9    9
 1.6172396525067596e+00   15   15   10   10
 1.5387529042129582e+00   15   15   11   11
 1.2808673855176567e+00   15   15   12   12
 1.7499155280170202e+00   15   15   13   13
 2.3001630453123645e+00   15   15   14   14
 8.4208384499999998e+00   15   15   15   15
 8.8092276329169950e-01   16   16    1    1
 8.4656207175348941e-01   16   16    2    2
 9.1638422667239350e-01   16   16    3    3
 1.0502867691536324e+00   16   16    4    4
 1.1123041093355708e+00   16   16    5    5
 9.9681441733337217e-01   16   16    6    6
 2.6794551054385858e+00   16   16    7    7
 2.2780569545311633e+00   16   16    8    8
 1.8419690771341617e+00   16   16    9    9
 1.5410999409629247e+00   16   16   10   10
 1.4847796872397747e+00   16   16   11   11
 1.3878429151962557e+00   16   16   12   12
 1.6741898191407172e+00   16   16   13   13
 2.0915258107743213e+00   16   16   14   14
 3.8360970133019352e+00   16   16   15   15
 8.4208384499999998e+00   16   16   16   16
 8.1210715397880706e-01   17   17    1    1
 7.9024668392983644e-01   17   17    2    2
 8.5869759031541082e-01   17   17    3    3
 9.7359375473769749e-01   17   17    4    4
 1.0098221922965023e+00   17   17    5    5
 9.0596380081645689e-01   17   17    6    6
 1.9907268725246399e+00   17   17    7    7
 1.7383577493077784e+00   17   17    8    8
 1.4657114433054925e+00   17   17    9    9
 1.2757074973928089e+00   17   17   10   10
 1.2527231558876726e+00   17   17   11   11
 1.7008736249218523e+00   17   17   12   12
 1.4057760548168030e+00   17   17   13   13
 1.6765536079346293e+00   17   17   14   14
 2.7331144777769212e+00   17   17   15   15
 3.8647187986414657e+00   17   17   16   16
 8.4208384499999998e+00   17   17   17   17
 8.1501805414756723e-01   18   18    1    1
 7.9814654142538999e-01   18   18    2    2
 8.7226055682726511e-01   18   18    3    3
 9.8839899879891524e-01   18   18    4    4
 1.0142540017569570e+00   18   18    5    5
 9.0552528393851939e-01   18   18    6    6
 1.8053838305317906e+00   18   18    7    7
 1.5378165748646999e+00   18   18    8    8
 1.2973540913705877e+00   18   18    9    9
 1.1363585983577569e+00   18   18   10   10
 1.1219086136706209e+00   18   18   11   11
 1.9994977126422822e+00   18   18   12   12
 1.2614446256710983e+00   18   18   13   13
 1.4971335033480302e+00   18   18   14   14
 2.4646177622558891e+00   18   18   15   15
 2.7623075077476922e+00   18   18   16   16
 3.8566197050967412e+00   18   18   17   17
 8.4208384499999998e+00   18   18   18   18
 8.8887900741375303e-01   19   19    1    1
 8.6644066533646957e-01   19   19    2    2
 9.5018819136129118e-01   19   19    3    3
 1.0886334077149016e+00   19   19    4    4
 1.1249615807221760e+00   19   19    5    5
 9.9645491665471464e-01   19   19    6    6
 1.9931802315061751e+00   19   19    7    7
 1.6241318554802293e+00   19   19    8    8
 1.3442387171060950e+00   19   19    9    9
 1.1625411909054191e+00   19   19   10   10
 1.1430152871282586e+00   19   19   11   11
 1.7188087834503591e+00   19   19   12   12
 1.2920060530752173e+00   19   19   13   13
 1.5633764556799925e+00   19   19   14   14
 2.7337467061965053e+00   19   19   15   15
 2.5156697195720730e+00   19   19   16   16
 2.7728088794642320e+00   19   19   17   17
 3.8570297209620308e+00   19   19   18   18
 8.4208384499999998e+00   19   19   19   19
 9.8155773879760522e-01   20   20    1    1
 9.4214247451110533e-01   20   20    2    2
 1.0299822912934298e+00   20   20    3    3
 1.1995413758288935e+00   20   20    4    4
 1.2734971944350895e+00   20   20    5    5
 1.1220380001555288e+00   20   20    6    6
 2.6842343998396081e+00   20   20    7    7
 2.0236464400071723e+00   20   20    8    8
 1.6086982364649900e+00   20   20    9    9
 1.3486701060651394e+00   20   20   10   10
 1.3080871436532135e+00   20   20   11   11
 1.3975172404067717e+00   20   20   12   12
 1.4872768401006173e+00   20   20   13   13
 1.8750134173054358e+00   20   20   14   14
 3.8347412238590906e+00   20   20   15   15
 2.7845755286164793e+00   20   20   16   16
 2.5153898324924389e+00   20   20   17   17
 2.7630126113283300e+00   20   20   18   18
 3.8674408325925298e+00   20   20   19   19
 8.4208384499999998e+00   20   20   20   20
 2.6835407361330326e+00   21   21    1    1
 3.7576504185438080e+00   21   21    2    2
 2.6801399692615262e+00   21   21    3    3
 1.9920566137908127e+00   21   21    4    4
 1.8035976256324200e+00   21   21    5    5
 1.9942535627244797e+00   21   21    6    6
 8.7730388203713483e-01   21   21    7    7
 8.1928778610222286e-01   21   21    8    8
 8.3240682156279866e-01   21   21    9    9
 7.7185874051276160e-01   21   21   10   10
 7.1115905753618380e-01   21   21   11   11
 5.8299343530231451e-01   21   21   12   12
 7.0098993340880145e-01   21   21   13   13
 7.4615714273650835e-01   21   21   14   14
 8.2101161607098327e-01   21   21   15   15
 7.5425639847984427e-01   21   21   16   16
 7.1025681734714430e-01   21   21   17   17
 7.1751984852205830e-01   21   21   18   18
 7.7192808997267615e-01   21   21   19   19
 8.2905886292332509e-01   21   21   20   20
 8.4208384499999998e+00   21   21   21   21
 2.0055104178399525e+00   22   22    1    1
 2.6476993109823539e+00   22   22    2    2
 2.2912112411167720e+00   22   22    3    3
 1.7436533491936628e+00   22   22    4    4
 1.5329544266599633e+00   22   22    5    5
 1.6142348444987868e+00   22   22    6    6
 8.1059650233328939e-01   22   22    7    7
 7.5437719343171461e-01   22   22    8    8
 7.5873823974793964e-01   22   22    9    9
 7.0478321218159923e-01   22   22   10   10
 6.5519137313915787e-01   22   22   11   11
 5.7147025708109866e-01   22   22   12   12
 6.5052297787761004e-01   22   22   13   13
 6.9291473100624479e-01   22   22   14   14
 7.7025126333647853e-01   22   22   15   15
 7.1121468479917105e-01   22   22   16   16
 6.7714039245874935e-01   22   22   17   17
 6.8979599167932315e-01   22   22   18   18
 7.4135049617017967e-01   22   22   19   19
 7.8632563686106605e-01   22   22   20   20
 3.7468364947524129e+00   22   22   21   21
 8.4208384499999998e+00   22   22   22   22
 1.8393768575838809e+00   23   23    1    1
 2.2765671706117883e+00   23   23    2    2
 2.0847670926717421e+00   23   23    3    3
 1.6657509318763535e+00   23   23    4    4
 1.4756308432842178e+00   23   23    5    5
 1.5349769816040604e+00   23   23    6    6
 8.0500638186033757e-01   23   23    7    7
 7.4613014060508442e-01   23   23    8    8
 7.4213048984302366e-01   23   23    9    9
 6.8885012147827984e-01   23   23   10   10
 6.4532060714879846e-01   23   23   11   11
 5.8154510813558025e-01   23   23   12   12
 6.4592294467574141e-01   23   23   13   13
 6.8998250472175138e-01   23   23   14   14
 7.7033163493591994e-01   23   23   15   15
 7.0801762886076292e-01   23   23   16   16
 6.7728466314927727e-01   23   23   17   17
 6.9633384688072919e-01   23   23   18   18
 7.5369584771546194e-01   23   23   19   19
 7.9627668504737215e-01   23   23   20   20
 2.6793264679245290e+00   23   23   21   21
 3.8347763890038729e+00   23   23   22   22
 8.4208384499999998e+00   23   23   23   23
 1.4637996501554984e+00   24   24    1    1
 1.7358933186710830e+00   24   24    2    2
 1.6675551578652201e+00   24   24    3    3
 1.3955997149098145e+00   24   24    4    4
 1.2435530194670095e+00   24   24    5    5
 1.2702496781946968e+00   24   24    6    6
 7.3815739036932992e-01   24   24    7    7
 6.8537965926296773e-01   24   24    8    8
 6.7872361766570566e-01   24   24    9    9
 6.3253194558733417e-01   24   24   10   10
 5.9649293020271610e-01   24   24   11   11
 5.6175092882815680e-01   24   24   12   12
 5.9917486511678908e-01   24   24   13   13
 6.3866183413002930e-01   24   24   14   14
 7.1402457187011081e-01   24   24   15   15
 6.6084203423739518e-01   24   24   16   16
 6.3773794705342324e-01   24   24   17   17
 6.5870861017893889e-01   24   24   18   18
 7.1004961622311613e-01   24   24   19   19
 7.4182672818045869e-01   24   24   20   20
 1.9914318679347078e+00   24   24   21   21
 2.7329368704480070e+00   24   24   22   22
 3.8656583147437744e+00   24   24   23   23
 8.4208384499999998e+00   24   24   24   24
 1.2955662032662241e+00   25   25    1    1
 1.5340800234888332e+00   25   25    2    2
 1.4864333608443654e+00   25   25    3    3
 1.2512572220793516e+00   25   25    4    4
 1.1139883044263119e+00   25   25    5    5
 1.1320506456655206e+00   25   25    6    6
 6.8697270517069275e-01   25   25    7    7
 6.4052082557050183e-01   25   25    8    8
 6.3709986232590443e-01   25   25    9    9
 5.9593420114311579e-01   25   25   10   10
 5.6186015596691974e-01   25   25   11   11
 5.3483227319457227e-01   25   25   12   12
 5.6264134631414287e-01   25   25   13   13
 5.9745851796005189e-01   25   25   14   14
 6.6665582888658392e-01   25   25   15   15
 6.2255845217988315e-01   25   25   16   16
 6.0292440480048848e-01   25   25   17   17
 6.2053900629839187e-01   25   25   18   18
 6.6296989964656272e-01   25   25   19   19
 6.8884006305339762e-01   25   25   20   20
 1.8055825961819063e+00   25   25   21   21
 2.4629661478083054e+00   25   25   22   22
 2.7611353545376747e+00   25   25   23   23
 3.8555150574563659e+00   25   25   24   24
 8.4208384499999998e+00   25   25   25   25
 1.3429226275426909e+00   26   26    1    1
 1.6201146934108432e+00   26   26    2    2
 1.5523561033757436e+00   26   26    3    3
 1.2831444744351523e+00   26   26    4    4
 1.1367854500864656e+00   26   26    5    5
 1.1595670543423631e+00   26   26    6    6
 6.9037279400916629e-01   26   26    7    7
 6.4541115956286921e-01   26   26    8    8
 6.4697483333054806e-01   26   26    9    9
 6.0553249423927469e-01   26   26   10   10
 5.6780840635198682e-01   26   26   11   11
 5.2764117440725233e-01   26   26   12   12
 5.6529039840508077e-01   26   26   13   13
 5.9908973135898358e-01   26   26   14   14
 6.6684713012640762e-01   26   26   15   15
 6.2499087389342378e-01   26   26   16   16
 6.0326127492390358e-01   26   26   17   17
 6.1652989440052974e-01   26   26   18   18
 6.5522635427498799e-01   26   26   19   19
 6.8288292224300029e-01   26   26   20   20
 1.9940764289675783e+00   26   26   21   21
 2.7329599397424302e+00   26   26   22   22
 2.5156646418438959e+00   26   26   23   23
 2.7734595414466390e+00   26   26   24   24
 3.8562859174795934e+00   26   26   25   25
 8.4208384499999998e+00   26   26   26   26
 1.6073939344446291e+00   27   27    1    1
 2.0185110700640787e+00   27   27    2    2
 1.8629179968722740e+00   27   27    3    3
 1.4794711474447739e+00   27   27    4    4
 1.3027817317442179e+00   27   27    5    5
 1.3463939016569821e+00   27   27    6    6
 7.4403246759468211e-01   27   27    7    7
 6.9531486622876282e-01   27   27    8    8
 7.0110827860096248e-01   27   27    9    9
 6.5434160959623100e-01   27   27   10   10
 6.0942708154086656e-01   27   27   11   11
 5.4410001364011029e-01   27   27   12   12
 6.0405031383246910e-01   27   27   13   13
 6.4083037272475951e-01   27   27   14   14
 7.1200699645640753e-01   27   27   15   15
 6.6447959635718967e-01   27   27   16   16
 6.3648072721547699e-01   27   27   17   17
 6.4715585314952251e-01   27   27   18   18
 6.8914502477659301e-01   27   27   19   19
 7.2465681762071221e-01   27   27   20   20
 2.6857666526164845e+00   27   27   21   21
 3.8342362593832244e+00   27   27   22   22
 2.7848036649681451e+00   27   27   23   23
 2.5162207521438518e+00   27   27   24   24
 2.7622726079059032e+00   27   27   25   25
 3.8674712771326161e+00   27   27   26   26
 8.4208384499999998e+00   27   27   27   27
 2.3445169817101625e+00   28   28    1    1
 2.6768084231840175e+00   28   28    2    2
 2.0198965527246906e+00   28   28    3    3
 1.6371065096028155e+00   28   28    4    4
 1.5659207800633923e+00   28   28    5    5
 1.7876480484483794e+00   28   28    6    6
 8.2582376528769863e-01   28   28    7    7
 7.8326399513307277e-01   28   28    8    8
 8.0616385798566204e-01   28   28    9    9
 7.5636167154305467e-01   28   28   10   10
 6.9596901087591923e-01   28   28   11   11
 5.4622256901590316e-01   28   28   12   12
 6.7944446617474585e-01   28   28   13   13
 7.1563557140412282e-01   28   28   14   14
 7.6799261445166633e-01   28   28   15   15
 7.1052928197124710e-01   28   28   16   16
 6.6720743733801680e-01   28   28   17   17
 6.6838910258988038e-01   28   28   18   18
 7.1339828904952385e-01   28   28   19   19
 7.6680830378900044e-01   28   28   20   20
 3.7377341983944943e+00   28   28   21   21
 2.6706932763353759e+00   28   28   22   22
 2.0355523319034532e+00   28   28   23   23
 1.6464633249865939e+00   28   28   24   24
 1.5688935574051301e+00   28   28   25   25
 1.7776072837219936e+00   28   28   26   26
 2.3214828910991643e+00   28   28   27   27
 8.4208384499999998e+00   28   28   28   28
 1.9274894416039245e+00   29   29    1    1
 2.0487503939155851e+00   29   29    2    2
 1.6166484240524477e+00   29   29    3    3
 1.3621925142624316e+00   29   29    4    4
 1.3309163238254211e+00   29   29    5    5
 1.5260401742093586e+00   29   29    6    6
 7.5756140484397738e-01   29   29    7    7
 7.2490539706669255e-01   29   29    8    8
 7.4530057341824663e-01   29   29    9    9
 7.0641779989853060e-01   29   29   10   10
 6.5548859160234307e-01   29   29   11   11
 5.1307155796707271e-01   29   29   12   12
 6.3994970853536115e-01   29   29   13   13
 6.6925729640385667e-01   29   29   14   14
 7.0635147924709929e-01   29   29   15   15
 6.5519173042140799e-01   29   29   16   16
 6.1715543545795049e-01   29   29   17   17
 6.1906728611069539e-01   29   29   18   18
 6.5987836006924150e-01   29   29   19   19
 7.0671155439620237e-01   29   29   20   20
 2.6807405794570514e+00   29   29   21   21
 2.3006189099047964e+00   29   29   22   22
 1.8987008720094927e+00   29   29   23   23
 1.6017879505653194e+00   29   29   24   24
 1.5402589698827163e+00   29   29   25   25
 1.7100036825218587e+00   29   29   26   26
 2.0960879162671242e+00   29   29   27   27
 3.8377320982459842e+00   29   29   28   28
 8.4208384499999998e+00   29   29   29   29
 1.6271196543208648e+00   30   30    1    1
 1.6519856768860928e+00   30   30    2    2
 1.3566108849486462e+00   30   30    3    3
 1.1839631273963718e+00   30   30    4    4
 1.1788964801628958e+00   30   30    5    5
 1.3476549684754846e+00   30   30    6    6
 7.1581259461225089e-01   30   30    7    7
 6.9247846199506835e-01   30   30    8    8
 7.1763433457056192e-01   30   30    9    9
 6.8694167730354150e-01   30   30   10   10
 6.3803575011527580e-01   30   30   11   11
 4.8597571356127578e-01   30   30   12   12
 6.1884527515680510e-01   30   30   13   13
 6.4182385426788335e-01   30   30   14   14
 6.6589655927275249e-01   30   30   15   15
 6.2126146098693069e-01   30   30   16   16
 5.8465719619879697e-01   30   30   17   17
 5.8328021881592307e-01   30   30   18   18
 6.1809696196928543e-01   30   30   19   19
 6.6157345553649183e-01   30   30   20   20
 1.9917396425434255e+00   30   30   21   21
 1.7540964710195333e+00   30   30   22   22
 1.5040795464979022e+00   30   30   23   23
 1.3234465116751586e+00   30   30   24   24
 1.3008037260791192e+00   30   30   25   25
 1.4394739519920925e+00   30   30   26   26
 1.6860183824041983e+00   30   30   27   27
 2.7359801416096441e+00   30   30   28   28
 3.8682574489944175e+00   30   30   29   29
 8.4208384499999998e+00   30   30   30   30
 1.5666117994407975e+00   31   31    1    1
 1.5673138181884614e+00   31   31    2    2
 1.3144291845175069e+00   31   31    3    3
 1.1669991837918996e+00   31   31    4    4
 1.1715647483153127e+00   31   31    5    5
 1.3314895617445253e+00   31   31    6    6
 7.2615461519291269e-01   31   31    7    7
 7.0623369561112914e-01   31   31    8    8
 7.3936249441433033e-01   31   31    9    9
 7.0986129502461348e-01   31   31   10   10
 6.5516372313287452e-01   31   31   11   11
 4.8534466811562643e-01   31   31   12   12
 6.3063528699678673e-01   31   31   13   13
 6.5185066557021110e-01   31   31   14   14
 6.7249333408145706e-01   31   31   15   15
 6.3024772102942028e-01   31   31   16   16
 5.9109065401374483e-01   31   31   17   17
 5.8560149467226430e-01   31   31   18   18
 6.1728906192722066e-01   31   31   19   19
 6.6204717183953266e-01   31   31   20   20
 1.8040100811819830e+00   31   31   21   21
 1.5494410328407369e+00   31   31   22   22
 1.3194760546115867e+00   31   31   23   23
 1.1661624564233444e+00   31   31   24   24
 1.1556807842525225e+00   31   31   25   25
 1.2907464684582022e+00   31   31   26   26
 1.5130198348021269e+00   31   31   27   27
 2.4648772842430811e+00   31   31   28   28
 2.7615909691543528e+00   31   31   29   29
 3.8546841903214943e+00   31   31   30   30
 8.4208384499999998e+00   31   31   31   31
 1.7441433159587947e+00   32   32    1    1
 1.7687313211371474e+00   32   32    2    2
 1.4885729489234047e+00   32   32    3    3
 1.3156845462150213e+00   32   32    4    4
 1.3126102996702178e+00   32   32    5    5
 1.4819327241842999e+00   32   32    6    6
 7.8317644946398202e-01   32   32    7    7
 7.5773643655623202e-01   32   32    8    8
 7.9667130164168276e-01   32   32    9    9
 7.5891034507079125e-01   32   32   10   10
 6.9400950539301864e-01   32   32   11   11
 5.1204142983088596e-01   32   32   12   12
 6.6668160131724508e-01   32   32   13   13
 6.9260088208883908e-01   32   32   14   14
 7.2290246432758509e-01   32   32   15   15
 6.7731671379534986e-01   32   32   16   16
 6.3310262277188867e-01   32   32   17   17
 6.2522546863104456e-01   32   32   18   18
 6.5852881910465266e-01   32   32   19   19
 7.0845371468574914e-01   32   32   20   20
 1.9900806878054349e+00   32   32   21   21
 1.6350545269476762e+00   32   32   22   22
 1.3570486373376200e+00   32   32   23   23
 1.1809040550848455e+00   32   32   24   24
 1.1672248763676456e+00   32   32   25   25
 1.3193868064280641e+00   32   32   26   26
 1.5870158529779748e+00   32   32   27   27
 2.7330373758243622e+00   32   32   28   28
 2.5142930804883141e+00   32   32   29   29
 2.7718187973215151e+00   32   32   30   30
 3.8548985975257262e+00   32   32   31   31
 8.4208384499999998e+00   32   32   32   32
 2.1470713871231935e+00   33   33    1    1
 2.3078828377997245e+00   33   33    2    2
 1.8686866562706586e+00   33   33    3    3
 1.5827464801938014e+00   33   33    4    4
 1.5400083189697915e+00   33   33    5    5
 1.7389796518397915e+00   33   33    6    6
 8.3934074734360697e-01   33   33    7    7
 8.0119354594280101e-01   33   33    8    8
 8.3535527513626673e-01   33   33    9    9
 7.8559769477146424e-01   33   33   10   10
 7.1680473968206670e-01   33   33   11   11
 5.4408698406753997e-01   33   33   12   12
 6.9349440047538935e-01   33   33   13   13
 7.2772094553430078e-01   33   33   14   14
 7.7590445375403849e-01   33   33   15   15
 7.2219449918270751e-01   33   33   16   16
 6.7512032964860191e-01   33   33   17   17
 6.7009971129241586e-01   33   33   18   18
 7.1005316749234004e-01   33   33   19   19
 7.6514565783837096e-01   33   33   20   20
 2.6794346607336874e+00   33   33   21   21
 2.0361322804339586e+00   33   33   22   22
 1.6174525978687022e+00   33   33   23   23
 1.3614149592891043e+00   33   33   24   24
 1.3270681489920151e+00   33   33   25   25
 1.5131395510132226e+00   33   33   26   26
 1.9055467963916173e+00   33   33   27   27
 3.8365481656369460e+00   33   33   28   28
 2.7854978889770337e+00   33   33   29   29
 2.5172407610367515e+00   33   33   30   30
 2.7631778503730855e+00   33   33   31   31
 3.8663146963733288e+00   33   33   32   32
 8.4208384499999998e+00   33   33   33   33
 1.7962289034522625e+00   34   34    1    1
 1.5513393891106864e+00   34   34    2    2
 1.6309948411566695e+00   34   34    3    3
 2.0163874348197699e+00   34   34    4    4
 2.6893670714599067e+00   34   34    5    5
 2.3892814742328938e+00   34   34    6    6
 1.9909013984319444e+00   34   34    7    7
 1.7529350562290382e+00   34   34    8    8
 1.7088170274189807e+00   34   34    9    9
 1.4467680755145198e+00   34   34   10   10
 1.2883193386557432e+00   34   34   11   11
 8.2557762393395173e-01   34   34   12   12
 1.3002267228737971e+00   34   34   13   13
 1.4796504713938059e+00   34   34   14   14
 1.6460588267709257e+00   34   34   15   15
 1.3619934585081475e+00   34   34   16   16
 1.1867054326331281e+00   34   34   17   17
 1.1768601671791952e+00   34   34   18   18
 1.3353841232763703e+00   34   34   19   19
 1.6084306076272907e+00   34   34   20   20
 1.2668801004685530e+00   34   34   21   21
 1.1229997631565003e+00   34   34   22   22
 1.1134315650864179e+00   34   34   23   23
 9.7939700324332168e-01   34   34   24   24
 8.8624152616176954e-01   34   34   25   25
 8.9041809772038794e-01   34   34   26   26
 9.8654480819085144e-01   34   34   27   27
 1.1658122577839671e+00   34   34   28   28
 1.0479555166315111e+00   34   34   29   29
 9.6546906404459121e-01   34   34   30   30
 9.6659104097280102e-01   34   34   31   31
 1.0515325358053884e+00   34   34   32   32
 1.1628454308069689e+00   34   34   33   33
 8.4208384499999998e+00   34   34   34   34
 1.4387942921061414e+00   35   35    1    1
 1.2806187997066132e+00   35   35    2    2
 1.3523269048793378e+00   35   35    3    3
 1.6315557704170791e+00   35   35    4    4
 1.9994942736890919e+00   35   35    5    5
 1.7986171724580033e+00   35   35    6    6
 2.6796692163196809e+00   35   35    7    7
 2.2959341020857580e+00   35   35    8    8
 2.1249281154285957e+00   35   35    9    9
 1.7161277575859291e+00   35   35   10   10
 1.5230497645282519e+00   35   35   11   11
 8.9379841709357155e-01   35   35   12   12
 1.5699908116709640e+00   35   35   13   13
 1.8606206110256578e+00   35   35   14   14
 2.0412978982013228e+00   35   35   15   15
 1.6197844798779573e+00   35   35   16   16
 1.3633884809574961e+00   35   35   17   17
 1.3303342266672729e+00   35   35   18   18
 1.5185642226692413e+00   35   35   19   19
 1.9143193611320557e+00   35   35   20   20
 1.0793946481270944e+00   35   35   21   21
 9.7429325096121033e-01   35   35   22   22
 9.6883170978096822e-01   35   35   23   23
 8.6820608736181359e-01   35   35   24   24
 7.9395135568305186e-01   35   35   25   25
 7.9653268461638327e-01   35   35   26   26
 8.7162193191069259e-01   35   35   27   27
 1.0066853158853648e+00   35   35   28   28
 9.1642743036247398e-01   35   35   29   29
 8.5575588451145523e-01   35   35   30   30
 8.6165541657566758e-01   35   35   31   31
 9.3156216456488472e-01   35   35   32   32
 1.0126350072630950e+00   35   35   33   33
 3.8686253184244643e+00   35   35   34   34
 8.4208384499999998e+00   35   35   35   35
 1.2845398795269967e+00   36   36    1    1
 1.1838833997097180e+00   36   36    2    2
 1.2819748246297891e+00   36   36    3    3
 1.5534333836767786e+00   36   36    4    4
 1.7975726260314511e+00   36   36    5    5
 1.5580954808943952e+00   36   36    6    6
 3.7416979797457270e+00   36   36    7    7
 2.6655416405868353e+00   36   36    8    8
 2.3261787672649148e+00   36   36    9    9
 1.7734822492066378e+00   36   36   10   10
 1.5571781734606074e+00   36   36   11   11
 9.8696678370484459e-01   36   36   12   12
 1.6302616098616483e+00   36   36   13   13
 2.0157686488906048e+00   36   36   14   14
 2.6793251978926818e+00   36   36   15   15
 2.0400229348544534e+00   36   36   16   16
 1.6484611747570372e+00   36   36   17   17
 1.5710560779943974e+00   36   36   18   18
 1.7809737774372847e+00   36   36   19   19
 2.3287915033715669e+00   36   36   20   20
 1.0086841609615300e+00   36   36   21   21
 9.2083264817926347e-01   36   36   22   22
 9.1145434477323006e-01   36   36   23   23
 8.2493746737947526e-01   36   36   24   24
 7.6210532432046607e-01   36   36   25   25
 7.6744096033192732e-01   36   36   26   26
 8.3534460369555952e-01   36   36   27   27
 9.3983017673295510e-01   36   36   28   28
 8.5190052278473194e-01   36   36   29   29
 7.9745529152754291e-01   36   36   30   30
 8.0776645801187708e-01   36   36   31   31
 8.7837356328901728e-01   36   36   32   32
 9.5371377633826926e-01   36   36   33   33
 2.7339463724332722e+00   36   36   34   34
 3.8361961565224578e+00   36   36   35   35
 8.4208384499999998e+00   36   36   36   36
 1.3567940662635785e+00   37   37    1    1
 1.2836627470758220e+00   37   37    2    2
 1.4379481989234300e+00   37   37    3    3
 1.7936675775100284e+00   37   37    4    4
 2.0008295028934047e+00   37   37    5    5
 1.6371413016015419e+00   37   37    6    6
 2.6810053843136039e+00   37   37    7    7
 2.0326345658086953e+00   37   37    8    8
 1.8971551287911719e+00   37   37    9    9
 1.5046157085949268e+00   37   37   10   10
 1.3186472741692612e+00   37   37   11   11
 9.8316733051367755e-01   37   37   12   12
 1.3541312097843452e+00   37   37   13   13
 1.6113179718433450e+00   37   37   14   14
 2.3190338303525970e+00   37   37   15   15
 1.9077225915613001e+00   37   37   16   16
 1.6089693443364455e+00   37   37   17   17
 1.5500043201009657e+00   37   37   18   18
 1.7260567496354604e+00   37   37   19   19
 2.1208275042696956e+00   37   37   20   20
 1.0834691882719236e+00   37   37   21   21
 9.8920106623426207e-01   37   37   22   22
 9.7059654038794962e-01   37   37   23   23
 8.7574804161485353e-01   37   37   24   24
 8.1206162894786915e-01   37   37   25   25
 8.2298981647201663e-01   37   37   26   26
 8.9988009708231853e-01   37   37   27   27
 9.9784919913846981e-01   37   37   28   28
 8.9068580780396733e-01   37   37   29   29
 8.2747782713274576e-01   37   37   30   30
 8.4041845187124076e-01   37   37   31   31
 9.2527248177066646e-01   37   37   32   32
 1.0175484545633275e+00   37   37   33   33
 2.5177575402334167e+00   37   37   34   34
 2.7870748152963056e+00   37   37   35   35
 3.8362645538119517e+00   37   37   36   36
 8.4208384499999998e+00   37   37   37   37
 1.6371851513415576e+00   38   38    1    1
 1.5571538633100701e+00   38   38    2    2
 1.7974933846083638e+00   38   38    3    3
 2.3839919719423541e+00   38   38    4    4
 2.6929302795155827e+00   38   38    5    5
 2.0233600051825249e+00   38   38    6    6
 1.9911175845650491e+00   38   38    7    7
 1.6348768504489877e+00   38   38    8    8
 1.5905797941580371e+00   38   38    9    9
 1.3175608070536091e+00   38   38   10   10
 1.1605036841391598e+00   38   38   11   11
 8.9332631780543348e-01   38   38   12   12
 1.1726143416261261e+00   38   38   13   13
 1.3494109011034778e+00   38   38   14   14
 1.7706668215445820e+00   38   38   15   15
 1.5123240333257053e+00   38   38   16   16
 1.3329599716567955e+00   38   38   17   17
 1.3159591346713038e+00   38   38   18   18
 1.4638393162667596e+00   38   38   19   19
 1.7164799768838264e+00   38   38   20   20
 1.2738629500274816e+00   38   38   21   21
 1.1464538984227020e+00   38   38   22   22
 1.1156119706858829e+00   38   38   23   23
 9.8992465129914742e-01   38   38   24   24
 9.1176615863539312e-01   38   38   25   25
 9.2843361463402574e-01   38   38   26   26
 1.0290374180163850e+00   38   38   27   27
 1.1522900241496306e+00   38   38   28   28
 1.0094557056140128e+00   38   38   29   29
 9.2508319405437023e-01   38   38   30   30
 9.3700040887695202e-01   38   38   31   31
 1.0432549939382068e+00   38   38   32   32
 1.1714742224070003e+00   38   38   33   33
 2.7742202884301759e+00   38   38   34   34
 2.5171170526133890e+00   38   38   35   35
 2.7334230104763426e+00   38   38   36   36
 3.8682969237889266e+00   38   38   37   37
 8.4208384499999998e+00   38   38   38   38
 2.0011198032978830e+00   39   39    1    1
 1.7948274854158490e+00   39   39    2    2
 1.9982807984841426e+00   39   39    3    3
 2.6868899551603205e+00   39   39    4    4
 3.7223666821948878e+00   39   39    5    5
 2.6938444436969746e+00   39   39    6    6
 1.8020950324450191e+00   39   39    7    7
 1.5486780936906075e+00   39   39    8    8
 1.5262507904654770e+00   39   39    9    9
 1.2944692171558436e+00   39   39   10   10
 1.1474665996754836e+00   39   39   11   11
 8.2418677099185866e-01   39   39   12   12
 1.1520651271543041e+00   39   39   13   13
 1.3050264154555025e+00   39   39   14   14
 1.5623491082449501e+00   39   39   15   15
 1.3252117378527837e+00   39   39   16   16
 1.1739358271136464e+00   39   39   17   17
 1.1693166923896618e+00   39   39   18   18
 1.3132750739929748e+00   39   39   19   19
 1.5405303690789767e+00   39   39   20   20
 1.4202383797463638e+00   39   39   21   21
 1.2497369037056800e+00   39   39   22   22
 1.2218475864855189e+00   39   39   23   23
 1.0638631193629398e+00   39   39   24   24
 9.6447986634914262e-01   39   39   25   25
 9.7753805894537649e-01   39   39   26   26
 1.0944682081798482e+00   39   39   27   27
 1.2772858025459681e+00   39   39   28   28
 1.1179559979924092e+00   39   39   29   29
 1.0160492123705800e+00   39   39   30   30
 1.0201666265872937e+00   39   39   31   31
 1.1307348340175323e+00   39   39   32   32
 1.2799077671141723e+00   39   39   33   33
 3.8524129581216808e+00   39   39   34   34
 2.7596289613692626e+00   39   39   35   35
 2.4604827165270451e+00   39   39   36   36
 2.7603988778831399e+00   39   39   37   37
 3.8538393351148454e+00   39   39   38   38
 8.4208384499999998e+00   39   39   39   39
 1.0060071005010547e+00   40   40    1    1
 1.1480376624097708e+00   40   40    2    2
 1.1626679406160394e+00   40   40    3    3
 1.0315904615944158e+00   40   40    4    4
 9.2476213655112482e-01   40   40    5    5
 9.1735890368243256e-01   40   40    6    6
 6.2507136642940864e-01   40   40    7    7
 5.8197948147323131e-01   40   40    8    8
 5.7381160926639774e-01   40   40    9    9
 5.3765981766491333e-01   40   40   10   10
 5.1115548940457156e-01   40   40   11   11
 5.2473823481790793e-01   40   40   12   12
 5.1551950210477393e-01   40   40   13   13
 5.4757966282802517e-01   40   40   14   14
 6.1632374864154138e-01   40   40   15   15
 5.8037343337583214e-01   40   40   16   16
 5.6949105188528715e-01   40   40   17   17
 5.9098094062688633e-01   40   40   18   18
 6.2825909072851183e-01   40   40   19   19
 6.4241779194783843e-01   40   40   20   20
 1.2606684988998182e+00   40   40   21   21
 1.5477377005438009e+00   40   40   22   22
 1.7271918104672472e+00   40   40   23   23
 2.2323840402013588e+00   40   40   24   24
 2.6860088548405034e+00   40   40   25   25
 2.1214949621079842e+00   40   40   26   26
 1.6785818346310650e+00   40   40   27   27
 1.1267911836067943e+00   40   40   28   28
 1.1082619522118595e+00   40   40   29   29
 9.8138527338014780e-01   40   40   30   30
 8.9676817827986699e-01   40   40   31   31
 9.0612923845137616e-01   40   40   32   32
 1.0021106334314327e+00   40   40   33   33
 7.6803148810177813e-01   40   40   34   34
 7.0227009549420705e-01   40   40   35   35
 6.8312385499979100e-01   40   40   36   36
 7.2614842310588001e-01   40   40   37   37
 7.9964617447851671e-01   40   40   38   38
 8.2842647133785341e-01   40   40   39   39
 8.4208384499999998e+00   40   40   40   40
 1.0877053745219483e+00   41   41    1    1
 1.2486750067751384e+00   41   41    2    2
 1.2273142599141034e+00   41   41    3    3
 1.0680589585310614e+00   41   41    4    4
 9.6301406157530367e-01   41   41    5    5
 9.7233111075378109e-01   41   41    6    6
 6.3103551177194939e-01   41   41    7    7
 5.9007668249984369e-01   41   41    8    8
 5.8513723113276117e-01   41   41    9    9
 5.4952970259637945e-01   41   41   10   10
 5.2110323236407796e-01   41   41   11   11
 5.1184842382972040e-01   41   41   12   12
 5.2318259637580589e-01   41   41   13   13
 5.5413183638661323e-01   41   41   14   14
 6.1682815190731144e-01   41   41   15   15
 5.7924104228336515e-01   41   41   16   16
 5.6465341328378671e-01   41   41   17   17
 5.8279470055875282e-01   41   41   18   18
 6.2017495961503455e-01   41   41   19   19
 6.3916555713578249e-01   41   41   20   20
 1.4201194819888026e+00   41   41   21   21
 1.7967086196499824e+00   41   41   22   22
 1.9971056725334553e+00   41   41   23   23
 2.6857195839366801e+00   41   41   24   24
 3.7110937965411988e+00   41   41   25   25
 2.6916438413692245e+00   41   41   26   26
 1.9997431780471147e+00   41   41   27   27
 1.2792296462859980e+00   41   41   28   28
 1.2808818269250366e+00   41   41   29   29
 1.1218344079257658e+00   41   41   30   30
 1.0070896635338427e+00   41   41   31   31
 1.0065681865933016e+00   41   41   32   32
 1.1148593208977517e+00   41   41   33   33
 7.9086509672610961e-01   41   41   34   34
 7.1775559113713960e-01   41   41   35   35
 6.9272318295462820e-01   41   41   36   36
 7.3431555843710306e-01   41   41   37   37
 8.1319079096265445e-01   41   41   38   38
 8.5194390111687246e-01   41   41   39   39
 3.8431349839092341e+00   41   41   40   40
 8.4208384499999998e+00   41   41   41   41
 9.9963230608833131e-01   42   42    1    1
 1.1235696440862868e+00   42   42    2    2
 1.0834222572368859e+00   42   42    3    3
 9.5254135866565470e-01   42   42    4    4
 8.7453162017150832e-01   42   42    5    5
 8.9386191144608484e-01   42   42    6    6
 5.8768311864266409e-01   42   42    7    7
 5.5360422710536816e-01   42   42    8    8
 5.5081788067613424e-01   42   42    9    9
 5.2050441238057665e-01   42   42   10   10
 4.9486158404424613e-01   42   42   11   11
 4.7833284188433733e-01   42   42   12   12
 4.9561464049412662e-01   42   42   13   13
 5.2205888749848794e-01   42   42   14   14
 5.7319429103116326e-01   42   42   15   15
 5.3975672716249889e-01   42   42   16   16
 5.2584021872251174e-01   42   42   17   17
 5.4097926448308076e-01   42   42   18   18
 5.7379759621679916e-01   42   42   19   19
 5.9159037686668137e-01   42   42   20   20
 1.2853437666137009e+00   42   42   21   21
 1.5707329270721491e+00   42   42   22   22
 1.6944127873833561e+00   42   42   23   23
 2.1284674034821260e+00   42   42   24   24
 2.6965298188936999e+00   42   42   25   25
 2.2541000514653780e+00   42   42   26   26
 1.7511169376032327e+00   42   42   27   27
 1.2029695849275128e+00   42   42   28   28
 1.2446714973489303e+00   42   42   29   29
 1.1145867424280111e+00   42   42   30   30
 9.9344848717761480e-01   42   42   31   31
 9.7318126501321800e-01   42   42   32   32
 1.0547790324952355e+00   42   42   33   33
 7.3086839663330416e-01   42   42   34   34
 6.6644721415237940e-01   42   42   35   35
 6.4163204489964698e-01   42   42   36   36
 6.7508108990695115e-01   42   42   37   37
 7.4220259239811848e-01   42   42   38   38
 7.7921454178538974e-01   42   42   39   39
 2.7432118637340315e+00   42   42   40   40
 3.8402791961846954e+00   42   42   41   41
 8.4208384499999998e+00   42   42   42   42
 5.4211989156983353e-01   43   43    1    1
 5.0949080338798802e-01   43   43    2    2
 5.1057692633989127e-01   43   43    3    3
 5.4135605488240934e-01   43   43    4    4
 5.8034707270137897e-01   43   43    5    5
 5.8007283210997562e-01   43   43    6    6
 7.7322554716087022e-01   43   43    7    7
 8.7153237040198961e-01   43   43    8    8
 9.1605267459317874e-01   43   43    9    9
 1.0426994364665623e+00   43   43   10   10
 1.1538270450121295e+00   43   43   11   11
 5.6358162154111013e-01   43   43   12   12
 1.0748349807097370e+00   43   43   13   13
 9.3650923216847970e-01   43   43   14   14
 7.3429558909419457e-01   43   43   15   15
 7.4547581758061232e-01   43   43   16   16
 6.9785575772320851e-01   43   43   17   17
 6.4906114182734520e-01   43   43   18   18
 6.4174491481515916e-01   43   43   19   19
 6.7834140336989546e-01   43   43   20   20
 4.7913741875292681e-01   43   43   21   21
 4.5044668179046832e-01   43   43   22   22
 4.4368953218454094e-01   43   43   23   23
 4.1904135823634142e-01   43   43   24   24
 4.0191507261362192e-01   43   43   25   25
 4.0649532529603583e-01   43   43   26   26
 4.2890678320802256e-01   43   43   27   27
 4.7920378060604990e-01   43   43   28   28
 4.6372558008406384e-01   43   43   29   29
 4.6200050666649661e-01   43   43   30   30
 4.7532273877002129e-01   43   43   31   31
 4.9139208779309895e-01   43   43   32   32
 4.9346989083439491e-01   43   43   33   33
 6.6496585583246604e-01   43   43   34   34
 7.1643550646098775e-01   43   43   35   35
 7.1974653278008194e-01   43   43   36   36
 6.6724819611157460e-01   43   43   37   37
 6.2537300549295927e-01   43   43   38   38
 6.2368957651202572e-01   43   43   39   39
 3.7287619119399745e-01   43   43   40   40
 3.7997877870445107e-01   43   43   41   41
 3.6735529575211273e-01   43   43   42   42
 8.4208384499999998e+00   43   43   43   43
 8.7928418185325086e-01   44   44    1    1
 9.7425896622513930e-01   44   44    2    2
 9.4987648225462684e-01   44   44    3    3
 8.5017142535445167e-01   44   44    4    4
 7.8538501898150859e-01   44   44    5    5
 7.9805344552287338e-01   44   44    6    6
 5.4875243041212562e-01   44   44    7    7
 5.1794558260661205e-01   44   44    8    8
 5.1423430709374596e-01   44   44    9    9
 4.8720821215332105e-01   44   44   10   10
 4.6508024013403720e-01   44   44   11   11
 4.5981066239368568e-01   44   44   12   12
 4.6667088318070055e-01   44   44   13   13
 4.9069397610115617e-01   44   44   14   14
 5.3791695374013926e-01   44   44   15   15
 5.0864078516117217e-01   44   44   16   16
 4.9778898030748969e-01   44   44   17   17
 5.1294902415976795e-01   44   44   18   18
 5.4231146861765334e-01   44   44   19   19
 5.5602320947767381e-01   44   44   20   20
 1.0899436798720645e+00   44   44   21   21
 1.2908221590978552e+00   44   44   22   22
 1.3861486747962817e+00   44   44   23   23
 1.6863122938825019e+00   44   44   24   24
 2.0022070726568826e+00   44   44   25   25
 1.7430633729900888e+00   44   44   26   26
 1.4156988268618562e+00   44   44   27   27
 1.0293260205820001e+00   44   44   28   28
 1.0630470945571406e+00   44   44   29   29
 9.7134907016398730e-01   44   44   30   30
 8.7753736384975844e-01   44   44   31   31
 8.5921181970478866e-01   44   44   32   32
 9.2006681401415435e-01   44   44   33   33
 6.6881956849957358e-01   44   44   34   34
 6.1522219872695660e-01   44   44   35   35
 5.9482303055981367e-01   44   44   36   36
 6.2388986695665838e-01   44   44   37   37
 6.7988870608416641e-01   44   44   38   38
 7.0907113928886900e-01   44   44   39   39
 2.4995955826328777e+00   44   44   40   40
 2.7641360613385384e+00   44   44   41   41
 3.8556684984341301e+00   44   44   42   42
 3.5016295114491180e-01   44   44   43   43
 8.4208384499999998e+00   44   44   44   44
 8.3416642420128684e-01   45   45    1    1
 9.2401134964644327e-01   45   45    2    2
 9.1808993728386534e-01   45   45    3    3
 8.3033152344738870e-01   45   45    4    4
 7.6338473018279374e-01   45   45    5    5
 7.6626909285138534e-01   45   45    6    6
 5.4414237263090692e-01   45   45    7    7
 5.1187805257022867e-01   45   45    8    8
 5.0597693753383821e-01   45   45    9    9
 4.7843313274892901e-01   45   45   10   10
 4.5755230472518449e-01   45   45   11   11
 4.6843641973508149e-01   45   45   12   12
 4.6076565675591735e-01   45   45   13   13
 4.8561506014582423e-01   45   45   14   14
 5.3686321497608536e-01   45   45   15   15
 5.0873531390539506e-01   45   45   16   16
 5.0040674479865921e-01   45   45   17   17
 5.1774656826059118e-01   45   45   18   18
 5.4686515490396859e-01   45   45   19   19
 5.5735538753818759e-01   45   45   20   20
 1.0135694080954112e+00   45   45   21   21
 1.1914321970156183e+00   45   45   22   22
 1.2892673821851832e+00   45   45   23   23
 1.5644240603873361e+00   45   45   24   24
 1.8102813609726705e+00   45   45   25   25
 1.5685180327535948e+00   45   45   26   26
 1.2916489929855588e+00   45   45   27   27
 9.4559540366731876e-01   45   45   28   28
 9.5921442300836535e-01   45   45   29   29
 8.7657793191149225e-01   45   45   30   30
 8.0199284722596975e-01   45   45   31   31
 7.9435322072382031e-01   45   45   32   32
 8.5381729471273604e-01   45   45   33   33
 6.5410973311760490e-01   45   45   34   34
 6.0468844856482906e-01   45   45   35   35
 5.8796413965728622e-01   45   45   36   36
 6.1798856323233686e-01   45   45   37   37
 6.7095522161747190e-01   45   45   38   38
 6.9447795779239341e-01   45   45   39   39
 2.7439072458510156e+00   45   45   40   40
 2.4894364977366030e+00   45   45   41   41
 2.7444507045540036e+00   45   45   42   42
 3.4435583246238838e-01   45   45   43   43
 3.8557264856388436e+00   45   45   44   44
 8.4208384499999998e+00   45   45   45   45
 8.8333141436811513e-01   46   46    1    1
 9.8933864587438758e-01   46   46    2    2
 9.9973061307885336e-01   46   46    3    3
 9.0288371132515677e-01   46   46    4    4
 8.1989181578875314e-01   46   46    5    5
 8.1399358831333035e-01   46   46    6    6
 5.7799788441997335e-01   46   46    7    7
 5.4034515125889837e-01   46   46    8    8
 5.3229900331537161e-01   46   46    9    9
 5.0082122304949084e-01   46   46   10   10
 4.7817432390927495e-01   46   46   11   11
 4.9957496683858615e-01   46   46   12   12
 4.8274352224772471e-01   46   46   13   13
 5.1115121649131112e-01   46   46   14   14
 5.7213751910805422e-01   46   46   15   15
 5.4133127706008421e-01   46   46   16   16
 5.3340714508023623e-01   46   46   17   17
 5.5388398534333305e-01   46   46   18   18
 5.8637096965003266e-01   46   46   19   19
 5.9644705714729240e-01   46   46   20   20
 1.0753129533347678e+00   46   46   21   21
 1.2785337798543708e+00   46   46   22   22
 1.4024217164430506e+00   46   46   23   23
 1.7314152546556552e+00   46   46   24   24
 1.9981660599034698e+00   46   46   25   25
 1.6849924368544982e+00   46   46   26   26
 1.3789382078599093e+00   46   46   27   27
 9.8209496864987300e-01   46   46   28   28
 9.7715811571406352e-01   46   46   29   29
 8.8197848606656704e-01   46   46   30   30
 8.1063008489444499e-01   46   46   31   31
 8.1337098641750905e-01   46   46   32   32
 8.8562446985422205e-01   46   46   33   33
 6.9604990274625278e-01   46   46   34   34
 6.4223549249765965e-01   46   46   35   35
 6.2649511212494657e-01   46   46   36   36
 6.6237598812405984e-01   46   46   37   37
 7.2187936416802001e-01   46   46   38   38
 7.4436497763913601e-01   46   46   39   39
 3.8540735820219272e+00   46   46   40   40
 2.7647143264184590e+00   46   46   41   41
 2.4998878374649318e+00   46   46   42   42
 3.5480961111734549e-01   46   46   43   43
 2.7764009295643772e+00   46   46   44   44
 3.8561364173091430e+00   46   46   45   45
 8.4208384499999998e+00   46   46   46   46
 5.3301218811035778e-01   47   47    1    1
 5.0414203847164096e-01   47   47    2    2
 5.1005878169901531e-01   47   47    3    3
 5.4365860139407263e-01   47   47    4    4
 5.7961549892580622e-01   47   47    5    5
 5.7226363680660419e-01   47   47    6    6
 8.0973342640526125e-01   47   47    7    7
 9.1128753391492501e-01   47   47    8    8
 9.4249144224064074e-01   47   47    9    9
 1.0586040401865626e+00   47   47   10   10
 1.1821377007291298e+00   47   47   11   11
 6.1939948441090009e-01   47   47   12   12
 1.1312473816839201e+00   47   47   13   13
 9.9020018687551059e-01   47   47   14   14
 7.8285988336619372e-01   47   47   15   15
 8.1133380342919970e-01   47   47   16   16
 7.6639147746666136e-01   47   47   17   17
 7.0600295252858303e-01   47   47   18   18
 6.8753557961155354e-01   47   47   19   19
 7.1966206663539756e-01   47   47   20   20
 4.7265736706681061e-01   47   47   21   21
 4.4595289067308708e-01   47   47   22   22
 4.3991388041524088e-01   47   47   23   23
 4.1633621177386665e-01   47   47   24   24
 3.9958943049731499e-01   47   47   25   25
 4.0377990374959416e-01   47   47   26   26
 4.2521435693272808e-01   47   47   27   27
 4.6948322677172921e-01   47   47   28   28
 4.5185534997048127e-01   47   47   29   29
 4.4758021472262344e-01   47   47   30   30
 4.5982345252170781e-01   47   47   31   31
 4.7779752335671116e-01   47   47   32   32
 4.8299089738174145e-01   47   47   33   33
 6.6522382746495867e-01   47   47   34   34
 7.2356617097179310e-01   47   47   35   35
 7.4051330673843463e-01   47   47   36   36
 6.8819954690498009e-01   47   47   37   37
 6.3772466613659640e-01   47   47   38   38
 6.2753052084507799e-01   47   47   39   39
 3.7296032792666700e-01   47   47   40   40
 3.7828421468743523e-01   47   47   41   41
 3.6444062965361440e-01   47   47   42   42
 2.7435790671099958e+00   47   47   43   43
 3.4784056074590297e-01   47   47   44   44
 3.4344080077618416e-01   47   47   45   45
 3.5504741968207792e-01   47   47   46   46
 8.4208384499999998e+00   47   47   47   47
 5.7429677323239636e-01   48   48    1    1
 5.4122237407295770e-01   48   48    2    2
 5.4852696061786421e-01   48   48    3    3
 5.8785749748310911e-01   48   48    4    4
 6.3001333880187393e-01   48   48    5    5
 6.2056798501813970e-01   48   48    6    6
 9.1251098079368131e-01   48   48    7    7
 1.0442586256008313e+00   48   48    8    8
 1.0839438821742542e+00   48   48    9    9
 1.2380869836240518e+00   48   48   10   10
 1.4143756145768969e+00   48   48   11   11
 6.6398043501320136e-01   48   48   12   12
 1.3420029133793692e+00   48   48   13   13
 1.1478460112183873e+00   48   48   14   14
 8.7612049430122907e-01   48   48   15   15
 9.0793598987416813e-01   48   48   16   16
 8.4785950522765141e-01   48   48   17   17
 7.7484471095303120e-01   48   48   18   18
 7.5543426845032036e-01   48   48   19   19
 7.9712521943929859e-01   48   48   20   20
 5.0478693165502586e-01   48   48   21   21
 4.7475958658145245e-01   48   48   22   22
 4.6823449560929803e-01   48   48   23   23
 4.4173631473678737e-01   48   48   24   24
 4.2285751116085102e-01   48   48   25   25
 4.2730289741425936e-01   48   48   26   26
 4.5118418805634775e-01   48   48   27   27
 5.0033740712380714e-01   48   48   28   28
 4.7998815687047297e-01   48   48   29   29
 4.7429851384623123e-01   48   48   30   30
 4.8740734379882811e-01   48   48   31   31
 5.0801295177446704e-01   48   48   32   32
 5.1501334245932684e-01   48   48   33   33
 7.3295087746266185e-01   48   48   34   34
 8.0488732061634838e-01   48   48   35   35
 8.2597781939310688e-01   48   48   36   36
 7.6074297155216453e-01   48   48   37   37
 6.9954541417964378e-01   48   48   38   38
 6.8745756829356364e-01   48   48   39   39
 3.9338020769948140e-01   48   48   40   40
 3.9915650189672836e-01   48   48   41   41
 3.8365048332534618e-01   48   48   42   42
 2.4693182342236306e+00   48   48   43   43
 3.6536329192911482e-01   48   48   44   44
 3.6064567158077654e-01   48   48   45   45
 3.7353383940764251e-01   48   48   46   46
 3.8644968271628475e+00   48   48   47   47
 8.4208384499999998e+00   48   48   48   48
 6.0627764736515199e-01   49   49    1    1
 5.6763777107259206e-01   49   49    2    2
 5.7250363524359149e-01   49   49    3    3
 6.1368809506201605e-01   49   49    4    4
 6.6240602343645272e-01   49   49    5    5
 6.5668196939186696e-01   49   49    6    6
 9.5031115910678854e-01   49   49    7    7
 1.1013816389832045e+00   49   49    8    8
 1.1618405251818775e+00   49   49    9    9
 1.3613860886239975e+00   49   49   10   10
 1.5746372315284340e+00   49   49   11   11
 6.4989485711835016e-01   49   49   12   12
 1.4445978371506114e+00   49   49   13   13
 1.2091578843681123e+00   49   49   14   14
 8.9604424257570625e-01   49   49   15   15
 9.1401003106072276e-01   49   49   16   16
 8.4271557586984180e-01   49   49   17   17
 7.7248541670874427e-01   49   49   18   18
 7.6184861541787452e-01   49   49   19   19
 8.1329880261576326e-01   49   49   20   20
 5.2857496925326486e-01   49   49   21   21
 4.9499647907579769e-01   49   49   22   22
 4.8768532965113903e-01   49   49   23   23
 4.5856879342431833e-01   49   49   24   24
 4.3806248286401811e-01   49   49   25   25
 4.4291474797132202e-01   49   49   26   26
 4.6901278018269871e-01   49   49   27   27
 5.2537608839275873e-01   49   49   28   28
 5.0454323738416385e-01   49   49   29   29
 4.9945187584945416e-01   49   49   30   30
 5.1379699876380591e-01   49   49   31   31
 5.3503238658889296e-01   49   49   32   32
 5.4131351636139702e-01   49   49   33   33
 7.7718858003652258e-01   49   49   34   34
 8.5360492354319695e-01   49   49   35   35
 8.6580345703935946e-01   49   49   36   36
 7.9122352450288447e-01   49   49   37   37
 7.2972072896484563e-01   49   49   38   38
 7.2311568369431267e-01   49   49   39   39
 4.0522911859912375e-01   49   49   40   40
 4.1243195492931001e-01   49   49   41   41
 3.9665133052532919e-01   49   49   42   42
 2.7308893582080969e+00   49   49   43   43
 3.7693471496773218e-01   49   49   44   44
 3.7113934920139258e-01   49   49   45   45
 3.8408753405744595e-01   49   49   46   46
 2.7725948960352502e+00   49   49   47   47
 3.8519783696757708e+00   49   49   48   48
 8.4208384499999998e+00   49   49   49   49
 5.1985124863720544e-01   50   50    1    1
 4.9096960685736951e-01   50   50    2    2
 4.9420844060474162e-01   50   50    3    3
 5.2436542534254904e-01   50   50    4    4
 5.5935171980376397e-01   50   50    5    5
 5.5586733493866924e-01   50   50    6    6
 7.5473539853271099e-01   50   50    7    7
 8.4553188325649542e-01   50   50    8    8
 8.8004175921429917e-01   50   50    9    9
 9.8938757578340475e-01   50   50   10   10
 1.0933133993766957e+00   50   50   11   11
 5.7350766233491690e-01   50   50   12   12
 1.0360336681872395e+00   50   50   13   13
 9.1083974728399242e-01   50   50   14   14
 7.2511937401739257e-01   50   50   15   15
 7.4399853241664360e-01   50   50   16   16
 7.0223738979496175e-01   50   50   17   17
 6.5173931637492755e-01   50   50   18   18
 6.3922573310976172e-01   50   50   19   19
 6.7045271040151277e-01   50   50   20   20
 4.6192575547516712e-01   50   50   21   21
 4.3566899890236804e-01   50   50   22   22
 4.2950902920749778e-01   50   50   23   23
 4.0662719546519527e-01   50   50   24   24
 3.9057301644117276e-01   50   50   25   25
 3.9483181290107594e-01   50   50   26   26
 4.1571004622707747e-01   50   50   27   27
 4.6067405798842592e-01   50   50   28   28
 4.4507981884621145e-01   50   50   29   29
 4.4248154728451689e-01   50   50   30   30
 4.5483111439783980e-01   50   50   31   31
 4.7091118231837376e-01   50   50   32   32
 4.7403449613056048e-01   50   50   33   33
 6.3824300248129917e-01   50   50   34   34
 6.8885624096928055e-01   50   50   35   35
 6.9833583511554376e-01   50   50   36   36
 6.5027510636343211e-01   50   50   37   37
 6.0745699296763256e-01   50   50   38   38
 6.0176378828769495e-01   50   50   39   39
 3.6401215778008800e-01   50   50   40   40
 3.6996320913061476e-01   50   50   41   41
 3.5736123747683907e-01   50   50   42   42
 3.8645324762596229e+00   50   50   43   43
 3.4119501109156780e-01   50   50   44   44
 3.3628366537114485e-01   50   50   45   45
 3.4682615533823963e-01   50   50   46   46
 3.8411768068714762e+00   50   50   47   47
 2.7515437713451516e+00   50   50   48   48
 2.5055443828340520e+00   50   50   49   49
 8.4208384499999998e+00   50   50   50   50
 6.9114393679214614e-01   51   51    1    1
 6.6488828407152401e-01   51   51    2    2
 6.1139386525458395e-01   51   51    3    3
 5.8729013837983246e-01   51   51    4    4
 6.0643703478890187e-01   51   51    5    5
 6.5763571779621532e-01   51   51    6    6
 4.9137352577782134e-01   51   51    7    7
 4.9687827913923821e-01   51   51    8    8
 5.2260108667715177e-01   51   51    9    9
 5.2583609446244772e-01   51   51   10   10
 5.0194382687418837e-01   51   51   11   11
 3.5509034332231393e-01   51   51   12   12
 4.7856770344569260e-01   51   51   13   13
 4.7672870895027292e-01   51   51   14   14
 4.5992597352267645e-01   51   51   15   15
 4.4064850056552268e-01   51   51   16   16
 4.1694765712445514e-01   51   51   17   17
 4.0962133700241726e-01   51   51   18   18
 4.2417021181149189e-01   51   51   19   19
 4.4909503528576189e-01   51   51   20   20
 6.9293985605664621e-01   51   51   21   21
 6.5357649729811018e-01   51   51   22   22
 6.1957645214045853e-01   51   51   23   23
 5.8855083568772137e-01   51   51   24   24
 5.8530413404624226e-01   51   51   25   25
 6.1173790176654674e-01   51   51   26   26
 6.4665892074900921e-01   51   51   27   27
 7.6830514423536667e-01   51   51   28   28
 8.2330775360663444e-01   51   51   29   29
 9.2611133331705220e-01   51   51   30   30
 9.7124818194728324e-01   51   51   31   31
 8.8573853929130686e-01   51   51   32   32
 7.9521691452830368e-01   51   51   33   33
 5.7704007581388161e-01   51   51   34   34
 5.4727217076362233e-01   51   51   35   35
 5.1919371308090867e-01   51   51   36   36
 5.1909825084596595e-01   51   51   37   37
 5.4430552133320198e-01   51   51   38   38
 5.7577195104807599e-01   51   51   39   39
 5.1378633992285483e-01   51   51   40   40
 5.5296191272307249e-01   51   51   41   41
 5.6441114813624560e-01   51   51   42   42
 4.3419565741807820e-01   51   51   43   43
 5.3208332769448974e-01   51   51   44   44
 4.9697155339468729e-01   51   51   45   45
 4.8983821481603651e-01   51   51   46   46
 4.0665998907502415e-01   51   51   47   47
 4.2195951105783014e-01   51   51   48   48
 4.4628270021197691e-01   51   51   49   49
 4.1203580156886532e-01   51   51   50   50
 8.4208384499999998e+00   51   51   51   51
 5.7408258168618032e-01   52   52    1    1
 5.3394601539790720e-01   52   52    2    2
 5.2828440428360890e-01   52   52    3    3
 5.5693473578406649e-01   52   52    4    4
 6.0220815019652740e-01   52   52    5    5
 6.1220404312999765e-01   52   52    6    6
 7.5699968193751888e-01   52   52    7    7
 8.5015766178440433e-01   52   52    8    8
 8.9839997085693779e-01   52   52    9    9
 1.0230255664297059e+00   52   52   10   10
 1.1196587031498884e+00   52   52   11   11
 5.2566460233978185e-01   52   52   12   12
 1.0339721246086806e+00   52   52   13   13
 9.0585118592268776e-01   52   52   14   14
 7.0633348447357580e-01   52   52   15   15
 6.9807879326338751e-01   52   52   16   16
 6.4848876961660185e-01   52   52   17   17
 6.1191317386998190e-01   52   52   18   18
 6.1722686349350431e-01   52   52   19   19
 6.5961273035086854e-01   52   52   20   20
 5.0336097936393032e-01   52   52   21   21
 4.7137162217788359e-01   52   52   22   22
 4.6499990805766578e-01   52   52   23   23
 4.3791721229502312e-01   52   52   24   24
 4.1845546099796715e-01   52   52   25   25
 4.2251096973779045e-01   52   52   26   26
 4.4670566453668742e-01   52   52   27   27
 5.0660313295019743e-01   52   52   28   28
 4.9440796266764214e-01   52   52   29   29
 4.9515002902715977e-01   52   52   30   30
 5.0818735673493520e-01   52   52   31   31
 5.2071435441962666e-01   52   52   32   32
 5.1992126434061603e-01   52   52   33   33
 6.9202635214847030e-01   52   52   34   34
 7.3664205393451476e-01   52   52   35   35
 7.1990523624234626e-01   52   52   36   36
 6.6296556543864504e-01   52   52   37   37
 6.3010807801717172e-01   52   52   38   38
 6.4144503634420258e-01   52   52   39   39
 3.8523712141977734e-01   52   52   40   40
 3.9486545021189562e-01   52   52   41   41
 3.8324672520379349e-01   52   52   42   42
 2.1755359514047043e+00   52   52   43   43
 3.6456692931658041e-01   52   52   44   44
 3.5674268792601016e-01   52   52   45   45
 3.6620961401223573e-01   52   52   46   46
 1.4556439140657500e+00   52   52   47   47
 1.4799601645989613e+00   52   52   48   48
 1.7719416638130421e+00   52   52   49   49
 1.6818666190851517e+00   52   52   50   50
 4.8065990294518185e-01   52   52   51   51
 8.4208384499999998e+00   52   52   52   52
 7.3704891101512260e-01   53   53    1    1
 7.3760607544224543e-01   53   53    2    2
 8.1161851297617937e-01   53   53    3    3
 9.0162752130861523e-01   53   53    4    4
 8.9525122521957068e-01   53   53    5    5
 8.0090736478326685e-01   53   53    6    6
 1.2818558991640367e+00   53   53    7    7
 1.1271654474327562e+00   53   53    8    8
 1.0039154314107008e+00   53   53    9    9
 9.0065139245605053e-01   53   53   10   10
 8.8376250386628574e-01   53   53   11   11
 2.4994239815642980e+00   53   53   12   12
 9.6232256420039708e-01   53   53   13   13
 1.0913210122737080e+00   53   53   14   14
 1.5681170958856236e+00   53   53   15   15
 1.7198895354844372e+00   53   53   16   16
 2.1878451558882923e+00   53   53   17   17
 2.6956883073792595e+00   53   53   18   18
 2.1863928182893018e+00   53   53   19   19
 1.7191064630915254e+00   53   53   20   20
 6.7292766306942220e-01   53   53   21   21
 6.5715175597546593e-01   53   53   22   22
 6.6426088466554534e-01   53   53   23   23
 6.3701475863001655e-01   53   53   24   24
 6.0633465643457374e-01   53   53   25   25
 6.0186038441191536e-01   53   53   26   26
 6.2482560926791941e-01   53   53   27   27
 6.2534825765965862e-01   53   53   28   28
 5.7990517397141406e-01   53   53   29   29
 5.4587824064749146e-01   53   53   30   30
 5.4705858446556876e-01   53   53   31   31
 5.8342184513975459e-01   53   53   32   32
 6.2561026847496526e-01   53   53   33   33
 9.6921440945590065e-01   53   53   34   34
 1.0460692085374224e+00   53   53   35   35
 1.1948744011277193e+00   53   53   36   36
 1.2420624272282108e+00   53   53   37   37
 1.1163834405988122e+00   53   53   38   38
 9.9377555415188656e-01   53   53   39   39
 5.8984968914825842e-01   53   53   40   40
 5.7508613833980249e-01   53   53   41   41
 5.3264909016884521e-01   53   53   42   42
 5.6737619117248173e-01   53   53   43   43
 5.0846857361261788e-01   53   53   44   44
 5.1776480883254128e-01   53   53   45   45
 5.5626235658723144e-01   53   53   46   46
 6.1692788404017274e-01   53   53   47   47
 6.6608631976425670e-01   53   53   48   48
 6.5889086318733092e-01   53   53   49   49
 5.7286830390118582e-01   53   53   50   50
 3.8306108124270416e-01   53   53   51   51
 5.3319573215342075e-01   53   53   52   52
 8.4208384499999998e+00   53   53   53   53
 6.7623778166287551e-01   54   54    1    1
 6.8011739585608477e-01   54   54    2    2
 7.4467848995159036e-01   54   54    3    3
 8.1626678717701184e-01   54   54    4    4
 8.0527550146380511e-01   54   54    5    5
 7.2721755489062190e-01   54   54    6    6
 1.0878291425340447e+00   54   54    7    7
 9.7677086002012459e-01   54   54    8    8
 8.8190483126646146e-01   54   54    9    9
 8.0297669166548791e-01   54   54   10   10
 7.9275594849098008e-01   54   54   11   11
 2.7751092193938316e+00   54   54   12   12
 8.5825406619299172e-01   54   54   13   13
 9.5629004581398258e-01   54   54   14   14
 1.2895926730358338e+00   54   54   15   15
 1.3980405534757105e+00   54   54   16   16
 1.7108482344270393e+00   54   54   17   17
 2.0022217128985327e+00   54   54   18   18
 1.7167850306550225e+00   54   54   19   19
 1.4011179983064221e+00   54   54   20   20
 6.2639846370803176e-01   54   54   21   21
 6.1615889374346910e-01   54   54   22   22
 6.2430620002027659e-01   54   54   23   23
 6.0349445775719490e-01   54   54   24   24
 5.7719485385557268e-01   54   54   25   25
 5.7170739228760470e-01   54   54   26   26
 5.8946374282421865e-01   54   54   27   27
 5.8345906455160590e-01   54   54   28   28
 5.4369985826516698e-01   54   54   29   29
 5.1277327364622483e-01   54   54   30   30
 5.1301162419329427e-01   54   54   31   31
 5.4490007725640299e-01   54   54   32   32
 5.8249071952445708e-01   54   54   33   33
 8.5794023664354302e-01   54   54   34   34
 9.1504256145511376e-01   54   54   35   35
 1.0244689982877881e+00   54   54   36   36
 1.0617112187576185e+00   54   54   37   37
 9.7389821886609240e-01   54   54   38   38
 8.7958869794465211e-01   54   54   39   39
 5.6821803973326312e-01   54   54   40   40
 5.5146656241886627e-01   54   54   41   41
 5.1196103809956939e-01   54   54   42   42
 5.3452079494152471e-01   54   54   43   43
 4.9131422618745280e-01   54   54   44   44
 5.0226148361719947e-01   54   54   45   45
 5.3916125076548460e-01   54   54   46   46
 5.8195221921674090e-01   54   54   47   47
 6.2357184537302990e-01   54   54   48   48
 6.1409011308937167e-01   54   54   49   49
 5.4151870418449388e-01   54   54   50   50
 3.6440498408875904e-01   54   54   51   51
 5.0130429852918323e-01   54   54   52   52
 3.8561341890629639e+00   54   54   53   53
 8.4208384499999998e+00   54   54   54   54
 6.3232671864532697e-01   55   55    1    1
 6.3309179700427409e-01   55   55    2    2
 6.8701332595240383e-01   55   55    3    3
 7.4875428151675838e-01   55   55    4    4
 7.4372289517510470e-01   55   55    5    5
 6.7839479769074595e-01   55   55    6    6
 1.0134780395706362e+00   55   55    7    7
 9.2565257270372603e-01   55   55    8    8
 8.3444920264652289e-01   55   55    9    9
 7.6847643773624430e-01   55   55   10   10
 7.6846638594450112e-01   55   55   11   11
 3.8563972153740531e+00   55   55   12   12
 8.3706522468116962e-01   55   55   13   13
 9.2401388520597316e-01   55   55   14   14
 1.1920670186179758e+00   55   55   15   15
 1.2877951680064339e+00   55   55   16   16
 1.5616362966129460e+00   55   55   17   17
 1.8112230139370480e+00   55   55   18   18
 1.5736174191631322e+00   55   55   19   19
 1.2944078955633471e+00   55   55   20   20
 5.8545357993300529e-01   55   55   21   21
 5.7649866655045401e-01   55   55   22   22
 5.8595736756417283e-01   55   55   23   23
 5.6803086933617386e-01   55   55   24   24
 5.4307607533757440e-01   55   55   25   25
 5.3634151007566544e-01   55   55   26   26
 5.5151491668708919e-01   55   55   27   27
 5.4740525588250655e-01   55   55   28   28
 5.1311318441812548e-01   55   55   29   29
 4.8532679460627559e-01   55   55   30   30
 4.8479271900728715e-01   55   55   31   31
 5.1237787389571632e-01   55   55   32   32
 5.4543348896585886e-01   55   55   33   33
 8.0010346874830551e-01   55   55   34   34
 8.5576622827179927e-01   55   55   35   35
 9.4598614993609575e-01   55   55   36   36
 9.6170515415369295e-01   55   55   37   37
 8.8361331126677700e-01   55   55   38   38
 8.1004742308242317e-01   55   55   39   39
 5.3634388594580218e-01   55   55   40   40
 5.2089065739089024e-01   55   55   41   41
 4.8569579477948155e-01   55   55   42   42
 5.3233224592700179e-01   55   55   43   43
 4.6756848259158473e-01   55   55   44   44
 4.7794916964217538e-01   55   55   45   45
 5.1114162278383113e-01   55   55   46   46
 5.8227267245743852e-01   55   55   47   47
 6.2189060242881256e-01   55   55   48   48
 6.0963118028616481e-01   55   55   49   49
 5.4117387231973113e-01   55   55   50   50
 3.5146308814614713e-01   55   55   51   51
 4.9762098168356139e-01   55   55   52   52
 2.7448537964823698e+00   55   55   53   53
 3.8544831311833145e+00   55   55   54   54
 8.4208384499999998e+00   55   55   55   55
 5.9971239295627188e-01   56   56    1    1
 5.5603254800801971e-01   56   56    2    2
 5.4551557642570803e-01   56   56    3    3
 5.7130924273738859e-01   56   56    4    4
 6.1868048559689515e-01   56   56    5    5
 6.3559133295682202e-01   56   56    6    6
 7.3401400134857619e-01   56   56    7    7
 8.1830132102338848e-01   56   56    8    8
 8.8603238378698046e-01   56   56    9    9
 1.0066658567755986e+00   56   56   10   10
 1.0517886958840326e+00   56   56   11   11
 4.9331141249608740e-01   56   56   12   12
 9.4580769984324220e-01   56   56   13   13
 8.4474917304014230e-01   56   56   14   14
 6.7701770921852722e-01   56   56   15   15
 6.6613531590087294e-01   56   56   16   16
 6.1578653706832509e-01   56   56   17   17
 5.8060010501108805e-01   56   56   18   18
 5.8721672744784892e-01   56   56   19   19
 6.3042444981101475e-01   56   56   20   20
 5.2669423582822961e-01   56   56   21   21
 4.9010714692149121e-01   56   56   22   22
 4.7954011903080396e-01   56   56   23   23
 4.4999537037823972e-01   56   56   24   24
 4.3140425039714414e-01   56   56   25   25
 4.3834722178233937e-01   56   56   26   26
 4.6552445666400366e-01   56   56   27   27
 5.3618191064032550e-01   56   56   28   28
 5.2458728701035406e-01   56   56   29   29
 5.3050843960416472e-01   56   56   30   30
 5.4940691773287220e-01   56   56   31   31
 5.6213742846968995e-01   56   56   32   32
 5.5513473160593241e-01   56   56   33   33
 6.9878205204280364e-01   56   56   34   34
 7.3265679602962941e-01   56   56   35   35
 7.1171443810662482e-01   56   56   36   36
 6.6252550706754909e-01   56   56   37   37
 6.3743487474229421e-01   56   56   38   38
 6.5225320662705910e-01   56   56   39   39
 3.9377730348353401e-01   56   56   40   40
 4.0579878474316250e-01   56   56   41   41
 3.9492943158746163e-01   56   56   42   42
 1.5804267745639162e+00   56   56   43   43
 3.7465080497733805e-01   56   56   44   44
 3.6493454730528840e-01   56   56   45   45
 3.7365561305102757e-01   56   56   46   46
 1.1631911818849108e+00   56   56   47   47
 1.1938491563565534e+00   56   56   48   48
 1.3978737239577719e+00   56   56   49   49
 1.2997208823514801e+00   56   56   50   50
 5.3902933167511136e-01   56   56   51   51
 2.5009959312810852e+00   56   56   52   52
 5.1005812255397576e-01   56   56   53   53
 4.7886403869873612e-01   56   56   54   54
 4.7130255696513185e-01   56   56   55   55
 8.4208384499999998e+00   56   56   56   56
 5.5700131265798036e-01   57   57    1    1
 5.1829234733026819e-01   57   57    2    2
 5.1038347763050707e-01   57   57    3    3
 5.3503650215664578e-01   57   57    4    4
 5.7733754987170371e-01   57   57    5    5
 5.9025803010435929e-01   57   57    6    6
 6.9957321525984506e-01   57   57    7    7
 7.7727160324720468e-01   57   57    8    8
 8.2122284001170442e-01   57   57    9    9
 9.2361218546395607e-01   57   57   10   10
 9.9261199580708959e-01   57   57   11   11
 4.9188201224955053e-01   57   57   12   12
 9.2047288363639790e-01   57   57   13   13
 8.1936011582059398e-01   57   57   14   14
 6.5316748023278270e-01   57   57   15   15
 6.4332438507148471e-01   57   57   16   16
 5.9964109576361113e-01   57   57   17   17
 5.6884141191941229e-01   57   57   18   18
 5.7533214566298463e-01   57   57   19   19
 6.1366828720118238e-01   57   57   20   20
 4.9103502479876809e-01   57   57   21   21
 4.6020963840490264e-01   57   57   22   22
 4.5376954114614382e-01   57   57   23   23
 4.2786794902444608e-01   57   57   24   24
 4.0944408779936287e-01   57   57   25   25
 4.1355984348671265e-01   57   57   26   26
 4.3683360239328473e-01   57   57   27   27
 4.9627598934447242e-01   57   57   28   28
 4.8666236850460798e-01   57   57   29   29
 4.8944891322253231e-01   57   57   30   30
 5.0233122746188064e-01   57   57   31   31
 5.1224232451411400e-01   57   57   32   32
 5.0912808012261379e-01   57   57   33   33
 6.5594447384995647e-01   57   57   34   34
 6.9136790414682980e-01   57   57   35   35
 6.7217629035193982e-01   57   57   36   36
 6.2271319335177422e-01   57   57   37   37
 5.9661274946275900e-01   57   57   38   38
 6.1002467950783146e-01   57   57   39   39
 3.7669869533248079e-01   57   57   40   40
 3.8682883125968515e-01   57   57   41   41
 3.7657869255955406e-01   57   57   42   42
 1.7398885862442262e+00   57   57   43   43
 3.5848230564833289e-01   57   57   44   44
 3.5019025922206259e-01   57   57   45   45
 3.5854993521283279e-01   57   57   46   46
 1.2303960692298461e+00   57   57   47   47
 1.2329810514266220e+00   57   57   48   48
 1.4260462011821999e+00   57   57   49   49
 1.4130580114183096e+00   57   57   50   50
 4.9073751732587451e-01   57   57   51   51
 3.8592851872177172e+00   57   57   52   52
 4.9970431340142013e-01   57   57   53   53
 4.7111920344911773e-01   57   57   54   54
 4.6734592135419439e-01   57   57   55   55
 2.7628564571426670e+00   57   57   56   56
 8.4208384499999998e+00   57   57   57   57
 6.8601221287035441e-01   58   58    1    1
 6.7665490065216238e-01   58   58    2    2
 7.3149531512076971e-01   58   58    3    3
 8.0849381935784370e-01   58   58    4    4
 8.1992213063665353e-01   58   58    5    5
 7.4707478617416168e-01   58   58    6    6
 1.2637431684792233e+00   58   58    7    7
 1.1493699243430864e+00   58   58    8    8
 1.0035719548653292e+00   58   58    9    9
 9.1678888627208133e-01   58   58   10   10
 9.2814091911414986e-01   58   58   11   11
 3.8536220594491026e+00   58   58   12   12
 1.0385077401661031e+00   58   58   13   13
 1.1706322107295384e+00   58   58   14   14
 1.5520399304644392e+00   58   58   15   15
 1.7002171780454169e+00   58   58   16   16
 2.1657833899198149e+00   58   58   17   17
 2.6893712850177578e+00   58   58   18   18
 2.1919381134506652e+00   58   58   19   19
 1.7126169009893000e+00   58   58   20   20
 6.1894373147151782e-01   58   58   21   21
 6.0274019727177741e-01   58   58   22   22
 6.1249978110112624e-01   58   58   23   23
 5.8762614888180498e-01   58   58   24   24
 5.5692956245492009e-01   58   58   25   25
 5.5019000115695438e-01   58   58   26   26
 5.7059494856537951e-01   58   58   27   27
 5.7929244549742687e-01   58   58   28   28
 5.4249363104969139e-01   58   58   29   29
 5.1330231779316204e-01   58   58   30   30
 5.1327164095748834e-01   58   58   31   31
 5.4287429816344335e-01   58   58   32   32
 5.7785132949054641e-01   58   58   33   33
 9.2208402854487104e-01   58   58   34   34
 1.0138214842016879e+00   58   58   35   35
 1.1346074090846849e+00   58   58   36   36
 1.1172776610750297e+00   58   58   37   37
 9.9624089578500130e-01   58   58   38   38
 9.1387210156623333e-01   58   58   39   39
 5.4083302819584378e-01   58   58   40   40
 5.2981784208977012e-01   58   58   41   41
 4.9444936253559796e-01   58   58   42   42
 6.0338541502966270e-01   58   58   43   43
 4.7321115381525364e-01   58   58   44   44
 4.8033992773517203e-01   58   58   45   45
 5.1238583189296549e-01   58   58   46   46
 6.6325529542088901e-01   58   58   47   47
 7.1739742678832408e-01   58   58   48   48
 7.0495729381486139e-01   58   58   49   49
 6.1210746827189755e-01   58   58   50   50
 3.7210669438756255e-01   58   58   51   51
 5.6353796874111051e-01   58   58   52   52
 2.7432218276818348e+00   58   58   53   53
 2.4991506685367311e+00   58   58   54   54
 2.7444919330925170e+00   58   58   55   55
 5.2806189335034914e-01   58   58   56   56
 5.2530058603834351e-01   58   58   57   57
 8.4208384499999998e+00   58   58   58   58
 6.0634201663725473e-01   59   59    1    1
 5.6276038250931215e-01   59   59    2    2
 5.5750147803409433e-01   59   59    3    3
 5.8969595868400582e-01   59   59    4    4
 6.3974933076489249e-01   59   59    5    5
 6.4944258261882526e-01   59   59    6    6
 8.1600617450533519e-01   59   59    7    7
 9.2616780850183900e-01   59   59    8    8
 9.9462523734382269e-01   59   59    9    9
 1.1532222970580397e+00   59   59   10   10
 1.2587558333470192e+00   59   59   11   11
 5.4627631069616345e-01   59   59   12   12
 1.1319589676457051e+00   59   59   13   13
 9.8136370318704735e-01   59   59   14   14
 7.5523157251717354e-01   59   59   15   15
 7.4785589735326374e-01   59   59   16   16
 6.8941222827661908e-01   59   59   17   17
 6.4561466526390066e-01   59   59   18   18
 6.4998813148822587e-01   59   59   19   19
 6.9831183539259478e-01   59   59   20   20
 5.2873417343147244e-01   59   59   21   21
 4.9307688699741370e-01   59   59   22   22
 4.8464185857523079e-01   59   59   23   23
 4.5494352475605582e-01   59   59   24   24
 4.3475241783518148e-01   59   59   25   25
 4.4020757442625774e-01   59   59   26   26
 4.6696302627024938e-01   59   59   27   27
 5.3259487454739585e-01   59   59   28   28
 5.1754792951623951e-01   59   59   29   29
 5.1829813675388947e-01   59   59   30   30
 5.3425188525605605e-01   59   59   31   31
 5.5008417199175019e-01   59   59   32   32
 5.4922968889073964e-01   59   59   33   33
 7.3868528250738319e-01   59   59   34   34
 7.8960410607912102e-01   59   59   35   35
 7.7429975517124028e-01   59   59   36   36
 7.1194786978824598e-01   59   59   37   37
 6.7430207291267730e-01   59   59   38   38
 6.8450129429430495e-01   59   59   39   39
 3.9878906279733506e-01   59   59   40   40
 4.0903053668816919e-01   59   59   41   41
 3.9620982302725383e-01   59   59   42   42
 2.3161543904913886e+00   59   59   43   43
 3.7607978280345555e-01   59   59   44   44
 3.6784976334657177e-01   59   59   45   45
 3.7820459112517935e-01   59   59   46   46
 1.5510388614273105e+00   59   59   47   47
 1.6318178047428804e+00   59   59   48   48
 2.0490505891226189e+00   59   59   49   49
 1.7538341170014711e+00   59   59   50   50
 4.9609963948626723e-01   59   59   51   51
 3.8553393161511731e+00   59   59   52   52
 5.5956041260851985e-01   59   59   53   53
 5.2381852315702204e-01   59   59   54   54
 5.1771322272582931e-01   59   59   55   55
 2.7643207448146749e+00   59   59   56   56
 2.7642647844926458e+00   59   59   57   57
 5.8789929068136926e-01   59   59   58   58
 8.4208384499999998e+00   59   59   59   59
 7.4311927439552328e-01   60   60    1    1
 7.3508722155840289e-01   60   60    2    2
 8.0255581426377975e-01   60   60    3    3
 8.9588883601383040e-01   60   60    4    4
 9.0497997194435031e-01   60   60    5    5
 8.1381795852119765e-01   60   60    6    6
 1.4195129275405880e+00   60   60    7    7
 1.2513045979263775e+00   60   60    8    8
 1.0886876106550594e+00   60   60    9    9
 9.7582331743460116e-01   60   60   10   10
 9.7004076972841680e-01   60   60   11   11
 2.7661456582914901e+00   60   60   12   12
 1.0772569193468879e+00   60   60   13   13
 1.2360990388873219e+00   60   60   14   14
 1.7971111050975115e+00   60   60   15   15
 1.9961364963537043e+00   60   60   16   16
 2.6832410416267929e+00   60   60   17   17
 3.7099868003828522e+00   60   60   18   18
 2.6952298880970682e+00   60   60   19   19
 2.0009467217325763e+00   60   60   20   20
 6.6798718267218826e-01   60   60   21   21
 6.4860753157373197e-01   60   60   22   22
 6.5680728949799305e-01   60   60   23   23
 6.2727842803238321e-01   60   60   24   24
 5.9405532355023727e-01   60   60   25   25
 5.8870879286381472e-01   60   60   26   26
 6.1305002868152414e-01   60   60   27   27
 6.2252580995960427e-01   60   60   28   28
 5.7897876122604408e-01   60   60   29   29
 5.4602495614058022e-01   60   60   30   30
 5.4703049287541816e-01   60   60   31   31
 5.8194752043979925e-01   60   60   32   32
 6.2245497304791020e-01   60   60   33   33
 1.0140771830911031e+00   60   60   34   34
 1.1169865916910078e+00   60   60   35   35
 1.2797066296562567e+00   60   60   36   36
 1.2860519806516764e+00   60   60   37   37
 1.1328023098575681e+00   60   60   38   38
 1.0179927439291565e+00   60   60   39   39
 5.7377589471754964e-01   60   60   40   40
 5.6225291535262556e-01   60   60   41   41
 5.2236844807349292e-01   60   60   42   42
 6.0548601545510017e-01   60   60   43   43
 4.9800918009932066e-01   60   60   44   44
 5.0521187548370639e-01   60   60   45   45
 5.4083467199572444e-01   60   60   46   46
 6.6145526687198875e-01   60   60   47   47
 7.1842715484252473e-01   60   60   48   48
 7.1039706582180062e-01   60   60   49   49
 6.1147934572028739e-01   60   60   50   50
 3.8740301187157311e-01   60   60   51   51
 5.6795255903659048e-01   60   60   52   52
 3.8421017334190153e+00   60   60   53   53
 2.7657229235083256e+00   60   60   54   54
 2.4916201048252322e+00   60   60   55   55
 5.3800058446626298e-01   60   60   56   56
 5.2985748113935693e-01   60   60   57   57
 3.8453797893929411e+00   60   60   58   58
 5.9588886800034868e-01   60   60   59   59
 8.4208384499999998e+00   60   60   60   60
 7.7697380902136481e-01   61   61    1    1
 7.5419032858830937e-01   61   61    2    2
 6.8607696643796623e-01   61   61    3    3
 6.5003861640638594e-01   61   61    4    4
 6.6611629873791067e-01   61   61    5    5
 7.2648668909486880e-01   61   61    6    6
 5.1589790141594838e-01   61   61    7    7
 5.1719917233823254e-01   61   61    8    8
 5.4283324410856537e-01   61   61    9    9
 5.4082807910719044e-01   61   61   10   10
 5.1294333479039211e-01   61   61   11   11
 3.7101225021907785e-01   61   61   12   12
 4.9057617162743933e-01   61   61   13   13
 4.9269431553106385e-01   61   61   14   14
 4.8292430372648704e-01   61   61   15   15
 4.6117169927417490e-01   61   61   16   16
 4.3645283645537891e-01   61   61   17   17
 4.2999065183105478e-01   61   61   18   18
 4.4655767771509403e-01   61   61   19   19
 4.7300839398552524e-01   61   61   20   20
 8.0046632424924979e-01   61   61   21   21
 7.5481629625191293e-01   61   61   22   22
 7.0775035608057824e-01   61   61   23   23
 6.7090353399822111e-01   61   61   24   24
 6.7160742995260481e-01   61   61   25   25
 7.0888321768646156e-01   61   61   26   26
 7.5261332489273791e-01   61   61   27   27
 9.0497271682597391e-01   61   61   28   28
 9.8783166678393086e-01   61   61   29   29
 1.1439048196947541e+00   61   61   30   30
 1.2060948858192062e+00   61   61   31   31
 1.0657824289478575e+00   61   61   32   32
 9.3751098146266731e-01   61   61   33   33
 6.1860401622389716e-01   61   61   34   34
 5.8040053981382966e-01   61   61   35   35
 5.4999545679522255e-01   61   61   36   36
 5.5445322242141926e-01   61   61   37   37
 5.8748813658051724e-01   61   61   38   38
 6.2354142504773147e-01   61   61   39   39
 5.8047466020260963e-01   61   61   40   40
 6.3111103803053914e-01   61   61   41   41
 6.4727615158945995e-01   61   61   42   42
 4.2769467362430491e-01   61   61   43   43
 6.0562482077370927e-01   61   61   44   44
 5.6056426763213973e-01   61   61   45   45
 5.5093390452239099e-01   61   61   46   46
 4.0423467191113394e-01   61   61   47   47
 4.2117268755893644e-01   61   61   48   48
 4.4454120849863521e-01   61   61   49   49
 4.0713951505467144e-01   61   61   50   50
 2.7615508439325733e+00   61   61   51   51
 4.6857850047756805e-01   61   61   52   52
 4.0343911028406521e-01   61   61   53   53
 3.8338473721836847e-01   61   61   54   54
 3.6836105857016649e-01   61   61   55   55
 5.1999752227737062e-01   61   61   56   56
 4.7454138833826548e-01   61   61   57   57
 3.8885397390472737e-01   61   61   58   58
 4.8551141494580496e-01   61   61   59   59
 4.0650874427209555e-01   61   61   60   60
 8.4208384499999998e+00   61   61   61   61
 7.5809353304893434e-01   62   62    1    1
 7.2983726826689244e-01   62   62    2    2
 6.6996146669008105e-01   62   62    3    3
 6.4253820724696287e-01   62   62    4    4
 6.6334827460038237e-01   62   62    5    5
 7.2011004010680180e-01   62   62    6    6
 5.2945452137019022e-01   62   62    7    7
 5.3502569718913484e-01   62   62    8    8
 5.6692277711570138e-01   62   62    9    9
 5.6914225323189482e-01   62   62   10   10
 5.3814959580662192e-01   62   62   11   11
 3.7509268558048092e-01   62   62   12   12
 5.1021579824857077e-01   62   62   13   13
 5.0925922557258196e-01   62   62   14   14
 4.9362001242374443e-01   62   62   15   15
 4.7343196087812828e-01   62   62   16   16
 4.4649894705391252e-01   62   62   17   17
 4.3688678235165790e-01   62   62   18   18
 4.5165987517844985e-01   62   62   19   19
 4.7948445750771923e-01   62   62   20   20
 7.6083907905681425e-01   62   62   21   21
 7.0884440433076279e-01   62   62   22   22
 6.6198955262102366e-01   62   62   23   23
 6.2343922491501869e-01   62   62   24   24
 6.2176168197078607e-01   62   62   25   25
 6.5788641893557664e-01   62   62   26   26
 7.0354581941510108e-01   62   62   27   27
 8.5535843537293421e-01   62   62   28   28
 9.0623588518124554e-01   62   62   29   29
 1.0331330852461358e+00   62   62   30   30
 1.1258980582703926e+00   62   62   31   31
 1.0350193628690096e+00   62   62   32   32
 9.0759959357167974e-01   62   62   33   33
 6.2453851451888875e-01   62   62   34   34
 5.9045376869791277e-01   62   62   35   35
 5.6187308400406821e-01   62   62   36   36
 5.6519057166832176e-01   62   62   37   37
 5.9499469828930618e-01   62   62   38   38
 6.2781343490766617e-01   62   62   39   39
 5.4018839560751875e-01   62   62   40   40
 5.8208381241610119e-01   62   62   41   41
 5.8974692167021292e-01   62   62   42   42
 4.5589845939183160e-01   62   62   43   43
 5.5215129028670662e-01   62   62   44   44
 5.1603328349750188e-01   62   62   45   45
 5.1165747733858569e-01   62   62   46   46
 4.2849516523587372e-01   62   62   47   47
 4.4605712842855494e-01   62   62   48   48
 4.7195362181151829e-01   62   62   49   49
 4.3282854861426256e-01   62   62   50   50
 2.7607904724091648e+00   62   62   51   51
 4.9981355791930515e-01   62   62   52   52
 4.0826696987756617e-01   62   62   53   53
 3.8724652771509777e-01   62   62   54   54
 3.7193649226604725e-01   62   62   55   55
 5.6433750961647600e-01   62   62   56   56
 5.0739766736057546e-01   62   62   57   57
 3.9385776844985848e-01   62   62   58   58
 5.2043421172155646e-01   62   62   59   59
 4.1200805783663685e-01   62   62   60   60
 2.7573930303019969e+00   62   62   61   61
 8.4208384499999998e+00   62   62   62   62
 7.0629741681333091e-01   63   63    1    1
 6.7814891289576529e-01   63   63    2    2
 6.2479919378645077e-01   63   63    3    3
 6.0191095922783378e-01   63   63    4    4
 6.2279824100530423e-01   63   63    5    5
 6.7466388386153042e-01   63   63    6    6
 5.0705555505409650e-01   63   63    7    7
 5.1395325099427491e-01   63   63    8    8
 5.4339177756920753e-01   63   63    9    9
 5.4781176716993352e-01   63   63   10   10
 5.2100621099864197e-01   63   63   11   11
 3.6257052152935909e-01   63   63   12   12
 4.9449054560081485e-01   63   63   13   13
 4.9185553372272572e-01   63   63   14   14
 4.7346205867683105e-01   63   63   15   15
 4.5439522616334788e-01   63   63   16   16
 4.2907109290908124e-01   63   63   17   17
 4.2011378312531023e-01   63   63   18   18
 4.3419309097705205e-01   63   63   19   19
 4.6039082874853338e-01   63   63   20   20
 7.0355124683027381e-01   63   63   21   21
 6.5901971088259681e-01   63   63   22   22
 6.2106580131626077e-01   63   63   23   23
 5.8731582142918570e-01   63   63   24   24
 5.8410438100261119e-01   63   63   25   25
 6.1337327338037562e-01   63   63   26   26
 6.5198795871613768e-01   63   63   27   27
 7.8232834481354863e-01   63   63   28   28
 8.2946416612292218e-01   63   63   29   29
 9.3384453630053643e-01   63   63   30   30
 9.9816724252023492e-01   63   63   31   31
 9.2078108731333397e-01   63   63   32   32
 8.2059096242085749e-01   63   63   33   33
 5.9315536841970851e-01   63   63   34   34
 5.6336510105019444e-01   63   63   35   35
 5.3565325453010748e-01   63   63   36   36
 5.3613550997888160e-01   63   63   37   37
 5.6169356448074115e-01   63   63   38   38
 5.9266835367434745e-01   63   63   39   39
 5.1162466965460052e-01   63   63   40   40
 5.4962342896856742e-01   63   63   41   41
 5.5789580745215550e-01   63   63   42   42
 4.5062156198988645e-01   63   63   43   43
 5.2475777824731307e-01   63   63   44   44
 4.9141650447440050e-01   63   63   45   45
 4.8644399651491965e-01   63   63   46   46
 4.2160998804580879e-01   63   63   47   47
 4.3772673835001752e-01   63   63   48   48
 4.6340740922058105e-01   63   63   49   49
 4.2726394834957288e-01   63   63   50   50
 3.8574588522337674e+00   63   63   51   51
 4.9758528188984741e-01   63   63   52   52
 3.9230387662147737e-01   63   63   53   53
 3.7265416970212140e-01   63   63   54   54
 3.5892387896786826e-01   63   63   55   55
 5.6277561271570986e-01   63   63   56   56
 5.0765872558941671e-01   63   63   57   57
 3.8039507080963986e-01   63   63   58   58
 5.1579364063854105e-01   63   63   59   59
 3.9668237597841288e-01   63   63   60   60
 2.5010312347574950e+00   63   63   61   61
 3.8587322271161653e+00   63   63   62   62
 8.4208384499999998e+00   63   63   63   63
 5.6830078257128891e-01   64   64    1    1
 5.2806796687424495e-01   64   64    2    2
 5.1795141451643201e-01   64   64    3    3
 5.4127522402386763e-01   64   64    4    4
 5.8443341031821927e-01   64   64    5    5
 6.0042103879685194e-01   64   64    6    6
 6.9031489395441603e-01   64   64    7    7
 7.6477690165773216e-01   64   64    8    8
 8.1645526218862641e-01   64   64    9    9
 9.1752618099339844e-01   64   64   10   10
 9.6789124584115727e-01   64   64   11   11
 4.7794388666735860e-01   64   64   12   12
 8.8716020463591927e-01   64   64   13   13
 7.9552908122315935e-01   64   64   14   14
 6.4120961115810526e-01   64   64   15   15
 6.3036276861656726e-01   64   64   16   16
 5.8617632043779333e-01   64   64   17   17
 5.5573968784126737e-01   64   64   18   18
 5.6271360910829837e-01   64   64   19   19
 6.0152041138772361e-01   64   64   20   20
 5.0148169121547481e-01   64   64   21   21
 4.6866866953658970e-01   64   64   22   22
 4.6037826806056603e-01   64   64   23   23
 4.3339821516424343e-01   64   64   24   24
 4.1537790295295834e-01   64   64   25   25
 4.2077948316185448e-01   64   64   26   26
 4.4535290435531893e-01   64   64   27   27
 5.0956073179989514e-01   64   64   28   28
 5.0040061110205825e-01   64   64   29   29
 5.0562467432822988e-01   64   64   30   30
 5.2103572400066878e-01   64   64   31   31
 5.3076772885807788e-01   64   64   32   32
 5.2479660291786279e-01   64   64   33   33
 6.5881629085160331e-01   64   64   34   34
 6.8974843849413414e-01   64   64   35   35
 6.6883499557988269e-01   64   64   36   36
 6.2252978457274444e-01   64   64   37   37
 5.9968402177519242e-01   64   64   38   38
 6.1460873004713545e-01   64   64   39   39
 3.8063628924349840e-01   64   64   40   40
 3.9187333801511259e-01   64   64   41   41
 3.8200697685117740e-01   64   64   42   42
 1.5383797241669181e+00   64   64   43   43
 3.6319039692039451e-01   64   64   44   44
 3.5401109067228242e-01   64   64   45   45
 3.6200323803030893e-01   64   64   46   46
 1.1233234429796584e+00   64   64   47   47
 1.1334346200908503e+00   64   64   48   48
 1.3063164504177112e+00   64   64   49   49
 1.2716317959076073e+00   64   64   50   50
 5.1926429085295622e-01   64   64   51   51
 2.7607854859945702e+00   64   64   52   52
 4.8984298504242074e-01   64   64   53   53
 4.6146226371973770e-01   64   64   54   54
 4.5596559151802668e-01   64   64   55   55
 3.8574953255057753e+00   64   64   56   56
 3.8573958324378550e+00   64   64   57   57
 5.1017608643408685e-01   64   64   58   58
 2.5030820082479202e+00   64   64   59   59
 5.1716882779098150e-01   64   64   60   60
 4.9922789659229422e-01   64   64   61   61
 5.3816778602179105e-01   64   64   62   62
 5.3921845713768379e-01   64   64   63   63
 8.4208384499999998e+00   64   64   64   64
 7.9915015622963259e-01   65   65    1    1
 7.7407912149674618e-01   65   65    2    2
 7.0547671780331600e-01   65   65    3    3
 6.7032253184354440e-01   65   65    4    4
 6.8832524567374298e-01   65   65    5    5
 7.5007384316311221e-01   65   65    6    6
 5.3433848910890369e-01   65   65    7    7
 5.3674967686204245e-01   65   65    8    8
 5.6648831557538215e-01   65   65    9    9
 5.6506658100951168e-01   65   65   10   10
 5.3354827494203905e-01   65   65   11   11
 3.7964379343862548e-01   65   65   12   12
 5.0795906498458199e-01   65   65   13   13
 5.0963307132595115e-01   65   65   14   14
 4.9883036099807337e-01   65   65   15   15
 4.7714859047775898e-01   65   65   16   16
 4.5054118852829483e-01   65   65   17   17
 4.4228954180202784e-01   65   65   18   18
 4.5842133228990367e-01   65   65   19   19
 4.8640897991391829e-01   65   65   20   20
 8.1727734877826874e-01   65   65   21   21
 7.6337829989004047e-01   65   65   22   22
 7.1003697032096535e-01   65   65   23   23
 6.6906511500426447e-01   65   65   24   24
 6.6974585563317290e-01   65   65   25   25
 7.1140903172129399e-01   65   65   26   26
 7.6113998502263736e-01   65   65   27   27
 9.2868026865434028e-01   65   65   28   28
 9.9884929033017500e-01   65   65   29   29
 1.1591288570033171e+00   65   65   30   30
 1.2609193449847518e+00   65   65   31   31
 1.1304650738665984e+00   65   65   32   32
 9.8090876131023486e-01   65   65   33   33
 6.3888698364986896e-01   65   65   34   34
 5.9996879982507911e-01   65   65   35   35
 5.6991084016554361e-01   65   65   36   36
 5.7559518845216662e-01   65   65   37   37
 6.0979422859303489e-01   65   65   38   38
 6.4547371937948306e-01   65   65   39   39
 5.7729844931410734e-01   65   65   40   40
 6.2606655998503491e-01   65   65   41   41
 6.3733609284120718e-01   65   65   42   42
 4.4349733791690338e-01   65   65   43   43
 5.9472139627988108e-01   65   65   44   44
 5.5250825372445111e-01   65   65   45   45
 5.4603614256318889e-01   65   65   46   46
 4.1902570116616678e-01   65   65   47   47
 4.3697714273699378e-01   65   65   48   48
 4.6160365240278123e-01   65   65   49   49
 4.2192944634334367e-01   65   65   50   50
 2.5042678983277633e+00   65   65   51   51
 4.8437784664667499e-01   65   65   52   52
 4.1436793452699067e-01   65   65   53   53
 3.9310052359908104e-01   65   65   54   54
 3.7704651207389234e-01   65   65   55   55
 5.4139206935077422e-01   65   65   56   56
 4.8995110455070956e-01   65   65   57   57
 3.9842851704688881e-01   65   65   58   58
 5.0409254679249982e-01   65   65   59   59
 4.1736422799965783e-01   65   65   60   60
 3.8559913411053874e+00   65   65   61   61
 3.8564012053698260e+00   65   65   62   62
 2.7650923763192110e+00   65   65   63   63
 5.1704990960723796e-01   65   65   64   64
 8.4208384499999998e+00   65   65   65   65
 6.2096133352579452e-01   66   66    1    1
 5.7530603561120952e-01   66   66    2    2
 5.6737996315934736e-01   66   66    3    3
 5.9804867980224641e-01   66   66    4    4
 6.4940520560548665e-01   66   66    5    5
 6.6301281990128014e-01   66   66    6    6
 8.0112439186767714e-01   66   66    7    7
 9.0476102681287429e-01   66   66    8    8
 9.8593387922725140e-01   66   66    9    9
 1.1410227332457470e+00   66   66   10   10
 1.2077119853449296e+00   66   66   11   11
 5.2725094064411182e-01   66   66   12   12
 1.0700293207209501e+00   66   66   13   13
 9.4027903734690665e-01   66   66   14   14
 7.3663890545779320e-01   66   66   15   15
 7.2745728823886502e-01   66   66   16   16
 6.6896526577541360e-01   66   66   17   17
 6.2646217920438718e-01   66   66   18   18
 6.3174814922397138e-01   66   66   19   19
 6.8031634466751989e-01   66   66   20   20
 5.4181177820989845e-01   66   66   21   21
 5.0348127472305515e-01   66   66   22   22
 4.9265588406147182e-01   66   66   23   23
 4.6154650853793755e-01   66   66   24   24
 4.4182683349861818e-01   66   66   25   25
 4.4890949284392900e-01   66   66   26   26
 4.7738336394434050e-01   66   66   27   27
 5.4909881007020744e-01   66   66   28   28
 5.3412578535354827e-01   66   66   29   29
 5.3759200337212454e-01   66   66   30   30
 5.5692437467230527e-01   66   66   31   31
 5.7325762257299318e-01   66   66   32   32
 5.6907417320712050e-01   66   66   33   33
 7.4266595837208405e-01   66   66   34   34
 7.8699147589042884e-01   66   66   35   35
 7.6903357440927733e-01   66   66   36   36
 7.1160484720883221e-01   66   66   37   37
 6.7871276418691695e-01   66   66   38   38
 6.9093843239649633e-01   66   66   39   39
 4.0342314026192100e-01   66   66   40   40
 4.1495948338317690e-01   66   66   41   41
 4.0249685748808994e-01   66   66   42   42
 1.8750046293135485e+00   66   66   43   43
 3.8147848920743821e-01   66   66   44   44
 3.7224013394160838e-01   66   66   45   45
 3.8221905620564794e-01   66   66   46   46
 1.3461199153247514e+00   66   66   47   47
 1.4123118771267553e+00   66   66   48   48
 1.7167977863980548e+00   66   66   49   49
 1.4961666030010869e+00   66   66   50   50
 5.2554497289308799e-01   66   66   51   51
 2.7576929065550306e+00   66   66   52   52
 5.4572368417238060e-01   66   66   53   53
 5.1056574279224753e-01   66   66   54   54
 5.0228429792364981e-01   66   66   55   55
 3.8592290493997163e+00   66   66   56   56
 2.5010578136540493e+00   66   66   57   57
 5.6676680838529059e-01   66   66   58   58
 3.8557311799296650e+00   66   66   59   59
 5.7786741090976568e-01   66   66   60   60
 5.1199148114127224e-01   66   66   61   61
 5.5377336453571069e-01   66   66   62   62
 5.4893756116085857e-01   66   66   63   63
 2.7608425134823360e+00   66   66   64   64
 5.3372339302790539e-01   66   66   65   65
 8.4208384499999998e+00   66   66   66   66
 1.2275125767907638e+00   67   67    1    1
 1.1772430598468728e+00   67   67    2    2
 1.0195793984572850e+00   67   67    3    3
 9.4099577112534305e-01   67   67    4    4
 9.6854124093723992e-01   67   67    5    5
 1.0970448284005438e+00   67   67    6    6
 6.6206501067548940e-01   67   67    7    7
 6.5496221620182937e-01   67   67    8    8
 6.8928421091160930e-01   67   67    9    9
 6.7401005815425752e-01   67   67   10   10
 6.2784089839275181e-01   67   67   11   11
 4.4676437758490090e-01   67   67   12   12
 6.0061373742417479e-01   67   67   13   13
 6.1220609829728456e-01   67   67   14   14
 6.1207907162103081e-01   67   67   15   15
 5.7612600713225659e-01   67   67   16   16
 5.4016245809836894e-01   67   67   17   17
 5.3320424582011294e-01   67   67   18   18
 5.5989719028437035e-01   67   67   19   19
 6.0005326604416431e-01   67   67   20   20
 1.2822127423658121e+00   67   67   21   21
 1.1478973860121269e+00   67   67   22   22
 1.0356313257776510e+00   67   67   23   23
 9.4215354569769516e-01   67   67   24   24
 9.2932795932871004e-01   67   67   25   25
 1.0022935143723120e+00   67   67   26   26
 1.1176370848392998e+00   67   67   27   27
 1.5707401318763174e+00   67   67   28   28
 1.7864791244296618e+00   67   67   29   29
 2.3409778921971283e+00   67   67   30   30
 2.6990705898197747e+00   67   67   31   31
 2.0672931095823932e+00   67   67   32   32
 1.6654485378972801e+00   67   67   33   33
 8.5362011712061248e-01   67   67   34   34
 7.7606204451739824e-01   67   67   35   35
 7.2467388100011387e-01   67   67   36   36
 7.3870893945149274e-01   67   67   37   37
 8.0448787259739529e-01   67   67   38   38
 8.7374182322478555e-01   67   67   39   39
 7.5497644284296828e-01   67   67   40   40
 8.3739914087620115e-01   67   67   41   41
 8.4220330434967383e-01   67   67   42   42
 4.7615467392125427e-01   67   67   43   43
 7.6144476248998438e-01   67   67   44   44
 6.9807467856820193e-01   67   67   45   45
 6.9667742468934102e-01   67   67   46   46
 4.5464319824005045e-01   67   67   47   47
 4.7978075479580623e-01   67   67   48   48
 5.0804827243075834e-01   67   67   49   49
 4.5323090016683532e-01   67   67   50   50
 1.2756230290526065e+00   67   67   51   51
 5.1786809544252121e-01   67   67   52   52
 4.9563609771884215e-01   67   67   53   53
 4.6632421147925490e-01   67   67   54   54
 4.4400339037627290e-01   67   67   55   55
 5.6801887977816568e-01   67   67   56   56
 5.1676306924441129e-01   67   67   57   57
 4.7192643330407841e-01   67   67   58   58
 5.4231247358128376e-01   67   67   59   59
 4.9884389539540064e-01   67   67   60   60
 1.6783961248661665e+00   67   67   61   61
 1.5050183800989103e+00   67   67   62   62
 1.3068909266460065e+00   67   67   63   63
 5.3994225281879460e-01   67   67   64   64
 1.7572956946206741e+00   67   67   65   65
 5.6926836970786709e-01   67   67   66   66
 8.4208384499999998e+00   67   67   67   67
 1.2990136673635135e+00   68   68    1    1
 1.2777205549169686e+00   68   68    2    2
 1.1049006891510889e+00   68   68    3    3
 1.0056956387926321e+00   68   68    4    4
 1.0197792067664160e+00   68   68    5    5
 1.1457767442928739e+00   68   68    6    6
 6.7698581406993452e-01   68   68    7    7
 6.6509414750240592e-01   68   68    8    8
 6.9978421115473466e-01   68   68    9    9
 6.7918358853718930e-01   68   68   10   10
 6.2922990168427917e-01   68   68   11   11
 4.5780433628427619e-01   68   68   12   12
 6.0270290699476226e-01   68   68   13   13
 6.1774457446709952e-01   68   68   14   14
 6.2733056783452723e-01   68   68   15   15
 5.9144357868034791e-01   68   68   16   16
 5.5516204465820085e-01   68   68   17   17
 5.4796138021783736e-01   68   68   18   18
 5.7460530050883862e-01   68   68   19   19
 6.1490108185630921e-01   68   68   20   20
 1.4203105833632499e+00   68   68   21   21
 1.2612252932840367e+00   68   68   22   22
 1.1075472446431800e+00   68   68   23   23
 1.0022806752657898e+00   68   68   24   24
 1.0002086585141259e+00   68   68   25   25
 1.1024611901407428e+00   68   68   26   26
 1.2490660909916136e+00   68   68   27   27
 1.7999003361734305e+00   68   68   28   28
 2.0030958239863978e+00   68   68   29   29
 2.6982180104288989e+00   68   68   30   30
 3.7210100569106626e+00   68   68   31   31
 2.6879649625085480e+00   68   68   32   32
 1.9997527624328717e+00   68   68   33   33
 8.7437683737891081e-01   68   68   34   34
 7.9139897151860505e-01   68   68   35   35
 7.4454771265740760e-01   68   68   36   36
 7.6814742737715391e-01   68   68   37   37
 8.4345392353786974e-01   68   68   38   38
 9.1018288734740904e-01   68   68   39   39
 8.0205171162833633e-01   68   68   40   40
 8.9260130537762628e-01   68   68   41   41
 8.9208231663733861e-01   68   68   42   42
 4.7072248784420317e-01   68   68   43   43
 8.0076144085413614e-01   68   68   44   44
 7.3364661516769181e-01   68   68   45   45
 7.3537596905872937e-01   68   68   46   46
 4.5264423650639007e-01   68   68   47   47
 4.7817565574855109e-01   68   68   48   48
 5.0465828382041467e-01   68   68   49   49
 4.4960089382906071e-01   68   68   50   50
 1.1245761582572200e+00   68   68   51   51
 5.0585620453857993e-01   68   68   52   52
 5.1207664868421232e-01   68   68   53   53
 4.8153019027762661e-01   68   68   54   54
 4.5665196443887562e-01   68   68   55   55
 5.5237334790910086e-01   68   68   56   56
 5.0254243647988017e-01   68   68   57   57
 4.8330853137235863e-01   68   68   58   58
 5.3128395391881078e-01   68   68   59   59
 5.1298235787356283e-01   68   68   60   60
 1.4540735222574970e+00   68   68   61   61
 1.3481432508166356e+00   68   68   62   62
 1.1652302896947624e+00   68   68   63   63
 5.2381123798275520e-01   68   68   64   64
 1.5506660246759447e+00   68   68   65   65
 5.5661341260178576e-01   68   68   66   66
 3.8331370527179875e+00   68   68   67   67
 8.4208384499999998e+00   68   68   68   68
 1.1458839860496572e+00   69   69    1    1
 1.1449651916936201e+00   69   69    2    2
 1.0161841987934805e+00   69   69    3    3
 9.3123482083679343e-01   69   69    4    4
 9.3587729725532676e-01   69   69    5    5
 1.0292694335364627e+00   69   69    6    6
 6.4352346445104980e-01   69   69    7    7
 6.3320318366561201e-01   69   69    8    8
 6.6759788923188790e-01   69   69    9    9
 6.4948885145618229e-01   69   69   10   10
 6.0178284782404268e-01   69   69   11   11
 4.4320110811800340e-01   69   69   12   12
 5.7544928685054142e-01   69   69   13   13
 5.8861160464634810e-01   69   69   14   14
 5.9903723700606737e-01   69   69   15   15
 5.6889100092374378e-01   69   69   16   16
 5.3559765951164440e-01   69   69   17   17
 5.2725849692786886e-01   69   69   18   18
 5.4956600336460759e-01   69   69   19   19
 5.8550511269670658e-01   69   69   20   20
 1.2628598667591668e+00   69   69   21   21
 1.1438636716699560e+00   69   69   22   22
 1.0052268786794736e+00   69   69   23   23
 9.2291136239043625e-01   69   69   24   24
 9.3514481082001000e-01   69   69   25   25
 1.0386140153435912e+00   69   69   26   26
 1.1616281791851815e+00   69   69   27   27
 1.5509409979779005e+00   69   69   28   28
 1.6538478918099511e+00   69   69   29   29
 2.0663095719892555e+00   69   69   30   30
 2.6908867094629780e+00   69   69   31   31
 2.3105331224416505e+00   69   69   32   32
 1.7608367044861764e+00   69   69   33   33
 8.0817509718831293e-01   69   69   34   34
 7.3895205682875942e-01   69   69   35   35
 7.0307683468254156e-01   69   69   36   36
 7.2842655992736405e-01   69   69   37   37
 7.9489180350592825e-01   69   69   38   38
 8.4487442578041760e-01   69   69   39   39
 7.6401946707464274e-01   69   69   40   40
 8.4408677412981037e-01   69   69   41   41
 8.4556025869662221e-01   69   69   42   42
 4.5850172044121856e-01   69   69   43   43
 7.6562051828935895e-01   69   69   44   44
 7.0448844113699760e-01   69   69   45   45
 7.0500617272883648e-01   69   69   46   46
 4.4166661792235734e-01   69   69   47   47
 4.6534345795117865e-01   69   69   48   48
 4.8972251720930987e-01   69   69   49   49
 4.3885425846756582e-01   69   69   50   50
 1.1349406478916630e+00   69   69   51   51
 4.8919551063786787e-01   69   69   52   52
 4.9596186257221364e-01   69   69   53   53
 4.6754386408967430e-01   69   69   54   54
 4.4318971168919341e-01   69   69   55   55
 5.3595248455998923e-01   69   69   56   56
 4.8629645366636043e-01   69   69   57   57
 4.6667389500771689e-01   69   69   58   58
 5.1423485506431843e-01   69   69   59   59
 4.9527184313792921e-01   69   69   60   60
 1.4820522619706427e+00   69   69   61   61
 1.4133429102648225e+00   69   69   62   62
 1.1950392977500290e+00   69   69   63   63
 5.0765208741135803e-01   69   69   64   64
 1.6330881819436580e+00   69   69   65   65
 5.3971603820114633e-01   69   69   66   66
 2.7516502834954268e+00   69   69   67   67
 3.8580186550638556e+00   69   69   68   68
 8.4208384499999998e+00   69   69   69   69
 1.0555235244402330e+00   70   70    1    1
 1.0132804540338891e+00   70   70    2    2
 8.9533146764319493e-01   70   70    3    3
 8.3678501564271268e-01   70   70    4    4
 8.6238802612620946e-01   70   70    5    5
 9.6377287125620481e-01   70   70    6    6
 6.1924756883951193e-01   70   70    7    7
 6.1668992970102721e-01   70   70    8    8
 6.5034665689376470e-01   70   70    9    9
 6.4112278177876925e-01   70   70   10   10
 5.9992278019022915e-01   70   70   11   11
 4.2408627557168860e-01   70   70   12   12
 5.7239501068083831e-01   70   70   13   13
 5.7973664529787539e-01   70   70   14   14
 5.7383902204953219e-01   70   70   15   15
 5.4296755000956431e-01   70   70   16   16
 5.0997340162228555e-01   70   70   17   17
 5.0226834119079200e-01   70   70   18   18
 5.2514422671048122e-01   70   70   19   19
 5.6121126326717696e-01   70   70   20   20
 1.0880730006115971e+00   70   70   21   21
 9.9117663247993282e-01   70   70   22   22
 9.0635735319315724e-01   70   70   23   23
 8.3624909231216449e-01   70   70   24   24
 8.2918454811463149e-01   70   70   25   25
 8.8841459378327525e-01   70   70   26   26
 9.7401973673543618e-01   70   70   27   27
 1.2905869600685997e+00   70   70   28   28
 1.4346474035939483e+00   70   70   29   29
 1.7805631406309697e+00   70   70   30   30
 1.9977863919323706e+00   70   70   31   31
 1.6513890095220403e+00   70   70   32   32
 1.3682223479392206e+00   70   70   33   33
 7.7753602317558579e-01   70   70   34   34
 7.1556767682698397e-01   70   70   35   35
 6.7147891119540581e-01   70   70   36   36
 6.8124761712651549e-01   70   70   37   37
 7.3401457310869289e-01   70   70   38   38
 7.9038564282656087e-01   70   70   39   39
 6.8879856402968942e-01   70   70   40   40
 7.5803533033994452e-01   70   70   41   41
 7.6681848426543497e-01   70   70   42   42
 4.6898032669311002e-01   70   70   43   43
 7.0147646890974369e-01   70   70   44   44
 6.4565505646593646e-01   70   70   45   45
 6.4158778125672422e-01   70   70   46   46
 4.4565039943384915e-01   70   70   47   47
 4.6859958209467500e-01   70   70   48   48
 4.9630270540828447e-01   70   70   49   49
 4.4592694943878319e-01   70   70   50   50
 1.5431387869243991e+00   70   70   51   51
 5.1201552126033989e-01   70   70   52   52
 4.6762430942276823e-01   70   70   53   53
 4.4110845143478028e-01   70   70   54   54
 4.2115991189748608e-01   70   70   55   55
 5.6604380284796862e-01   70   70   56   56
 5.1346260441869696e-01   70   70   57   57
 4.4713538549586723e-01   70   70   58   58
 5.3518678867124658e-01   70   70   59   59
 4.7106751620410064e-01   70   70   60   60
 2.1616251032224105e+00   70   70   61   61
 1.8918184720037665e+00   70   70   62   62
 1.5920054308788385e+00   70   70   63   63
 5.3866838798645200e-01   70   70   64   64
 2.3210371268131014e+00   70   70   65   65
 5.6388991559787216e-01   70   70   66   66
 3.8683657347608738e+00   70   70   67   67
 2.7383628736654231e+00   70   70   68   68
 2.4698306437604471e+00   70   70   69   69
 8.4208384499999998e+00   70   70   70   70
 9.7176590078432101e-01   71   71    1    1
 9.4661386004138359e-01   71   71    2    2
 8.4844591499887290e-01   71   71    3    3
 7.9408713023941258e-01   71   71    4    4
 8.1144561977028751e-01   71   71    5    5
 8.9351286213008652e-01   71   71    6    6
 5.9358195666576452e-01   71   71    7    7
 5.9115561649852699e-01   71   71    8    8
 6.2437952484102077e-01   71   71    9    9
 6.1595576162577570e-01   71   71   10   10
 5.7593161253283920e-01   71   71   11   11
 4.1253446455401699e-01   71   71   12   12
 5.4887811885130100e-01   71   71   13   13
 5.5552079480023164e-01   71   71   14   14
 5.5217677970522971e-01   71   71   15   15
 5.2553592195663845e-01   71   71   16   16
 4.9484905072750490e-01   71   71   17   17
 4.8637647837655601e-01   71   71   18   18
 5.0606720058799226e-01   71   71   19   19
 5.3886451787932099e-01   71   71   20   20
 1.0170388327817053e+00   71   71   21   21
 9.3481297453431611e-01   71   71   22   22
 8.5045534947407764e-01   71   71   23   23
 7.9072587364334401e-01   71   71   24   24
 7.9325123785527263e-01   71   71   25   25
 8.5672517647367341e-01   71   71   26   26
 9.3436855195828783e-01   71   71   27   27
 1.1975653892565374e+00   71   71   28   28
 1.3008268216300412e+00   71   71   29   29
 1.5829354770077171e+00   71   71   30   30
 1.8232770495124335e+00   71   71   31   31
 1.5691874658851013e+00   71   71   32   32
 1.2935697382055957e+00   71   71   33   33
 7.3067746128128086e-01   71   71   34   34
 6.7659665378125211e-01   71   71   35   35
 6.4100353012783950e-01   71   71   36   36
 6.5362058166420389e-01   71   71   37   37
 7.0214080337041385e-01   71   71   38   38
 7.4751121136190413e-01   71   71   39   39
 6.6566131145420637e-01   71   71   40   40
 7.2944565528540861e-01   71   71   41   41
 7.3852455829300445e-01   71   71   42   42
 4.5664047418608239e-01   71   71   43   43
 6.7897636126845917e-01   71   71   44   44
 6.2672753274780146e-01   71   71   45   45
 6.2230615327246142e-01   71   71   46   46
 4.3497463150636112e-01   71   71   47   47
 4.5632225076343380e-01   71   71   48   48
 4.8186347677988273e-01   71   71   49   49
 4.3521896200947024e-01   71   71   50   50
 1.5712266889965376e+00   71   71   51   51
 4.9441911796155458e-01   71   71   52   52
 4.5546149462033075e-01   71   71   53   53
 4.3046773610418121e-01   71   71   54   54
 4.1068317594752324e-01   71   71   55   55
 5.4794402878059179e-01   71   71   56   56
 4.9579031073296004e-01   71   71   57   57
 4.3400826590214003e-01   71   71   58   58
 5.1742186970148485e-01   71   71   59   59
 4.5742207990092121e-01   71   71   60   60
 2.2757550382023339e+00   71   71   61   61
 2.1076570791112306e+00   71   71   62   62
 1.6748909655937825e+00   71   71   63   63
 5.2069805178703588e-01   71   71   64   64
 2.6960986214230944e+00   71   71   65   65
 5.4592893937470388e-01   71   71   66   66
 2.7893453122567071e+00   71   71   67   67
 2.5091918572179477e+00   71   71   68   68
 2.7512705736702268e+00   71   71   69   69
 3.8531337653861639e+00   71   71   70   70
 8.4208384499999998e+00   71   71   71   71
 1.0023974574265473e+00   72   72    1    1
 9.9243921084312670e-01   72   72    2    2
 8.9268051388233383e-01   72   72    3    3
 8.2943327232331110e-01   72   72    4    4
 8.3857805567021537e-01   72   72    5    5
 9.1652784505060103e-01   72   72    6    6
 6.0340023266126752e-01   72   72    7    7
 5.9779008051244265e-01   72   72    8    8
 6.3133544011505094e-01   72   72    9    9
 6.1918550975720243e-01   72   72   10   10
 5.7639153516662756e-01   72   72   11   11
 4.2074985763471845e-01   72   72   12   12
 5.4987043664748647e-01   72   72   13   13
 5.5898059378905474e-01   72   72   14   14
 5.6253315357503253e-01   72   72   15   15
 5.3642161810912781e-01   72   72   16   16
 5.0571027651519007e-01   72   72   17   17
 4.9689695506274406e-01   72   72   18   18
 5.1617345096231348e-01   72   72   19   19
 5.4877798068561101e-01   72   72   20   20
 1.0764862999176998e+00   72   72   21   21
 9.8888988280865642e-01   72   72   22   22
 8.8608433597636449e-01   72   72   23   23
 8.2301504876771225e-01   72   72   24   24
 8.3370202044689357e-01   72   72   25   25
 9.1381584795930959e-01   72   72   26   26
 1.0029477131858404e+00   72   72   27   27
 1.2804868315867448e+00   72   72   28   28
 1.3671500453380443e+00   72   72   29   29
 1.6614131092559952e+00   72   72   30   30
 2.0006345610680007e+00   72   72   31   31
 1.7618813159832949e+00   72   72   32   32
 1.4182433489908353e+00   72   72   33   33
 7.4209141583631566e-01   72   72   34   34
 6.8550387685454806e-01   72   72   35   35
 6.5356075355692411e-01   72   72   36   36
 6.7255583546405939e-01   72   72   37   37
 7.2609425534793082e-01   72   72   38   38
 7.6821744798282598e-01   72   72   39   39
 6.9592228519403498e-01   72   72   40   40
 7.6339561597432137e-01   72   72   41   41
 7.6993098111473768e-01   72   72   42   42
 4.5159097251267133e-01   72   72   43   43
 7.0526183374901030e-01   72   72   44   44
 6.5110804328887950e-01   72   72   45   45
 6.4836899220173638e-01   72   72   46   46
 4.3296762661109944e-01   72   72   47   47
 4.5464212655078157e-01   72   72   48   48
 4.7864229280050591e-01   72   72   49   49
 4.3176577586220194e-01   72   72   50   50
 1.3074525361116944e+00   72   72   51   51
 4.8365618473384203e-01   72   72   52   52
 4.6759010006290569e-01   72   72   53   53
 4.4187235487161219e-01   72   72   54   54
 4.2020493132006703e-01   72   72   55   55
 5.3359980458460743e-01   72   72   56   56
 4.8293896816200177e-01   72   72   57   57
 4.4233705274588242e-01   72   72   58   58
 5.0751598308107959e-01   72   72   59   59
 4.6771666130778178e-01   72   72   60   60
 1.7750186108162367e+00   72   72   61   61
 1.7163891630456729e+00   72   72   62   62
 1.3981005216770286e+00   72   72   63   63
 5.0594427886936200e-01   72   72   64   64
 2.0499931280031034e+00   72   72   65   65
 5.3444401452469270e-01   72   72   66   66
 2.5069396967871818e+00   72   72   67   67
 2.7678350374837870e+00   72   72   68   68
 3.8541830432030282e+00   72   72   69   69
 2.7316175749191882e+00   72   72   70   70
 3.8303325633754377e+00   72   72   71   71
 8.4208384499999998e+00   72   72   72   72
 8.1925508173468620e-01   73   73    1    1
 8.0837668281086550e-01   73   73    2    2
 7.4138911275791619e-01   73   73    3    3
 6.9944461422764681e-01   73   73    4    4
 7.0901950294521443e-01   73   73    5    5
 7.6489384199761012e-01   73   73    6    6
 5.4162302812952101e-01   73   73    7    7
 5.4062027611095542e-01   73   73    8    8
 5.7117838242128216e-01   73   73    9    9
 5.6561961272005734e-01   73   73   10   10
 5.3042823327571242e-01   73   73   11   11
 3.8725244772319384e-01   73   73   12   12
 5.0520501137820484e-01   73   73   13   13
 5.0972346104333210e-01   73   73   14   14
 5.0722021589704336e-01   73   73   15   15
 4.8707785319991337e-01   73   73   16   16
 4.6079001097155281e-01   73   73   17   17
 4.5178004281805062e-01   73   73   18   18
 4.6667431644627183e-01   73   73   19   19
 4.9390409104880184e-01   73   73   20   20
 8.6165142974920461e-01   73   73   21   21
 8.0568837655877668e-01   73   73   22   22
 7.3683845244109147e-01   73   73   23   23
 6.9460953873818410e-01   73   73   24   24
 7.0473853370700390e-01   73   73   25   25
 7.6172755408302628e-01   73   73   26   26
 8.1839231190889394e-01   73   73   27   27
 9.8771413765912797e-01   73   73   28   28
 1.0438365830013383e+00   73   73   29   29
 1.2129227966502589e+00   73   73   30   30
 1.3705894602623570e+00   73   73   31   31
 1.2563096150897288e+00   73   73   32   32
 1.0700434953304507e+00   73   73   33   33
 6.4478762496050213e-01   73   73   34   34
 6.0420811017607068e-01   73   73   35   35
 5.7943383684781546e-01   73   73   36   36
 5.9239236479011337e-01   73   73   37   37
 6.3079143007131477e-01   73   73   38   38
 6.6135736328447403e-01   73   73   39   39
 6.0561900383853040e-01   73   73   40   40
 6.5691343505715016e-01   73   73   41   41
 6.6643331723648369e-01   73   73   42   42
 4.3421893816569485e-01   73   73   43   43
 6.2015865190738406e-01   73   73   44   44
 5.7649621898397663e-01   73   73   45   45
 5.7129584560444868e-01   73   73   46   46
 4.1435554711623923e-01   73   73   47   47
 4.3255425541818532e-01   73   73   48   48
 4.5476758472401058e-01   73   73   49   49
 4.1517191780273749e-01   73   73   50   50
 1.5661188244218853e+00   73   73   51   51
 4.6571893335421627e-01   73   73   52   52
 4.2646854658720251e-01   73   73   53   53
 4.0469735419875252e-01   73   73   54   54
 3.8645740499250669e-01   73   73   55   55
 5.1773732980860010e-01   73   73   56   56
 4.6785768321576698e-01   73   73   57   57
 4.0584846584037398e-01   73   73   58   58
 4.8713121985932051e-01   73   73   59   59
 4.2701610065096718e-01   73   73   60   60
 2.1129101301910294e+00   73   73   61   61
 2.2548168797018344e+00   73   73   62   62
 1.7385805507364258e+00   73   73   63   63
 4.9213595359539797e-01   73   73   64   64
 2.6887203191267783e+00   73   73   65   65
 5.1473830946081967e-01   73   73   66   66
 1.7186586055650162e+00   73   73   67   67
 1.7074846432350523e+00   73   73   68   68
 2.0417964546222747e+00   73   73   69   69
 2.0646610017190685e+00   73   73   70   70
 2.8849804942003989e+00   73   73   71   71
 2.8535415430668900e+00   73   73   72   72
 8.4208384499999998e+00   73   73   73   73
 8.8560560207718408e-01   74   74    1    1
 8.8232705034591397e-01   74   74    2    2
 8.0732131559258413e-01   74   74    3    3
 7.5570692394702976e-01   74   74    4    4
 7.6086179418277633e-01   74   74    5    5
 8.2012552794682458e-01   74   74    6    6
 5.6644304683724855e-01   74   74    7    7
 5.6240189304102683e-01   74   74    8    8
 5.9406280005411982e-01   74   74    9    9
 5.8455451528796498e-01   74   74   10   10
 5.4553952866382427e-01   74   74   11   11
 4.0285420960668294e-01   74   74   12   12
 5.2018630535975707e-01   74   74   13   13
 5.2742088165951850e-01   74   74   14   14
 5.3046308361063654e-01   74   74   15   15
 5.0893165853615641e-01   74   74   16   16
 4.8133810991797105e-01   74   74   17   17
 4.7215375069209153e-01   74   74   18   18
 4.8805295787672587e-01   74   74   19   19
 5.1673014693012354e-01   74   74   20   20
 9.4907600937802650e-01   74   74   21   21
 8.8397331678240110e-01   74   74   22   22
 7.9785108649651293e-01   74   74   23   23
 7.4906702718278473e-01   74   74   24   24
 7.6405975572431872e-01   74   74   25   25
 8.3584731056390749e-01   74   74   26   26
 9.0538930800808182e-01   74   74   27   27
 1.1017192580152517e+00   74   74   28   28
 1.1562640361164640e+00   74   74   29   29
 1.3535738474081909e+00   74   74   30   30
 1.5746473824589382e+00   74   74   31   31
 1.4539456040340235e+00   74   74   32   32
 1.2141733216071857e+00   74   74   33   33
 6.8028594937683140e-01   74   74   34   34
 6.3403207512420512e-01   74   74   35   35
 6.0921275800307850e-01   74   74   36   36
 6.2732942935461988e-01   74   74   37   37
 6.7244695086125084e-01   74   74   38   38
 7.0418263886619503e-01   74   74   39   39
 6.4989332534343336e-01   74   74   40   40
 7.0738209218698245e-01   74   74   41   41
 7.1496228913987869e-01   74   74   42   42
 4.3709529760698601e-01   74   74   43   43
 6.6115499693903357e-01   74   74   44   44
 6.1353414495772407e-01   74   74   45   45
 6.0982919066607177e-01   74   74   46   46
 4.1939381873112902e-01   74   74   47   47
 4.3892341774810167e-01   74   74   48   48
 4.6084669876846079e-01   74   74   49   49
 4.1870198027813577e-01   74   74   50   50
 1.3056982532035772e+00   74   74   51   51
 4.6562385531691114e-01   74   74   52   52
 4.4664000900974637e-01   74   74   53   53
 4.2329623824511253e-01   74   74   54   54
 4.0291620480928614e-01   74   74   55   55
 5.1486909124990676e-01   74   74   56   56
 4.6562036813046248e-01   74   74   57   57
 4.2240649920843665e-01   74   74   58   58
 4.8831789296251882e-01   74   74   59   59
 4.4597112326585558e-01   74   74   60   60
 1.7260222638944327e+00   74   74   61   61
 1.7607056670980239e+00   74   74   62   62
 1.4199393427263285e+00   74   74   63   63
 4.8836475548531411e-01   74   74   64   64
 2.0482619719709150e+00   74   74   65   65
 5.1478427565694429e-01   74   74   66   66
 1.8434831752717598e+00   74   74   67   67
 1.9823149172651051e+00   74   74   68   68
 2.6104612418689443e+00   74   74   69   69
 2.0600918227350258e+00   74   74   70   70
 2.8536596720209024e+00   74   74   71   71
 3.7672827736260635e+00   74   74   72   72
 3.8308026164461224e+00   74   74   73   73
 8.4208384499999998e+00   74   74   74   74
 8.4003917551035201e-01   75   75    1    1
 8.4699512263139920e-01   75   75    2    2
 7.8483309584872674e-01   75   75    3    3
 7.3508731461481414e-01   75   75    4    4
 7.3370121059847870e-01   75   75    5    5
 7.8128178170142115e-01   75   75    6    6
 5.5185185275274695e-01   75   75    7    7
 5.4656971990722047e-01   75   75    8    8
 5.7664567434857950e-01   75   75    9    9
 5.6619686777217182e-01   75   75   10   10
 5.2817297936302143e-01   75   75   11   11
 3.9860940799129430e-01   75   75   12   12
 5.0430403138201330e-01   75   75   13   13
 5.1213821299725315e-01   75   75   14   14
 5.1912295782672202e-01   75   75   15   15
 5.0026403082894844e-01   75   75   16   16
 4.7460055886195041e-01   75   75   17   17
 4.6528411547588455e-01   75   75   18   18
 4.7923339884572558e-01   75   75   19   19
 5.0554591615605782e-01   75   75   20   20
 9.1036356981720745e-01   75   75   21   21
 8.5564911412491329e-01   75   75   22   22
 7.7067496766599519e-01   75   75   23   23
 7.2796298713795149e-01   75   75   24   24
 7.4902005341917843e-01   75   75   25   25
 8.2404651985733501e-01   75   75   26   26
 8.8759300257362317e-01   75   75   27   27
 1.0435006031995557e+00   75   75   28   28
 1.0756623803767409e+00   75   75   29   29
 1.2273977508473186e+00   75   75   30   30
 1.4136377058289058e+00   75   75   31   31
 1.3540402947366827e+00   75   75   32   32
 1.1545068565898153e+00   75   75   33   33
 6.5379486278282262e-01   75   75   34   34
 6.1149221332405135e-01   75   75   35   35
 5.9213571589546354e-01   75   75   36   36
 6.1312527828651042e-01   75   75   37   37
 6.5632680563566159e-01   75   75   38   38
 6.8096053611846941e-01   75   75   39   39
 6.4318925915488978e-01   75   75   40   40
 6.9665660748728830e-01   75   75   41   41
 7.0293239254458062e-01   75   75   42   42
 4.2492612832421478e-01   75   75   43   43
 6.5256955379764703e-01   75   75   44   44
 6.0801211424736445e-01   75   75   45   45
 6.0500552557451859e-01   75   75   46   46
 4.0976464642539412e-01   75   75   47   47
 4.2832301236246184e-01   75   75   48   48
 4.4808993675694608e-01   75   75   49   49
 4.0837847807093330e-01   75   75   50   50
 1.1323817626386301e+00   75   75   51   51
 4.4836720159388221e-01   75   75   52   52
 4.4300085581636833e-01   75   75   53   53
 4.2062994453581193e-01   75   75   54   54
 3.9983501319725762e-01   75   75   55   55
 4.9409171099812882e-01   75   75   56   56
 4.4745330577231518e-01   75   75   57   57
 4.1705275405671444e-01   75   75   58   58
 4.7056750215497722e-01   75   75   59   59
 4.4074234581683053e-01   75   75   60   60
 1.4211090776464113e+00   75   75   61   61
 1.4682971426235996e+00   75   75   62   62
 1.2256994290390797e+00   75   75   63   63
 4.6848918198220013e-01   75   75   64   64
 1.6311300660068346e+00   75   75   65   65
 4.9526902415380880e-01   75   75   66   66
 1.5105480403229048e+00   75   75   67   67
 1.6737006302249222e+00   75   75   68   68
 2.1726035378738815e+00   75   75   69   69
 1.6097008383148379e+00   75   75   70   70
 2.0413124691727975e+00   75   75   71   71
 2.6092053347708610e+00   75   75   72   72
 2.7514773091696871e+00   75   75   73   73
 3.8520611152105828e+00   75   75   74   74
 8.4208384499999998e+00   75   75   75   75
 7.5273031751259767e-01   76   76    1    1
 7.5789076010634326e-01   76   76    2    2
 7.0880743530259649e-01   76   76    3    3
 6.6877842131745757e-01   76   76    4    4
 6.6794040522338261e-01   76   76    5    5
 7.0655183108541875e-01   76   76    6    6
 5.1748111805503139e-01   76   76    7    7
 5.1404021056070681e-01   76   76    8    8
 5.4195567112342224e-01   76   76    9    9
 5.3427298491607822e-01   76   76   10   10
 5.0033895431827369e-01   76   76   11   11
 3.8005353400798153e-01   76   76   12   12
 4.7773995584210743e-01   76   76   13   13
 4.8365046688017965e-01   76   76   14   14
 4.8839106899832690e-01   76   76   15   15
 4.7260498029599485e-01   76   76   16   16
 4.4951970983361467e-01   76   76   17   17
 4.4030893868178889e-01   76   76   18   18
 4.5199948972877591e-01   76   76   19   19
 4.7535946388358868e-01   76   76   20   20
 8.0795442687443186e-01   76   76   21   21
 7.6575558038013747e-01   76   76   22   22
 6.9689031564789639e-01   76   76   23   23
 6.6309419126666180e-01   76   76   24   24
 6.8267817782720774e-01   76   76   25   25
 7.4526674659226821e-01   76   76   26   26
 7.9405842262499726e-01   76   76   27   27
 9.1066705385374858e-01   76   76   28   28
 9.3617658643612256e-01   76   76   29   29
 1.0509437426407346e+00   76   76   30   30
 1.1817063167296176e+00   76   76   31   31
 1.1395039742284323e+00   76   76   32   32
 9.9510085799644576e-01   76   76   33   33
 6.0265913761379786e-01   76   76   34   34
 5.6764095175923213e-01   76   76   35   35
 5.5170766025124018e-01   76   76   36   36
 5.6977532121088736e-01   76   76   37   37
 6.0569648901744777e-01   76   76   38   38
 6.2528032727210658e-01   76   76   39   39
 5.9555601164443228e-01   76   76   40   40
 6.4086573261498025e-01   76   76   41   41
 6.4819106240136959e-01   76   76   42   42
 4.1158245773862029e-01   76   76   43   43
 6.0690517886448592e-01   76   76   44   44
 5.6799971997817134e-01   76   76   45   45
 5.6399180583054687e-01   76   76   46   46
 3.9663068930482021e-01   76   76   47   47
 4.1322562866548423e-01   76   76   48   48
 4.3151579408891738e-01   76   76   49   49
 3.9599590307311666e-01   76   76   50   50
 1.1213798005258926e+00   76   76   51   51
 4.3336943529396538e-01   76   76   52   52
 4.2046856614529315e-01   76   76   53   53
 4.0030814623461897e-01   76   76   54   54
 3.8129538781119249e-01   76   76   55   55
 4.7835540498707341e-01   76   76   56   56
 4.3343196013547347e-01   76   76   57   57
 3.9677906017694725e-01   76   76   58   58
 4.5408475778817187e-01   76   76   59   59
 4.1826692826912149e-01   76   76   60   60
 1.3566593534475548e+00   76   76   61   61
 1.4396465471971707e+00   76   76   62   62
 1.2196798991807247e+00   76   76   63   63
 4.5424358149820471e-01   76   76   64   64
 1.5502180126323761e+00   76   76   65   65
 4.7823362244829554e-01   76   76   66   66
 1.2765796890168670e+00   76   76   67   67
 1.3671591737208584e+00   76   76   68   68
 1.6752633891493280e+00   76   76   69   69
 1.3816831928171467e+00   76   76   70   70
 1.7099580062229178e+00   76   76   71   71
 1.9846425748005214e+00   76   76   72   72
 2.5154974195114375e+00   76   76   73   73
 2.7728443008632229e+00   76   76   74   74
 3.8644584378039166e+00   76   76   75   75
 8.4208384499999998e+00   76   76   76   76
 7.3692971515119521e-01   77   77    1    1
 7.2921461142581900e-01   77   77    2    2
 6.7580624572636860e-01   77   77    3    3
 6.4112420038844042e-01   77   77    4    4
 6.4863349051248365e-01   77   77    5    5
 6.9371159784622660e-01   77   77    6    6
 5.0871052539734662e-01   77   77    7    7
 5.0877703771685723e-01   77   77    8    8
 5.3706813778799678e-01   77   77    9    9
 5.3345812472197485e-01   77   77   10   10
 5.0197326922910601e-01   77   77   11   11
 3.7001083854167827e-01   77   77   12   12
 4.7825067911176034e-01   77   77   13   13
 4.8134933249613243e-01   77   77   14   14
 4.7817130718609352e-01   77   77   15   15
 4.6119341355837135e-01   77   77   16   16
 4.3751025134857263e-01   77   77   17   17
 4.2859739280389275e-01   77   77   18   18
 4.4118631945282355e-01   77   77   19   19
 4.6538530995210220e-01   77   77   20   20
 7.7265131431490863e-01   77   77   21   21
 7.2874603630405577e-01   77   77   22   22
 6.7103653582556322e-01   77   77   23   23
 6.3711674230659865e-01   77   77   24   24
 6.4819023999125758e-01   77   77   25   25
 6.9774218347791794e-01   77   77   26   26
 7.4284311649606927e-01   77   77   27   27
 8.7201881248704005e-01   77   77   28   28
 9.1378150134825420e-01   77   77   29   29
 1.0399048483449325e+00   77   77   30   30
 1.1540955725269739e+00   77   77   31   31
 1.0783656516320750e+00   77   77   32   32
 9.3869471583282305e-01   77   77   33   33
 5.9512329003747089e-01   77   77   34   34
 5.6140218225235294e-01   77   77   35   35
 5.4103401779150684e-01   77   77   36   36
 5.5265615150108682e-01   77   77   37   37
 5.8504451535369972e-01   77   77   38   38
 6.0953720172893289e-01   77   77   39   39
 5.6500067964232781e-01   77   77   40   40
 6.0910866481930914e-01   77   77   41   41
 6.1880863897261784e-01   77   77   42   42
 4.1987527423874166e-01   77   77   43   43
 5.8019098888992648e-01   77   77   44   44
 5.4171912978610637e-01   77   77   45   45
 5.3605942555616892e-01   77   77   46   46
 4.0065859797592385e-01   77   77   47   47
 4.1686919825716240e-01   77   77   48   48
 4.3730033424087372e-01   77   77   49   49
 4.0205746513322405e-01   77   77   50   50
 1.5337647205982996e+00   77   77   51   51
 4.4882672123002321e-01   77   77   52   52
 4.0605818679229105e-01   77   77   53   53
 3.8632266169143903e-01   77   77   54   54
 3.6947825993625172e-01   77   77   55   55
 4.9952945400529036e-01   77   77   56   56
 4.5175919974192746e-01   77   77   57   57
 3.8691891976783516e-01   77   77   58   58
 4.6873628346373108e-01   77   77   59   59
 4.0628653073763066e-01   77   77   60   60
 1.8945923351340037e+00   77   77   61   61
 2.1352522808937562e+00   77   77   62   62
 1.7171272593928679e+00   77   77   63   63
 4.7554629799843517e-01   77   77   64   64
 2.3133747990347180e+00   77   77   65   65
 4.9549243905572343e-01   77   77   66   66
 1.3855712750127185e+00   77   77   67   67
 1.3800386132466185e+00   77   77   68   68
 1.6097363198643662e+00   77   77   69   69
 1.6176625217987852e+00   77   77   70   70
 2.0650591566419645e+00   77   77   71   71
 2.0596894174873572e+00   77   77   72   72
 3.8529664890516586e+00   77   77   73   73
 2.7303166833138688e+00   77   77   74   74
 2.4687792386979392e+00   77   77   75   75
 2.7434373970609554e+00   77   77   76   76
 8.4208384499999998e+00   77   77   77   77
 7.1210661447136325e-01   78   78    1    1
 7.1087716156552694e-01   78   78    2    2
 6.6405975501146464e-01   78   78    3    3
 6.2979501543418326e-01   78   78    4    4
 6.3300782984821191e-01   78   78    5    5
 6.7145916457298638e-01   78   78    6    6
 4.9880161219562286e-01   78   78    7    7
 4.9767485704541103e-01   78   78    8    8
 5.2486531222341992e-01   78   78    9    9
 5.2011458638991137e-01   78   78   10   10
 4.8896461382109668e-01   78   78   11   11
 3.6709469625509555e-01   78   78   12   12
 4.6640194082357278e-01   78   78   13   13
 4.7026609450166629e-01   78   78   14   14
 4.7046459181165950e-01   78   78   15   15
 4.5529452129040809e-01   78   78   16   16
 4.3295379979478599e-01   78   78   17   17
 4.2395611870284744e-01   78   78   18   18
 4.3520486828599270e-01   78   78   19   19
 4.5779836189358736e-01   78   78   20   20
 7.5363008134346232e-01   78   78   21   21
 7.1459083034637239e-01   78   78   22   22
 6.5625786285106358e-01   78   78   23   23
 6.2539851071578090e-01   78   78   24   24
 6.4035334552433754e-01   78   78   25   25
 6.9246974315780940e-01   78   78   26   26
 7.3486297010152946e-01   78   78   27   27
 8.4545141794521494e-01   78   78   28   28
 8.7608159108409167e-01   78   78   29   29
 9.8462136517770449e-01   78   78   30   30
 1.0932396111900207e+00   78   78   31   31
 1.0412109449545663e+00   78   78   32   32
 9.1400384501426335e-01   78   78   33   33
 5.7828926009201898e-01   78   78   34   34
 5.4654545213954431e-01   78   78   35   35
 5.2984087791429069e-01   78   78   36   36
 5.4379147267740469e-01   78   78   37   37
 5.7541069023479441e-01   78   78   38   38
 5.9550784636666565e-01   78   78   39   39
 5.6158773020957098e-01   78   78   40   40
 6.0342255605343942e-01   78   78   41   41
 6.1217729555151423e-01   78   78   42   42
 4.0934090970454834e-01   78   78   43   43
 5.7538682177954448e-01   78   78   44   44
 5.3878711492498532e-01   78   78   45   45
 5.3365372979668679e-01   78   78   46   46
 3.9251881828678126e-01   78   78   47   47
 4.0808124695333053e-01   78   78   48   48
 4.2671727209759663e-01   78   78   49   49
 3.9315479729596570e-01   78   78   50   50
 1.2682092650333625e+00   78   78   51   51
 4.3363554020219752e-01   78   78   52   52
 4.0377925127260517e-01   78   78   53   53
 3.8470835678470477e-01   78   78   54   54
 3.6747787928907277e-01   78   78   55   55
 4.8084024330758784e-01   78   78   56   56
 4.3541121102311353e-01   78   78   57   57
 3.8320906808659666e-01   78   78   58   58
 4.5333483570009603e-01   78   78   59   59
 4.0278375409537015e-01   78   78   60   60
 1.5102727516186609e+00   78   78   61   61
 1.6564948538224105e+00   78   78   62   62
 1.3961836290673688e+00   78   78   63   63
 4.5744717713001842e-01   78   78   64   64
 1.7523801438108095e+00   78   78   65   65
 4.7840275620960410e-01   78   78   66   66
 1.2380161349698997e+00   78   78   67   67
 1.2751536718983960e+00   78   78   68   68
 1.5103369108448679e+00   78   78   69   69
 1.3852819722950505e+00   78   78   70   70
 1.7183683574016411e+00   78   78   71   71
 1.8427142647800925e+00   78   78   72   72
 2.7884797805011940e+00   78   78   73   73
 2.5053733218475460e+00   78   78   74   74
 2.7511030175080924e+00   78   78   75   75
 3.8408972010159022e+00   78   78   76   76
 3.8644741645452609e+00   78   78   77   77
 8.4208384499999998e+00   78   78   78   78
 7.2179349636129009e-01   79   79    1    1
 6.9773972062696066e-01   79   79    2    2
 6.3800555077027077e-01   79   79    3    3
 6.0831528983980276e-01   79   79    4    4
 6.2541272496266787e-01   79   79    5    5
 6.8027459658697143e-01   79   79    6    6
 4.9540639933494979e-01   79   79    7    7
 4.9841004314297477e-01   79   79    8    8
 5.2243653629919984e-01   79   79    9    9
 5.2280778558859331e-01   79   79   10   10
 4.9837838999596418e-01   79   79   11   11
 3.5901688038370849e-01   79   79   12   12
 4.7685632714116744e-01   79   79   13   13
 4.7717964868109930e-01   79   79   14   14
 4.6425042934476279e-01   79   79   15   15
 4.4375477573416183e-01   79   79   16   16
 4.2033500355055781e-01   79   79   17   17
 4.1415807797068122e-01   79   79   18   18
 4.2985184946823296e-01   79   79   19   19
 4.5487670757591725e-01   79   79   20   20
 7.3456369728433102e-01   79   79   21   21
 6.9541357381559299e-01   79   79   22   22
 6.5835043810259486e-01   79   79   23   23
 6.2641271646117358e-01   79   79   24   24
 6.2470392136097874e-01   79   79   25   25
 6.5388579993403007e-01   79   79   26   26
 6.9030618044588654e-01   79   79   27   27
 8.1968324343884980e-01   79   79   28   28
 8.9023798878409621e-01   79   79   29   29
 1.0122942952806731e+00   79   79   30   30
 1.0521557833407360e+00   79   79   31   31
 9.4234469466464132e-01   79   79   32   32
 8.4261284699074557e-01   79   79   33   33
 5.8843437817038913e-01   79   79   34   34
 5.5496802466282014e-01   79   79   35   35
 5.2565196704910544e-01   79   79   36   36
 5.2724632743451039e-01   79   79   37   37
 5.5567424779777475e-01   79   79   38   38
 5.8941105241862224e-01   79   79   39   39
 5.4536434079013107e-01   79   79   40   40
 5.9017887080593068e-01   79   79   41   41
 6.0561674770567742e-01   79   79   42   42
 4.2357518150031809e-01   79   79   43   43
 5.6980653665233938e-01   79   79   44   44
 5.2926694419954079e-01   79   79   45   45
 5.1972259724887271e-01   79   79   46   46
 3.9865802418850216e-01   79   79   47   47
 4.1437760565996329e-01   79   79   48   48
 4.3764562654130690e-01   79   79   49   49
 4.0272038277778327e-01   79   79   50   50
 3.8572065936746225e+00   79   79   51   51
 4.6703512388569468e-01   79   79   52   52
 3.8816550271864503e-01   79   79   53   53
 3.6934188195911161e-01   79   79   54   54
 3.5583444853983642e-01   79   79   55   55
 5.1912777714600578e-01   79   79   56   56
 4.7505027745620060e-01   79   79   57   57
 3.7603394086550967e-01   79   79   58   58
 4.8205593746510911e-01   79   79   59   59
 3.9192944886452774e-01   79   79   60   60
 3.8595673709523504e+00   79   79   61   61
 2.5001923934996304e+00   79   79   62   62
 2.7620712768137583e+00   79   79   63   63
 5.0038676449432418e-01   79   79   64   64
 2.7646259135400508e+00   79   79   65   65
 5.0851474988004541e-01   79   79   66   66
 1.4127079649597767e+00   79   79   67   67
 1.2301981226122352e+00   79   79   68   68
 1.2346988228317592e+00   79   79   69   69
 1.7353536495351596e+00   79   79   70   70
 1.7501723661937698e+00   79   79   71   71
 1.4279717803655660e+00   79   79   72   72
 1.6749130830773460e+00   79   79   73   73
 1.4022130412135447e+00   79   79   74   74
 1.1984168407354756e+00   79   79   75   75
 1.1688289308291937e+00   79   79   76   76
 1.5893889943467185e+00   79   79   77   77
 1.3070778600583592e+00   79   79   78   78
 8.4208384499999998e+00   79   79   79   79
 8.0248160827616277e-01   80   80    1    1
 7.3158778356774767e-01   80   80    2    2
 7.3094933885027202e-01   80   80    3    3
 7.9302955604138470e-01   80   80    4    4
 8.8412556792405528e-01   80   80    5    5
 8.8905371844176340e-01   80   80    6    6
 1.2801669942749265e+00   80   80    7    7
 1.5654056636619305e+00   80   80    8    8
 1.7708135015678579e+00   80   80    9    9
 2.3088504736344873e+00   80   80   10   10
 2.6968080341623213e+00   80   80   11   11
 6.8532014514577144e-01   80   80   12   12
 2.0844317260955068e+00   80   80   13   13
 1.6722052992847090e+00   80   80   14   14
 1.1214994208133080e+00   80   80   15   15
 1.0815279326060028e+00   80   80   16   16
 9.5216781588705202e-01   80   80   17   17
 8.7680223093844512e-01   80   80   18   18
 8.9642243119227427e-01   80   80   19   19
 1.0012270261463880e+00   80   80   20   20
 6.6995479415377790e-01   80   80   21   21
 6.1614348470813451e-01   80   80   22   22
 6.0519648310469099e-01   80   80   23   23
 5.6032136853156589e-01   80   80   24   24
 5.2952719513729507e-01   80   80   25   25
 5.3609856802023481e-01   80   80   26   26
 5.7499252381781529e-01   80   80   27   27
 6.6661555678709861e-01   80   80   28   28
 6.3659104410181522e-01   80   80   29   29
 6.2827426733449176e-01   80   80   30   30
 6.4744692397911530e-01   80   80   31   31
 6.7776516180631619e-01   80   80   32   32
 6.8836378153946109e-01   80   80   33   33
 1.0960767224393348e+00   80   80   34   34
 1.2231784993957384e+00   80   80   35   35
 1.1901186481949344e+00   80   80   36   36
 1.0458147988702022e+00   80   80   37   37
 9.6453885525750982e-01   80   80   38   38
 9.8156470921144168e-01   80   80   39   39
 4.7982509431006881e-01   80   80   40   40
 4.9226646295260601e-01   80   80   41   41
 4.7155431870431808e-01   80   80   42   42
 1.3848422639796800e+00   80   80   43   43
 4.4369860211419659e-01   80   80   44   44
 4.3419475007891811e-01   80   80   45   45
 4.5037130645002843e-01   80   80   46   46
 1.2765470651506654e+00   80   80   47   47
 1.5108564836046092e+00   80   80   48   48
 1.8433319327283577e+00   80   80   49   49
 1.2376836429456053e+00   80   80   50   50
 5.3048546219340675e-01   80   80   51   51
 1.4894712880847782e+00   80   80   52   52
 7.2323674589815312e-01   80   80   53   53
 6.6105881762644847e-01   80   80   54   54
 6.4511766325703390e-01   80   80   55   55
 1.4154127632025009e+00   80   80   56   56
 1.2946120733350428e+00   80   80   57   57
 7.5634406563059220e-01   80   80   58   58
 1.7529432698755194e+00   80   80   59   59
 7.8097083911923781e-01   80   80   60   60
 5.3371848093530017e-01   80   80   61   61
 5.6585189009581094e-01   80   80   62   62
 5.5185349514251569e-01   80   80   63   63
 1.2696494808340644e+00   80   80   64   64
 5.5572146544269585e-01   80   80   65   65
 1.6881067019857630e+00   80   80   66   66
 6.3789191744320206e-01   80   80   67   67
 6.3094533785754747e-01   80   80   68   68
 6.0337697884810526e-01   80   80   69   69
 6.1626372604771018e-01   80   80   70   70
 5.9027690072674988e-01   80   80   71   71
 5.8422769450422440e-01   80   80   72   72
 5.4400208956955964e-01   80   80   73   73
 5.5384008483693259e-01   80   80   74   74
 5.3270793078472367e-01   80   80   75   75
 5.0652905181146290e-01   80   80   76   76
 5.1592275231330964e-01   80   80   77   77
 4.9930906540058728e-01   80   80   78   78
 5.2231444527340265e-01   80   80   79   79
 8.4208384499999998e+00   80   80   80   80
 7.8775061476408870e-01   81   81    1    1
 7.2397980605551970e-01   81   81    2    2
 7.3189117491404976e-01   81   81    3    3
 8.0025860573928298e-01   81   81    4    4
 8.8722379698075604e-01   81   81    5    5
 8.7677548057742960e-01   81   81    6    6
 1.4202171093863216e+00   81   81    7    7
 1.7955882336573972e+00   81   81    8    8
 2.0013928394346583e+00   81   81    9    9
 2.6950185615871338e+00   81   81   10   10
 3.7185709330105938e+00   81   81   11   11
 7.4781305831478984e-01   81   81   12   12
 2.6873462101829495e+00   81   81   13   13
 1.9982715793734747e+00   81   81   14   14
 1.2535519515877436e+00   81   81   15   15
 1.2290383641052396e+00   81   81   16   16
 1.0718628908008410e+00   81   81   17   17
 9.7134856042791540e-01   81   81   18   18
 9.8251962901423484e-01   81   81   19   19
 1.0980888128685744e+00   81   81   20   20
 6.6055821594834496e-01   81   81   21   21
 6.1003032145662317e-01   81   81   22   22
 6.0025755181000484e-01   81   81   23   23
 5.5695997792017515e-01   81   81   24   24
 5.2661909105600813e-01   81   81   25   25
 5.3260803094032494e-01   81   81   26   26
 5.7009581328973424e-01   81   81   27   27
 6.5214987194168661e-01   81   81   28   28
 6.1929497186263160e-01   81   81   29   29
 6.0764926336771197e-01   81   81   30   30
 6.2517686299800557e-01   81   81   31   31
 6.5769896280549867e-01   81   81   32   32
 6.7264293355848814e-01   81   81   33   33
 1.1088703559556790e+00   81   81   34   34
 1.2655366726400152e+00   81   81   35   35
 1.2700578773194890e+00   81   81   36   36
 1.1078665715118750e+00   81   81   37   37
 9.9994132626061150e-01   81   81   38   38
 9.9836779303665457e-01   81   81   39   39
 4.7999390242020723e-01   81   81   40   40
 4.9019082221614568e-01   81   81   41   41
 4.6795811217208350e-01   81   81   42   42
 1.3796567674324993e+00   81   81   43   43
 4.4088711107067396e-01   81   81   44   44
 4.3306579511121773e-01   81   81   45   45
 4.5064369790793013e-01   81   81   46   46
 1.3673743452367384e+00   81   81   47   47
 1.6742708323282081e+00   81   81   48   48
 1.9822064126850836e+00   81   81   49   49
 1.2750824594683854e+00   81   81   50   50
 5.0124801359434057e-01   81   81   51   51
 1.3401494496562827e+00   81   81   52   52
 7.8812363562772003e-01   81   81   53   53
 7.1652510616222709e-01   81   81   54   54
 6.9974807124828431e-01   81   81   55   55
 1.2302896558259058e+00   81   81   56   56
 1.1587262590959295e+00   81   81   57   57
 8.3171354323646196e-01   81   81   58   58
 1.5480950004695928e+00   81   81   59   59
 8.5856993810768434e-01   81   81   60   60
 5.0719626068438128e-01   81   81   61   61
 5.3543440418189703e-01   81   81   62   62
 5.2087036275519460e-01   81   81   63   63
 1.1209389257224391e+00   81   81   64   64
 5.2775662876809959e-01   81   81   65   65
 1.4570119824595436e+00   81   81   66   66
 6.0832096777011080e-01   81   81   67   67
 6.0602115852591310e-01   81   81   68   68
 5.8125660644781951e-01   81   81   69   69
 5.8584838246204285e-01   81   81   70   70
 5.6323442835926485e-01   81   81   71   71
 5.6088138620545624e-01   81   81   72   72
 5.2123135247926489e-01   81   81   73   73
 5.3286286328176924e-01   81   81   74   74
 5.1521822171113418e-01   81   81   75   75
 4.9013866713394177e-01   81   81   76   76
 4.9504571218825116e-01   81   81   77   77
 4.8136298339182609e-01   81   81   78   78
 4.9511230784551463e-01   81   81   79   79
 3.8337543444760045e+00   81   81   80   80
 8.4208384499999998e+00   81   81   81   81
 7.1256719570219307e-01   82   82    1    1
 6.6144368590996694e-01   82   82    2    2
 6.7069867206742961e-01   82   82    3    3
 7.2945877847079210e-01   82   82    4    4
 7.9828078441166828e-01   82   82    5    5
 7.8550594849434474e-01   82   82    6    6
 1.2643757579170156e+00   82   82    7    7
 1.5495822568276114e+00   82   82    8    8
 1.6633526480258130e+00   82   82    9    9
 2.0835891179388648e+00   82   82   10   10
 2.6905735495141765e+00   82   82   11   11
 7.4310655645035906e-01   82   82   12   12
 2.2862198536695484e+00   82   82   13   13
 1.7509213829911214e+00   82   82   14   14
 1.1577445274880540e+00   82   82   15   15
 1.1677542339009139e+00   82   82   16   16
 1.0393972817340347e+00   82   82   17   17
 9.3802356923266528e-01   82   82   18   18
 9.3300804070572785e-01   82   82   19   19
 1.0217089168509557e+00   82   82   20   20
 6.0760487766046600e-01   82   82   21   21
 5.6492735156446139e-01   82   82   22   22
 5.5649344632824060e-01   82   82   23   23
 5.1937721441247087e-01   82   82   24   24
 4.9307005414290139e-01   82   82   25   25
 4.9843801480332728e-01   82   82   26   26
 5.3098724934357489e-01   82   82   27   27
 5.9993185310757702e-01   82   82   28   28
 5.7112465247485122e-01   82   82   29   29
 5.6124933777081654e-01   82   82   30   30
 5.7717481237005019e-01   82   82   31   31
 6.0583963684490449e-01   82   82   32   32
 6.1836689169912007e-01   82   82   33   33
 9.7347794650449226e-01   82   82   34   34
 1.0999534438479139e+00   82   82   35   35
 1.1221399541397215e+00   82   82   36   36
 9.9746523168299661e-01   82   82   37   37
 9.0136129643374752e-01   82   82   38   38
 8.9079968860243419e-01   82   82   39   39
 4.5287204078159654e-01   82   82   40   40
 4.6113744749272556e-01   82   82   41   41
 4.4089345560401527e-01   82   82   42   42
 1.6098782394650379e+00   82   82   43   43
 4.1690037996659990e-01   82   82   44   44
 4.1042649580677398e-01   82   82   45   45
 4.2672666624456584e-01   82   82   46   46
 1.6758922082951602e+00   82   82   47   47
 2.1738748983511216e+00   82   82   48   48
 2.6110578373037936e+00   82   82   49   49
 1.5106769552578971e+00   82   82   50   50
 4.7315623659124650e-01   82   82   51   51
 1.4103646734851965e+00   82   82   52   52
 7.7008977714758597e-01   82   82   53   53
 7.0512469329797989e-01   82   82   54   54
 6.9348453169992885e-01   82   82   55   55
 1.2334964255684937e+00   82   82   56   56
 1.1924308594047277e+00   82   82   57   57
 8.2193798431152676e-01   82   82   58   58
 1.6317445649593805e+00   82   82   59   59
 8.3964771712325281e-01   82   82   60   60
 4.7696251396264733e-01   82   82   61   61
 5.0395702952121502e-01   82   82   62   62
 4.9144164105694510e-01   82   82   63   63
 1.1328969284297590e+00   82   82   64   64
 4.9588439962327441e-01   82   82   65   65
 1.4815098907160369e+00   82   82   66   66
 5.6287675644523782e-01   82   82   67   67
 5.6135274245868227e-01   82   82   68   68
 5.4124144127092066e-01   82   82   69   69
 5.4440924554432824e-01   82   82   70   70
 5.2584431902533757e-01   82   82   71   71
 5.2415548479816387e-01   82   82   72   72
 4.9066797796693867e-01   82   82   73   73
 5.0070938637093576e-01   82   82   74   74
 4.8590875415559059e-01   82   82   75   75
 4.6432764358085249e-01   82   82   76   76
 4.6825385628251970e-01   82   82   77   77
 4.5655818929321884e-01   82   82   78   78
 4.6661813973631938e-01   82   82   79   79
 2.7523586016797665e+00   82   82   80   80
 3.8578700198577422e+00   82   82   81   81
 8.4208384499999998e+00   82   82   82   82
 7.3602009742938757e-01   83   83    1    1
 6.7426255319453687e-01   83   83    2    2
 6.7033982316729745e-01   83   83    3    3
 7.1987104241221289e-01   83   83    4    4
 7.9530814121911497e-01   83   83    5    5
 8.0485529557039370e-01   83   83    6    6
 1.0866122586944942e+00   83   83    7    7
 1.2870305161039637e+00   83   83    8    8
 1.4256805887626653e+00   83   83    9    9
 1.7652841820201886e+00   83   83   10   10
 1.9963908792723102e+00   83   83   11   11
 6.3366889698332052e-01   83   83   12   12
 1.6602940523960921e+00   83   83   13   13
 1.3721019973814492e+00   83   83   14   14
 9.7286074189176819e-01   83   83   15   15
 9.4773215309304171e-01   83   83   16   16
 8.4934426975744337e-01   83   83   17   17
 7.8728227634550707e-01   83   83   18   18
 8.0066629228517250e-01   83   83   19   19
 8.8121625486879696e-01   83   83   20   20
 6.2339792968526475e-01   83   83   21   21
 5.7558608478114226e-01   83   83   22   22
 5.6528228749100273e-01   83   83   23   23
 5.2561406958401846e-01   83   83   24   24
 4.9853954345195561e-01   83   83   25   25
 5.0486166932780630e-01   83   83   26   26
 5.3970922141978062e-01   83   83   27   27
 6.2390422808794355e-01   83   83   28   28
 5.9996215769843875e-01   83   83   29   29
 5.9582302720895064e-01   83   83   30   30
 6.1444086748457782e-01   83   83   31   31
 6.3909996384499812e-01   83   83   32   32
 6.4430391070904325e-01   83   83   33   33
 9.5868527028454609e-01   83   83   34   34
 1.0490013550577915e+00   83   83   35   35
 1.0207772830583277e+00   83   83   36   36
 9.1369618140330267e-01   83   83   37   37
 8.5304843557729482e-01   83   83   38   38
 8.6920152960523078e-01   83   83   39   39
 4.5314202694535188e-01   83   83   40   40
 4.6520026224191652e-01   83   83   41   41
 4.4752101466974886e-01   83   83   42   42
 1.6165772297442849e+00   83   83   43   43
 4.2219348091356523e-01   83   83   44   44
 4.1282977486069394e-01   83   83   45   45
 4.2676049918778453e-01   83   83   46   46
 1.3814491751893343e+00   83   83   47   47
 1.6098692521160589e+00   83   83   48   48
 2.0600171428623333e+00   83   83   49   49
 1.3847175079842546e+00   83   83   50   50
 5.2664892446711165e-01   83   83   51   51
 1.8665862247730682e+00   83   83   52   52
 6.6140363501778932e-01   83   83   53   53
 6.0981388238692313e-01   83   83   54   54
 5.9784845757948024e-01   83   83   55   55
 1.7411158714033366e+00   83   83   56   56
 1.5743869769245136e+00   83   83   57   57
 6.9304283321445093e-01   83   83   58   58
 2.3137531550072072e+00   83   83   59   59
 7.1059766237491562e-01   83   83   60   60
 5.2458798154454744e-01   83   83   61   61
 5.5894842641149645e-01   83   83   62   62
 5.4808603652119170e-01   83   83   63   63
 1.5354130332838827e+00   83   83   64   64
 5.4597528005356499e-01   83   83   65   65
 2.1818314603712197e+00   83   83   66   66
 6.1316354098665782e-01   83   83   67   67
 6.0360918814222064e-01   83   83   68   68
 5.7923372751292168e-01   83   83   69   69
 5.9698033238417314e-01   83   83   70   70
 5.7307544137890021e-01   83   83   71   71
 5.6480131093961761e-01   83   83   72   72
 5.3127108094409181e-01   83   83   73   73
 5.3775349940067885e-01   83   83   74   74
 5.1697737322882387e-01   83   83   75   75
 4.9380879600229038e-01   83   83   76   76
 5.0596284063297281e-01   83   83   77   77
 4.8907112906695716e-01   83   83   78   78
 5.1595669386966336e-01   83   83   79   79
 3.8669375695908039e+00   83   83   80   80
 2.7381245968529604e+00   83   83   81   81
 2.4705865584931459e+00   83   83   82   82
 8.4208384499999998e+00   83   83   83   83
 6.7439291559259373e-01   84   84    1    1
 6.2358164176821418e-01   84   84    2    2
 6.2317716783474819e-01   84   84    3    3
 6.6807953286459920e-01   84   84    4    4
 7.3066766632391855e-01   84   84    5    5
 7.3366163585729782e-01   84   84    6    6
 1.0165156842532510e+00   84   84    7    7
 1.1951134650584483e+00   84   84    8    8
 1.2987592856079289e+00   84   84    9    9
 1.5796575587563495e+00   84   84   10   10
 1.8216848739638720e+00   84   84   11   11
 6.3151018515805857e-01   84   84   12   12
 1.5693337910878007e+00   84   84   13   13
 1.2931413502945459e+00   84   84   14   14
 9.2913490968933443e-01   84   84   15   15
 9.2156074960936984e-01   84   84   16   16
 8.3481407784155792e-01   84   84   17   17
 7.7073317288905430e-01   84   84   18   18
 7.7477827624909534e-01   84   84   19   19
 8.4244879150779972e-01   84   84   20   20
 5.7883212422157992e-01   84   84   21   21
 5.3767296569621192e-01   84   84   22   22
 5.2867179842657386e-01   84   84   23   23
 4.9399820264932670e-01   84   84   24   24
 4.7008784122156982e-01   84   84   25   25
 4.7579558460451316e-01   84   84   26   26
 5.0655674662883521e-01   84   84   27   27
 5.7819187042805409e-01   84   84   28   28
 5.5619912753697698e-01   84   84   29   29
 5.5218081444936884e-01   84   84   30   30
 5.6903351702574445e-01   84   84   31   31
 5.9167652664354298e-01   84   84   32   32
 5.9667673630840645e-01   84   84   33   33
 8.6945416280597942e-01   84   84   34   34
 9.5223647887588558e-01   84   84   35   35
 9.4274231086606275e-01   84   84   36   36
 8.5139462489893292e-01   84   84   37   37
 7.9137454218978864e-01   84   84   38   38
 7.9729992741657840e-01   84   84   39   39
 4.3035511162971629e-01   84   84   40   40
 4.4039015117277786e-01   84   84   41   41
 4.2387194828200414e-01   84   84   42   42
 2.0640799648941854e+00   84   84   43   43
 4.0115618414791238e-01   84   84   44   44
 3.9324990837303420e-01   84   84   45   45
 4.0648555034931844e-01   84   84   46   46
 1.7094438603222890e+00   84   84   47   47
 2.0410175729404889e+00   84   84   48   48
 2.8529005551946369e+00   84   84   49   49
 1.7177432310315848e+00   84   84   50   50
 4.9429037070026216e-01   84   84   51   51
 2.0945737007389451e+00   84   84   52   52
 6.5160447633785545e-01   84   84   53   53
 6.0350698641644518e-01   84   84   54   54
 5.9459910410727157e-01   84   84   55   55
 1.7517385324724692e+00   84   84   56   56
 1.6671395635747985e+00   84   84   57   57
 6.8826648806153290e-01   84   84   58   58
 2.6922007667406374e+00   84   84   59   59
 7.0085249322730747e-01   84   84   60   60
 4.9135659278891392e-01   84   84   61   61
 5.2344429909321299e-01   84   84   62   62
 5.1407400512051815e-01   84   84   63   63
 1.5677497705262102e+00   84   84   64   64
 5.1095715790991025e-01   84   84   65   65
 2.2835717549665140e+00   84   84   66   66
 5.6688905320398764e-01   84   84   67   67
 5.5970180672895675e-01   84   84   68   68
 5.3988187930316078e-01   84   84   69   69
 5.5342950802090074e-01   84   84   70   70
 5.3397553678566045e-01   84   84   71   71
 5.2756788763650664e-01   84   84   72   72
 4.9916807860679002e-01   84   84   73   73
 5.0496853933834385e-01   84   84   74   74
 4.8761813500466089e-01   84   84   75   75
 4.6765296563040432e-01   84   84   76   76
 4.7759831846136952e-01   84   84   77   77
 4.6328596421211038e-01   84   84   78   78
 4.8391263861941647e-01   84   84   79   79
 2.7874823255557195e+00   84   84   80   80
 2.5073464861378287e+00   84   84   81   81
 2.7502523362147331e+00   84   84   82   82
 3.8527055297125439e+00   84   84   83   83
 8.4208384499999998e+00   84   84   84   84
 6.6471960290227028e-01   85   85    1    1
 6.1805182893269783e-01   85   85    2    2
 6.2287881951132218e-01   85   85    3    3
 6.7130182236558622e-01   85   85    4    4
 7.3117045132315717e-01   85   85    5    5
 7.2565799552524635e-01   85   85    6    6
 1.0772464374333282e+00   85   85    7    7
 1.2791403129026269e+00   85   85    8    8
 1.3716370202624766e+00   85   85    9    9
 1.6686936633738929e+00   85   85   10   10
 1.9999939455230560e+00   85   85   11   11
 6.7832416937797679e-01   85   85   12   12
 1.7521360699674671e+00   85   85   13   13
 1.4133382244083803e+00   85   85   14   14
 9.9592500521909610e-01   85   85   15   15
 1.0036896549672942e+00   85   85   16   16
 9.0914762558065054e-01   85   85   17   17
 8.3033931808563777e-01   85   85   18   18
 8.2598490069805741e-01   85   85   19   19
 8.9468180503055894e-01   85   85   20   20
 5.7207471511074715e-01   85   85   21   21
 5.3298239988641150e-01   85   85   22   22
 5.2474139827817312e-01   85   85   23   23
 4.9112270142139319e-01   85   85   24   24
 4.6754309357214313e-01   85   85   25   25
 4.7285474015739248e-01   85   85   26   26
 5.0265898544267906e-01   85   85   27   27
 5.6808592170273720e-01   85   85   28   28
 5.4402302000313985e-01   85   85   29   29
 5.3755279356751662e-01   85   85   30   30
 5.5328775192006840e-01   85   85   31   31
 5.7769090488695107e-01   85   85   32   32
 5.8577642179192801e-01   85   85   33   33
 8.7383846692690315e-01   85   85   34   34
 9.6891387798688389e-01   85   85   35   35
 9.7752093186973044e-01   85   85   36   36
 8.8134014485591838e-01   85   85   37   37
 8.0871895950020201e-01   85   85   38   38
 8.0455237476413510e-01   85   85   39   39
 4.3002527559483361e-01   85   85   40   40
 4.3844641312133925e-01   85   85   41   41
 4.2084045792830049e-01   85   85   42   42
 2.0596769333242091e+00   85   85   43   43
 3.9869608296603837e-01   85   85   44   44
 3.9203512928945450e-01   85   85   45   45
 4.0627837820401580e-01   85   85   46   46
 1.9845868702287830e+00   85   85   47   47
 2.6094335423350405e+00   85   85   48   48
 3.7671321444719434e+00   85   85   49   49
 1.8426928383061980e+00   85   85   50   50
 4.7020082764227183e-01   85   85   51   51
 1.7158337399025165e+00   85   85   52   52
 6.9656143442111096e-01   85   85   53   53
 6.4382650692476795e-01   85   85   54   54
 6.3563805647557170e-01   85   85   55   55
 1.4262597329659308e+00   85   85   56   56
 1.3972301190446887e+00   85   85   57   57
 7.4215100969652203e-01   85   85   58   58
 2.0491628526512669e+00   85   85   59   59
 7.5369202795335133e-01   85   85   60   60
 4.7020248328056097e-01   85   85   61   61
 4.9890193810149280e-01   85   85   62   62
 4.8858282258664215e-01   85   85   63   63
 1.3060663206561236e+00   85   85   64   64
 4.8875077344807116e-01   85   85   65   65
 1.7727730322147783e+00   85   85   66   66
 5.4546806559128813e-01   85   85   67   67
 5.4170078235182340e-01   85   85   68   68
 5.2352034109164480e-01   85   85   69   69
 5.3077568208480075e-01   85   85   70   70
 5.1342706530148163e-01   85   85   71   71
 5.0989434354150009e-01   85   85   72   72
 4.8117951726088298e-01   85   85   73   73
 4.8866583539679070e-01   85   85   74   74
 4.7385964877095960e-01   85   85   75   75
 4.5446100636587733e-01   85   85   76   76
 4.6070471037089733e-01   85   85   77   77
 4.4866338452741988e-01   85   85   78   78
 4.6183491129862886e-01   85   85   79   79
 2.5071607702920304e+00   85   85   80   80
 2.7672106519822912e+00   85   85   81   81
 3.8536752239439496e+00   85   85   82   82
 2.7328132370129206e+00   85   85   83   83
 3.8302330722119060e+00   85   85   84   84
 8.4208384499999998e+00   85   85   85   85
 5.8624421116134073e-01   86   86    1    1
 5.4827672864018706e-01   86   86    2    2
 5.4959063283326492e-01   86   86    3    3
 5.8543653904295889e-01   86   86    4    4
 6.3155270818372256e-01   86   86    5    5
 6.3118141423528140e-01   86   86    6    6
 8.6210442993626801e-01   86   86    7    7
 9.8684720771835965e-01   86   86    8    8
 1.0459364135952363e+00   86   86    9    9
 1.2157029991192192e+00   86   86   10   10
 1.3701054719160390e+00   86   86   11   11
 5.9694046867469119e-01   86   86   12   12
 1.2523493675265813e+00   86   86   13   13
 1.0676727707638833e+00   86   86   14   14
 8.1027126811548367e-01   86   86   15   15
 8.1887850411504781e-01   86   86   16   16
 7.5817663825949411e-01   86   86   17   17
 7.0182806604360015e-01   86   86   18   18
 6.9643256750232030e-01   86   86   19   19
 7.4266100288521797e-01   86   86   20   20
 5.1305405492839784e-01   86   86   21   21
 4.8049057624349389e-01   86   86   22   22
 4.7308583339488486e-01   86   86   23   23
 4.4522215065090587e-01   86   86   24   24
 4.2583924005700818e-01   86   86   25   25
 4.3075061107544049e-01   86   86   26   26
 4.5586055049225355e-01   86   86   27   27
 5.1249617693055427e-01   86   86   28   28
 4.9459760217712689e-01   86   86   29   29
 4.9185589526250240e-01   86   86   30   30
 5.0629544262326309e-01   86   86   31   31
 5.2479382436316613e-01   86   86   32   32
 5.2813965561931231e-01   86   86   33   33
 7.3348976153755174e-01   86   86   34   34
 7.9614012208043317e-01   86   86   35   35
 7.9835834855208032e-01   86   86   36   36
 7.3345692943091900e-01   86   86   37   37
 6.8400357088605424e-01   86   86   38   38
 6.8312974741942867e-01   86   86   39   39
 3.9347003112872048e-01   86   86   40   40
 4.0134269617602658e-01   86   86   41   41
 3.8722973181687620e-01   86   86   42   42
 3.8523376729824470e+00   86   86   43   43
 3.6821277027895782e-01   86   86   44   44
 3.6185829863793928e-01   86   86   45   45
 3.7342420475179877e-01   86   86   46   46
 2.5148313746829349e+00   86   86   47   47
 2.7513819634196102e+00   86   86   48   48
 3.8313322717807576e+00   86   86   49   49
 2.7877812164043969e+00   86   86   50   50
 4.5310231501923687e-01   86   86   51   51
 2.2808663177743167e+00   86   86   52   52
 6.0531449498189083e-01   86   86   53   53
 5.6660016552920944e-01   86   86   54   54
 5.6246750618103514e-01   86   86   55   55
 1.6686521856358392e+00   86   86   56   56
 1.7511226040646728e+00   86   86   57   57
 6.4372499597434152e-01   86   86   58   58
 2.6915689144097263e+00   86   86   59   59
 6.4870888859350384e-01   86   86   60   60
 4.4806625935521466e-01   86   86   61   61
 4.7739958466283067e-01   86   86   62   62
 4.7061438958475799e-01   86   86   63   63
 1.5683321876362364e+00   86   86   64   64
 4.6512454522766078e-01   86   86   65   65
 2.0969810078197715e+00   86   86   66   66
 5.0555994894471823e-01   86   86   67   67
 4.9992627811986295e-01   86   86   68   68
 4.8541408940770220e-01   86   86   69   69
 4.9621075381442187e-01   86   86   70   70
 4.8175652615046433e-01   86   86   71   71
 4.7657697203504501e-01   86   86   72   72
 4.5547516684928607e-01   86   86   73   73
 4.5953204021908839e-01   86   86   74   74
 4.4590567023882266e-01   86   86   75   75
 4.3036512510129699e-01   86   86   76   76
 4.3878950427482355e-01   86   86   77   77
 4.2721891105318294e-01   86   86   78   78
 4.4271495973934732e-01   86   86   79   79
 1.7177598482101060e+00   86   86   80   80
 1.7068754410283826e+00   86   86   81   81
 2.0418177512643254e+00   86   86   82   82
 2.0634745415839033e+00   86   86   83   83
 2.8836133691433758e+00   86   86   84   84
 2.8535267052002142e+00   86   86   85   85
 8.4208384499999998e+00   86   86   86   86
 1.3132609179159891e+00   87   87    1    1
 1.2810865062768855e+00   87   87    2    2
 1.1634089177249232e+00   87   87    3    3
 1.0978576325105425e+00   87   87    4    4
 1.1215493374827041e+00   87   87    5    5
 1.2228150980482877e+00   87   87    6    6
 8.5000444312017254e-01   87   87    7    7
 8.5006470647226906e-01   87   87    8    8
 8.9819624364911743e-01   87   87    9    9
 8.9098858226605726e-01   87   87   10   10
 8.3654040829400478e-01   87   87   11   11
 5.9998873849917678e-01   87   87   12   12
 7.9639419733868577e-01   87   87   13   13
 8.0251424964571150e-01   87   87   14   14
 7.9308454383179416e-01   87   87   15   15
 7.5830210443708301e-01   87   87   16   16
 7.1559505819259739e-01   87   87   17   17
 7.0231576077514768e-01   87   87   18   18
 7.2805161670578389e-01   87   87   19   19
 7.7294959439222100e-01   87   87   20   20
 1.3639714758620651e+00   87   87   21   21
 1.2675645208981510e+00   87   87   22   22
 1.1643188033453540e+00   87   87   23   23
 1.0924910323219774e+00   87   87   24   24
 1.0990884839241555e+00   87   87   25   25
 1.1802876982535693e+00   87   87   26   26
 1.2722863486522067e+00   87   87   27   27
 1.5725104248950275e+00   87   87   28   28
 1.6878415478224500e+00   87   87   29   29
 1.9908848556440546e+00   87   87   30   30
 2.2321365651343119e+00   87   87   31   31
 1.9899541580920690e+00   87   87   32   32
 1.6872737611222912e+00   87   87   33   33
 1.0246663415400639e+00   87   87   34   34
 9.5727733465689369e-01   87   87   35   35
 9.1114742169204876e-01   87   87   36   36
 9.2648954884951251e-01   87   87   37   37
 9.8746160329764510e-01   87   87   38   38
 1.0441559045255038e+00   87   87   39   39
 9.3809411912705398e-01   87   87   40   40
 1.0210806259654739e+00   87   87   41   41
 1.0368522001024285e+00   87   87   42   42
 6.8136082281052623e-01   87   87   43   43
 9.6199798135470815e-01   87   87   44   44
 8.9174356717891912e-01   87   87   45   45
 8.8320766141729079e-01   87   87   46   46
 6.4726774887099614e-01   87   87   47   47
 6.7660004823489384e-01   87   87   48   48
 7.1377312383342051e-01   87   87   49   49
 6.4946958014582512e-01   87   87   50   50
 2.8279593472783615e+00   87   87   51   51
 7.3807021659880678e-01   87   87   52   52
 6.5923889570169159e-01   87   87   53   53
 6.2460626596033064e-01   87   87   54   54
 5.9719771268203881e-01   87   87   55   55
 8.2207388250579805e-01   87   87   56   56
 7.4290512449913082e-01   87   87   57   57
 6.2999353350217357e-01   87   87   58   58
 7.7099313058686858e-01   87   87   59   59
 6.6221312400359766e-01   87   87   60   60
 4.2243896053833980e+00   87   87   61   61
 4.2206083385870112e+00   87   87   62   62
 3.1157421729470549e+00   87   87   63   63
 7.8230893554363523e-01   87   87   64   64
 5.8883601237529950e+00   87   87   65   65
 8.1530746401219822e-01   87   87   66   66
 3.1136620360574070e+00   87   87   67   67
 2.8589689192615020e+00   87   87   68   68
 3.1924260579385151e+00   87   87   69   69
 4.1343442543292284e+00   87   87   70   70
 5.9676573487981646e+00   87   87   71   71
 4.4132024112021844e+00   87   87   72   72
 5.9591455701963651e+00   87   87   73   73
 4.4116773086926893e+00   87   87   74   74
 3.1907524970277068e+00   87   87   75   75
 2.8625449149647784e+00   87   87   76   76
 4.1314362328061112e+00   87   87   77   77
 3.1108072523271670e+00   87   87   78   78
 3.1170598054268042e+00   87   87   79   79
 8.6307888577761471e-01   87   87   80   80
 8.2286989852208281e-01   87   87   81   81
 7.7184444967989330e-01   87   87   82   82
 8.4315663165435628e-01   87   87   83   83
 7.8869000776265452e-01   87   87   84   84
 7.5728689035888908e-01   87   87   85   85
 7.1612544139329670e-01   87   87   86   86
 1.7979842710000000e+01   87   87   87   87
 9.4978297015765822e-01   88   88    1    1
 8.8237271774989057e-01   88   88    2    2
 8.7976278234784133e-01   88   88    3    3
 9.3673993941792144e-01   88   88    4    4
 1.0173228708901063e+00   88   88    5    5
 1.0242234296347663e+00   88   88    6    6
 1.3633235399817296e+00   88   88    7    7
 1.5696576875735690e+00   88   88    8    8
 1.6859048809065411e+00   88   88    9    9
 1.9880045396293102e+00   88   88   10   10
 2.2301660869465825e+00   88   88   11   11
 8.9992543037882822e-01   88   88   12   12
 1.9890138015803731e+00   88   88   13   13
 1.6862310393664397e+00   88   88   14   14
 1.2625644144164836e+00   88   88   15   15
 1.2588208809515400e+00   88   88   16   16
 1.1553446906417995e+00   88   88   17   17
 1.0730315496648699e+00   88   88   18   18
 1.0749886577745889e+00   88   88   19   19
 1.1568449964130914e+00   88   88   20   20
 8.2466170861702903e-01   88   88   21   21
 7.6895943566002223e-01   88   88   22   22
 7.5626525842724013e-01   88   88   23   23
 7.0934973194897089e-01   88   88   24   24
 6.7708288347295265e-01   88   88   25   25
 6.8529967056492913e-01   88   88   26   26
 7.2735875468924194e-01   88   88   27   27
 8.2634516370706224e-01   88   88   28   28
 7.9860673563258133e-01   88   88   29   29
 7.9581582034650533e-01   88   88   30   30
 8.2001850925515751e-01   88   88   31   31
 8.4886948874743806e-01   88   88   32   32
 8.5230845990325610e-01   88   88   33   33
 1.1886686065098406e+00   88   88   34   34
 1.2868406945732880e+00   88   88   35   35
 1.2743655656742592e+00   88   88   36   36
 1.1644836520282387e+00   88   88   37   37
 1.0909283099712079e+00   88   88   38   38
 1.0992425521911866e+00   88   88   39   39
 6.2200803509384628e-01   88   88   40   40
 6.3643247935580127e-01   88   88   41   41
 6.1443402088919874e-01   88   88   42   42
 4.1296619016291638e+00   88   88   43   43
 5.8294789766355837e-01   88   88   44   44
 5.7142245938850422e-01   88   88   45   45
 5.8921881782430008e-01   88   88   46   46
 2.8615593725992441e+00   88   88   47   47
 3.1900997812232275e+00   88   88   48   48
 4.4107390061166853e+00   88   88   49   49
 3.1096957350286623e+00   88   88   50   50
 7.3649486464564551e-01   88   88   51   51
 4.2226734079810502e+00   88   88   52   52
 9.2091303706462591e-01   88   88   53   53
 8.5903811912572581e-01   88   88   54   54
 8.4938566329874265e-01   88   88   55   55
 3.1164101483887521e+00   88   88   56   56
 3.1165748617083020e+00   88   88   57   57
 9.7318243316104192e-01   88   88   58   58
 5.8909620618920036e+00   88   88   59   59
 9.8597335597319280e-01   88   88   60   60
 7.2678304725355303e-01   88   88   61   61
 7.7626348901150433e-01   88   88   62   62
 7.6571046534500120e-01   88   88   63   63
 2.8275584380675158e+00   88   88   64   64
 7.5506703082952120e-01   88   88   65   65
 4.2223494662177812e+00   88   88   66   66
 8.2317269649479519e-01   88   88   67   67
 8.1081817373427167e-01   88   88   68   68
 7.8470531946176725e-01   88   88   69   69
 8.0814317051948537e-01   88   88   70   70
 7.8182785996285142e-01   88   88   71   71
 7.7071846701657687e-01   88   88   72   72
 7.3531970539756220e-01   88   88   73   73
 7.4079488224948231e-01   88   88   74   74
 7.1587343562014472e-01   88   88   75   75
 6.8943922836626892e-01   88   88   76   76
 7.0647882039399157e-01   88   88   77   77
 6.8534800092561132e-01   88   88   78   78
 7.1857160978902668e-01   88   88   79   79
 3.1104662656675615e+00   88   88   80   80
 2.8566356688971082e+00   88   88   81   81
 3.1911199265048036e+00   88   88   82   82
 4.1297428259881608e+00   88   88   83   83
 5.9634063622956655e+00   88   88   84   84
 4.4121749519204938e+00   88   88   85   85
 5.9570963863451691e+00   88   88   86   86
 1.0078565065443312e+00   88   88   87   87
 1.7979842710000000e+01   88   88   88   88
 4.4877869318415726e+00   89   89    1    1
 3.4704994968603513e+00   89   89    2    2
 2.7075202746370910e+00   89   89    3    3
 2.4990431564993663e+00   89   89    4    4
 2.7278780802908082e+00   89   89    5    5
 3.5506574207160351e+00   89   89    6    6
 1.4363488587638027e+00   89   89    7    7
 1.3769990458979167e+00   89   89    8    8
 1.4172043769651090e+00   89   89    9    9
 1.3340870178339901e+00   89   89   10   10
 1.2306599569052701e+00   89   89   11   11
 8.8528301763560313e-01   89   89   12   12
 1.2009863071749143e+00   89   89   13   13
 1.2620176329933610e+00   89   89   14   14
 1.3076388324126764e+00   89   89   15   15
 1.1885977050709704e+00   89   89   16   16
 1.1012292183303511e+00   89   89   17   17
 1.1014061006804698e+00   89   89   18   18
 1.1898971814874788e+00   89   89   19   19
 1.3027850333776647e+00   89   89   20   20
 3.2106556539268136e+00   89   89   21   21
 2.5617331232343541e+00   89   89   22   22
 2.3952487442310306e+00   89   89   23   23
 1.9883726488261806e+00   89   89   24   24
 1.7907372420235106e+00   89   89   25   25
 1.8454616223996883e+00   89   89   26   26
 2.1470720125703133e+00   89   89   27   27
 3.2945513762955363e+00   89   89   28   28
 3.0857738276923330e+00   89   89   29   29
 2.7272860873161111e+00   89   89   30   30
 2.5636903235104680e+00   89   89   31   31
 2.6596205434370419e+00   89   89   32   32
 2.9907864487625044e+00   89   89   33   33
 2.1945903879845168e+00   89   89   34   34
 1.8495830971870879e+00   89   89   35   35
 1.6487395748807083e+00   89   89   36   36
 1.6829771632815869e+00   89   89   37   37
 1.9207379656852908e+00   89   89   38   38
 2.2622057628495571e+00   89   89   39   39
 1.4086837099597036e+00   89   89   40   40
 1.5392587659835524e+00   89   89   41   41
 1.4581734954200831e+00   89   89   42   42
 8.1898749406887528e-01   89   89   43   43
 1.2928367110482772e+00   89   89   44   44
 1.2131894939600589e+00   89   89   45   45
 1.2590289536729242e+00   89   89   46   46
 7.9597096651389454e-01   89   89   47   47
 8.5283099179846444e-01   89   89   48   48
 9.0340857900690097e-01   89   89   49   49
 7.8218605327203516e-01   89   89   50   50
 1.1565992468993145e+00   89   89   51   51
 8.8118937814097720e-01   89   89   52   52
 9.9942857637376037e-01   89   89   53   53
 9.2593040305815777e-01   89   89   54   54
 8.7541471946824267e-01   89   89   55   55
 9.2835186335043607e-01   89   89   56   56
 8.6197973740303757e-01   89   89   57   57
 9.4775004141577812e-01   89   89   58   58
 9.2577321374376498e-01   89   89   59   59
 1.0127978980416643e+00   89   89   60   60
 1.3037158754082872e+00   89   89   61   61
 1.2575019349701486e+00   89   89   62   62
 1.1750905375651597e+00   89   89   63   63
 8.8313973044036209e-01   89   89   64   64
 1.3313136766447184e+00   89   89   65   65
 9.5211465586758326e-01   89   89   66   66
 2.1132292441262610e+00   89   89   67   67
 2.1579110908949555e+00   89   89   68   68
 1.8483928593080163e+00   89   89   69   69
 1.7993124370242077e+00   89   89   70   70
 1.6165372562085889e+00   89   89   71   71
 1.6308096580463121e+00   89   89   72   72
 1.3314340562407752e+00   89   89   73   73
 1.4229523997030464e+00   89   89   74   74
 1.3262523243563136e+00   89   89   75   75
 1.1881907827328404e+00   89   89   76   76
 1.1903934407109951e+00   89   89   77   77
 1.1360732691944582e+00   89   89   78   78
 1.2128688084234487e+00   89   89   79   79
 1.1888511913506650e+00   89   89   80   80
 1.1505451360573469e+00   89   89   81   81
 1.0444326876507846e+00   89   89   82   82
 1.1052002121637257e+00   89   89   83   83
 1.0111010310006379e+00   89   89   84   84
 9.8631828924291287e-01   89   89   85   85
 8.8212453468299001e-01   89   89   86   86
 2.1357197670458739e+00   89   89   87   87
 1.4118992366854004e+00   89   89   88   88
 9.6429912899999994e+00   89   89   89   89
 2.7084291914981447e+00   90   90    1    1
 3.4771809660063733e+00   90   90    2    2
 4.4887364529081442e+00   90   90    3    3
 3.5444270612602642e+00   90   90    4    4
 2.7245447437266863e+00   90   90    5    5
 2.4978833452834928e+00   90   90    6    6
 1.4323191721556576e+00   90   90    7    7
 1.3005776953702288e+00   90   90    8    8
 1.2950070384872256e+00   90   90    9    9
 1.1794971162016850e+00   90   90   10   10
 1.0889267597542538e+00   90   90   11   11
 1.0132083149788769e+00   90   90   12   12
 1.0891055498029187e+00   90   90   13   13
 1.1782513252884919e+00   90   90   14   14
 1.3802440637289397e+00   90   90   15   15
 1.2774600157103757e+00   90   90   16   16
 1.2216914982281026e+00   90   90   17   17
 1.2482727113024707e+00   90   90   18   18
 1.3398039090762861e+00   90   90   19   19
 1.4139938753160985e+00   90   90   20   20
 3.2178173731691997e+00   90   90   21   21
 3.2682706644293420e+00   90   90   22   22
 2.9936864803379550e+00   90   90   23   23
 2.5882026236888906e+00   90   90   24   24
 2.4247919673766738e+00   90   90   25   25
 2.5655362003277387e+00   90   90   26   26
 2.9573529677209920e+00   90   90   27   27
 2.5502831475824168e+00   90   90   28   28
 2.1316187375051432e+00   90   90   29   29
 1.8256328922892509e+00   90   90   30   30
 1.7686325940453098e+00   90   90   31   31
 1.9682286298930278e+00   90   90   32   32
 2.3820774907130700e+00   90   90   33   33
 1.9137559555466985e+00   90   90   34   34
 1.6763083428018561e+00   90   90   35   35
 1.6427431631867055e+00   90   90   36   36
 1.8437190183213215e+00   90   90   37   37
 2.1896353081742803e+00   90   90   38   38
 2.2566616947544738e+00   90   90   39   39
 1.9548747855593274e+00   90   90   40   40
 2.0206301832276741e+00   90   90   41   41
 1.7490151721180389e+00   90   90   42   42
 7.2505490857352195e-01   90   90   43   43
 1.5408555400193493e+00   90   90   44   44
 1.5093857962357486e+00   90   90   45   45
 1.6684057720559511e+00   90   90   46   46
 7.2849464497984329e-01   90   90   47   47
 7.7829198570938452e-01   90   90   48   48
 8.0598489020086550e-01   90   90   49   49
 7.0583867273024314e-01   90   90   50   50
 8.7578766860574786e-01   90   90   51   51
 7.4259516758009625e-01   90   90   52   52
 1.2030549658673786e+00   90   90   53   53
 1.1190342110926221e+00   90   90   54   54
 1.0311605227763549e+00   90   90   55   55
 7.6404707662129845e-01   90   90   56   56
 7.1883306756628029e-01   90   90   57   57
 1.0715576265533759e+00   90   90   58   58
 7.8043614028700370e-01   90   90   59   59
 1.1718465971631158e+00   90   90   60   60
 9.8202403401751104e-01   90   90   61   61
 9.5505716679819830e-01   90   90   62   62
 8.9272098384554976e-01   90   90   63   63
 7.2832751566676346e-01   90   90   64   64
 1.0064762717902092e+00   90   90   65   65
 7.9262816155388571e-01   90   90   66   66
 1.3923618591795057e+00   90   90   67   67
 1.5174040817800383e+00   90   90   68   68
 1.4306786036812558e+00   90   90   69   69
 1.2420586653189185e+00   90   90   70   70
 1.1963653498630515e+00   90   90   71   71
 1.2684205191543907e+00   90   90   72   72
 1.0702057508383658e+00   90   90   73   73
 1.1662916744969452e+00   90   90   74   74
 1.1505231877571487e+00   90   90   75   75
 1.0476768806482324e+00   90   90   76   76
 9.8550747328417487e-01   90   90   77   77
 9.7807866431935941e-01   90   90   78   78
 9.1474701060311536e-01   90   90   79   79
 9.9306981082990642e-01   90   90   80   80
 9.9984616098300683e-01   90   90   81   81
 9.2894967155826924e-01   90   90   82   82
 9.1948522930677290e-01   90   90   83   83
 8.6454460649457066e-01   90   90   84   84
 8.6786369997662416e-01   90   90   85   85
 7.7460217127502429e-01   90   90   86   86
 1.6321471270522052e+00   90   90   87   87
 1.2103821671326855e+00   90   90   88   88
 2.8094531829707949e+00   90   90   89   89
 9.6429912899999994e+00   90   90   90   90
 1.6863664755773589e+00   91   91    1    1
 1.5529959857057007e+00   91   91    2    2
 1.6172530798767337e+00   91   91    3    3
 1.8413317875023349e+00   91   91    4    4
 2.0800914684361604e+00   91   91    5    5
 1.9533779007687697e+00   91   91    6    6
 3.2202379172140163e+00   91   91    7    7
 3.4746729330411559e+00   91   91    8    8
 4.4866729070173106e+00   91   91    9    9
 3.5433365380504300e+00   91   91   10   10
 2.7251680694249965e+00   91   91   11   11
 1.2521956627367954e+00   91   91   12   12
 2.4966031863775311e+00   91   91   13   13
 2.7076428751530033e+00   91   91   14   14
 2.5645208697154871e+00   91   91   15   15
 2.3976704863224998e+00   91   91   16   16
 1.9876997529925942e+00   91   91   17   17
 1.7895020475259265e+00   91   91   18   18
 1.8444905161511256e+00   91   91   19   19
 2.1475152943401516e+00   91   91   20   20
 1.3709138186604559e+00   91   91   21   21
 1.2402262101853361e+00   91   91   22   22
 1.1971696885611873e+00   91   91   23   23
 1.0903488368012371e+00   91   91   24   24
 1.0295771972495031e+00   91   91   25   25
 1.0553953366328424e+00   91   91   26   26
 1.1510368129738404e+00   91   91   27   27
 1.3334827514254146e+00   91   91   28   28
 1.2201267262396260e+00   91   91   29   29
 1.1755645500985756e+00   91   91   30   30
 1.2224767699552452e+00   91   91   31   31
 1.3337563395028320e+00   91   91   32   32
 1.4009314968977478e+00   91   91   33   33
 2.6046972093325795e+00   91   91   34   34
 2.9762497655560640e+00   91   91   35   35
 3.2820984146026517e+00   91   91   36   36
 3.0256557675697202e+00   91   91   37   37
 2.6412119177760482e+00   91   91   38   38
 2.4785233161499001e+00   91   91   39   39
 9.2076201789822010e-01   91   91   40   40
 9.4149380358178214e-01   91   91   41   41
 8.8522064571297243e-01   91   91   42   42
 1.2404112707545063e+00   91   91   43   43
 8.2405496410522894e-01   91   91   44   44
 8.0927665589194997e-01   91   91   45   45
 8.5166817010761064e-01   91   91   46   46
 1.2644579017481459e+00   91   91   47   47
 1.4184957143054138e+00   91   91   48   48
 1.5038559109910061e+00   91   91   49   49
 1.1955372171524208e+00   91   91   50   50
 8.3451533157274116e-01   91   91   51   51
 1.2232766562230231e+00   91   91   52   52
 1.4614806410377303e+00   91   91   53   53
 1.2936008263654819e+00   91   91   54   54
 1.2098373339436275e+00   91   91   55   55
 1.2463423294157518e+00   91   91   56   56
 1.1383070945935421e+00   91   91   57   57
 1.4006081304692146e+00   91   91   58   58
 1.3466654293771279e+00   91   91   59   59
 1.5364817741115633e+00   91   91   60   60
 8.7382711602478280e-01   91   91   61   61
 9.1462341899407207e-01   91   91   62   62
 8.7076398894341511e-01   91   91   63   63
 1.1472904340648227e+00   91   91   64   64
 9.1620578792521046e-01   91   91   65   65
 1.3620087445612024e+00   91   91   66   66
 1.1243185610735849e+00   91   91   67   67
 1.1532110624736467e+00   91   91   68   68
 1.1053423829027433e+00   91   91   69   69
 1.0570807889267924e+00   91   91   70   70
 1.0202953158976340e+00   91   91   71   71
 1.0402096761232733e+00   91   91   72   72
 9.3527155120242134e-01   91   91   73   73
 9.7914934475901871e-01   91   91   74   74
 9.5411972840331294e-01   91   91   75   75
 8.9409150558530937e-01   91   91   76   76
 8.7796794238489018e-01   91   91   77   77
 8.6119214423595969e-01   91   91   78   78
 8.3598704160102244e-01   91   91   79   79
 2.1254014349006782e+00   91   91   80   80
 2.2594845676295923e+00   91   91   81   81
 1.9715867918506289e+00   91   91   82   82
 1.8094594521682841e+00   91   91   83   83
 1.6623732862665674e+00   91   91   84   84
 1.7166492091336454e+00   91   91   85   85
 1.3865322734884951e+00   91   91   86   86
 1.4398278128776414e+00   91   91   87   87
 2.1917129301235576e+00   91   91   88   88
 2.0496788141398654e+00   91   91   89   89
 1.9164026968988268e+00   91   91   90   90
 9.6429912899999994e+00   91   91   91   91
 1.2752724805760658e+00   92   92    1    1
 1.1960804304994492e+00   92   92    2    2
 1.2507179770646615e+00   92   92    3    3
 1.4018665646718003e+00   92   92    4    4
 1.5277156776756888e+00   92   92    5    5
 1.4367202705402695e+00   92   92    6    6
 3.2198381420469180e+00   92   92    7    7
 3.4768742454884092e+00   92   92    8    8
 2.7073828232325887e+00   92   92    9    9
 2.4966064238468113e+00   92   92   10   10
 2.7251223883182729e+00   92   92   11   11
 1.6874891487454777e+00   92   92   12   12
 3.5418562702293825e+00   92   92   13   13
 4.4872860447185934e+00   92   92   14   14
 3.2737953387135987e+00   92   92   15   15
 2.9823361383600089e+00   92   92   16   16
 2.5892893517747915e+00   92   92   17   17
 2.4403801129366798e+00   92   92   18   18
 2.5902116016457586e+00   92   92   19   19
 2.9858898303446346e+00   92   92   20   20
 1.0756502852401397e+00   92   92   21   21
 1.0136441313583457e+00   92   92   22   22
 1.0207685498692367e+00   92   92   23   23
 9.5459632894794344e-01   92   92   24   24
 8.9276266495427559e-01   92   92   25   25
 8.8789985656989978e-01   92   92   26   26
 9.4031235328640450e-01   92   92   27   27
 1.0245066500325393e+00   92   92   28   28
 9.6413099164962068e-01   92   92   29   29
 9.2129517564974450e-01   92   92   30   30
 9.2707600520773015e-01   92   92   31   31
 9.7764869133880983e-01   92   92   32   32
 1.0298102566724208e+00   92   92   33   33
 1.9812963280729441e+00   92   92   34   34
 2.3928852039171198e+00   92   92   35   35
 2.5595015137532577e+00   92   92   36   36
 2.1406714649695453e+00   92   92   37   37
 1.8359496829134725e+00   92   92   38   38
 1.7796617479642554e+00   92   92   39   39
 8.3009498048450869e-01   92   92   40   40
 8.3462250807455851e-01   92   92   41   41
 7.8656373813142288e-01   92   92   42   42
 1.2867033516162707e+00   92   92   43   43
 7.4341466225901931e-01   92   92   44   44
 7.3942394967553926e-01   92   92   45   45
 7.7882380311007215e-01   92   92   46   46
 1.3723431557968504e+00   92   92   47   47
 1.5532463186209073e+00   92   92   48   48
 1.5989321470999383e+00   92   92   49   49
 1.2667208323223746e+00   92   92   50   50
 6.8657960350130143e-01   92   92   51   51
 1.2452001426481367e+00   92   92   52   52
 1.7547120418418174e+00   92   92   53   53
 1.5475629243568154e+00   92   92   54   54
 1.5209699486002854e+00   92   92   55   55
 1.1450836109593006e+00   92   92   56   56
 1.1376086608699263e+00   92   92   57   57
 1.9809866587954803e+00   92   92   58   58
 1.3177113212478571e+00   92   92   59   59
 2.0356665803099534e+00   92   92   60   60
 7.0977728050902233e-01   92   92   61   61
 7.2681850261522829e-01   92   92   62   62
 7.0432499446539076e-01   92   92   63   63
 1.0969939261801802e+00   92   92   64   64
 7.2968658153623156e-01   92   92   65   65
 1.2542769769587672e+00   92   92   66   66
 8.7080421159242472e-01   92   92   67   67
 8.7807635843324350e-01   92   92   68   68
 8.3731253451907606e-01   92   92   69   69
 8.2570354963365444e-01   92   92   70   70
 7.9171537408383685e-01   92   92   71   71
 7.9623738629208551e-01   92   92   72   72
 7.2887863176739032e-01   92   92   73   73
 7.5307916940070418e-01   92   92   74   74
 7.3269976868428988e-01   92   92   75   75
 6.9391925385054221e-01   92   92   76   76
 6.9032873700216235e-01   92   92   77   77
 6.7539336685042961e-01   92   92   78   78
 6.8917708875760642e-01   92   92   79   79
 1.9770049101951364e+00   92   92   80   80
 2.2558401836197124e+00   92   92   81   81
 2.1048134824274563e+00   92   92   82   82
 1.7138356043308893e+00   92   92   83   83
 1.6520157624936003e+00   92   92   84   84
 1.7915362379008213e+00   92   92   85   85
 1.4328283340284407e+00   92   92   86   86
 1.1276201893110196e+00   92   92   87   87
 2.1926572996912492e+00   92   92   88   88
 1.6048365700632217e+00   92   92   89   89
 1.5438351735500311e+00   92   92   90   90
 2.8109324628355541e+00   92   92   91   91
 9.6429912899999994e+00   92   92   92   92
 1.2649523610396005e+00   93   93    1    1
 1.2127273162019394e+00   93   93    2    2
 1.2939964065473684e+00   93   93    3    3
 1.4577961967009676e+00   93   93    4    4
 1.5472371032727474e+00   93   93    5    5
 1.4164213369306671e+00   93   93    6    6
 3.2296035854463039e+00   93   93    7    7
 3.2277776522731183e+00   93   93    8    8
 2.9088210998404125e+00   93   93    9    9
 2.5245135538119969e+00   93   93   10   10
 2.3955719685816166e+00   93   93   11   11
 1.7393600067056700e+00   93   93   12   12
 2.5629153835597709e+00   93   93   13   13
 2.9595913283024626e+00   93   93   14   14
 3.4847310535131100e+00   93   93   15   15
 4.4882675769431906e+00   93   93   16   16
 3.5345134096881892e+00   93   93   17   17
 2.7224073503412924e+00   93   93   18   18
 2.4959761176962973e+00   93   93   19   19
 2.7108283097864629e+00   93   93   20   20
 1.0925087738657244e+00   93   93   21   21
 1.0256830220539352e+00   93   93   22   22
 1.0107948362938102e+00   93   93   23   23
 9.4421759822896967e-01   93   93   24   24
 8.9705352958283424e-01   93   93   25   25
 9.0745193188383788e-01   93   93   26   26
 9.6601268813889984e-01   93   93   27   27
 1.0449998991500082e+00   93   93   28   28
 9.6749451579611978e-01   93   93   29   29
 9.2721004982205613e-01   93   93   30   30
 9.4889240384634277e-01   93   93   31   31
 1.0195031884552561e+00   93   93   32   32
 1.0741590011550917e+00   93   93   33   33
 1.8480110940348926e+00   93   93   34   34
 2.1488337769520514e+00   93   93   35   35
 2.5921491354154909e+00   93   93   36   36
 2.4538012713771251e+00   93   93   37   37
 2.0227358190810305e+00   93   93   38   38
 1.8028649824562217e+00   93   93   39   39
 8.3365368855411170e-01   93   93   40   40
 8.3614415739493897e-01   93   93   41   41
 7.8462270761922182e-01   93   93   42   42
 1.2224949561302889e+00   93   93   43   43
 7.4053496648323047e-01   93   93   44   44
 7.3793749643904261e-01   93   93   45   45
 7.8023714885245754e-01   93   93   46   46
 1.3407308206908073e+00   93   93   47   47
 1.5067640977127954e+00   93   93   48   48
 1.5107032391898036e+00   93   93   49   49
 1.2235243083279921e+00   93   93   50   50
 6.8358385753337114e-01   93   93   51   51
 1.1219327512942325e+00   93   93   52   52
 2.0489350226725693e+00   93   93   53   53
 1.7577545561270740e+00   93   93   54   54
 1.6434117837763724e+00   93   93   55   55
 1.0783731538247210e+00   93   93   56   56
 1.0308200320207590e+00   93   93   57   57
 2.0185883473452022e+00   93   93   58   58
 1.2131689381556883e+00   93   93   59   59
 2.2500235311142767e+00   93   93   60   60
 7.1133903176704716e-01   93   93   61   61
 7.3687309576166726e-01   93   93   62   62
 7.0763965769449977e-01   93   93   63   63
 1.0134354567547501e+00   93   93   64   64
 7.3882881593041771e-01   93   93   65   65
 1.1845958286895502e+00   93   93   66   66
 8.7632070773711557e-01   93   93   67   67
 8.9873913993569143e-01   93   93   68   68
 8.7008956579066055e-01   93   93   69   69
 8.3133683940709113e-01   93   93   70   70
 8.0872616783586837e-01   93   93   71   71
 8.2528574529733534e-01   93   93   72   72
 7.5533876867740035e-01   93   93   73   73
 7.8720418217905030e-01   93   93   74   74
 7.7533222285559811e-01   93   93   75   75
 7.3535716266761142e-01   93   93   76   76
 7.1788111919580955e-01   93   93   77   77
 7.0971443178163018e-01   93   93   78   78
 6.8532891711273758e-01   93   93   79   79
 1.7424115550009813e+00   93   93   80   80
 2.0053683178007282e+00   93   93   81   81
 1.9334285265394198e+00   93   93   82   82
 1.5324713099318812e+00   93   93   83   83
 1.5051415659879157e+00   93   93   84   84
 1.6557106956770629e+00   93   93   85   85
 1.3443991458702353e+00   93   93   86   86
 1.1536975604519020e+00   93   93   87   87
 2.0216548641567171e+00   93   93   88   88
 1.5571590864717924e+00   93   93   89   89
 1.6275065697154916e+00   93   93   90   90
 3.4207769918328816e+00   93   93   91   91
 3.4264929308279024e+00   93   93   92   92
 9.6429912899999994e+00   93   93   93   93
 1.6096013553049153e+00   94   94    1    1
 1.5324874860053694e+00   94   94    2    2
 1.6601428010637445e+00   94   94    3    3
 1.9265650350741368e+00   94   94    4    4
 2.0694198848572172e+00   94   94    5    5
 1.8425691522288843e+00   94   94    6    6
 3.2291926036921135e+00   94   94    7    7
 2.6034396224919769e+00   94   94    8    8
 2.1703641461397325e+00   94   94    9    9
 1.8685952802474632e+00   94   94   10   10
 1.8173522069473387e+00   94   94   11   11
 1.7637974166684960e+00   94   94   12   12
 2.0251224034218325e+00   94   94   13   13
 2.4463033900969671e+00   94   94   14   14
 3.4801713129246727e+00   94   94   15   15
 2.7100799410049481e+00   94   94   16   16
 2.4961472352537242e+00   94   94   17   17
 2.7240539241720394e+00   94   94   18   18
 3.5385241972638020e+00   94   94   19   19
 4.4872876862309905e+00   94   94   20   20
 1.3443202646600687e+00   94   94   21   21
 1.2777177558233246e+00   94   94   22   22
 1.3097234571764713e+00   94   94   23   23
 1.2175331994569336e+00   94   94   24   24
 1.1187728658056277e+00   94   94   25   25
 1.0996177337811588e+00   94   94   26   26
 1.1656730932085910e+00   94   94   27   27
 1.2357914946629180e+00   94   94   28   28
 1.1453481335484490e+00   94   94   29   29
 1.0667738019364237e+00   94   94   30   30
 1.0572673072876249e+00   94   94   31   31
 1.1229894284340429e+00   94   94   32   32
 1.2168304731938611e+00   94   94   33   33
 2.6616329379329682e+00   94   94   34   34
 3.0541295311609398e+00   94   94   35   35
 3.2547134539889577e+00   94   94   36   36
 2.9087869305279823e+00   94   94   37   37
 2.5631703636410843e+00   94   94   38   38
 2.4700729182295476e+00   94   94   39   39
 1.0386578176477781e+00   94   94   40   40
 1.0365443696992380e+00   94   94   41   41
 9.5977319272809369e-01   94   94   42   42
 9.8883647417656007e-01   94   94   43   43
 9.0049951521811555e-01   94   94   44   44
 9.0061306383947182e-01   94   94   45   45
 9.6268190799583475e-01   94   94   46   46
 1.0271898670179620e+00   94   94   47   47
 1.1285929011768341e+00   94   94   48   48
 1.1634336858027310e+00   94   94   49   49
 9.6950359478917447e-01   94   94   50   50
 7.1294386097977325e-01   94   94   51   51
 9.8857069450260093e-01   94   94   52   52
 2.0388391133515569e+00   94   94   53   53
 1.7583568306363189e+00   94   94   54   54
 1.6570226945372180e+00   94   94   55   55
 9.5022056401973776e-01   94   94   56   56
 9.2768128661377758e-01   94   94   57   57
 2.0483820324859439e+00   94   94   58   58
 1.0386762648941350e+00   94   94   59   59
 2.2572354500432521e+00   94   94   60   60
 7.5242787423778446e-01   94   94   61   61
 7.5661149041911380e-01   94   94   62   62
 7.2770203458890415e-01   94   94   63   63
 9.1143577704220891e-01   94   94   64   64
 7.7009745806682861e-01   94   94   65   65
 1.0155554872847505e+00   94   94   66   66
 9.5945088747215923e-01   94   94   67   67
 9.7856420704971403e-01   94   94   68   68
 9.2492260116788239e-01   94   94   69   69
 8.9454639775753075e-01   94   94   70   70
 8.5362993894468486e-01   94   94   71   71
 8.6569695324445428e-01   94   94   72   72
 7.7665401327138317e-01   94   94   73   73
 8.1129130053812570e-01   94   94   74   74
 7.8998697905502502e-01   94   94   75   75
 7.4134167242572435e-01   94   94   76   76
 7.2989735050201288e-01   94   94   77   77
 7.1534478272614832e-01   94   94   78   78
 7.2433553974919296e-01   94   94   79   79
 1.4645817400779415e+00   94   94   80   80
 1.5599748458566618e+00   94   94   81   81
 1.4361665748466239e+00   94   94   82   82
 1.2998780475443728e+00   94   94   83   83
 1.2289784356562519e+00   94   94   84   84
 1.2794496329126608e+00   94   94   85   85
 1.0791225078871938e+00   94   94   86   86
 1.2014029473240420e+00   94   94   87   87
 1.6702930284535917e+00   94   94   88   88
 1.9186276490690899e+00   94   94   89   89
 2.0122261204918761e+00   94   94   90   90
 2.6595394119718705e+00   94   94   91   91
 3.4969565016294526e+00   94   94   92   92
 2.8175022301809793e+00   94   94   93   93
 9.6429912899999994e+00   94   94   94   94
 2.9040561020306299e+00   95   95    1    1
 3.2329159605643989e+00   95   95    2    2
 2.9668085552292918e+00   95   95    3    3
 2.5598127343305022e+00   95   95    4    4
 2.3828556858103225e+00   95   95    5    5
 2.5124121909404873e+00   95   95    6    6
 1.3119276009435732e+00   95   95    7    7
 1.2162011415675653e+00   95   95    8    8
 1.2009480923286380e+00   95   95    9    9
 1.1144617560557015e+00   95   95   10   10
 1.0495120214896567e+00   95   95   11   11
 9.2873871099399596e-01   95   95   12   12
 1.0559765321552921e+00   95   95   13   13
 1.1298829204679226e+00   95   95   14   14
 1.2504826036642405e+00   95   95   15   15
 1.1380741969081838e+00   95   95   16   16
 1.0846025342084413e+00   95   95   17   17
 1.1187551486519252e+00   95   95   18   18
 1.2223934171403850e+00   95   95   19   19
 1.3004410536476438e+00   95   95   20   20
 3.2265768715752396e+00   95   95   21   21
 3.4831989204659410e+00   95   95   22   22
 4.4878753640139637e+00   95   95   23   23
 3.5357404545022200e+00   95   95   24   24
 2.7222626405893902e+00   95   95   25   25
 2.4959075666776056e+00   95   95   26   26
 2.7103709688248454e+00   95   95   27   27
 2.5875956495911177e+00   95   95   28   28
 2.4526437091808586e+00   95   95   29   29
 2.0263292508921724e+00   95   95   30   30
 1.8084164966041625e+00   95   95   31   31
 1.8504064258362307e+00   95   95   32   32
 2.1484028509686444e+00   95   95   33   33
 1.8615570742815835e+00   95   95   34   34
 1.6095780547980894e+00   95   95   35   35
 1.4882865524333626e+00   95   95   36   36
 1.5568847319339492e+00   95   95   37   37
 1.7771140529940821e+00   95   95   38   38
 1.9939246874037426e+00   95   95   39   39
 2.0661219634840342e+00   95   95   40   40
 2.2521329017107399e+00   95   95   41   41
 2.0069589019052660e+00   95   95   42   42
 7.1345815051949002e-01   95   95   43   43
 1.7348501228929560e+00   95   95   44   44
 1.6475968785167261e+00   95   95   45   45
 1.7698581798499589e+00   95   95   46   46
 7.0644880713675828e-01   95   95   47   47
 7.5320687306040690e-01   95   95   48   48
 7.8607122092086446e-01   95   95   49   49
 6.8970613234294098e-01   95   95   50   50
 9.3045537037203918e-01   95   95   51   51
 7.5158665483551423e-01   95   95   52   52
 1.0507437020896742e+00   95   95   53   53
 9.8415522274636191e-01   95   95   54   54
 9.2852271650852991e-01   95   95   55   55
 7.6994244952598778e-01   95   95   56   56
 7.3256819435878084e-01   95   95   57   57
 9.8267529968069045e-01   95   95   58   58
 7.8170408781389900e-01   95   95   59   59
 1.0495663176883918e+00   95   95   60   60
 1.0438954061767931e+00   95   95   61   61
 9.8479070015609305e-01   95   95   62   62
 9.3183405748879189e-01   95   95   63   63
 7.4093569385931191e-01   95   95   64   64
 1.0460015369927889e+00   95   95   65   65
 7.9178201955578076e-01   95   95   66   66
 1.4933281004186318e+00   95   95   67   67
 1.5541641829409758e+00   95   95   68   68
 1.4030676202731545e+00   95   95   69   69
 1.3203792106268182e+00   95   95   70   70
 1.2279044423843413e+00   95   95   71   71
 1.2573777913793027e+00   95   95   72   72
 1.0631467881706131e+00   95   95   73   73
 1.1351827889068153e+00   95   95   74   74
 1.0889701825918701e+00   95   95   75   75
 9.9270071806059412e-01   95   95   76   76
 9.7229875097388019e-01   95   95   77   77
 9.4514477903636207e-01   95   95   78   78
 9.8142409615475190e-01   95   95   79   79
 9.8358213965821717e-01   95   95   80   80
 9.7443883438554257e-01   95   95   81   81
 9.0055907706309091e-01   95   95   82   82
 9.1654178291820187e-01   95   95   83   83
 8.5499786226702790e-01   95   95   84   84
 8.4793521671491068e-01   95   95   85   85
 7.6223617940918242e-01   95   95   86   86
 1.6657208870328031e+00   95   95   87   87
 1.2007775955922835e+00   95   95   88   88
 3.4113608739716295e+00   95   95   89   89
 3.4609224486815049e+00   95   95   90   90
 1.7110589208383362e+00   95   95   91   91
 1.5039377367679327e+00   95   95   92   92
 1.4456550355548636e+00   95   95   93   93
 1.9489602817871237e+00   95   95   94   94
 9.6429912899999994e+00   95   95   95   95
 2.1702681574175688e+00   96   96    1    1
 2.5984609640953331e+00   96   96    2    2
 2.4345669087644439e+00   96   96    3    3
 2.0190429482870176e+00   96   96    4    4
 1.8147638210954784e+00   96   96    5    5
 1.8691228681793395e+00   96   96    6    6
 1.0976881671041632e+00   96   96    7    7
 1.0348827861204322e+00   96   96    8    8
 1.0541611064701333e+00   96   96    9    9
 9.8960868822884807e-01   96   96   10   10
 9.1889854684619032e-01   96   96   11   11
 8.0407719834737390e-01   96   96   12   12
 9.0417082872663868e-01   96   96   13   13
 9.5315987695823601e-01   96   96   14   14
 1.0486689179301285e+00   96   96   15   15
 9.8905640108097936e-01   96   96   16   16
 9.4667740154243085e-01   96   96   17   17
 9.5324101216036727e-01   96   96   18   18
 1.0036487370567515e+00   96   96   19   19
 1.0541283100889749e+00   96   96   20   20
 3.2324831374434040e+00   96   96   21   21
 3.4821003103203485e+00   96   96   22   22
 2.7109473986890888e+00   96   96   23   23
 2.4968325048990718e+00   96   96   24   24
 2.7233962574505788e+00   96   96   25   25
 3.5378430292867451e+00   96   96   26   26
 4.4881721146388225e+00   96   96   27   27
 3.2480358542709826e+00   96   96   28   28
 2.8769905445428208e+00   96   96   29   29
 2.5094863880921290e+00   96   96   30   30
 2.4080605401386421e+00   96   96   31   31
 2.6092199493361994e+00   96   96   32   32
 3.0361361684077388e+00   96   96   33   33
 1.4083314136286045e+00   96   96   34   34
 1.2614750800147816e+00   96   96   35   35
 1.2219755155721175e+00   96   96   36   36
 1.3184569639104153e+00   96   96   37   37
 1.4917799195908312e+00   96   96   38   38
 1.5591549021669096e+00   96   96   39   39
 1.9946323602687908e+00   96   96   40   40
 2.2550826309235004e+00   96   96   41   41
 2.0890226536818917e+00   96   96   42   42
 6.5918360689931499e-01   96   96   43   43
 1.7854912529336353e+00   96   96   44   44
 1.6515838933336511e+00   96   96   45   45
 1.7289450735747112e+00   96   96   46   46
 6.5318334992393634e-01   96   96   47   47
 6.9140509675259776e-01   96   96   48   48
 7.1787506448806682e-01   96   96   49   49
 6.3939055595934113e-01   96   96   50   50
 1.0181955874522972e+00   96   96   51   51
 6.8334509754526940e-01   96   96   52   52
 9.2284492092581338e-01   96   96   53   53
 8.7200487944212202e-01   96   96   54   54
 8.1597682375629188e-01   96   96   55   55
 7.1714681598733154e-01   96   96   56   56
 6.6909551892712937e-01   96   96   57   57
 8.4189880674648088e-01   96   96   58   58
 7.1585312577013926e-01   96   96   59   59
 9.0408444652399278e-01   96   96   60   60
 1.1889933866225233e+00   96   96   61   61
 1.1251627663244854e+00   96   96   62   62
 1.0348398524247886e+00   96   96   63   63
 6.8434167354342534e-01   96   96   64   64
 1.2162489749170637e+00   96   96   65   65
 7.3464377457792363e-01   96   96   66   66
 1.7503278284259025e+00   96   96   67   67
 2.0119221437327379e+00   96   96   68   68
 1.9334415857813605e+00   96   96   69   69
 1.5377100939381994e+00   96   96   70   70
 1.5077588977293193e+00   96   96   71   71
 1.6554986919706967e+00   96   96   72   72
 1.3435201658373737e+00   96   96   73   73
 1.5079445375394758e+00   96   96   74   74
 1.5005162191612511e+00   96   96   75   75
 1.3351359723144123e+00   96   96   76   76
 1.2208652762882233e+00   96   96   77   77
 1.2201296592243271e+00   96   96   78   78
 1.0834025205989131e+00   96   96   79   79
 8.7183408772028037e-01   96   96   80   80
 8.6395556469752977e-01   96   96   81   81
 8.0757107295779240e-01   96   96   82   82
 8.2156553498470275e-01   96   96   83   83
 7.7329457627565867e-01   96   96   84   84
 7.6705387633298006e-01   96   96   85   85
 6.9892146025486379e-01   96   96   86   86
 2.0239170044195043e+00   96   96   87   87
 1.0955524093965414e+00   96   96   88   88
 2.6593152657560930e+00   96   96   89   89
 3.4565822226002494e+00   96   96   90   90
 1.5666546091969082e+00   96   96   91   91
 1.2458398777373481e+00   96   96   92   92
 1.3084084391413757e+00   96   96   93   93
 1.4989518974011375e+00   96   96   94   94
 2.8176956684441499e+00   96   96   95   95
 9.6429912899999994e+00   96   96   96   96
 2.4678000574846433e+00   97   97    1    1
 2.6132717957528326e+00   97   97    2    2
 2.1661218958652331e+00   97   97    3    3
 1.8618754948644636e+00   97   97    4    4
 1.8127148908197697e+00   97   97    5    5
 2.0322647749638665e+00   97   97    6    6
 1.0909758796460469e+00   97   97    7    7
 1.0426645496365079e+00   97   97    8    8
 1.0585739651566224e+00   97   97    9    9
 1.0057892602538256e+00   97   97   10   10
 9.4486925195627514e-01   97   97   11   11
 7.7210153580825236e-01   97   97   12   12
 9.3113993259107863e-01   97   97   13   13
 9.7365648963246176e-01   97   97   14   14
 1.0279220128035702e+00   97   97   15   15
 9.5352386692870372e-01   97   97   16   16
 9.0513152826712262e-01   97   97   17   17
 9.1540326759394930e-01   97   97   18   18
 9.7826285416472647e-01   97   97   19   19
 1.0399343059077262e+00   97   97   20   20
 3.2293871966992675e+00   97   97   21   21
 3.2406644246121608e+00   97   97   22   22
 3.0366368404105284e+00   97   97   23   23
 2.6687777385496858e+00   97   97   24   24
 2.5000262068266506e+00   97   97   25   25
 2.5894554706129451e+00   97   97   26   26
 2.9147394924026133e+00   97   97   27   27
 3.4813406310698234e+00   97   97   28   28
 4.4863460605362171e+00   97   97   29   29
 3.5379457946477588e+00   97   97   30   30
 2.7227326148148840e+00   97   97   31   31
 2.4946686639529183e+00   97   97   32   32
 2.7097405592451760e+00   97   97   33   33
 1.4788353724302443e+00   97   97   34   34
 1.3070756402369625e+00   97   97   35   35
 1.2147920029255261e+00   97   97   36   36
 1.2581280907817143e+00   97   97   37   37
 1.4072769520797248e+00   97   97   38   38
 1.5534030274774355e+00   97   97   39   39
 1.8023248129338429e+00   97   97   40   40
 2.1104521795136972e+00   97   97   41   41
 2.0857500415252881e+00   97   97   42   42
 6.8098749110699430e-01   97   97   43   43
 1.7726695522371090e+00   97   97   44   44
 1.5827593078253674e+00   97   97   45   45
 1.5965523848644245e+00   97   97   46   46
 6.6457985056173274e-01   97   97   47   47
 7.0385344226390389e-01   97   97   48   48
 7.3774348319138250e-01   97   97   49   49
 6.5498496024683228e-01   97   97   50   50
 1.1645606083732538e+00   97   97   51   51
 7.2690853803270350e-01   97   97   52   52
 8.6227510020292386e-01   97   97   53   53
 8.1315596652893096e-01   97   97   54   54
 7.7161545356603400e-01   97   97   55   55
 7.6296250916220609e-01   97   97   56   56
 7.1645107964401311e-01   97   97   57   57
 8.1282888120983465e-01   97   97   58   58
 7.5578844027521863e-01   97   97   59   59
 8.6184117953576100e-01   97   97   60   60
 1.3694327485968276e+00   97   97   61   61
 1.2385553139277012e+00   97   97   62   62
 1.1562406876450801e+00   97   97   63   63
 7.3308292131223529e-01   97   97   64   64
 1.3557099122810055e+00   97   97   65   65
 7.7531910612550625e-01   97   97   66   66
 2.1588345921755292e+00   97   97   67   67
 2.2588724275386540e+00   97   97   68   68
 1.9471554431252087e+00   97   97   69   69
 1.8312042315169306e+00   97   97   70   70
 1.6645582419907849e+00   97   97   71   71
 1.7018114215695006e+00   97   97   72   72
 1.3774637526296154e+00   97   97   73   73
 1.4855045142536909e+00   97   97   74   74
 1.3927443995840143e+00   97   97   75   75
 1.2432024424757522e+00   97   97   76   76
 1.2308745676631225e+00   97   97   77   77
 1.1809206601320332e+00   97   97   78   78
 1.2595067883930176e+00   97   97   79   79
 9.1787733431334706e-01   97   97   80   80
 8.9502589675275923e-01   97   97   81   81
 8.2961632068555324e-01   97   97   82   82
 8.6823045392309783e-01   97   97   83   83
 8.0858140160307557e-01   97   97   84   84
 7.9210892576664149e-01   97   97   85   85
 7.2387924825751770e-01   97   97   86   86
 2.1924726472864626e+00   97   97   87   87
 1.1462515409244254e+00   97   97   88   88
 3.5621779437598469e+00   97   97   89   89
 2.6539825868425870e+00   97   97   90   90
 1.5305904542438076e+00   97   97   91   91
 1.2775012011130589e+00   97   97   92   92
 1.2547305408987885e+00   97   97   93   93
 1.5256214181178436e+00   97   97   94   94
 3.5572918911660056e+00   97   97   95   95
 3.2703532095779058e+00   97   97   96   96
 9.6429912899999994e+00   97   97   97   97
 2.9555688347428424e+00   98   98    1    1
 3.2271725058932939e+00   98   98    2    2
 2.9518264530303173e+00   98   98    3    3
 2.5996669956466012e+00   98   98    4    4
 2.4752801462214591e+00   98   98    5    5
 2.6134604563469122e+00   98   98    6    6
 1.3719908348110774e+00   98   98    7    7
 1.3002455875637786e+00   98   98    8    8
 1.3580521504343417e+00   98   98    9    9
 1.2651957818380932e+00   98   98   10   10
 1.1462264378341991e+00   98   98   11   11
 8.8487553232536509e-01   98   98   12   12
 1.1092285925647525e+00   98   98   13   13
 1.1704927345006433e+00   98   98   14   14
 1.2719268746694830e+00   98   98   15   15
 1.1907273852287188e+00   98   98   16   16
 1.1126949514927238e+00   98   98   17   17
 1.0991156384052980e+00   98   98   18   18
 1.1578145163079072e+00   98   98   19   19
 1.2462046360691124e+00   98   98   20   20
 3.2318922831907364e+00   98   98   21   21
 2.6086885903464641e+00   98   98   22   22
 2.1558226631043582e+00   98   98   23   23
 1.8546721715029051e+00   98   98   24   24
 1.8132315618882124e+00   98   98   25   25
 2.0392737351589125e+00   98   98   26   26
 2.4802654005678071e+00   98   98   27   27
 3.4845710318442999e+00   98   98   28   28
 2.7113494002963909e+00   98   98   29   29
 2.4961760066558765e+00   98   98   30   30
 2.7214494681593147e+00   98   98   31   31
 3.5338311944735366e+00   98   98   32   32
 4.4862818996961336e+00   98   98   33   33
 1.8463506052965117e+00   98   98   34   34
 1.6230947200649215e+00   98   98   35   35
 1.5622604447841384e+00   98   98   36   36
 1.7022307597991493e+00   98   98   37   37
 1.9729882749782617e+00   98   98   38   38
 2.0893002972948143e+00   98   98   39   39
 1.4390395146160622e+00   98   98   40   40
 1.5527316187297262e+00   98   98   41   41
 1.4477869442668838e+00   98   98   42   42
 7.7806260467816701e-01   98   98   43   43
 1.2856358952232607e+00   98   98   44   44
 1.2190352855698536e+00   98   98   45   45
 1.2797594775453232e+00   98   98   46   46
 7.6828102838821366e-01   98   98   47   47
 8.2040160863588318e-01   98   98   48   48
 8.5858774879764677e-01   98   98   49   49
 7.5057966918264740e-01   98   98   50   50
 1.0883444453955891e+00   98   98   51   51
 8.0731428948857886e-01   98   98   52   52
 1.0298854208247044e+00   98   98   53   53
 9.5596228558221419e-01   98   98   54   54
 8.9010496056529498e-01   98   98   55   55
 8.5733560450103197e-01   98   98   56   56
 7.8638153798450694e-01   98   98   57   57
 9.4066655969803192e-01   98   98   58   58
 8.5594453664417480e-01   98   98   59   59
 1.0196714919258509e+00   98   98   60   60
 1.2451569165663166e+00   98   98   61   61
 1.2388241219932929e+00   98   98   62   62
 1.1302027746196235e+00   98   98   63   63
 8.0832414021874266e-01   98   98   64   64
 1.3106137734889751e+00   98   98   65   65
 8.8463304732060744e-01   98   98   66   66
 1.9536230777579828e+00   98   98   67   67
 2.2512050110181501e+00   98   98   68   68
 2.1240544855521533e+00   98   98   69   69
 1.6968750471574243e+00   98   98   70   70
 1.6474238722756955e+00   98   98   71   71
 1.8009892203946520e+00   98   98   72   72
 1.4377814809142571e+00   98   98   73   73
 1.6128742656610797e+00   98   98   74   74
 1.5767732470799509e+00   98   98   75   75
 1.3909793967192889e+00   98   98   76   76
 1.2925154365769349e+00   98   98   77   77
 1.2777900107841111e+00   98   98   78   78
 1.1354241870426141e+00   98   98   79   79
 1.0822649331783032e+00   98   98   80   80
 1.0684010440874980e+00   98   98   81   81
 9.8494077889818421e-01   98   98   82   82
 1.0082256254684250e+00   98   98   83   83
 9.3839703862657076e-01   98   98   84   84
 9.2840783182750064e-01   98   98   85   85
 8.3295711116903082e-01   98   98   86   86
 2.1886668673932075e+00   98   98   87   87
 1.3155563990377772e+00   98   98   88   88
 3.3473125517483999e+00   98   98   89   89
 3.4208096334226323e+00   98   98   90   90
 2.0724382551977620e+00   98   98   91   91
 1.4781135762072211e+00   98   98   92   92
 1.5908373643966158e+00   98   98   93   93
 1.7478210120924806e+00   98   98   94   94
 2.6394262580034864e+00   98   98   95   95
 3.6284064275651224e+00   98   98   96   96
 2.8177657067753530e+00   98   98   97   97
 9.6429912899999994e+00   98   98   98   98
 1.8387855124673980e+00   99   99    1    1
 1.6383801107094331e+00   99   99    2    2
 1.6762265679368611e+00   99   99    3    3
 1.9158060088585365e+00   99   99    4    4
 2.2545323147720415e+00   99   99    5    5
 2.1819176040337975e+00   99   99    6    6
 3.2285738734230010e+00   99   99    7    7
 3.2337125538816092e+00   99   99    8    8
 2.9693028504243371e+00   99   99    9    9
 2.6120924658617759e+00   99   99   10   10
 2.4655344767143617e+00   99   99   11   11
 1.2888012307229344e+00   99   99   12   12
 2.5867462241393611e+00   99   99   13   13
 2.9442602485381686e+00   99   99   14   14
 2.6008506810129899e+00   99   99   15   15
 2.1518610579810353e+00   99   99   16   16
 1.8509532431634006e+00   99   99   17   17
 1.8091322216505095e+00   99   99   18   18
 2.0325085486238175e+00   99   99   19   19
 2.4704708213665083e+00   99   99   20   20
 1.4284478011189703e+00   99   99   21   21
 1.3068181606896205e+00   99   99   22   22
 1.3112355570080050e+00   99   99   23   23
 1.1923938261651277e+00   99   99   24   24
 1.0952682545553512e+00   99   99   25   25
 1.0919218512869537e+00   99   99   26   26
 1.1801572260347659e+00   99   99   27   27
 1.3568868298712229e+00   99   99   28   28
 1.2673030609886706e+00   99   99   29   29
 1.2004182647110242e+00   99   99   30   30
 1.2036016288301057e+00   99   99   31   31
 1.2747345160572003e+00   99   99   32   32
 1.3571207477579033e+00   99   99   33   33
 3.5393800859710791e+00   99   99   34   34
 4.4886005658415273e+00   99   99   35   35
 3.4833555156661609e+00   99   99   36   36
 2.7117188619234396e+00   99   99   37   37
 2.4971308303330892e+00   99   99   38   38
 2.7223812379608106e+00   99   99   39   39
 9.8065074120352835e-01   99   99   40   40
 1.0028566746713945e+00   99   99   41   41
 9.4232419966020819e-01   99   99   42   42
 1.1622040355700423e+00   99   99   43   43
 8.7687720351302112e-01   99   99   44   44
 8.6112960257536819e-01   99   99   45   45
 9.0651873699617835e-01   99   99   46   46
 1.1613931583819197e+00   99   99   47   47
 1.2935355322976698e+00   99   99   48   48
 1.3842959525862555e+00   99   99   49   49
 1.1107151250630232e+00   99   99   50   50
 8.2612923280737594e-01   99   99   51   51
 1.2177747983741813e+00   99   99   52   52
 1.4316005892077461e+00   99   99   53   53
 1.2751342604949920e+00   99   99   54   54
 1.2187725105443079e+00   99   99   55   55
 1.1917840021917572e+00   99   99   56   56
 1.1404978122607017e+00   99   99   57   57
 1.4520546612436149e+00   99   99   58   58
 1.2967415051356741e+00   99   99   59   59
 1.5500062782962662e+00   99   99   60   60
 8.6465974580399740e-01   99   99   61   61
 8.8023539177323318e-01   99   99   62   62
 8.4745407420165797e-01   99   99   63   63
 1.1297957608741940e+00   99   99   64   64
 8.8960979735200441e-01   99   99   65   65
 1.2803853125132745e+00   99   99   66   66
 1.1190617528223274e+00   99   99   67   67
 1.1236539017356033e+00   99   99   68   68
 1.0499221865153014e+00   99   99   69   69
 1.0439422420135640e+00   99   99   70   70
 9.8460266942520036e-01   99   99   71   71
 9.8627494026179674e-01   99   99   72   72
 8.8238071122933959e-01   99   99   73   73
 9.1599027702918412e-01   99   99   74   74
 8.8007554367215646e-01   99   99   75   75
 8.2248521442693057e-01   99   99   76   76
 8.2381387160005781e-01   99   99   77   77
 7.9876906166631478e-01   99   99   78   78
 8.3408296066604037e-01   99   99   79   79
 2.0360973118214596e+00   99   99   80   80
 2.0781158071796755e+00   99   99   81   81
 1.7875986790702667e+00   99   99   82   82
 1.7409722155652327e+00   99   99   83   83
 1.5669909382790268e+00   99   99   84   84
 1.5808968228583642e+00   99   99   85   85
 1.2966447279835591e+00   99   99   86   86
 1.3813308212026354e+00   99   99   87   87
 2.0764668973884266e+00   99   99   88   88
 2.2691774515913656e+00   99   99   89   89
 1.9310585118479240e+00   99   99   90   90
 3.3766258074933448e+00   99   99   91   91
 3.4244975813166665e+00   99   99   92   92
 2.6391387606716559e+00   99   99   93   93
 3.6079580063257581e+00   99   99   94   94
 1.9685725721255303e+00   99   99   95   95
 1.5383510628180379e+00   99   99   96   96
 1.6511111275232893e+00   99   99   97   97
 1.9090688205040816e+00   99   99   98   98
 9.6429912899999994e+00   99   99   99   99
 1.6834628939572143e+00  100  100    1    1
 1.6457165959826763e+00  100  100    2    2
 1.8407542488648496e+00  100  100    3    3
 2.1786387800894365e+00  100  100    4    4
 2.2572437573076827e+00  100  100    5    5
 1.9224494651739816e+00  100  100    6    6
 3.2276142752663639e+00  100  100    7    7
 2.6040735161351045e+00  100  100    8    8
 2.4529582257644242e+00  100  100    9    9
 2.0230177420329287e+00  100  100   10   10
 1.8088343534476619e+00  100  100   11   11
 1.5866772519333345e+00  100  100   12   12
 1.8589300326035523e+00  100  100   13   13
 2.1636071212427739e+00  100  100   14   14
 3.2460878172098639e+00  100  100   15   15
 3.0429576453966476e+00  100  100   16   16
 2.6681956240158731e+00  100  100   17   17
 2.4965281468632163e+00  100  100   18   18
 2.5874881013429785e+00  100  100   19   19
 2.9157759890483956e+00  100  100   20   20
 1.4389146523530247e+00  100  100   21   21
 1.3412264284118443e+00  100  100   22   22
 1.3119270188974470e+00  100  100   23   23
 1.2073966800272407e+00  100  100   24   24
 1.1396181608844200e+00  100  100   25   25
 1.1591886260681237e+00  100  100   26   26
 1.2504143059934931e+00  100  100   27   27
 1.3397065046089063e+00  100  100   28   28
 1.2062837572944445e+00  100  100   29   29
 1.1316687603065945e+00  100  100   30   30
 1.1546827257018550e+00  100  100   31   31
 1.2663628133941891e+00  100  100   32   32
 1.3752771403749153e+00  100  100   33   33
 2.4976780359811266e+00  100  100   34   34
 2.7114023391013373e+00  100  100   35   35
 3.4819968439585294e+00  100  100   36   36
 4.4879861637180136e+00  100  100   37   37
 3.5409042070331158e+00  100  100   38   38
 2.7236359466275806e+00  100  100   39   39
 1.0422718451197879e+00  100  100   40   40
 1.0446534733766433e+00  100  100   41   41
 9.6389971031504595e-01  100  100   42   42
 9.9020323937033128e-01  100  100   43   43
 8.9907765643539950e-01  100  100   44   44
 8.9626497942074490e-01  100  100   45   45
 9.5975986458772922e-01  100  100   46   46
 1.0376275330496549e+00  100  100   47   47
 1.1394070370120657e+00  100  100   48   48
 1.1669117594087115e+00  100  100   49   49
 9.7549861737545851e-01  100  100   50   50
 7.4403859206274270e-01  100  100   51   51
 9.5996340335038388e-01  100  100   52   52
 2.0847129403632070e+00  100  100   53   53
 1.7686403351687408e+00  100  100   54   54
 1.5753902489899585e+00  100  100   55   55
 9.5587127146407957e-01  100  100   56   56
 9.0160160916121113e-01  100  100   57   57
 1.7911832703101906e+00  100  100   58   58
 1.0291269961215879e+00  100  100   59   59
 2.1026654095845658e+00  100  100   60   60
 7.9136482434214261e-01  100  100   61   61
 8.0950530018319999e-01  100  100   62   62
 7.6913493637046526e-01  100  100   63   63
 8.9988604308768316e-01  100  100   64   64
 8.2211266375350378e-01  100  100   65   65
 1.0265245686870179e+00  100  100   66   66
 1.0228777401413569e+00  100  100   67   67
 1.0672900453336618e+00  100  100   68   68
 1.0270771214158974e+00  100  100   69   69
 9.5287977402010593e-01  100  100   70   70
 9.2465365130757582e-01  100  100   71   71
 9.5548711589435054e-01  100  100   72   72
 8.5281185673059257e-01  100  100   73   73
 9.0206687969140997e-01  100  100   74   74
 8.9007221884174070e-01  100  100   75   75
 8.3365744242314377e-01  100  100   76   76
 8.0238312606161155e-01  100  100   77   77
 7.9511341670887237e-01  100  100   78   78
 7.5393745689511904e-01  100  100   79   79
 1.4443167923935334e+00  100  100   80   80
 1.5502472276760693e+00  100  100   81   81
 1.4370659099818361e+00  100  100   82   82
 1.2829367556783313e+00  100  100   83   83
 1.2204343560984983e+00  100  100   84   84
 1.2783680222818863e+00  100  100   85   85
 1.0781692745469464e+00  100  100   86   86
 1.3007446998523069e+00  100  100   87   87
 1.6600662730936140e+00  100  100   88   88
 1.9397875753959952e+00  100  100   89   89
 2.2643192527030482e+00  100  100   90   90
 3.5363971031802923e+00  100  100   91   91
 2.6553721194165636e+00  100  100   92   92
 3.5679646579111219e+00  100  100   93   93
 3.2693611023684448e+00  100  100   94   94
 1.8504464750325720e+00  100  100   95   95
 1.6719975602722859e+00  100  100   96   96
 1.5391676724558370e+00  100  100   97   97
 2.0841984061955587e+00  100  100   98   98
 2.8174051559520854e+00  100  100   99   99
 9.6429912899999994e+00  100  100  100  100
-1.5650002266094373e+02    1    1    0    0
-2.0575927709803343e+00    2    1    0    0
-1.5883408986388753e+02    2    2    0    0
-2.0615563625096414e+00    3    2    0    0
-1.5413153785909512e+02    3    3    0    0
-2.1555505225136873e+00    4    3    0    0
-1.5123779587911480e+02    4    4    0    0
-2.1171532668345665e+00    5    4    0    0
-1.5451941421639970e+02    5    5    0    0
-2.1613643977882582e+00    6    1    0    0
-2.1223775645034504e+00    6    5    0    0
-1.5348941678811161e+02    6    6    0    0
-1.5786002769445105e+02    7    7    0    0
-1.3904914188275108e+00    8    7    0    0
-1.5487453945507511e+02    8    8    0    0
-2.0568509459418021e+00    9    8    0    0
-1.5115774106807254e+02    9    9    0    0
-2.1574842717366840e+00   10    9    0    0
-1.4333730778030073e+02   10   10    0    0
-2.1215906411071410e+00   11   10    0    0
-1.4103436747276371e+02   11   11    0    0
-1.0139044993567828e+02   12   12    0    0
-2.1242155379777237e+00   13   11    0    0
-1.3989246838632346e+02   13   13    0    0
-2.0602632056574293e+00   14    8    0    0
-2.1498325138608174e+00   14   13    0    0
-1.4722257044953287e+02   14   14    0    0
-1.2088645349295155e+00   15    7    0    0
-1.5210404831941906e+02   15   15    0    0
-2.0785265521446963e+00   16   15    0    0
-1.4387480396579383e+02   16   16    0    0
-2.1472524597044100e+00   17   16    0    0
-1.3302628025797242e+02   17   17    0    0
-2.1276820064125794e+00   18   17    0    0
-1.3120954922178200e+02   18   18    0    0
-2.1286704256547644e+00   19   18    0    0
-1.3469160354422647e+02   19   19    0    0
-2.0753011953981852e+00   20   15    0    0
-2.1538517060032238e+00   20   19    0    0
-1.4573041244332953e+02   20   20    0    0
-1.3938833324914892e+00   21    2    0    0
-1.5784741089341205e+02   21   21    0    0
-1.2323592838035395e+00   22   21    0    0
-1.5161820943487780e+02   22   22    0    0
-2.0753848170885298e+00   23   22    0    0
-1.4472293588461696e+02   23   23    0    0
-2.1495289659350720e+00   24   23    0    0
-1.3336307548343004e+02   24   24    0    0
-2.1250202872436028e+00   25   24    0    0
-1.3010126544627440e+02   25   25    0    0
-2.1268775332931003e+00   26   25    0    0
-1.3238772653646527e+02   26   26    0    0
-2.0741006070294703e+00   27   22    0    0
-2.1539255771161505e+00   27   26    0    0
-1.4346777700120614e+02   27   27    0    0
-1.1361426935479622e+00   28   21    0    0
-1.5560409996993184e+02   28   28    0    0
-2.0824199684949596e+00   29   28    0    0
-1.4842193101423757e+02   29   29    0    0
-2.1558336315664719e+00   30   29    0    0
-1.4121468597627634e+02   30   30    0    0
-2.1230194504232185e+00   31   30    0    0
-1.4221528799324489e+02   31   31    0    0
-2.1235356731665376e+00   32   31    0    0
-1.4411343686974121e+02   32   32    0    0
-2.0796004264929806e+00   33   28    0    0
-2.1511201942800291e+00   33   32    0    0
-1.5167936596270746e+02   33   33    0    0
-1.5296783669493649e+02   34   34    0    0
-2.1567267716935961e+00   35   34    0    0
-1.5615753533572348e+02   35   35    0    0
-1.1851755679903302e+00   36    7    0    0
-2.0787625160717056e+00   36   35    0    0
-1.5920005481242850e+02   36   36    0    0
-2.0789253122375708e+00   37   36    0    0
-1.5502341897541092e+02   37   37    0    0
-2.1559294617574487e+00   38   37    0    0
-1.5200804431817659e+02   38   38    0    0
-1.6031081537116989e+00   39    5    0    0
-2.1175552435420641e+00   39   34    0    0
-2.1209859768517951e+00   39   38    0    0
-1.5464503827765697e+02   39   39    0    0
-1.1088334642100951e+02   40   40    0    0
-5.0774948071743908e-01   41   25    0    0
-2.0953133721374320e+00   41   40    0    0
-1.1876232495912713e+02   41   41    0    0
-2.0884929472736449e+00   42   41    0    0
-1.1121310271999037e+02   42   42    0    0
-1.0677893727921828e+02   43   43    0    0
-2.1253899050349716e+00   44   42    0    0
-1.0102383460344915e+02   44   44    0    0
-2.1255295971544759e+00   45   44    0    0
-9.6956315045711548e+01   45   45    0    0
-2.1215496774742046e+00   46   40    0    0
-2.1265172712355369e+00   46   45    0    0
-1.0089985138276005e+02   46   46    0    0
-1.0114054240146704e+02   47   47    0    0
-2.1467147996092133e+00   48   47    0    0
-1.0992436620202888e+02   48   48    0    0
-2.1165105669726794e+00   49   48    0    0
-1.2030278487965852e+02   49   49    0    0
-2.1468011440641286e+00   50   43    0    0
-2.0906353906129418e+00   50   47    0    0
-9.9597487444113924e+01   50   50    0    0
-9.6947424598935996e+01   51   51    0    0
-1.0738521901334600e+02   52   52    0    0
-1.1359615629683717e+02   53   53    0    0
-2.1265119019096717e+00   54   53    0    0
-1.0331993299897707e+02   54   54    0    0
-2.1271457578781239e+00   55   12    0    0
-2.1225354273335291e+00   55   54    0    0
-9.8384553644618222e+01   55   55    0    0
-1.0252849340296852e+02   56   56    0    0
-2.1341120953168646e+00   57   52    0    0
-9.8736748919068731e+01   57   57    0    0
-2.1204631891208559e+00   58   12    0    0
-1.1114781111994421e+02   58   58    0    0
-2.1245969939258882e+00   59   52    0    0
-1.1772730133020926e+02   59   59    0    0
-5.9591117253912439e-02   60   18    0    0
-2.0928442825374094e+00   60   53    0    0
-2.1006830900401612e+00   60   58    0    0
-1.2003675805476774e+02   60   60    0    0
-1.1000444169965049e+02   61   61    0    0
-1.0928737366140325e+02   62   62    0    0
-2.1297051927071542e+00   63   51    0    0
-2.1327772946651242e+00   63   62    0    0
-1.0008404471717384e+02   63   63    0    0
-2.1297931535185186e+00   64   56    0    0
-2.1295532155800920e+00   64   57    0    0
-9.7469657544708141e+01   64   64    0    0
-2.1261677015910685e+00   65   61    0    0
-2.1271553739887348e+00   65   62    0    0
-1.1820450148626919e+02   65   65    0    0
-2.1339765625544009e+00   66   56    0    0
-2.1255409059952912e+00   66   59    0    0
-1.1164773151978896e+02   66   66    0    0
-1.3101332802828321e+02   67   67    0    0
-1.1161438376165667e+00   68   31    0    0
-2.0714884752195943e+00   68   67    0    0
-1.3621946386671007e+02   68   68    0    0
-2.1310554587501462e+00   69   68    0    0
-1.3106810302067183e+02   69   69    0    0
-2.1560965148378353e+00   70   67    0    0
-1.2685844925798480e+02   70   70    0    0
-2.1192885582437144e+00   71   70    0    0
-1.3047219168398300e+02   71   71    0    0
-2.1218131168648244e+00   72   69    0    0
-2.0648320733454502e+00   72   71    0    0
-1.2939751894251592e+02   72   72    0    0
-1.2151140786661412e+02   73   73    0    0
-1.9177354485373881e+00   74   72    0    0
-2.0659469205348038e+00   74   73    0    0
-1.2240455721285683e+02   74   74    0    0
-2.1167094515732563e+00   75   74    0    0
-1.1239527906949371e+02   75   75    0    0
-2.1466218201614384e+00   76   75    0    0
-1.0354183058963540e+02   76   76    0    0
-2.1188862427049426e+00   77   73    0    0
-1.0848844343337569e+02   77   77    0    0
-2.0899678910403803e+00   78   76    0    0
-2.1466599102376138e+00   78   77    0    0
-1.0166450352831444e+02   78   78    0    0
-2.1290968869586564e+00   79   51    0    0
-2.1347934382829892e+00   79   61    0    0
-1.0045979688619130e+02   79   79    0    0
-1.3100792430157449e+02   80   80    0    0
-9.2402674640280813e-01   81   11    0    0
-2.0729551736538574e+00   81   80    0    0
-1.3503383306053590e+02   81   81    0    0
-2.1306968996558440e+00   82   81    0    0
-1.2906043453131778e+02   82   82    0    0
-2.1526307792890131e+00   83   80    0    0
-1.2678178488764968e+02   83   83    0    0
-2.1182586933749157e+00   84   83    0    0
-1.2943862062896633e+02   84   84    0    0
-1.9169687230016039e+00   85   49    0    0
-2.1205911019342740e+00   85   82    0    0
-2.0645961475085808e+00   85   84    0    0
-1.2758731158117970e+02   85   85    0    0
-2.1173742508594389e+00   86   43    0    0
-2.0672035224453280e+00   86   49    0    0
-1.1983488929406600e+02   86   86    0    0
-1.2790230357012717e+00   87   65    0    0
-3.3980853935739872e+00   87   71    0    0
-3.3805459984444668e+00   87   73    0    0
-1.9548051619046041e+02   87   87    0    0
-1.5401302974207862e+00   88   59    0    0
-3.3893207117782111e+00   88   84    0    0
-3.3763295258447101e+00   88   86    0    0
-1.9381850321911247e+02   88   88    0    0
-2.0966316283737179e+00   89    1    0    0
-2.0937261286242375e+02   89   89    0    0
-2.0988530062113342e+00   90    3    0    0
-2.0201054630631288e+02   90   90    0    0
-2.0940271991985657e+00   91    9    0    0
-2.0750052885264216e+02   91   91    0    0
-2.0954603860690622e+00   92   14    0    0
-1.9480170899318267e+02   92   92    0    0
-2.0977559075509897e+00   93   16    0    0
-1.9432334849433582e+02   93   93    0    0
-2.0954642238344330e+00   94   20    0    0
-1.9988009941245619e+02   94   94    0    0
-2.0968384533095223e+00   95   23    0    0
-1.9850660893921625e+02   95   95    0    0
-2.0975325824325384e+00   96   27    0    0
-1.9440173896354688e+02   96   96    0    0
-2.0932634481685666e+00   97   29    0    0
-1.9655703954882006e+02   97   97    0    0
-2.0931135414426159e+00   98   33    0    0
-2.0682918477675005e+02   98   98    0    0
-2.0985350156370246e+00   99   35    0    0
-2.0750403138398948e+02   99   99    0    0
-2.0970976086608681e+00  100   37    0    0
-2.0384655737466943e+02  100  100    0    0
 8.8414436232089938e+03    0    0    0    0
