&FCI NORB=100, NELEC=114, MS2=0,
 ORBSYM=1,1,1,1,1,1,1,1,1,1,1,1,1,1,1,1,1,1,1,1,1,1,1,1,1,1,1,1,1,1,1,1,1,1,1,1,1,1,1,1,1,1,1,1,1,1,1,1,1,1,1,1,1,1,1,1,1,1,1,1,1,1,1,1,1,1,1,1,1,1,1,1,1,1,1,1,1,1,1,1,1,1,1,1,1,1,1,1,1,1,1,1,1,1,1,1,1,1,1,1,
 ISYM=1,
&END
 8.4208384499999998e+00    1    1    1    1
 3.9066976635675026e+00    2    2    1    1
 8.4208384499999998e+00    2    2    2    2
 2.8405805496494927e+00    3    3    1    1
 3.9077820922499407e+00    3    3    2    2
 8.4208384499999998e+00    3    3    3    3
 2.5863379995489457e+00    4    4    1    1
 2.8104745996222915e+00    4    4    2    2
 3.9346650046939664e+00    4    4    3    3
 8.4208384499999998e+00    4    4    4    4
 2.7991047328941310e+00    5    5    1    1
 2.5050950691505780e+00    5    5    2    2
 2.7963872063988306e+00    5    5    3    3
 3.9244048989707299e+00    5    5    4    4
 8.4208384499999998e+00    5    5    5    5
 3.9428798887305576e+00    6    6    1    1
 2.8134727491947054e+00    6    6    2    2
 2.5875043490738308e+00    6    6    3    3
 2.8740075491546144e+00    6    6    4    4
 3.9280705270449254e+00    6    6    5    5
 8.4208384499999998e+00    6    6    6    6
 1.1231457793328219e+00    7    7    1    1
 1.0462330553489423e+00    7    7    2    2
 1.1178595861254046e+00    7    7    3    3
 1.3138968934739998e+00    7    7    4    4
 1.4804290440099417e+00    7    7    5    5
 1.3214968957516100e+00    7    7    6    6
 8.4208384499999998e+00    7    7    7    7
 1.0551884692890496e+00    8    8    1    1
 9.7251517793290765e-01    8    8    2    2
 1.0182484491151169e+00    8    8    3    3
 1.1726921705455273e+00    8    8    4    4
 1.3284399107167615e+00    8    8    5    5
 1.2290085365857157e+00    8    8    6    6
 3.8866094234263553e+00    8    8    7    7
 8.4208384499999998e+00    8    8    8    8
 1.0930540167254956e+00    9    9    1    1
 9.9727019159336394e-01    9    9    2    2
 1.0323514504589779e+00    9    9    3    3
 1.1814212304384999e+00    9    9    4    4
 1.3510642978703435e+00    9    9    5    5
 1.2729056710921376e+00    9    9    6    6
 2.7775063262436999e+00    9    9    7    7
 3.9006204317442830e+00    9    9    8    8
 8.4208384499999998e+00    9    9    9    9
 9.9965493993052967e-01   10   10    1    1
 9.1068659492856729e-01   10   10    2    2
 9.2900519167212692e-01   10   10    3    3
 1.0416459688987858e+00   10   10    4    4
 1.1802579144747682e+00   10   10    5    5
 1.1419959187315742e+00   10   10    6    6
 2.0681423140522095e+00   10   10    7    7
 2.8071555550511698e+00   10   10    8    8
 3.9410793216566748e+00   10   10    9    9
 8.4208384499999998e+00   10   10   10   10
 8.9958221908866509e-01   11   11    1    1
 8.2470709992898605e-01   11   11    2    2
 8.3962516720915092e-01   11   11    3    3
 9.3275628342415240e-01   11   11    4    4
 1.0447884349357119e+00   11   11    5    5
 1.0153455601402559e+00   11   11    6    6
 1.8585842181535073e+00   11   11    7    7
 2.5030513016960718e+00   11   11    8    8
 2.8018879958260645e+00   11   11    9    9
 3.9310505833676390e+00   11   11   10   10
 8.4208384499999998e+00   11   11   11   11
 6.4467885425654048e-01   12   12    1    1
 6.3759664333973609e-01   12   12    2    2
 6.8386732957123553e-01   12   12    3    3
 7.4765856307661582e-01   12   12    4    4
 7.5966480275646420e-01   12   12    5    5
 6.9786199687543926e-01   12   12    6    6
 1.1224543863741812e+00   12   12    7    7
 1.0453072810456472e+00   12   12    8    8
 9.2909010868685604e-01   12   12    9    9
 8.6426946563608509e-01   12   12   10   10
 8.7863444903221033e-01   12   12   11   11
 8.4208384499999998e+00   12   12   12   12
 8.7964676320626056e-01   13   13    1    1
 8.1170944574999992e-01   13   13    2    2
 8.3320702602759200e-01   13   13    3    3
 9.3006700173528345e-01   13   13    4    4
 1.0365671136824526e+00   13   13    5    5
 9.9489751044687991e-01   13   13    6    6
 2.0657692751366534e+00   13   13    7    7
 2.8062726407435541e+00   13   13    8    8
 2.5870820827894541e+00   13   13    9    9
 2.8739163417919094e+00   13   13   10   10
 3.9284614091289618e+00   13   13   11   11
 9.7575417951792032e-01   13   13   12   12
 8.4208384499999998e+00   13   13   13   13
 9.3995358550445784e-01   14   14    1    1
 8.6996322273225146e-01   14   14    2    2
 9.0365377704773675e-01   14   14    3    3
 1.0229319880369443e+00   14   14    4    4
 1.1432151458623290e+00   14   14    5    5
 1.0757283654389251e+00   14   14    6    6
 2.7737339539938337e+00   14   14    7    7
 3.9016784142173480e+00   14   14    8    8
 2.8405334585666422e+00   14   14    9    9
 2.5866369365775976e+00   14   14   10   10
 2.7994216954844799e+00   14   14   11   11
 1.0748879548143502e+00   14   14   12   12
 3.9362358125590595e+00   14   14   13   13
 8.4208384499999998e+00   14   14   14   14
 1.0162702515475537e+00   15   15    1    1
 9.6601954022822834e-01   15   15    2    2
 1.0430059678284123e+00   15   15    3    3
 1.2141111087211631e+00   15   15    4    4
 1.3207528405138484e+00   15   15    5    5
 1.1718767632568297e+00   15   15    6    6
 3.8891814259921178e+00   15   15    7    7
 2.7777905925793016e+00   15   15    8    8
 2.0889667927135314e+00   15   15    9    9
 1.6889041056112990e+00   15   15   10   10
 1.6010851378186013e+00   15   15   11   11
 1.3264350468166721e+00   15   15   12   12
 1.8367744670513222e+00   15   15   13   13
 2.4236751407010568e+00   15   15   14   14
 8.4208384499999998e+00   15   15   15   15
 9.0478015855980898e-01   16   16    1    1
 8.6697995618207446e-01   16   16    2    2
 9.3248073714869240e-01   16   16    3    3
 1.0670879831353448e+00   16   16    4    4
 1.1408251801265132e+00   16   16    5    5
 1.0254789961495554e+00   16   16    6    6
 2.7753165121332577e+00   16   16    7    7
 2.4256006792723639e+00   16   16    8    8
 1.9191807053121051e+00   16   16    9    9
 1.6260896655699424e+00   16   16   10   10
 1.5856771688042590e+00   16   16   11   11
 1.4764762649722565e+00   16   16   12   12
 1.8316189915912757e+00   16   16   13   13
 2.3116439052579305e+00   16   16   14   14
 3.9005880930192487e+00   16   16   15   15
 8.4208384499999998e+00   16   16   16   16
 8.3140861189469062e-01   17   17    1    1
 8.0618794383519377e-01   17   17    2    2
 8.6991079512771274e-01   17   17    3    3
 9.8453996754223250e-01   17   17    4    4
 1.0321390934562509e+00   17   17    5    5
 9.2956152615430387e-01   17   17    6    6
 2.0677621839213058e+00   17   17    7    7
 1.8373481595806720e+00   17   17    8    8
 1.5245707563771087e+00   17   17    9    9
 1.3413431228056947e+00   17   17   10   10
 1.3332713679702752e+00   17   17   11   11
 1.8401700985049314e+00   17   17   12   12
 1.5274299701738892e+00   17   17   13   13
 1.8292577258721672e+00   17   17   14   14
 2.8085876403156544e+00   17   17   15   15
 3.9380874911882633e+00   17   17   16   16
 8.4208384499999998e+00   17   17   17   17
 8.3325011816795802e-01   18   18    1    1
 8.1431954013077168e-01   18   18    2    2
 8.8428550787979421e-01   18   18    3    3
 9.9949838384485146e-01   18   18    4    4
 1.0359307431595317e+00   18   18    5    5
 9.2781660524981124e-01   18   18    6    6
 1.8631154088790163e+00   18   18    7    7
 1.6030565648180588e+00   18   18    8    8
 1.3434721859262497e+00   18   18    9    9
 1.1841035381887053e+00   18   18   10   10
 1.1732983096941194e+00   18   18   11   11
 2.0760848595020516e+00   18   18   12   12
 1.3332114953952425e+00   18   18   13   13
 1.5846353857566715e+00   18   18   14   14
 2.5101059026351900e+00   18   18   15   15
 2.8048996975469898e+00   18   18   16   16
 3.9353782445295402e+00   18   18   17   17
 8.4208384499999998e+00   18   18   18   18
 9.1671560689424558e-01   19   19    1    1
 8.9381360158295187e-01   19   19    2    2
 9.7600609796917825e-01   19   19    3    3
 1.1160715608997662e+00   19   19    4    4
 1.1629826600014868e+00   19   19    5    5
 1.0303210865925270e+00   19   19    6    6
 2.0704456947411960e+00   19   19    7    7
 1.6892471916444924e+00   19   19    8    8
 1.3981637675972882e+00   19   19    9    9
 1.2098889084008997e+00   19   19   10   10
 1.1828555671709502e+00   19   19   11   11
 1.7045422584123053e+00   19   19   12   12
 1.3404283457150736e+00   19   19   13   13
 1.6243865128876620e+00   19   19   14   14
 2.8097343644627966e+00   19   19   15   15
 2.5859713663003783e+00   19   19   16   16
 2.8741927606609972e+00   19   19   17   17
 3.9373024739521152e+00   19   19   18   18
 8.4208384499999998e+00   19   19   19   19
 1.0206863275701943e+00   20   20    1    1
 9.8105185587875765e-01   20   20    2    2
 1.0694168451264778e+00   20   20    3    3
 1.2449256604963155e+00   20   20    4    4
 1.3314506754187980e+00   20   20    5    5
 1.1699935403109434e+00   20   20    6    6
 2.7802431088534316e+00   20   20    7    7
 2.0888155297161597e+00   20   20    8    8
 1.6697830963898197e+00   20   20    9    9
 1.3975866614175643e+00   20   20   10   10
 1.3412553870830883e+00   20   20   11   11
 1.4067258168011263e+00   20   20   12   12
 1.5230670278540439e+00   20   20   13   13
 1.9169538771553696e+00   20   20   14   14
 3.9005451452585054e+00   20   20   15   15
 2.8371475430537800e+00   20   20   16   16
 2.5860014729199787e+00   20   20   17   17
 2.8064749780237674e+00   20   20   18   18
 3.9417476523741914e+00   20   20   19   19
 8.4208384499999998e+00   20   20   20   20
 2.7874349953286592e+00   21   21    1    1
 3.8948524153203974e+00   21   21    2    2
 2.7813806474437275e+00   21   21    3    3
 2.0701515205891035e+00   21   21    4    4
 1.8615753755803954e+00   21   21    5    5
 2.0743416289088366e+00   21   21    6    6
 9.1428307874431936e-01   21   21    7    7
 8.5863769199281370e-01   21   21    8    8
 8.8091913951586265e-01   21   21    9    9
 8.1543692936083678e-01   21   21   10   10
 7.4521306969646572e-01   21   21   11   11
 5.8950405399085026e-01   21   21   12   12
 7.3242158366223065e-01   21   21   13   13
 7.7790914364035879e-01   21   21   14   14
 8.5283413536192942e-01   21   21   15   15
 7.7495203646793176e-01   21   21   16   16
 7.2692038986111462e-01   21   21   17   17
 7.3505213766588651e-01   21   21   18   18
 7.9980127978756232e-01   21   21   19   19
 8.6661576766482507e-01   21   21   20   20
 8.4208384499999998e+00   21   21   21   21
 2.0979897138474226e+00   22   22    1    1
 2.7720840778200260e+00   22   22    2    2
 2.4050403879265305e+00   22   22    3    3
 1.8263931806433238e+00   22   22    4    4
 1.5994508582518405e+00   22   22    5    5
 1.6953226500635183e+00   22   22    6    6
 8.4974810388469380e-01   22   22    7    7
 7.9437591829863852e-01   22   22    8    8
 8.0582140330173968e-01   22   22    9    9
 7.4687056108471794e-01   22   22   10   10
 6.8881852809252198e-01   22   22   11   11
 5.7763350868846430e-01   22   22   12   12
 6.8217363403923947e-01   22   22   13   13
 7.2564893568313560e-01   22   22   14   14
 8.0432905654570708e-01   22   22   15   15
 7.3413711828358774e-01   22   22   16   16
 6.9589667669306710e-01   22   22   17   17
 7.0970409294918624e-01   22   22   18   18
 7.7190783879388380e-01   22   22   19   19
 8.2656745851406588e-01   22   22   20   20
 3.8893443546014042e+00   22   22   21   21
 8.4208384499999998e+00   22   22   22   22
 1.9303857478624558e+00   23   23    1    1
 2.4197763545892497e+00   23   23    2    2
 2.2817306509333295e+00   23   23    3    3
 1.8117995760694077e+00   23   23    4    4
 1.5844889199959318e+00   23   23    5    5
 1.6376890051850592e+00   23   23    6    6
 8.6146646654850501e-01   23   23    7    7
 7.9883508240698708e-01   23   23    8    8
 7.9992277665685507e-01   23   23    9    9
 7.3851156479434421e-01   23   23   10   10
 6.8530810528410091e-01   23   23   11   11
 5.9656261633314667e-01   23   23   12   12
 6.8495955772015937e-01   23   23   13   13
 7.3284970744641031e-01   23   23   14   14
 8.2210271554158776e-01   23   23   15   15
 7.4664761435681559e-01   23   23   16   16
 7.1148464355941954e-01   23   23   17   17
 7.3263540395984694e-01   23   23   18   18
 8.0288016555239183e-01   23   23   19   19
 8.5652045314038527e-01   23   23   20   20
 2.7742799187959557e+00   23   23   21   21
 3.9016456896865330e+00   23   23   22   22
 8.4208384499999998e+00   23   23   23   23
 1.5311388783412796e+00   24   24    1    1
 1.8304631515510106e+00   24   24    2    2
 1.8000646226551273e+00   24   24    3    3
 1.5044064517718394e+00   24   24    4    4
 1.3279169782402824e+00   24   24    5    5
 1.3477449188604218e+00   24   24    6    6
 7.8976837260724830e-01   24   24    7    7
 7.3317329972600398e-01   24   24    8    8
 7.2999497623227272e-01   24   24    9    9
 6.7685551295482216e-01   24   24   10   10
 6.3282576399053125e-01   24   24   11   11
 5.7662219158860151e-01   24   24   12   12
 6.3508022721075774e-01   24   24   13   13
 6.7826836418610104e-01   24   24   14   14
 7.6247536587141740e-01   24   24   15   15
 6.9771699866222170e-01   24   24   16   16
 6.7111582153951765e-01   24   24   17   17
 6.9477863486935909e-01   24   24   18   18
 7.5811276547700401e-01   24   24   19   19
 7.9887739142806424e-01   24   24   20   20
 2.0673525823996592e+00   24   24   21   21
 2.8087251188238831e+00   24   24   22   22
 3.9364734457878230e+00   24   24   23   23
 8.4208384499999998e+00   24   24   24   24
 1.3468985334386918e+00   25   25    1    1
 1.5959205572392825e+00   25   25    2    2
 1.5613404308161469e+00   25   25    3    3
 1.3145758964739844e+00   25   25    4    4
 1.1669076359141388e+00   25   25    5    5
 1.1864747299327971e+00   25   25    6    6
 7.2410459735987320e-01   25   25    7    7
 6.7654519132917190e-01   25   25    8    8
 6.7667231999964572e-01   25   25    9    9
 6.3115718406299126e-01   25   25   10   10
 5.9106571669551744e-01   25   25   11   11
 5.4254904987725527e-01   25   25   12   12
 5.9118789403322602e-01   25   25   13   13
 6.2791754726329552e-01   25   25   14   14
 7.0083457377251368e-01   25   25   15   15
 6.4719536012389145e-01   25   25   16   16
 6.2447945633269186e-01   25   25   17   17
 6.4427955547216409e-01   25   25   18   18
 6.9667151952337025e-01   25   25   19   19
 7.2985996737972747e-01   25   25   20   20
 1.8613470302524147e+00   25   25   21   21
 2.5063893288893904e+00   25   25   22   22
 2.8007157323259619e+00   25   25   23   23
 3.9330252815458016e+00   25   25   24   24
 8.4208384499999998e+00   25   25   25   25
 1.4018040405537724e+00   26   26    1    1
 1.6844062739353296e+00   26   26    2    2
 1.6078612291590273e+00   26   26    3    3
 1.3279278211357448e+00   26   26    4    4
 1.1780622230972544e+00   26   26    5    5
 1.2115186762637917e+00   26   26    6    6
 7.1909624935798633e-01   26   26    7    7
 6.7537772817290298e-01   26   26    8    8
 6.8158103925724933e-01   26   26    9    9
 6.3739052070200231e-01   26   26   10   10
 5.9424792009055272e-01   26   26   11   11
 5.2948102953080478e-01   26   26   12   12
 5.9044929406014945e-01   26   26   13   13
 6.2469029740656901e-01   26   26   14   14
 6.9173478439574820e-01   26   26   15   15
 6.4066440884201781e-01   26   26   16   16
 6.1548116412081189e-01   26   26   17   17
 6.3034538593497869e-01   26   26   18   18
 6.7835447339943589e-01   26   26   19   19
 7.1342830935886115e-01   26   26   20   20
 2.0711714911949470e+00   26   26   21   21
 2.8101342429481559e+00   26   26   22   22
 2.5876055904692152e+00   26   26   23   23
 2.8781613409717290e+00   26   26   24   24
 3.9373788774947482e+00   26   26   25   25
 8.4208384499999998e+00   26   26   26   26
 1.6733714635121242e+00   27   27    1    1
 2.0829608475413908e+00   27   27    2    2
 1.9018259802686701e+00   27   27    3    3
 1.5131016991087385e+00   27   27    4    4
 1.3368190651696321e+00   27   27    5    5
 1.3985298620825706e+00   27   27    6    6
 7.6979901243717996e-01   27   27    7    7
 7.2384679005890395e-01   27   27    8    8
 7.3579206669602037e-01   27   27    9    9
 6.8672604663712777e-01   27   27   10   10
 6.3582618447242922e-01   27   27   11   11
 5.4388495463080877e-01   27   27   12   12
 6.2855337443506454e-01   27   27   13   13
 6.6497052723117656e-01   27   27   14   14
 7.3340576548350145e-01   27   27   15   15
 6.7645053172042002e-01   27   27   16   16
 6.4486018996174665e-01   27   27   17   17
 6.5676804101707753e-01   27   27   18   18
 7.0802624981984852e-01   27   27   19   19
 7.5140408984035922e-01   27   27   20   20
 2.7809971209542756e+00   27   27   21   21
 3.9006065779186994e+00   27   27   22   22
 2.8388331366277635e+00   27   27   23   23
 2.5882523947280580e+00   27   27   24   24
 2.8044472801929916e+00   27   27   25   25
 3.9434646697529310e+00   27   27   26   26
 8.4208384499999998e+00   27   27   27   27
 2.4617300856563782e+00   28   28    1    1
 2.8119686250247473e+00   28   28    2    2
 2.1132680991943364e+00   28   28    3    3
 1.7098582498933546e+00   28   28    4    4
 1.6201650682662809e+00   28   28    5    5
 1.8609030365096806e+00   28   28    6    6
 8.5943556968459289e-01   28   28    7    7
 8.1940731620338414e-01   28   28    8    8
 8.5072097345409425e-01   28   28    9    9
 7.9722593081765192e-01   28   28   10   10
 7.2853463318618528e-01   28   28   11   11
 5.5511298937781439e-01   28   28   12   12
 7.0947665799221615e-01   28   28   13   13
 7.4554465587687979e-01   28   28   14   14
 7.9758737321720685e-01   28   28   15   15
 7.3039112200591771e-01   28   28   16   16
 6.8360358677832089e-01   28   28   17   17
 6.8584405469069865e-01   28   28   18   18
 7.3995775663200491e-01   28   28   19   19
 8.0132282272136990e-01   28   28   20   20
 3.9012423845760957e+00   28   28   21   21
 2.8028955999003831e+00   28   28   22   22
 2.0980897642234910e+00   28   28   23   23
 1.7026788794508989e+00   28   28   24   24
 1.6213852407944118e+00   28   28   25   25
 1.8650941387101836e+00   28   28   26   26
 2.4656260699397614e+00   28   28   27   27
 8.4208384499999998e+00   28   28   28   28
 1.9926624778907494e+00   29   29    1    1
 2.1289130532476812e+00   29   29    2    2
 1.6845338638003831e+00   29   29    3    3
 1.4163688001436159e+00   29   29    4    4
 1.3703590526756653e+00   29   29    5    5
 1.5729760389512495e+00   29   29    6    6
 7.8606487249483881e-01   29   29    7    7
 7.5509965973920767e-01   29   29    8    8
 7.8194321525823973e-01   29   29    9    9
 7.4008062863531543e-01   29   29   10   10
 6.8247765432494534e-01   29   29   11   11
 5.2176707789421972e-01   29   29   12   12
 6.6504050315321739e-01   29   29   13   13
 6.9443608654650935e-01   29   29   14   14
 7.3242283604669900e-01   29   29   15   15
 6.7359688514577054e-01   29   29   16   16
 6.3303390465043741e-01   29   29   17   17
 6.3587641049855192e-01   29   29   18   18
 6.8408958726307112e-01   29   29   19   19
 7.3706092715720217e-01   29   29   20   20
 2.7896504333620609e+00   29   29   21   21
 2.4318651066830097e+00   29   29   22   22
 1.9334555268581353e+00   29   29   23   23
 1.6452176215773713e+00   29   29   24   24
 1.6058599002231306e+00   29   29   25   25
 1.8444587996729802e+00   29   29   26   26
 2.3133471116351503e+00   29   29   27   27
 3.9089163509265545e+00   29   29   28   28
 8.4208384499999998e+00   29   29   29   29
 1.6818513821429351e+00   30   30    1    1
 1.7175439937342756e+00   30   30    2    2
 1.4129973214217693e+00   30   30    3    3
 1.2295744925959700e+00   30   30    4    4
 1.2111711085336407e+00   30   30    5    5
 1.3842977884788206e+00   30   30    6    6
 7.3955466520595192e-01   30   30    7    7
 7.1797544414475323e-01   30   30    8    8
 7.4889759843684245e-01   30   30    9    9
 7.1611440353361011e-01   30   30   10   10
 6.6165036538313993e-01   30   30   11   11
 4.9471563937742513e-01   30   30   12   12
 6.4066328805674166e-01   30   30   13   13
 6.6333770692979654e-01   30   30   14   14
 6.8811084605773076e-01   30   30   15   15
 6.3717421755067361e-01   30   30   16   16
 5.9854164205046489e-01   30   30   17   17
 5.9801281917922577e-01   30   30   18   18
 6.3904389179398535e-01   30   30   19   19
 6.8734183552335248e-01   30   30   20   20
 2.0760304859837029e+00   30   30   21   21
 1.8477227061820598e+00   30   30   22   22
 1.5355981547837472e+00   30   30   23   23
 1.3590298587434988e+00   30   30   24   24
 1.3563674286284209e+00   30   30   25   25
 1.5502944530692255e+00   30   30   26   26
 1.8478029640041860e+00   30   30   27   27
 2.8155744094632720e+00   30   30   28   28
 3.9399433702114113e+00   30   30   29   29
 8.4208384499999998e+00   30   30   30   30
 1.6109993896721395e+00   31   31    1    1
 1.6206017133385837e+00   31   31    2    2
 1.3611870505195500e+00   31   31    3    3
 1.2045905286740821e+00   31   31    4    4
 1.1943356509910599e+00   31   31    5    5
 1.3565582225763566e+00   31   31    6    6
 7.4422390636092983e-01   31   31    7    7
 7.2676345391353603e-01   31   31    8    8
 7.6558808992614114e-01   31   31    9    9
 7.3498077482919599e-01   31   31   10   10
 6.7566394495829296e-01   31   31   11   11
 4.9287523076590162e-01   31   31   12   12
 6.4934784283968316e-01   31   31   13   13
 6.6945570363223539e-01   31   31   14   14
 6.8978381944739930e-01   31   31   15   15
 6.4162799023434414e-01   31   31   16   16
 6.0082745084962874e-01   31   31   17   17
 5.9646053114007891e-01   31   31   18   18
 6.3414601702141182e-01   31   31   19   19
 6.8300887453275716e-01   31   31   20   20
 1.8686270306726638e+00   31   31   21   21
 1.6219021778553393e+00   31   31   22   22
 1.3529915689436434e+00   31   31   23   23
 1.2014331439395303e+00   31   31   24   24
 1.2017248783832830e+00   31   31   25   25
 1.3731489259416423e+00   31   31   26   26
 1.6290789900426303e+00   31   31   27   27
 2.5151045441925342e+00   31   31   28   28
 2.8030345266709817e+00   31   31   29   29
 3.9275067273616817e+00   31   31   30   30
 8.4208384499999998e+00   31   31   31   31
 1.8208854969580670e+00   32   32    1    1
 1.8488168772464941e+00   32   32    2    2
 1.5515896956108532e+00   32   32    3    3
 1.3665098405026663e+00   32   32    4    4
 1.3465063132642858e+00   32   32    5    5
 1.5253404665340968e+00   32   32    6    6
 8.0527703936192352e-01   32   32    7    7
 7.8324896079576067e-01   32   32    8    8
 8.2944629540190595e-01   32   32    9    9
 7.9052446226220674e-01   32   32   10   10
 7.1994177159009898e-01   32   32   11   11
 5.2063633125217212e-01   32   32   12   12
 6.9023626263965365e-01   32   32   13   13
 7.1462042920895952e-01   32   32   14   14
 7.4314932554355428e-01   32   32   15   15
 6.8990315863487028e-01   32   32   16   16
 6.4336951862037095e-01   32   32   17   17
 6.3699006813644754e-01   32   32   18   18
 6.7776890690258973e-01   32   32   19   19
 7.3302496311696719e-01   32   32   20   20
 2.0778994625296026e+00   32   32   21   21
 1.7174976939608573e+00   32   32   22   22
 1.4083745521406017e+00   32   32   23   23
 1.2274028981262008e+00   32   32   24   24
 1.2135041861016624e+00   32   32   25   25
 1.3890946099714401e+00   32   32   26   26
 1.6870573629891841e+00   32   32   27   27
 2.8172986872987233e+00   32   32   28   28
 2.5843626063778169e+00   32   32   29   29
 2.8678331402021833e+00   32   32   30   30
 3.9272367592813144e+00   32   32   31   31
 8.4208384499999998e+00   32   32   32   32
 2.2822104852459884e+00   33   33    1    1
 2.4387054638115071e+00   33   33    2    2
 1.9598472543917864e+00   33   33    3    3
 1.6577655677621355e+00   33   33    4    4
 1.5972296837561688e+00   33   33    5    5
 1.8191540860724849e+00   33   33    6    6
 8.7187005791169070e-01   33   33    7    7
 8.3750431228225208e-01   33   33    8    8
 8.8127669049118129e-01   33   33    9    9
 8.2872466988268656e-01   33   33   10   10
 7.5153401228175720e-01   33   33   11   11
 5.5392576550161654e-01   33   33   12   12
 7.2506358564251883e-01   33   33   13   13
 7.5824374351229340e-01   33   33   14   14
 8.0415622434653034e-01   33   33   15   15
 7.4043806322838968e-01   33   33   16   16
 6.8968011299001430e-01   33   33   17   17
 6.8594065004950466e-01   33   33   18   18
 7.3514941879721307e-01   33   33   19   19
 7.9802269904546597e-01   33   33   20   20
 2.7926287151707001e+00   33   33   21   21
 2.1243423693065009e+00   33   33   22   22
 1.6801965473676601e+00   33   33   23   23
 1.4131854299055970e+00   33   33   24   24
 1.3681793743881827e+00   33   33   25   25
 1.5679295199137897e+00   33   33   26   26
 1.9841150836428401e+00   33   33   27   27
 3.9099119133018649e+00   33   33   28   28
 2.8360151655653745e+00   33   33   29   29
 2.5828381393122930e+00   33   33   30   30
 2.8018487154071057e+00   33   33   31   31
 3.9403442798506516e+00   33   33   32   32
 8.4208384499999998e+00   33   33   33   33
 1.8612088089572651e+00   34   34    1    1
 1.6065909807261096e+00   34   34    2    2
 1.6757756994462065e+00   34   34    3    3
 2.0690485811198926e+00   34   34    4    4
 2.7876806120662612e+00   34   34    5    5
 2.4831362611431542e+00   34   34    6    6
 2.0725680992063999e+00   34   34    7    7
 1.8551992887861803e+00   34   34    8    8
 1.8636031268954367e+00   34   34    9    9
 1.5607280545464295e+00   34   34   10   10
 1.3578800682355430e+00   34   34   11   11
 8.3630003203133718e-01   34   34   12   12
 1.3588449959245810e+00   34   34   13   13
 1.5380396097511748e+00   34   34   14   14
 1.7005983943513296e+00   34   34   15   15
 1.4029945255647174e+00   34   34   16   16
 1.2181309915229575e+00   34   34   17   17
 1.1979285570325890e+00   34   34   18   18
 1.3621020078961079e+00   34   34   19   19
 1.6505782219700691e+00   34   34   20   20
 1.3205031044907984e+00   34   34   21   21
 1.1757056935055137e+00   34   34   22   22
 1.1845287713972403e+00   34   34   23   23
 1.0384897743958197e+00   34   34   24   24
 9.2829617246606044e-01   34   34   25   25
 9.2717494122107846e-01   34   34   26   26
 1.0218000990038820e+00   34   34   27   27
 1.2192077954902283e+00   34   34   28   28
 1.0885645450675332e+00   34   34   29   29
 1.0000925817297004e+00   34   34   30   30
 9.9550322237034039e-01   34   34   31   31
 1.0919013088298797e+00   34   34   32   32
 1.2217599981173732e+00   34   34   33   33
 8.4208384499999998e+00   34   34   34   34
 1.4885119516859975e+00   35   35    1    1
 1.3241982449126128e+00   35   35    2    2
 1.3889107947379160e+00   35   35    3    3
 1.6731077839937372e+00   35   35    4    4
 2.0668557939287462e+00   35   35    5    5
 1.8619134264355461e+00   35   35    6    6
 2.7849555502525454e+00   35   35    7    7
 2.4450310154397075e+00   35   35    8    8
 2.3364630286437769e+00   35   35    9    9
 1.8561708131198544e+00   35   35   10   10
 1.6063496177344474e+00   35   35   11   11
 9.1098356165035865e-01   35   35   12   12
 1.6439117723810424e+00   35   35   13   13
 1.9365195099094765e+00   35   35   14   14
 2.1056825651358912e+00   35   35   15   15
 1.6744781118462844e+00   35   35   16   16
 1.4053019906113422e+00   35   35   17   17
 1.3564429309509995e+00   35   35   18   18
 1.5466217561767523e+00   35   35   19   19
 1.9511622813550977e+00   35   35   20   20
 1.1224124559666788e+00   35   35   21   21
 1.0182645420314398e+00   35   35   22   22
 1.0299551766587423e+00   35   35   23   23
 9.2124200928070776e-01   35   35   24   24
 8.3194758208443276e-01   35   35   25   25
 8.2827263159013442e-01   35   35   26   26
 9.0112441758166140e-01   35   35   27   27
 1.0486918177810438e+00   35   35   28   28
 9.5010836712660662e-01   35   35   29   29
 8.8437274916054587e-01   35   35   30   30
 8.8458720453992234e-01   35   35   31   31
 9.6211411343241138e-01   35   35   32   32
 1.0570514468062935e+00   35   35   33   33
 3.9414893047642034e+00   35   35   34   34
 8.4208384499999998e+00   35   35   35   35
 1.3252172100610706e+00   36   36    1    1
 1.2229949482831244e+00   36   36    2    2
 1.3194949933997659e+00   36   36    3    3
 1.5992256076643478e+00   36   36    4    4
 1.8612058035321799e+00   36   36    5    5
 1.6081403003527777e+00   36   36    6    6
 3.8910133528597619e+00   36   36    7    7
 2.7960343970074160e+00   36   36    8    8
 2.4542212912115389e+00   36   36    9    9
 1.8570982313570485e+00   36   36   10   10
 1.6138239716416600e+00   36   36   11   11
 1.0195839486387841e+00   36   36   12   12
 1.6970334131265912e+00   36   36   13   13
 2.0953441978408480e+00   36   36   14   14
 2.7958929570787929e+00   36   36   15   15
 2.0976282360495753e+00   36   36   16   16
 1.6995894972147669e+00   36   36   17   17
 1.6176109728219221e+00   36   36   18   18
 1.8574572663954785e+00   36   36   19   19
 2.4525515658584083e+00   36   36   20   20
 1.0464302736186861e+00   36   36   21   21
 9.6249258625188849e-01   36   36   22   22
 9.7516349240618116e-01   36   36   23   23
 8.8226531036247458e-01   36   36   24   24
 8.0187405311781768e-01   36   36   25   25
 7.9728886401719490e-01   36   36   26   26
 8.6099643373077039e-01   36   36   27   27
 9.7347806228833400e-01   36   36   28   28
 8.7989534339230147e-01   36   36   29   29
 8.2004552602124015e-01   36   36   30   30
 8.2334506831443044e-01   36   36   31   31
 8.9810461085363735e-01   36   36   32   32
 9.8561090999856105e-01   36   36   33   33
 2.8123645029402198e+00   36   36   34   34
 3.9069144180168527e+00   36   36   35   35
 8.4208384499999998e+00   36   36   36   36
 1.3914556818974260e+00   37   37    1    1
 1.3212237130900306e+00   37   37    2    2
 1.4791144947469541e+00   37   37    3    3
 1.8488185843328924e+00   37   37    4    4
 2.0654996155051908e+00   37   37    5    5
 1.6790343300160517e+00   37   37    6    6
 2.7769843232524205e+00   37   37    7    7
 2.1042325606017611e+00   37   37    8    8
 1.9532454159130519e+00   37   37    9    9
 1.5478317040247720e+00   37   37   10   10
 1.3547863172689931e+00   37   37   11   11
 1.0208849983137829e+00   37   37   12   12
 1.4036738239036055e+00   37   37   13   13
 1.6718304948479472e+00   37   37   14   14
 2.4363098529254170e+00   37   37   15   15
 1.9344126672387267e+00   37   37   16   16
 1.6441706552415345e+00   37   37   17   17
 1.6076580341266269e+00   37   37   18   18
 1.8511568983896391e+00   37   37   19   19
 2.3248667942772769e+00   37   37   20   20
 1.1195435280233808e+00   37   37   21   21
 1.0335958068727187e+00   37   37   22   22
 1.0468057802039044e+00   37   37   23   23
 9.4518418577080288e-01   37   37   24   24
 8.5802123330969715e-01   37   37   25   25
 8.5379086823329831e-01   37   37   26   26
 9.2338339844540629e-01   37   37   27   27
 1.0262942347165995e+00   37   37   28   28
 9.1529568468610489e-01   37   37   29   29
 8.4578025004374879e-01   37   37   30   30
 8.4933541864181494e-01   37   37   31   31
 9.3529692174255175e-01   37   37   32   32
 1.0395831701830414e+00   37   37   33   33
 2.5880771345692191e+00   37   37   34   34
 2.8406139654928184e+00   37   37   35   35
 3.9035370377518759e+00   37   37   36   36
 8.4208384499999998e+00   37   37   37   37
 1.6765687046813558e+00   38   38    1    1
 1.6017109477962441e+00   38   38    2    2
 1.8488436093126586e+00   38   38    3    3
 2.4642652711242534e+00   38   38    4    4
 2.7851281203210005e+00   38   38    5    5
 2.0738422017903146e+00   38   38    6    6
 2.0680188596317848e+00   38   38    7    7
 1.7031856733673412e+00   38   38    8    8
 1.6606546126294777e+00   38   38    9    9
 1.3695175645728022e+00   38   38   10   10
 1.2001026251345679e+00   38   38   11   11
 9.1657985765050976e-01   38   38   12   12
 1.2185580003492913e+00   38   38   13   13
 1.4020152609751320e+00   38   38   14   14
 1.8447303315029007e+00   38   38   15   15
 1.5345034241159528e+00   38   38   16   16
 1.3555186673210338e+00   38   38   17   17
 1.3524672108034961e+00   38   38   18   18
 1.5463161929220886e+00   38   38   19   19
 1.8429778067878713e+00   38   38   20   20
 1.3161755917062818e+00   38   38   21   21
 1.2003317668988025e+00   38   38   22   22
 1.2117912502703696e+00   38   38   23   23
 1.0743201074215560e+00   38   38   24   24
 9.6562018845698838e-01   38   38   25   25
 9.6381626634789153e-01   38   38   26   26
 1.0550279517359524e+00   38   38   27   27
 1.1841382653678569e+00   38   38   28   28
 1.0371261609385076e+00   38   38   29   29
 9.4527882356448190e-01   38   38   30   30
 9.4578459352251509e-01   38   38   31   31
 1.0524972037066276e+00   38   38   32   32
 1.1942266231375909e+00   38   38   33   33
 2.8741416295420938e+00   38   38   34   34
 2.5858491583475178e+00   38   38   35   35
 2.8083139341622090e+00   38   38   36   36
 3.9365978956429055e+00   38   38   37   37
 8.4208384499999998e+00   38   38   38   38
 2.0690233008293073e+00   39   39    1    1
 1.8618357637550866e+00   39   39    2    2
 2.0629726470330345e+00   39   39    3    3
 2.7800124345249508e+00   39   39    4    4
 3.8959296497690894e+00   39   39    5    5
 2.7924483010289780e+00   39   39    6    6
 1.8601013472953358e+00   39   39    7    7
 1.6159849842293443e+00   39   39    8    8
 1.6196825147433715e+00   39   39    9    9
 1.3653358612115032e+00   39   39   10   10
 1.1940890094629006e+00   39   39   11   11
 8.3437393579824148e-01   39   39   12   12
 1.1957615039870608e+00   39   39   13   13
 1.3495512879323679e+00   39   39   14   14
 1.6084011972590244e+00   39   39   15   15
 1.3478564066474275e+00   39   39   16   16
 1.1927399581071465e+00   39   39   17   17
 1.1878835649771482e+00   39   39   18   18
 1.3508687483066504e+00   39   39   19   19
 1.6008156583337054e+00   39   39   20   20
 1.4812784421765750e+00   39   39   21   21
 1.3148359420679381e+00   39   39   22   22
 1.3211395384391047e+00   39   39   23   23
 1.1454293503347757e+00   39   39   24   24
 1.0185208158238479e+00   39   39   25   25
 1.0197828222707508e+00   39   39   26   26
 1.1319480800225590e+00   39   39   27   27
 1.3306419637625559e+00   39   39   28   28
 1.1591932641444886e+00   39   39   29   29
 1.0489410350047297e+00   39   39   30   30
 1.0436398587135172e+00   39   39   31   31
 1.1624266313692351e+00   39   39   32   32
 1.3320682767715277e+00   39   39   33   33
 3.9260069662670656e+00   39   39   34   34
 2.7978273059248400e+00   39   39   35   35
 2.5038489866919136e+00   39   39   36   36
 2.7982416009199023e+00   39   39   37   37
 3.9271426038866224e+00   39   39   38   38
 8.4208384499999998e+00   39   39   39   39
 1.0612999382786925e+00   40   40    1    1
 1.2085801065195194e+00   40   40    2    2
 1.2320831400026200e+00   40   40    3    3
 1.0967190433106824e+00   40   40    4    4
 9.8424307441526970e-01   40   40    5    5
 9.7650242705604851e-01   40   40    6    6
 6.6896495258886801e-01   40   40    7    7
 6.2310191005699078e-01   40   40    8    8
 6.1609936028221080e-01   40   40    9    9
 5.7530803104977146e-01   40   40   10   10
 5.4387781406569102e-01   40   40   11   11
 5.3749322291178936e-01   40   40   12   12
 5.4873974407230941e-01   40   40   13   13
 5.8380738000421994e-01   40   40   14   14
 6.5800795701497605e-01   40   40   15   15
 6.1179157177019805e-01   40   40   16   16
 5.9809786011393651e-01   40   40   17   17
 6.2333946514935856e-01   40   40   18   18
 6.7204967320768227e-01   40   40   19   19
 6.9284332102051793e-01   40   40   20   20
 1.3144851666115016e+00   40   40   21   21
 1.6014984522985918e+00   40   40   22   22
 1.8345495975750163e+00   40   40   23   23
 2.4259221169305492e+00   40   40   24   24
 2.7825155479073556e+00   40   40   25   25
 2.1018574174084104e+00   40   40   26   26
 1.6906143152862527e+00   40   40   27   27
 1.1721087596926072e+00   40   40   28   28
 1.1617360173407074e+00   40   40   29   29
 1.0257308446034252e+00   40   40   30   30
 9.3255116154470363e-01   40   40   31   31
 9.4075036652329880e-01   40   40   32   32
 1.0356250514232783e+00   40   40   33   33
 8.1722190049460652e-01   40   40   34   34
 7.4766721186724683e-01   40   40   35   35
 7.3071574233613523e-01   40   40   36   36
 7.8091350479618060e-01   40   40   37   37
 8.6173882928962875e-01   40   40   38   38
 8.8851196483096717e-01   40   40   39   39
 8.4208384499999998e+00   40   40   40   40
 1.1401863930898963e+00   41   41    1    1
 1.3119975811884061e+00   41   41    2    2
 1.3016407095471407e+00   41   41    3    3
 1.1323624723533703e+00   41   41    4    4
 1.0176338416486130e+00   41   41    5    5
 1.0267167544131792e+00   41   41    6    6
 6.6977090138572393e-01   41   41    7    7
 6.2695496865609834e-01   41   41    8    8
 6.2455351730462494e-01   41   41    9    9
 5.8465601101851117e-01   41   41   10   10
 5.5079953206090682e-01   41   41   11   11
 5.2226882778318384e-01   41   41   12   12
 5.5256466521242875e-01   41   41   13   13
 5.8580583065360714e-01   41   41   14   14
 6.5320187903782545e-01   41   41   15   15
 6.0673311841688160e-01   41   41   16   16
 5.8940009755327250e-01   41   41   17   17
 6.1006228298905607e-01   41   41   18   18
 6.5694039171628804e-01   41   41   19   19
 6.8228544811690317e-01   41   41   20   20
 1.4818951736516981e+00   41   41   21   21
 1.8635537645112643e+00   41   41   22   22
 2.0671568769863211e+00   41   41   23   23
 2.7878399092232424e+00   41   41   24   24
 3.8998003206044207e+00   41   41   25   25
 2.7993181716854227e+00   41   41   26   26
 2.0729382615848659e+00   41   41   27   27
 1.3331611461116548e+00   41   41   28   28
 1.3421913311900913e+00   41   41   29   29
 1.1738459555939560e+00   41   41   30   30
 1.0519076805065299e+00   41   41   31   31
 1.0517847545850705e+00   41   41   32   32
 1.1580133723193407e+00   41   41   33   33
 8.3399799817776410e-01   41   41   34   34
 7.5721022434040619e-01   41   41   35   35
 7.3447691279455019e-01   41   41   36   36
 7.8290353853131467e-01   41   41   37   37
 8.6921785688165021e-01   41   41   38   38
 9.0656187581592618e-01   41   41   39   39
 3.8938725233721940e+00   41   41   40   40
 8.4208384499999998e+00   41   41   41   41
 1.0313742783866051e+00   42   42    1    1
 1.1652921531418747e+00   42   42    2    2
 1.1376168016947259e+00   42   42    3    3
 9.9947522919352694e-01   42   42    4    4
 9.1195503835218605e-01   42   42    5    5
 9.2887703774118180e-01   42   42    6    6
 6.1765458102061277e-01   42   42    7    7
 5.8236456511348889e-01   42   42    8    8
 5.8222561876361978e-01   42   42    9    9
 5.4852650120488333e-01   42   42   10   10
 5.1812327465394614e-01   42   42   11   11
 4.8714690481732648e-01   42   42   12   12
 5.1832529193148613e-01   42   42   13   13
 5.4641542785053787e-01   42   42   14   14
 6.0186049342763104e-01   42   42   15   15
 5.6199193460623875e-01   42   42   16   16
 5.4623322478766589e-01   42   42   17   17
 5.6325077186809680e-01   42   42   18   18
 6.0301055009808491e-01   42   42   19   19
 6.2527592970459478e-01   42   42   20   20
 1.3256783970360007e+00   42   42   21   21
 1.6119031518475178e+00   42   42   22   22
 1.6938484098954159e+00   42   42   23   23
 2.0988584936497849e+00   42   42   24   24
 2.7857317253445992e+00   42   42   25   25
 2.4436338267961069e+00   42   42   26   26
 1.8505343853913234e+00   42   42   27   27
 1.2403711560879975e+00   42   42   28   28
 1.2841144307022936e+00   42   42   29   29
 1.1524768658284898e+00   42   42   30   30
 1.0318468716380471e+00   42   42   31   31
 1.0133110647545733e+00   42   42   32   32
 1.0901045912700238e+00   42   42   33   33
 7.6052450905052715e-01   42   42   34   34
 6.9455015052424174e-01   42   42   35   35
 6.7303455084062891e-01   42   42   36   36
 7.1246224737702257e-01   42   42   37   37
 7.8458181127998139e-01   42   42   38   38
 8.1855100718677609e-01   42   42   39   39
 2.8183237332835480e+00   42   42   40   40
 3.8911384567535214e+00   42   42   41   41
 8.4208384499999998e+00   42   42   42   42
 5.6281416538138151e-01   43   43    1    1
 5.3071509844438913e-01   43   43    2    2
 5.3587187473325537e-01   43   43    3    3
 5.7276917871700206e-01   43   43    4    4
 6.1335931830507673e-01   43   43    5    5
 6.0515575966514179e-01   43   43    6    6
 8.6464682492939560e-01   43   43    7    7
 9.6967863290701906e-01   43   43    8    8
 9.7471711841743292e-01   43   43    9    9
 1.0873585622242836e+00   43   43   10   10
 1.2574419370623258e+00   43   43   11   11
 7.0294060326811814e-01   43   43   12   12
 1.2503697316018967e+00   43   43   13   13
 1.0854101500066218e+00   43   43   14   14
 8.4380564098429622e-01   43   43   15   15
 8.8412936081026816e-01   43   43   16   16
 8.4093546289573473e-01   43   43   17   17
 7.7144312578536023e-01   43   43   18   18
 7.4597503409553745e-01   43   43   19   19
 7.7463561794365277e-01   43   43   20   20
 4.9713766952857008e-01   43   43   21   21
 4.7116737872085407e-01   43   43   22   22
 4.7062821414825468e-01   43   43   23   23
 4.4572721801674581e-01   43   43   24   24
 4.2377187716924558e-01   43   43   25   25
 4.2459771058970674e-01   43   43   26   26
 4.4537180244193586e-01   43   43   27   27
 4.9137119975303845e-01   43   43   28   28
 4.7212622091996359e-01   43   43   29   29
 4.6462103887895645e-01   43   43   30   30
 4.7264321358317252e-01   43   43   31   31
 4.9170686645881034e-01   43   43   32   32
 5.0261838959727223e-01   43   43   33   33
 7.1338359830586118e-01   43   43   34   34
 7.8018586578073978e-01   43   43   35   35
 7.8822008123294174e-01   43   43   36   36
 7.2156126345512805e-01   43   43   37   37
 6.6840661390402745e-01   43   43   38   38
 6.6295535061299649e-01   43   43   39   39
 4.0023200087965038e-01   43   43   40   40
 4.0306438736242206e-01   43   43   41   41
 3.8516749015751589e-01   43   43   42   42
 8.4208384499999998e+00   43   43   43   43
 9.0957375809442387e-01   44   44    1    1
 1.0123110863501423e+00   44   44    2    2
 9.9812080242456780e-01   44   44    3    3
 8.9345803595923545e-01   44   44    4    4
 8.2109705764031304e-01   44   44    5    5
 8.3131416056548935e-01   44   44    6    6
 5.7834965945115302e-01   44   44    7    7
 5.4607684565870929e-01   44   44    8    8
 5.4430243422230751e-01   44   44    9    9
 5.1408590381721142e-01   44   44   10   10
 4.8777092059797944e-01   44   44   11   11
 4.6993277433992203e-01   44   44   12   12
 4.8910332085472469e-01   44   44   13   13
 5.1490056076770530e-01   44   44   14   14
 5.6661109608311788e-01   44   44   15   15
 5.3141749885398448e-01   44   44   16   16
 5.1906077824628583e-01   44   44   17   17
 5.3633614427208831e-01   44   44   18   18
 5.7221649687869391e-01   44   44   19   19
 5.8968491058062267e-01   44   44   20   20
 1.1263857062638718e+00   44   44   21   21
 1.3287461921190060e+00   44   44   22   22
 1.4032973360418761e+00   44   44   23   23
 1.6963461611980217e+00   44   44   24   24
 2.0743012932089155e+00   44   44   25   25
 1.8474303071762654e+00   44   44   26   26
 1.4834528120278592e+00   44   44   27   27
 1.0621626936799557e+00   44   44   28   28
 1.0973840886346067e+00   44   44   29   29
 1.0035677044376170e+00   44   44   30   30
 9.1004179703673627e-01   44   44   31   31
 8.9297774451901846e-01   44   44   32   32
 9.5044372084568307e-01   44   44   33   33
 6.9769100314285470e-01   44   44   34   34
 6.4287298813793259e-01   44   44   35   35
 6.2580769239115208e-01   44   44   36   36
 6.6062901697348986e-01   44   44   37   37
 7.2084392590670743e-01   44   44   38   38
 7.4657181154683094e-01   44   44   39   39
 2.5747466807448496e+00   44   44   40   40
 2.8108866760648801e+00   44   44   41   41
 3.9361879216545446e+00   44   44   42   42
 3.6842476540169056e-01   44   44   43   43
 8.4208384499999998e+00   44   44   44   44
 8.6997642972726463e-01   45   45    1    1
 9.6511854021410637e-01   45   45    2    2
 9.6744775306711250e-01   45   45    3    3
 8.7651185435676016e-01   45   45    4    4
 8.0410622501218598e-01   45   45    5    5
 8.0525370413322239e-01   45   45    6    6
 5.7792032771960467e-01   45   45    7    7
 5.4369321740945231e-01   45   45    8    8
 5.3895843923798714e-01   45   45    9    9
 5.0799512915929879e-01   45   45   10   10
 4.8318383187749470e-01   45   45   11   11
 4.8059785707818575e-01   45   45   12   12
 4.8661047604052154e-01   45   45   13   13
 5.1366431692193482e-01   45   45   14   14
 5.6968723015684386e-01   45   45   15   15
 5.3475112863536611e-01   45   45   16   16
 5.2482151843277092e-01   45   45   17   17
 5.4501565964049037e-01   45   45   18   18
 5.8178779437276518e-01   45   45   19   19
 5.9625173996663283e-01   45   45   20   20
 1.0517559113753421e+00   45   45   21   21
 1.2304954304963185e+00   45   45   22   22
 1.3300243463703296e+00   45   45   23   23
 1.6147740471210927e+00   45   45   24   24
 1.8777449562572852e+00   45   45   25   25
 1.6201300479053447e+00   45   45   26   26
 1.3336464829760604e+00   45   45   27   27
 9.7919871401313929e-01   45   45   28   28
 9.9642980829035810e-01   45   45   29   29
 9.0973196416947300e-01   45   45   30   30
 8.3221512935632891e-01   45   45   31   31
 8.2463517362499661e-01   45   45   32   32
 8.8220348932005976e-01   45   45   33   33
 6.8824610986627088e-01   45   45   34   34
 6.3729934918702502e-01   45   45   35   35
 6.2363278998017346e-01   45   45   36   36
 6.5953364888381438e-01   45   45   37   37
 7.1678245030690557e-01   45   45   38   38
 7.3687897867802121e-01   45   45   39   39
 2.8182378865625721e+00   45   45   40   40
 2.5323785995873869e+00   45   45   41   41
 2.8197444506296465e+00   45   45   42   42
 3.6638420072459604e-01   45   45   43   43
 3.9537542912435408e+00   45   45   44   44
 8.4208384499999998e+00   45   45   45   45
 9.2878896987353321e-01   46   46    1    1
 1.0388356727033445e+00   46   46    2    2
 1.0570901774081760e+00   46   46    3    3
 9.5785981460639114e-01   46   46    4    4
 8.7041640273273535e-01   46   46    5    5
 8.6334922723576835e-01   46   46    6    6
 6.1835388149920389e-01   46   46    7    7
 5.7807855211694648e-01   46   46    8    8
 5.7073121926268100e-01   46   46    9    9
 5.3518806247885831e-01   46   46   10   10
 5.0834380469044127e-01   46   46   11   11
 5.1323568487692262e-01   46   46   12   12
 5.1353638977666560e-01   46   46   13   13
 5.4475030136770064e-01   46   46   14   14
 6.1110464459894853e-01   46   46   15   15
 5.7155011377279163e-01   46   46   16   16
 5.6151074510518606e-01   46   46   17   17
 5.8572717048957856e-01   46   46   18   18
 6.2816256191441933e-01   46   46   19   19
 6.4333737566949534e-01   46   46   20   20
 1.1197331387662117e+00   46   46   21   21
 1.3231500833471175e+00   46   46   22   22
 1.4737517801248692e+00   46   46   23   23
 1.8371014552053382e+00   46   46   24   24
 2.0730811267298619e+00   46   46   25   25
 1.7003386796476574e+00   46   46   26   26
 1.4031163422772119e+00   46   46   27   27
 1.0201868689615570e+00   46   46   28   28
 1.0210711762476536e+00   46   46   29   29
 9.1948791278007624e-01   46   46   30   30
 8.4209892523833896e-01   46   46   31   31
 8.4399440650490021e-01   46   46   32   32
 9.1520125898597116e-01   46   46   33   33
 7.3892728209622172e-01   46   46   34   34
 6.8268929274980106e-01   46   46   35   35
 6.6968734922812378e-01   46   46   36   36
 7.1213186752551749e-01   46   46   37   37
 7.7704955776077267e-01   46   46   38   38
 7.9637902836756735e-01   46   46   39   39
 3.9345348149674524e+00   46   46   40   40
 2.8119723144950215e+00   46   46   41   41
 2.5758516674364600e+00   46   46   42   42
 3.8111124498811538e-01   46   46   43   43
 2.8658349690019613e+00   46   46   44   44
 3.9526061252485967e+00   46   46   45   45
 8.4208384499999998e+00   46   46   46   46
 6.0863628779694579e-01   47   47    1    1
 5.7155028912726846e-01   47   47    2    2
 5.7775774949040370e-01   47   47    3    3
 6.2089349939979455e-01   47   47    4    4
 6.6886449743427279e-01   47   47    5    5
 6.5871289564798230e-01   47   47    6    6
 9.7607311634042448e-01   47   47    7    7
 1.1139739243136118e+00   47   47    8    8
 1.1217305518408911e+00   47   47    9    9
 1.2721437777203064e+00   47   47   10   10
 1.5142766169163249e+00   47   47   11   11
 7.4821264786924768e-01   47   47   12   12
 1.5015826288390894e+00   47   47   13   13
 1.2662957919345170e+00   47   47   14   14
 9.4484144952540383e-01   47   47   15   15
 9.8981300418701368e-01   47   47   16   16
 9.2890529091851148e-01   47   47   17   17
 8.4427360887548253e-01   47   47   18   18
 8.1805113355160741e-01   47   47   19   19
 8.5734376325546768e-01   47   47   20   20
 5.3265942060267091e-01   47   47   21   21
 5.0308964419699920e-01   47   47   22   22
 5.0247914612228883e-01   47   47   23   23
 4.7417712757859226e-01   47   47   24   24
 4.4946931354760500e-01   47   47   25   25
 4.5040369778387102e-01   47   47   26   26
 4.7377762498003029e-01   47   47   27   27
 5.2560390336763896e-01   47   47   28   28
 5.0330769249302976e-01   47   47   29   29
 4.9422501779501671e-01   47   47   30   30
 5.0295703165678696e-01   47   47   31   31
 5.2494211300069871e-01   47   47   32   32
 5.3814654469006229e-01   47   47   33   33
 7.8943922748951523e-01   47   47   34   34
 8.7198726911307767e-01   47   47   35   35
 8.8129662456289726e-01   47   47   36   36
 7.9829051419701691e-01   47   47   37   37
 7.3440111319597268e-01   47   47   38   38
 7.2829256247469354e-01   47   47   39   39
 4.2298764284941232e-01   47   47   40   40
 4.2622167068377703e-01   47   47   41   41
 4.0624354338268059e-01   47   47   42   42
 3.9353688359566754e+00   47   47   43   43
 3.8764730711841650e-01   47   47   44   44
 3.8534864297599164e-01   47   47   45   45
 4.0163524541496343e-01   47   47   46   46
 8.4208384499999998e+00   47   47   47   47
 6.3791730026486415e-01   48   48    1    1
 5.9588510981040210e-01   48   48    2    2
 5.9966173448337745e-01   48   48    3    3
 6.4418032213629861e-01   48   48    4    4
 6.9763482543727884e-01   48   48    5    5
 6.9107787734140691e-01   48   48    6    6
 1.0010753627117719e+00   48   48    7    7
 1.1562806140259845e+00   48   48    8    8
 1.1946481005466165e+00   48   48    9    9
 1.3915796376514153e+00   48   48   10   10
 1.6608786527726653e+00   48   48   11   11
 7.1647116693598323e-01   48   48   12   12
 1.5652057956234078e+00   48   48   13   13
 1.2960191938715953e+00   48   48   14   14
 9.5089958801890717e-01   48   48   15   15
 9.8429611460264121e-01   48   48   16   16
 9.1050548374161600e-01   48   48   17   17
 8.2698562420670940e-01   48   48   18   18
 8.0884815311935643e-01   48   48   19   19
 8.5764722852001596e-01   48   48   20   20
 5.5486729515971756e-01   48   48   21   21
 5.2148755554086967e-01   48   48   22   22
 5.1878055976785753e-01   48   48   23   23
 4.8776126764272298e-01   48   48   24   24
 4.6231966001684388e-01   48   48   25   25
 4.6471515725988677e-01   48   48   26   26
 4.9062302144752856e-01   48   48   27   27
 5.4979429284479642e-01   48   48   28   28
 5.2631999077863334e-01   48   48   29   29
 5.1830342869398049e-01   48   48   30   30
 5.2921359756186337e-01   48   48   31   31
 5.5280116538344370e-01   48   48   32   32
 5.6511221927855326e-01   48   48   33   33
 8.2682880827718275e-01   48   48   34   34
 9.1122031219614874e-01   48   48   35   35
 9.1150998063442579e-01   48   48   36   36
 8.2236928021469347e-01   48   48   37   37
 7.5979499263125139e-01   48   48   38   38
 7.5884666491056685e-01   48   48   39   39
 4.3229515292416831e-01   48   48   40   40
 4.3712406539605569e-01   48   48   41   41
 4.1684238598357770e-01   48   48   42   42
 2.8504083231564810e+00   48   48   43   43
 3.9679918817600912e-01   48   48   44   44
 3.9335464339962867e-01   48   48   45   45
 4.0961186188725190e-01   48   48   46   46
 3.9407640045935959e+00   48   48   47   47
 8.4208384499999998e+00   48   48   48   48
 5.6603015738322060e-01   49   49    1    1
 5.3155315331688702e-01   49   49    2    2
 5.3240598111061421e-01   49   49    3    3
 5.6584693628807525e-01   49   49    4    4
 6.0740248677270592e-01   49   49    5    5
 6.0559799839720396e-01   49   49    6    6
 8.1294719677173388e-01   49   49    7    7
 9.1339989217554696e-01   49   49    8    8
 9.4548346454006271e-01   49   49    9    9
 1.0718989348835537e+00   49   49   10   10
 1.2113877275340341e+00   49   49   11   11
 6.2381743171218396e-01   49   49   12   12
 1.1474487844390697e+00   49   49   13   13
 9.9524881069963789e-01   49   49   14   14
 7.7866944448826703e-01   49   49   15   15
 8.0337737692779509e-01   49   49   16   16
 7.5572024703108942e-01   49   49   17   17
 6.9635577589742292e-01   49   49   18   18
 6.8133808821376773e-01   49   49   19   19
 7.1465110197757120e-01   49   49   20   20
 4.9977099961193033e-01   49   49   21   21
 4.7154580038940275e-01   49   49   22   22
 4.6803700289307332e-01   49   49   23   23
 4.4215873693019592e-01   49   49   24   24
 4.2152904127233576e-01   49   49   25   25
 4.2444040450028342e-01   49   49   26   26
 4.4664540820215443e-01   49   49   27   27
 4.9810542695651888e-01   49   49   28   28
 4.8005707561256211e-01   49   49   29   29
 4.7574782359338291e-01   49   49   30   30
 4.8641525206988057e-01   49   49   31   31
 5.0493355134851736e-01   49   49   32   32
 5.1220137549436484e-01   49   49   33   33
 7.0116237995169706e-01   49   49   34   34
 7.5774875893829374e-01   49   49   35   35
 7.5482417674574320e-01   49   49   36   36
 6.9314660493604074e-01   49   49   37   37
 6.4971252210336183e-01   49   49   38   38
 6.5111583834885267e-01   49   49   39   39
 3.9525278152875037e-01   49   49   40   40
 4.0013846115022800e-01   49   49   41   41
 3.8362511841966579e-01   49   49   42   42
 2.8245917268162311e+00   49   49   43   43
 3.6630259360720435e-01   49   49   44   44
 3.6271699570919430e-01   49   49   45   45
 3.7604355196066691e-01   49   49   46   46
 2.5526607484075905e+00   49   49   47   47
 2.8388763725852613e+00   49   49   48   48
 8.4208384499999998e+00   49   49   49   49
 5.4509470019616657e-01   50   50    1    1
 5.1387378529912553e-01   50   50    2    2
 5.1669646753876353e-01   50   50    3    3
 5.4965684997377295e-01   50   50    4    4
 5.8793069672370346e-01   50   50    5    5
 5.8328555045079711e-01   50   50    6    6
 7.9910578082095496e-01   50   50    7    7
 8.9208332067969565e-01   50   50    8    8
 9.0853819349358300e-01   50   50    9    9
 1.0158051825496601e+00   50   50   10   10
 1.1532947521364079e+00   50   50   11   11
 6.4385174153690750e-01   50   50   12   12
 1.1222609577519815e+00   50   50   13   13
 9.8138690495884939e-01   50   50   14   14
 7.7484746030153151e-01   50   50   15   15
 8.0577144316193883e-01   50   50   16   16
 7.6545498244417709e-01   50   50   17   17
 7.0595463429865080e-01   50   50   18   18
 6.8624616346447309e-01   50   50   19   19
 7.1395735082167677e-01   50   50   20   20
 4.8317735519093807e-01   50   50   21   21
 4.5762466461649426e-01   50   50   22   22
 4.5575866970453227e-01   50   50   23   23
 4.3176561535077229e-01   50   50   24   24
 4.1153715392346274e-01   50   50   25   25
 4.1327967087053369e-01   50   50   26   26
 4.3364930351970116e-01   50   50   27   27
 4.7973850401192258e-01   50   50   28   28
 4.6223930391983814e-01   50   50   29   29
 4.5677257764331120e-01   50   50   30   30
 4.6565639559595184e-01   50   50   31   31
 4.8330402711874232e-01   50   50   32   32
 4.9171901286828812e-01   50   50   33   33
 6.7775856002555468e-01   50   50   34   34
 7.3458472433948152e-01   50   50   35   35
 7.3717615233074452e-01   50   50   36   36
 6.7829460835891831e-01   50   50   37   37
 6.3339182381023396e-01   50   50   38   38
 6.3130599769465967e-01   50   50   39   39
 3.8791962423050186e-01   50   50   40   40
 3.9154852541107399e-01   50   50   41   41
 3.7515103664251415e-01   50   50   42   42
 3.9316642383002076e+00   50   50   43   43
 3.5890834289433671e-01   50   50   44   44
 3.5625036911641084e-01   50   50   45   45
 3.6967131515180812e-01   50   50   46   46
 2.8251896098604230e+00   50   50   47   47
 2.5851012561101330e+00   50   50   48   48
 3.9350261535396318e+00   50   50   49   49
 8.4208384499999998e+00   50   50   50   50
 7.1124308931992331e-01   51   51    1    1
 6.8827906435959996e-01   51   51    2    2
 6.3380780258983327e-01   51   51    3    3
 6.0696611854580396e-01   51   51    4    4
 6.2086425681014312e-01   51   51    5    5
 6.7159661444989471e-01   51   51    6    6
 5.0026451272186989e-01   51   51    7    7
 5.0575732122038830e-01   51   51    8    8
 5.3353706315590232e-01   51   51    9    9
 5.3571941390315936e-01   51   51   10   10
 5.0985344799783183e-01   51   51   11   11
 3.6280727331173818e-01   51   51   12   12
 4.8574847273284011e-01   51   51   13   13
 4.8390037056819124e-01   51   51   14   14
 4.6965436703334040e-01   51   51   15   15
 4.4923948899311206e-01   51   51   16   16
 4.2515693280722716e-01   51   51   17   17
 4.1775779220215276e-01   51   51   18   18
 4.3388407838898374e-01   51   51   19   19
 4.5958032069692129e-01   51   51   20   20
 7.1950376997828203e-01   51   51   21   21
 6.8105102550836472e-01   51   51   22   22
 6.3478183695065693e-01   51   51   23   23
 6.0366613246223066e-01   51   51   24   24
 6.0771012481516307e-01   51   51   25   25
 6.4695661408465432e-01   51   51   26   26
 6.8672015431566580e-01   51   51   27   27
 7.9667360421117595e-01   51   51   28   28
 8.4853317437174924e-01   51   51   29   29
 9.5543858440050389e-01   51   51   30   30
 1.0133458317160933e+00   51   51   31   31
 9.2724795263806281e-01   51   51   32   32
 8.2956820340300563e-01   51   51   33   33
 5.9071170050907229e-01   51   51   34   34
 5.5854562362220361e-01   51   51   35   35
 5.2738169213498787e-01   51   51   36   36
 5.2537402755990048e-01   51   51   37   37
 5.5210287483509390e-01   51   51   38   38
 5.8839973817561597e-01   51   51   39   39
 5.3384816553983805e-01   51   51   40   40
 5.7452662929674714e-01   51   51   41   41
 5.8281095254381998e-01   51   51   42   42
 4.0829931293056559e-01   51   51   43   43
 5.4850013431610933e-01   51   51   44   44
 5.1371524928823320e-01   51   51   45   45
 5.0808342460420697e-01   51   51   46   46
 4.2596569704473486e-01   51   51   47   47
 4.5003933099987947e-01   51   51   48   48
 4.3294847195644071e-01   51   51   49   49
 4.1130286816632100e-01   51   51   50   50
 8.4208384499999998e+00   51   51   51   51
 6.1442144760545492e-01   52   52    1    1
 5.7020216642014998e-01   52   52    2    2
 5.6304218314556287e-01   52   52    3    3
 5.9485521131467922e-01   52   52    4    4
 6.4470964999949232e-01   52   52    5    5
 6.5495130391041867e-01   52   52    6    6
 8.0862911427080419e-01   52   52    7    7
 9.0859881575734835e-01   52   52    8    8
 9.6037374362589001e-01   52   52    9    9
 1.0979538431527116e+00   52   52   10   10
 1.2093260645372690e+00   52   52   11   11
 5.7083769992631672e-01   52   52   12   12
 1.1103030500328763e+00   52   52   13   13
 9.6913886829820917e-01   52   52   14   14
 7.5623023006863221e-01   52   52   15   15
 7.5736096483145121e-01   52   52   16   16
 7.0302983258997942e-01   52   52   17   17
 6.5569166390707223e-01   52   52   18   18
 6.5570051469852342e-01   52   52   19   19
 6.9853398116041698e-01   52   52   20   20
 5.3742014239301727e-01   52   52   21   21
 5.0370420167600383e-01   52   52   22   22
 4.9798538836712336e-01   52   52   23   23
 4.6811076914457522e-01   52   52   24   24
 4.4572395748040872e-01   52   52   25   25
 4.5010753572444467e-01   52   52   26   26
 4.7587490463965959e-01   52   52   27   27
 5.4044287844527028e-01   52   52   28   28
 5.2432208182285023e-01   52   52   29   29
 5.2314474890694951e-01   52   52   30   30
 5.3543943715064068e-01   52   52   31   31
 5.5232798458144261e-01   52   52   32   32
 5.5619679286186974e-01   52   52   33   33
 7.4585059974877044e-01   52   52   34   34
 7.9510138205600112e-01   52   52   35   35
 7.6908061299253938e-01   52   52   36   36
 7.0227905580565553e-01   52   52   37   37
 6.6869985013245659e-01   52   52   38   38
 6.8476589679951527e-01   52   52   39   39
 4.1364951096932867e-01   52   52   40   40
 4.2147093571121508e-01   52   52   41   41
 4.0502353378604466e-01   52   52   42   42
 1.5581469529428733e+00   52   52   43   43
 3.8537335790063576e-01   52   52   44   44
 3.7960993169331497e-01   52   52   45   45
 3.9249059564715755e-01   52   52   46   46
 1.6157040368893667e+00   52   52   47   47
 1.9436697674452645e+00   52   52   48   48
 2.1966344477818307e+00   52   52   49   49
 1.7475251533278935e+00   52   52   50   50
 4.9048399199810350e-01   52   52   51   51
 8.4208384499999998e+00   52   52   52   52
 7.5633649487865340e-01   53   53    1    1
 7.5396873353246596e-01   53   53    2    2
 8.2358443131584813e-01   53   53    3    3
 9.1312643310845698e-01   53   53    4    4
 9.1788824694960769e-01   53   53    5    5
 8.2475957367451658e-01   53   53    6    6
 1.3253370347876952e+00   53   53    7    7
 1.1683343208256212e+00   53   53    8    8
 1.0282213031765790e+00   53   53    9    9
 9.2679534072262093e-01   53   53   10   10
 9.1607927004806511e-01   53   53   11   11
 2.5745697243296899e+00   53   53   12   12
 1.0109044290113096e+00   53   53   13   13
 1.1499461419614816e+00   53   53   14   14
 1.6131018326485858e+00   53   53   15   15
 1.6996651019693150e+00   53   53   16   16
 2.1087523132682988e+00   53   53   17   17
 2.7904374559071270e+00   53   53   18   18
 2.4388191579244136e+00   53   53   19   19
 1.8471738393521533e+00   53   53   20   20
 6.8984874957584941e-01   53   53   21   21
 6.7749375654049704e-01   53   53   22   22
 7.0481444907262636e-01   53   53   23   23
 6.7919366710791595e-01   53   53   24   24
 6.3356799699129496e-01   53   53   25   25
 6.1535923114689772e-01   53   53   26   26
 6.3299212153846596e-01   53   53   27   27
 6.4080873532675675e-01   53   53   28   28
 5.9669762529106296e-01   53   53   29   29
 5.5998619932055549e-01   53   53   30   30
 5.5588621076732070e-01   53   53   31   31
 5.9099032198333723e-01   53   53   32   32
 6.3641955059531885e-01   53   53   33   33
 9.9713887481043828e-01   53   53   34   34
 1.0790411502937931e+00   53   53   35   35
 1.2358120525540048e+00   53   53   36   36
 1.2840864978863114e+00   53   53   37   37
 1.1470536325441605e+00   53   53   38   38
 1.0165211015557254e+00   53   53   39   39
 6.2744108293660172e-01   53   53   40   40
 6.0673743030217420e-01   53   53   41   41
 5.5988177998473998e-01   53   53   42   42
 6.6251298260062830e-01   53   53   43   43
 5.3738064939744723e-01   53   53   44   44
 5.5111740322085279e-01   53   53   45   45
 5.9432852125778990e-01   53   53   46   46
 7.1207446541707875e-01   53   53   47   47
 6.9536410748944422e-01   53   53   48   48
 6.0186943200763809e-01   53   53   49   49
 6.1211892090375908e-01   53   53   50   50
 3.9057495403998765e-01   53   53   51   51
 5.6757323014728778e-01   53   53   52   52
 8.4208384499999998e+00   53   53   53   53
 5.9624874497714331e-01   54   54    1    1
 5.5354146443813779e-01   54   54    2    2
 5.4389107297913863e-01   54   54    3    3
 5.7119641154640510e-01   54   54    4    4
 6.1758581367288734e-01   54   54    5    5
 6.3128038642815421e-01   54   54    6    6
 7.4564175357192186e-01   54   54    7    7
 8.2862392493640502e-01   54   54    8    8
 8.7604308414355037e-01   54   54    9    9
 9.8819876480976132e-01   54   54   10   10
 1.0664153510862580e+00   54   54   11   11
 5.3206231204660770e-01   54   54   12   12
 9.8390712026787353e-01   54   54   13   13
 8.7369321534854982e-01   54   54   14   14
 6.9766900611202787e-01   54   54   15   15
 6.9503951416203702e-01   54   54   16   16
 6.4751189317477431e-01   54   54   17   17
 6.0799179882049514e-01   54   54   18   18
 6.1029582670427551e-01   54   54   19   19
 6.4920650081001696e-01   54   54   20   20
 5.2439841039481982e-01   54   54   21   21
 4.9183656983473589e-01   54   54   22   22
 4.8546310947351368e-01   54   54   23   23
 4.5688573457509274e-01   54   54   24   24
 4.3602448441036268e-01   54   54   25   25
 4.4086069090948604e-01   54   54   26   26
 4.6581556143358616e-01   54   54   27   27
 5.2968369572244400e-01   54   54   28   28
 5.1645102666096565e-01   54   54   29   29
 5.1758720288365490e-01   54   54   30   30
 5.2992332832928890e-01   54   54   31   31
 5.4393465654133666e-01   54   54   32   32
 5.4497735944481407e-01   54   54   33   33
 7.0608912428734083e-01   54   54   34   34
 7.4480192916976762e-01   54   54   35   35
 7.1663445602198494e-01   54   54   36   36
 6.5854409240175515e-01   54   54   37   37
 6.3228671534641367e-01   54   54   38   38
 6.5064609129204121e-01   54   54   39   39
 4.0424089313712752e-01   54   54   40   40
 4.1269396828327354e-01   54   54   41   41
 3.9775699548743243e-01   54   54   42   42
 1.3076233195102884e+00   54   54   43   43
 3.7867178866684292e-01   54   54   44   44
 3.7236511630033386e-01   54   54   45   45
 3.8401290870202553e-01   54   54   46   46
 1.3312769172766283e+00   54   54   47   47
 1.5400340024520356e+00   54   54   48   48
 1.7601298614325265e+00   54   54   49   49
 1.4627292690723810e+00   54   54   50   50
 5.0066832201971789e-01   54   54   51   51
 3.9410330432549694e+00   54   54   52   52
 5.3125178647758109e-01   54   54   53   53
 8.4208384499999998e+00   54   54   54   54
 6.9103542073179558e-01   55   55    1    1
 6.9187111149536429e-01   55   55    2    2
 7.5198536371487945e-01   55   55    3    3
 8.2315092306084359e-01   55   55    4    4
 8.2227264942492551e-01   55   55    5    5
 7.4595537541313628e-01   55   55    6    6
 1.1264115239366224e+00   55   55    7    7
 1.0151943035022208e+00   55   55    8    8
 9.0732572162917202e-01   55   55    9    9
 8.2992471609641660e-01   55   55   10   10
 8.2530624037992484e-01   55   55   11   11
 2.8636394945418058e+00   55   55   12   12
 9.0415059544228271e-01   55   55   13   13
 1.0089970972305813e+00   55   55   14   14
 1.3298738749803873e+00   55   55   15   15
 1.4073935660231021e+00   55   55   16   16
 1.7028723233810306e+00   55   55   17   17
 2.0772045998162683e+00   55   55   18   18
 1.8461494843585544e+00   55   55   19   19
 1.4820351440165371e+00   55   55   20   20
 6.3884233514851618e-01   55   55   21   21
 6.3104135790321636e-01   55   55   22   22
 6.5655869205284134e-01   55   55   23   23
 6.3759733268539243e-01   55   55   24   24
 5.9834713599850076e-01   55   55   25   25
 5.8049180587008509e-01   55   55   26   26
 5.9366000429180421e-01   55   55   27   27
 5.9542274137530493e-01   55   55   28   28
 5.5722024420567495e-01   55   55   29   29
 5.2439637946354023e-01   55   55   30   30
 5.2025040279815904e-01   55   55   31   31
 5.5092123096236911e-01   55   55   32   32
 5.9076783121012888e-01   55   55   33   33
 8.7993253448281716e-01   55   55   34   34
 9.4196426651633403e-01   55   55   35   35
 1.0587826025219491e+00   55   55   36   36
 1.0968082912821298e+00   55   55   37   37
 9.9880671699995793e-01   55   55   38   38
 8.9743213288303747e-01   55   55   39   39
 5.9861673908966484e-01   55   55   40   40
 5.7693802108576975e-01   55   55   41   41
 5.3446341346472181e-01   55   55   42   42
 6.2877751320233921e-01   55   55   43   43
 5.1575269151388758e-01   55   55   44   44
 5.3054408243569273e-01   55   55   45   45
 5.7086272317323183e-01   55   55   46   46
 6.7016150731829593e-01   55   55   47   47
 6.5142120649386870e-01   55   55   48   48
 5.7020671464495798e-01   55   55   49   49
 5.8220162674387976e-01   55   55   50   50
 3.7146706703904547e-01   55   55   51   51
 5.3470793032404351e-01   55   55   52   52
 3.9361829185332193e+00   55   55   53   53
 5.0177469591477619e-01   55   55   54   54
 8.4208384499999998e+00   55   55   55   55
 6.4222842407014202e-01   56   56    1    1
 6.4013639500621655e-01   56   56    2    2
 6.8991217181920694e-01   56   56    3    3
 7.5139433082939255e-01   56   56    4    4
 7.5530410091943534e-01   56   56    5    5
 6.9169096893288362e-01   56   56    6    6
 1.0530201298211479e+00   56   56    7    7
 9.6936098865347997e-01   56   56    8    8
 8.6906000592416299e-01   56   56    9    9
 8.0502501751213296e-01   56   56   10   10
 8.0988407890421943e-01   56   56   11   11
 3.9509178100404139e+00   56   56   12   12
 8.8962271677523852e-01   56   56   13   13
 9.8041351349050054e-01   56   56   14   14
 1.2325140019419907e+00   56   56   15   15
 1.3331744285258011e+00   56   56   16   16
 1.6193362570561278e+00   56   56   17   17
 1.8805940585602987e+00   56   56   18   18
 1.6220178897399868e+00   56   56   19   19
 1.3349198159916331e+00   56   56   20   20
 5.9346330082958743e-01   56   56   21   21
 5.8510902661653119e-01   56   56   22   22
 6.0649422568691558e-01   56   56   23   23
 5.8927516485347009e-01   56   56   24   24
 5.5504157203694093e-01   56   56   25   25
 5.3989384574562682e-01   56   56   26   26
 5.5214256851424948e-01   56   56   27   27
 5.5668231812852387e-01   56   56   28   28
 5.2310561343628237e-01   56   56   29   29
 4.9466147584299158e-01   56   56   30   30
 4.9165801467895187e-01   56   56   31   31
 5.1919817781146127e-01   56   56   32   32
 5.5369140629841418e-01   56   56   33   33
 8.1513544678054928e-01   56   56   34   34
 8.7648482399062499e-01   56   56   35   35
 9.7742504955604304e-01   56   56   36   36
 9.9592898264123353e-01   56   56   37   37
 9.0610876284588315e-01   56   56   38   38
 8.2285864611222226e-01   56   56   39   39
 5.5465307499113525e-01   56   56   40   40
 5.3615709491025532e-01   56   56   41   41
 4.9924552974157549e-01   56   56   42   42
 6.4417581618010622e-01   56   56   43   43
 4.8273906970619918e-01   56   56   44   44
 4.9567814279390687e-01   56   56   45   45
 5.3073312103289960e-01   56   56   46   46
 6.8343813160375577e-01   56   56   47   47
 6.5885411259464777e-01   56   56   48   48
 5.7847622479436955e-01   56   56   49   49
 5.9442873997903778e-01   56   56   50   50
 3.5867926082517526e-01   56   56   51   51
 5.3544697631473159e-01   56   56   52   52
 2.8197331730625814e+00   56   56   53   53
 5.0158310973001607e-01   56   56   54   54
 3.9525391688785265e+00   56   56   55   55
 8.4208384499999998e+00   56   56   56   56
 6.0855394733739143e-01   57   57    1    1
 5.6569202367606031e-01   57   57    2    2
 5.5556299458454328e-01   57   57    3    3
 5.8252724736550754e-01   57   57    4    4
 6.2854101931157025e-01   57   57    5    5
 6.4274526979604307e-01   57   57    6    6
 7.4510273588778486e-01   57   57    7    7
 8.2820151715536416e-01   57   57    8    8
 8.9376503032286503e-01   57   57    9    9
 1.0139707303603767e+00   57   57   10   10
 1.0667382523153817e+00   57   57   11   11
 5.2255014861119897e-01   57   57   12   12
 9.6041713341981427e-01   57   57   13   13
 8.5658291512561269e-01   57   57   14   14
 6.9349751090258660e-01   57   57   15   15
 6.9327193536094334e-01   57   57   16   16
 6.4318773007965846e-01   57   57   17   17
 6.0065281123658343e-01   57   57   18   18
 6.0138692300842944e-01   57   57   19   19
 6.4096987737026179e-01   57   57   20   20
 5.3649947277131460e-01   57   57   21   21
 5.0099487584368885e-01   57   57   22   22
 4.9074068662675840e-01   57   57   23   23
 4.6072858222040186e-01   57   57   24   24
 4.4124973217947566e-01   57   57   25   25
 4.4886048757954988e-01   57   57   26   26
 4.7602453197265915e-01   57   57   27   27
 5.4506745411760282e-01   57   57   28   28
 5.2967877533847163e-01   57   57   29   29
 5.3360671786154590e-01   57   57   30   30
 5.5152727252107658e-01   57   57   31   31
 5.6858821266511606e-01   57   57   32   32
 5.6638982253625514e-01   57   57   33   33
 7.1089535636258583e-01   57   57   34   34
 7.4547719915388033e-01   57   57   35   35
 7.2027489710316850e-01   57   57   36   36
 6.6714712222587824e-01   57   57   37   37
 6.4273533396594451e-01   57   57   38   38
 6.6002657601049974e-01   57   57   39   39
 4.0679315231873547e-01   57   57   40   40
 4.1665850874005506e-01   57   57   41   41
 4.0200119127605233e-01   57   57   42   42
 1.1865893429232925e+00   57   57   43   43
 3.8195712839948154e-01   57   57   44   44
 3.7460226344346076e-01   57   57   45   45
 3.8588282176751443e-01   57   57   46   46
 1.2217973633523691e+00   57   57   47   47
 1.4332939062574463e+00   57   57   48   48
 1.6051582421923674e+00   57   57   49   49
 1.3210891184594977e+00   57   57   50   50
 5.2669759649935666e-01   57   57   51   51
 2.5779085842664853e+00   57   57   52   52
 5.2528536057528763e-01   57   57   53   53
 2.8405779800275175e+00   57   57   54   54
 4.9559467585856892e-01   57   57   55   55
 4.9394443365417084e-01   57   57   56   56
 8.4208384499999998e+00   57   57   57   57
 6.9500765736439629e-01   58   58    1    1
 6.8334282729451579e-01   58   58    2    2
 7.3405488550201103e-01   58   58    3    3
 8.1032252409701855e-01   58   58    4    4
 8.3054046508855972e-01   58   58    5    5
 7.5916472578925243e-01   58   58    6    6
 1.3187507898512831e+00   58   58    7    7
 1.2174810724023446e+00   58   58    8    8
 1.0620342221708921e+00   58   58    9    9
 9.7775594532734755e-01   58   58   10   10
 9.9416705107488124e-01   58   58   11   11
 3.9348350001516827e+00   58   58   12   12
 1.1191431594417012e+00   58   58   13   13
 1.2558041888847944e+00   58   58   14   14
 1.6068191237509619e+00   58   58   15   15
 1.8380076955868567e+00   58   58   16   16
 2.4286164329227238e+00   58   58   17   17
 2.7879128054613238e+00   58   58   18   18
 2.1095673132952517e+00   58   58   19   19
 1.6970211888380671e+00   58   58   20   20
 6.2727253150368678e-01   58   58   21   21
 6.1095506990077753e-01   58   58   22   22
 6.3014285122214431e-01   58   58   23   23
 6.0497305563403658e-01   58   58   24   24
 5.6677351296910328e-01   58   58   25   25
 5.5408245347225660e-01   58   58   26   26
 5.7218634583706307e-01   58   58   27   27
 5.9006765008804407e-01   58   58   28   28
 5.5263236544886485e-01   58   58   29   29
 5.2334621953457450e-01   58   58   30   30
 5.2204506496107417e-01   58   58   31   31
 5.5317260082765529e-01   58   58   32   32
 5.8991014299388311e-01   58   58   33   33
 9.3263255049597737e-01   58   58   34   34
 1.0312151624624950e+00   58   58   35   35
 1.1720994937664821e+00   58   58   36   36
 1.1622228120962876e+00   58   58   37   37
 1.0230837458102806e+00   58   58   38   38
 9.2451267157358685e-01   58   58   39   39
 5.5637423976617961e-01   58   58   40   40
 5.4252590802607659e-01   58   58   41   41
 5.0484962688205592e-01   58   58   42   42
 7.5432531782839884e-01   58   58   43   43
 4.8487408915227703e-01   58   58   44   44
 4.9439208998116962e-01   58   58   45   45
 5.2853409824713993e-01   58   58   46   46
 8.1165872706103181e-01   58   58   47   47
 7.7933483335431486e-01   58   58   48   48
 6.6826127575004823e-01   58   58   49   49
 6.8762771646941956e-01   58   58   50   50
 3.8031389812203542e-01   58   58   51   51
 6.1278354403420265e-01   58   58   52   52
 2.8179760835946617e+00   58   58   53   53
 5.6873531920412712e-01   58   58   54   54
 2.5743105719411208e+00   58   58   55   55
 2.8187382470181217e+00   58   58   56   56
 5.5880771101457705e-01   58   58   57   57
 8.4208384499999998e+00   58   58   58   58
 6.3115901938341457e-01   59   59    1    1
 5.8603657812784071e-01   59   59    2    2
 5.8028915162332706e-01   59   59    3    3
 6.1480217630343825e-01   59   59    4    4
 6.6652594367244034e-01   59   59    5    5
 6.7466612539754489e-01   59   59    6    6
 8.4746425799576752e-01   59   59    7    7
 9.5958330104236889e-01   59   59    8    8
 1.0282219403189052e+00   59   59    9    9
 1.1925724761503147e+00   59   59   10   10
 1.3105429613360970e+00   59   59   11   11
 5.8771703707679457e-01   59   59   12   12
 1.1763744854746767e+00   59   59   13   13
 1.0179274831886642e+00   59   59   14   14
 7.8961489791474704e-01   59   59   15   15
 7.9544025583738998e-01   59   59   16   16
 7.3460695432615930e-01   59   59   17   17
 6.7975155637575846e-01   59   59   18   18
 6.7701895326918815e-01   59   59   19   19
 7.2276383062516725e-01   59   59   20   20
 5.5097982066059636e-01   59   59   21   21
 5.1503304211762924e-01   59   59   22   22
 5.0760871692100995e-01   59   59   23   23
 4.7622171453051471e-01   59   59   24   24
 4.5371715331273260e-01   59   59   25   25
 4.5931049330619494e-01   59   59   26   26
 4.8670506902652683e-01   59   59   27   27
 5.5429059085915644e-01   59   59   28   28
 5.3526315283223358e-01   59   59   29   29
 5.3407446389413471e-01   59   59   30   30
 5.4909584079406226e-01   59   59   31   31
 5.6935041481355386e-01   59   59   32   32
 5.7344758149645481e-01   59   59   33   33
 7.7193348016647323e-01   59   59   34   34
 8.2549938950871282e-01   59   59   35   35
 8.0336150122979577e-01   59   59   36   36
 7.3412431566254865e-01   59   59   37   37
 6.9663340151046416e-01   59   59   38   38
 7.1023841960852807e-01   59   59   39   39
 4.2006915247398974e-01   59   59   40   40
 4.2827220661924414e-01   59   59   41   41
 4.1110666422847375e-01   59   59   42   42
 1.6079671996699409e+00   59   59   43   43
 3.9064167333105837e-01   59   59   44   44
 3.8463976848375431e-01   59   59   45   45
 3.9802170602627973e-01   59   59   46   46
 1.7067920218527917e+00   59   59   47   47
 2.1523300257284270e+00   59   59   48   48
 2.3505613510425927e+00   59   59   49   49
 1.7973819610297015e+00   59   59   50   50
 4.9661726683123347e-01   59   59   51   51
 3.9294902550456920e+00   59   59   52   52
 5.8530081978584636e-01   59   59   53   53
 2.8210303619007147e+00   59   59   54   54
 5.5018562218431288e-01   59   59   55   55
 5.5053731348279544e-01   59   59   56   56
 2.8229053681786529e+00   59   59   57   57
 6.3270975484861869e-01   59   59   58   58
 8.4208384499999998e+00   59   59   59   59
 7.6045397482834109e-01   60   60    1    1
 7.4963535877961063e-01   60   60    2    2
 8.1289586065250385e-01   60   60    3    3
 9.0604897980131882e-01   60   60    4    4
 9.2597634440020249e-01   60   60    5    5
 8.3563378882959516e-01   60   60    6    6
 1.4835050554984244e+00   60   60    7    7
 1.3180904665721644e+00   60   60    8    8
 1.1380533085611393e+00   60   60    9    9
 1.0254847528626045e+00   60   60   10   10
 1.0243125152533166e+00   60   60   11   11
 2.8142537911033414e+00   60   60   12   12
 1.1496872455954450e+00   60   60   13   13
 1.3210961470045106e+00   60   60   14   14
 1.8665371924821395e+00   60   60   15   15
 2.0717519247505907e+00   60   60   16   16
 2.7953805299824284e+00   60   60   17   17
 3.9042954538371526e+00   60   60   18   18
 2.8010991202609485e+00   60   60   19   19
 2.0745035006408812e+00   60   60   20   20
 6.8341894417891447e-01   60   60   21   21
 6.6551229033501780e-01   60   60   22   22
 6.8866504012716800e-01   60   60   23   23
 6.5920559820721170e-01   60   60   24   24
 6.1447708250184863e-01   60   60   25   25
 5.9954593737335760e-01   60   60   26   26
 6.2022094993662880e-01   60   60   27   27
 6.3837519766143891e-01   60   60   28   28
 5.9466175087026996e-01   60   60   29   29
 5.6011146309006876e-01   60   60   30   30
 5.5779600954198649e-01   60   60   31   31
 5.9331244384824233e-01   60   60   32   32
 6.3689879079054101e-01   60   60   33   33
 1.0383962901533625e+00   60   60   34   34
 1.1488766198374734e+00   60   60   35   35
 1.3301709979894651e+00   60   60   36   36
 1.3424291415042910e+00   60   60   37   37
 1.1695512324956030e+00   60   60   38   38
 1.0393899601678056e+00   60   60   39   39
 6.0198787144526911e-01   60   60   40   40
 5.8609020614294849e-01   60   60   41   41
 5.4238230725476333e-01   60   60   42   42
 7.2889233015274235e-01   60   60   43   43
 5.1927617931817449e-01   60   60   44   44
 5.2988786423906153e-01   60   60   45   45
 5.6917147348568864e-01   60   60   46   46
 7.8864539220623742e-01   60   60   47   47
 7.6650918298707083e-01   60   60   48   48
 6.5509634712292897e-01   60   60   49   49
 6.6815457846952075e-01   60   60   50   50
 3.9615091663076663e-01   60   60   51   51
 6.1164230503821404e-01   60   60   52   52
 3.8952820268662767e+00   60   60   53   53
 5.6904510397685770e-01   60   60   54   54
 2.8141198241797833e+00   60   60   55   55
 2.5356719332997848e+00   60   60   56   56
 5.6129123641358025e-01   60   60   57   57
 3.8964670209279966e+00   60   60   58   58
 6.3214237196187073e-01   60   60   59   59
 8.4208384499999998e+00   60   60   60   60
 7.7472158141358916e-01   61   61    1    1
 7.5936568027657447e-01   61   61    2    2
 6.9465845402770832e-01   61   61    3    3
 6.5628329460027557e-01   61   61    4    4
 6.6429322327986118e-01   61   61    5    5
 7.2006375996561645e-01   61   61    6    6
 5.1517668027361552e-01   61   61    7    7
 5.1653338025715090e-01   61   61    8    8
 5.4356959206155764e-01   61   61    9    9
 5.4061439825982283e-01   61   61   10   10
 5.1157880995078353e-01   61   61   11   11
 3.7325437460649857e-01   61   61   12   12
 4.8918133838416872e-01   61   61   13   13
 4.9108705583821655e-01   61   61   14   14
 4.8426507800450036e-01   61   61   15   15
 4.6173376032685537e-01   61   61   16   16
 4.3742342061754375e-01   61   61   17   17
 4.3133245521602176e-01   61   61   18   18
 4.4935987763013435e-01   61   61   19   19
 4.7586168760076475e-01   61   61   20   20
 8.0812888052419007e-01   61   61   21   21
 7.6784859147989160e-01   61   61   22   22
 7.0715444305558139e-01   61   61   23   23
 6.7329600963535596e-01   61   61   24   24
 6.8482748289424877e-01   61   61   25   25
 7.3822561044293578e-01   61   61   26   26
 7.8533613147945625e-01   61   61   27   27
 9.0801578547956763e-01   61   61   28   28
 9.8155059396810262e-01   61   61   29   29
 1.1311850199772358e+00   61   61   30   30
 1.2083599604826820e+00   61   61   31   31
 1.0768378854367622e+00   61   61   32   32
 9.4578618522803004e-01   61   61   33   33
 6.1753129636158399e-01   61   61   34   34
 5.7863729564594413e-01   61   61   35   35
 5.4701448540272690e-01   61   61   36   36
 5.4976830768960860e-01   61   61   37   37
 5.8295646737685336e-01   61   61   38   38
 6.2202503258716757e-01   61   61   39   39
 5.9376498905675013e-01   61   61   40   40
 6.4564556997454958e-01   61   61   41   41
 6.5965553896002227e-01   61   61   42   42
 4.0132383188399295e-01   61   61   43   43
 6.1728445898455475e-01   61   61   44   44
 5.7264947887141826e-01   61   61   45   45
 5.6364982233499772e-01   61   61   46   46
 4.1983688006053765e-01   61   61   47   47
 4.4225311714121829e-01   61   61   48   48
 4.2190110540570352e-01   61   61   49   49
 4.0221261095381305e-01   61   61   50   50
 2.8355567915114390e+00   61   61   51   51
 4.7234149415340193e-01   61   61   52   52
 4.0515705332804219e-01   61   61   53   53
 4.7845954476971120e-01   61   61   54   54
 3.8510666661877024e-01   61   61   55   55
 3.7037648242534549e-01   61   61   56   56
 5.0197535841682139e-01   61   61   57   57
 3.9110524075624337e-01   61   61   58   58
 4.7973874446570841e-01   61   61   59   59
 4.0912124660081806e-01   61   61   60   60
 8.4208384499999998e+00   61   61   61   61
 8.0178462792132643e-01   62   62    1    1
 7.7534438356918756e-01   62   62    2    2
 7.1093061848288397e-01   62   62    3    3
 6.7894252944346734e-01   62   62    4    4
 6.9420908404711157e-01   62   62    5    5
 7.5360216191245932e-01   62   62    6    6
 5.4715863412224752e-01   62   62    7    7
 5.5275874662823454e-01   62   62    8    8
 5.8737007523922458e-01   62   62    9    9
 5.8818368824523448e-01   62   62   10   10
 5.5458586858115289e-01   62   62   11   11
 3.8787341627962141e-01   62   62   12   12
 5.2565024020991646e-01   62   62   13   13
 5.2467553267181621e-01   62   62   14   14
 5.1123780581398459e-01   62   62   15   15
 4.8836724380673890e-01   62   62   16   16
 4.6029058913873006e-01   62   62   17   17
 4.5097838234911886e-01   62   62   18   18
 4.6866587776121721e-01   62   62   19   19
 4.9831101159307550e-01   62   62   20   20
 8.1096142501562074e-01   62   62   21   21
 7.5720049824898994e-01   62   62   22   22
 6.9586325727720288e-01   62   62   23   23
 6.5520890519102570e-01   62   62   24   24
 6.5930873545033630e-01   62   62   25   25
 7.0967281249437686e-01   62   62   26   26
 7.6375894117770349e-01   62   62   27   27
 9.1149478451255928e-01   62   62   28   28
 9.6121783489273793e-01   62   62   29   29
 1.0994891798243902e+00   62   62   30   30
 1.2126884981261177e+00   62   62   31   31
 1.1151057377497917e+00   62   62   32   32
 9.7278061007064354e-01   62   62   33   33
 6.5342499343551241e-01   62   62   34   34
 6.1435196578199502e-01   62   62   35   35
 5.7993914092722332e-01   62   62   36   36
 5.8023552808951273e-01   62   62   37   37
 6.1291943711111629e-01   62   62   38   38
 6.5442605707603774e-01   62   62   39   39
 5.7096405616145651e-01   62   62   40   40
 6.1705473589336357e-01   62   62   41   41
 6.2212837540969823e-01   62   62   42   42
 4.3187837746624058e-01   62   62   43   43
 5.8056609534858250e-01   62   62   44   44
 5.4275657892849427e-01   62   62   45   45
 5.3940345632028730e-01   62   62   46   46
 4.5254906189601118e-01   62   62   47   47
 4.7953224769046160e-01   62   62   48   48
 4.5792816956759885e-01   62   62   49   49
 4.3417291627124355e-01   62   62   50   50
 2.8376644763244054e+00   62   62   51   51
 5.1692078828605525e-01   62   62   52   52
 4.1993306660498481e-01   62   62   53   53
 5.2459056001271631e-01   62   62   54   54
 3.9806554203879291e-01   62   62   55   55
 3.8338383270375798e-01   62   62   56   56
 5.5756372620964800e-01   62   62   57   57
 4.0776356780182066e-01   62   62   58   58
 5.2750294240834872e-01   62   62   59   59
 4.2613174537889525e-01   62   62   60   60
 2.8444726147709662e+00   62   62   61   61
 8.4208384499999998e+00   62   62   62   62
 7.4531579996836650e-01   63   63    1    1
 7.1818354236687354e-01   63   63    2    2
 6.6105222552912113e-01   63   63    3    3
 6.3468253018103027e-01   63   63    4    4
 6.5121495668440221e-01   63   63    5    5
 7.0539929563051018e-01   63   63    6    6
 5.2450647183036181e-01   63   63    7    7
 5.3156736869704524e-01   63   63    8    8
 5.6376645286453431e-01   63   63    9    9
 5.6709917684088262e-01   63   63   10   10
 5.3772619919238962e-01   63   63   11   11
 3.7520469949371316e-01   63   63   12   12
 5.0996481980440722e-01   63   63   13   13
 5.0723592712752286e-01   63   63   14   14
 4.9076727572218637e-01   63   63   15   15
 4.6957391547618715e-01   63   63   16   16
 4.4312342635492746e-01   63   63   17   17
 4.3411357241934312e-01   63   63   18   18
 4.5056725127317870e-01   63   63   19   19
 4.7840210112150561e-01   63   63   20   20
 7.4710583002312003e-01   63   63   21   21
 7.0099721648020386e-01   63   63   22   22
 6.5026339619883100e-01   63   63   23   23
 6.1461813877312688e-01   63   63   24   24
 6.1684663829937347e-01   63   63   25   25
 6.5868366117566302e-01   63   63   26   26
 7.0425209843072689e-01   63   63   27   27
 8.3071506970299802e-01   63   63   28   28
 8.7644139722373859e-01   63   63   29   29
 9.8936437373173980e-01   63   63   30   30
 1.0690051590851606e+00   63   63   31   31
 9.8765611533310227e-01   63   63   32   32
 8.7656408994539903e-01   63   63   33   33
 6.2037247823621378e-01   63   63   34   34
 5.8640202844940292e-01   63   63   35   35
 5.5338416068643770e-01   63   63   36   36
 5.5106801820676121e-01   63   63   37   37
 5.7915666964357737e-01   63   63   38   38
 6.1765619977517960e-01   63   63   39   39
 5.3925970720998995e-01   63   63   40   40
 5.8016706934212736e-01   63   63   41   41
 5.8531096036291919e-01   63   63   42   42
 4.2628351745181947e-01   63   63   43   43
 5.4891749338076845e-01   63   63   44   44
 5.1484423749646524e-01   63   63   45   45
 5.1133842107886851e-01   63   63   46   46
 4.4553505925708503e-01   63   63   47   47
 4.7214033181866560e-01   63   63   48   48
 4.5349730629541202e-01   63   63   49   49
 4.2968715053982254e-01   63   63   50   50
 3.9431440128614419e+00   63   63   51   51
 5.1493653867936373e-01   63   63   52   52
 4.0422214823986274e-01   63   63   53   53
 5.2521272049653012e-01   63   63   54   54
 3.8373526242106565e-01   63   63   55   55
 3.7042895272882020e-01   63   63   56   56
 5.5694802803318610e-01   63   63   57   57
 3.9407033948594783e-01   63   63   58   58
 5.2343178970461124e-01   63   63   59   59
 4.1072305907010248e-01   63   63   60   60
 2.5755780609356536e+00   63   63   61   61
 3.9409435502448540e+00   63   63   62   62
 8.4208384499999998e+00   63   63   63   63
 5.9355409302454831e-01   64   64    1    1
 5.5147007698054862e-01   64   64    2    2
 5.4048683288232957e-01   64   64    3    3
 5.6564990895406198e-01   64   64    4    4
 6.1034000055024429e-01   64   64    5    5
 6.2574081471254828e-01   64   64    6    6
 7.1904050389705132e-01   64   64    7    7
 7.9576668037789688e-01   64   64    8    8
 8.4929197839474602e-01   64   64    9    9
 9.5562301376803416e-01   64   64   10   10
 1.0122840645305498e+00   64   64   11   11
 5.1104105103907471e-01   64   64   12   12
 9.2511746883083967e-01   64   64   13   13
 8.2807005904243447e-01   64   64   14   14
 6.7124511772898054e-01   64   64   15   15
 6.6841700849889163e-01   64   64   16   16
 6.2236581212675290e-01   64   64   17   17
 5.8442117266919680e-01   64   64   18   18
 5.8680242393699167e-01   64   64   19   19
 6.2443180635955686e-01   64   64   20   20
 5.2397587037136151e-01   64   64   21   21
 4.9057497036618003e-01   64   64   22   22
 4.8207212199178140e-01   64   64   23   23
 4.5341369316508873e-01   64   64   24   24
 4.3391694801136316e-01   64   64   25   25
 4.4027799208268281e-01   64   64   26   26
 4.6589088199518552e-01   64   64   27   27
 5.3185418955247721e-01   64   64   28   28
 5.1900174269699062e-01   64   64   29   29
 5.2259137543551593e-01   64   64   30   30
 5.3755960709552753e-01   64   64   31   31
 5.5153534730637810e-01   64   64   32   32
 5.4971036355680791e-01   64   64   33   33
 6.9069518904122829e-01   64   64   34   34
 7.2334257081537712e-01   64   64   35   35
 6.9583208312841360e-01   64   64   36   36
 6.4345531305865000e-01   64   64   37   37
 6.2096278351623679e-01   64   64   38   38
 6.3972621884384728e-01   64   64   39   39
 4.0100036630014269e-01   64   64   40   40
 4.1041724269056401e-01   64   64   41   41
 3.9632093102108978e-01   64   64   42   42
 1.1686923577867940e+00   64   64   43   43
 3.7704292285886953e-01   64   64   44   44
 3.6997894758663996e-01   64   64   45   45
 3.8087795571285404e-01   64   64   46   46
 1.1906302258008503e+00   64   64   47   47
 1.3737317369189914e+00   64   64   48   48
 1.5600371391053269e+00   64   64   49   49
 1.3036783928841200e+00   64   64   50   50
 5.1899803308753178e-01   64   64   51   51
 2.8378235115102513e+00   64   64   52   52
 5.1277987115777490e-01   64   64   53   53
 3.9434095032383683e+00   64   64   54   54
 4.8457702460927682e-01   64   64   55   55
 4.8335912504109924e-01   64   64   56   56
 3.9422327161127364e+00   64   64   57   57
 5.4546230163483067e-01   64   64   58   58
 2.5564092181979494e+00   64   64   59   59
 5.4729431139340023e-01   64   64   60   60
 4.9321658810647567e-01   64   64   61   61
 5.4470996838508312e-01   64   64   62   62
 5.4630265492585439e-01   64   64   63   63
 8.4208384499999998e+00   64   64   64   64
 8.2045834296361697e-01   65   65    1    1
 8.0128442663750765e-01   65   65    2    2
 7.3198253749961373e-01   65   65    3    3
 6.9254000645736513e-01   65   65    4    4
 7.0260763218402689e-01   65   65    5    5
 7.6304922351876148e-01   65   65    6    6
 5.4204121430823560e-01   65   65    7    7
 5.4434390375180763e-01   65   65    8    8
 5.7587609401774831e-01   65   65    9    9
 5.7307995795753908e-01   65   65   10   10
 5.3986069594826702e-01   65   65   11   11
 3.8695171117727856e-01   65   65   12   12
 5.1406099549485273e-01   65   65   13   13
 5.1569541047384748e-01   65   65   14   14
 5.0776153854052108e-01   65   65   15   15
 4.8412125857003285e-01   65   65   16   16
 4.5727183922430464e-01   65   65   17   17
 4.4961878928047078e-01   65   65   18   18
 4.6820619292325261e-01   65   65   19   19
 4.9710565616860858e-01   65   65   20   20
 8.4925359349205864e-01   65   65   21   21
 7.9796460728690333e-01   65   65   22   22
 7.2962533584635492e-01   65   65   23   23
 6.8934545578622897e-01   65   65   24   24
 6.9878271977025308e-01   65   65   25   25
 7.5682629157780745e-01   65   65   26   26
 8.1316947828429931e-01   65   65   27   27
 9.6142949556462254e-01   65   65   28   28
 1.0275936395443834e+00   65   65   29   29
 1.1919324296939733e+00   65   65   30   30
 1.3115852590256358e+00   65   65   31   31
 1.1791769082648988e+00   65   65   32   32
 1.0199527526280732e+00   65   65   33   33
 6.5212192266775237e-01   65   65   34   34
 6.1013651809894265e-01   65   65   35   35
 5.7654083609128681e-01   65   65   36   36
 5.7983464627099357e-01   65   65   37   37
 6.1559854042305762e-01   65   65   38   38
 6.5747081955841247e-01   65   65   39   39
 6.0179383140001297e-01   65   65   40   40
 6.5434453942420312e-01   65   65   41   41
 6.6392862462420887e-01   65   65   42   42
 4.1834961510049301e-01   65   65   43   43
 6.1840951966252766e-01   65   65   44   44
 5.7468178127105185e-01   65   65   45   45
 5.6858237249241328e-01   65   65   46   46
 4.3853401034016887e-01   65   65   47   47
 4.6315554901536576e-01   65   65   48   48
 4.4079325027269983e-01   65   65   49   49
 4.1931830188880054e-01   65   65   50   50
 2.5572609815544869e+00   65   65   51   51
 4.9392451263265563e-01   65   65   52   52
 4.2066114484367545e-01   65   65   53   53
 4.9956235508356228e-01   65   65   54   54
 3.9901832287565353e-01   65   65   55   55
 3.8352305482972665e-01   65   65   56   56
 5.2773894452453030e-01   65   65   57   57
 4.0628122111198517e-01   65   65   58   58
 5.0365771376525681e-01   65   65   59   59
 4.2542809792199937e-01   65   65   60   60
 3.9331782508450388e+00   65   65   61   61
 3.9299661412982312e+00   65   65   62   62
 2.8217896546188590e+00   65   65   63   63
 5.1624761753594361e-01   65   65   64   64
 8.4208384499999998e+00   65   65   65   65
 6.2773557549284642e-01   66   66    1    1
 5.8335903606493955e-01   66   66    2    2
 5.7588747577870392e-01   66   66    3    3
 6.0755138557155075e-01   66   66    4    4
 6.5704511339021898e-01   66   66    5    5
 6.6759818266617599e-01   66   66    6    6
 8.0776690334794532e-01   66   66    7    7
 9.0782546255612506e-01   66   66    8    8
 9.8381769075822090e-01   66   66    9    9
 1.1337634070711773e+00   66   66   10   10
 1.2094481657369769e+00   66   66   11   11
 5.5909125945770466e-01   66   66   12   12
 1.0761806929308491e+00   66   66   13   13
 9.4552180082487824e-01   66   66   14   14
 7.5077489607851877e-01   66   66   15   15
 7.5496877529980477e-01   66   66   16   16
 6.9741487279277814e-01   66   66   17   17
 6.4641768816532208e-01   66   66   18   18
 6.4457121959607644e-01   66   66   19   19
 6.8815631401103761e-01   66   66   20   20
 5.5032307941073566e-01   66   66   21   21
 5.1342927160751439e-01   66   66   22   22
 5.0357085020476600e-01   66   66   23   23
 4.7214507026176106e-01   66   66   24   24
 4.5121422925036242e-01   66   66   25   25
 4.5852762840660771e-01   66   66   26   26
 4.8665786111533060e-01   66   66   27   27
 5.5665282543007999e-01   66   66   28   28
 5.3802164090764681e-01   66   66   29   29
 5.3953121858013853e-01   66   66   30   30
 5.5756486456367416e-01   66   66   31   31
 5.7800602190661832e-01   66   66   32   32
 5.7884201105570643e-01   66   66   33   33
 7.5132008777105552e-01   66   66   34   34
 7.9570177096621819e-01   66   66   35   35
 7.7342237962854876e-01   66   66   36   36
 7.1262392472647496e-01   66   66   37   37
 6.8097161646930526e-01   66   66   38   38
 6.9556838624266693e-01   66   66   39   39
 4.1630856137637345e-01   66   66   40   40
 4.2561168964889745e-01   66   66   41   41
 4.0942538525197858e-01   66   66   42   42
 1.3602957307368402e+00   66   66   43   43
 3.8876493874437978e-01   66   66   44   44
 3.8191408617841727e-01   66   66   45   45
 3.9441923009214114e-01   66   66   46   46
 1.4256976313873355e+00   66   66   47   47
 1.7327867044276970e+00   66   66   48   48
 1.9040144458839583e+00   66   66   49   49
 1.5143337311156209e+00   66   66   50   50
 5.1464966428264125e-01   66   66   51   51
 2.8448616932722333e+00   66   66   52   52
 5.6025588570058971e-01   66   66   53   53
 2.5756092814849043e+00   66   66   54   54
 5.2720351378123720e-01   66   66   55   55
 5.2614550093069623e-01   66   66   56   56
 3.9389250378798160e+00   66   66   57   57
 6.0035162151517962e-01   66   66   58   58
 3.9326290601844391e+00   66   66   59   59
 6.0197150260896115e-01   66   66   60   60
 4.9472466091722384e-01   66   66   61   61
 5.4811727928588527e-01   66   66   62   62
 5.4447134168451539e-01   66   66   63   63
 2.8352351698234983e+00   66   66   64   64
 5.2088006899732175e-01   66   66   65   65
 8.4208384499999998e+00   66   66   66   66
 1.2094310757219553e+00   67   67    1    1
 1.1890917771257781e+00   67   67    2    2
 1.0352991362299693e+00   67   67    3    3
 9.4520305751069489e-01   67   67    4    4
 9.5128092938531195e-01   67   67    5    5
 1.0660710399023412e+00   67   67    6    6
 6.5136360150096340e-01   67   67    7    7
 6.4372352175944214e-01   67   67    8    8
 6.7769788615089455e-01   67   67    9    9
 6.6081136156209952e-01   67   67   10   10
 6.1496226111415297e-01   67   67   11   11
 4.4559791837977719e-01   67   67   12   12
 5.8979301039013865e-01   67   67   13   13
 6.0129327284761336e-01   67   67   14   14
 6.0636754184233732e-01   67   67   15   15
 5.6862013486796015e-01   67   67   16   16
 5.3465549510797872e-01   67   67   17   17
 5.2981780615404939e-01   67   67   18   18
 5.5962905053238110e-01   67   67   19   19
 5.9919133303194727e-01   67   67   20   20
 1.3215560213632733e+00   67   67   21   21
 1.2131349517594896e+00   67   67   22   22
 1.0681404335276323e+00   67   67   23   23
 9.8392526549899717e-01   67   67   24   24
 9.9441736783814771e-01   67   67   25   25
 1.1055104713562431e+00   67   67   26   26
 1.2349285880686978e+00   67   67   27   27
 1.6082964816951046e+00   67   67   28   28
 1.8567859247427441e+00   67   67   29   29
 2.4759846147214839e+00   67   67   30   30
 2.7864804705618740e+00   67   67   31   31
 2.0752486308346074e+00   67   67   32   32
 1.6794421545610518e+00   67   67   33   33
 8.3761757239022205e-01   67   67   34   34
 7.6037129797626368e-01   67   67   35   35
 7.0875904921907262e-01   67   67   36   36
 7.2036854933848704e-01   67   67   37   37
 7.8510430032577716e-01   67   67   38   38
 8.5772468244144984e-01   67   67   39   39
 8.0695643177524390e-01   67   67   40   40
 9.0142131328902309e-01   67   67   41   41
 9.0725572461998238e-01   67   67   42   42
 4.4826022791413472e-01   67   67   43   43
 8.1841229290375317e-01   67   67   44   44
 7.4790191287316732e-01   67   67   45   45
 7.4467648424125832e-01   67   67   46   46
 4.7427930486907038e-01   67   67   47   47
 4.9962079504652851e-01   67   67   48   48
 4.6517685986986407e-01   67   67   49   49
 4.4439148219242991e-01   67   67   50   50
 1.3057654752258849e+00   67   67   51   51
 5.1789517072352709e-01   67   67   52   52
 4.9498851963513096e-01   67   67   53   53
 5.1740771553607245e-01   67   67   54   54
 4.6604972567467345e-01   67   67   55   55
 4.4349596964781135e-01   67   67   56   56
 5.3861416567625042e-01   67   67   57   57
 4.7008770720578408e-01   67   67   58   58
 5.2822788970098711e-01   67   67   59   59
 4.9808166294486889e-01   67   67   60   60
 1.6648937209386065e+00   67   67   61   61
 1.5765952095379254e+00   67   67   62   62
 1.3617960819023229e+00   67   67   63   63
 5.2745885199856468e-01   67   67   64   64
 1.7970217821911478e+00   67   67   65   65
 5.3896576330230439e-01   67   67   66   66
 8.4208384499999998e+00   67   67   67   67
 1.3400489355366425e+00   68   68    1    1
 1.3302951052918044e+00   68   68    2    2
 1.1517383290892746e+00   68   68    3    3
 1.0425835941153985e+00   68   68    4    4
 1.0422537210559524e+00   68   68    5    5
 1.1684796647209617e+00   68   68    6    6
 6.9144236329475750e-01   68   68    7    7
 6.8088708118178554e-01   68   68    8    8
 7.1957672107261705e-01   68   68    9    9
 6.9771641264298634e-01   68   68   10   10
 6.4444026432181667e-01   68   68   11   11
 4.6588080087524808e-01   68   68   12   12
 6.1694300860488471e-01   68   68   13   13
 6.3126694527840865e-01   68   68   14   14
 6.4207439463752858e-01   68   68   15   15
 6.0135893076072711e-01   68   68   16   16
 5.6405297520200248e-01   68   68   17   17
 5.5813363048777376e-01   68   68   18   18
 5.8990004846176747e-01   68   68   19   19
 6.3313294903850914e-01   68   68   20   20
 1.4868866116365695e+00   68   68   21   21
 1.3329465036333765e+00   68   68   22   22
 1.1459997023624584e+00   68   68   23   23
 1.0411927462256156e+00   68   68   24   24
 1.0510567035408964e+00   68   68   25   25
 1.1864068641242247e+00   68   68   26   26
 1.3580209515557813e+00   68   68   27   27
 1.8691221426886295e+00   68   68   28   28
 2.0711515789493946e+00   68   68   29   29
 2.7926883429506510e+00   68   68   30   30
 3.9034617128190989e+00   68   68   31   31
 2.7936020758733906e+00   68   68   32   32
 2.0709353945662636e+00   68   68   33   33
 8.9851596843720238e-01   68   68   34   34
 8.1010870854338757e-01   68   68   35   35
 7.5693582012625760e-01   68   68   36   36
 7.7530543363936888e-01   68   68   37   37
 8.5156495101712060e-01   68   68   38   38
 9.3062221350147312e-01   68   68   39   39
 8.4053779202058287e-01   68   68   40   40
 9.4050376526929447e-01   68   68   41   41
 9.3605696510841618e-01   68   68   42   42
 4.6078315551161708e-01   68   68   43   43
 8.3788915883244541e-01   68   68   44   44
 7.6716949953091540e-01   68   68   45   45
 7.6948376984139044e-01   68   68   46   46
 4.8880137654958433e-01   68   68   47   47
 5.1516785863688808e-01   68   68   48   48
 4.7716423297768801e-01   68   68   49   49
 4.5586056740326397e-01   68   68   50   50
 1.1650638531975845e+00   68   68   51   51
 5.2784789757665729e-01   68   68   52   52
 5.2048859711677709e-01   68   68   53   53
 5.2492637998217773e-01   68   68   54   54
 4.8879193447427477e-01   68   68   55   55
 4.6393826502659236e-01   68   68   56   56
 5.4899595151141523e-01   68   68   57   57
 4.9242464457517360e-01   68   68   58   58
 5.4105112398163302e-01   68   68   59   59
 5.2342480602756147e-01   68   68   60   60
 1.4393257701152644e+00   68   68   61   61
 1.4422372761195921e+00   68   68   62   62
 1.2387024906177806e+00   68   68   63   63
 5.3503574096871476e-01   68   68   64   64
 1.5963479926033679e+00   68   68   65   65
 5.5213984110121705e-01   68   68   66   66
 3.9071957152030823e+00   68   68   67   67
 8.4208384499999998e+00   68   68   68   68
 1.2182030604709027e+00   69   69    1    1
 1.2139125475298502e+00   69   69    2    2
 1.0777488327654303e+00   69   69    3    3
 9.8792508117400790e-01   69   69    4    4
 9.8569986340322124e-01   69   69    5    5
 1.0865108747283396e+00   69   69    6    6
 6.7569422678441171e-01   69   69    7    7
 6.6786575096517486e-01   69   69    8    8
 7.0952878688287457e-01   69   69    9    9
 6.9056955771417783e-01   69   69   10   10
 6.3687042721372900e-01   69   69   11   11
 4.5857073784317498e-01   69   69   12   12
 6.0705289477009972e-01   69   69   13   13
 6.1902418268928117e-01   69   69   14   14
 6.2811887377998066e-01   69   69   15   15
 5.9197344349664704e-01   69   69   16   16
 5.5537376182253750e-01   69   69   17   17
 5.4724768358241727e-01   69   69   18   18
 5.7517542958519430e-01   69   69   19   19
 6.1604252995936404e-01   69   69   20   20
 1.3264060784245197e+00   69   69   21   21
 1.1958838506474936e+00   69   69   22   22
 1.0353772564680830e+00   69   69   23   23
 9.4789849000114901e-01   69   69   24   24
 9.6118778946545103e-01   69   69   25   25
 1.0830450454629239e+00   69   69   26   26
 1.2271770554747026e+00   69   69   27   27
 1.6136813208493763e+00   69   69   28   28
 1.6841224518532785e+00   69   69   29   29
 2.0790408601172818e+00   69   69   30   30
 2.7928353933306664e+00   69   69   31   31
 2.4830695696650769e+00   69   69   32   32
 1.8623523779088234e+00   69   69   33   33
 8.5850180053039415e-01   69   69   34   34
 7.8090952576640105e-01   69   69   35   35
 7.3581548598382951e-01   69   69   36   36
 7.5508910406965035e-01   69   69   37   37
 8.2422987055856722e-01   69   69   38   38
 8.9041902427779029e-01   69   69   39   39
 7.8270649088926292e-01   69   69   40   40
 8.6789491480561454e-01   69   69   41   41
 8.6417797976243571e-01   69   69   42   42
 4.5855943981102754e-01   69   69   43   43
 7.8042571526190763e-01   69   69   44   44
 7.1869597738531443e-01   69   69   45   45
 7.2078262809535054e-01   69   69   46   46
 4.8586110273824895e-01   69   69   47   47
 5.1270282704736658e-01   69   69   48   48
 4.7648679329500304e-01   69   69   49   49
 4.5459935456998868e-01   69   69   50   50
 1.1936029612322441e+00   69   69   51   51
 5.2527360118610422e-01   69   69   52   52
 5.1031089199953039e-01   69   69   53   53
 5.2248033231863078e-01   69   69   54   54
 4.7984215702410848e-01   69   69   55   55
 4.5627469871448961e-01   69   69   56   56
 5.5138941621970317e-01   69   69   57   57
 4.8437594261479250e-01   69   69   58   58
 5.4068920371838280e-01   69   69   59   59
 5.1376669572295997e-01   69   69   60   60
 1.4802029696604579e+00   69   69   61   61
 1.5510788989309081e+00   69   69   62   62
 1.2968042070316950e+00   69   69   63   63
 5.3487679991784076e-01   69   69   64   64
 1.7093006900772909e+00   69   69   65   65
 5.5446632821032715e-01   69   69   66   66
 2.8413739091965979e+00   69   69   67   67
 3.9114234935220735e+00   69   69   68   68
 8.4208384499999998e+00   69   69   69   69
 1.0485179019620516e+00   70   70    1    1
 1.0286733422488812e+00   70   70    2    2
 9.1278001066322689e-01   70   70    3    3
 8.4420840385993734e-01   70   70    4    4
 8.5187438107240321e-01   70   70    5    5
 9.4356208589025403e-01   70   70    6    6
 6.0908973708048242e-01   70   70    7    7
 6.0524576286080678e-01   70   70    8    8
 6.3802440897273638e-01   70   70    9    9
 6.2652257464630823e-01   70   70   10   10
 5.8566524918072460e-01   70   70   11   11
 4.2349480502741116e-01   70   70   12   12
 5.6049846211898446e-01   70   70   13   13
 5.6830660063731853e-01   70   70   14   14
 5.6840092347819515e-01   70   70   15   15
 5.3602035497670042e-01   70   70   16   16
 5.0494930791981540e-01   70   70   17   17
 4.9926041906439134e-01   70   70   18   18
 5.2484748124803238e-01   70   70   19   19
 5.6014252567843803e-01   70   70   20   20
 1.1234131220495096e+00   70   70   21   21
 1.0444043523204760e+00   70   70   22   22
 9.3418794307423469e-01   70   70   23   23
 8.7125399515424284e-01   70   70   24   24
 8.8382731129443337e-01   70   70   25   25
 9.7333916440986701e-01   70   70   26   26
 1.0674917228212533e+00   70   70   27   27
 1.3257539565518597e+00   70   70   28   28
 1.4849624708876905e+00   70   70   29   29
 1.8570355112971728e+00   70   70   30   30
 2.0680740231975858e+00   70   70   31   31
 1.6801687940065262e+00   70   70   32   32
 1.3930964875386953e+00   70   70   33   33
 7.6505678702599000e-01   70   70   34   34
 7.0210184948651622e-01   70   70   35   35
 6.5743883276988258e-01   70   70   36   36
 6.6562101149401409e-01   70   70   37   37
 7.1864040872445767e-01   70   70   38   38
 7.7871268485812861e-01   70   70   39   39
 7.3390065292380646e-01   70   70   40   40
 8.1270921592169276e-01   70   70   41   41
 8.2335617655308113e-01   70   70   42   42
 4.3595035780448049e-01   70   70   43   43
 7.5207576212957705e-01   70   70   44   44
 6.9009455621286220e-01   70   70   45   45
 6.8395990983806454e-01   70   70   46   46
 4.5980550632263678e-01   70   70   47   47
 4.8470841202312243e-01   70   70   48   48
 4.5455701542805282e-01   70   70   49   49
 4.3371283822894002e-01   70   70   50   50
 1.5638374286720591e+00   70   70   51   51
 5.0743140952272892e-01   70   70   52   52
 4.6696766238221388e-01   70   70   53   53
 5.0910845006706729e-01   70   70   54   54
 4.4092024271085195e-01   70   70   55   55
 4.2101040303763820e-01   70   70   56   56
 5.3197778822106467e-01   70   70   57   57
 4.4591886706920558e-01   70   70   58   58
 5.1721785691139621e-01   70   70   59   59
 4.7054926004823755e-01   70   70   60   60
 2.1454432534995020e+00   70   70   61   61
 1.9438316625851451e+00   70   70   62   62
 1.6295893835115962e+00   70   70   63   63
 5.2109780354690838e-01   70   70   64   64
 2.3513875313887080e+00   70   70   65   65
 5.2986117202231764e-01   70   70   66   66
 3.9359838794119391e+00   70   70   67   67
 2.7965045211530697e+00   70   70   68   68
 2.5644678981152933e+00   70   70   69   69
 8.4208384499999998e+00   70   70   70   70
 9.9182019697034429e-01   71   71    1    1
 9.7684400543400707e-01   71   71    2    2
 8.7818324515303392e-01   71   71    3    3
 8.1723665763097719e-01   71   71    4    4
 8.2290328354729314e-01   71   71    5    5
 9.0226733228399469e-01   71   71    6    6
 5.9931722235435614e-01   71   71    7    7
 5.9699159547234304e-01   71   71    8    8
 6.3192355166751946e-01   71   71    9    9
 6.2209832623902450e-01   71   71   10   10
 5.8062327640904154e-01   71   71   11   11
 4.1858087662424914e-01   71   71   12   12
 5.5374266046000031e-01   71   71   13   13
 5.6013292924500180e-01   71   71   14   14
 5.5963299561066970e-01   71   71   15   15
 5.3017897821154081e-01   71   71   16   16
 4.9946980111583239e-01   71   71   17   17
 4.9223601281332113e-01   71   71   18   18
 5.1532495087786523e-01   71   71   19   19
 5.4923569276358797e-01   71   71   20   20
 1.0556091280033681e+00   71   71   21   21
 9.7975296323815797e-01   71   71   22   22
 8.7533342519498314e-01   71   71   23   23
 8.1771678119239288e-01   71   71   24   24
 8.3171203605788557e-01   71   71   25   25
 9.1791644187646348e-01   71   71   26   26
 1.0057148060363801e+00   71   71   27   27
 1.2348541587976964e+00   71   71   28   28
 1.3349764321629660e+00   71   71   29   29
 1.6216745154015320e+00   71   71   30   30
 1.8832139155255871e+00   71   71   31   31
 1.6205552374132093e+00   71   71   32   32
 1.3341390686632395e+00   71   71   33   33
 7.4180761721255717e-01   71   71   34   34
 6.8433601069304850e-01   71   71   35   35
 6.4477847875438610e-01   71   71   36   36
 6.5412570272060000e-01   71   71   37   37
 7.0374637120784911e-01   71   71   38   38
 7.5681554217115188e-01   71   71   39   39
 6.9663491605015870e-01   71   71   40   40
 7.6714426744825848e-01   71   71   41   41
 7.7569990930471477e-01   71   71   42   42
 4.3431390350301335e-01   71   71   43   43
 7.1169953805560415e-01   71   71   44   44
 6.5591830621026048e-01   71   71   45   45
 6.5089281476350436e-01   71   71   46   46
 4.5765487471605587e-01   71   71   47   47
 4.8294295192371062e-01   71   71   48   48
 4.5414506923332687e-01   71   71   49   49
 4.3282121036736615e-01   71   71   50   50
 1.6231959537866258e+00   71   71   51   51
 5.0526204709040956e-01   71   71   52   52
 4.6034035349495822e-01   71   71   53   53
 5.0692156183914938e-01   71   71   54   54
 4.3500897898650320e-01   71   71   55   55
 4.1587547639465455e-01   71   71   56   56
 5.3411084284860266e-01   71   71   57   57
 4.4056403918217302e-01   71   71   58   58
 5.1702463544160127e-01   71   71   59   59
 4.6423594520416894e-01   71   71   60   60
 2.2693622037878036e+00   71   71   61   61
 2.2358459837194355e+00   71   71   62   62
 1.7592563081222654e+00   71   71   63   63
 5.2091560326977704e-01   71   71   64   64
 2.7812876854557027e+00   71   71   65   65
 5.3195678183195316e-01   71   71   66   66
 2.8437065012973028e+00   71   71   67   67
 2.5407858968607422e+00   71   71   68   68
 2.8271217830446291e+00   71   71   69   69
 3.9480332604987525e+00   71   71   70   70
 8.4208384499999998e+00   71   71   71   71
 1.0539363297960687e+00   72   72    1    1
 1.0448584117878323e+00   72   72    2    2
 9.4136993094003396e-01   72   72    3    3
 8.7368132860178027e-01   72   72    4    4
 8.7544214398588505e-01   72   72    5    5
 9.5673895543334952e-01   72   72    6    6
 6.2789547262104972e-01   72   72    7    7
 6.2409334808149952e-01   72   72    8    8
 6.6299817932216254e-01   72   72    9    9
 6.5025419111369986e-01   72   72   10   10
 6.0323697578329272e-01   72   72   11   11
 4.3425469029495317e-01   72   72   12   12
 5.7420155714629162e-01   72   72   13   13
 5.8223589460765846e-01   72   72   14   14
 5.8544281820135680e-01   72   72   15   15
 5.5470823256692936e-01   72   72   16   16
 5.2168886944403170e-01   72   72   17   17
 5.1327372482979161e-01   72   72   18   18
 5.3713206321683837e-01   72   72   19   19
 5.7324884500612805e-01   72   72   20   20
 1.1280270977563753e+00   72   72   21   21
 1.0357291032169955e+00   72   72   22   22
 9.1398349732157480e-01   72   72   23   23
 8.4798461766052968e-01   72   72   24   24
 8.6274463498867415e-01   72   72   25   25
 9.6104811327115602e-01   72   72   26   26
 1.0656860385514002e+00   72   72   27   27
 1.3312949585023117e+00   72   72   28   28
 1.4002719740772809e+00   72   72   29   29
 1.6898899724942245e+00   72   72   30   30
 2.0796670968205531e+00   72   72   31   31
 1.8625394899943117e+00   72   72   32   32
 1.4892318318760369e+00   72   72   33   33
 7.7976632040869931e-01   72   72   34   34
 7.1708071658669381e-01   72   72   35   35
 6.7785678202629895e-01   72   72   36   36
 6.9178969136564572e-01   72   72   37   37
 7.4734948180963645e-01   72   72   38   38
 8.0191862501933697e-01   72   72   39   39
 7.1723966910741854e-01   72   72   40   40
 7.9016371892094761e-01   72   72   41   41
 7.9340904517249777e-01   72   72   42   42
 4.4461617883513727e-01   72   72   43   43
 7.2454210169161037e-01   72   72   44   44
 6.6874704084340575e-01   72   72   45   45
 6.6690261484922353e-01   72   72   46   46
 4.6947526549324820e-01   72   72   47   47
 4.9564050481304667e-01   72   72   48   48
 4.6417336508257023e-01   72   72   49   49
 4.4237068285573033e-01   72   72   50   50
 1.3755652432176277e+00   72   72   51   51
 5.1323734727270720e-01   72   72   52   52
 4.7944861795568344e-01   72   72   53   53
 5.1279578795144765e-01   72   72   54   54
 4.5228433017975528e-01   72   72   55   55
 4.3162343763036454e-01   72   72   56   56
 5.4292486437475107e-01   72   72   57   57
 4.5766396524692093e-01   72   72   58   58
 5.2768234055450325e-01   72   72   59   59
 4.8330660035090167e-01   72   72   60   60
 1.7769053458937203e+00   72   72   61   61
 1.8902102770037792e+00   72   72   62   62
 1.5151251290848100e+00   72   72   63   63
 5.2699920918057719e-01   72   72   64   64
 2.1544204527951178e+00   72   72   65   65
 5.4323290429986826e-01   72   72   66   66
 2.5966344075194381e+00   72   72   67   67
 2.8214617291193376e+00   72   72   68   68
 3.9430633945531914e+00   72   72   69   69
 2.8541304605907887e+00   72   72   70   70
 3.9591808668491271e+00   72   72   71   71
 8.4208384499999998e+00   72   72   72   72
 8.6172423108306095e-01   73   73    1    1
 8.5334742356760940e-01   73   73    2    2
 7.8479264446647656e-01   73   73    3    3
 7.3914788782115604e-01   73   73    4    4
 7.4212137864211269e-01   73   73    5    5
 7.9921401625237076e-01   73   73    6    6
 5.6383238750892195e-01   73   73    7    7
 5.6386523161779167e-01   73   73    8    8
 5.9855403930881290e-01   73   73    9    9
 5.9229068650036421e-01   73   73   10   10
 5.5377995853106365e-01   73   73   11   11
 4.0150157939497788e-01   73   73   12   12
 5.2655413234576975e-01   73   73   13   13
 5.3033672790856101e-01   73   73   14   14
 5.2850111427023938e-01   73   73   15   15
 5.0489632123764061e-01   73   73   16   16
 4.7675430530443963e-01   73   73   17   17
 4.6803039370355082e-01   73   73   18   18
 4.8651569861850397e-01   73   73   19   19
 5.1632557620924002e-01   73   73   20   20
 9.0700790651384000e-01   73   73   21   21
 8.4828973558642407e-01   73   73   22   22
 7.6443824927194004e-01   73   73   23   23
 7.1988105693114435e-01   73   73   24   24
 7.3454706000218717e-01   73   73   25   25
 8.0669670813863292e-01   73   73   26   26
 8.7412117340523598e-01   73   73   27   27
 1.0335345831449623e+00   73   73   28   28
 1.0782962635011020e+00   73   73   29   29
 1.2475732118027059e+00   73   73   30   30
 1.4353901705924725e+00   73   73   31   31
 1.3320974959381715e+00   73   73   32   32
 1.1300284835057550e+00   73   73   33   33
 6.7725758931098701e-01   73   73   34   34
 6.3192541607191410e-01   73   73   35   35
 6.0167190740177290e-01   73   73   36   36
 6.1115700232824266e-01   73   73   37   37
 6.5172681898152440e-01   73   73   38   38
 6.9146004701934283e-01   73   73   39   39
 6.2788594006201714e-01   73   73   40   40
 6.8422798418574826e-01   73   73   41   41
 6.9179936067011893e-01   73   73   42   42
 4.2247990719946621e-01   73   73   43   43
 6.4138708603798367e-01   73   73   44   44
 5.9557362982614281e-01   73   73   45   45
 5.9091875537084770e-01   73   73   46   46
 4.4373849720222008e-01   73   73   47   47
 4.6832289964293944e-01   73   73   48   48
 4.4354662932647060e-01   73   73   49   49
 4.2240463511976906e-01   73   73   50   50
 1.6183179739537186e+00   73   73   51   51
 4.9030734255182029e-01   73   73   52   52
 4.3862365791370084e-01   73   73   53   53
 4.9248558298527284e-01   73   73   54   54
 4.1570202096611614e-01   73   73   55   55
 3.9863202495276034e-01   73   73   56   56
 5.2438705283931175e-01   73   73   57   57
 4.2170181303583576e-01   73   73   58   58
 5.0383567431849141e-01   73   73   59   59
 4.4270201926360458e-01   73   73   60   60
 2.1279702632239701e+00   73   73   61   61
 2.3901759067845556e+00   73   73   62   62
 1.8232853606011568e+00   73   73   63   63
 5.0892002797999336e-01   73   73   64   64
 2.7754935764547208e+00   73   73   65   65
 5.2154161930667264e-01   73   73   66   66
 1.7827700209971620e+00   73   73   67   67
 1.7659575893795265e+00   73   73   68   68
 2.1363675288359794e+00   73   73   69   69
 2.1425086396042246e+00   73   73   70   70
 2.9929515779997078e+00   73   73   71   71
 2.9806072009669728e+00   73   73   72   72
 8.4208384499999998e+00   73   73   73   73
 9.4999892213421344e-01   74   74    1    1
 9.4474622164425281e-01   74   74    2    2
 8.6595466433252166e-01   74   74    3    3
 8.1135821882187897e-01   74   74    4    4
 8.1168623307683541e-01   74   74    5    5
 8.7549066582254675e-01   74   74    6    6
 6.0151429928819622e-01   74   74    7    7
 5.9961713714152820e-01   74   74    8    8
 6.3805806905337947e-01   74   74    9    9
 6.2821165448357985e-01   74   74   10   10
 5.8375275871330734e-01   74   74   11   11
 4.2207534407580216e-01   74   74   12   12
 5.5459885572320811e-01   74   74   13   13
 5.6060108384373264e-01   74   74   14   14
 5.6246368435111727e-01   74   74   15   15
 5.3609735115941148e-01   74   74   16   16
 5.0508657004761448e-01   74   74   17   17
 4.9566397497546355e-01   74   74   18   18
 5.1613892242464476e-01   74   74   19   19
 5.4910696339160736e-01   74   74   20   20
 1.0072045823137434e+00   74   74   21   21
 9.3253265885385650e-01   74   74   22   22
 8.3024195350047303e-01   74   74   23   23
 7.7587291625871269e-01   74   74   24   24
 7.9126828658740089e-01   74   74   25   25
 8.7688297445585195e-01   74   74   26   26
 9.6202232840704838e-01   74   74   27   27
 1.1616349041622369e+00   74   74   28   28
 1.1968425794693653e+00   74   74   29   29
 1.3924615320219169e+00   74   74   30   30
 1.6626995182467541e+00   74   74   31   31
 1.5697057280367019e+00   74   74   32   32
 1.3002089153082916e+00   74   74   33   33
 7.3071075921729400e-01   74   74   34   34
 6.7778518046383018e-01   74   74   35   35
 6.4539090816663192e-01   74   74   36   36
 6.5892092573587735e-01   74   74   37   37
 7.0695200746450626e-01   74   74   38   38
 7.5117037906840201e-01   74   74   39   39
 6.6826425063955452e-01   74   74   40   40
 7.3072174734212314e-01   74   74   41   41
 7.3450375795241918e-01   74   74   42   42
 4.3640827835417795e-01   74   74   43   43
 6.7612628880949199e-01   74   74   44   44
 6.2716861406230451e-01   74   74   45   45
 6.2495226360731915e-01   74   74   46   46
 4.5976650268309138e-01   74   74   47   47
 4.8540677707141411e-01   74   74   48   48
 4.5681680122428553e-01   74   74   49   49
 4.3516084520528359e-01   74   74   50   50
 1.3725595999945339e+00   74   74   51   51
 5.0302836005802498e-01   74   74   52   52
 4.6375303482362995e-01   74   74   53   53
 5.0304241193248322e-01   74   74   54   54
 4.3842830927576099e-01   74   74   55   55
 4.1932333132831295e-01   74   74   56   56
 5.3615589941691977e-01   74   74   57   57
 4.4413762495975306e-01   74   74   58   58
 5.1852707197439130e-01   74   74   59   59
 4.6774708817991695e-01   74   74   60   60
 1.7343335362722407e+00   74   74   61   61
 1.9385804137594866e+00   74   74   62   62
 1.5369173968598313e+00   74   74   63   63
 5.1883810321157431e-01   74   74   64   64
 2.1510076736888566e+00   74   74   65   65
 5.3592095765817993e-01   74   74   66   66
 1.9333403653236474e+00   74   74   67   67
 2.0683861735822102e+00   74   74   68   68
 2.7555647639225351e+00   74   74   69   69
 2.1650427001150638e+00   74   74   70   70
 2.9852694920792548e+00   74   74   71   71
 3.9547278125106273e+00   74   74   72   72
 3.9502142648093059e+00   74   74   73   73
 8.4208384499999998e+00   74   74   74   74
 9.2940643142549551e-01   75   75    1    1
 9.3060186779580523e-01   75   75    2    2
 8.6439500421260829e-01   75   75    3    3
 8.1352659380789893e-01   75   75    4    4
 8.0976713519426702e-01   75   75    5    5
 8.6354485809674331e-01   75   75    6    6
 6.0643299756884350e-01   75   75    7    7
 6.0414588622628074e-01   75   75    8    8
 6.4428744991232245e-01   75   75    9    9
 6.3360740660549986e-01   75   75   10   10
 5.8718973290263876e-01   75   75   11   11
 4.2733514599991773e-01   75   75   12   12
 5.5713519648702459e-01   75   75   13   13
 5.6346799078474918e-01   75   75   14   14
 5.6794429471607222e-01   75   75   15   15
 5.4331760380875938e-01   75   75   16   16
 5.1211974588225395e-01   75   75   17   17
 5.0146506329469021e-01   75   75   18   18
 5.2053606459141033e-01   75   75   19   19
 5.5299228219505359e-01   75   75   20   20
 9.8350895831014684e-01   75   75   21   21
 9.1096917959463330e-01   75   75   22   22
 8.1084538795866601e-01   75   75   23   23
 7.5826311742420072e-01   75   75   24   24
 7.7398233709993425e-01   75   75   25   25
 8.5845183609886333e-01   75   75   26   26
 9.4141986362026986e-01   75   75   27   27
 1.1201877163607110e+00   75   75   28   28
 1.1250000060616847e+00   75   75   29   29
 1.2738434953884223e+00   75   75   30   30
 1.5163054891385106e+00   75   75   31   31
 1.5059524868847898e+00   75   75   32   32
 1.2711083877310538e+00   75   75   33   33
 7.2785748868102385e-01   75   75   34   34
 6.7737853922996594e-01   75   75   35   35
 6.4969482959526892e-01   75   75   36   36
 6.6652263781444010e-01   75   75   37   37
 7.1397941163788714e-01   75   75   38   38
 7.5235730569220327e-01   75   75   39   39
 6.5729945277595891e-01   75   75   40   40
 7.1535940521285457e-01   75   75   41   41
 7.1600482863140347e-01   75   75   42   42
 4.3833743478277359e-01   75   75   43   43
 6.6033608306163438e-01   75   75   44   44
 6.1518790218933539e-01   75   75   45   45
 6.1489642891489693e-01   75   75   46   46
 4.6183407521728692e-01   75   75   47   47
 4.8738694122609921e-01   75   75   48   48
 4.5845391537765401e-01   75   75   49   49
 4.3690979352507925e-01   75   75   50   50
 1.1888708887633894e+00   75   75   51   51
 5.0071505090058388e-01   75   75   52   52
 4.6959226206016547e-01   75   75   53   53
 4.9926438316687122e-01   75   75   54   54
 4.4406468873710353e-01   75   75   55   55
 4.2468110145001892e-01   75   75   56   56
 5.3506333969134334e-01   75   75   57   57
 4.4957016211414680e-01   75   75   58   58
 5.1841726576753788e-01   75   75   59   59
 4.7347477597774568e-01   75   75   60   60
 1.4270642855352027e+00   75   75   61   61
 1.6096807841632710e+00   75   75   62   62
 1.3270423945276217e+00   75   75   63   63
 5.1545463922036849e-01   75   75   64   64
 1.7052480035913116e+00   75   75   65   65
 5.3663788833364068e-01   75   75   66   66
 1.5980665186702290e+00   75   75   67   67
 1.7753985556062555e+00   75   75   68   68
 2.3358064693690594e+00   75   75   69   69
 1.6969669406546128e+00   75   75   70   70
 2.1379549768209150e+00   75   75   71   71
 2.7528407847965473e+00   75   75   72   72
 2.8242885309583583e+00   75   75   73   73
 3.9405413879715661e+00   75   75   74   74
 8.4208384499999998e+00   75   75   75   75
 8.2928402060522821e-01   76   76    1    1
 8.3031897620437090e-01   76   76    2    2
 7.8000246370274640e-01   76   76    3    3
 7.4009944204385647e-01   76   76    4    4
 7.3695961673058163e-01   76   76    5    5
 7.7903027611482634e-01   76   76    6    6
 5.7061339019809043e-01   76   76    7    7
 5.7012181878746226e-01   76   76    8    8
 6.0747171511831399e-01   76   76    9    9
 6.0006019062583837e-01   76   76   10   10
 5.5853232797113606e-01   76   76   11   11
 4.0992533263598357e-01   76   76   12   12
 5.2983568019288685e-01   76   76   13   13
 5.3406759654049085e-01   76   76   14   14
 5.3643190977600697e-01   76   76   15   15
 5.1597791677190352e-01   76   76   16   16
 4.8771633526442232e-01   76   76   17   17
 4.7690234019934291e-01   76   76   18   18
 4.9285585751023092e-01   76   76   19   19
 5.2162758634436401e-01   76   76   20   20
 8.7075168787971635e-01   76   76   21   21
 8.1447113827037831e-01   76   76   22   22
 7.3312237501062061e-01   76   76   23   23
 6.9088990295017561e-01   76   76   24   24
 7.0602732888673325e-01   76   76   25   25
 7.7687814076891504e-01   76   76   26   26
 8.4176672700136124e-01   76   76   27   27
 9.7451177832352076e-01   76   76   28   28
 9.7723198630292774e-01   76   76   29   29
 1.0885457844718989e+00   76   76   30   30
 1.2588035389238481e+00   76   76   31   31
 1.2534659853529555e+00   76   76   32   32
 1.0890765787454217e+00   76   76   33   33
 6.7091580388936300e-01   76   76   34   34
 6.2964175037431269e-01   76   76   35   35
 6.0711148704334539e-01   76   76   36   36
 6.2171340171208445e-01   76   76   37   37
 6.6090506427808793e-01   76   76   38   38
 6.9129176947073001e-01   76   76   39   39
 6.0885021316605992e-01   76   76   40   40
 6.5831321005436905e-01   76   76   41   41
 6.6063897687366857e-01   76   76   42   42
 4.2542027416399519e-01   76   76   43   43
 6.1420437107858517e-01   76   76   44   44
 5.7459303642872828e-01   76   76   45   45
 5.7321788612672642e-01   76   76   46   46
 4.4681800747352435e-01   76   76   47   47
 4.7119436187307973e-01   76   76   48   48
 4.4599369305903802e-01   76   76   49   49
 4.2508111756509809e-01   76   76   50   50
 1.1665277045262390e+00   76   76   51   51
 4.8546681172252426e-01   76   76   52   52
 4.4772435305428276e-01   76   76   53   53
 4.8494857883872489e-01   76   76   54   54
 4.2462143028041494e-01   76   76   55   55
 4.0721410617859849e-01   76   76   56   56
 5.2180522966875331e-01   76   76   57   57
 4.3029869002339260e-01   76   76   58   58
 5.0299532334238417e-01   76   76   59   59
 4.5162283763879058e-01   76   76   60   60
 1.3622411905943763e+00   76   76   61   61
 1.5504636501808617e+00   76   76   62   62
 1.3020254693994666e+00   76   76   63   63
 5.0209515252650161e-01   76   76   64   64
 1.6063081225306195e+00   76   76   65   65
 5.2224190150534611e-01   76   76   66   66
 1.3400497395490438e+00   76   76   67   67
 1.4394463843591574e+00   76   76   68   68
 1.7817531559123581e+00   76   76   69   69
 1.4447005982461345e+00   76   76   70   70
 1.7805452831093815e+00   76   76   71   71
 2.0812658937115089e+00   76   76   72   72
 2.5735933576415913e+00   76   76   73   73
 2.8505593262848690e+00   76   76   74   74
 3.9356695372281525e+00   76   76   75   75
 8.4208384499999998e+00   76   76   76   76
 7.8054197110394885e-01   77   77    1    1
 7.7452571798105274e-01   77   77    2    2
 7.2043763795899496e-01   77   77    3    3
 6.8312711887948097e-01   77   77    4    4
 6.8518878125282123e-01   77   77    5    5
 7.3115448626937152e-01   77   77    6    6
 5.3479941690156196e-01   77   77    7    7
 5.3598892525292019e-01   77   77    8    8
 5.6878916389877732e-01   77   77    9    9
 5.6468887133501811e-01   77   77   10   10
 5.2959685749695973e-01   77   77   11   11
 3.8699368018522146e-01   77   77   12   12
 5.0337533505305820e-01   77   77   13   13
 5.0566613152110096e-01   77   77   14   14
 5.0291081533707205e-01   77   77   15   15
 4.8280090325268010e-01   77   77   16   16
 4.5693767350480258e-01   77   77   17   17
 4.4793117933166399e-01   77   77   18   18
 4.6375754921972684e-01   77   77   19   19
 4.9059971300237692e-01   77   77   20   20
 8.1683723369429906e-01   77   77   21   21
 7.6912031834943839e-01   77   77   22   22
 6.9851717962913651e-01   77   77   23   23
 6.6165316715566791e-01   77   77   24   24
 6.7588290166327947e-01   77   77   25   25
 7.3815360950681330e-01   77   77   26   26
 7.9303007345301357e-01   77   77   27   27
 9.1655398123037024e-01   77   77   28   28
 9.4646323089663476e-01   77   77   29   29
 1.0720229576817226e+00   77   77   30   30
 1.2122086147637647e+00   77   77   31   31
 1.1499954104107781e+00   77   77   32   32
 9.9776043362499367e-01   77   77   33   33
 6.3085345779496682e-01   77   77   34   34
 5.9278057315675015e-01   77   77   35   35
 5.6751352085003515e-01   77   77   36   36
 5.7622226801040066e-01   77   77   37   37
 6.1082675321453217e-01   77   77   38   38
 6.4340335820787098e-01   77   77   39   39
 5.8535096213522886e-01   77   77   40   40
 6.3392499472774955e-01   77   77   41   41
 6.4155991930999179e-01   77   77   42   42
 4.1088019773549989e-01   77   77   43   43
 5.9891718404626548e-01   77   77   44   44
 5.5856677278477918e-01   77   77   45   45
 5.5371614786717438e-01   77   77   46   46
 4.3037530668655138e-01   77   77   47   47
 4.5390635448243505e-01   77   77   48   48
 4.3222721429872762e-01   77   77   49   49
 4.1168415838965439e-01   77   77   50   50
 1.5582093059611681e+00   77   77   51   51
 4.7594555165061736e-01   77   77   52   52
 4.2069631845609579e-01   77   77   53   53
 4.7870287305804538e-01   77   77   54   54
 3.9966539892513514e-01   77   77   55   55
 3.8411631077538627e-01   77   77   56   56
 5.1185248986034637e-01   77   77   57   57
 4.0571427790857084e-01   77   77   58   58
 4.8962745034960969e-01   77   77   59   59
 4.2473479263944525e-01   77   77   60   60
 1.9092133521475798e+00   77   77   61   61
 2.1839035589177960e+00   77   77   62   62
 1.7528147321262224e+00   77   77   63   63
 4.9601461680061598e-01   77   77   64   64
 2.3488559541868890e+00   77   77   65   65
 5.0827154145332221e-01   77   77   66   66
 1.4374335253491664e+00   77   77   67   67
 1.4334812373520418e+00   77   77   68   68
 1.6926056113709562e+00   77   77   69   69
 1.6736100872673227e+00   77   77   70   70
 2.1400315344199496e+00   77   77   71   71
 2.1578884834104346e+00   77   77   72   72
 3.9389742748537850e+00   77   77   73   73
 2.8393996824211123e+00   77   77   74   74
 2.5526299494196873e+00   77   77   75   75
 2.8242278982430644e+00   77   77   76   76
 8.4208384499999998e+00   77   77   77   77
 7.6860599528455931e-01   78   78    1    1
 7.6623215196867800e-01   78   78    2    2
 7.1900161473762958e-01   78   78    3    3
 6.8386972923897682e-01   78   78    4    4
 6.8350880035125061e-01   78   78    5    5
 7.2368530899516448e-01   78   78    6    6
 5.3785360914116642e-01   78   78    7    7
 5.3883176959789270e-01   78   78    8    8
 5.7276548120972548e-01   78   78    9    9
 5.6820048630697040e-01   78   78   10   10
 5.3181404492777673e-01   78   78   11   11
 3.9081035197807823e-01   78   78   12   12
 5.0494561225614376e-01   78   78   13   13
 5.0742875918028252e-01   78   78   14   14
 5.0645707066781775e-01   78   78   15   15
 4.8771652151707079e-01   78   78   16   16
 4.6181782537042104e-01   78   78   17   17
 4.5190195285523432e-01   78   78   18   18
 4.6662641176858011e-01   78   78   19   19
 4.9302249485725008e-01   78   78   20   20
 8.0373239894882742e-01   78   78   21   21
 7.5659869385890777e-01   78   78   22   22
 6.8655455644240304e-01   78   78   23   23
 6.5036352945576814e-01   78   78   24   24
 6.6477538706967554e-01   78   78   25   25
 7.2682859185355109e-01   78   78   26   26
 7.8111908538591479e-01   78   78   27   27
 8.9572193932080990e-01   78   78   28   28
 9.1013964749675280e-01   78   78   29   29
 1.0163915957615459e+00   78   78   30   30
 1.1542562776796486e+00   78   78   31   31
 1.1247898931158422e+00   78   78   32   32
 9.8418733104436507e-01   78   78   33   33
 6.2855388176056848e-01   78   78   34   34
 5.9207441417157536e-01   78   78   35   35
 5.6999867911032243e-01   78   78   36   36
 5.8081750044259328e-01   78   78   37   37
 6.1483159499982409e-01   78   78   38   38
 6.4364092810070894e-01   78   78   39   39
 5.7770617623513909e-01   78   78   40   40
 6.2360116033258017e-01   78   78   41   41
 6.2896298495091185e-01   78   78   42   42
 4.1229623142907607e-01   78   78   43   43
 5.8770905400946050e-01   78   78   44   44
 5.4988014470540492e-01   78   78   45   45
 5.4647946960857963e-01   78   78   46   46
 4.3185452902167243e-01   78   78   47   47
 4.5529507961751514e-01   78   78   48   48
 4.3342221551507198e-01   78   78   49   49
 4.1298173373775848e-01   78   78   50   50
 1.3013737755892465e+00   78   78   51   51
 4.7378150078260545e-01   78   78   52   52
 4.2477525795357446e-01   78   78   53   53
 4.7525571975335584e-01   78   78   54   54
 4.0368037602400092e-01   78   78   55   55
 3.8799902109421658e-01   78   78   56   56
 5.1071004856617030e-01   78   78   57   57
 4.0959648504639973e-01   78   78   58   58
 4.8931849236294245e-01   78   78   59   59
 4.2873974899812983e-01   78   78   60   60
 1.5175155049349074e+00   78   78   61   61
 1.7375245038330895e+00   78   78   62   62
 1.4557501192253872e+00   78   78   63   63
 4.9287440101669128e-01   78   78   64   64
 1.7956895167601512e+00   78   78   65   65
 5.0867126636138005e-01   78   78   66   66
 1.2894719027647963e+00   78   78   67   67
 1.3312384745429304e+00   78   78   68   68
 1.5934345728193655e+00   78   78   69   69
 1.4377925233568631e+00   78   78   70   70
 1.7812615129891307e+00   78   78   71   71
 1.9271672778392070e+00   78   78   72   72
 2.8422057319368319e+00   78   78   73   73
 2.5855743160898288e+00   78   78   74   74
 2.8254618642221572e+00   78   78   75   75
 3.9316048543417201e+00   78   78   76   76
 3.9346179293297610e+00   78   78   77   77
 8.4208384499999998e+00   78   78   78   78
 7.2365771660319156e-01   79   79    1    1
 7.0559971228930096e-01   79   79    2    2
 6.4804456577588332e-01   79   79    3    3
 6.1619120246389003e-01   79   79    4    4
 6.2648986018890596e-01   79   79    5    5
 6.7787721527660638e-01   79   79    6    6
 4.9620529139170266e-01   79   79    7    7
 4.9918177210082321e-01   79   79    8    8
 5.2478004993687499e-01   79   79    9    9
 5.2417574038784442e-01   79   79   10   10
 4.9830447469373962e-01   79   79   11   11
 3.6194345604338990e-01   79   79   12   12
 4.7650819172260145e-01   79   79   13   13
 4.7675020045705468e-01   79   79   14   14
 4.6681416447207880e-01   79   79   15   15
 4.4579621342164555e-01   79   79   16   16
 4.2264466211992491e-01   79   79   17   17
 4.1654173312503873e-01   79   79   18   18
 4.3337580566441192e-01   79   79   19   19
 4.5848617055853330e-01   79   79   20   20
 7.4501872257993651e-01   79   79   21   21
 7.0947707872617072e-01   79   79   22   22
 6.5950991398277170e-01   79   79   23   23
 6.2950886591632538e-01   79   79   24   24
 6.3759224956994109e-01   79   79   25   25
 6.8128459822676102e-01   79   79   26   26
 7.2104733955918343e-01   79   79   27   27
 8.2824154026046215e-01   79   79   28   28
 8.9180645746488940e-01   79   79   29   29
 1.0121864239862224e+00   79   79   30   30
 1.0663031927190216e+00   79   79   31   31
 9.6128615725494559e-01   79   79   32   32
 8.5698054702049919e-01   79   79   33   33
 5.8954515682412523e-01   79   79   34   34
 5.5521474819028049e-01   79   79   35   35
 5.2465107238753428e-01   79   79   36   36
 5.2485741470246461e-01   79   79   37   37
 5.5378814150978717e-01   79   79   38   38
 5.9033295500041771e-01   79   79   39   39
 5.5836037674295935e-01   79   79   40   40
 6.0373289758693582e-01   79   79   41   41
 6.1620053349587078e-01   79   79   42   42
 3.9681922384491664e-01   79   79   43   43
 5.7961768158641180e-01   79   79   44   44
 5.4014969688395942e-01   79   79   45   45
 5.3186714802115087e-01   79   79   46   46
 4.1422080697884522e-01   79   79   47   47
 4.3643695245744141e-01   79   79   48   48
 4.1841622248409693e-01   79   79   49   49
 3.9862919648653450e-01   79   79   50   50
 3.9421917998198794e+00   79   79   51   51
 4.7080752164042722e-01   79   79   52   52
 3.9102062151162592e-01   79   79   53   53
 4.7890081833943443e-01   79   79   54   54
 3.7210954324403145e-01   79   79   55   55
 3.5867627565642457e-01   79   79   56   56
 5.0148120310263977e-01   79   79   57   57
 3.7899717656056237e-01   79   79   58   58
 4.7665315029819166e-01   79   79   59   59
 3.9545607469979022e-01   79   79   60   60
 3.9393577153615675e+00   79   79   61   61
 2.5775080985274643e+00   79   79   62   62
 2.8402582324006755e+00   79   79   63   63
 4.9435235600426636e-01   79   79   64   64
 2.8235921559342820e+00   79   79   65   65
 4.9201075132224226e-01   79   79   66   66
 1.4161432520160595e+00   79   79   67   67
 1.2371731087561377e+00   79   79   68   68
 1.2559426184469533e+00   79   79   69   69
 1.7372971253252407e+00   79   79   70   70
 1.7746526386115600e+00   79   79   71   71
 1.4577160261194266e+00   79   79   72   72
 1.7064191170532770e+00   79   79   73   73
 1.4335879388368287e+00   79   79   74   74
 1.2219121712845327e+00   79   79   75   75
 1.1870106692259002e+00   79   79   76   76
 1.6073665240658404e+00   79   79   77   77
 1.3222478522897299e+00   79   79   78   78
 8.4208384499999998e+00   79   79   79   79
 8.3452763229729798e-01   80   80    1    1
 7.6300416881913280e-01   80   80    2    2
 7.6283846748026596e-01   80   80    3    3
 8.2926385027458926e-01   80   80    4    4
 9.2198341864490863e-01   80   80    5    5
 9.2147931020910345e-01   80   80    6    6
 1.3190459893436073e+00   80   80    7    7
 1.6055547245643620e+00   80   80    8    8
 1.8604189764129935e+00   80   80    9    9
 2.4809506451787171e+00   80   80   10   10
 2.7857783075214000e+00   80   80   11   11
 7.3058262677550678e-01   80   80   12   12
 2.0721615990425635e+00   80   80   13   13
 1.6779334344803478e+00   80   80   14   14
 1.1663248211707826e+00   80   80   15   15
 1.1582262020145317e+00   80   80   16   16
 1.0171310759619634e+00   80   80   17   17
 9.1741178548830049e-01   80   80   18   18
 9.2312718955471085e-01   80   80   19   19
 1.0215642484064973e+00   80   80   20   20
 6.9978493176681378e-01   80   80   21   21
 6.4472811975546662e-01   80   80   22   22
 6.3479294777878459e-01   80   80   23   23
 5.8702389862601789e-01   80   80   24   24
 5.5295789167071274e-01   80   80   25   25
 5.6010591771100227e-01   80   80   26   26
 6.0021228518969505e-01   80   80   27   27
 6.9666246386543007e-01   80   80   28   28
 6.5918243912365293e-01   80   80   29   29
 6.4889104863334912e-01   80   80   30   30
 6.6866991611902582e-01   80   80   31   31
 7.0752594935816715e-01   80   80   32   32
 7.2524072526706707e-01   80   80   33   33
 1.1367392922366586e+00   80   80   34   34
 1.2643389412722954e+00   80   80   35   35
 1.2271539195939778e+00   80   80   36   36
 1.0787633957513436e+00   80   80   37   37
 9.9855893898509962e-01   80   80   38   38
 1.0162493275165831e+00   80   80   39   39
 5.0593590430688640e-01   80   80   40   40
 5.1594280377504531e-01   80   80   41   41
 4.8947029705515510e-01   80   80   42   42
 1.3402486427522284e+00   80   80   43   43
 4.6107290351571228e-01   80   80   44   44
 4.5419675195180975e-01   80   80   45   45
 4.7427894858919456e-01   80   80   46   46
 1.5982219632443699e+00   80   80   47   47
 1.9339931719627503e+00   80   80   48   48
 1.4380136944599227e+00   80   80   49   49
 1.2898095101306184e+00   80   80   50   50
 5.3613911205899412e-01   80   80   51   51
 1.5712418859205115e+00   80   80   52   52
 7.5256441258037932e-01   80   80   53   53
 1.3576195206259043e+00   80   80   54   54
 6.9045021419444019e-01   80   80   55   55
 6.8086035011680335e-01   80   80   56   56
 1.4174321736488471e+00   80   80   57   57
 8.0757799057923096e-01   80   80   58   58
 1.7963898819010515e+00   80   80   59   59
 8.2430533840783449e-01   80   80   60   60
 5.3021804407280149e-01   80   80   61   61
 5.8292483831271624e-01   80   80   62   62
 5.6839674811476726e-01   80   80   63   63
 1.3040505668936389e+00   80   80   64   64
 5.6137152821793390e-01   80   80   65   65
 1.6685459487960688e+00   80   80   66   66
 6.2059261143362587e-01   80   80   67   67
 6.4673731433268644e-01   80   80   68   68
 6.4365087771220386e-01   80   80   69   69
 5.9698161407293637e-01   80   80   70   70
 5.9499751355881136e-01   80   80   71   71
 6.1592308267207163e-01   80   80   72   72
 5.7207556869151333e-01   80   80   73   73
 5.9941724909322924e-01   80   80   74   74
 6.0216737914450391e-01   80   80   75   75
 5.7580708609516540e-01   80   80   76   76
 5.4935405032284645e-01   80   80   77   77
 5.5113991536692353e-01   80   80   78   78
 5.1925221522642484e-01   80   80   79   79
 8.4208384499999998e+00   80   80   80   80
 8.2704105987849164e-01   81   81    1    1
 7.5973368500763028e-01   81   81    2    2
 7.6691007071620465e-01   81   81    3    3
 8.4048508682598799e-01   81   81    4    4
 9.3345844730997773e-01   81   81    5    5
 9.1970929507664112e-01   81   81    6    6
 1.4801298835361372e+00   81   81    7    7
 1.8618966478449186e+00   81   81    8    8
 2.0708983274817441e+00   81   81    9    9
 2.7948517039605361e+00   81   81   10   10
 3.9012362857148029e+00   81   81   11   11
 8.0488561351982979e-01   81   81   12   12
 2.7881832883170978e+00   81   81   13   13
 2.0673245093260433e+00   81   81   14   14
 1.3168773744095335e+00   81   81   15   15
 1.3229554741499445e+00   81   81   16   16
 1.1507067246950298e+00   81   81   17   17
 1.0246945558334242e+00   81   81   18   18
 1.0245484674049803e+00   81   81   19   19
 1.1361881819837125e+00   81   81   20   20
 6.9370948308159763e-01   81   81   21   21
 6.4244654126377032e-01   81   81   22   22
 6.3711196540076820e-01   81   81   23   23
 5.9053028570517174e-01   81   81   24   24
 5.5447304027272870e-01   81   81   25   25
 5.5871488037410066e-01   81   81   26   26
 5.9664799300380311e-01   81   81   27   27
 6.8400151924706920e-01   81   81   28   28
 6.4557395514992144e-01   81   81   29   29
 6.3082888383479907e-01   81   81   30   30
 6.4600980340448122e-01   81   81   31   31
 6.8418564303571472e-01   81   81   32   32
 7.0715957565801102e-01   81   81   33   33
 1.1722576688449338e+00   81   81   34   34
 1.3393051238464662e+00   81   81   35   35
 1.3266124655725111e+00   81   81   36   36
 1.1474481625121593e+00   81   81   37   37
 1.0399603031566305e+00   81   81   38   38
 1.0439006981309966e+00   81   81   39   39
 5.1078011182000194e-01   81   81   40   40
 5.1828482896749595e-01   81   81   41   41
 4.9008589276518538e-01   81   81   42   42
 1.4389000746612970e+00   81   81   43   43
 4.6239127157123711e-01   81   81   44   44
 4.5728870927879173e-01   81   81   45   45
 4.7905729420787874e-01   81   81   46   46
 1.7745214021975517e+00   81   81   47   47
 2.0675010375120570e+00   81   81   48   48
 1.4331035821278850e+00   81   81   49   49
 1.3308317763962065e+00   81   81   50   50
 5.0799012392435750e-01   81   81   51   51
 1.4380584398263923e+00   81   81   52   52
 8.2297672933609611e-01   81   81   53   53
 1.2356392596401513e+00   81   81   54   54
 7.5115912804901741e-01   81   81   55   55
 7.4304186565689356e-01   81   81   56   56
 1.2375271319294583e+00   81   81   57   57
 8.9832171273684891e-01   81   81   58   58
 1.5950586551919061e+00   81   81   59   59
 9.1324774222425398e-01   81   81   60   60
 5.0535978708297791e-01   81   81   61   61
 5.5047464929996015e-01   81   81   62   62
 5.3620367740897534e-01   81   81   63   63
 1.1637292687602139e+00   81   81   64   64
 5.3316627364469660e-01   81   81   65   65
 1.4406338254451438e+00   81   81   66   66
 5.9577437235635167e-01   81   81   67   67
 6.2127607379176664e-01   81   81   68   68
 6.1606091283756570e-01   81   81   69   69
 5.7110277047171709e-01   81   81   70   70
 5.6756273548703617e-01   81   81   71   71
 5.8761313864575260e-01   81   81   72   72
 5.4421029877561500e-01   81   81   73   73
 5.7082830340597379e-01   81   81   74   74
 5.7371071921918704e-01   81   81   75   75
 5.4819081203658682e-01   81   81   76   76
 5.2231463602256711e-01   81   81   77   77
 5.2420110513756324e-01   81   81   78   78
 4.9428665995651572e-01   81   81   79   79
 3.9056177762468591e+00   81   81   80   80
 8.4208384499999998e+00   81   81   81   81
 7.4802507423201059e-01   82   82    1    1
 6.9278025917517538e-01   82   82    2    2
 7.0041062885914007e-01   82   82    3    3
 7.6309877942049231e-01   82   82    4    4
 8.3817985072175472e-01   82   82    5    5
 8.2440066238391096e-01   82   82    6    6
 1.3176095451906256e+00   82   82    7    7
 1.6049394636805647e+00   82   82    8    8
 1.6807282511237349e+00   82   82    9    9
 2.0776115640542048e+00   82   82   10   10
 2.7891656055586957e+00   82   82   11   11
 8.0730095507323862e-01   82   82   12   12
 2.4748323987369005e+00   82   82   13   13
 1.8560703848614279e+00   82   82   14   14
 1.2162675162223351e+00   82   82   15   15
 1.2483319362939549e+00   82   82   16   16
 1.1127694208312213e+00   82   82   17   17
 9.9267063762336960e-01   82   82   18   18
 9.7929910960387812e-01   82   82   19   19
 1.0646362683160226e+00   82   82   20   20
 6.3682565956548465e-01   82   82   21   21
 5.9427694886724169e-01   82   82   22   22
 5.9157861568185410e-01   82   82   23   23
 5.5190756565112364e-01   82   82   24   24
 5.1952247266394602e-01   82   82   25   25
 5.2201305430192668e-01   82   82   26   26
 5.5428695739605360e-01   82   82   27   27
 6.2732392286084859e-01   82   82   28   28
 5.9512168873660409e-01   82   82   29   29
 5.8204384686739175e-01   82   82   30   30
 5.9418885791511566e-01   82   82   31   31
 6.2592130700245818e-01   82   82   32   32
 6.4560114357716292e-01   82   82   33   33
 1.0320803005494561e+00   82   82   34   34
 1.1696190106920523e+00   82   82   35   35
 1.1719847477598140e+00   82   82   36   36
 1.0279154516537292e+00   82   82   37   37
 9.3280228119956488e-01   82   82   38   38
 9.3015430861438897e-01   82   82   39   39
 4.8255211585208735e-01   82   82   40   40
 4.8811627760976567e-01   82   82   41   41
 4.6256053010408305e-01   82   82   42   42
 1.7808826966342530e+00   82   82   43   43
 4.3816973017344285e-01   82   82   44   44
 4.3433315964993219e-01   82   82   45   45
 4.5447557526140142e-01   82   82   46   46
 2.3343572616697390e+00   82   82   47   47
 2.7537910520934310e+00   82   82   48   48
 1.6918425920542257e+00   82   82   49   49
 1.5927000616435272e+00   82   82   50   50
 4.7882570977784605e-01   82   82   51   51
 1.5487840418493544e+00   82   82   52   52
 8.0415891443879806e-01   82   82   53   53
 1.2953911903010653e+00   82   82   54   54
 7.4003558156200144e-01   82   82   55   55
 7.4004116444067691e-01   82   82   56   56
 1.2560910866462491e+00   82   82   57   57
 8.9645018591731285e-01   82   82   58   58
 1.7084206702109936e+00   82   82   59   59
 8.9622116485406977e-01   82   82   60   60
 4.7491097828636580e-01   82   82   61   61
 5.1512637186028809e-01   82   82   62   62
 5.0367446283518247e-01   82   82   63   63
 1.1930568040853087e+00   82   82   64   64
 4.9915539361175393e-01   82   82   65   65
 1.4806140653510724e+00   82   82   66   66
 5.5211022499269657e-01   82   82   67   67
 5.7323841433472877e-01   82   82   68   68
 5.6854568330904576e-01   82   82   69   69
 5.3114183241451418e-01   82   82   70   70
 5.2784564350043273e-01   82   82   71   71
 5.4461444248318636e-01   82   82   72   72
 5.0778743262055470e-01   82   82   73   73
 5.3036059405400615e-01   82   82   74   74
 5.3283231832523281e-01   82   82   75   75
 5.1125034165082506e-01   82   82   76   76
 4.8902454364436415e-01   82   82   77   77
 4.9067901150156301e-01   82   82   78   78
 4.6591450573773807e-01   82   82   79   79
 2.8420393377688726e+00   82   82   80   80
 3.9109366374312367e+00   82   82   81   81
 8.4208384499999998e+00   82   82   82   82
 7.6338278607224275e-01   83   83    1    1
 7.0143627938865893e-01   83   83    2    2
 6.9803648287606390e-01   83   83    3    3
 7.5098792901351263e-01   83   83    4    4
 8.2708921577339178e-01   83   83    5    5
 8.3203133252013783e-01   83   83    6    6
 1.1212291680670001e+00   83   83    7    7
 1.3234597697225650e+00   83   83    8    8
 1.4871704535710788e+00   83   83    9    9
 1.8597484682356857e+00   83   83   10   10
 2.0671525917813756e+00   83   83   11   11
 6.7752250134273162e-01   83   83   12   12
 1.6769483517482904e+00   83   83   13   13
 1.3912616568564273e+00   83   83   14   14
 1.0125528470810832e+00   83   83   15   15
 1.0131765145757334e+00   83   83   16   16
 9.0727554877329764e-01   83   83   17   17
 8.2514044106984874e-01   83   83   18   18
 8.2621470044318090e-01   83   83   19   19
 9.0160002158057884e-01   83   83   20   20
 6.4941886396792003e-01   83   83   21   21
 6.0068718766406182e-01   83   83   22   22
 5.9070111214200793e-01   83   83   23   23
 5.4871044825387938e-01   83   83   24   24
 5.1924446766808674e-01   83   83   25   25
 5.2647493945537760e-01   83   83   26   26
 5.6245405930612979e-01   83   83   27   27
 6.5012883815102718e-01   83   83   28   28
 6.1951793996025928e-01   83   83   29   29
 6.1365404348312513e-01   83   83   30   30
 6.3309368961081525e-01   83   83   31   31
 6.6549605811402923e-01   83   83   32   32
 6.7673576921172995e-01   83   83   33   33
 9.9277052263863930e-01   83   83   34   34
 1.0841377190961681e+00   83   83   35   35
 1.0527225019446040e+00   83   83   36   36
 9.4170644782592483e-01   83   83   37   37
 8.8154916248680693e-01   83   83   38   38
 8.9844441864766245e-01   83   83   39   39
 4.7641463719722049e-01   83   83   40   40
 4.8619556080560677e-01   83   83   41   41
 4.6329643223827666e-01   83   83   42   42
 1.4450460288872895e+00   83   83   43   43
 4.3753801982514851e-01   83   83   44   44
 4.3066695439558650e-01   83   83   45   45
 4.4814788528472543e-01   83   83   46   46
 1.6972679403330848e+00   83   83   47   47
 2.1658173538171916e+00   83   83   48   48
 1.6744244429559143e+00   83   83   49   49
 1.4382816723404130e+00   83   83   50   50
 5.3002673199128092e-01   83   83   51   51
 1.9354321586813983e+00   83   83   52   52
 6.8930226566122144e-01   83   83   53   53
 1.6235244300182845e+00   83   83   54   54
 6.3806383772496256e-01   83   83   55   55
 6.3252715697055617e-01   83   83   56   56
 1.7384880959034852e+00   83   83   57   57
 7.4181521139476547e-01   83   83   58   58
 2.3496036479527529e+00   83   83   59   59
 7.5108187920985792e-01   83   83   60   60
 5.1965024837459317e-01   83   83   61   61
 5.7306997667533410e-01   83   83   62   62
 5.6181245699432703e-01   83   83   63   63
 1.5609833930851265e+00   83   83   64   64
 5.4945652128351685e-01   83   83   65   65
 2.1509736373670303e+00   83   83   66   66
 5.9529509548786697e-01   83   83   67   67
 6.1704341988474931e-01   83   83   68   68
 6.1589598712795257e-01   83   83   69   69
 5.7651455988875766e-01   83   83   70   70
 5.7588832155584546e-01   83   83   71   71
 5.9370468614259497e-01   83   83   72   72
 5.5694269679615527e-01   83   83   73   73
 5.8020351705608986e-01   83   83   74   74
 5.8232167945486113e-01   83   83   75   75
 5.5977034597347575e-01   83   83   76   76
 5.3712223431679140e-01   83   83   77   77
 5.3850748218952893e-01   83   83   78   78
 5.1123084353931147e-01   83   83   79   79
 3.9366947373669987e+00   83   83   80   80
 2.7945999994158650e+00   83   83   81   81
 2.5638283170486167e+00   83   83   82   82
 8.4208384499999998e+00   83   83   83   83
 7.0168788503827295e-01   84   84    1    1
 6.4928608962447187e-01   84   84    2    2
 6.4848727436329612e-01   84   84    3    3
 6.9634933156910084e-01   84   84    4    4
 7.6114504927518378e-01   84   84    5    5
 7.6173365742205523e-01   84   84    6    6
 1.0518236341845020e+00   84   84    7    7
 1.2312160651558421e+00   84   84    8    8
 1.3350304090231464e+00   84   84    9    9
 1.6224714295292970e+00   84   84   10   10
 1.8816138852338373e+00   84   84   11   11
 6.8040027353751165e-01   84   84   12   12
 1.6164244708479951e+00   84   84   13   13
 1.3312078369863818e+00   84   84   14   14
 9.6935681170188503e-01   84   84   15   15
 9.8288422147482990e-01   84   84   16   16
 8.9150281543125542e-01   84   84   17   17
 8.1076573295767151e-01   84   84   18   18
 8.0469842296613048e-01   84   84   19   19
 8.6808942516855203e-01   84   84   20   20
 6.0331297688053465e-01   84   84   21   21
 5.6188741287346178e-01   84   84   22   22
 5.5500222597186244e-01   84   84   23   23
 5.1830745953339408e-01   84   84   24   24
 4.9109129518476252e-01   84   84   25   25
 4.9630919931883233e-01   84   84   26   26
 5.2752515459488358e-01   84   84   27   27
 6.0201893143376384e-01   84   84   28   28
 5.7546388508202340e-01   84   84   29   29
 5.6927694091250958e-01   84   84   30   30
 5.8489518413988673e-01   84   84   31   31
 6.1249482277172551e-01   84   84   32   32
 6.2337591939471437e-01   84   84   33   33
 9.0721928756027037e-01   84   84   34   34
 9.9338765183857636e-01   84   84   35   35
 9.7565375034477531e-01   84   84   36   36
 8.7628755286178894e-01   84   84   37   37
 8.1675863287696215e-01   84   84   38   38
 8.2607197560086865e-01   84   84   39   39
 4.5405032683712260e-01   84   84   40   40
 4.6181548230301661e-01   84   84   41   41
 4.4052329377056554e-01   84   84   42   42
 1.7810230069507662e+00   84   84   43   43
 4.1747125625570380e-01   84   84   44   44
 4.1195762963504201e-01   84   84   45   45
 4.2853130488973901e-01   84   84   46   46
 2.1384370534602994e+00   84   84   47   47
 2.9863956366662689e+00   84   84   48   48
 2.1409277776041296e+00   84   84   49   49
 1.7818144694262221e+00   84   84   50   50
 4.9714688832949971e-01   84   84   51   51
 2.2302051561425138e+00   84   84   52   52
 6.7994179421465706e-01   84   84   53   53
 1.7559621431627026e+00   84   84   54   54
 6.3270312534828188e-01   84   84   55   55
 6.3203330825187620e-01   84   84   56   56
 1.7747897156713777e+00   84   84   57   57
 7.4252587235967515e-01   84   84   58   58
 2.7795126670413977e+00   84   84   59   59
 7.4357743616600858e-01   84   84   60   60
 4.8686918252924249e-01   84   84   61   61
 5.3358556645050337e-01   84   84   62   62
 5.2470736566707799e-01   84   84   63   63
 1.6216533496538450e+00   84   84   64   64
 5.1262337675853886e-01   84   84   65   65
 2.2713187734086402e+00   84   84   66   66
 5.5224653900007692e-01   84   84   67   67
 5.7055053117309751e-01   84   84   68   68
 5.6902079551350271e-01   84   84   69   69
 5.3588177873754905e-01   84   84   70   70
 5.3489456421208081e-01   84   84   71   71
 5.4991658873400284e-01   84   84   72   72
 5.1838167287152925e-01   84   84   73   73
 5.3825991662811179e-01   84   84   74   74
 5.4015637658766902e-01   84   84   75   75
 5.2097155514945459e-01   84   84   76   76
 5.0135567556069138e-01   84   84   77   77
 5.0262609440481998e-01   84   84   78   78
 4.8010315267814463e-01   84   84   79   79
 2.8444610572039672e+00   84   84   80   80
 2.5387986614132116e+00   84   84   81   81
 2.8251932225764445e+00   84   84   82   82
 3.9489164230945781e+00   84   84   83   83
 8.4208384499999998e+00   84   84   84   84
 6.9630366518119080e-01   85   85    1    1
 6.4641368784402653e-01   85   85    2    2
 6.5001492659304394e-01   85   85    3    3
 7.0173588728203351e-01   85   85    4    4
 7.6613095691287358e-01   85   85    5    5
 7.5954215882812315e-01   85   85    6    6
 1.1218841950095491e+00   85   85    7    7
 1.3255640799336221e+00   85   85    8    8
 1.3985282630519573e+00   85   85    9    9
 1.6895241780297519e+00   85   85   10   10
 2.0775651492841756e+00   85   85   11   11
 7.3726245608549346e-01   85   85   12   12
 1.8570901668815258e+00   85   85   13   13
 1.4848763070290740e+00   85   85   14   14
 1.0452137421050909e+00   85   85   15   15
 1.0722719346618901e+00   85   85   16   16
 9.7333884653853886e-01   85   85   17   17
 8.7858028496777096e-01   85   85   18   18
 8.6566572762835425e-01   85   85   19   19
 9.3086364449951575e-01   85   85   20   20
 5.9871196175658770e-01   85   85   21   21
 5.5966175546079855e-01   85   85   22   22
 5.5569834861361678e-01   85   85   23   23
 5.1991547374276914e-01   85   85   24   24
 4.9148105812137100e-01   85   85   25   25
 4.9475748104075157e-01   85   85   26   26
 5.2451818276138218e-01   85   85   27   27
 5.9327598857572583e-01   85   85   28   28
 5.6585758470384073e-01   85   85   29   29
 5.5662074083791879e-01   85   85   30   30
 5.6935527838414546e-01   85   85   31   31
 5.9699375497051799e-01   85   85   32   32
 6.1144021330814946e-01   85   85   33   33
 9.2240588137685442e-01   85   85   34   34
 1.0245847915310280e+00   85   85   35   35
 1.0191797240863063e+00   85   85   36   36
 9.0903236780917795e-01   85   85   37   37
 8.3683979390533192e-01   85   85   38   38
 8.3874927884882877e-01   85   85   39   39
 4.5686699022204558e-01   85   85   40   40
 4.6285933715294658e-01   85   85   41   41
 4.4042002671063574e-01   85   85   42   42
 2.0810191585326949e+00   85   85   43   43
 4.1792460164698964e-01   85   85   44   44
 4.1370621433824378e-01   85   85   45   45
 4.3142322696018209e-01   85   85   46   46
 2.7526158431317511e+00   85   85   47   47
 3.9540787574328760e+00   85   85   48   48
 2.1573588876456569e+00   85   85   49   49
 1.9267787573647637e+00   85   85   50   50
 4.7465210611928421e-01   85   85   51   51
 1.8891663276441302e+00   85   85   52   52
 7.2839454796798941e-01   85   85   53   53
 1.5146326125579337e+00   85   85   54   54
 6.7666677091378835e-01   85   85   55   55
 6.7914704603030251e-01   85   85   56   56
 1.4576808222498843e+00   85   85   57   57
 8.0872997736525865e-01   85   85   58   58
 2.1538788210166473e+00   85   85   59   59
 8.0424265651991700e-01   85   85   60   60
 4.6751583505134742e-01   85   85   61   61
 5.0864385174465365e-01   85   85   62   62
 4.9935134267315356e-01   85   85   63   63
 1.3753456304188116e+00   85   85   64   64
 4.9105462590796439e-01   85   85   65   65
 1.7768119726226637e+00   85   85   66   66
 5.3444579574542139e-01   85   85   67   67
 5.5276911320480626e-01   85   85   68   68
 5.4975290272931809e-01   85   85   69   69
 5.1691820408130851e-01   85   85   70   70
 5.1479202424736115e-01   85   85   71   71
 5.2961940982913325e-01   85   85   72   72
 4.9760424310322615e-01   85   85   73   73
 5.1749544721398022e-01   85   85   74   74
 5.1961663589292917e-01   85   85   75   75
 5.0058732651026117e-01   85   85   76   76
 4.8082563133547407e-01   85   85   77   77
 4.8226772117691685e-01   85   85   78   78
 4.6028024686894559e-01   85   85   79   79
 2.5979001068080350e+00   85   85   80   80
 2.8203618558814716e+00   85   85   81   81
 3.9410430545136887e+00   85   85   82   82
 2.8547259210835620e+00   85   85   83   83
 3.9582694640063947e+00   85   85   84   84
 8.4208384499999998e+00   85   85   85   85
 6.1276404968185549e-01   86   86    1    1
 5.7261828912803714e-01   86   86    2    2
 5.7340873452337793e-01   86   86    3    3
 6.1206968869336320e-01   86   86    4    4
 6.6114512791830093e-01   86   86    5    5
 6.5933171894483433e-01   86   86    6    6
 9.0275373013141180e-01   86   86    7    7
 1.0298986051852934e+00   86   86    8    8
 1.0773330472251390e+00   86   86    9    9
 1.2475388328186161e+00   86   86   10   10
 1.4343079350695824e+00   86   86   11   11
 6.5449715711648704e-01   86   86   12   12
 1.3288460413635208e+00   86   86   13   13
 1.1271098415872560e+00   86   86   14   14
 8.5517643878961402e-01   86   86   15   15
 8.7922595828010897e-01   86   86   16   16
 8.1685556633235556e-01   86   86   17   17
 7.4795765896689448e-01   86   86   18   18
 7.3444169590227304e-01   86   86   19   19
 7.7749037413417110e-01   86   86   20   20
 5.3592625840234387e-01   86   86   21   21
 5.0355745449846689e-01   86   86   22   22
 4.9932539794692715e-01   86   86   23   23
 4.6987813920045962e-01   86   86   24   24
 4.4678805512243175e-01   86   86   25   25
 4.5021331429139866e-01   86   86   26   26
 4.7531642572902255e-01   86   86   27   27
 5.3391646011740534e-01   86   86   28   28
 5.1299970056170474e-01   86   86   29   29
 5.0774495143703990e-01   86   86   30   30
 5.1972680228714385e-01   86   86   31   31
 5.4120667943345502e-01   86   86   32   32
 5.5002023619729656e-01   86   86   33   33
 7.7291629776031190e-01   86   86   34   34
 8.4079476370588413e-01   86   86   35   35
 8.3497304698424391e-01   86   86   36   36
 7.6004169557886059e-01   86   86   37   37
 7.0966978124789881e-01   86   86   38   38
 7.1261372087850128e-01   86   86   39   39
 4.1710616443892884e-01   86   86   40   40
 4.2275594822785945e-01   86   86   41   41
 4.0442869368687284e-01   86   86   42   42
 2.5740299152749349e+00   86   86   43   43
 3.8516950802790412e-01   86   86   44   44
 3.8107689381791893e-01   86   86   45   45
 3.9570103345283097e-01   86   86   46   46
 2.8246747256051945e+00   86   86   47   47
 3.9498704136546277e+00   86   86   48   48
 3.9389176641647468e+00   86   86   49   49
 2.8423902545845134e+00   86   86   50   50
 4.5427369472659440e-01   86   86   51   51
 2.3989670456237002e+00   86   86   52   52
 6.3799622884619733e-01   86   86   53   53
 1.8275388500488998e+00   86   86   54   54
 6.0029049360359232e-01   86   86   55   55
 6.0616947248622666e-01   86   86   56   56
 1.7049088134819412e+00   86   86   57   57
 7.0670365831536619e-01   86   86   58   58
 2.7769502711732050e+00   86   86   59   59
 6.9702004360253988e-01   86   86   60   60
 4.4364127077775756e-01   86   86   61   61
 4.8289903290809849e-01   86   86   62   62
 4.7699406695812391e-01   86   86   63   63
 1.6193006517039914e+00   86   86   64   64
 4.6468014218114417e-01   86   86   65   65
 2.1238587395012449e+00   86   86   66   66
 4.9453781802768693e-01   86   86   67   67
 5.0857247875710387e-01   86   86   68   68
 5.0742512952282981e-01   86   86   69   69
 4.8188077763028914e-01   86   86   70   70
 4.8112022640818419e-01   86   86   71   71
 4.9276096035922079e-01   86   86   72   72
 4.6841434950730249e-01   86   86   73   73
 4.8389556301951503e-01   86   86   74   74
 4.8561481965446390e-01   86   86   75   75
 4.7089894059870674e-01   86   86   76   76
 4.5516229669990038e-01   86   86   77   77
 4.5637698896043777e-01   86   86   78   78
 4.3904321054381368e-01   86   86   79   79
 1.7835813997906402e+00   86   86   80   80
 1.7653581238798786e+00   86   86   81   81
 2.1352255442751433e+00   86   86   82   82
 2.1436645167601767e+00   86   86   83   83
 2.9945682569202159e+00   86   86   84   84
 2.9796408351437105e+00   86   86   85   85
 8.4208384499999998e+00   86   86   86   86
 1.3443820904427581e+00   87   87    1    1
 1.3239709036557845e+00   87   87    2    2
 1.2060354556557207e+00   87   87    3    3
 1.1324810166157069e+00   87   87    4    4
 1.1414141341641366e+00   87   87    5    5
 1.2396875596605781e+00   87   87    6    6
 8.5994266109888884e-01   87   87    7    7
 8.5988544709299253e-01   87   87    8    8
 9.1035575111844880e-01   87   87    9    9
 9.0099115101682781e-01   87   87   10   10
 8.4446544196440709e-01   87   87   11   11
 6.1032803372006372e-01   87   87   12   12
 8.0448966432262603e-01   87   87   13   13
 8.1040172337680749e-01   87   87   14   14
 8.0527464999753184e-01   87   87   15   15
 7.6671291373485206e-01   87   87   16   16
 7.2381619214684467e-01   87   87   17   17
 7.1215230267756091e-01   87   87   18   18
 7.4248085787191553e-01   87   87   19   19
 7.8886802029549297e-01   87   87   20   20
 1.4154544195852894e+00   87   87   21   21
 1.3256545851018813e+00   87   87   22   22
 1.1978407948322702e+00   87   87   23   23
 1.1281411205082190e+00   87   87   24   24
 1.1491627875260553e+00   87   87   25   25
 1.2583520500175340e+00   87   87   26   26
 1.3618515535703488e+00   87   87   27   27
 1.6220968671914955e+00   87   87   28   28
 1.7307360893024637e+00   87   87   29   29
 2.0367496760040393e+00   87   87   30   30
 2.3040409602467902e+00   87   87   31   31
 2.0589994754784748e+00   87   87   32   32
 1.7437586104301004e+00   87   87   33   33
 1.0432868299112656e+00   87   87   34   34
 9.7084505338058513e-01   87   87   35   35
 9.1893728167349931e-01   87   87   36   36
 9.2996358857960248e-01   87   87   37   37
 9.9302957746296316e-01   87   87   38   38
 1.0604263065850053e+00   87   87   39   39
 9.7889210050223585e-01   87   87   40   40
 1.0702883363860993e+00   87   87   41   41
 1.0856702828175020e+00   87   87   42   42
 6.4441683139677786e-01   87   87   43   43
 1.0053421262012108e+00   87   87   44   44
 9.3052303749895782e-01   87   87   45   45
 9.2109768700711936e-01   87   87   46   46
 6.7694372138139791e-01   87   87   47   47
 7.1438575505741297e-01   87   87   48   48
 6.7634472490766362e-01   87   87   49   49
 6.4416564537611731e-01   87   87   50   50
 2.9100653951664306e+00   87   87   51   51
 7.5261201980895165e-01   87   87   52   52
 6.6704663258496211e-01   87   87   53   53
 7.5759804142300513e-01   87   87   54   54
 6.3197501732468975e-01   87   87   55   55
 6.0590679960154592e-01   87   87   56   56
 8.0133001237574530e-01   87   87   57   57
 6.4118965739422196e-01   87   87   58   58
 7.7001616339183065e-01   87   87   59   59
 6.7330278042923097e-01   87   87   60   60
 4.3335245772357815e+00   87   87   61   61
 4.3295536450209182e+00   87   87   62   62
 3.2043847283246087e+00   87   87   63   63
 7.8134256194340712e-01   87   87   64   64
 6.0506893545457618e+00   87   87   65   65
 7.9510634299930183e-01   87   87   66   66
 3.1795381561458860e+00   87   87   67   67
 2.9060274394294527e+00   87   87   68   68
 3.2780255682190207e+00   87   87   69   69
 4.2223551690107382e+00   87   87   70   70
 6.0561808093110612e+00   87   87   71   71
 4.5234573057737588e+00   87   87   72   72
 6.0545259359345458e+00   87   87   73   73
 4.5221317336131213e+00   87   87   74   74
 3.2768150738000807e+00   87   87   75   75
 2.9335924506270739e+00   87   87   76   76
 4.2197759994412829e+00   87   87   77   77
 3.1787193122550050e+00   87   87   78   78
 3.2060279660634619e+00   87   87   79   79
 8.7179749375350157e-01   87   87   80   80
 8.2986838710515110e-01   87   87   81   81
 7.7468967385910881e-01   87   87   82   82
 8.4882585518554921e-01   87   87   83   83
 7.9046723630933913e-01   87   87   84   84
 7.5904811898994629e-01   87   87   85   85
 7.1436173411400361e-01   87   87   86   86
 1.7979842710000000e+01   87   87   87   87
 9.8660550310775597e-01   88   88    1    1
 9.1720903517843089e-01   88   88    2    2
 9.1407660516254263e-01   88   88    3    3
 9.7476032265612467e-01   88   88    4    4
 1.0578663524185725e+00   88   88    5    5
 1.0617454714343153e+00   88   88    6    6
 1.4105002940929781e+00   88   88    7    7
 1.6175360327237616e+00   88   88    8    8
 1.7305771497319187e+00   88   88    9    9
 2.0374347431878186e+00   88   88   10   10
 2.3020854540902738e+00   88   88   11   11
 9.7091848743339582e-01   88   88   12   12
 2.0538451919560816e+00   88   88   13   13
 1.7397958172852397e+00   88   88   14   14
 1.3164649029821067e+00   88   88   15   15
 1.3390139663504474e+00   88   88   16   16
 1.2318383773995785e+00   88   88   17   17
 1.1289078434466124e+00   88   88   18   18
 1.1172478206757834e+00   88   88   19   19
 1.1932649482453948e+00   88   88   20   20
 8.5800122918173727e-01   88   88   21   21
 8.0216055744519776e-01   88   88   22   22
 7.9213441263497553e-01   88   88   23   23
 7.4270213110440164e-01   88   88   24   24
 7.0619645268390840e-01   88   88   25   25
 7.1386186202325408e-01   88   88   26   26
 7.5649134086216352e-01   88   88   27   27
 8.5867359134127630e-01   88   88   28   28
 8.2489552138894318e-01   88   88   29   29
 8.1906983340570305e-01   88   88   30   30
 8.4149109526718779e-01   88   88   31   31
 8.7691963970921782e-01   88   88   32   32
 8.8826529070465143e-01   88   88   33   33
 1.2384764764321459e+00   88   88   34   34
 1.3408261019666097e+00   88   88   35   35
 1.3181413633088337e+00   88   88   36   36
 1.1978453052360738e+00   88   88   37   37
 1.1246704833823062e+00   88   88   38   38
 1.1376026304728262e+00   88   88   39   39
 6.5503726946582386e-01   88   88   40   40
 6.6622581984546569e-01   88   88   41   41
 6.3762652491816896e-01   88   88   42   42
 2.9339122626921861e+00   88   88   43   43
 6.0574358027444741e-01   88   88   44   44
 5.9765540744306045e-01   88   88   45   45
 6.2009199302313067e-01   88   88   46   46
 3.2765996911524309e+00   88   88   47   47
 4.5207811085540097e+00   88   88   48   48
 4.2212581603930497e+00   88   88   49   49
 3.1793893736848351e+00   88   88   50   50
 7.3868477047838277e-01   88   88   51   51
 4.3285395752619147e+00   88   88   52   52
 9.6143075716897552e-01   88   88   53   53
 3.2034045802490803e+00   88   88   54   54
 9.0124277492978588e-01   88   88   55   55
 9.0394666243171129e-01   88   88   56   56
 3.2041524556792278e+00   88   88   57   57
 1.0505668253538256e+00   88   88   58   58
 6.0479580161683675e+00   88   88   59   59
 1.0460959882661993e+00   88   88   60   60
 7.1910592650207106e-01   88   88   61   61
 7.8813564074131970e-01   88   88   62   62
 7.7846205763942244e-01   88   88   63   63
 2.9087032303259761e+00   88   88   64   64
 7.5553688071653446e-01   88   88   65   65
 4.3301262674155492e+00   88   88   66   66
 8.0184721547145466e-01   88   88   67   67
 8.2503496783563546e-01   88   88   68   68
 8.2431982034215379e-01   88   88   69   69
 7.8193850025453948e-01   88   88   70   70
 7.8162873815623024e-01   88   88   71   71
 8.0094003908952560e-01   88   88   72   72
 7.6100869957505590e-01   88   88   73   73
 7.8649472649549390e-01   88   88   74   74
 7.8880571875779726e-01   88   88   75   75
 7.6414413418632177e-01   88   88   76   76
 7.3877982458304547e-01   88   88   77   77
 7.4034198616052116e-01   88   88   78   78
 7.1172387094822487e-01   88   88   79   79
 3.1801280259229139e+00   88   88   80   80
 2.9038811364940336e+00   88   88   81   81
 3.2750698089876691e+00   88   88   82   82
 4.2235112786764493e+00   88   88   83   83
 6.0549583648611129e+00   88   88   84   84
 4.5194059826993129e+00   88   88   85   85
 6.0550457147647920e+00   88   88   86   86
 1.0076698180409658e+00   88   88   87   87
 1.7979842710000000e+01   88   88   88   88
 4.4854074399887089e+00   89   89    1    1
 3.4611235395633324e+00   89   89    2    2
 2.7257536079734161e+00   89   89    3    3
 2.5432622373197056e+00   89   89    4    4
 2.7724788454946929e+00   89   89    5    5
 3.6122111469634097e+00   89   89    6    6
 1.4969361319254288e+00   89   89    7    7
 1.4462059855152898e+00   89   89    8    8
 1.5081643233030579e+00   89   89    9    9
 1.4192674624014963e+00   89   89   10   10
 1.2960164453257133e+00   89   89   11   11
 9.0012377303070434e-01   89   89   12   12
 1.2580909241048770e+00   89   89   13   13
 1.3175680601186928e+00   89   89   14   14
 1.3591611371658452e+00   89   89   15   15
 1.2282138043930839e+00   89   89   16   16
 1.1342174290343572e+00   89   89   17   17
 1.1311737596984626e+00   89   89   18   18
 1.2291234392922985e+00   89   89   19   19
 1.3549378168196549e+00   89   89   20   20
 3.2199247488089981e+00   89   89   21   21
 2.5973835489032338e+00   89   89   22   22
 2.3975555172527971e+00   89   89   23   23
 2.0034228782013668e+00   89   89   24   24
 1.8175341780422760e+00   89   89   25   25
 1.8975157146026329e+00   89   89   26   26
 2.2080049342892267e+00   89   89   27   27
 3.3482517353386063e+00   89   89   28   28
 3.0919458330615948e+00   89   89   29   29
 2.7600185932461003e+00   89   89   30   30
 2.6038038742473049e+00   89   89   31   31
 2.7530467330723427e+00   89   89   32   32
 3.1177286583922723e+00   89   89   33   33
 2.2859514322803265e+00   89   89   34   34
 1.9265918110786424e+00   89   89   35   35
 1.7067628874440195e+00   89   89   36   36
 1.7270948308737755e+00   89   89   37   37
 1.9656936251950670e+00   89   89   38   38
 2.3358332131635255e+00   89   89   39   39
 1.4578659797188176e+00   89   89   40   40
 1.5766729458819735e+00   89   89   41   41
 1.4683984166032666e+00   89   89   42   42
 8.4552385002269936e-01   89   89   43   43
 1.3081737967644902e+00   89   89   44   44
 1.2414705007551141e+00   89   89   45   45
 1.3005253889666342e+00   89   89   46   46
 9.0973907396903786e-01   89   89   47   47
 9.5670060215547414e-01   89   89   48   48
 8.5904430985897096e-01   89   89   49   49
 8.2442196692123204e-01   89   89   50   50
 1.1867305811999711e+00   89   89   51   51
 9.4876083238617870e-01   89   89   52   52
 1.0297807773071952e+00   89   89   53   53
 9.2887581330685909e-01   89   89   54   54
 9.5026434972365925e-01   89   89   55   55
 8.9311692688891775e-01   89   89   56   56
 9.4604116568810270e-01   89   89   57   57
 9.6481277233344043e-01   89   89   58   58
 9.6842226250235663e-01   89   89   59   59
 1.0409493955040325e+00   89   89   60   60
 1.2865026998898337e+00   89   89   61   61
 1.3295590645611826e+00   89   89   62   62
 1.2408174857578227e+00   89   89   63   63
 9.2761433755007605e-01   89   89   64   64
 1.3582526542400435e+00   89   89   65   65
 9.6678911129301104e-01   89   89   66   66
 2.0416438329926363e+00   89   89   67   67
 2.2010648627753771e+00   89   89   68   68
 1.9497497906527459e+00   89   89   69   69
 1.7603948826726099e+00   89   89   70   70
 1.6342400430864767e+00   89   89   71   71
 1.7020207917275025e+00   89   89   72   72
 1.3889633499854330e+00   89   89   73   73
 1.5141546021696586e+00   89   89   74   74
 1.4508258867020869e+00   89   89   75   75
 1.2929000078802344e+00   89   89   76   76
 1.2491280056788618e+00   89   89   77   77
 1.2130036743432522e+00   89   89   78   78
 1.2061574370344983e+00   89   89   79   79
 1.2392864027361135e+00   89   89   80   80
 1.2137303029583459e+00   89   89   81   81
 1.1042358352546491e+00   89   89   82   82
 1.1489160575672901e+00   89   89   83   83
 1.0569941261586508e+00   89   89   84   84
 1.0400293592806198e+00   89   89   85   85
 9.2684458008264070e-01   89   89   86   86
 2.1683430293727208e+00   89   89   87   87
 1.4735148634748865e+00   89   89   88   88
 9.6429912899999994e+00   89   89   89   89
 2.7312724566090743e+00   90   90    1    1
 3.4756472401619569e+00   90   90    2    2
 4.4877725240169628e+00   90   90    3    3
 3.5935872057922902e+00   90   90    4    4
 2.7633691029372391e+00   90   90    5    5
 2.5434919842370980e+00   90   90    6    6
 1.4808096160078350e+00   90   90    7    7
 1.3533502945569178e+00   90   90    8    8
 1.3608571582721432e+00   90   90    9    9
 1.2377120433751239e+00   90   90   10   10
 1.1338189077689160e+00   90   90   11   11
 1.0124078638879359e+00   90   90   12   12
 1.1308170011046150e+00   90   90   13   13
 1.2199227309405560e+00   90   90   14   14
 1.4204940314778944e+00   90   90   15   15
 1.2980840434966809e+00   90   90   16   16
 1.2352391416859361e+00   90   90   17   17
 1.2643131405453716e+00   90   90   18   18
 1.3758455298945449e+00   90   90   19   19
 1.4667531689683138e+00   90   90   20   20
 3.2322105659156368e+00   90   90   21   21
 3.2970530158087428e+00   90   90   22   22
 3.1811542828131509e+00   90   90   23   23
 2.7573769409675086e+00   90   90   24   24
 2.5059148245646634e+00   90   90   25   25
 2.5812203930937030e+00   90   90   26   26
 2.9030684830557489e+00   90   90   27   27
 2.6077085545933505e+00   90   90   28   28
 2.1895516676012781e+00   90   90   29   29
 1.8840952862227209e+00   90   90   30   30
 1.8221732047232666e+00   90   90   31   31
 2.0336682945265987e+00   90   90   32   32
 2.4487946919418366e+00   90   90   33   33
 1.9572424594320363e+00   90   90   34   34
 1.7161765977226950e+00   90   90   35   35
 1.6898696913443338e+00   90   90   36   36
 1.9022878014211362e+00   90   90   37   37
 2.2581762563744938e+00   90   90   38   38
 2.3201392432916852e+00   90   90   39   39
 2.0331099530222354e+00   90   90   40   40
 2.1207640896570759e+00   90   90   41   41
 1.8373059231617097e+00   90   90   42   42
 7.6196796152146107e-01   90   90   43   43
 1.6199534047778505e+00   90   90   44   44
 1.5826770866667796e+00   90   90   45   45
 1.7417872561943331e+00   90   90   46   46
 8.1557974582446158e-01   90   90   47   47
 8.4109664827738340e-01   90   90   48   48
 7.5455545162118964e-01   90   90   49   49
 7.3572473521327608e-01   90   90   50   50
 9.0870283182062361e-01   90   90   51   51
 7.8761392095596006e-01   90   90   52   52
 1.2158067745055552e+00   90   90   53   53
 7.6219734650798121e-01   90   90   54   54
 1.1246710058318921e+00   90   90   55   55
 1.0313971897752243e+00   90   90   56   56
 7.7920652926514311e-01   90   90   57   57
 1.0735919280151103e+00   90   90   58   58
 8.1128214200095483e-01   90   90   59   59
 1.1836334606414785e+00   90   90   60   60
 9.9985003771960979e-01   90   90   61   61
 1.0118077658908602e+00   90   90   62   62
 9.4263061876053844e-01   90   90   63   63
 7.5835919496098148e-01   90   90   64   64
 1.0471331513181075e+00   90   90   65   65
 8.0627883135318645e-01   90   90   66   66
 1.4304160051408643e+00   90   90   67   67
 1.5795829580242107e+00   90   90   68   68
 1.5030433367784843e+00   90   90   69   69
 1.2803816238216863e+00   90   90   70   70
 1.2433955328242075e+00   90   90   71   71
 1.3317845298092685e+00   90   90   72   72
 1.1317764526513565e+00   90   90   73   73
 1.2424206372597566e+00   90   90   74   74
 1.2513485191070928e+00   90   90   75   75
 1.1417900888621428e+00   90   90   76   76
 1.0496506989766976e+00   90   90   77   77
 1.0541701463219497e+00   90   90   78   78
 9.3308936606352733e-01   90   90   79   79
 1.0366888684312030e+00   90   90   80   80
 1.0450305336114976e+00   90   90   81   81
 9.6653208855745576e-01   90   90   82   82
 9.5812658745648349e-01   90   90   83   83
 8.9884633051109308e-01   90   90   84   84
 9.0301997413845325e-01   90   90   85   85
 8.0644965872266794e-01   90   90   86   86
 1.6988616282575846e+00   90   90   87   87
 1.2566489863400121e+00   90   90   88   88
 2.8040062701082191e+00   90   90   89   89
 9.6429912899999994e+00   90   90   90   90
 1.8093860990003616e+00   91   91    1    1
 1.6587276688308612e+00   91   91    2    2
 1.7220460158423376e+00   91   91    3    3
 1.9709177763572676e+00   91   91    4    4
 2.2422156167542360e+00   91   91    5    5
 2.1012674793753274e+00   91   91    6    6
 3.2081833706971334e+00   91   91    7    7
 3.4581036528976208e+00   91   91    8    8
 4.4837963353240520e+00   91   91    9    9
 3.6138065558083410e+00   91   91   10   10
 2.7764011392033465e+00   91   91   11   11
 1.2922415570620200e+00   91   91   12   12
 2.5456688471684266e+00   91   91   13   13
 2.7256767012782124e+00   91   91   14   14
 2.5788005216525129e+00   91   91   15   15
 2.3799592372785234e+00   91   91   16   16
 1.9859549899279632e+00   91   91   17   17
 1.8020053790684927e+00   91   91   18   18
 1.8814811564733660e+00   91   91   19   19
 2.1911212120838637e+00   91   91   20   20
 1.4605775720757417e+00   91   91   21   21
 1.3239238552037595e+00   91   91   22   22
 1.2963439403088759e+00   91   91   23   23
 1.1765840921077826e+00   91   91   24   24
 1.0961301428366186e+00   91   91   25   25
 1.1145935600980994e+00   91   91   26   26
 1.2121597625473677e+00   91   91   27   27
 1.4168373495958766e+00   91   91   28   28
 1.2878774714932797e+00   91   91   29   29
 1.2348213642379557e+00   91   91   30   30
 1.2746738682068079e+00   91   91   31   31
 1.3988157675945099e+00   91   91   32   32
 1.4897503504016487e+00   91   91   33   33
 2.8632992241236930e+00   91   91   34   34
 3.2221022102798624e+00   91   91   35   35
 3.3428364377323190e+00   91   91   36   36
 3.0046523298902277e+00   91   91   37   37
 2.7090690611772863e+00   91   91   38   38
 2.6407794945632692e+00   91   91   39   39
 9.8728368663725108e-01   91   91   40   40
 1.0066717634248805e+00   91   91   41   41
 9.3898991600914983e-01   91   91   42   42
 1.2785936340084112e+00   91   91   43   43
 8.7453994104965926e-01   91   91   44   44
 8.6237673561984129e-01   91   91   45   45
 9.1176824673305390e-01   91   91   46   46
 1.4335749355605805e+00   91   91   47   47
 1.5253593523157947e+00   91   91   48   48
 1.2677011158667300e+00   91   91   49   49
 1.2143446226717434e+00   91   91   50   50
 8.5970021425040644e-01   91   91   51   51
 1.3042593909101379e+00   91   91   52   52
 1.4546774234030484e+00   91   91   53   53
 1.2130379261975939e+00   91   91   54   54
 1.2967393333266655e+00   91   91   55   55
 1.2321662448627042e+00   91   91   56   56
 1.2645064973352298e+00   91   91   57   57
 1.4488514530701850e+00   91   91   58   58
 1.3958071618948160e+00   91   91   59   59
 1.5635028457226663e+00   91   91   60   60
 8.8274492500611390e-01   91   91   61   61
 9.5624739370760092e-01   91   91   62   62
 9.1151125203120842e-01   91   91   63   63
 1.1967186019672964e+00   91   91   64   64
 9.3968638405494032e-01   91   91   65   65
 1.3692319334728413e+00   91   91   66   66
 1.1134862907978285e+00   91   91   67   67
 1.1945691616957532e+00   91   91   68   68
 1.1853672429020068e+00   91   91   69   69
 1.0455768565923016e+00   91   91   70   70
 1.0409838890977183e+00   91   91   71   71
 1.1017422760956954e+00   91   91   72   72
 9.8897263724212536e-01   91   91   73   73
 1.0617912398895506e+00   91   91   74   74
 1.0786912014599259e+00   91   91   75   75
 1.0139777042159277e+00   91   91   76   76
 9.3876142595438550e-01   91   91   77   77
 9.4956079392653314e-01   91   91   78   78
 8.4743490796963572e-01   91   91   79   79
 2.2793721270513858e+00   91   91   80   80
 2.3388316473541582e+00   91   91   81   81
 1.9749628895182552e+00   91   91   82   82
 1.9208509161938787e+00   91   91   83   83
 1.7173284252949219e+00   91   91   84   84
 1.7394182316936091e+00   91   91   85   85
 1.4181823221041383e+00   91   91   86   86
 1.4715099427770872e+00   91   91   87   87
 2.2573190494491246e+00   91   91   88   88
 2.1994296396487831e+00   91   91   89   89
 2.0256804656520329e+00   91   91   90   90
 9.6429912899999994e+00   91   91   91   91
 1.3012520187647207e+00   92   92    1    1
 1.2214721858524735e+00   92   92    2    2
 1.2718152966442209e+00   92   92    3    3
 1.4223923826139708e+00   92   92    4    4
 1.5558407179428051e+00   92   92    5    5
 1.4641090041526059e+00   92   92    6    6
 3.2128973351804602e+00   92   92    7    7
 3.4650039460572248e+00   92   92    8    8
 2.7278959531032143e+00   92   92    9    9
 2.5451098543196502e+00   92   92   10   10
 2.7716438595528823e+00   92   92   11   11
 1.7894340498265391e+00   92   92   12   12
 3.6048442546803789e+00   92   92   13   13
 4.4856675082803692e+00   92   92   14   14
 3.3168796332397759e+00   92   92   15   15
 3.2274061258627120e+00   92   92   16   16
 2.8239648454983244e+00   92   92   17   17
 2.5654971903707104e+00   92   92   18   18
 2.6217258624075810e+00   92   92   19   19
 2.9294907685167599e+00   92   92   20   20
 1.1040794738655482e+00   92   92   21   21
 1.0455226430722506e+00   92   92   22   22
 1.0676993889169399e+00   92   92   23   23
 9.9994473877338341e-01   92   92   24   24
 9.2662940917527292e-01   92   92   25   25
 9.1409282681108972e-01   92   92   26   26
 9.6249667874378697e-01   92   92   27   27
 1.0528225669878160e+00   92   92   28   28
 9.8906121531642355e-01   92   92   29   29
 9.4268640183292407e-01   92   92   30   30
 9.4313479198653838e-01   92   92   31   31
 9.9755343481462622e-01   92   92   32   32
 1.0580744017074226e+00   92   92   33   33
 1.9919273942498559e+00   92   92   34   34
 2.3947750735093334e+00   92   92   35   35
 2.5794830564034403e+00   92   92   36   36
 2.1804128403283904e+00   92   92   37   37
 1.8712200091128119e+00   92   92   38   38
 1.7953929680934195e+00   92   92   39   39
 8.7585164062734577e-01   92   92   40   40
 8.7214295846601408e-01   92   92   41   41
 8.1438205056680502e-01   92   92   42   42
 1.5559784662703919e+00   92   92   43   43
 7.7243790482959696e-01   92   92   44   44
 7.7501462331860915e-01   92   92   45   45
 8.2238095650821152e-01   92   92   46   46
 1.7699936087941532e+00   92   92   47   47
 1.7481208587614088e+00   92   92   48   48
 1.3904577988064584e+00   92   92   49   49
 1.3998360329167183e+00   92   92   50   50
 6.9407533743874639e-01   92   92   51   51
 1.3328719539790588e+00   92   92   52   52
 1.8697108708091086e+00   92   92   53   53
 1.2139838623275847e+00   92   92   54   54
 1.6487798528638367e+00   92   92   55   55
 1.6171244740476838e+00   92   92   56   56
 1.1677560717073201e+00   92   92   57   57
 2.0970958008483249e+00   92   92   58   58
 1.3722339775440342e+00   92   92   59   59
 2.1727718911607510e+00   92   92   60   60
 7.0488171352724305e-01   92   92   61   61
 7.4503759873852871e-01   92   92   62   62
 7.2279588081855128e-01   92   92   63   63
 1.1446383031196408e+00   92   92   64   64
 7.3525541121405846e-01   92   92   65   65
 1.2715191699140047e+00   92   92   66   66
 8.5394929523630669e-01   92   92   67   67
 8.9064969773164437e-01   92   92   68   68
 8.7039255862237519e-01   92   92   69   69
 8.0879886437961612e-01   92   92   70   70
 7.9472217502242848e-01   92   92   71   71
 8.2160556347285996e-01   92   92   72   72
 7.5223889215526096e-01   92   92   73   73
 7.9125820979844952e-01   92   92   74   74
 7.9321378907030782e-01   92   92   75   75
 7.5410651005876794e-01   92   92   76   76
 7.1875285761305296e-01   92   92   77   77
 7.1976781278246305e-01   92   92   78   78
 6.8604677471525077e-01   92   92   79   79
 1.9685576827301301e+00   92   92   80   80
 2.3308454007722532e+00   92   92   81   81
 2.2672527436404089e+00   92   92   82   82
 1.7266306711772366e+00   92   92   83   83
 1.7069319680369439e+00   92   92   84   84
 1.9085326879373614e+00   92   92   85   85
 1.5329745353591595e+00   92   92   86   86
 1.1338793132954048e+00   92   92   87   87
 2.2751376279042979e+00   92   92   88   88
 1.6486891592737687e+00   92   92   89   89
 1.5700988882082922e+00   92   92   90   90
 2.7980283842292897e+00   92   92   91   91
 9.6429912899999994e+00   92   92   92   92
 1.2828092212223490e+00   93   93    1    1
 1.2269396583307455e+00   93   93    2    2
 1.3017644619886168e+00   93   93    3    3
 1.4639476998828895e+00   93   93    4    4
 1.5626467488226661e+00   93   93    5    5
 1.4353248906568670e+00   93   93    6    6
 3.2103019916769258e+00   93   93    7    7
 3.3176570881671665e+00   93   93    8    8
 2.9322525368063990e+00   93   93    9    9
 2.6262198072065930e+00   93   93   10   10
 2.5724557876379803e+00   93   93   11   11
 1.8886718957225264e+00   93   93   12   12
 2.8328265796662508e+00   93   93   13   13
 3.2301904878830525e+00   93   93   14   14
 3.4621912001988311e+00   93   93   15   15
 4.4864767527708178e+00   93   93   16   16
 3.6075955775396249e+00   93   93   17   17
 2.7757096758718620e+00   93   93   18   18
 2.5450659517090775e+00   93   93   19   19
 2.7256908929808237e+00   93   93   20   20
 1.1088396725239891e+00   93   93   21   21
 1.0463050777313692e+00   93   93   22   22
 1.0509703281402498e+00   93   93   23   23
 9.8339570071067128e-01   93   93   24   24
 9.2172645543981513e-01   93   93   25   25
 9.2054287317787475e-01   93   93   26   26
 9.7344753196349543e-01   93   93   27   27
 1.0606330808890585e+00   93   93   28   28
 9.8240416085001070e-01   93   93   29   29
 9.3965076296796390e-01   93   93   30   30
 9.5465627750567084e-01   93   93   31   31
 1.0254718768590845e+00   93   93   32   32
 1.0872734392466870e+00   93   93   33   33
 1.8779557999507817e+00   93   93   34   34
 2.1850756974018766e+00   93   93   35   35
 2.5816500871230121e+00   93   93   36   36
 2.3946756469981425e+00   93   93   37   37
 1.9947217682763845e+00   93   93   38   38
 1.8016965175092585e+00   93   93   39   39
 8.6725720946983642e-01   93   93   40   40
 8.6567383153556476e-01   93   93   41   41
 8.0872993949007355e-01   93   93   42   42
 1.4464126746327846e+00   93   93   43   43
 7.6593167239325377e-01   93   93   44   44
 7.6709270794374085e-01   93   93   45   45
 8.1344897951187189e-01   93   93   46   46
 1.6245982000322958e+00   93   93   47   47
 1.6248810116835850e+00   93   93   48   48
 1.3219566499209821e+00   93   93   49   49
 1.3211240203093266e+00   93   93   50   50
 6.9171660459076090e-01   93   93   51   51
 1.2228336409486813e+00   93   93   52   52
 2.0033272861696387e+00   93   93   53   53
 1.1168792321718484e+00   93   93   54   54
 1.7547035393721075e+00   93   93   55   55
 1.7112638034625114e+00   93   93   56   56
 1.1298650828045331e+00   93   93   57   57
 2.2295543923625449e+00   93   93   58   58
 1.3012094058516204e+00   93   93   59   59
 2.3357088241074471e+00   93   93   60   60
 7.0688837782255531e-01   93   93   61   61
 7.5275901413244917e-01   93   93   62   62
 7.2492911996361376e-01   93   93   63   63
 1.0792169309832202e+00   93   93   64   64
 7.4277854479592997e-01   93   93   65   65
 1.2400120376605850e+00   93   93   66   66
 8.5442294942519881e-01   93   93   67   67
 9.0298742219447858e-01   93   93   68   68
 8.9618419806341265e-01   93   93   69   69
 8.1098460780985915e-01   93   93   70   70
 8.0713933783965219e-01   93   93   71   71
 8.4507124913941178e-01   93   93   72   72
 7.7610447004563365e-01   93   93   73   73
 8.2218141671366385e-01   93   93   74   74
 8.3637381681432532e-01   93   93   75   75
 7.9868958664316825e-01   93   93   76   76
 7.4586464740174740e-01   93   93   77   77
 7.5587199933482763e-01   93   93   78   78
 6.8378320599713538e-01   93   93   79   79
 1.9097530089688020e+00   93   93   80   80
 2.1819323242755706e+00   93   93   81   81
 2.0625000080034952e+00   93   93   82   82
 1.6737268603694260e+00   93   93   83   83
 1.6265813379183642e+00   93   93   84   84
 1.7748410716443805e+00   93   93   85   85
 1.4511688866036083e+00   93   93   86   86
 1.1547938386350070e+00   93   93   87   87
 2.1752593359476200e+00   93   93   88   88
 1.5914892820061595e+00   93   93   89   89
 1.6386340052720927e+00   93   93   90   90
 3.2769126470164140e+00   93   93   91   91
 3.6670582358129957e+00   93   93   92   92
 9.6429912899999994e+00   93   93   93   93
 1.6854213104580507e+00   94   94    1    1
 1.6162978931751995e+00   94   94    2    2
 1.7536216769829656e+00   94   94    3    3
 2.0349497173170294e+00   94   94    4    4
 2.1871137111147303e+00   94   94    5    5
 1.9314591228040667e+00   94   94    6    6
 3.2118731750903415e+00   94   94    7    7
 2.5789868149353321e+00   94   94    8    8
 2.1911524664393238e+00   94   94    9    9
 1.8803236846019340e+00   94   94   10   10
 1.7980266266299332e+00   94   94   11   11
 1.7553459072311604e+00   94   94   12   12
 1.9828774035340426e+00   94   94   13   13
 2.3774899214539493e+00   94   94   14   14
 3.4589466552245369e+00   94   94   15   15
 2.7245563051663941e+00   94   94   16   16
 2.5448432977650821e+00   94   94   17   17
 2.7772366390378536e+00   94   94   18   18
 3.6113468033780767e+00   94   94   19   19
 4.4852862334901600e+00   94   94   20   20
 1.4244142034914964e+00   94   94   21   21
 1.3653702580341482e+00   94   94   22   22
 1.4343752926390236e+00   94   94   23   23
 1.3359108732628653e+00   94   94   24   24
 1.2076587619711849e+00   94   94   25   25
 1.1703283581858726e+00   94   94   26   26
 1.2300446114777108e+00   94   94   27   27
 1.3054392294795794e+00   94   94   28   28
 1.2058343154288547e+00   94   94   29   29
 1.1161828876330662e+00   94   94   30   30
 1.0972963203736317e+00   94   94   31   31
 1.1702398715203137e+00   94   94   32   32
 1.2808039137833442e+00   94   94   33   33
 2.6768153439632316e+00   94   94   34   34
 2.9951525149418567e+00   94   94   35   35
 3.3379231939022858e+00   94   94   36   36
 3.2049764611468139e+00   94   94   37   37
 2.8185670794453790e+00   94   94   38   38
 2.5882366285245997e+00   94   94   39   39
 1.1460322208723868e+00   94   94   40   40
 1.1270553977924525e+00   94   94   41   41
 1.0287030241851718e+00   94   94   42   42
 1.0861412197182660e+00   94   94   43   43
 9.6843195235759660e-01   94   94   44   44
 9.7988538207447151e-01   94   94   45   45
 1.0604389984891893e+00   94   94   46   46
 1.1910646260902216e+00   94   94   47   47
 1.1998640253186521e+00   94   94   48   48
 1.0184365916660034e+00   94   94   49   49
 1.0124150800952234e+00   94   94   50   50
 7.2778940147170601e-01   94   94   51   51
 1.0224167152812733e+00   94   94   52   52
 2.2414013248675162e+00   94   94   53   53
 9.6048192463960014e-01   94   94   54   54
 1.8975779891676174e+00   94   94   55   55
 1.7147457295113797e+00   94   94   56   56
 9.4337268760676829e-01   94   94   57   57
 2.0020003290864095e+00   94   94   58   58
 1.0475320263199051e+00   94   94   59   59
 2.3395274543390538e+00   94   94   60   60
 7.5595657802579430e-01   94   94   61   61
 7.8574043347252875e-01   94   94   62   62
 7.5477048234112942e-01   94   94   63   63
 9.2557625946924094e-01   94   94   64   64
 7.8677428430607688e-01   94   94   65   65
 1.0015695371711384e+00   94   94   66   66
 9.6172299276461704e-01   94   94   67   67
 1.0121135879345076e+00   94   94   68   68
 9.7584837072331432e-01   94   94   69   69
 8.9529287795262313e-01   94   94   70   70
 8.7177749514587954e-01   94   94   71   71
 9.0591617176978867e-01   94   94   72   72
 8.1200802420499985e-01   94   94   73   73
 8.6241048437582712e-01   94   94   74   74
 8.6291910966526220e-01   94   94   75   75
 8.1102324591513486e-01   94   94   76   76
 7.6852021348267174e-01   94   94   77   77
 7.6836900967283228e-01   94   94   78   78
 7.2837786076029076e-01   94   94   79   79
 1.4351077093138753e+00   94   94   80   80
 1.5591433285550416e+00   94   94   81   81
 1.4582544958433696e+00   94   94   82   82
 1.2814433915568022e+00   94   94   83   83
 1.2285463344665639e+00   94   94   84   84
 1.2976212583545836e+00   94   94   85   85
 1.1026147831495166e+00   94   94   86   86
 1.2274842649157733e+00   94   94   87   87
 1.6759120796915405e+00   94   94   88   88
 1.9990488210487372e+00   94   94   89   89
 2.1250357833199534e+00   94   94   90   90
 2.6935590271985799e+00   94   94   91   91
 3.2744883191134506e+00   94   94   92   92
 2.7970679673216958e+00   94   94   93   93
 9.6429912899999994e+00   94   94   94   94
 2.9582441273368763e+00   95   95    1    1
 3.3228582732442975e+00   95   95    2    2
 3.2144234386016044e+00   95   95    3    3
 2.8182283474962682e+00   95   95    4    4
 2.5907257481795591e+00   95   95    5    5
 2.6665148812491823e+00   95   95    6    6
 1.4271909361063084e+00   95   95    7    7
 1.3178434969997135e+00   95   95    8    8
 1.3061727715894813e+00   95   95    9    9
 1.2017400844433819e+00   95   95   10   10
 1.1201173183706266e+00   95   95   11   11
 9.6908161264854698e-01   95   95   12   12
 1.1276895736895887e+00   95   95   13   13
 1.2125237446746808e+00   95   95   14   14
 1.3600855781199714e+00   95   95   15   15
 1.2229879551154814e+00   95   95   16   16
 1.1628728888040269e+00   95   95   17   17
 1.2024646483474717e+00   95   95   18   18
 1.3307751844912121e+00   95   95   19   19
 1.4288225193823842e+00   95   95   20   20
 3.2080730123478829e+00   95   95   21   21
 3.4621231321846677e+00   95   95   22   22
 4.4868627019536031e+00   95   95   23   23
 3.6083972292942752e+00   95   95   24   24
 2.7743198640586999e+00   95   95   25   25
 2.5459066704737943e+00   95   95   26   26
 2.7260300698980919e+00   95   95   27   27
 2.5742984345264306e+00   95   95   28   28
 2.3944699870641735e+00   95   95   29   29
 1.9916303048233401e+00   95   95   30   30
 1.7942003145884744e+00   95   95   31   31
 1.8664403901576037e+00   95   95   32   32
 2.1760952813175618e+00   95   95   33   33
 1.9996816187868183e+00   95   95   34   34
 1.7327478352686274e+00   95   95   35   35
 1.6212394476720580e+00   95   95   36   36
 1.7182439144425623e+00   95   95   37   37
 1.9800465189768113e+00   95   95   38   38
 2.1948432532749935e+00   95   95   39   39
 2.2310213774487950e+00   95   95   40   40
 2.3326313401052379e+00   95   95   41   41
 1.9955666597035435e+00   95   95   42   42
 7.6305897831173808e-01   95   95   43   43
 1.7487283425244646e+00   95   95   44   44
 1.7079882743579733e+00   95   95   45   45
 1.8883586102201091e+00   95   95   46   46
 8.1627101406139235e-01   95   95   47   47
 8.4127820587325763e-01   95   95   48   48
 7.5532630625204511e-01   95   95   49   49
 7.3678664857329879e-01   95   95   50   50
 9.3053718720783751e-01   95   95   51   51
 8.0383831598131561e-01   95   95   52   52
 1.1464457273540949e+00   95   95   53   53
 7.8182142072283822e-01   95   95   54   54
 1.0628679069327520e+00   95   95   55   55
 9.8186902457193759e-01   95   95   56   56
 7.8390266109792295e-01   95   95   57   57
 1.0276040333793008e+00   95   95   58   58
 8.1685740583691857e-01   95   95   59   59
 1.1249259005503180e+00   95   95   60   60
 1.0153709503903561e+00   95   95   61   61
 1.0104451330652080e+00   95   95   62   62
 9.5356871232177642e-01   95   95   63   63
 7.7247847584942253e-01   95   95   64   64
 1.0466142529204783e+00   95   95   65   65
 8.0592065693750314e-01   95   95   66   66
 1.4711656294513666e+00   95   95   67   67
 1.5552399059583317e+00   95   95   68   68
 1.4167414475407978e+00   95   95   69   69
 1.3056291162568461e+00   95   95   70   70
 1.2258985274453407e+00   95   95   71   71
 1.2691200021855227e+00   95   95   72   72
 1.0797706718213291e+00   95   95   73   73
 1.1614396965620204e+00   95   95   74   74
 1.1337982195138296e+00   95   95   75   75
 1.0342702643573694e+00   95   95   76   76
 9.9314469836612973e-01   95   95   77   77
 9.7535189169116709e-01   95   95   78   78
 9.5783676179402133e-01   95   95   79   79
 1.0269826833042988e+00   95   95   80   80
 1.0369554733882003e+00   95   95   81   81
 9.6358666471666032e-01   95   95   82   82
 9.5256600890044862e-01   95   95   83   83
 8.9680765530530804e-01   95   95   84   84
 9.0176433898271979e-01   95   95   85   85
 8.0679707755904140e-01   95   95   86   86
 1.6672020287652816e+00   95   95   87   87
 1.2563640155906446e+00   95   95   88   88
 3.2894661041094948e+00   95   95   89   89
 3.6509582940145049e+00   95   95   90   90
 1.8651182628959364e+00   95   95   91   91
 1.5916913457767963e+00   95   95   92   92
 1.5254002065808359e+00   95   95   93   93
 2.1833136905898294e+00   95   95   94   94
 9.6429912899999994e+00   95   95   95   95
 2.1861147153291816e+00   96   96    1    1
 2.5693964136943475e+00   96   96    2    2
 2.3678277218175823e+00   96   96    3    3
 1.9756716877840999e+00   96   96    4    4
 1.7892675001102258e+00   96   96    5    5
 1.8723503762536744e+00   96   96    6    6
 1.1015822423761650e+00   96   96    7    7
 1.0476670176442100e+00   96   96    8    8
 1.0754059380881815e+00   96   96    9    9
 1.0130400135938256e+00   96   96   10   10
 9.3804688423849003e-01   96   96   11   11
 7.8896020187779436e-01   96   96   12   12
 9.2044059848954463e-01   96   96   13   13
 9.6519339053849851e-01   96   96   14   14
 1.0484661141293112e+00   96   96   15   15
 9.7817940487101418e-01   96   96   16   16
 9.3245030341989599e-01   96   96   17   17
 9.4127401482404771e-01   96   96   18   18
 1.0027312276318776e+00   96   96   19   19
 1.0610203941983809e+00   96   96   20   20
 3.2063684511939603e+00   96   96   21   21
 3.4553368774972566e+00   96   96   22   22
 2.7241790879102936e+00   96   96   23   23
 2.5463030218489235e+00   96   96   24   24
 2.7785057772690402e+00   96   96   25   25
 3.6167812461915081e+00   96   96   26   26
 4.4848523683774451e+00   96   96   27   27
 3.3518842093494428e+00   96   96   28   28
 3.1783198013254950e+00   96   96   29   29
 2.8238015032799160e+00   96   96   30   30
 2.6584797118054921e+00   96   96   31   31
 2.7730793572901113e+00   96   96   32   32
 3.0640261792800700e+00   96   96   33   33
 1.4161452419085310e+00   96   96   34   34
 1.2670357728975108e+00   96   96   35   35
 1.2184472423033086e+00   96   96   36   36
 1.2998271720273886e+00   96   96   37   37
 1.4625326898739692e+00   96   96   38   38
 1.5511195514928158e+00   96   96   39   39
 1.9957085632508089e+00   96   96   40   40
 2.3413397269478167e+00   96   96   41   41
 2.2528418034189714e+00   96   96   42   42
 6.6906531262835833e-01   96   96   43   43
 1.9048918178238541e+00   96   96   44   44
 1.7157841879302269e+00   96   96   45   45
 1.7518987754054318e+00   96   96   46   46
 7.0955050303323752e-01   96   96   47   47
 7.3614974173111658e-01   96   96   48   48
 6.7502176504003453e-01   96   96   49   49
 6.5414321995125024e-01   96   96   50   50
 1.1054773018249673e+00   96   96   51   51
 7.1885165091388270e-01   96   96   52   52
 9.0541366675215829e-01   96   96   53   53
 7.0551565939541228e-01   96   96   54   54
 8.5280078535377568e-01   96   96   55   55
 7.9848463365373867e-01   96   96   56   56
 7.2681862174414713e-01   96   96   57   57
 8.2817713059401288e-01   96   96   58   58
 7.3715333933282745e-01   96   96   59   59
 8.9120316704161251e-01   96   96   60   60
 1.2796895264523476e+00   96   96   61   61
 1.2455777565282302e+00   96   96   62   62
 1.1382784922445803e+00   96   96   63   63
 7.0925625079616095e-01   96   96   64   64
 1.3343689130265326e+00   96   96   65   65
 7.4125290935402455e-01   96   96   66   66
 2.0023175111554203e+00   96   96   67   67
 2.2565232711964427e+00   96   96   68   68
 2.0927024948943918e+00   96   96   69   69
 1.7439528647848186e+00   96   96   70   70
 1.6748722947438808e+00   96   96   71   71
 1.8069207373076070e+00   96   96   72   72
 1.4733808479876360e+00   96   96   73   73
 1.6398659651701624e+00   96   96   74   74
 1.6187774070529788e+00   96   96   75   75
 1.4395872425176011e+00   96   96   76   76
 1.3360730810177732e+00   96   96   77   77
 1.3243274674066559e+00   96   96   78   78
 1.1639204759323178e+00   96   96   79   79
 8.9800974232150155e-01   96   96   80   80
 8.8691407858637961e-01   96   96   81   81
 8.2511482007845849e-01   96   96   82   82
 8.4646325238667974e-01   96   96   83   83
 7.9365308494203723e-01   96   96   84   84
 7.8537449264874859e-01   96   96   85   85
 7.1669356604109025e-01   96   96   86   86
 2.2304030830640320e+00   96   96   87   87
 1.1241692643007228e+00   96   96   88   88
 2.7023260055775187e+00   96   96   89   89
 3.2693581882171614e+00   96   96   90   90
 1.6013363887142642e+00   96   96   91   91
 1.2474970592253873e+00   96   96   92   92
 1.2833791390936413e+00   96   96   93   93
 1.5334023968363375e+00   96   96   94   94
 2.7955270645897672e+00   96   96   95   95
 9.6429912899999994e+00   96   96   96   96
 2.4928426964395674e+00   97   97    1    1
 2.6409632842790862e+00   97   97    2    2
 2.2094889098697448e+00   97   97    3    3
 1.9048339276946995e+00   97   97    4    4
 1.8459565244600020e+00   97   97    5    5
 2.0681886581725215e+00   97   97    6    6
 1.1282849068425660e+00   97   97    7    7
 1.0819817338708468e+00   97   97    8    8
 1.1053357638617032e+00   97   97    9    9
 1.0487566735559086e+00   97   97   10   10
 9.7944803499339217e-01   97   97   11   11
 7.8156882556754492e-01   97   97   12   12
 9.6364524675632424e-01   97   97   13   13
 1.0066847196373698e+00   97   97   14   14
 1.0626688858390034e+00   97   97   15   15
 9.7874104133610151e-01   97   97   16   16
 9.2747276790721189e-01   97   97   17   17
 9.3874419076789062e-01   97   97   18   18
 1.0110318308553636e+00   97   97   19   19
 1.0805930799846990e+00   97   97   20   20
 3.2408715766907106e+00   97   97   21   21
 3.3042941243635808e+00   97   97   22   22
 2.9674025945699842e+00   97   97   23   23
 2.6594456813664573e+00   97   97   24   24
 2.5771820020656522e+00   97   97   25   25
 2.7809353385746562e+00   97   97   26   26
 3.1463426407343849e+00   97   97   27   27
 3.4756945982956466e+00   97   97   28   28
 4.4874106084895677e+00   97   97   29   29
 3.5927310128409284e+00   97   97   30   30
 2.7646385915975000e+00   97   97   31   31
 2.5407376219553610e+00   97   97   32   32
 2.7294423821941729e+00   97   97   33   33
 1.5202871692295061e+00   97   97   34   34
 1.3457778757871530e+00   97   97   35   35
 1.2504608199038627e+00   97   97   36   36
 1.2918601904039415e+00   97   97   37   37
 1.4441086597079713e+00   97   97   38   38
 1.5983381852442877e+00   97   97   39   39
 1.8920664252717825e+00   97   97   40   40
 2.1943284995931065e+00   97   97   41   41
 2.1166843302617622e+00   97   97   42   42
 6.9711754719272268e-01   97   97   43   43
 1.8099252317657311e+00   97   97   44   44
 1.6384736867298604e+00   97   97   45   45
 1.6701663154935582e+00   97   97   46   46
 7.4035496135717438e-01   97   97   47   47
 7.7000507554827835e-01   97   97   48   48
 7.0518723328801181e-01   97   97   49   49
 6.8198610485756483e-01   97   97   50   50
 1.1947811348882287e+00   97   97   51   51
 7.6769367578102332e-01   97   97   52   52
 8.9002439300711222e-01   97   97   53   53
 7.5729243718333006e-01   97   97   54   54
 8.3557706400276499e-01   97   97   55   55
 7.8567226051353656e-01   97   97   56   56
 7.6825865903921708e-01   97   97   57   57
 8.2372422197446848e-01   97   97   58   58
 7.7871794291631902e-01   97   97   59   59
 8.8377315884937757e-01   97   97   60   60
 1.3598785846377053e+00   97   97   61   61
 1.3037823482195838e+00   97   97   62   62
 1.2135914533959979e+00   97   97   63   63
 7.5757912592160426e-01   97   97   64   64
 1.3897363718207900e+00   97   97   65   65
 7.7892281922182338e-01   97   97   66   66
 2.2643616497343477e+00   97   97   67   67
 2.3252159105759080e+00   97   97   68   68
 1.9646373441626819e+00   97   97   69   69
 1.9079927590857939e+00   97   97   70   70
 1.7066768571720201e+00   97   97   71   71
 1.7294667646570434e+00   97   97   72   72
 1.4100492001497773e+00   97   97   73   73
 1.5172562616371970e+00   97   97   74   74
 1.4271366867747188e+00   97   97   75   75
 1.2728624478178818e+00   97   97   76   76
 1.2607203459582390e+00   97   97   77   77
 1.2083145437245972e+00   97   97   78   78
 1.2582288498685237e+00   97   97   79   79
 9.4186171383173733e-01   97   97   80   80
 9.2866612312069996e-01   97   97   81   81
 8.6377956404641276e-01   97   97   82   82
 8.8892127039781232e-01   97   97   83   83
 8.3284946318263842e-01   97   97   84   84
 8.2282436558727390e-01   97   97   85   85
 7.5011547949911572e-01   97   97   86   86
 2.2439430409542078e+00   97   97   87   87
 1.1795135433375108e+00   97   97   88   88
 3.5062653305150486e+00   97   97   89   89
 2.6759889850463829e+00   97   97   90   90
 1.6043638753156255e+00   97   97   91   91
 1.3077881635792956e+00   97   97   92   92
 1.2733237018786299e+00   97   97   93   93
 1.6012786306493572e+00   97   97   94   94
 3.3492371680939335e+00   97   97   95   95
 3.5280050108763894e+00   97   97   96   96
 9.6429912899999994e+00   97   97   97   97
 3.0930072035001044e+00   98   98    1    1
 3.3132601912517639e+00   98   98    2    2
 3.0268227637980987e+00   98   98    3    3
 2.6923920570131399e+00   98   98    4    4
 2.5537537657502645e+00   98   98    5    5
 2.7224988974192881e+00   98   98    6    6
 1.4247268121268273e+00   98   98    7    7
 1.3626390320821273e+00   98   98    8    8
 1.4401930591867940e+00   98   98    9    9
 1.3436359665101698e+00   98   98   10   10
 1.2091175908776453e+00   98   98   11   11
 8.9883415399139044e-01   98   98   12   12
 1.1650751331004876e+00   98   98   13   13
 1.2229471952625541e+00   98   98   14   14
 1.3151567151426193e+00   98   98   15   15
 1.2167235245764836e+00   98   98   16   16
 1.1312250432157369e+00   98   98   17   17
 1.1193144276994242e+00   98   98   18   18
 1.1935383677215485e+00   98   98   19   19
 1.2955394621050054e+00   98   98   20   20
 3.2423683487375996e+00   98   98   21   21
 2.6322800937003841e+00   98   98   22   22
 2.2135589855280586e+00   98   98   23   23
 1.9031474195372280e+00   98   98   24   24
 1.8333061873286161e+00   98   98   25   25
 2.0410069293876947e+00   98   98   26   26
 2.4588760000870375e+00   98   98   27   27
 3.4738805250912015e+00   98   98   28   28
 2.7282770055158276e+00   98   98   29   29
 2.5400758184606165e+00   98   98   30   30
 2.7656764718046061e+00   98   98   31   31
 3.5956651330507414e+00   98   98   32   32
 4.4878350691518269e+00   98   98   33   33
 1.9423202871744700e+00   98   98   34   34
 1.6955247128894724e+00   98   98   35   35
 1.6125597951409663e+00   98   98   36   36
 1.7295701234036553e+00   98   98   37   37
 1.9929297792077425e+00   98   98   38   38
 2.1664665406291514e+00   98   98   39   39
 1.4608436142258734e+00   98   98   40   40
 1.5866270215872851e+00   98   98   41   41
 1.4810471619885339e+00   98   98   42   42
 7.9947886301952775e-01   98   98   43   43
 1.3163924861002338e+00   98   98   44   44
 1.2456295209072645e+00   98   98   45   45
 1.3030874131400887e+00   98   98   46   46
 8.5710989586801423e-01   98   98   47   47
 8.9881073683476576e-01   98   98   48   48
 8.1162619941746184e-01   98   98   49   49
 7.8040666289039307e-01   98   98   50   50
 1.1405407902622264e+00   98   98   51   51
 8.6892061393408249e-01   98   98   52   52
 1.0357191060999273e+00   98   98   53   53
 8.4658811538003376e-01   98   98   54   54
 9.5920610471778078e-01   98   98   55   55
 8.9802172680264647e-01   98   98   56   56
 8.8449847426736816e-01   98   98   57   57
 9.5892788345011304e-01   98   98   58   58
 9.0153856064388227e-01   98   98   59   59
 1.0372977338134908e+00   98   98   60   60
 1.2688699262447325e+00   98   98   61   61
 1.3298199193361351e+00   98   98   62   62
 1.2099466328342598e+00   98   98   63   63
 8.5368400008588852e-01   98   98   64   64
 1.3701398215135514e+00   98   98   65   65
 9.0986104152530289e-01   98   98   66   66
 1.9622707290714543e+00   98   98   67   67
 2.3273520281684204e+00   98   98   68   68
 2.2724738458793277e+00   98   98   69   69
 1.7228392808940891e+00   98   98   70   70
 1.7067770905798789e+00   98   98   71   71
 1.9123247947573583e+00   98   98   72   72
 1.5368937509204810e+00   98   98   73   73
 1.7550676278987083e+00   98   98   74   74
 1.7821516396410637e+00   98   98   75   75
 1.5665766039267135e+00   98   98   76   76
 1.3951493164541093e+00   98   98   77   77
 1.4069534838792095e+00   98   98   78   78
 1.1641482537371068e+00   98   98   79   79
 1.1564860175487957e+00   98   98   80   80
 1.1318307742925118e+00   98   98   81   81
 1.0314059011600689e+00   98   98   82   82
 1.0740015909951708e+00   98   98   83   83
 9.8931428784959596e-01   98   98   84   84
 9.7341126267023159e-01   98   98   85   85
 8.7224011608010799e-01   98   98   86   86
 2.2765220284610339e+00   98   98   87   87
 1.3829489690111687e+00   98   98   88   88
 3.4617929701470627e+00   98   98   89   89
 3.4511647975417876e+00   98   98   90   90
 2.2203271269185429e+00   98   98   91   91
 1.5182808519062503e+00   98   98   92   92
 1.6078494209485990e+00   98   98   93   93
 1.8318241017293888e+00   98   98   94   94
 2.6869952437583580e+00   98   98   95   95
 3.4197255370764501e+00   98   98   96   96
 2.8098428412059389e+00   98   98   97   97
 9.6429912899999994e+00   98   98   98   98
 1.9178480097607700e+00   99   99    1    1
 1.7018011077561130e+00   99   99    2    2
 1.7239988012295786e+00   99   99    3    3
 1.9630415905769145e+00   99   99    4    4
 2.3293690259179818e+00   99   99    5    5
 2.2744165350809413e+00   99   99    6    6
 3.2271554047411879e+00   99   99    7    7
 3.3256901130865382e+00   99   99    8    8
 3.1999278270105749e+00   99   99    9    9
 2.8236714650103698e+00   99   99   10   10
 2.5891529221114316e+00   99   99   11   11
 1.2969721429873189e+00   99   99   12   12
 2.6586995521658370e+00   99   99   13   13
 2.9707786199617274e+00   99   99   14   14
 2.6043128233384527e+00   99   99   15   15
 2.1973124160620205e+00   99   99   16   16
 1.8883203978199412e+00   99   99   17   17
 1.8159181722342870e+00   99   99   18   18
 2.0137095004794703e+00   99   99   19   19
 2.4223418898228237e+00   99   99   20   20
 1.4926642663300793e+00   99   99   21   21
 1.3684161380566409e+00   99   99   22   22
 1.3858008409190530e+00   99   99   23   23
 1.2573888744170365e+00   99   99   24   24
 1.1461597466510152e+00   99   99   25   25
 1.1390908573119072e+00   99   99   26   26
 1.2272114969888850e+00   99   99   27   27
 1.4243182475961282e+00   99   99   28   28
 1.3248768022863548e+00   99   99   29   29
 1.2524721297106580e+00   99   99   30   30
 1.2495433111647229e+00   99   99   31   31
 1.3313636271913185e+00   99   99   32   32
 1.4294389770784044e+00   99   99   33   33
 3.6030195520641297e+00   99   99   34   34
 4.4849209452456185e+00   99   99   35   35
 3.4678112299518924e+00   99   99   36   36
 2.7286967667140809e+00   99   99   37   37
 2.5437400098453424e+00   99   99   38   38
 2.7685123718188351e+00   99   99   39   39
 1.0407413019714116e+00   99   99   40   40
 1.0548849788264352e+00   99   99   41   41
 9.7922370736800179e-01   99   99   42   42
 1.2713236373402235e+00   99   99   43   43
 9.1315984642179460e-01   99   99   44   44
 9.0443144074774773e-01   99   99   45   45
 9.6034617167356351e-01   99   99   46   46
 1.4250459479809006e+00   99   99   47   47
 1.4959143529653116e+00   99   99   48   48
 1.2387455915209997e+00   99   99   49   49
 1.1978716946128152e+00   99   99   50   50
 8.4911211813066645e-01   99   99   51   51
 1.3259699650537029e+00   99   99   52   52
 1.4658562011758847e+00   99   99   53   53
 1.2408203699169349e+00   99   99   54   54
 1.3045536892307723e+00   99   99   55   55
 1.2374962756332897e+00   99   99   56   56
 1.2189393541497375e+00   99   99   57   57
 1.4540910922693271e+00   99   99   58   58
 1.3615281805545467e+00   99   99   59   59
 1.5733757157608141e+00   99   99   60   60
 8.6827371975922762e-01   99   99   61   61
 9.2260585979022491e-01   99   99   62   62
 8.8878346253796814e-01   99   99   63   63
 1.1940427069373567e+00   99   99   64   64
 9.1121736737169401e-01   99   99   65   65
 1.2987509326428595e+00   99   99   66   66
 1.1077744927123754e+00   99   99   67   67
 1.1619321433565166e+00   99   99   68   68
 1.1187528401737612e+00   99   99   69   69
 1.0329522710934194e+00   99   99   70   70
 1.0042772597493703e+00   99   99   71   71
 1.0402335145077328e+00   99   99   72   72
 9.2860400789442710e-01   99   99   73   73
 9.8525266749230234e-01   99   99   74   74
 9.7794145550051514e-01   99   99   75   75
 9.1444778691936457e-01   99   99   76   76
 8.7394218836704118e-01   99   99   77   77
 8.6828849953114484e-01   99   99   78   78
 8.4010529205229034e-01   99   99   79   79
 2.0663473195788127e+00   99   99   80   80
 2.1954266207217517e+00   99   99   81   81
 1.9241653885466448e+00   99   99   82   82
 1.7770760214766774e+00   99   99   83   83
 1.6343171098292071e+00   99   99   84   84
 1.6871416958913048e+00   99   99   85   85
 1.3791368697505773e+00   99   99   86   86
 1.4113697614928726e+00   99   99   87   87
 2.1665010746710056e+00   99   99   88   88
 2.3975819167087176e+00   99   99   89   89
 1.9741727641565807e+00   99   99   90   90
 3.5881092354602053e+00   99   99   91   91
 3.3340215298936640e+00   99   99   92   92
 2.6831416600075837e+00   99   99   93   93
 3.3631790033835745e+00   99   99   94   94
 2.0946771328156615e+00   99   99   95   95
 1.5645267684759996e+00   99   99   96   96
 1.7138483930673161e+00   99   99   97   97
 2.0086507893891365e+00   99   99   98   98
 9.6429912899999994e+00   99   99   99   99
 1.7252776753441292e+00  100  100    1    1
 1.6967671000769236e+00  100  100    2    2
 1.9058604846930762e+00  100  100    3    3
 2.2618554595668083e+00  100  100    4    4
 2.3289030196703688e+00  100  100    5    5
 1.9677395031921536e+00  100  100    6    6
 3.2171531428139462e+00  100  100    7    7
 2.5966793001488262e+00  100  100    8    8
 2.4141175983760426e+00  100  100    9    9
 2.0083065502371431e+00  100  100   10   10
 1.8108572334406596e+00  100  100   11   11
 1.6767001942609367e+00  100  100   12   12
 1.8846332031487489e+00  100  100   13   13
 2.1923127693172790e+00  100  100   14   14
 3.3218739239156250e+00  100  100   15   15
 2.9686178307811617e+00  100  100   16   16
 2.6668877724602233e+00  100  100   17   17
 2.6055047621968153e+00  100  100   18   18
 2.8354846765633384e+00  100  100   19   19
 3.2056797803785848e+00  100  100   20   20
 1.4870434418542995e+00  100  100   21   21
 1.4031567768132283e+00  100  100   22   22
 1.4180736816126349e+00  100  100   23   23
 1.3096804817017544e+00  100  100   24   24
 1.2099644795254798e+00  100  100   25   25
 1.2047624880648153e+00  100  100   26   26
 1.2841534155955252e+00  100  100   27   27
 1.3746297464747210e+00  100  100   28   28
 1.2377573757571838e+00  100  100   29   29
 1.1541325201362369e+00  100  100   30   30
 1.1636971289223235e+00  100  100   31   31
 1.2743445787634371e+00  100  100   32   32
 1.3982035768139098e+00  100  100   33   33
 2.5451168936424899e+00  100  100   34   34
 2.7284703394920471e+00  100  100   35   35
 3.4665836511646515e+00  100  100   36   36
 4.4856239407296528e+00  100  100   37   37
 3.6030972258210450e+00  100  100   38   38
 2.7698656119694571e+00  100  100   39   39
 1.1259490329242665e+00  100  100   40   40
 1.1198810216530735e+00  100  100   41   41
 1.0253955356725128e+00  100  100   42   42
 1.0608011203460113e+00  100  100   43   43
 9.5998971111895759e-01  100  100   44   44
 9.6370147594296407e-01  100  100   45   45
 1.0379973310578026e+00  100  100   46   46
 1.1621492497419839e+00  100  100   47   47
 1.1839238541723258e+00  100  100   48   48
 1.0110798788554110e+00  100  100   49   49
 9.9707784430180690e-01  100  100   50   50
 7.5026227894474651e-01  100  100   51   51
 9.9875803032976018e-01  100  100   52   52
 2.1454836020739672e+00  100  100   53   53
 9.3726501409363339e-01  100  100   54   54
 1.8286482553844052e+00  100  100   55   55
 1.6488222549943505e+00  100  100   56   56
 9.5377050051558832e-01  100  100   57   57
 1.9000450634591199e+00  100  100   58   58
 1.0465621610666465e+00  100  100   59   59
 2.2143360271895256e+00  100  100   60   60
 7.8470491887485772e-01  100  100   61   61
 8.2534552462674915e-01  100  100   62   62
 7.8519981849517828e-01  100  100   63   63
 9.1800716116234748e-01  100  100   64   64
 8.2557863540138599e-01  100  100   65   65
 1.0187505481253762e+00  100  100   66   66
 1.0003091750293851e+00  100  100   67   67
 1.0739681133458843e+00  100  100   68   68
 1.0568456257823948e+00  100  100   69   69
 9.3276125362615891e-01  100  100   70   70
 9.2330102785672841e-01  100  100   71   71
 9.7678682263858907e-01  100  100   72   72
 8.7504522751361313e-01  100  100   73   73
 9.4001977014581184e-01  100  100   74   74
 9.5775766481454261e-01  100  100   75   75
 9.0180585340949648e-01  100  100   76   76
 8.3207406894063018e-01  100  100   77   77
 8.4358757413649188e-01  100  100   78   78
 7.5010555240330523e-01  100  100   79   79
 1.4733406114658258e+00  100  100   80   80
 1.5700274912547960e+00  100  100   81   81
 1.4405725288980618e+00  100  100   82   82
 1.3093613170120506e+00  100  100   83   83
 1.2370696440377553e+00  100  100   84   84
 1.2886710661187761e+00  100  100   85   85
 1.0970169485502852e+00  100  100   86   86
 1.3020160415620150e+00  100  100   87   87
 1.6835338164943621e+00  100  100   88   88
 1.9824930597975143e+00  100  100   89   89
 2.3649222935316581e+00  100  100   90   90
 3.3506089494742128e+00  100  100   91   91
 2.6803379362817514e+00  100  100   92   92
 3.3247034833493077e+00  100  100   93   93
 3.5965488905777887e+00  100  100   94   94
 2.0413563338574945e+00  100  100   95   95
 1.6486363913680235e+00  100  100   96   96
 1.5812701051639655e+00  100  100   97   97
 2.1060546314633739e+00  100  100   98   98
 2.8030152702825970e+00  100  100   99   99
 9.6429912899999994e+00  100  100  100  100
-1.6148556558036378e+02    1    1    0    0
-2.2502416373473491e+00    2    1    0    0
-1.6391275820124096e+02    2    2    0    0
-2.2529365375777504e+00    3    2    0    0
-1.5930051005081154e+02    3    3    0    0
-2.3202950930231547e+00    4    3    0    0
-1.5670326167828239e+02    4    4    0    0
-2.2944619453703492e+00    5    4    0    0
-1.5992956960708113e+02    5    5    0    0
-2.3410899040458784e+00    6    1    0    0
-2.3036736342520316e+00    6    5    0    0
-1.5883719686731231e+02    6    6    0    0
-1.6240054511441500e+02    7    7    0    0
-2.2006336747723103e+00    8    7    0    0
-1.5995436213435616e+02    8    8    0    0
-2.2351712000432284e+00    9    8    0    0
-1.5660573828176987e+02    9    9    0    0
-2.3365235715359467e+00   10    9    0    0
-1.4890894123645896e+02   10   10    0    0
-2.3111770081521543e+00   11   10    0    0
-1.4631186219855800e+02   11   11    0    0
-1.0508230650051271e+02   12   12    0    0
-2.3046570799543673e+00   13   11    0    0
-1.4555767312743123e+02   13   13    0    0
-2.2377908980956640e+00   14    8    0    0
-2.3242637294638904e+00   14   13    0    0
-1.5240447953109037e+02   14   14    0    0
-2.2069520515984813e+00   15    7    0    0
-1.5673893677778699e+02   15   15    0    0
-2.2350911512330018e+00   16   15    0    0
-1.4853435526689992e+02   16   16    0    0
-2.3289466247053436e+00   17   16    0    0
-1.3778512747789020e+02   17   17    0    0
-2.3220966411501873e+00   18   17    0    0
-1.3547689462414993e+02   18   18    0    0
-2.3269607030519377e+00   19   18    0    0
-1.3948697543062707e+02   19   19    0    0
-2.2349848440059885e+00   20   15    0    0
-2.3382179396476537e+00   20   19    0    0
-1.5050917765431203e+02   20   20    0    0
-2.2209178507186955e+00   21    2    0    0
-1.6267152546723148e+02   21   21    0    0
-2.2073526302620707e+00   22   21    0    0
-1.5666173681389219e+02   22   22    0    0
-2.2377098433363445e+00   23   22    0    0
-1.5019268329337220e+02   23   23    0    0
-2.3248644230675026e+00   24   23    0    0
-1.3888794668455208e+02   24   24    0    0
-2.3161561983832883e+00   25   24    0    0
-1.3489593563691858e+02   25   25    0    0
-2.3271539476419765e+00   26   25    0    0
-1.3752880778765496e+02   26   26    0    0
-2.2351369071529068e+00   27   22    0    0
-2.3425739598474489e+00   27   26    0    0
-1.4843517783690106e+02   27   27    0    0
-2.2367110341080663e+00   28   21    0    0
-1.6052286347066732e+02   28   28    0    0
-2.2557571201904958e+00   29   28    0    0
-1.5302308712322647e+02   29   29    0    0
-2.3336451798649800e+00   30   29    0    0
-1.4581921690376771e+02   30   30    0    0
-2.3022555285224513e+00   31   30    0    0
-1.4671078814950462e+02   31   31    0    0
-2.3015766522407590e+00   32   31    0    0
-1.4921952923227559e+02   32   32    0    0
-2.2582343629900068e+00   33   28    0    0
-2.3346608306701695e+00   33   32    0    0
-1.5670867396495484e+02   33   33    0    0
-1.5863030866627983e+02   34   34    0    0
-2.3375628930737924e+00   35   34    0    0
-1.6128992882744973e+02   35   35    0    0
-2.2114583076344347e+00   36    7    0    0
-2.2507801528268456e+00   36   35    0    0
-1.6387197945100286e+02   36   36    0    0
-2.2423970737682311e+00   37   36    0    0
-1.5951950278927882e+02   37   37    0    0
-2.3251790426733892e+00   38   37    0    0
-1.5693222379285072e+02   38   38    0    0
-2.2235760843309555e+00   39    5    0    0
-2.2984855009320722e+00   39   34    0    0
-2.3013399091505735e+00   39   38    0    0
-1.5996077486488645e+02   39   39    0    0
-1.1593955252318290e+02   40   40    0    0
-2.2331416351197246e+00   41   25    0    0
-2.2185013088695573e+00   41   40    0    0
-1.2380403208295334e+02   41   41    0    0
-2.2117662242780449e+00   42   41    0    0
-1.1524922275054958e+02   42   42    0    0
-1.0611678455617326e+02   43   43    0    0
-2.3241426799761080e+00   44   42    0    0
-1.0482268640486349e+02   44   44    0    0
-2.3687687393492651e+00   45   44    0    0
-1.0096114676762531e+02   45   45    0    0
-2.3199663316654568e+00   46   40    0    0
-2.3658381289197230e+00   46   45    0    0
-1.0545954390389203e+02   46   46    0    0
-2.3220728715076220e+00   47   43    0    0
-1.1576897418912944e+02   47   47    0    0
-2.3357243990804850e+00   48   47    0    0
-1.2583071735058866e+02   48   48    0    0
-1.1076127968245423e+02   49   49    0    0
-2.3127237235836828e+00   50   43    0    0
-2.3212072134211965e+00   50   49    0    0
-1.0375682598931313e+02   50   50    0    0
-9.9538786164035116e+01   51   51    0    0
-1.1329838046445367e+02   52   52    0    0
-1.1728282353073162e+02   53   53    0    0
-2.3364062696167367e+00   54   52    0    0
-1.0395103901623793e+02   54   54    0    0
-2.3241300342347206e+00   55   53    0    0
-1.0663028223841596e+02   55   55    0    0
-2.3615323247670688e+00   56   12    0    0
-2.3656672870646398e+00   56   55    0    0
-1.0166430394951711e+02   56   56    0    0
-1.0432587433715968e+02   57   57    0    0
-2.3207244111036540e+00   58   12    0    0
-1.1535595091181568e+02   58   58    0    0
-2.3072466912468239e+00   59   52    0    0
-1.2171675986638370e+02   59   59    0    0
-2.2442780959483573e+00   60   18    0    0
-2.2219777751237562e+00   60   53    0    0
-2.2249027653571156e+00   60   58    0    0
-1.2447663474283368e+02   60   60    0    0
-1.1086960895230513e+02   61   61    0    0
-1.1416482743995537e+02   62   62    0    0
-2.3417601356459627e+00   63   51    0    0
-2.3361794404697354e+00   63   62    0    0
-1.0424278693733960e+02   63   63    0    0
-2.3424339370345160e+00   64   54    0    0
-2.3394480942446325e+00   64   57    0    0
-1.0098550223615125e+02   64   64    0    0
-2.3165421480670596e+00   65   61    0    0
-2.3084450246815180e+00   65   62    0    0
-1.2128226120865990e+02   65   65    0    0
-2.3310664292179588e+00   66   57    0    0
-2.3151566702200617e+00   66   59    0    0
-1.1309545403066349e+02   66   66    0    0
-1.3321702032537519e+02   67   67    0    0
-2.2422102992139750e+00   68   31    0    0
-2.2514791245070187e+00   68   67    0    0
-1.4057205417390048e+02   68   68    0    0
-2.2619983909645689e+00   69   68    0    0
-1.3683322637359240e+02   69   69    0    0
-2.3236269785821322e+00   70   67    0    0
-1.2890680777423918e+02   70   70    0    0
-2.3541853354923417e+00   71   70    0    0
-1.3377089289485110e+02   71   71    0    0
-2.3415555507946766e+00   72   69    0    0
-2.3826457294580319e+00   72   71    0    0
-1.3467087581990165e+02   72   72    0    0
-1.2603651228908242e+02   73   73    0    0
-2.3712550901982716e+00   74   72    0    0
-2.3597392636370276e+00   74   73    0    0
-1.2854648646545027e+02   74   74    0    0
-2.3351602639222437e+00   75   74    0    0
-1.1986476539337630e+02   75   75    0    0
-2.3228326217252593e+00   76   75    0    0
-1.1027533368341038e+02   76   76    0    0
-2.3311910784216696e+00   77   73    0    0
-1.1288715925959107e+02   77   77    0    0
-2.3125740223733064e+00   78   76    0    0
-2.3201762131840109e+00   78   77    0    0
-1.0698504995728908e+02   78   78    0    0
-2.3393443144505155e+00   79   51    0    0
-2.3321619247017722e+00   79   61    0    0
-1.0166737803282936e+02   79   79    0    0
-1.3559399367687445e+02   80   80    0    0
-2.2366959317509738e+00   81   11    0    0
-2.2475597416711355e+00   81   80    0    0
-1.4034789976354472e+02   81   81    0    0
-2.2607856903707861e+00   82   81    0    0
-1.3454689121669739e+02   82   82    0    0
-2.3254238823148889e+00   83   80    0    0
-1.3102368677037779e+02   83   83    0    0
-2.3564334716412030e+00   84   83    0    0
-1.3382852100349419e+02   84   84    0    0
-2.3695972647240127e+00   85   48    0    0
-2.3364316449003075e+00   85   82    0    0
-2.3803120611052200e+00   85   84    0    0
-1.3287954041877580e+02   85   85    0    0
-2.3588631849237869e+00   86   48    0    0
-2.3310477620945824e+00   86   49    0    0
-1.2432774014526899e+02   86   86    0    0
-3.5712993600288137e+00   87   65    0    0
-3.5828893978485570e+00   87   71    0    0
-3.5793949510393563e+00   87   73    0    0
-1.9964674249424971e+02   87   87    0    0
-3.5655408665423067e+00   88   59    0    0
-3.5803079274307632e+00   88   84    0    0
-3.5804923595351532e+00   88   86    0    0
-1.9934986454165542e+02   88   88    0    0
-2.0910710783303728e+00   89    1    0    0
-2.1427818011399376e+02   89   89    0    0
-2.0965979325513859e+00   90    3    0    0
-2.0709641332281564e+02   90   90    0    0
-2.0873111799909085e+00   91    9    0    0
-2.1377432453421974e+02   91   91    0    0
-2.0916783910107548e+00   92   14    0    0
-1.9957537775580639e+02   92   92    0    0
-2.0935688201774481e+00   93   16    0    0
-1.9889844690907816e+02   93   93    0    0
-2.0907880725432832e+00   94   20    0    0
-2.0501741811913161e+02   94   94    0    0
-2.0944707749659996e+00   95   23    0    0
-2.0519425141053080e+02   95   95    0    0
-2.0897752268570868e+00   96   27    0    0
-1.9913453019920635e+02   96   96    0    0
-2.0957516212820186e+00   97   29    0    0
-2.0054744387979090e+02   97   97    0    0
-2.0967442102710172e+00   98   33    0    0
-2.1244966789056787e+02   98   98    0    0
-2.0899352979760968e+00   99   35    0    0
-2.1322637049559560e+02   99   99    0    0
-2.0915766444775854e+00  100   37    0    0
-2.0778615118935119e+02  100  100    0    0
 9.1098030340476653e+03    0    0    0    0
