&FCI NORB=74, NELEC=86, MS2=0,
 ORBSYM=1,1,1,1,1,1,1,1,1,1,1,1,1,1,1,1,1,1,1,1,1,1,1,1,1,1,1,1,1,1,1,1,1,1,1,1,1,1,1,1,1,1,1,1,1,1,1,1,1,1,1,1,1,1,1,1,1,1,1,1,1,1,1,1,1,1,1,1,1,1,1,1,1,1,
 ISYM=1,
&END
 8.4208384499999998e+00    1    1    1    1
 3.8106088635012143e+00    2    2    1    1
 8.4208384499999998e+00    2    2    2    2
 2.7768241076226921e+00    3    3    1    1
 3.8105396404621965e+00    3    3    2    2
 8.4208384499999998e+00    3    3    3    3
 2.5075023548231816e+00    4    4    1    1
 2.7111213308257445e+00    4    4    2    2
 3.8549384913044595e+00    4    4    3    3
 8.4208384499999998e+00    4    4    4    4
 2.7454074636745123e+00    5    5    1    1
 2.4361070870368202e+00    5    5    2    2
 2.7453845605920337e+00    5    5    3    3
 3.8380277931758378e+00    5    5    4    4
 8.4208384499999998e+00    5    5    5    5
 3.8549842488136123e+00    6    6    1    1
 2.7111420159707835e+00    6    6    2    2
 2.5074783274921821e+00    6    6    3    3
 2.7645378739963546e+00    6    6    4    4
 3.8380090531931663e+00    6    6    5    5
 8.4208384499999998e+00    6    6    6    6
 1.0724537458860453e+00    7    7    1    1
 9.9841075926494360e-01    7    7    2    2
 1.0720141106935606e+00    7    7    3    3
 1.2590740629634614e+00    7    7    4    4
 1.4087364578412866e+00    7    7    5    5
 1.2598065258296753e+00    7    7    6    6
 8.4208384499999998e+00    7    7    7    7
 1.0019697554628726e+00    8    8    1    1
 9.2216197086714757e-01    8    8    2    2
 9.6857157052397014e-01    8    8    3    3
 1.1130833698231122e+00    8    8    4    4
 1.2553948889069484e+00    8    8    5    5
 1.1662092214507458e+00    8    8    6    6
 3.7300759800281242e+00    8    8    7    7
 8.4208384499999998e+00    8    8    8    8
 1.0168927542482158e+00    9    9    1    1
 9.2663733871497733e-01    9    9    2    2
 9.6091477284319671e-01    9    9    3    3
 1.0945042160448692e+00    9    9    4    4
 1.2461979963650462e+00    9    9    5    5
 1.1822219974629276e+00    9    9    6    6
 2.6594036284630800e+00    9    9    7    7
 3.8109129995315336e+00    9    9    8    8
 8.4208384499999998e+00    9    9    9    9
 9.3020367330774101e-01   10   10    1    1
 8.4656499895838733e-01   10   10    2    2
 8.6555236862198615e-01   10   10    3    3
 9.6736932934210174e-01   10   10    4    4
 1.0932156247439093e+00   10   10    5    5
 1.0628177700228203e+00   10   10    6    6
 1.9751613116859714e+00   10   10    7    7
 2.7108324949918128e+00   10   10    8    8
 3.8523444416156929e+00   10   10    9    9
 8.4208384499999998e+00   10   10   10   10
 8.4992537299196758e-01   11   11    1    1
 7.7813647575878953e-01   11   11    2    2
 7.9436414430792768e-01   11   11    3    3
 8.8108055949241881e-01   11   11    4    4
 9.8529379895124158e-01   11   11    5    5
 9.6062028012737222e-01   11   11    6    6
 1.7866726496282512e+00   11   11    7    7
 2.4368746774528467e+00   11   11    8    8
 2.7455659021259047e+00   11   11    9    9
 3.8406559883710409e+00   11   11   10   10
 8.4208384499999998e+00   11   11   11   11
 6.6854360497736953e-01   12   12    1    1
 6.5857467311366369e-01   12   12    2    2
 7.1077374346548394e-01   12   12    3    3
 7.8451323531421868e-01   12   12    4    4
 7.9746625640796198e-01   12   12    5    5
 7.2797565906190442e-01   12   12    6    6
 1.2610682913008426e+00   12   12    7    7
 1.1599292462839685e+00   12   12    8    8
 1.0146764592778557e+00   12   12    9    9
 9.3338686484053401e-01   12   12   10   10
 9.4991775962657254e-01   12   12   11   11
 8.4208384499999998e+00   12   12   12   12
 8.4019008303351350e-01   13   13    1    1
 7.7427661493021949e-01   13   13    2    2
 7.9706909311282459e-01   13   13    3    3
 8.8861610445746075e-01   13   13    4    4
 9.8793155360164864e-01   13   13    5    5
 9.5093739263516286e-01   13   13    6    6
 1.9753038413851214e+00   13   13    7    7
 2.7112185845307266e+00   13   13    8    8
 2.5074238994962688e+00   13   13    9    9
 2.7657980801433579e+00   13   13   10   10
 3.8403753830698695e+00   13   13   11   11
 1.0635771841896893e+00   13   13   12   12
 8.4208384499999998e+00   13   13   13   13
 9.0227113740055920e-01   14   14    1    1
 8.3401898115863315e-01   14   14    2    2
 8.6939500594573482e-01   14   14    3    3
 9.8342692143811239e-01   14   14    4    4
 1.0952900675849540e+00   14   14    5    5
 1.0329573410437547e+00   14   14    6    6
 2.6592246623752644e+00   14   14    7    7
 3.8106105906528578e+00   14   14    8    8
 2.7760695565324571e+00   14   14    9    9
 2.5068983993757312e+00   14   14   10   10
 2.7452549842197866e+00   14   14   11   11
 1.1902241949325867e+00   14   14   12   12
 3.8527909667454758e+00   14   14   13   13
 8.4208384499999998e+00   14   14   14   14
 9.6801577146292328e-01   15   15    1    1
 9.2118742721976199e-01   15   15    2    2
 1.0003995555996441e+00   15   15    3    3
 1.1641323549715086e+00   15   15    4    4
 1.2540315320652740e+00   15   15    5    5
 1.1126198404272780e+00   15   15    6    6
 3.7302945217375436e+00   15   15    7    7
 2.6499899255717421e+00   15   15    8    8
 2.0127551747138388e+00   15   15    9    9
 1.6211718403738555e+00   15   15   10   10
 1.5379748013209906e+00   15   15   11   11
 1.5450482174052402e+00   15   15   12   12
 1.7445054952424326e+00   15   15   13   13
 2.2841611973089808e+00   15   15   14   14
 8.4208384499999998e+00   15   15   15   15
 8.6904135916933711e-01   16   16    1    1
 8.3326353897058703e-01   16   16    2    2
 9.0091257059384566e-01   16   16    3    3
 1.0311555268210724e+00   16   16    4    4
 1.0941971391119720e+00   16   16    5    5
 9.8314586304375318e-01   16   16    6    6
 2.6594499603565809e+00   16   16    7    7
 2.2846289594435505e+00   16   16    8    8
 1.8674202617489584e+00   16   16    9    9
 1.5657073451354189e+00   16   16   10   10
 1.5013719809958597e+00   16   16   11   11
 1.6917343202869659e+00   16   16   12   12
 1.6789432033381160e+00   16   16   13   13
 2.0785851356213043e+00   16   16   14   14
 3.8106383845167975e+00   16   16   15   15
 8.4208384499999998e+00   16   16   16   16
 7.9606290729580864e-01   17   17    1    1
 7.7282119660911630e-01   17   17    2    2
 8.3802038417996005e-01   17   17    3    3
 9.4827757459340711e-01   17   17    4    4
 9.8607289192181635e-01   17   17    5    5
 8.8764094439829111e-01   17   17    6    6
 1.9753466066224024e+00   17   17    7    7
 1.7453724019885724e+00   17   17    8    8
 1.4831304011013211e+00   17   17    9    9
 1.2978380452011289e+00   17   17   10   10
 1.2734420945293212e+00   17   17   11   11
 2.1471555543535201e+00   17   17   12   12
 1.4208645875600150e+00   17   17   13   13
 1.6802743633263011e+00   17   17   14   14
 2.7110563241685921e+00   17   17   15   15
 3.8526413197582192e+00   17   17   16   16
 8.4208384499999998e+00   17   17   17   17
 7.9260641062511505e-01   18   18    1    1
 7.7581870214725512e-01   18   18    2    2
 8.4673903596053657e-01   18   18    3    3
 9.5687229697026321e-01   18   18    4    4
 9.8254888342403790e-01   18   18    5    5
 8.7936253793731545e-01   18   18    6    6
 1.7867314872342015e+00   18   18    7    7
 1.5389026390026974e+00   18   18    8    8
 1.3026156798792705e+00   18   18    9    9
 1.1470226097448617e+00   18   18   10   10
 1.1346927608185435e+00   18   18   11   11
 2.6769832969797838e+00   18   18   12   12
 1.2741864558090941e+00   18   18   13   13
 1.5031012763224110e+00   18   18   14   14
 2.4368711487761368e+00   18   18   15   15
 2.7453467131751026e+00   18   18   16   16
 3.8403910433742410e+00   18   18   17   17
 8.4208384499999998e+00   18   18   18   18
 7.0785063320771824e-01   19   19    1    1
 6.4910246214882028e-01   19   19    2    2
 6.4741073889309109e-01   19   19    3    3
 6.9621930156020506e-01   19   19    4    4
 7.6779828832554986e-01   19   19    5    5
 7.7442173279209148e-01   19   19    6    6
 1.0715808345650484e+00   19   19    7    7
 1.2724798088712252e+00   19   19    8    8
 1.3813244024633979e+00   19   19    9    9
 1.6909841501426586e+00   19   19   10   10
 1.9888832630578219e+00   19   19   11   11
 7.2026968888160325e-01   19   19   12   12
 1.7073960736710583e+00   19   19   13   13
 1.3900139561086633e+00   19   19   14   14
 9.7252530247161217e-01   19   19   15   15
 9.5792237956177262e-01   19   19   16   16
 8.6673925165074672e-01   19   19   17   17
 8.0189278286655374e-01   19   19   18   18
 8.4208384499999998e+00   19   19   19   19
 8.6337325114589436e-01   20   20    1    1
 8.4378056660258527e-01   20   20    2    2
 9.2648228362504270e-01   20   20    3    3
 1.0584183664209905e+00   20   20    4    4
 1.0898994896535565e+00   20   20    5    5
 9.6522158574929817e-01   20   20    6    6
 1.9752451503299071e+00   20   20    7    7
 1.6218832859686569e+00   20   20    8    8
 1.3423467719304634e+00   20   20    9    9
 1.1644925088382272e+00   20   20   10   10
 1.1471284844961851e+00   20   20   11   11
 2.1882452050519543e+00   20   20   12   12
 1.2984343790480073e+00   20   20   13   13
 1.5669875016637993e+00   20   20   14   14
 2.7109760844630513e+00   20   20   15   15
 2.5070670831936650e+00   20   20   16   16
 2.7657523406559750e+00   20   20   17   17
 3.8405425804961024e+00   20   20   18   18
 8.0854217983006504e-01   20   20   19   19
 8.4208384499999998e+00   20   20   20   20
 9.5918189913132523e-01   21   21    1    1
 9.2441152288427320e-01   21   21    2    2
 1.0138943878769628e+00   21   21    3    3
 1.1785216930943228e+00   21   21    4    4
 1.2433377958686826e+00   21   21    5    5
 1.0927772104711768e+00   21   21    6    6
 2.6593825247186884e+00   21   21    7    7
 2.0130013113783338e+00   21   21    8    8
 1.5989882150949202e+00   21   21    9    9
 1.3421948198331761e+00   21   21   10   10
 1.3024544423197280e+00   21   21   11   11
 1.7105798787401729e+00   21   21   12   12
 1.4831288657333128e+00   21   21   13   13
 1.8677481920331935e+00   21   21   14   14
 3.8108988375202872e+00   21   21   15   15
 2.7760796483764127e+00   21   21   16   16
 2.5072293033077226e+00   21   21   17   17
 2.7454621179769014e+00   21   21   18   18
 8.8094262037384830e-01   21   21   19   19
 3.8524898176835332e+00   21   21   20   20
 8.4208384499999998e+00   21   21   21   21
 2.6586809466797563e+00   22   22    1    1
 3.7295672189179130e+00   22   22    2    2
 2.6585714956047433e+00   22   22    3    3
 1.9752042364514732e+00   22   22    4    4
 1.7861451362917913e+00   22   22    5    5
 1.9752527263064252e+00   22   22    6    6
 8.6883726155326335e-01   22   22    7    7
 8.1132201284546523e-01   22   22    8    8
 8.1714137775954487e-01   22   22    9    9
 7.5633964479359184e-01   22   22   10   10
 7.0076558630586316e-01   22   22   11   11
 6.0323235879165182e-01   22   22   12   12
 6.9607247444324960e-01   22   22   13   13
 7.4265520570489996e-01   22   22   14   14
 8.1048984332218665e-01   22   22   15   15
 7.4204908964623217e-01   22   22   16   16
 6.9481771548264692e-01   22   22   17   17
 6.9867943981418112e-01   22   22   18   18
 5.9894672673512195e-01   22   22   19   19
 7.5381781618018351e-01   22   22   20   20
 8.1515923589679473e-01   22   22   21   21
 8.4208384499999998e+00   22   22   22   22
 2.0129615722710454e+00   23   23    1    1
 2.6489153540663586e+00   23   23    2    2
 2.2804492535900582e+00   23   23    3    3
 1.7425824072427514e+00   23   23    4    4
 1.5365968189052053e+00   23   23    5    5
 1.6209846559113557e+00   23   23    6    6
 8.1046465105821008e-01   23   23    7    7
 7.5433332944730713e-01   23   23    8    8
 7.5152199362560967e-01   23   23    9    9
 6.9700624802008826e-01   23   23   10   10
 6.5201696087671723e-01   23   23   11   11
 5.8992134840048971e-01   23   23   12   12
 6.5276745411808845e-01   23   23   13   13
 6.9699719864655996e-01   23   23   14   14
 7.6656388568487321e-01   23   23   15   15
 7.0343247845447598e-01   23   23   16   16
 6.6523219665981026e-01   23   23   17   17
 6.7523444777524677e-01   23   23   18   18
 5.6055352349719634e-01   23   23   19   19
 7.2976190853257594e-01   23   23   20   20
 7.8091134132727824e-01   23   23   21   21
 3.7297783240114071e+00   23   23   22   22
 8.4208384499999998e+00   23   23   23   23
 1.8676067738285336e+00   24   24    1    1
 2.2812765976579215e+00   24   24    2    2
 2.0691966751931807e+00   24   24    3    3
 1.6723686014360772e+00   24   24    4    4
 1.4972737986851243e+00   24   24    5    5
 1.5643280203835117e+00   24   24    6    6
 8.1482275622294165e-01   24   24    7    7
 7.5686161169974686e-01   24   24    8    8
 7.4628480850901335e-01   24   24    9    9
 6.9213597666636895e-01   24   24   10   10
 6.5243580385373989e-01   24   24   11   11
 6.0090514246169713e-01   24   24   12   12
 6.5829464459060372e-01   24   24   13   13
 7.0447749556065420e-01   24   24   14   14
 7.7334589673212639e-01   24   24   15   15
 7.0531269217777182e-01   24   24   16   16
 6.6871919962119419e-01   24   24   17   17
 6.8403246537771911e-01   24   24   18   18
 5.6154543615876273e-01   24   24   19   19
 7.4492596916422593e-01   24   24   20   20
 7.9636294999277879e-01   24   24   21   21
 2.6591918227312994e+00   24   24   22   22
 3.8110858238699401e+00   24   24   23   23
 8.4208384499999998e+00   24   24   24   24
 1.4827723681364138e+00   25   25    1    1
 1.7420681788495072e+00   25   25    2    2
 1.6708539709951082e+00   25   25    3    3
 1.4132107341034537e+00   25   25    4    4
 1.2686805122597986e+00   25   25    5    5
 1.2959674549836122e+00   25   25    6    6
 7.5349904276021795e-01   25   25    7    7
 7.0046457693668762e-01   25   25    8    8
 6.8682702778269000e-01   25   25    9    9
 6.3935710065931028e-01   25   25   10   10
 6.0707325781157284e-01   25   25   11   11
 5.8152960479514360e-01   25   25   12   12
 6.1530347592484436e-01   25   25   13   13
 6.5739345307409958e-01   25   25   14   14
 7.2348949625453474e-01   25   25   15   15
 6.6340692536988499e-01   25   25   16   16
 6.3463040607438614e-01   25   25   17   17
 6.5326660896342137e-01   25   25   18   18
 5.2641897628157874e-01   25   25   19   19
 7.1008931195403024e-01   25   25   20   20
 7.5082013449805884e-01   25   25   21   21
 1.9751339407169726e+00   25   25   22   22
 2.7110486033368493e+00   25   25   23   23
 3.8525258106768812e+00   25   25   24   24
 8.4208384499999998e+00   25   25   25   25
 1.3021063150548968e+00   26   26    1    1
 1.5362644080305212e+00   26   26    2    2
 1.4957522346378185e+00   26   26    3    3
 1.2682677328055139e+00   26   26    4    4
 1.1310182572050327e+00   26   26    5    5
 1.1455048264317076e+00   26   26    6    6
 6.9863719048174922e-01   26   26    7    7
 6.5078366403885790e-01   26   26    8    8
 6.4013866004988329e-01   26   26    9    9
 5.9762528486533129e-01   26   26   10   10
 5.6749214216575894e-01   26   26   11   11
 5.5365831728101367e-01   26   26   12   12
 5.7384422105246213e-01   26   26   13   13
 6.1128526220024426e-01   26   26   14   14
 6.7513085807755657e-01   26   26   15   15
 6.2471603052886637e-01   26   26   16   16
 6.0086556333369945e-01   26   26   17   17
 6.1788136891439382e-01   26   26   18   18
 4.9462441843336691e-01   26   26   19   19
 6.6636322603014664e-01   26   26   20   20
 6.9900797663252223e-01   26   26   21   21
 1.7865250372143422e+00   26   26   22   22
 2.4367079359820405e+00   26   26   23   23
 2.7452843290126707e+00   26   26   24   24
 3.8403383282246919e+00   26   26   25   25
 8.4208384499999998e+00   26   26   26   26
 6.6168603218690192e-01   27   27    1    1
 6.1397100905559376e-01   27   27    2    2
 6.1907543776835117e-01   27   27    3    3
 6.6770951633096776e-01   27   27    4    4
 7.2809911093644908e-01   27   27    5    5
 7.2300674609151283e-01   27   27    6    6
 1.0716456406851718e+00   27   27    7    7
 1.2724609525118322e+00   27   27    8    8
 1.3887207180567385e+00   27   27    9    9
 1.7048800098110675e+00   27   27   10   10
 1.9887610216959819e+00   27   27   11   11
 7.5935075432561938e-01   27   27   12   12
 1.6932491932519922e+00   27   27   13   13
 1.3825146522963832e+00   27   27   14   14
 9.9623422144156537e-01   27   27   15   15
 1.0189214848881309e+00   27   27   16   16
 9.2858214983923926e-01   27   27   17   17
 8.4158190377156561e-01   27   27   18   18
 2.7667692639106569e+00   27   27   19   19
 8.2755233292663632e-01   27   27   20   20
 8.8936561973954276e-01   27   27   21   21
 5.6687047743762509e-01   27   27   22   22
 5.3158024166176832e-01   27   27   23   23
 5.2968346528851351e-01   27   27   24   24
 4.9801644876068241e-01   27   27   25   25
 4.7104521458609289e-01   27   27   26   26
 8.4208384499999998e+00   27   27   27   27
 1.3420374885589614e+00   28   28    1    1
 1.6203346988924572e+00   28   28    2    2
 1.5626086721473684e+00   28   28    3    3
 1.2953120138680123e+00   28   28    4    4
 1.1451354440506325e+00   28   28    5    5
 1.1637300681503542e+00   28   28    6    6
 6.9500172429791107e-01   28   28    7    7
 6.4824868609520969e-01   28   28    8    8
 6.4232688957268258e-01   28   28    9    9
 5.9970353993648928e-01   28   28   10   10
 5.6633323437672789e-01   28   28   11   11
 5.4483063089732697e-01   28   28   12   12
 5.6940257254730120e-01   28   28   13   13
 6.0561404770935812e-01   28   28   14   14
 6.6993031431022576e-01   28   28   15   15
 6.2274732130106258e-01   28   28   16   16
 5.9782018529428471e-01   28   28   17   17
 6.1101455818082795e-01   28   28   18   18
 4.9318370943437040e-01   28   28   19   19
 6.5514693673347080e-01   28   28   20   20
 6.8805254486408274e-01   28   28   21   21
 1.9751875818340197e+00   28   28   22   22
 2.7109995804941351e+00   28   28   23   23
 2.5072444622534653e+00   28   28   24   24
 2.7657912833336735e+00   28   28   25   25
 3.8402460722201455e+00   28   28   26   26
 4.7165442323947687e-01   28   28   27   27
 8.4208384499999998e+00   28   28   28   28
 1.5988957921676563e+00   29   29    1    1
 2.0125621661076449e+00   29   29    2    2
 1.8660935094455384e+00   29   29    3    3
 1.4823432555455622e+00   29   29    4    4
 1.3017594932304613e+00   29   29    5    5
 1.3420957726111609e+00   29   29    6    6
 7.4225126050191192e-01   29   29    7    7
 6.9219790830380978e-01   29   29    8    8
 6.9016258469199165e-01   29   29    9    9
 6.4263092062897120e-01   29   29   10   10
 6.0268387072333096e-01   29   29   11   11
 5.6086738159978500e-01   29   29   12   12
 6.0304088767167541e-01   29   29   13   13
 6.4190219285660755e-01   29   29   14   14
 7.0902329728653790e-01   29   29   15   15
 6.5714118840869928e-01   29   29   16   16
 6.2620775264547546e-01   29   29   17   17
 6.3615034758571332e-01   29   29   18   18
 5.2178686406183905e-01   29   29   19   19
 6.8240486238571552e-01   29   29   20   20
 7.2273062598817828e-01   29   29   21   21
 2.6593141658132220e+00   29   29   22   22
 3.8108539471647114e+00   29   29   23   23
 2.7763007487861895e+00   29   29   24   24
 2.5072119146416294e+00   29   29   25   25
 2.7452271590322610e+00   29   29   26   26
 4.9836680742155276e-01   29   29   27   27
 3.8525069304150099e+00   29   29   28   28
 8.4208384499999998e+00   29   29   29   29
 2.2813532883486172e+00   30   30    1    1
 2.6492168122321753e+00   30   30    2    2
 2.0133483271719599e+00   30   30    3    3
 1.6218095128596604e+00   30   30    4    4
 1.5377027076040650e+00   30   30    5    5
 1.7437732386643849e+00   30   30    6    6
 8.1131024194646761e-01   30   30    7    7
 7.6816324834362570e-01   30   30    8    8
 7.8368822094401702e-01   30   30    9    9
 7.3306085719850766e-01   30   30   10   10
 6.7799927093268586e-01   30   30   11   11
 5.6478896886696428e-01   30   30   12   12
 6.6711982395985925e-01   30   30   13   13
 7.0473037363419400e-01   30   30   14   14
 7.5437289987872247e-01   30   30   15   15
 6.9718961588159956e-01   30   30   16   16
 6.5230042606815297e-01   30   30   17   17
 6.5079252780910202e-01   30   30   18   18
 5.8959702951202642e-01   30   30   19   19
 6.9546725448182767e-01   30   30   20   20
 7.5052617849224657e-01   30   30   21   21
 3.7297591599336379e+00   30   30   22   22
 2.6497155164006947e+00   30   30   23   23
 2.0136343495464732e+00   30   30   24   24
 1.6222574897796433e+00   30   30   25   25
 1.5387592669763326e+00   30   30   26   26
 5.5781783282106945e-01   30   30   27   27
 1.7447092087482932e+00   30   30   28   28
 2.2833775065871076e+00   30   30   29   29
 8.4208384499999998e+00   30   30   30   30
 1.8652272249696582e+00   31   31    1    1
 2.0119615763077912e+00   31   31    2    2
 1.5987716286566462e+00   31   31    3    3
 1.3420872384692837e+00   31   31    4    4
 1.3017122959815373e+00   31   31    5    5
 1.4820306854697991e+00   31   31    6    6
 7.4260827220531167e-01   31   31    7    7
 7.1009265097371355e-01   31   31    8    8
 7.2486257358637252e-01   31   31    9    9
 6.8514345111637998e-01   31   31   10   10
 6.3848263498974112e-01   31   31   11   11
 5.2776321144690241e-01   31   31   12   12
 6.2769391325411605e-01   31   31   13   13
 6.5800917329008501e-01   31   31   14   14
 6.9193528646457192e-01   31   31   15   15
 6.4185536074505256e-01   31   31   16   16
 6.0247245404027572e-01   31   31   17   17
 6.0144836867672202e-01   31   31   18   18
 5.6727178426656544e-01   31   31   19   19
 6.4106165791678127e-01   31   31   20   20
 6.8899596994842205e-01   31   31   21   21
 2.6591795370214384e+00   31   31   22   22
 2.2843483357069228e+00   31   31   23   23
 1.8692886812009739e+00   31   31   24   24
 1.5680861720724770e+00   31   31   25   25
 1.5031928605779592e+00   31   31   26   26
 5.3360032760532350e-01   31   31   27   27
 1.6792994518187754e+00   31   31   28   28
 2.0769402365100271e+00   31   31   29   29
 3.8105850590227432e+00   31   31   30   30
 8.4208384499999998e+00   31   31   31   31
 1.5627059211860352e+00   32   32    1    1
 1.6202533441743689e+00   32   32    2    2
 1.3421275370358086e+00   32   32    3    3
 1.1640907573639532e+00   32   32    4    4
 1.1456739411839640e+00   32   32    5    5
 1.2958026111188876e+00   32   32    6    6
 6.9586827285415109e-01   32   32    7    7
 6.7147378355972853e-01   32   32    8    8
 6.9064766171263037e-01   32   32    9    9
 6.5834971585749047e-01   32   32   10   10
 6.1377858345457403e-01   32   32   11   11
 4.9867293351316549e-01   32   32   12   12
 5.9972500425850850e-01   32   32   13   13
 6.2406916407649382e-01   32   32   14   14
 6.4850919932191464e-01   32   32   15   15
 6.0604796031053731e-01   32   32   16   16
 5.6931318403072184e-01   32   32   17   17
 5.6561818937050190e-01   32   32   18   18
 5.5362266272332672e-01   32   32   19   19
 5.9872115488976863e-01   32   32   20   20
 6.4175192322192842e-01   32   32   21   21
 1.9751119451676853e+00   32   32   22   22
 1.7448661479985021e+00   32   32   23   23
 1.4842354254429198e+00   32   32   24   24
 1.2994700960714702e+00   32   32   25   25
 1.2746359558313625e+00   32   32   26   26
 5.2134479359746722e-01   32   32   27   27
 1.4206515889710936e+00   32   32   28   28
 1.6784591025772004e+00   32   32   29   29
 2.7108758865736364e+00   32   32   30   30
 3.8524625360198965e+00   32   32   31   31
 8.4208384499999998e+00   32   32   32   32
 1.4973096337003386e+00   33   33    1    1
 1.5367875771880830e+00   33   33    2    2
 1.3025156311705546e+00   33   33    3    3
 1.1465521396551350e+00   33   33    4    4
 1.1326996064518171e+00   33   33    5    5
 1.2702709197682047e+00   33   33    6    6
 7.0045541569710490e-01   33   33    7    7
 6.7766236327219842e-01   33   33    8    8
 7.0273250577784818e-01   33   33    9    9
 6.7066787880981893e-01   33   33   10   10
 6.2157776463032888e-01   33   33   11   11
 4.9848432417812727e-01   33   33   12   12
 6.0361840463961869e-01   33   33   13   13
 6.2691753651204152e-01   33   33   14   14
 6.5185923520407474e-01   33   33   15   15
 6.1246764920431662e-01   33   33   16   16
 5.7438607212496806e-01   33   33   17   17
 5.6736043678827874e-01   33   33   18   18
 5.5966030869388950e-01   33   33   19   19
 5.9728862653674375e-01   33   33   20   20
 6.4031653578533954e-01   33   33   21   21
 1.7864572099140836e+00   33   33   22   22
 1.5382853717670124e+00   33   33   23   23
 1.3031105531132698e+00   33   33   24   24
 1.1478200805627676e+00   33   33   25   25
 1.1351342792930503e+00   33   33   26   26
 5.3044591913564798e-01   33   33   27   27
 1.2736103121230022e+00   33   33   28   28
 1.5014185762899475e+00   33   33   29   29
 2.4366029440897212e+00   33   33   30   30
 2.7452586735256097e+00   33   33   31   31
 3.8405357156196773e+00   33   33   32   32
 8.4208384499999998e+00   33   33   33   33
 1.2402413493949309e+00   34   34    1    1
 1.2517082068798648e+00   34   34    2    2
 1.0935372645458574e+00   34   34    3    3
 9.8628734903308968e-01   34   34    4    4
 9.8263500328108555e-01   34   34    5    5
 1.0889121823374865e+00   34   34    6    6
 6.4830315053585530e-01   34   34    7    7
 6.3238108244742863e-01   34   34    8    8
 6.5880520675797039e-01   34   34    9    9
 6.3438947662587064e-01   34   34   10   10
 5.8968682007296180e-01   34   34   11   11
 4.6848931825625334e-01   34   34   12   12
 5.7021229305991383e-01   34   34   13   13
 5.8801357570151158e-01   34   34   14   14
 6.0478489909117339e-01   34   34   15   15
 5.7231627130497620e-01   34   34   16   16
 5.3796474171743336e-01   34   34   17   17
 5.2970717751902741e-01   34   34   18   18
 5.3990782685647221e-01   34   34   19   19
 5.5427137331808907e-01   34   34   20   20
 5.9193261014266907e-01   34   34   21   21
 1.4057467804617139e+00   34   34   22   22
 1.2531973752453491e+00   34   34   23   23
 1.0941592222620740e+00   34   34   24   24
 9.8767465823461298e-01   34   34   25   25
 9.8532583955503195e-01   34   34   26   26
 5.1270595875693126e-01   34   34   27   27
 1.0926534319388508e+00   34   34   28   28
 1.2443147303550757e+00   34   34   29   29
 1.7793365907509588e+00   34   34   30   30
 1.9858507849018092e+00   34   34   31   31
 2.6736130505639064e+00   34   34   32   32
 3.6988541257598149e+00   34   34   33   33
 8.4208384499999998e+00   34   34   34   34
 1.6739685574855987e+00   35   35    1    1
 1.7432264432278535e+00   35   35    2    2
 1.4835721682424798e+00   35   35    3    3
 1.2978935048962921e+00   35   35    4    4
 1.2717281135748595e+00   35   35    5    5
 1.4169009522239866e+00   35   35    6    6
 7.5611271701008131e-01   35   35    7    7
 7.2684382639694589e-01   35   35    8    8
 7.5555310287450983e-01   35   35    9    9
 7.1529089480243213e-01   35   35   10   10
 6.5764452423665032e-01   35   35   11   11
 5.2849199362329147e-01   35   35   12   12
 6.3799199637579362e-01   35   35   13   13
 6.6626429751397920e-01   35   35   14   14
 7.0213021865943692e-01   35   35   15   15
 6.5909697414811452e-01   35   35   16   16
 6.1620022158323706e-01   35   35   17   17
 6.0719784151238365e-01   35   35   18   18
 5.8115441363109432e-01   35   35   19   19
 6.3931249253017963e-01   35   35   20   20
 6.8744996157973881e-01   35   35   21   21
 1.9749928723988968e+00   35   35   22   22
 1.6213186806303470e+00   35   35   23   23
 1.3425451994655686e+00   35   35   24   24
 1.1648541559498737e+00   35   35   25   25
 1.1472291591434511e+00   35   35   26   26
 5.5429395469220077e-01   35   35   27   27
 1.2979114239939822e+00   35   35   28   28
 1.5657073767142748e+00   35   35   29   29
 2.7108552851925514e+00   35   35   30   30
 2.5071637656339725e+00   35   35   31   31
 2.7659072730809839e+00   35   35   32   32
 3.8404152040592834e+00   35   35   33   33
 2.6736616669902928e+00   35   35   34   34
 8.4208384499999998e+00   35   35   35   35
 2.0730800434928240e+00   36   36    1    1
 2.2829812253321005e+00   36   36    2    2
 1.8687355791143476e+00   36   36    3    3
 1.5667058062143002e+00   36   36    4    4
 1.5007245486815604e+00   36   36    5    5
 1.6764863301724493e+00   36   36    6    6
 8.1707041787224888e-01   36   36    7    7
 7.7631466633215018e-01   36   36    8    8
 8.0067735875753798e-01   36   36    9    9
 7.4963017751477645e-01   36   36   10   10
 6.8794610077754048e-01   36   36   11   11
 5.6337044577734829e-01   36   36   12   12
 6.7167432433484187e-01   36   36   13   13
 7.0777551731141475e-01   36   36   14   14
 7.5810510708661449e-01   36   36   15   15
 7.0574490506993404e-01   36   36   16   16
 6.5872702217598711e-01   36   36   17   17
 6.5206036466072259e-01   36   36   18   18
 5.9666922625330743e-01   36   36   19   19
 6.9156568926046424e-01   36   36   20   20
 7.4642583348401759e-01   36   36   21   21
 2.6589794577653745e+00   36   36   22   22
 2.0125079262961441e+00   36   36   23   23
 1.5990532982360324e+00   36   36   24   24
 1.3424142229619840e+00   36   36   25   25
 1.3025171973833627e+00   36   36   26   26
 5.6875766397402394e-01   36   36   27   27
 1.4828806889942734e+00   36   36   28   28
 1.8669868466510706e+00   36   36   29   29
 3.8108493446705061e+00   36   36   30   30
 2.7762093398277461e+00   36   36   31   31
 2.5072764270884846e+00   36   36   32   32
 2.7452834221936264e+00   36   36   33   33
 1.9858864303662298e+00   36   36   34   34
 3.8523936074524823e+00   36   36   35   35
 8.4208384499999998e+00   36   36   36   36
 1.7796173796836439e+00   37   37    1    1
 1.5435965874336350e+00   37   37    2    2
 1.6317549231442674e+00   37   37    3    3
 2.0217431311944534e+00   37   37    4    4
 2.6821966547079414e+00   37   37    5    5
 2.3571811776546334e+00   37   37    6    6
 1.9754881914904738e+00   37   37    7    7
 1.7454875863497756e+00   37   37    8    8
 1.6794473249411279e+00   37   37    9    9
 1.4199265246349180e+00   37   37   10   10
 1.2728850098186393e+00   37   37   11   11
 9.0457364348786873e-01   37   37   12   12
 1.2977473651538856e+00   37   37   13   13
 1.4833214938797787e+00   37   37   14   14
 1.6202569308909238e+00   37   37   15   15
 1.3414678350167268e+00   37   37   16   16
 1.1630275023299301e+00   37   37   17   17
 1.1447271229007170e+00   37   37   18   18
 9.2743808916878667e-01   37   37   19   19
 1.2949920751408484e+00   37   37   20   20
 1.5632055937995082e+00   37   37   21   21
 1.2591959522216405e+00   37   37   22   22
 1.1349969643931042e+00   37   37   23   23
 1.1470694647725710e+00   37   37   24   24
 1.0166938535359262e+00   37   37   25   25
 9.1224054963582601e-01   37   37   26   26
 8.6585955795547187e-01   37   37   27   27
 9.0492103457071538e-01   37   37   28   28
 9.9222765945313152e-01   37   37   29   29
 1.1406247598367321e+00   37   37   30   30
 1.0217333716228523e+00   37   37   31   31
 9.2971409508257907e-01   37   37   32   32
 9.2075957024490684e-01   37   37   33   33
 8.2627186933846342e-01   37   37   34   34
 1.0024309044087121e+00   37   37   35   35
 1.1211684546194194e+00   37   37   36   36
 8.4208384499999998e+00   37   37   37   37
 1.4265319602211455e+00   38   38    1    1
 1.2733191508045987e+00   38   38    2    2
 1.3505598495734308e+00   38   38    3    3
 1.6318516109604218e+00   38   38    4    4
 1.9918405688795540e+00   38   38    5    5
 1.7796895809681743e+00   38   38    6    6
 2.6590406127059945e+00   38   38    7    7
 2.2850950966934365e+00   38   38    8    8
 2.0787147814469611e+00   38   38    9    9
 1.6786258119696651e+00   38   38   10   10
 1.5010728933320066e+00   38   38   11   11
 1.0016453327733714e+00   38   38   12   12
 1.5656053406343140e+00   38   38   13   13
 1.8674116904453517e+00   38   38   14   14
 2.0114539784081256e+00   38   38   15   15
 1.5982363660244161e+00   38   38   16   16
 1.3412428165687071e+00   38   38   17   17
 1.3009779867241589e+00   38   38   18   18
 1.0181507306654705e+00   38   38   19   19
 1.4809292094112776e+00   38   38   20   20
 1.8649134837653647e+00   38   38   21   21
 1.0720885157349531e+00   38   38   22   22
 9.8226167644694296e-01   38   38   23   23
 9.9422163743369629e-01   38   38   24   24
 8.9875934751475839e-01   38   38   25   25
 8.1598957161106189e-01   38   38   26   26
 9.5738019484139192e-01   38   38   27   27
 8.0828981904175778e-01   38   38   28   28
 8.7523208417424214e-01   38   38   29   29
 9.8603004905149860e-01   38   38   30   30
 8.9489854164328031e-01   38   38   31   31
 8.2566376693715093e-01   38   38   32   32
 8.2238644014101958e-01   38   38   33   33
 7.4866113616539620e-01   38   38   34   34
 8.8971481916733175e-01   38   38   35   35
 9.7823814888793514e-01   38   38   36   36
 3.8551319624399185e+00   38   38   37   37
 8.4208384499999998e+00   38   38   38   38
 1.2734860490099476e+00   39   39    1    1
 1.1732879470023934e+00   39   39    2    2
 1.2731038209909429e+00   39   39    3    3
 1.5432504962549196e+00   39   39    4    4
 1.7839018555427542e+00   39   39    5    5
 1.5439560956690976e+00   39   39    6    6
 3.7307727651615230e+00   39   39    7    7
 2.6504781501044476e+00   39   39    8    8
 2.2841286162099350e+00   39   39    9    9
 1.7442257756301434e+00   39   39   10   10
 1.5378532698356915e+00   39   39   11   11
 1.1203195462143212e+00   39   39   12   12
 1.6212708399854041e+00   39   39   13   13
 2.0128900597659918e+00   39   39   14   14
 2.6491626021721055e+00   39   39   15   15
 2.0117742662638873e+00   39   39   16   16
 1.6198850299962173e+00   39   39   17   17
 1.5363124303051368e+00   39   39   18   18
 9.9570898494417548e-01   39   39   19   19
 1.7426528770993750e+00   39   39   20   20
 2.2825956904761311e+00   39   39   21   21
 9.9832462736529648e-01   39   39   22   22
 9.2113128542914424e-01   39   39   23   23
 9.2395083003426548e-01   39   39   24   24
 8.4339768032583395e-01   39   39   25   25
 7.7580201360515955e-01   39   39   26   26
 9.7215516180790751e-01   39   39   27   27
 7.7308086245223140e-01   39   39   28   28
 8.3353438148261683e-01   39   39   29   29
 9.2202415291744189e-01   39   39   30   30
 8.3381915500856985e-01   39   39   31   31
 7.7388951139169027e-01   39   39   32   32
 7.7763211201556615e-01   39   39   33   33
 7.1189213816030450e-01   39   39   34   34
 8.4616589753062188e-01   39   39   35   35
 9.2643614129759277e-01   39   39   36   36
 2.7108796836737437e+00   39   39   37   37
 3.8100432696283235e+00   39   39   38   38
 8.4208384499999998e+00   39   39   39   39
 1.3508538692808116e+00   40   40    1    1
 1.2733926600591503e+00   40   40    2    2
 1.4261679136984151e+00   40   40    3    3
 1.7788196771672551e+00   40   40    4    4
 1.9916729636938575e+00   40   40    5    5
 1.6322880411849650e+00   40   40    6    6
 2.6586951418449116e+00   40   40    7    7
 2.0120330014179517e+00   40   40    8    8
 1.8661808984122576e+00   40   40    9    9
 1.4820215320555021e+00   40   40   10   10
 1.3018109649130825e+00   40   40   11   11
 1.0887235771929140e+00   40   40   12   12
 1.3418299844064736e+00   40   40   13   13
 1.5985486643269531e+00   40   40   14   14
 2.2824862785712763e+00   40   40   15   15
 1.8647602244764152e+00   40   40   16   16
 1.5622503083144503e+00   40   40   17   17
 1.4972471992078418e+00   40   40   18   18
 8.8851115114556389e-01   40   40   19   19
 1.6748052433612965e+00   40   40   20   20
 2.0754644867658802e+00   40   40   21   21
 1.0722707787438404e+00   40   40   22   22
 9.8531833849143058e-01   40   40   23   23
 9.7582748952264253e-01   40   40   24   24
 8.8702728451720214e-01   40   40   25   25
 8.2068447597442118e-01   40   40   26   26
 8.8017505925347661e-01   40   40   27   27
 8.2507730623046782e-01   40   40   28   28
 8.9489413478453705e-01   40   40   29   29
 9.8334805730292996e-01   40   40   30   30
 8.7568571768315973e-01   40   40   31   31
 8.0921581630442707e-01   40   40   32   32
 8.1788928905642100e-01   40   40   33   33
 7.4420442712058787e-01   40   40   34   34
 9.0166542865171506e-01   40   40   35   35
 9.9695117029025038e-01   40   40   36   36
 2.5073731937302375e+00   40   40   37   37
 2.7766137615408559e+00   40   40   38   38
 3.8101313267928165e+00   40   40   39   39
 8.4208384499999998e+00   40   40   40   40
 1.6319695724306376e+00   41   41    1    1
 1.5437597476501048e+00   41   41    2    2
 1.7793803450946690e+00   41   41    3    3
 2.3562440133083045e+00   41   41    4    4
 2.6818449548298084e+00   41   41    5    5
 2.0219522936234715e+00   41   41    6    6
 1.9753465640506180e+00   41   41    7    7
 1.6213253242486951e+00   41   41    8    8
 1.5654398384877684e+00   41   41    9    9
 1.2971490206031937e+00   41   41   10   10
 1.1463853614934325e+00   41   41   11   11
 9.6683380959522791e-01   41   41   12   12
 1.1641672682124677e+00   41   41   13   13
 1.3421570060992902e+00   41   41   14   14
 1.7433905489532917e+00   41   41   15   15
 1.4813299731430485e+00   41   41   16   16
 1.2948003833684225e+00   41   41   17   17
 1.2690688498104730e+00   41   41   18   18
 8.2642823787650321e-01   41   41   19   19
 1.4157516614594106e+00   41   41   20   20
 1.6759031383192082e+00   41   41   21   21
 1.2595164373766667e+00   41   41   22   22
 1.1399739204131383e+00   41   41   23   23
 1.1185559568775716e+00   41   41   24   24
 9.9965099706454708e-01   41   41   25   25
 9.1911627024464893e-01   41   41   26   26
 8.0755340202669557e-01   41   41   27   27
 9.2928924822500558e-01   41   41   28   28
 1.0219536537335216e+00   41   41   29   29
 1.1362672197653612e+00   41   41   30   30
 9.9271290939642798e-01   41   41   31   31
 9.0586250841587013e-01   41   41   32   32
 9.1418308009345406e-01   41   41   33   33
 8.2004290220537379e-01   41   41   34   34
 1.0197989307836712e+00   41   41   35   35
 1.1501955464812392e+00   41   41   36   36
 2.7644502830022635e+00   41   41   37   37
 2.5074410482527489e+00   41   41   38   38
 2.7109100232554972e+00   41   41   39   39
 3.8550033152637049e+00   41   41   40   40
 8.4208384499999998e+00   41   41   41   41
 1.9919638819672898e+00   42   42    1    1
 1.7841271655259396e+00   42   42    2    2
 1.9918099057970795e+00   42   42    3    3
 2.6820803687335881e+00   42   42    4    4
 3.7207854894087653e+00   42   42    5    5
 2.6824695223053583e+00   42   42    6    6
 1.7861951298749681e+00   42   42    7    7
 1.5380424321742951e+00   42   42    8    8
 1.5011866334506714e+00   42   42    9    9
 1.2725093654061068e+00   42   42   10   10
 1.1336257634246631e+00   42   42   11   11
 8.8969446127365204e-01   42   42   12   12
 1.1464468125241529e+00   42   42   13   13
 1.3021963488115429e+00   42   42   14   14
 1.5364718211567110e+00   42   42   15   15
 1.3009513408496167e+00   42   42   16   16
 1.1444779396125835e+00   42   42   17   17
 1.1308618996120863e+00   42   42   18   18
 8.4015078136679466e-01   42   42   19   19
 1.2691761681379801e+00   42   42   20   20
 1.4981167686120078e+00   42   42   21   21
 1.4087053427708562e+00   42   42   22   22
 1.2541237802095599e+00   42   42   23   23
 1.2427215705271046e+00   42   42   24   24
 1.0894959027096969e+00   42   42   25   25
 9.8269460984114998e-01   42   42   26   26
 8.0067196067644097e-01   42   42   27   27
 9.8663043173477938e-01   42   42   28   28
 1.0948257153157404e+00   42   42   29   29
 1.2551611790202648e+00   42   42   30   30
 1.0949188045889253e+00   42   42   31   31
 9.8729276561025736e-01   42   42   32   32
 9.8450801379799135e-01   42   42   33   33
 8.7393645964295230e-01   42   42   34   34
 1.0925771556937447e+00   42   42   35   35
 1.2458679120323912e+00   42   42   36   36
 3.8377323199387265e+00   42   42   37   37
 2.7452097881047255e+00   42   42   38   38
 2.4356868203351061e+00   42   42   39   39
 2.7450864057949422e+00   42   42   40   40
 3.8375958993399166e+00   42   42   41   41
 8.4208384499999998e+00   42   42   42   42
 1.0172524427082987e+00   43   43    1    1
 1.1590350817193638e+00   43   43    2    2
 1.1849736819385648e+00   43   43    3    3
 1.0605489451877508e+00   43   43    4    4
 9.5011504104188849e-01   43   43    5    5
 9.3575105608050257e-01   43   43    6    6
 6.4610888425799751e-01   43   43    7    7
 6.0013065192391069e-01   43   43    8    8
 5.8464962469081316e-01   43   43    9    9
 5.4642814937016404e-01   43   43   10   10
 5.2319477472119835e-01   43   43   11   11
 5.4694853820723188e-01   43   43   12   12
 5.3318867227693967e-01   43   43   13   13
 5.6861559930904804e-01   43   43   14   14
 6.3524008481545580e-01   43   43   15   15
 5.9181961099670943e-01   43   43   16   16
 5.7691624986214884e-01   43   43   17   17
 5.9951454311133556e-01   43   43   18   18
 4.5643588984326078e-01   43   43   19   19
 6.4505582910866488e-01   43   43   20   20
 6.6564371065298689e-01   43   43   21   21
 1.2582410553131664e+00   43   43   22   22
 1.5423577991483475e+00   43   43   23   23
 1.7086331218430750e+00   43   43   24   24
 2.1881877776899668e+00   43   43   25   25
 2.6755228727098790e+00   43   43   26   26
 4.3781048178673043e-01   43   43   27   27
 2.1438013989499787e+00   43   43   28   28
 1.6890452014457433e+00   43   43   29   29
 1.1162914291257424e+00   43   43   30   30
 1.0879764324443091e+00   43   43   31   31
 9.6558074769397118e-01   43   43   32   32
 8.8677801639580511e-01   43   43   33   33
 7.9440581118213793e-01   43   43   34   34
 8.9955262690062954e-01   43   43   35   35
 9.9560949471543392e-01   43   43   36   36
 8.0120839661435783e-01   43   43   37   37
 7.3273296729475157e-01   43   43   38   38
 7.0677705488297138e-01   43   43   39   39
 7.4569392892450503e-01   43   43   40   40
 8.1871318412814553e-01   43   43   41   41
 8.5572934838187209e-01   43   43   42   42
 8.4208384499999998e+00   43   43   43   43
 1.0932201570009084e+00   44   44    1    1
 1.2513219019181656e+00   44   44    2    2
 1.2390029952639117e+00   44   44    3    3
 1.0871675345425655e+00   44   44    4    4
 9.8113377119526490e-01   44   44    5    5
 9.8538756388024773e-01   44   44    6    6
 6.4633979244989670e-01   44   44    7    7
 6.0349368525583624e-01   44   44    8    8
 5.9146959790887599e-01   44   44    9    9
 5.5427985121871737e-01   44   44   10   10
 5.2953073507146153e-01   44   44   11   11
 5.3167857109899808e-01   44   44   12   12
 5.3715512349777417e-01   44   44   13   13
 5.7090833826264353e-01   44   44   14   14
 6.2971982468000964e-01   44   44   15   15
 5.8564500062399805e-01   44   44   16   16
 5.6729706865622442e-01   44   44   17   17
 5.8583381393573974e-01   44   44   18   18
 4.6489916847381030e-01   44   44   19   19
 6.2996280086972023e-01   44   44   20   20
 6.5499941464339773e-01   44   44   21   21
 1.4058304210157431e+00   44   44   22   22
 1.7794559106182650e+00   44   44   23   23
 1.9859472151298794e+00   44   44   24   24
 2.6736942215052175e+00   44   44   25   25
 3.6991252645849109e+00   44   44   26   26
 4.4371074338111832e-01   44   44   27   27
 2.6736323997795965e+00   44   44   28   28
 1.9859101928131364e+00   44   44   29   29
 1.2536138145257223e+00   44   44   30   30
 1.2457827708055016e+00   44   44   31   31
 1.0936443260253157e+00   44   44   32   32
 9.8542150827525654e-01   44   44   33   33
 8.7557616568158403e-01   44   44   34   34
 9.8724384689014111e-01   44   44   35   35
 1.0937512015693105e+00   44   44   36   36
 8.1817044770496095e-01   44   44   37   37
 7.4228115518354465e-01   44   44   38   38
 7.0997666847663776e-01   44   44   39   39
 7.4687611587710356e-01   44   44   40   40
 8.2460295744438206e-01   44   44   41   41
 8.7220209689194483e-01   44   44   42   42
 3.8216870641538714e+00   44   44   43   43
 8.4208384499999998e+00   44   44   44   44
 9.9713453290642995e-01   45   45    1    1
 1.1165600858844567e+00   45   45    2    2
 1.0845404995412060e+00   45   45    3    3
 9.6192323247072853e-01   45   45    4    4
 8.8465469752611015e-01   45   45    5    5
 8.9962111730617711e-01   45   45    6    6
 5.9966563596072331e-01   45   45    7    7
 5.6427624371192409e-01   45   45    8    8
 5.5481500616380042e-01   45   45    9    9
 5.2324948529543369e-01   45   45   10   10
 5.0146097901698772e-01   45   45   11   11
 4.9659830170281793e-01   45   45   12   12
 5.0759562024616278e-01   45   45   13   13
 5.3637781423124453e-01   45   45   14   14
 5.8340371677603753e-01   45   45   15   15
 5.4453591213000641e-01   45   45   16   16
 5.2767790781274726e-01   45   45   17   17
 5.4342966311875729e-01   45   45   18   18
 4.4614041234919771e-01   45   45   19   19
 5.8196451433505414e-01   45   45   20   20
 6.0448386650872599e-01   45   45   21   21
 1.2606953141358035e+00   45   45   22   22
 1.5446639638580073e+00   45   45   23   23
 1.6913373686499740e+00   45   45   24   24
 2.1460939592341890e+00   45   45   25   25
 2.6773027841584671e+00   45   45   26   26
 4.2475466982471294e-01   45   45   27   27
 2.1889629846345193e+00   45   45   28   28
 1.7102531020734517e+00   45   45   29   29
 1.1635286451406439e+00   45   45   30   30
 1.1942326940107635e+00   45   45   31   31
 1.0695608724362933e+00   45   45   32   32
 9.5638751780047704e-01   45   45   33   33
 8.6107939438654379e-01   45   45   34   34
 9.3939686723510962e-01   45   45   35   35
 1.0197602897966445e+00   45   45   36   36
 7.5160530832159678e-01   45   45   37   37
 6.8570476460101570e-01   45   45   38   38
 6.5458456857926406e-01   45   45   39   39
 6.8333480976697514e-01   45   45   40   40
 7.4856472335353808e-01   45   45   41   41
 7.9270003678413670e-01   45   45   42   42
 2.7297647547420678e+00   45   45   43   43
 3.8244938034122953e+00   45   45   44   44
 8.4208384499999998e+00   45   45   45   45
 8.7810464849094028e-01   46   46    1    1
 9.6999444320242723e-01   46   46    2    2
 9.5320579782133952e-01   46   46    3    3
 8.6076287388772887e-01   46   46    4    4
 7.9622360233808775e-01   46   46    5    5
 8.0430923540388188e-01   46   46    6    6
 5.6245570215675933e-01   46   46    7    7
 5.3016978504032719e-01   46   46    8    8
 5.2006674212199544e-01   46   46    9    9
 4.9173267101316370e-01   46   46   10   10
 4.7322141012269964e-01   46   46   11   11
 4.7848136552033638e-01   46   46   12   12
 4.8003147523175399e-01   46   46   13   13
 5.0639017519498875e-01   46   46   14   14
 5.5033611745849842e-01   46   46   15   15
 5.1575792405777021e-01   46   46   16   16
 5.0232592823625910e-01   46   46   17   17
 5.1862810996694797e-01   46   46   18   18
 4.2307649936665875e-01   46   46   19   19
 5.5384528245437958e-01   46   46   20   20
 5.7166738164884190e-01   46   46   21   21
 1.0721793642250905e+00   46   46   22   22
 1.2728879672738151e+00   46   46   23   23
 1.3813208635609147e+00   46   46   24   24
 1.6901317561986107e+00   46   46   25   25
 1.9888394743379172e+00   46   46   26   26
 4.0372542484707341e-01   46   46   27   27
 1.7082535926484093e+00   46   46   28   28
 1.3905347463952102e+00   46   46   29   29
 9.9945252170683385e-01   46   46   30   30
 1.0233679446814994e+00   46   46   31   31
 9.3383379309698289e-01   46   46   32   32
 8.4640058163990639e-01   46   46   33   33
 7.7343828084843469e-01   46   46   34   34
 8.3170905785203375e-01   46   46   35   35
 8.9290865028605848e-01   46   46   36   36
 6.8964032658258956e-01   46   46   37   37
 6.3522391560712776e-01   46   46   38   38
 6.0933477298581462e-01   46   46   39   39
 6.3404222270049693e-01   46   46   40   40
 6.8822593142211119e-01   46   46   41   41
 7.2335499864972075e-01   46   46   42   42
 2.4887247070730840e+00   46   46   43   43
 2.7493847971122367e+00   46   46   44   44
 3.8392334183709860e+00   46   46   45   45
 8.4208384499999998e+00   46   46   46   46
 8.3694940310605581e-01   47   47    1    1
 9.2483072715173553e-01   47   47    2    2
 9.2684684410539131e-01   47   47    3    3
 8.4600279048161708e-01   47   47    4    4
 7.7835617873641072e-01   47   47    5    5
 7.7598709878962480e-01   47   47    6    6
 5.6148209234179125e-01   47   47    7    7
 5.2720928310233817e-01   47   47    8    8
 5.1481474828323870e-01   47   47    9    9
 4.8571968369717028e-01   47   47   10   10
 4.6820432132288697e-01   47   47   11   11
 4.8872858990769596e-01   47   47   12   12
 4.7666763569824960e-01   47   47   13   13
 5.0416746755020525e-01   47   47   14   14
 5.5313163459168169e-01   47   47   15   15
 5.1916937778501826e-01   47   47   16   16
 5.0816616860190233e-01   47   47   17   17
 5.2714764386988122e-01   47   47   18   18
 4.1634581884487626e-01   47   47   19   19
 5.6299278775542594e-01   47   47   20   20
 5.7768627384627147e-01   47   47   21   21
 1.0030561566171108e+00   47   47   22   22
 1.1797987803338090e+00   47   47   23   23
 1.2808375165072881e+00   47   47   24   24
 1.5551006633431164e+00   47   47   25   25
 1.7986631915702711e+00   47   47   26   26
 3.9893338735266781e-01   47   47   27   27
 1.5544452572219627e+00   47   47   28   28
 1.2804815893919643e+00   47   47   29   29
 9.2638896560515083e-01   47   47   30   30
 9.3159957346479172e-01   47   47   31   31
 8.5111758230670564e-01   47   47   32   32
 7.8186410745509294e-01   47   47   33   33
 7.1610493143587606e-01   47   47   34   34
 7.7745138877735975e-01   47   47   35   35
 8.3730852263073841e-01   47   47   36   36
 6.7847675474541536e-01   47   47   37   37
 6.2833471677274433e-01   47   47   38   38
 6.0639156259663007e-01   47   47   39   39
 6.3227627041649082e-01   47   47   40   40
 6.8364675854022394e-01   47   47   41   41
 7.1281989194261497e-01   47   47   42   42
 2.7298490188650426e+00   47   47   43   43
 2.4728755598475693e+00   47   47   44   44
 2.7296307010595768e+00   47   47   45   45
 3.8436976077477878e+00   47   47   46   46
 8.4208384499999998e+00   47   47   47   47
 6.5869809753344277e-01   48   48    1    1
 6.0869681098619000e-01   48   48    2    2
 6.0933385060240353e-01   48   48    3    3
 6.5385855108976443e-01   48   48    4    4
 7.1488809873266757e-01   48   48    5    5
 7.1701609584517390e-01   48   48    6    6
 1.0031035260624013e+00   48   48    7    7
 1.1798454976717370e+00   48   48    8    8
 1.2801716742628422e+00   48   48    9    9
 1.5538484778348440e+00   48   48   10   10
 1.7986852347346316e+00   48   48   11   11
 7.0904309067085536e-01   48   48   12   12
 1.5558684974163122e+00   48   48   13   13
 1.2812643806672737e+00   48   48   14   14
 9.2596831580598982e-01   48   48   15   15
 9.3028254016568623e-01   48   48   16   16
 8.4997429551452552e-01   48   48   17   17
 7.8139350051720236e-01   48   48   18   18
 3.8417216099624327e+00   48   48   19   19
 7.7743564265847631e-01   48   48   20   20
 8.3740764567600301e-01   48   48   21   21
 5.6378451096987658e-01   48   48   22   22
 5.2881406970505374e-01   48   48   23   23
 5.2813910613419690e-01   48   48   24   24
 4.9658107162760318e-01   48   48   25   25
 4.6885268750985354e-01   48   48   26   26
 3.8426559916396759e+00   48   48   27   27
 4.6860662154512350e-01   48   48   28   28
 4.9492503243295405e-01   48   48   29   29
 5.5615340019803916e-01   48   48   30   30
 5.3488556485587924e-01   48   48   31   31
 5.2353919460098497e-01   48   48   32   32
 5.3115725290936056e-01   48   48   33   33
 5.1434861603404647e-01   48   48   34   34
 5.5207883305208538e-01   48   48   35   35
 5.6511019909673521e-01   48   48   36   36
 8.4900735892175461e-01   48   48   37   37
 9.2966234382125845e-01   48   48   38   38
 9.2554702144413936e-01   48   48   39   39
 8.3664669165236061e-01   48   48   40   40
 7.7642725911124977e-01   48   48   41   41
 7.8012839952680024e-01   48   48   42   42
 4.3465709586848239e-01   48   48   43   43
 4.4177112900895998e-01   48   48   44   44
 4.2415414057271922e-01   48   48   45   45
 4.0311556548714245e-01   48   48   46   46
 3.9738134328262525e-01   48   48   47   47
 8.4208384499999998e+00   48   48   48   48
 8.9136115120229309e-01   49   49    1    1
 9.9645791058773137e-01   49   49    2    2
 1.0165413342242562e+00   49   49    3    3
 9.2671100166316434e-01   49   49    4    4
 8.4138712967107787e-01   49   49    5    5
 8.2902920600776975e-01   49   49    6    6
 5.9923056980099176e-01   49   49    7    7
 5.5882205392476536e-01   49   49    8    8
 5.4379179837210367e-01   49   49    9    9
 5.1036342136696977e-01   49   49   10   10
 4.9092620089913930e-01   49   49   11   11
 5.2189068477859824e-01   49   49   12   12
 5.0098413166446698e-01   49   49   13   13
 5.3257838973503124e-01   49   49   14   14
 5.9205713645657665e-01   49   49   15   15
 5.5436109331241612e-01   49   49   16   16
 5.4315619394922277e-01   49   49   17   17
 5.6543277078771004e-01   49   49   18   18
 4.3163571036378118e-01   49   49   19   19
 6.0592980889717074e-01   49   49   20   20
 6.2116266613096660e-01   49   49   21   21
 1.0709257127904728e+00   49   49   22   22
 1.2719266099805513e+00   49   49   23   23
 1.3903089761609269e+00   49   49   24   24
 1.7088941568000047e+00   49   49   25   25
 1.9887092023311133e+00   49   49   26   26
 4.1464125394132145e-01   49   49   27   27
 1.6889335408086783e+00   49   49   28   28
 1.3801449054927948e+00   49   49   29   29
 9.7037181583040755e-01   49   49   30   30
 9.5674295579915669e-01   49   49   31   31
 8.6458551717546617e-01   49   49   32   32
 7.9860234537528796e-01   49   49   33   33
 7.2547694175025446e-01   49   49   34   34
 8.0468395221873512e-01   49   49   35   35
 8.7728251226969467e-01   49   49   36   36
 7.2624652745044072e-01   49   49   37   37
 6.7102841542075831e-01   49   49   38   38
 6.4960311543793736e-01   49   49   39   39
 6.8148861935466098e-01   49   49   40   40
 7.3991900537422162e-01   49   49   41   41
 7.6882873680129760e-01   49   49   42   42
 3.8421435288183408e+00   49   49   43   43
 2.7491743292188522e+00   49   49   44   44
 2.4883855078496877e+00   49   49   45   45
 2.7667575776741420e+00   49   49   46   46
 3.8407468176781823e+00   49   49   47   47
 4.1190566430895020e-01   49   49   48   48
 8.4208384499999998e+00   49   49   49   49
 7.7332139294283064e-01   50   50    1    1
 7.0550027498426171e-01   50   50    2    2
 7.0663468473378199e-01   50   50    3    3
 7.6715673304867515e-01   50   50    4    4
 8.5367453434555374e-01   50   50    5    5
 8.5645501509832156e-01   50   50    6    6
 1.2594469462662337e+00   50   50    7    7
 1.5435456187714998e+00   50   50    8    8
 1.6918996632818695e+00   50   50    9    9
 2.1494622330583502e+00   50   50   10   10
 2.6764726394978342e+00   50   50   11   11
 7.8468206640502769e-01   50   50   12   12
 2.1840876167213934e+00   50   50   13   13
 1.7078042763907462e+00   50   50   14   14
 1.1199266912667165e+00   50   50   15   15
 1.0903529517796502e+00   50   50   16   16
 9.6912791057909864e-01   50   50   17   17
 8.9161100687163841e-01   50   50   18   18
 3.8411816060114674e+00   50   50   19   19
 9.0512478126391605e-01   50   50   20   20
 1.0011139831812801e+00   50   50   21   21
 6.4514479991850793e-01   50   50   22   22
 6.0187829368542511e-01   50   50   23   23
 6.0358310863567299e-01   50   50   24   24
 5.6363711345431666e-01   50   50   25   25
 5.2750895780659535e-01   50   50   26   26
 2.4886942977658428e+00   50   50   27   27
 5.2554853473711238e-01   50   50   28   28
 5.5754597769119774e-01   50   50   29   29
 6.3140217221690353e-01   50   50   30   30
 6.0374620788675859e-01   50   50   31   31
 5.8580859688789544e-01   50   50   32   32
 5.9164703758804271e-01   50   50   33   33
 5.6692490219527281e-01   50   50   34   34
 6.1760359719331837e-01   50   50   35   35
 6.3837512201052349e-01   50   50   36   36
 1.0605773111808119e+00   50   50   37   37
 1.1865031110769231e+00   50   50   38   38
 1.1576506716034873e+00   50   50   39   39
 1.0131343941121780e+00   50   50   40   40
 9.3188793210820065e-01   50   50   41   41
 9.4775929929911451e-01   50   50   42   42
 4.8546290260860731e-01   50   50   43   43
 4.9410262435057783e-01   50   50   44   44
 4.7220309948864680e-01   50   50   45   45
 4.4664254990784452e-01   50   50   46   46
 4.3985878703575854e-01   50   50   47   47
 2.7298034406833063e+00   50   50   48   48
 4.5756302389190040e-01   50   50   49   49
 8.4208384499999998e+00   50   50   50   50
 7.1285136378194836e-01   51   51    1    1
 6.6002945234958665e-01   51   51    2    2
 6.6939589995654269e-01   51   51    3    3
 7.2857786393652557e-01   51   51    4    4
 7.9868784720633168e-01   51   51    5    5
 7.8669978235239679e-01   51   51    6    6
 1.2596635352179382e+00   51   51    7    7
 1.5436680946603887e+00   51   51    8    8
 1.7068978119314924e+00   51   51    9    9
 2.1818540418659147e+00   51   51   10   10
 2.6765615807385590e+00   51   51   11   11
 8.3762960336323977e-01   51   51   12   12
 2.1517131646438274e+00   51   51   13   13
 1.6929837186297698e+00   51   51   14   14
 1.1582241418785906e+00   51   51   15   15
 1.1873458780152448e+00   51   51   16   16
 1.0617103364451079e+00   51   51   17   17
 9.4918274108140666e-01   51   51   18   18
 2.4884719277632157e+00   51   51   19   19
 9.3297323571123270e-01   51   51   20   20
 1.0140003709398302e+00   51   51   21   21
 6.0470436347992917e-01   51   51   22   22
 5.6566981993730203e-01   51   51   23   23
 5.6368369758684400e-01   51   51   24   24
 5.2844445806329121e-01   51   51   25   25
 4.9859007967416402e-01   51   51   26   26
 3.8401469774419250e+00   51   51   27   27
 4.9918826421344226e-01   51   51   28   28
 5.2864935397948343e-01   51   51   29   29
 5.9201327866433318e-01   51   51   30   30
 5.6279952784878773e-01   51   51   31   31
 5.4720319922871563e-01   51   51   32   32
 5.5676602490045346e-01   51   51   33   33
 5.3507124520691651e-01   51   51   34   34
 5.8500613016202418e-01   51   51   35   35
 6.0382732982502774e-01   51   51   36   36
 9.6844780079650006e-01   51   51   37   37
 1.0899951524198410e+00   51   51   38   38
 1.1197598627468424e+00   51   51   39   39
 1.0005073085593605e+00   51   51   40   40
 9.0432343214301303e-01   51   51   41   41
 8.9055038847934864e-01   51   51   42   42
 4.6276600682580848e-01   51   51   43   43
 4.6836406737176361e-01   51   51   44   44
 4.4654937403440792e-01   51   51   45   45
 4.2359260148011896e-01   51   51   46   46
 4.1905777991158211e-01   51   51   47   47
 2.7296247852410662e+00   51   51   48   48
 4.3704820380486398e-01   51   51   49   49
 2.7298452418908266e+00   51   51   50   50
 8.4208384499999998e+00   51   51   51   51
 6.4452512851238075e-01   52   52    1    1
 6.4551235783565464e-01   52   52    2    2
 7.0323511563711627e-01   52   52    3    3
 7.6944022585495064e-01   52   52    4    4
 7.6403230742558559e-01   52   52    5    5
 6.9341448945802175e-01   52   52    6    6
 1.0707394837372655e+00   52   52    7    7
 9.7257997750006009e-01   52   52    8    8
 8.8054516786153536e-01   52   52    9    9
 8.0825324156945677e-01   52   52   10   10
 8.0199843121830616e-01   52   52   11   11
 2.4886597833332571e+00   52   52   12   12
 8.6751714940938318e-01   52   52   13   13
 9.5894748057865364e-01   52   52   14   14
 1.2716616557947178e+00   52   52   15   15
 1.3895522016008279e+00   52   52   16   16
 1.7073855340902975e+00   52   52   17   17
 1.9885421455471433e+00   52   52   18   18
 6.2314025276090090e-01   52   52   19   19
 1.6900204050249696e+00   52   52   20   20
 1.3803799199917843e+00   52   52   21   21
 5.9557953912330697e-01   52   52   22   22
 5.8563549885823629e-01   52   52   23   23
 5.9191467899425199e-01   52   52   24   24
 5.7589465020497999e-01   52   52   25   25
 5.5477542789068024e-01   52   52   26   26
 6.5917315931023679e-01   52   52   27   27
 5.4947739575733612e-01   52   52   28   28
 5.6352674294864280e-01   52   52   29   29
 5.5798189297566825e-01   52   52   30   30
 5.1945513533091170e-01   52   52   31   31
 4.9134570987443910e-01   52   52   32   32
 4.9314194897037666e-01   52   52   33   33
 4.6378871689311341e-01   52   52   34   34
 5.2489927626118593e-01   52   52   35   35
 5.5948509732854756e-01   52   52   36   36
 8.2412540382885469e-01   52   52   37   37
 8.8696456847388927e-01   52   52   38   38
 9.9363970363045073e-01   52   52   39   39
 1.0141106593641165e+00   52   52   40   40
 9.2288145862188176e-01   52   52   41   41
 8.3662020762152889e-01   52   52   42   42
 5.5439055606694942e-01   52   52   43   43
 5.3481841224837956e-01   52   52   44   44
 4.9783993581118791e-01   52   52   45   45
 4.8106990382010928e-01   52   52   46   46
 4.9430699372173009e-01   52   52   47   47
 6.1678373810576337e-01   52   52   48   48
 5.3022029354863232e-01   52   52   49   49
 6.7261576172683846e-01   52   52   50   50
 7.1997862882668506e-01   52   52   51   51
 8.4208384499999998e+00   52   52   52   52
 7.0336013846832224e-01   53   53    1    1
 7.0151682148540995e-01   53   53    2    2
 7.6813407696304359e-01   53   53    3    3
 8.5062146378920844e-01   53   53    4    4
 8.4914375573648582e-01   53   53    5    5
 7.6385432289545863e-01   53   53    6    6
 1.2580971109981525e+00   53   53    7    7
 1.1198695440407793e+00   53   53    8    8
 1.0006535814167794e+00   53   53    9    9
 9.0480688291853939e-01   53   53   10   10
 8.9167125653683865e-01   53   53   11   11
 2.7298162005224937e+00   53   53   12   12
 9.6985465725643083e-01   53   53   13   13
 1.0913550499532734e+00   53   53   14   14
 1.5421345688146673e+00   53   53   15   15
 1.7079008305239467e+00   53   53   16   16
 2.1862193095842799e+00   53   53   17   17
 2.6759166467157658e+00   53   53   18   18
 6.7258175338010184e-01   53   53   19   19
 2.1457588989394911e+00   53   53   20   20
 1.6893913627586652e+00   53   53   21   21
 6.4152729941858810e-01   53   53   22   22
 6.2716412555789847e-01   53   53   23   23
 6.3318420877995130e-01   53   53   24   24
 6.1194996439599225e-01   53   53   25   25
 5.8653870978929179e-01   53   53   26   26
 7.1076545077722131e-01   53   53   27   27
 5.8154663331081313e-01   53   53   28   28
 5.9987098858501087e-01   53   53   29   29
 5.9920332307846846e-01   53   53   30   30
 5.5512043755790397e-01   53   53   31   31
 5.2369569142668926e-01   53   53   32   32
 5.2609753472547161e-01   53   53   33   33
 4.9310677221954208e-01   53   53   34   34
 5.6223000278423907e-01   53   53   35   35
 6.0155335943163091e-01   53   53   36   36
 9.2878432540709022e-01   53   53   37   37
 1.0108301337569214e+00   53   53   38   38
 1.1546530014094454e+00   53   53   39   39
 1.1810616629405943e+00   53   53   40   40
 1.0547521212794990e+00   53   53   41   41
 9.4327661696999754e-01   53   53   42   42
 5.8036250230186726e-01   53   53   43   43
 5.6168463463260654e-01   53   53   44   44
 5.2116545263033065e-01   53   53   45   45
 5.0104719087423855e-01   53   53   46   46
 5.1325680523509198e-01   53   53   47   47
 6.6287657982482528e-01   53   53   48   48
 5.5160903475644829e-01   53   53   49   49
 7.3256336445580927e-01   53   53   50   50
 7.8431051013790787e-01   53   53   51   51
 3.8403109131200091e+00   53   53   52   52
 8.4208384499999998e+00   53   53   53   53
 6.0743823119479268e-01   54   54    1    1
 6.0616999849152187e-01   54   54    2    2
 6.5541550810635274e-01   54   54    3    3
 7.1358276995104575e-01   54   54    4    4
 7.1246884956220458e-01   54   54    5    5
 6.5213425116562351e-01   54   54    6    6
 1.0031229020542887e+00   54   54    7    7
 9.2657632763635689e-01   54   54    8    8
 8.3744475032615284e-01   54   54    9    9
 7.7747012509697566e-01   54   54   10   10
 7.8180501914271272e-01   54   54   11   11
 2.7297601508681999e+00   54   54   12   12
 8.5115648108796660e-01   54   54   13   13
 9.3183325508676251e-01   54   54   14   14
 1.1798361502855403e+00   54   54   15   15
 1.2806936160440074e+00   54   54   16   16
 1.5548124175645903e+00   54   54   17   17
 1.7986521077091566e+00   54   54   18   18
 6.1697014889452895e-01   54   54   19   19
 1.5548442982677400e+00   54   54   20   20
 1.2807106388386740e+00   54   54   21   21
 5.6132228845061471e-01   54   54   22   22
 5.5311619732528716e-01   54   54   23   23
 5.6136098998154316e-01   54   54   24   24
 5.4779242709696596e-01   54   54   25   25
 5.2714793825827577e-01   54   54   26   26
 6.5242160699241591e-01   54   54   27   27
 5.2020372396529435e-01   54   54   28   28
 5.3196771522973763e-01   54   54   29   29
 5.2697903262008694e-01   54   54   30   30
 4.9322645022258077e-01   54   54   31   31
 4.6730504701778330e-01   54   54   32   32
 4.6787640104438044e-01   54   54   33   33
 4.4108417115935278e-01   54   54   34   34
 4.9562025256505365e-01   54   54   35   35
 5.2675954520685220e-01   54   54   36   36
 7.7535831313261971e-01   54   54   37   37
 8.3627394170494862e-01   54   54   38   38
 9.2470285533472329e-01   54   54   39   39
 9.2722629179597815e-01   54   54   40   40
 8.4613872284558678e-01   54   54   41   41
 7.7802024419123283e-01   54   54   42   42
 5.2830676549884037e-01   54   54   43   43
 5.1005954132601272e-01   54   54   44   44
 4.7678822436346341e-01   54   54   45   45
 4.6210203458432764e-01   54   54   46   46
 4.7476054338864443e-01   54   54   47   47
 6.1171424796065055e-01   54   54   48   48
 5.0736928272540049e-01   54   54   49   49
 6.6310828600504579e-01   54   54   50   50
 7.0902261348989615e-01   54   54   51   51
 3.8425475961623947e+00   54   54   52   52
 2.7296488860817036e+00   54   54   53   53
 8.4208384499999998e+00   54   54   54   54
 6.1807518917541848e-01   55   55    1    1
 6.1238237824835207e-01   55   55    2    2
 6.5949684046088441e-01   55   55    3    3
 7.2075593868499188e-01   55   55    4    4
 7.2676494366052835e-01   55   55    5    5
 6.6694331632407933e-01   55   55    6    6
 1.0725282770638647e+00   55   55    7    7
 9.9746146070255903e-01   55   55    8    8
 8.8977757310397509e-01   55   55    9    9
 8.2781584111915851e-01   55   55   10   10
 8.4221047580318464e-01   55   55   11   11
 3.8409941371728795e+00   55   55   12   12
 9.3019937515998496e-01   55   55   13   13
 1.0212056580192477e+00   55   55   14   14
 1.2732551332010118e+00   55   55   15   15
 1.3815169460653893e+00   55   55   16   16
 1.6904850953579034e+00   55   55   17   17
 1.9890195091731759e+00   55   55   18   18
 6.5945720800023289e-01   55   55   19   19
 1.7085831831175842e+00   55   55   20   20
 1.3910835756001187e+00   55   55   21   21
 5.6525411198803444e-01   55   55   22   22
 5.5563250610043446e-01   55   55   23   23
 5.6586568993156994e-01   55   55   24   24
 5.5085761832671742e-01   55   55   25   25
 5.2727857141407763e-01   55   55   26   26
 6.9632533496831761e-01   55   55   27   27
 5.1883355817628463e-01   55   55   28   28
 5.3150991495834421e-01   55   55   29   29
 5.3049690565469065e-01   55   55   30   30
 4.9732411695300555e-01   55   55   31   31
 4.7095075120648711e-01   55   55   32   32
 4.7067934100914577e-01   55   55   33   33
 4.4357201002321928e-01   55   55   34   34
 4.9773796160253181e-01   55   55   35   35
 5.2906351433791121e-01   55   55   36   36
 8.0759445902639504e-01   55   55   37   37
 8.8095174786120578e-01   55   55   38   38
 9.7237214353003520e-01   55   55   39   39
 9.5601584016319330e-01   55   55   40   40
 8.6415980217741595e-01   55   55   41   41
 7.9968783179342640e-01   55   55   42   42
 5.2561631269941933e-01   55   55   43   43
 5.0923706136290359e-01   55   55   44   44
 4.7671226719110871e-01   55   55   45   45
 4.6137255770018620e-01   55   55   46   46
 4.7269522390642105e-01   55   55   47   47
 6.5246367661869697e-01   55   55   48   48
 5.0416708864831139e-01   55   55   49   49
 7.1111718049105654e-01   55   55   50   50
 7.5937920178297214e-01   55   55   51   51
 2.7667642863173563e+00   55   55   52   52
 2.4884771123677991e+00   55   55   53   53
 3.8418274695628325e+00   55   55   54   54
 8.4208384499999998e+00   55   55   55   55
 7.7662570925028962e-01   56   56    1    1
 7.1254736740694247e-01   56   56    2    2
 7.2085951187765840e-01   56   56    3    3
 7.8859880863236187e-01   56   56    4    4
 8.7485460069588949e-01   56   56    5    5
 8.6485990209842711e-01   56   56    6    6
 1.4059194544237110e+00   56   56    7    7
 1.7795480962884493e+00   56   56    8    8
 1.9858312907878466e+00   56   56    9    9
 2.6732526671956784e+00   56   56   10   10
 3.6991567909750027e+00   56   56   11   11
 8.5461248525543054e-01   56   56   12   12
 2.6744667062089258e+00   56   56   13   13
 1.9862421715553009e+00   56   56   14   14
 1.2528569159170548e+00   56   56   15   15
 1.2438970618191407e+00   56   56   16   16
 1.0921648659723171e+00   56   56   17   17
 9.8474585046207386e-01   56   56   18   18
 2.7492964238073014e+00   56   56   19   19
 9.8702536081221770e-01   56   56   20   20
 1.0936465629492440e+00   56   56   21   21
 6.4876213949916473e-01   56   56   22   22
 6.0505245218382520e-01   56   56   23   23
 6.0490146063868966e-01   56   56   24   24
 5.6486658939312129e-01   56   56   25   25
 5.2990817745941188e-01   56   56   26   26
 2.7493896657241730e+00   56   56   27   27
 5.2917901619000840e-01   56   56   28   28
 5.6173474838789672e-01   56   56   29   29
 6.3289811718312194e-01   56   56   30   30
 6.0099280367614449e-01   56   56   31   31
 5.8192455309580915e-01   56   56   32   32
 5.8991415939256420e-01   56   56   33   33
 5.6408179051605489e-01   56   56   34   34
 6.1994519619896249e-01   56   56   35   35
 6.4279098064927553e-01   56   56   36   36
 1.0914311155294896e+00   56   56   37   37
 1.2434312984055944e+00   56   56   38   38
 1.2526119383126897e+00   56   56   39   39
 1.0930239517538012e+00   56   56   40   40
 9.8622977109367116e-01   56   56   41   41
 9.8363925431804156e-01   56   56   42   42
 4.8925764484960144e-01   56   56   43   43
 4.9617297831320734e-01   56   56   44   44
 4.7242414368187724e-01   56   56   45   45
 4.4692555718989274e-01   56   56   46   46
 4.4144501904893357e-01   56   56   47   47
 2.4728984918476056e+00   56   56   48   48
 4.6077328297721576e-01   56   56   49   49
 3.8228295977196090e+00   56   56   50   50
 3.8236451762981063e+00   56   56   51   51
 7.2873752027435679e-01   56   56   52   52
 7.9892434378159705e-01   56   56   53   53
 7.1589270503753055e-01   56   56   54   54
 7.6899254309125176e-01   56   56   55   55
 8.4208384499999998e+00   56   56   56   56
 1.0883713997645141e+00   57   57    1    1
 1.1200302194909286e+00   57   57    2    2
 1.0020257071874048e+00   57   57    3    3
 9.0533577758500372e-01   57   57    4    4
 8.9054751409415900e-01   57   57    5    5
 9.6722621139710652e-01   57   57    6    6
 6.0470102981042118e-01   57   57    7    7
 5.8887605932096643e-01   57   57    8    8
 6.1155188150996598e-01   57   57    9    9
 5.8924944375687782e-01   57   57   10   10
 5.4948397541888483e-01   57   57   11   11
 4.4848294144150203e-01   57   57   12   12
 5.3253039913332190e-01   57   57   13   13
 5.4906344694689491e-01   57   57   14   14
 5.6847246680824193e-01   57   57   15   15
 5.4083418422123419e-01   57   57   16   16
 5.1121369624281443e-01   57   57   17   17
 5.0411366155252724e-01   57   57   18   18
 5.0411615008985644e-01   57   57   19   19
 5.2555745822664524e-01   57   57   20   20
 5.5776247341731999e-01   57   57   21   21
 1.2604589842331484e+00   57   57   22   22
 1.1592044413564875e+00   57   57   23   23
 1.0148522055534768e+00   57   57   24   24
 9.3386829726515308e-01   57   57   25   25
 9.5009171055594455e-01   57   57   26   26
 4.8207224196361037e-01   57   57   27   27
 1.0627392634666564e+00   57   57   28   28
 1.1885264492979146e+00   57   57   29   29
 1.5445404083157377e+00   57   57   30   30
 1.6924981179972463e+00   57   57   31   31
 2.1495331311018422e+00   57   57   32   32
 2.6769843116621548e+00   57   57   33   33
 3.8231975906536531e+00   57   57   34   34
 2.1853451193670699e+00   57   57   35   35
 1.7090299826619322e+00   57   57   36   36
 7.5312285158690262e-01   57   57   37   37
 6.8792316888840843e-01   57   57   38   38
 6.5995290093338244e-01   57   57   39   39
 6.9208117630579435e-01   57   57   40   40
 7.5854898437950802e-01   57   57   41   41
 7.9862181248868724e-01   57   57   42   42
 7.7850137835598832e-01   57   57   43   43
 8.5507867486436051e-01   57   57   44   44
 8.4618645356870570e-01   57   57   45   45
 7.6541217591556976e-01   57   57   46   46
 7.0935143913630661e-01   57   57   47   47
 4.8254917865336039e-01   57   57   48   48
 7.1567379377774654e-01   57   57   49   49
 5.2773792980291068e-01   57   57   50   50
 5.0213117184567468e-01   57   57   51   51
 4.4722855180987348e-01   57   57   52   52
 4.7368531407598458e-01   57   57   53   53
 4.2529587366558685e-01   57   57   54   54
 4.2628332578929484e-01   57   57   55   55
 5.2658875865902421e-01   57   57   56   56
 8.4208384499999998e+00   57   57   57   57
 9.5583787575164991e-01   58   58    1    1
 9.7221217320577824e-01   58   58    2    2
 8.8129780182585360e-01   58   58    3    3
 8.0829017277932513e-01   58   58    4    4
 8.0049781965899458e-01   58   58    5    5
 8.6459442372394113e-01   58   58    6    6
 5.6675622328412623e-01   58   58    7    7
 5.5513320719485482e-01   58   58    8    8
 5.7788959275308616e-01   58   58    9    9
 5.6042068295990488e-01   58   58   10   10
 5.2418493266948007e-01   58   58   11   11
 4.2529798281873943e-01   58   58   12   12
 5.0676652904560737e-01   58   58   13   13
 5.1982146290007625e-01   58   58   14   14
 5.3376640309981227e-01   58   58   15   15
 5.1026266145444088e-01   58   58   16   16
 4.8318628907291578e-01   58   58   17   17
 4.7551438191767309e-01   58   58   18   18
 4.8709547482431609e-01   58   58   19   19
 4.9370367285103361e-01   58   58   20   20
 5.2257256857792556e-01   58   58   21   21
 1.0721187679113255e+00   58   58   22   22
 9.9693573989276585e-01   58   58   23   23
 8.8997483550670931e-01   58   58   24   24
 8.2826283762787045e-01   58   58   25   25
 8.4237063847144555e-01   58   58   26   26
 4.6651764222562647e-01   58   58   27   27
 9.2949997576860133e-01   58   58   28   28
 1.0198901985105764e+00   58   58   29   29
 1.2729270736661886e+00   58   58   30   30
 1.3820430421773571e+00   58   58   31   31
 1.6918430042432016e+00   58   58   32   32
 1.9889212207448645e+00   58   58   33   33
 2.7492517930244071e+00   58   58   34   34
 1.7068456261372835e+00   58   58   35   35
 1.3900406439089570e+00   58   58   36   36
 6.9186639610424450e-01   58   58   37   37
 6.3783180730751177e-01   58   58   38   38
 6.1377253971180623e-01   58   58   39   39
 6.4033898999847561e-01   58   58   40   40
 6.9499720344899363e-01   58   58   41   41
 7.2787856333844092e-01   58   58   42   42
 7.0583069066805315e-01   58   58   43   43
 7.6941717264239862e-01   58   58   44   44
 7.6677417456573527e-01   58   58   45   45
 7.0177597454761242e-01   58   58   46   46
 6.5278225217483310e-01   58   58   47   47
 4.6767558783811969e-01   58   58   48   48
 6.5540747960923207e-01   58   58   49   49
 5.0725559234661999e-01   58   58   50   50
 4.8371284710625917e-01   58   58   51   51
 4.2398484124175834e-01   58   58   52   52
 4.4789205994290471e-01   58   58   53   53
 4.0409897445321785e-01   58   58   54   54
 4.0507188100839714e-01   58   58   55   55
 5.0532246530613589e-01   58   58   56   56
 3.8405984719041570e+00   58   58   57   57
 8.4208384499999998e+00   58   58   58   58
 9.2750419447347021e-01   59   59    1    1
 9.2496479275398180e-01   59   59    2    2
 8.3702498853037188e-01   59   59    3    3
 7.7647774793999425e-01   59   59    4    4
 7.7929967678975243e-01   59   59    5    5
 8.4706844822791216e-01   59   59    6    6
 5.6325457016382630e-01   59   59    7    7
 5.5554410836164614e-01   59   59    8    8
 5.8105207521775348e-01   59   59    9    9
 5.6701396501037848e-01   59   59   10   10
 5.3075542547311905e-01   59   59   11   11
 4.1935063663274436e-01   59   59   12   12
 5.1093453607617045e-01   59   59   13   13
 5.2141015953186831e-01   59   59   14   14
 5.2847268550269777e-01   59   59   15   15
 5.0556771066807293e-01   59   59   16   16
 4.7758488700431312e-01   59   59   17   17
 4.6858478682473842e-01   59   59   18   18
 4.9924820377829016e-01   59   59   19   19
 4.8593977016100842e-01   59   59   20   20
 5.1540452436769124e-01   59   59   21   21
 1.0029991394645656e+00   59   59   22   22
 9.2621552560898113e-01   59   59   23   23
 8.3768096141362591e-01   59   59   24   24
 7.7788272741461295e-01   59   59   25   25
 7.8191942689437266e-01   59   59   26   26
 4.7625062610462016e-01   59   59   27   27
 8.5054256167003139e-01   59   59   28   28
 9.3078131065211300e-01   59   59   29   29
 1.1797274843843166e+00   59   59   30   30
 1.2807697599016790e+00   59   59   31   31
 1.5550221270909008e+00   59   59   32   32
 1.7985542798138738e+00   59   59   33   33
 2.4727903753555607e+00   59   59   34   34
 1.5544290663468563e+00   59   59   35   35
 1.2804568919307051e+00   59   59   36   36
 6.8495333099969113e-01   59   59   37   37
 6.3377385117566598e-01   59   59   38   38
 6.0801219545215679e-01   59   59   39   39
 6.2986633185812568e-01   59   59   40   40
 6.7983876114315844e-01   59   59   41   41
 7.1405487836802073e-01   59   59   42   42
 6.5923555659300259e-01   59   59   43   43
 7.1623181761898436e-01   59   59   44   44
 7.1451423487973897e-01   59   59   45   45
 6.5654080563981621e-01   59   59   46   46
 6.1201098925019215e-01   59   59   47   47
 4.7907943035391132e-01   59   59   48   48
 6.1399763903235283e-01   59   59   49   49
 5.1819276385515123e-01   59   59   50   50
 4.9214475044847739e-01   59   59   51   51
 4.1562243011808309e-01   59   59   52   52
 4.3927404994850877e-01   59   59   53   53
 3.9698124024237030e-01   59   59   54   54
 3.9898523980324513e-01   59   59   55   55
 5.1414848265555302e-01   59   59   56   56
 2.7297173899163760e+00   59   59   57   57
 3.8423224013461432e+00   59   59   58   58
 8.4208384499999998e+00   59   59   59   59
 7.1883641729865333e-01   60   60    1    1
 7.0989642284474386e-01   60   60    2    2
 7.7307039916361309e-01   60   60    3    3
 8.6086454091320908e-01   60   60    4    4
 8.7195521726317060e-01   60   60    5    5
 7.8666153995107457e-01   60   60    6    6
 1.4059628483512177e+00   60   60    7    7
 1.2537964977034608e+00   60   60    8    8
 1.0938635131404613e+00   60   60    9    9
 9.8713283225453730e-01   60   60   10   10
 9.8514509465362454e-01   60   60   11   11
 3.8227689812850367e+00   60   60   12   12
 1.0934350889722322e+00   60   60   13   13
 1.2458985525899624e+00   60   60   14   14
 1.7795476283699652e+00   60   60   15   15
 1.9861055096821054e+00   60   60   16   16
 2.6740560043804917e+00   60   60   17   17
 3.6991279520889777e+00   60   60   18   18
 7.2884810503585162e-01   60   60   19   19
 2.6736013443316402e+00   60   60   20   20
 1.9859546968045094e+00   60   60   21   21
 6.4630791255359432e-01   60   60   22   22
 6.2979269540541571e-01   60   60   23   23
 6.3868749501648170e-01   60   60   24   24
 6.1533561339141307e-01   60   60   25   25
 5.8585009460806858e-01   60   60   26   26
 7.6877350113750165e-01   60   60   27   27
 5.7871775888725330e-01   60   60   28   28
 5.9821304479434279e-01   60   60   29   29
 6.0340963430159267e-01   60   60   30   30
 5.6017268010190635e-01   60   60   31   31
 5.2811314446210211e-01   60   60   32   32
 5.2932549291973741e-01   60   60   33   33
 4.9591503543137966e-01   60   60   34   34
 5.6442025173703525e-01   60   60   35   35
 6.0395347531897892e-01   60   60   36   36
 9.8465441663307318e-01   60   60   37   37
 1.0922927659978203e+00   60   60   38   38
 1.2512614430069124e+00   60   60   39   39
 1.2399221483226184e+00   60   60   40   40
 1.0876511071030364e+00   60   60   41   41
 9.8087907141773367e-01   60   60   42   42
 5.7599149284026430e-01   60   60   43   43
 5.5982131534640178e-01   60   60   44   44
 5.2042827707375106e-01   60   60   45   45
 4.9955034604041959e-01   60   60   46   46
 5.1006521073613864e-01   60   60   47   47
 7.1576590598493828e-01   60   60   48   48
 5.4680575356617156e-01   60   60   49   49
 7.9909275819844061e-01   60   60   50   50
 8.5439295581705299e-01   60   60   51   51
 2.7493709231442796e+00   60   60   52   52
 3.8235547814575264e+00   60   60   53   53
 2.4728540239776344e+00   60   60   54   54
 2.7492111442359266e+00   60   60   55   55
 8.7513065776469845e-01   60   60   56   56
 4.7440675546091499e-01   60   60   57   57
 4.4864386536841916e-01   60   60   58   58
 4.4145817915054614e-01   60   60   59   59
 8.4208384499999998e+00   60   60   60   60
 1.0148557098399360e+00   61   61    1    1
 9.9431883572057911e-01   61   61    2    2
 8.8815701334959618e-01   61   61    3    3
 8.2572586219449751e-01   61   61    4    4
 8.3846063892034162e-01   61   61    5    5
 9.2440038275098912e-01   61   61    6    6
 5.9792738174835469e-01   61   61    7    7
 5.9150127282234954e-01   61   61    8    8
 6.2092903854199610e-01   61   61    9    9
 6.0665240968233347e-01   61   61   10   10
 5.6650678017966916e-01   61   61   11   11
 4.3566524228519521e-01   61   61   12   12
 5.4377709857078915e-01   61   61   13   13
 5.5429985601696019e-01   61   61   14   14
 5.5728121685932663e-01   61   61   15   15
 5.3102590152343132e-01   61   61   16   16
 4.9924117721296679e-01   61   61   17   17
 4.8902088039709762e-01   61   61   18   18
 5.3365204472622885e-01   61   61   19   19
 5.0846671587899117e-01   61   61   20   20
 5.4206609991907306e-01   61   61   21   21
 1.0708782794161993e+00   61   61   22   22
 9.7239463350944433e-01   61   61   23   23
 8.8097354430471642e-01   61   61   24   24
 8.0882807962761083e-01   61   61   25   25
 8.0223994378859742e-01   61   61   26   26
 5.0548413920634194e-01   61   61   27   27
 8.6704286066816250e-01   61   61   28   28
 9.5805196337106269e-01   61   61   29   29
 1.2717528441204236e+00   61   61   30   30
 1.3895078847292293e+00   61   61   31   31
 1.7071079308512305e+00   61   61   32   32
 1.9884425608168341e+00   61   61   33   33
 2.7492495556085546e+00   61   61   34   34
 1.6901961862365871e+00   61   61   35   35
 1.3805460736980459e+00   61   61   36   36
 7.3834422927835119e-01   61   61   37   37
 6.8014223247627947e-01   61   61   38   38
 6.4782161278818784e-01   61   61   39   39
 6.6838367555273293e-01   61   61   40   40
 7.2302124791144518e-01   61   61   41   41
 7.6617241480135856e-01   61   61   42   42
 6.6973656459067155e-01   61   61   43   43
 7.2918634645404190e-01   61   61   44   44
 7.2449691757283174e-01   61   61   45   45
 6.6256398211046030e-01   61   61   46   46
 6.1720751678590891e-01   61   61   47   47
 5.0988596108785544e-01   61   61   48   48
 6.2101569209570373e-01   61   61   49   49
 5.5486332166926777e-01   61   61   50   50
 5.2281882814672698e-01   61   61   51   51
 4.2896329183302573e-01   61   61   52   52
 4.5477595781866742e-01   61   61   53   53
 4.0985863815400703e-01   61   61   54   54
 4.1316052373270717e-01   61   61   55   55
 5.4863233058450944e-01   61   61   56   56
 2.4885929156209468e+00   61   61   57   57
 2.7667975080793306e+00   61   61   58   58
 3.8420599834742331e+00   61   61   59   59
 4.5874518450117929e-01   61   61   60   60
 8.4208384499999998e+00   61   61   61   61
 1.1821272116706871e+00   62   62    1    1
 1.1556649390757641e+00   62   62    2    2
 1.0124697398429898e+00   62   62    3    3
 9.3085642029439952e-01   62   62    4    4
 9.4562067233731373e-01   62   62    5    5
 1.0567566424414003e+00   62   62    6    6
 6.4404542722907221e-01   62   62    7    7
 6.3403343954771918e-01   62   62    8    8
 6.6469779887102109e-01   62   62    9    9
 6.4520568235485398e-01   62   62   10   10
 6.0015478099036279e-01   62   62   11   11
 4.6096530681373854e-01   62   62   12   12
 5.7713006593821548e-01   62   62   13   13
 5.9126787455575436e-01   62   62   14   14
 5.9787530920306564e-01   62   62   15   15
 5.6636366053637310e-01   62   62   16   16
 5.3079663652703712e-01   62   62   17   17
 5.2067337575139194e-01   62   62   18   18
 5.5763003716235660e-01   62   62   19   19
 5.4390981766229385e-01   62   62   20   20
 5.8226154014714038e-01   62   62   21   21
 1.2583326489399917e+00   62   62   22   22
 1.1196193251375990e+00   62   62   23   23
 1.0011133355205895e+00   62   62   24   24
 9.0541574290635352e-01   62   62   25   25
 8.9190544289061924e-01   62   62   26   26
 5.2653016204868208e-01   62   62   27   27
 9.6929473793962895e-01   62   62   28   28
 1.0902751388462388e+00   62   62   29   29
 1.5422914311801434e+00   62   62   30   30
 1.7073275710730678e+00   62   62   31   31
 2.1845098554008819e+00   62   62   32   32
 2.6755771708493161e+00   62   62   33   33
 3.8230911317532721e+00   62   62   34   34
 2.1471053078508309e+00   62   62   35   35
 1.6901296471791105e+00   62   62   36   36
 8.1621752715012263e-01   62   62   37   37
 7.4353513995366960e-01   62   62   38   38
 7.0407247089144021e-01   62   62   39   39
 7.2890240971116460e-01   62   62   40   40
 7.9651790360144092e-01   62   62   41   41
 8.5172001623531324e-01   62   62   42   42
 7.2962066125279001e-01   62   62   43   43
 7.9937738717388129e-01   62   62   44   44
 7.8890581159160411e-01   62   62   45   45
 7.1410605774371194e-01   62   62   46   46
 6.6329296740518440e-01   62   62   47   47
 5.3052004421715482e-01   62   62   48   48
 6.7048008974685747e-01   62   62   49   49
 5.8343835544940270e-01   62   62   50   50
 5.4742255063938361e-01   62   62   51   51
 4.5319969526709591e-01   62   62   52   52
 4.8202321475102411e-01   62   62   53   53
 4.3216474894887275e-01   62   62   54   54
 4.3594693011711694e-01   62   62   55   55
 5.7746104323413816e-01   62   62   56   56
 2.7298772109482128e+00   62   62   57   57
 2.4886241129884543e+00   62   62   58   58
 2.7297103555530260e+00   62   62   59   59
 4.8666805115432327e-01   62   62   60   60
 3.8407711861948517e+00   62   62   61   61
 8.4208384499999998e+00   62   62   62   62
 4.4599490659683099e+00   63   63    1    1
 3.4526507667187865e+00   63   63    2    2
 2.6919395424333201e+00   63   63    3    3
 2.4829005283851626e+00   63   63    4    4
 2.7093168201311424e+00   63   63    5    5
 3.5289131423722568e+00   63   63    6    6
 1.4245391941947594e+00   63   63    7    7
 1.3701492859490056e+00   63   63    8    8
 1.4057357762619533e+00   63   63    9    9
 1.3207344909838337e+00   63   63   10   10
 1.2208465767167966e+00   63   63   11   11
 9.2510984827739973e-01   63   63   12   12
 1.1967450681408345e+00   63   63   13   13
 1.2587812793301418e+00   63   63   14   14
 1.2901678505573151e+00   63   63   15   15
 1.1749218984284828e+00   63   63   16   16
 1.0824199123463469e+00   63   63   17   17
 1.0733654103416290e+00   63   63   18   18
 1.0641920191473917e+00   63   63   19   19
 1.1558667911795022e+00   63   63   20   20
 1.2712227346571539e+00   63   63   21   21
 3.1909115276589821e+00   63   63   22   22
 2.5665379174185965e+00   63   63   23   23
 2.4232630766383858e+00   63   63   24   24
 2.0015015976272150e+00   63   63   25   25
 1.7862920924189407e+00   63   63   26   26
 9.8338488467396867e-01   63   63   27   27
 1.8325722803241382e+00   63   63   28   28
 2.1286061584785285e+00   63   63   29   29
 3.2002080080026620e+00   63   63   30   30
 2.9586996762199989e+00   63   63   31   31
 2.5734249969537060e+00   63   63   32   32
 2.4079590896407197e+00   63   63   33   33
 2.0216597408983730e+00   63   63   34   34
 2.5273791302330104e+00   63   63   35   35
 2.8827567762842703e+00   63   63   36   36
 2.1662647605081018e+00   63   63   37   37
 1.8283009175861531e+00   63   63   38   38
 1.6338187932720649e+00   63   63   39   39
 1.6763744146422992e+00   63   63   40   40
 1.9155023372882880e+00   63   63   41   41
 2.2480907987144985e+00   63   63   42   42
 1.4085185981909603e+00   63   63   43   43
 1.5328530460391285e+00   63   63   44   44
 1.4426892408397576e+00   63   63   45   45
 1.2795606832946562e+00   63   63   46   46
 1.2051948354970774e+00   63   63   47   47
 9.8921203574834726e-01   63   63   48   48
 1.2565964532638676e+00   63   63   49   49
 1.1486106461325056e+00   63   63   50   50
 1.0463960236018284e+00   63   63   51   51
 8.8713373130855266e-01   63   63   52   52
 9.5891410722395698e-01   63   63   53   53
 8.4402265273075816e-01   63   63   54   54
 8.6086130831006624e-01   63   63   55   55
 1.1370875604178170e+00   63   63   56   56
 1.7358435368254208e+00   63   63   57   57
 1.5360202527937254e+00   63   63   58   58
 1.5159152848485766e+00   63   63   59   59
 9.8262352780686679e-01   63   63   60   60
 1.6892280847511569e+00   63   63   61   61
 1.9822795862761913e+00   63   63   62   62
 9.6429912899999994e+00   63   63   63   63
 2.6918235655414868e+00   64   64    1    1
 3.4524077035398899e+00   64   64    2    2
 4.4599404425239682e+00   64   64    3    3
 3.5291259320894168e+00   64   64    4    4
 2.7094131068528950e+00   64   64    5    5
 2.4828729742789801e+00   64   64    6    6
 1.4236521013105574e+00   64   64    7    7
 1.2903887444613307e+00   64   64    8    8
 1.2727864556011173e+00   64   64    9    9
 1.1579356922305797e+00   64   64   10   10
 1.0749651086163872e+00   64   64   11   11
 1.0424466436392865e+00   64   64   12   12
 1.0831443288858802e+00   64   64   13   13
 1.1748830866009592e+00   64   64   14   14
 1.3677335000913446e+00   64   64   15   15
 1.2564831202579856e+00   64   64   16   16
 1.1931543577732693e+00   64   64   17   17
 1.2156833418533504e+00   64   64   18   18
 8.9022699461090093e-01   64   64   19   19
 1.3150118328213201e+00   64   64   20   20
 1.4014204282474858e+00   64   64   21   21
 3.1905817562944785e+00   64   64   22   22
 3.2005034580923968e+00   64   64   23   23
 2.8797269303030228e+00   64   64   24   24
 2.5238407010799038e+00   64   64   25   25
 2.4062119274791161e+00   64   64   26   26
 8.6165792872773528e-01   64   64   27   27
 2.5745228377035509e+00   64   64   28   28
 2.9615617924126982e+00   64   64   29   29
 2.5658434657812359e+00   64   64   30   30
 2.1285664174984928e+00   64   64   31   31
 1.8322651345578858e+00   64   64   32   32
 1.7853925359728327e+00   64   64   33   33
 1.5320526361181419e+00   64   64   34   34
 1.9998352257672225e+00   64   64   35   35
 2.4212385622600854e+00   64   64   36   36
 1.9152966318893681e+00   64   64   37   37
 1.6759375947345683e+00   64   64   38   38
 1.6331628713747908e+00   64   64   39   39
 1.8277150798943420e+00   64   64   40   40
 2.1660080889506910e+00   64   64   41   41
 2.2480305084436343e+00   64   64   42   42
 1.9781470985779459e+00   64   64   43   43
 2.0201133889680940e+00   64   64   44   44
 1.7364745150284255e+00   64   64   45   45
 1.5361288801394353e+00   64   64   46   46
 1.5149582472557506e+00   64   64   47   47
 8.4595644814424131e-01   64   64   48   48
 1.6866918403135227e+00   64   64   49   49
 9.6236542499787470e-01   64   64   50   50
 9.2567885195244504e-01   64   64   51   51
 1.0561888038709524e+00   64   64   52   52
 1.1399890971506017e+00   64   64   53   53
 9.8326246761957914e-01   64   64   54   54
 9.7918573544260989e-01   64   64   55   55
 9.8457489020689293e-01   64   64   56   56
 1.4486204168021120e+00   64   64   57   57
 1.2833046433714312e+00   64   64   58   58
 1.2044548124985635e+00   64   64   59   59
 1.1310717532394132e+00   64   64   60   60
 1.2515085525667446e+00   64   64   61   61
 1.4015036522555162e+00   64   64   62   62
 2.7890964656110966e+00   64   64   63   63
 9.6429912899999994e+00   64   64   64   64
 1.6586383362897965e+00   65   65    1    1
 1.5167466323320749e+00   65   65    2    2
 1.5752973157354242e+00   65   65    3    3
 1.7923378534121521e+00   65   65    4    4
 2.0344835651275606e+00   65   65    5    5
 1.9242510137093565e+00   65   65    6    6
 3.1909937631037941e+00   65   65    7    7
 3.4516613357012367e+00   65   65    8    8
 4.4579786254170584e+00   65   65    9    9
 3.5261503421039397e+00   65   65   10   10
 2.7087985618548278e+00   65   65   11   11
 1.4020576882471865e+00   65   65   12   12
 2.4824305986956827e+00   65   65   13   13
 2.6910484999859881e+00   65   65   14   14
 2.5653915690754148e+00   65   65   15   15
 2.4197050162734528e+00   65   65   16   16
 1.9979430416006345e+00   65   65   17   17
 1.7837466416748669e+00   65   65   18   18
 1.7336822692692428e+00   65   65   19   19
 1.8311903028668881e+00   65   65   20   20
 2.1282632735988960e+00   65   65   21   21
 1.3349426670681774e+00   65   65   22   22
 1.2153911240231907e+00   65   65   23   23
 1.1895825065108876e+00   65   65   24   24
 1.0887514671778400e+00   65   65   25   25
 1.0209141189270667e+00   65   65   26   26
 1.7547135126374236e+00   65   65   27   27
 1.0349257564865937e+00   65   65   28   28
 1.1200791745530847e+00   65   65   29   29
 1.2895013809109295e+00   65   65   30   30
 1.1825984382469139e+00   65   65   31   31
 1.1302685522195364e+00   65   65   32   32
 1.1619333382061945e+00   65   65   33   33
 1.0885267048079801e+00   65   65   34   34
 1.2625834233849156e+00   65   65   35   35
 1.3367546723895600e+00   65   65   36   36
 2.5376508684093850e+00   65   65   37   37
 2.8911402516997735e+00   65   65   38   38
 3.2041599352955679e+00   65   65   39   39
 2.9612463978067778e+00   65   65   40   40
 2.5807279894231412e+00   65   65   41   41
 2.4175335482615590e+00   65   65   42   42
 9.2529870118437763e-01   65   65   43   43
 9.3866190834012309e-01   65   65   44   44
 8.7921376861263256e-01   65   65   45   45
 8.2164620185956616e-01   65   65   46   46
 8.1175900651404997e-01   65   65   47   47
 1.6395190868332041e+00   65   65   48   48
 8.5785967056016721e-01   65   65   49   49
 2.0090900372642269e+00   65   65   50   50
 2.0446382366870570e+00   65   65   51   51
 1.2799498612167080e+00   65   65   52   52
 1.4443393672146814e+00   65   65   53   53
 1.2028710225147659e+00   65   65   54   54
 1.2514661610895728e+00   65   65   55   55
 2.2430536347506362e+00   65   65   56   56
 1.0107929001833793e+00   65   65   57   57
 9.5325418504515957e-01   65   65   58   58
 9.5609122353732889e-01   65   65   59   59
 1.5302417136579449e+00   65   65   60   60
 1.0205945587424159e+00   65   65   61   61
 1.0946980543894405e+00   65   65   62   62
 2.0323106781352536e+00   65   65   63   63
 1.8647817448191020e+00   65   65   64   64
 9.6429912899999994e+00   65   65   65   65
 1.2772584481396474e+00   66   66    1    1
 1.1991872133301169e+00   66   66    2    2
 1.2562542907901735e+00   66   66    3    3
 1.4081788635240307e+00   66   66    4    4
 1.5329204625638919e+00   66   66    5    5
 1.4386311993533554e+00   66   66    6    6
 3.1896193643075939e+00   66   66    7    7
 3.4508042702320982e+00   66   66    8    8
 2.6907921449455046e+00   66   66    9    9
 2.4820934062073161e+00   66   66   10   10
 2.7087640659441350e+00   66   66   11   11
 2.0012645381537384e+00   66   66   12   12
 3.5265576052939354e+00   66   66   13   13
 4.4578403178791390e+00   66   66   14   14
 3.2028599482731357e+00   66   66   15   15
 2.8895857443773942e+00   66   66   16   16
 2.5388429815651974e+00   66   66   17   17
 2.4212399358232148e+00   66   66   18   18
 1.7574385757313602e+00   66   66   19   19
 2.5840233649505788e+00   66   66   20   20
 2.9634812740385068e+00   66   66   21   21
 1.0779019559887137e+00   66   66   22   22
 1.0274123036832024e+00   66   66   23   23
 1.0491997998145726e+00   66   66   24   24
 9.9069604629152641e-01   66   66   25   25
 9.2241907472069806e-01   66   66   26   26
 1.7362137391230046e+00   66   66   27   27
 9.0675608545644770e-01   66   66   28   28
 9.5100213177129678e-01   66   66   29   29
 1.0161491320495366e+00   66   66   30   30
 9.5381993146000354e-01   66   66   31   31
 9.0199621402511854e-01   66   66   32   32
 8.9934126907765477e-01   66   66   33   33
 8.4361105671781078e-01   66   66   34   34
 9.4969480445511201e-01   66   66   35   35
 1.0105690862939054e+00   66   66   36   36
 1.9986530296324789e+00   66   66   37   37
 2.4194046959397482e+00   66   66   38   38
 2.5650795556597461e+00   66   66   39   39
 2.1279091142121214e+00   66   66   40   40
 1.8314687938921039e+00   66   66   41   41
 1.7839405096186864e+00   66   66   42   42
 8.7152209966254202e-01   66   66   43   43
 8.6922026776684347e-01   66   66   44   44
 8.1742709369519095e-01   66   66   45   45
 7.7644138789217143e-01   66   66   46   46
 7.7707311588148953e-01   66   66   47   47
 1.6419537853649546e+00   66   66   48   48
 8.2110827910589790e-01   66   66   49   49
 2.0464899383239792e+00   66   66   50   50
 2.0109907809228322e+00   66   66   51   51
 1.5439903201998435e+00   66   66   52   52
 1.7438802041207773e+00   66   66   53   53
 1.5261705819162663e+00   66   66   54   54
 1.7039362928999036e+00   66   66   55   55
 2.2438819586353014e+00   66   66   56   56
 7.9240531160111760e-01   66   66   57   57
 7.5077560418233114e-01   66   66   58   58
 7.5025532528123262e-01   66   66   59   59
 2.0352112498911499e+00   66   66   60   60
 7.9311490327023138e-01   66   66   61   61
 8.4407234055210423e-01   66   66   62   62
 1.6033514468087757e+00   66   66   63   63
 1.5510768546726175e+00   66   66   64   64
 2.7878916426141886e+00   66   66   65   65
 9.6429912899999994e+00   66   66   66   66
 1.2573281084883634e+00   67   67    1    1
 1.1997749838092662e+00   67   67    2    2
 1.2771881856419065e+00   67   67    3    3
 1.4382028908491953e+00   67   67    4    4
 1.5333372463900823e+00   67   67    5    5
 1.4094235893108702e+00   67   67    6    6
 3.1901391073261860e+00   67   67    7    7
 3.2022644488086018e+00   67   67    8    8
 2.9620646751013204e+00   67   67    9    9
 2.5795505075620802e+00   67   67   10   10
 2.4153060887576201e+00   67   67   11   11
 2.0079319399671536e+00   67   67   12   12
 2.5338909557263625e+00   67   67   13   13
 2.8870813811414395e+00   67   67   14   14
 3.4511042218757693e+00   67   67   15   15
 4.4578561407107280e+00   67   67   16   16
 3.5262673077612692e+00   67   67   17   17
 2.7086749907013017e+00   67   67   18   18
 1.5402079874078700e+00   67   67   19   19
 2.4822052075001118e+00   67   67   20   20
 2.6909472836869091e+00   67   67   21   21
 1.0785962337126818e+00   67   67   22   22
 1.0158288474902564e+00   67   67   23   23
 1.0087089246126035e+00   67   67   24   24
 9.4724510546122975e-01   67   67   25   25
 8.9764393091691330e-01   67   67   26   26
 1.6965950991283931e+00   67   67   27   27
 9.0146064673914561e-01   67   67   28   28
 9.5398963680163373e-01   67   67   29   29
 1.0291811222695297e+00   67   67   30   30
 9.5227981488527402e-01   67   67   31   31
 9.0868795452796247e-01   67   67   32   32
 9.2556895979642240e-01   67   67   33   33
 8.7266501410041186e-01   67   67   34   34
 9.9478563860486391e-01   67   67   35   35
 1.0526495068635413e+00   67   67   36   36
 1.8319600333487760e+00   67   67   37   37
 2.1283838014821370e+00   67   67   38   38
 2.5650614176686837e+00   67   67   39   39
 2.4187112474642465e+00   67   67   40   40
 1.9985156882157344e+00   67   67   41   41
 1.7842595644715149e+00   67   67   42   42
 8.4518633756199257e-01   67   67   43   43
 8.4158221401446875e-01   67   67   44   44
 7.8785155491413095e-01   67   67   45   45
 7.4664365943934763e-01   67   67   46   46
 7.4815624666710012e-01   67   67   47   47
 1.5211545313637271e+00   67   67   48   48
 7.9360240280199024e-01   67   67   49   49
 1.7401398261837493e+00   67   67   50   50
 1.9919831949333582e+00   67   67   51   51
 1.7569414647088182e+00   67   67   52   52
 2.0473307504036584e+00   67   67   53   53
 1.6406038734034238e+00   67   67   54   54
 1.7335287919827242e+00   67   67   55   55
 2.0288226331238342e+00   67   67   56   56
 8.2600298847501141e-01   67   67   57   57
 7.8402369475527156e-01   67   67   58   58
 7.8036157518974858e-01   67   67   59   59
 2.2434624587972243e+00   67   67   60   60
 8.1924726823618788e-01   67   67   61   61
 8.6860045291124754e-01   67   67   62   62
 1.5528342020403443e+00   67   67   63   63
 1.6026796566325339e+00   67   67   64   64
 3.4982422892257925e+00   67   67   65   65
 3.2785692631291075e+00   67   67   66   66
 9.6429912899999994e+00   67   67   67   67
 1.5721509003940104e+00   68   68    1    1
 1.5129557518020562e+00   68   68    2    2
 1.6541664963540952e+00   68   68    3    3
 1.9192444560000694e+00   68   68    4    4
 2.0303879554154745e+00   68   68    5    5
 1.7893386812284113e+00   68   68    6    6
 3.1908988483236418e+00   68   68    7    7
 2.5647917193070038e+00   68   68    8    8
 2.1282301590925083e+00   68   68    9    9
 1.8313016661383124e+00   68   68   10   10
 1.7838550211870474e+00   68   68   11   11
 2.0499110071771041e+00   68   68   12   12
 1.9976594229686708e+00   68   68   13   13
 2.4187013839015545e+00   68   68   14   14
 3.4515222716529070e+00   68   68   15   15
 2.6909243912072087e+00   68   68   16   16
 2.4822262272634581e+00   68   68   17   17
 2.7086913599184648e+00   68   68   18   18
 1.2813652383453702e+00   68   68   19   19
 3.5260932384830932e+00   68   68   20   20
 4.4578240987205060e+00   68   68   21   21
 1.3313364472951192e+00   68   68   22   22
 1.2845537092562471e+00   68   68   23   23
 1.3289872792203088e+00   68   68   24   24
 1.2541533915613039e+00   68   68   25   25
 1.1554686215033276e+00   68   68   26   26
 1.2516900601329186e+00   68   68   27   27
 1.1257784740147070e+00   68   68   28   28
 1.1788363237426256e+00   68   68   29   29
 1.2133104729701447e+00   68   68   30   30
 1.1176128467667503e+00   68   68   31   31
 1.0334247927519653e+00   68   68   32   32
 1.0206324939385185e+00   68   68   33   33
 9.3881874877947258e-01   68   68   34   34
 1.0891946990891039e+00   68   68   35   35
 1.1893569205310706e+00   68   68   36   36
 2.5773635279545513e+00   68   68   37   37
 2.9597775834403626e+00   68   68   38   38
 3.2049576590980386e+00   68   68   39   39
 2.8918825208951704e+00   68   68   40   40
 2.5358057266663399e+00   68   68   41   41
 2.4139754622993554e+00   68   68   42   42
 1.0981588924468948e+00   68   68   43   43
 1.0820096557128376e+00   68   68   44   44
 9.9741989263749620e-01   68   68   45   45
 9.4171524405181040e-01   68   68   46   46
 9.5052945470579830e-01   68   68   47   47
 1.2036220846447736e+00   68   68   48   48
 1.0225025000327252e+00   68   68   49   49
 1.4458022020503796e+00   68   68   50   50
 1.4019164678454914e+00   68   68   51   51
 1.7325916571450337e+00   68   68   52   52
 2.0060359699074040e+00   68   68   53   53
 1.6407243270887220e+00   68   68   54   54
 1.7588232065055998e+00   68   68   55   55
 1.5306418346762360e+00   68   68   56   56
 8.8225856465753527e-01   68   68   57   57
 8.2422009358747939e-01   68   68   58   58
 8.1217351565474583e-01   68   68   59   59
 2.2432907914574196e+00   68   68   60   60
 8.5561006905266512e-01   68   68   61   61
 9.2220691318978887e-01   68   68   62   62
 1.8618400354759750e+00   68   68   63   63
 2.0270585019575655e+00   68   68   64   64
 2.6091889232813781e+00   68   68   65   65
 3.4946582135700401e+00   68   68   66   66
 2.7879708133588346e+00   68   68   67   67
 9.6429912899999994e+00   68   68   68   68
 2.9657610283684415e+00   69   69    1    1
 3.2013751353055255e+00   69   69    2    2
 2.8786167702252539e+00   69   69    3    3
 2.5254797410160510e+00   69   69    4    4
 2.4094786198570595e+00   69   69    5    5
 2.5790001226781971e+00   69   69    6    6
 1.3299258725167018e+00   69   69    7    7
 1.2415034665859499e+00   69   69    8    8
 1.2194704085885943e+00   69   69    9    9
 1.1328427789659030e+00   69   69   10   10
 1.0725729196671989e+00   69   69   11   11
 9.5626372463452003e-01   69   69   12   12
 1.0855557472159909e+00   69   69   13   13
 1.1611145052004566e+00   69   69   14   14
 1.2508972046573092e+00   69   69   15   15
 1.1312475556206307e+00   69   69   16   16
 1.0662760193219951e+00   69   69   17   17
 1.0898489061243142e+00   69   69   18   18
 9.2469008447008372e-01   69   69   19   19
 1.1939509174619996e+00   69   69   20   20
 1.2879657168452086e+00   69   69   21   21
 3.1912938605616605e+00   69   69   22   22
 3.4520158364254176e+00   69   69   23   23
 4.4580965062021694e+00   69   69   24   24
 3.5260509574330214e+00   69   69   25   25
 2.7085909712512657e+00   69   69   26   26
 8.6364980642919820e-01   69   69   27   27
 2.4823038288570007e+00   69   69   28   28
 2.6912448863617238e+00   69   69   29   29
 2.5666411560852378e+00   69   69   30   30
 2.4221480532812323e+00   69   69   31   31
 1.9999203834873689e+00   69   69   32   32
 1.7850879663235601e+00   69   69   33   33
 1.5313864343076040e+00   69   69   34   34
 1.8320659461296867e+00   69   69   35   35
 2.1287937627228963e+00   69   69   36   36
 1.9312201208093001e+00   69   69   37   37
 1.6613824974564464e+00   69   69   38   38
 1.5109447517154775e+00   69   69   39   39
 1.5620630196189880e+00   69   69   40   40
 1.7748756934355636e+00   69   69   41   41
 2.0269734043434791e+00   69   69   42   42
 2.0373879502972674e+00   69   69   43   43
 2.2432804889564792e+00   69   69   44   44
 2.0180403306162455e+00   69   69   45   45
 1.7398562009507601e+00   69   69   46   46
 1.6409563871059196e+00   69   69   47   47
 8.6455407949145635e-01   69   69   48   48
 1.7516267721927548e+00   69   69   49   49
 9.9673638994920555e-01   69   69   50   50
 9.1965411781094397e-01   69   69   51   51
 9.2484863555130403e-01   69   69   52   52
 9.9226898726408419e-01   69   69   53   53
 8.8186926011846112e-01   69   69   54   54
 8.9619945626023978e-01   69   69   55   55
 9.9347407847306701e-01   69   69   56   56
 1.4029294785190243e+00   69   69   57   57
 1.2523288031552280e+00   69   69   58   58
 1.2038201096603749e+00   69   69   59   59
 1.0115476030874295e+00   69   69   60   60
 1.2812606812768788e+00   69   69   61   61
 1.4457792251854067e+00   69   69   62   62
 3.5060093640934840e+00   69   69   63   63
 3.2743002902302889e+00   69   69   64   64
 1.7179268832038859e+00   69   69   65   65
 1.5503403127225741e+00   69   69   66   66
 1.4454020977015025e+00   69   69   67   67
 1.9504104818694306e+00   69   69   68   68
 9.6429912899999994e+00   69   69   69   69
 2.1284173543735210e+00   70   70    1    1
 2.5673634106925771e+00   70   70    2    2
 2.4246946894319383e+00   70   70    3    3
 2.0026432650986834e+00   70   70    4    4
 1.7864368862669642e+00   70   70    5    5
 1.8326839813786928e+00   70   70    6    6
 1.0793862462913502e+00   70   70    7    7
 1.0133228499377516e+00   70   70    8    8
 1.0196384233263061e+00   70   70    9    9
 9.5421934877656334e-01   70   70   10   10
 8.9242442854278570e-01   70   70   11   11
 8.2472578231459537e-01   70   70   12   12
 8.8689859361032730e-01   70   70   13   13
 9.3869229790859854e-01   70   70   14   14
 1.0332073722474626e+00   70   70   15   15
 9.6916690125369809e-01   70   70   16   16
 9.2528352268412772e-01   70   70   17   17
 9.3271461305033321e-01   70   70   18   18
 7.7772031064395641e-01   70   70   19   19
 9.8862270327594493e-01   70   70   20   20
 1.0424429473605479e+00   70   70   21   21
 3.1908832083929735e+00   70   70   22   22
 3.4516835106801240e+00   70   70   23   23
 2.6912504642415120e+00   70   70   24   24
 2.4822699811706159e+00   70   70   25   25
 2.7084337204369131e+00   70   70   26   26
 7.4925942545728108e-01   70   70   27   27
 3.5258424335124081e+00   70   70   28   28
 4.4578421854451920e+00   70   70   29   29
 3.1994345179923100e+00   70   70   30   30
 2.8820895241284212e+00   70   70   31   31
 2.5305915340998193e+00   70   70   32   32
 2.4137818819126928e+00   70   70   33   33
 2.0287075684785592e+00   70   70   34   34
 2.5787236501189037e+00   70   70   35   35
 2.9611030500140374e+00   70   70   36   36
 1.3886977126086295e+00   70   70   37   37
 1.2431286542527169e+00   70   70   38   38
 1.2007784645471797e+00   70   70   39   39
 1.2952032617886935e+00   70   70   40   40
 1.4646730087025985e+00   70   70   41   41
 1.5351036862860439e+00   70   70   42   42
 2.0156925034731628e+00   70   70   43   43
 2.2430661872555584e+00   70   70   44   44
 2.0382598699675918e+00   70   70   45   45
 1.7512268587271740e+00   70   70   46   46
 1.6400840531289711e+00   70   70   47   47
 7.4225279819635626e-01   70   70   48   48
 1.7380999211947490e+00   70   70   49   49
 8.2712339487437692e-01   70   70   50   50
 7.9238198248805403e-01   70   70   51   51
 8.3599623409144119e-01   70   70   52   52
 8.8722378884025987e-01   70   70   53   53
 7.8808849155610128e-01   70   70   54   54
 7.8427688717482735e-01   70   70   55   55
 8.3594612197027873e-01   70   70   56   56
 1.9937196270839821e+00   70   70   57   57
 1.6982267172164836e+00   70   70   58   58
 1.5219004346516649e+00   70   70   59   59
 8.8027945775043326e-01   70   70   60   60
 1.5401725354748510e+00   70   70   61   61
 1.7394876686707419e+00   70   70   62   62
 2.6068120200765308e+00   70   70   63   63
 3.5074793595171085e+00   70   70   64   64
 1.4992786916807253e+00   70   70   65   65
 1.2403466221666402e+00   70   70   66   66
 1.2788317765304429e+00   70   70   67   67
 1.4998854905451555e+00   70   70   68   68
 2.7884705811890398e+00   70   70   69   69
 9.6429912899999994e+00   70   70   70   70
 2.4203042036616971e+00   71   71    1    1
 2.5648086072096676e+00   71   71    2    2
 2.1270584703585746e+00   71   71    3    3
 1.8308380786552667e+00   71   71    4    4
 1.7837772675191359e+00   71   71    5    5
 1.9989736426841531e+00   71   71    6    6
 1.0780479194213779e+00   71   71    7    7
 1.0328650692730752e+00   71   71    8    8
 1.0434702253858827e+00   71   71    9    9
 9.9063202348362112e-01   71   71   10   10
 9.3439890589626273e-01   71   71   11   11
 7.9027554646982934e-01   71   71   12   12
 9.2581855768609977e-01   71   71   13   13
 9.6870502349836018e-01   71   71   14   14
 1.0113649549963715e+00   71   71   15   15
 9.3723964175590124e-01   71   71   16   16
 8.8491264956684246e-01   71   71   17   17
 8.8952645563431743e-01   71   71   18   18
 8.4014996919260987e-01   71   71   19   19
 9.5067219185805696e-01   71   71   20   20
 1.0164424579611702e+00   71   71   21   21
 3.1899112047979425e+00   71   71   22   22
 3.2026548398283534e+00   71   71   23   23
 2.9671092933527272e+00   71   71   24   24
 2.5864553968253357e+00   71   71   25   25
 2.4205802487777901e+00   71   71   26   26
 7.8628526494409978e-01   71   71   27   27
 2.5355925732993092e+00   71   71   28   28
 2.8856701609298003e+00   71   71   29   29
 3.4509766792230412e+00   71   71   30   30
 4.4578368578934526e+00   71   71   31   31
 3.5264312916493510e+00   71   71   32   32
 2.7087780648467392e+00   71   71   33   33
 2.2433643060277868e+00   71   71   34   34
 2.4822856885384947e+00   71   71   35   35
 2.6909459040020471e+00   71   71   36   36
 1.4617360436896889e+00   71   71   37   37
 1.2928831432991905e+00   71   71   38   38
 1.1991536970524257e+00   71   71   39   39
 1.2418657091713217e+00   71   71   40   40
 1.3873468843410630e+00   71   71   41   41
 1.5327832374348815e+00   71   71   42   42
 1.7448108780631888e+00   71   71   43   43
 2.0342629917688106e+00   71   71   44   44
 1.9971943339405989e+00   71   71   45   45
 1.7010255810358264e+00   71   71   46   46
 1.5252925346702439e+00   71   71   47   47
 7.9124321088323601e-01   71   71   48   48
 1.5444569599673956e+00   71   71   49   49
 8.9128944105846120e-01   71   71   50   50
 8.2634017381627189e-01   71   71   51   51
 7.7369923849535538e-01   71   71   52   52
 8.2283426587232600e-01   71   71   53   53
 7.3916066517551426e-01   71   71   54   54
 7.4706898205877792e-01   71   71   55   55
 8.8280694775435287e-01   71   71   56   56
 2.0094949361852859e+00   71   71   57   57
 1.7348342155415222e+00   71   71   58   58
 1.6409600640719098e+00   71   71   59   59
 8.3276827737537973e-01   71   71   60   60
 1.7569733020990244e+00   71   71   61   61
 2.0465309434606636e+00   71   71   62   62
 3.4997893616287490e+00   71   71   63   63
 2.6073941318861475e+00   71   71   64   64
 1.5017329561472343e+00   71   71   65   65
 1.2764697999859547e+00   71   71   66   66
 1.2400931450460020e+00   71   71   67   67
 1.4937009141487358e+00   71   71   68   68
 3.5031331161720782e+00   71   71   69   69
 3.2721323439992482e+00   71   71   70   70
 9.6429912899999994e+00   71   71   71   71
 2.8853505888341044e+00   72   72    1    1
 3.2040013244668786e+00   72   72    2    2
 2.9680868399458857e+00   72   72    3    3
 2.5854122636151353e+00   72   72    4    4
 2.4183828904618174e+00   72   72    5    5
 2.5344522672406002e+00   72   72    6    6
 1.3351823310233077e+00   72   72    7    7
 1.2570157829830730e+00   72   72    8    8
 1.2962156913746419e+00   72   72    9    9
 1.2022961240908872e+00   72   72   10   10
 1.0966684601927152e+00   72   72   11   11
 9.1954724583073033e-01   72   72   12   12
 1.0717137065100599e+00   72   72   13   13
 1.1362123912805651e+00   72   72   14   14
 1.2448837515466231e+00   72   72   15   15
 1.1643003220228392e+00   72   72   16   16
 1.0871053701793341e+00   72   72   17   17
 1.0727255180188098e+00   72   72   18   18
 9.3210151357646231e-01   72   72   19   19
 1.1328745209940807e+00   72   72   20   20
 1.2209637980998500e+00   72   72   21   21
 3.1901898058882998e+00   72   72   22   22
 2.5642438255609763e+00   72   72   23   23
 2.1271917373257452e+00   72   72   24   24
 1.8302879862971229e+00   72   72   25   25
 1.7829764821084901e+00   72   72   26   26
 9.0069029974495207e-01   72   72   27   27
 1.9973235857219791e+00   72   72   28   28
 2.4189367709103040e+00   72   72   29   29
 3.4514227545651801e+00   72   72   30   30
 2.6909947414476023e+00   72   72   31   31
 2.4823503143023249e+00   72   72   32   32
 2.7087904929343738e+00   72   72   33   33
 2.2434654172057584e+00   72   72   34   34
 3.5264252946337806e+00   72   72   35   35
 4.4580293969225231e+00   72   72   36   36
 1.7814245091450371e+00   72   72   37   37
 1.5679472179719767e+00   72   72   38   38
 1.5170118476938104e+00   72   72   39   39
 1.6683105189332155e+00   72   72   40   40
 1.9394827303897064e+00   72   72   41   41
 2.0351757631109315e+00   72   72   42   42
 1.4367923521777035e+00   72   72   43   43
 1.5296752257783335e+00   72   72   44   44
 1.4080917799657189e+00   72   72   45   45
 1.2553719156949432e+00   72   72   46   46
 1.2024894616941020e+00   72   72   47   47
 8.8757111333893390e-01   72   72   48   48
 1.2749783440471536e+00   72   72   49   49
 1.0004431446819104e+00   72   72   50   50
 9.6100213316554906e-01   72   72   51   51
 9.2155691226908931e-01   72   72   52   52
 9.9379042483011892e-01   72   72   53   53
 8.6253505467944103e-01   72   72   54   54
 8.6291564654937691e-01   72   72   55   55
 1.0182796929744586e+00   72   72   56   56
 2.0477628449463401e+00   72   72   57   57
 1.7571136311156292e+00   72   72   58   58
 1.6403906253426768e+00   72   72   59   59
 9.9244603026277833e-01   72   72   60   60
 1.7329604576590096e+00   72   72   61   61
 2.0072935607268461e+00   72   72   62   62
 3.2781831557880121e+00   72   72   63   63
 3.5002537269018963e+00   72   72   64   64
 1.9642114316980444e+00   72   72   65   65
 1.4493954958198536e+00   72   72   66   66
 1.5568694730183241e+00   72   72   67   67
 1.7196135885702557e+00   72   72   68   68
 2.6082051663597565e+00   72   72   69   69
 3.4991349090182160e+00   72   72   70   70
 2.7878627424338633e+00   72   72   71   71
 9.6429912899999994e+00   72   72   72   72
 1.8240930193794362e+00   73   73    1    1
 1.6336788683212340e+00   73   73    2    2
 1.6795485374822678e+00   73   73    3    3
 1.9210137170910677e+00   73   73    4    4
 2.2484520284664149e+00   73   73    5    5
 2.1588419129687049e+00   73   73    6    6
 3.1903269506891414e+00   73   73    7    7
 3.2028068637891689e+00   73   73    8    8
 2.8866557616911743e+00   73   73    9    9
 2.5324729727703823e+00   73   73   10   10
 2.4137702456836192e+00   73   73   11   11
 1.4498951143037122e+00   73   73   12   12
 2.5785244543475296e+00   73   73   13   13
 2.9617952424026348e+00   73   73   14   14
 2.5654854770948674e+00   73   73   15   15
 2.1286777844371394e+00   73   73   16   16
 1.8324570603948807e+00   73   73   17   17
 1.7855566577714932e+00   73   73   18   18
 1.6952365499355497e+00   73   73   19   19
 1.9996954949924128e+00   73   73   20   20
 2.4206445986928364e+00   73   73   21   21
 1.4239753730211564e+00   73   73   22   22
 1.3252289732835840e+00   73   73   23   23
 1.3570013029040364e+00   73   73   24   24
 1.2459678759541251e+00   73   73   25   25
 1.1345141313634044e+00   73   73   26   26
 1.5393008770571690e+00   73   73   27   27
 1.1147085417057476e+00   73   73   28   28
 1.1913593915797627e+00   73   73   29   29
 1.3299401694324962e+00   73   73   30   30
 1.2379279569223969e+00   73   73   31   31
 1.1550346024800207e+00   73   73   32   32
 1.1429873617104835e+00   73   73   33   33
 1.0544369911091469e+00   73   73   34   34
 1.2121586944455220e+00   73   73   35   35
 1.3089793027068721e+00   73   73   36   36
 3.5296776264478962e+00   73   73   37   37
 4.4597334129576831e+00   73   73   38   38
 3.4521867303332350e+00   73   73   39   39
 2.6919392208698274e+00   73   73   40   40
 2.4831971589411141e+00   73   73   41   41
 2.7097462387537887e+00   73   73   42   42
 1.0307233586166038e+00   73   73   43   43
 1.0457685392562506e+00   73   73   44   44
 9.7877892314145110e-01   73   73   45   45
 9.1416733481775891e-01   73   73   46   46
 9.0302915522650273e-01   73   73   47   47
 1.5200982440363187e+00   73   73   48   48
 9.5482936299907883e-01   73   73   49   49
 1.9900222957597444e+00   73   73   50   50
 1.7392227087944310e+00   73   73   51   51
 1.2513607126866340e+00   73   73   52   52
 1.4010598979570801e+00   73   73   53   53
 1.2048073621860897e+00   73   73   54   54
 1.2843594260007940e+00   73   73   55   55
 2.0272590942859390e+00   73   73   56   56
 9.7193599775383654e-01   73   73   57   57
 9.0993704944147857e-01   73   73   58   58
 9.1074539632835061e-01   73   73   59   59
 1.5322997740461788e+00   73   73   60   60
 9.7708811796963679e-01   73   73   61   61
 1.0578090437515502e+00   73   73   62   62
 2.2391869373720894e+00   73   73   63   63
 1.9380032142697279e+00   73   73   64   64
 3.2793742050170542e+00   73   73   65   65
 3.4985923216573065e+00   73   73   66   66
 2.6078594268895898e+00   73   73   67   67
 3.4985374769961299e+00   73   73   68   68
 2.0574173673020182e+00   73   73   69   69
 1.5216016651864297e+00   73   73   70   70
 1.6396027323194111e+00   73   73   71   71
 1.8420799665351082e+00   73   73   72   72
 9.6429912899999994e+00   73   73   73   73
 1.6798181395227041e+00   74   74    1    1
 1.6338260917771059e+00   74   74    2    2
 1.8236667027166340e+00   74   74    3    3
 2.1578556674354732e+00   74   74    4    4
 2.2481518985706948e+00   74   74    5    5
 1.9212576302987443e+00   74   74    6    6
 3.1904115766178105e+00   74   74    7    7
 2.5647714237396295e+00   74   74    8    8
 2.4196902152630315e+00   74   74    9    9
 1.9984242536989598e+00   74   74   10   10
 1.7843019142701577e+00   74   74   11   11
 1.7352037807185463e+00   74   74   12   12
 1.8314390515610379e+00   74   74   13   13
 2.1278814249039857e+00   74   74   14   14
 3.2011192806637325e+00   74   74   15   15
 2.9568128318785742e+00   74   74   16   16
 2.5715243507125001e+00   74   74   17   17
 2.4070552667714242e+00   74   74   18   18
 1.2514128394921595e+00   74   74   19   19
 2.5282333989915680e+00   74   74   20   20
 2.8854834416110213e+00   74   74   21   21
 1.4244114044035014e+00   74   74   22   22
 1.3293542603888289e+00   74   74   23   23
 1.3063442852658300e+00   74   74   24   24
 1.2090101275027287e+00   74   74   25   25
 1.1409828573623870e+00   74   74   26   26
 1.2811713733145020e+00   74   74   27   27
 1.1545480521599445e+00   74   74   28   28
 1.2382440366398162e+00   74   74   29   29
 1.3267717613161281e+00   74   74   30   30
 1.1922330955433251e+00   74   74   31   31
 1.1161550408988707e+00   74   74   32   32
 1.1371354389520332e+00   74   74   33   33
 1.0484813508334172e+00   74   74   34   34
 1.2497647974080255e+00   74   74   35   35
 1.3604583269152766e+00   74   74   36   36
 2.4831271350658977e+00   74   74   37   37
 2.6920124202960332e+00   74   74   38   38
 3.4525639095130018e+00   74   74   39   39
 4.4598035790159347e+00   74   74   40   40
 3.5292923288003171e+00   74   74   41   41
 2.7095374561348620e+00   74   74   42   42
 1.0591323512555886e+00   74   74   43   43
 1.0522041478019262e+00   74   74   44   44
 9.6719532385743012e-01   74   74   45   45
 9.0581380380909615e-01   74   74   46   46
 9.0869218250819050e-01   74   74   47   47
 1.2033946013186649e+00   74   74   48   48
 9.7771279139441525e-01   74   74   49   49
 1.4017945030406860e+00   74   74   50   50
 1.4460032254894857e+00   74   74   51   51
 1.6874761844082296e+00   74   74   52   52
 1.9801118560451310e+00   74   74   53   53
 1.5148089732411356e+00   74   74   54   54
 1.5352932631402891e+00   74   74   55   55
 1.5309437598853139e+00   74   74   56   56
 9.8877469565702236e-01   74   74   57   57
 9.2231348407194069e-01   74   74   58   58
 9.0526653676602620e-01   74   74   59   59
 2.0203631380850653e+00   74   74   60   60
 9.5038190408983692e-01   74   74   61   61
 1.0245874477818915e+00   74   74   62   62
 1.9384228284520348e+00   74   74   63   63
 2.2384538206427589e+00   74   74   64   64
 3.4985485848334750e+00   74   74   65   65
 2.6074685237400250e+00   74   74   66   66
 3.4957615412802561e+00   74   74   67   67
 3.2835702027596674e+00   74   74   68   68
 1.8364172804456844e+00   74   74   69   69
 1.6429389733381976e+00   74   74   70   70
 1.5207546219587464e+00   74   74   71   71
 2.0650988348291186e+00   74   74   72   72
 2.7889527570904735e+00   74   74   73   73
 9.6429912899999994e+00   74   74   74   74
-1.3424720133083360e+02    1    1    0    0
-2.0183484359680564e+00    2    1    0    0
-1.3763646021649583e+02    2    2    0    0
-2.0181863142274756e+00    3    2    0    0
-1.3421024389574714e+02    3    3    0    0
-2.1236317319097653e+00    4    3    0    0
-1.3136753263059850e+02    4    4    0    0
-2.0831244922416414e+00    5    4    0    0
-1.3355202029001640e+02    5    5    0    0
-2.1237419126130317e+00    6    1    0    0
-2.0830798384441316e+00    6    5    0    0
-1.3141292174015300e+02    6    6    0    0
-1.3634466147735253e+02    7    7    0    0
-1.2080755053406047e+00    8    7    0    0
-1.3193694106364254e+02    8    8    0    0
-2.0190608131373957e+00    9    8    0    0
-1.2657580570770773e+02    9    9    0    0
-2.1173905229582868e+00   10    9    0    0
-1.1661240087556064e+02   10   10    0    0
-2.0893921402822984e+00   11   10    0    0
-1.1332367207722982e+02   11   11    0    0
-9.5278110818795639e+01   12   12    0    0
-2.0887224717547381e+00   13   11    0    0
-1.1452586234167372e+02   13   13    0    0
-2.0183524810829172e+00   14    8    0    0
-2.1184641393821320e+00   14   13    0    0
-1.2409235763698132e+02   14   14    0    0
-1.2097481333555518e+00   15    7    0    0
-1.3188302315935618e+02   15   15    0    0
-2.0184175769459141e+00   16   15    0    0
-1.2403705191588659e+02   16   16    0    0
-2.1181042981410454e+00   17   16    0    0
-1.1444037638248518e+02   17   17    0    0
-2.0887598422153770e+00   18   17    0    0
-1.1321365528156801e+02   18   18    0    0
-8.7581193146145026e+01   19   19    0    0
-2.0891214767168766e+00   20   18    0    0
-1.1649294230337676e+02   20   20    0    0
-2.0190276384326871e+00   21   15    0    0
-2.1177400299490330e+00   21   20    0    0
-1.2647631709138930e+02   21   21    0    0
-1.1946887135098212e+00   22    2    0    0
-1.3634405121579354e+02   22   22    0    0
-1.1997779645326661e+00   23   22    0    0
-1.3188234237179978e+02   23   23    0    0
-2.0194656805595796e+00   24   23    0    0
-1.2642942804966178e+02   24   24    0    0
-2.1178265676159120e+00   25   24    0    0
-1.1643897188379158e+02   25   25    0    0
-2.0886340485728181e+00   26   25    0    0
-1.1320286103543296e+02   26   26    0    0
-8.6372117938242766e+01   27   27    0    0
-2.0884139088979645e+00   28   26    0    0
-1.1446227069615311e+02   28   28    0    0
-2.0189224841346625e+00   29   23    0    0
-2.1177811737135430e+00   29   28    0    0
-1.2406116922890209e+02   29   29    0    0
-1.2090347664074279e+00   30   22    0    0
-1.3192108711550952e+02   30   30    0    0
-2.0182926845991722e+00   31   30    0    0
-1.2408990805427079e+02   31   31    0    0
-2.1176744381413317e+00   32   31    0    0
-1.1451523431269626e+02   32   32    0    0
-2.0891050933530626e+00   33   32    0    0
-1.1328749805949758e+02   33   33    0    0
-1.5711716933283443e-01   34   33    0    0
-1.0323838392778379e+02   34   34    0    0
-2.0888174979980523e+00   35   33    0    0
-1.1654892251074928e+02   35   35    0    0
-2.0189117031009425e+00   36   30    0    0
-2.1175087218789317e+00   36   35    0    0
-1.2652433700681095e+02   36   36    0    0
-1.3136753424731293e+02   37   37    0    0
-2.1240976172792343e+00   38   37    0    0
-1.3422664601216843e+02   38   38    0    0
-1.2146507573521195e+00   39    7    0    0
-2.0170240127618682e+00   39   38    0    0
-1.3764216161334730e+02   39   39    0    0
-2.0172301805731290e+00   40   39    0    0
-1.3420398822630392e+02   40   40    0    0
-2.1237878241321679e+00   41   40    0    0
-1.3135554259019941e+02   41   41    0    0
-1.4713998544875784e+00   42    5    0    0
-2.0824204966522402e+00   42   37    0    0
-2.0820955041643132e+00   42   41    0    0
-1.3355372730175827e+02   42   42    0    0
-9.6772863657084955e+01   43   43    0    0
-1.8725030249891961e-01   44   26    0    0
-2.0443856758241203e+00   44   43    0    0
-1.0314523099440443e+02   44   44    0    0
-2.0510113698597601e+00   45   44    0    0
-9.5122537830670893e+01   45   45    0    0
-2.0859983618833131e+00   46   45    0    0
-8.6182404272727226e+01   46   46    0    0
-2.0966585025145426e+00   47   46    0    0
-8.3286406076525395e+01   47   47    0    0
-2.0919363253630454e+00   48   19    0    0
-2.0941685594655364e+00   48   27    0    0
-8.3411246706874451e+01   48   48    0    0
-2.0929441274780620e+00   49   43    0    0
-2.0896089307354635e+00   49   47    0    0
-8.7554529861836812e+01   49   49    0    0
-2.0906468485523568e+00   50   19    0    0
-9.6793255135766074e+01   50   50    0    0
-2.0881774647257769e+00   51   27    0    0
-9.5312693177941696e+01   51   51    0    0
-8.7386721112073332e+01   52   52    0    0
-2.0885686298078379e+00   53   52    0    0
-9.6572570739155395e+01   53   53    0    0
-2.0939095367044271e+00   54   52    0    0
-8.3287053313605441e+01   54   54    0    0
-2.0901992923854671e+00   55   12    0    0
-2.0921891584809327e+00   55   54    0    0
-8.6315487127673521e+01   55   55    0    0
-1.3897875897760051e-01   56   11    0    0
-2.0470813702354320e+00   56   50    0    0
-2.0490068338327858e+00   56   51    0    0
-1.0327746494061589e+02   56   56    0    0
-2.0479500261544050e+00   57   34    0    0
-9.5308718608602447e+01   57   57    0    0
-2.0892548669013680e+00   58   57    0    0
-8.6355923973789345e+01   58   58    0    0
-2.0933714649522051e+00   59   58    0    0
-8.3375877054075559e+01   59   59    0    0
-2.0469383030354367e+00   60   12    0    0
-1.7497444815682545e-01   60   18    0    0
-2.0487933759094576e+00   60   53    0    0
-1.0315334710236013e+02   60   60    0    0
-2.0927445487697964e+00   61   59    0    0
-8.7530926972786318e+01   61   61    0    0
-2.0476987067389567e+00   62   34    0    0
-2.0896670953418428e+00   62   61    0    0
-9.6727298748692263e+01   62   62    0    0
-2.0321329712792897e+00   63    1    0    0
-1.7410488542487033e+02   63   63    0    0
-2.0321131790878884e+00   64    3    0    0
-1.7402246086184843e+02   64   64    0    0
-2.0276135142278884e+00   65    9    0    0
-1.7143441169603165e+02   65   65    0    0
-2.0272965161308591e+00   66   14    0    0
-1.6331279244024785e+02   66   66    0    0
-2.0273327802284964e+00   67   16    0    0
-1.6328465298665884e+02   67   67    0    0
-2.0272593441036064e+00   68   21    0    0
-1.7127995493890552e+02   68   68    0    0
-2.0278837182153264e+00   69   24    0    0
-1.7112074626706769e+02   69   69    0    0
-2.0273007963556133e+00   70   29    0    0
-1.6334319203301689e+02   70   70    0    0
-2.0272885862964820e+00   71   31    0    0
-1.6333498228683959e+02   71   71    0    0
-2.0277298889989961e+00   72   36    0    0
-1.7131911578894747e+02   72   72    0    0
-2.0316380478345515e+00   73   38    0    0
-1.7397302344301153e+02   73   73    0    0
-2.0317990708906652e+00   74   40    0    0
-1.7391045859133436e+02   74   74    0    0
 5.8997811146429767e+03    0    0    0    0
