&FCI NORB=87, NELEC=100, MS2=0,
 ORBSYM=1,1,1,1,1,1,1,1,1,1,1,1,1,1,1,1,1,1,1,1,1,1,1,1,1,1,1,1,1,1,1,1,1,1,1,1,1,1,1,1,1,1,1,1,1,1,1,1,1,1,1,1,1,1,1,1,1,1,1,1,1,1,1,1,1,1,1,1,1,1,1,1,1,1,1,1,1,1,1,1,1,1,1,1,1,1,1,
 ISYM=1,
&END
 8.4208384499999998e+00    1    1    1    1
 3.9050864554238789e+00    2    2    1    1
 8.4208384499999998e+00    2    2    2    2
 2.8439745616741243e+00    3    3    1    1
 3.9064497922040631e+00    3    3    2    2
 8.4208384499999998e+00    3    3    3    3
 2.5881730525402604e+00    4    4    1    1
 2.8075760888310071e+00    4    4    2    2
 3.9353299403925401e+00    4    4    3    3
 8.4208384499999998e+00    4    4    4    4
 2.7934605653477256e+00    5    5    1    1
 2.4973779804316711e+00    5    5    2    2
 2.7934628299936244e+00    5    5    3    3
 3.9236506653732106e+00    5    5    4    4
 8.4208384499999998e+00    5    5    5    5
 3.9384573378993353e+00    6    6    1    1
 2.8097371090477008e+00    6    6    2    2
 2.5903589433443726e+00    6    6    3    3
 2.8786055249055180e+00    6    6    4    4
 3.9256497688870029e+00    6    6    5    5
 8.4208384499999998e+00    6    6    6    6
 1.1179234323627572e+00    7    7    1    1
 1.0425389281890716e+00    7    7    2    2
 1.1159641144206776e+00    7    7    3    3
 1.3116226892468965e+00    7    7    4    4
 1.4759030992185507e+00    7    7    5    5
 1.3146083551739955e+00    7    7    6    6
 8.4208384499999998e+00    7    7    7    7
 1.0439824497800310e+00    8    8    1    1
 9.6406927895030403e-01    8    8    2    2
 1.0120480168747048e+00    8    8    3    3
 1.1656607044957905e+00    8    8    4    4
 1.3173093466924306e+00    8    8    5    5
 1.2149561471049584e+00    8    8    6    6
 3.8917765007018463e+00    8    8    7    7
 8.4208384499999998e+00    8    8    8    8
 1.0671572228300408e+00    9    9    1    1
 9.7734607836311360e-01    9    9    2    2
 1.0160735901895797e+00    9    9    3    3
 1.1628896706244478e+00    9    9    4    4
 1.3232232609450094e+00    9    9    5    5
 1.2405408908304620e+00    9    9    6    6
 2.7795261064867023e+00    9    9    7    7
 3.9076576134190137e+00    9    9    8    8
 8.4208384499999998e+00    9    9    9    9
 9.7036599580242466e-01   10   10    1    1
 8.8830413303282041e-01   10   10    2    2
 9.1114724519634027e-01   10   10    3    3
 1.0224470911377872e+00   10   10    4    4
 1.1521858391966342e+00   10   10    5    5
 1.1071972982693892e+00   10   10    6    6
 2.0693138802168889e+00   10   10    7    7
 2.8103425458066686e+00   10   10    8    8
 3.9365323003773289e+00   10   10    9    9
 8.4208384499999998e+00   10   10   10   10
 8.7963629823146094e-01   11   11    1    1
 8.0936638820076068e-01   11   11    2    2
 8.2764394592494361e-01   11   11    3    3
 9.2021378876230564e-01   11   11    4    4
 1.0268466990283940e+00   11   11    5    5
 9.9237406164303066e-01   11   11    6    6
 1.8573539816543407e+00   11   11    7    7
 2.4986663305322772e+00   11   11    8    8
 2.7923364248047959e+00   11   11    9    9
 3.9222990205607822e+00   11   11   10   10
 8.4208384499999998e+00   11   11   11   11
 6.6261635610716407e-01   12   12    1    1
 6.5639813571618055e-01   12   12    2    2
 7.0427789766641236e-01   12   12    3    3
 7.6878650143519223e-01   12   12    4    4
 7.8007339081533045e-01   12   12    5    5
 7.1630220169382830e-01   12   12    6    6
 1.1258089582003092e+00   12   12    7    7
 1.0408796016140447e+00   12   12    8    8
 9.2139963451550688e-01   12   12    9    9
 8.5669474134343182e-01   12   12   10   10
 8.7085837482617745e-01   12   12   11   11
 8.4208384499999998e+00   12   12   12   12
 8.7002525307274814e-01   13   13    1    1
 8.0457787931924796e-01   13   13    2    2
 8.2829960966260274e-01   13   13    3    3
 9.2513471856428209e-01   13   13    4    4
 1.0289045080455572e+00   13   13    5    5
 9.8383914163728847e-01   13   13    6    6
 2.0712436376218717e+00   13   13    7    7
 2.8103210472930562e+00   13   13    8    8
 2.5885153870949646e+00   13   13    9    9
 2.8776690981303013e+00   13   13   10   10
 3.9248313999513602e+00   13   13   11   11
 9.6979683356596391e-01   13   13   12   12
 8.4208384499999998e+00   13   13   13   13
 9.3386891681191264e-01   14   14    1    1
 8.6577923524281719e-01   14   14    2    2
 9.0138025600820526e-01   14   14    3    3
 1.0207101407377250e+00   14   14    4    4
 1.1388761136815693e+00   14   14    5    5
 1.0684006661874412e+00   14   14    6    6
 2.7833763304108436e+00   14   14    7    7
 3.9057441660274201e+00   14   14    8    8
 2.8431397629601829e+00   14   14    9    9
 2.5893825205098864e+00   14   14   10   10
 2.7947765187261582e+00   14   14   11   11
 1.0728096442336219e+00   14   14   12   12
 3.9402907209270670e+00   14   14   13   13
 8.4208384499999998e+00   14   14   14   14
 1.0127566669167845e+00   15   15    1    1
 9.6349649934536363e-01   15   15    2    2
 1.0413931755138683e+00   15   15    3    3
 1.2114978213412286e+00   15   15    4    4
 1.3166596219847460e+00   15   15    5    5
 1.1669419763573787e+00   15   15    6    6
 3.8979892895207304e+00   15   15    7    7
 2.8109904101578693e+00   15   15    8    8
 2.1129275797689804e+00   15   15    9    9
 1.7099535386724349e+00   15   15   10   10
 1.6187357598982599e+00   15   15   11   11
 1.3290042793751966e+00   15   15   12   12
 1.8606258352082377e+00   15   15   13   13
 2.4588622785568841e+00   15   15   14   14
 8.4208384499999998e+00   15   15   15   15
 9.0579499536044650e-01   16   16    1    1
 8.6913328645914134e-01   16   16    2    2
 9.3703685130358805e-01   16   16    3    3
 1.0728896314368910e+00   16   16    4    4
 1.1452432522705971e+00   16   16    5    5
 1.0265701653331099e+00   16   16    6    6
 2.7887052989856986e+00   16   16    7    7
 2.4522489660731415e+00   16   16    8    8
 1.9643377927569918e+00   16   16    9    9
 1.6650927393146233e+00   16   16   10   10
 1.6097070730939096e+00   16   16   11   11
 1.4090515708415701e+00   16   16   12   12
 1.8416310113219720e+00   16   16   13   13
 2.3095751509249216e+00   16   16   14   14
 3.9052178276032166e+00   16   16   15   15
 8.4208384499999998e+00   16   16   16   16
 8.3171753654893199e-01   17   17    1    1
 8.0741311355809187e-01   17   17    2    2
 8.7266476981065555e-01   17   17    3    3
 9.8758056403694638e-01   17   17    4    4
 1.0339948490881035e+00   17   17    5    5
 9.2955677526751634e-01   17   17    6    6
 2.0759143875732970e+00   17   17    7    7
 1.8586625018850977e+00   17   17    8    8
 1.5555297848499154e+00   17   17    9    9
 1.3735802728825861e+00   17   17   10   10
 1.3594564821801123e+00   17   17   11   11
 1.7070660501733945e+00   17   17   12   12
 1.5473509345537955e+00   17   17   13   13
 1.8441344226085825e+00   17   17   14   14
 2.8152291776237059e+00   17   17   15   15
 3.9429264056877229e+00   17   17   16   16
 8.4208384499999998e+00   17   17   17   17
 8.2862783895346481e-01   18   18    1    1
 8.0964785964896258e-01   18   18    2    2
 8.7841373729931849e-01   18   18    3    3
 9.9130897248396077e-01   18   18    4    4
 1.0281996176410546e+00   18   18    5    5
 9.2186469989878872e-01   18   18    6    6
 1.8680527533455984e+00   18   18    7    7
 1.6256074315091613e+00   18   18    8    8
 1.3634875476381054e+00   18   18    9    9
 1.2084184498136972e+00   18   18   10   10
 1.2006315852405549e+00   18   18   11   11
 2.0761865126782588e+00   18   18   12   12
 1.3673763575843996e+00   18   18   13   13
 1.6218327840971436e+00   18   18   14   14
 2.5154908192611138e+00   18   18   15   15
 2.8063162781690871e+00   18   18   16   16
 3.9349892428560671e+00   18   18   17   17
 8.4208384499999998e+00   18   18   18   18
 1.0430531106330252e+00   19   19    1    1
 1.0257466077558672e+00   19   19    2    2
 9.0829862939226358e-01   19   19    3    3
 8.3730067084482751e-01   19   19    4    4
 8.4296201826884831e-01   19   19    5    5
 9.3528415528303410e-01   19   19    6    6
 5.9790474710868680e-01   19   19    7    7
 5.9011704304905799e-01   19   19    8    8
 6.1416676170487283e-01   19   19    9    9
 5.9791231975869463e-01   19   19   10   10
 5.6231200505376000e-01   19   19   11   11
 4.2623205877171133e-01   19   19   12   12
 5.4486228473385789e-01   19   19   13   13
 5.5580283839298872e-01   19   19   14   14
 5.5953237451722870e-01   19   19   15   15
 5.2801296526643227e-01   19   19   16   16
 4.9821427533396767e-01   19   19   17   17
 4.9253842379594331e-01   19   19   18   18
 8.4208384499999998e+00   19   19   19   19
 9.0676867977910536e-01   20   20    1    1
 8.8297441212038330e-01   20   20    2    2
 9.6108425496265859e-01   20   20    3    3
 1.0954184355099450e+00   20   20    4    4
 1.1442098091228505e+00   20   20    5    5
 1.0175880233384951e+00   20   20    6    6
 2.0737470631319108e+00   20   20    7    7
 1.7155421053773605e+00   20   20    8    8
 1.4120935276345816e+00   20   20    9    9
 1.2289199916951787e+00   20   20   10   10
 1.2093544162522269e+00   20   20   11   11
 1.8371425401433632e+00   20   20   12   12
 1.3822871246542456e+00   20   20   13   13
 1.6778095108415658e+00   20   20   14   14
 2.8140156539330681e+00   20   20   15   15
 2.5842559106550818e+00   20   20   16   16
 2.8710791903642314e+00   20   20   17   17
 3.9321869366030344e+00   20   20   18   18
 5.1751597541852523e-01   20   20   19   19
 8.4208384499999998e+00   20   20   20   20
 1.0113224639938827e+00   21   21    1    1
 9.7152044342798893e-01   21   21    2    2
 1.0567290753690823e+00   21   21    3    3
 1.2262023572598180e+00   21   21    4    4
 1.3127383184978842e+00   21   21    5    5
 1.1571525449605109e+00   21   21    6    6
 2.7853724957655568e+00   21   21    7    7
 2.1202783665592615e+00   21   21    8    8
 1.6811961926108747e+00   21   21    9    9
 1.4128425544571206e+00   21   21   10   10
 1.3634229728211513e+00   21   21   11   11
 1.4753940308645186e+00   21   21   12   12
 1.5629877754946233e+00   21   21   13   13
 1.9769130776132597e+00   21   21   14   14
 3.9062937004225855e+00   21   21   15   15
 2.8350303196356084e+00   21   21   16   16
 2.5843038437026502e+00   21   21   17   17
 2.8040086159793010e+00   21   21   18   18
 5.5233214979830303e-01   21   21   19   19
 3.9378145263748312e+00   21   21   20   20
 8.4208384499999998e+00   21   21   21   21
 2.7796853750804535e+00   22   22    1    1
 3.8895257123735916e+00   22   22    2    2
 2.7788417495300490e+00   22   22    3    3
 2.0678564126135424e+00   22   22    4    4
 1.8562413762534971e+00   22   22    5    5
 2.0695229795178385e+00   22   22    6    6
 9.1120244993518362e-01   22   22    7    7
 8.5128781787523766e-01   22   22    8    8
 8.6363442502981136e-01   22   22    9    9
 7.9538728994372243e-01   22   22   10   10
 7.3115338457343038e-01   22   22   11   11
 6.0752874127609280e-01   22   22   12   12
 7.2581669176375629e-01   22   22   13   13
 7.7413542666353519e-01   22   22   14   14
 8.5108128815621953e-01   22   22   15   15
 7.7666728800027562e-01   22   22   16   16
 7.2817338434456380e-01   22   22   17   17
 7.3178609444283060e-01   22   22   18   18
 1.1244915813688143e+00   22   22   19   19
 7.9198674724083695e-01   22   22   20   20
 8.6008527773633936e-01   22   22   21   21
 8.4208384499999998e+00   22   22   22   22
 2.0904451773190611e+00   23   23    1    1
 2.7724306561460068e+00   23   23    2    2
 2.4178382259077043e+00   23   23    3    3
 1.8351420325703853e+00   23   23    4    4
 1.6013171611550339e+00   23   23    5    5
 1.6932574991982237e+00   23   23    6    6
 8.5077788949269173e-01   23   23    7    7
 7.9123796312994144e-01   23   23    8    8
 7.9448835395814643e-01   23   23    9    9
 7.3272289513611621e-01   23   23   10   10
 6.7909519902568016e-01   23   23   11   11
 6.0042395237549318e-01   23   23   12   12
 6.7883958459966309e-01   23   23   13   13
 7.2514500511633928e-01   23   23   14   14
 8.0649037097859022e-01   23   23   15   15
 7.3913886346859647e-01   23   23   16   16
 7.0034584603766203e-01   23   23   17   17
 7.0979352920779393e-01   23   23   18   18
 1.0489003815038322e+00   23   23   19   19
 7.6781193190803609e-01   23   23   20   20
 8.2420220148217394e-01   23   23   21   21
 3.8894154059050332e+00   23   23   22   22
 8.4208384499999998e+00   23   23   23   23
 1.9204584443490591e+00   24   24    1    1
 2.4174908282157830e+00   24   24    2    2
 2.2982286451175837e+00   24   24    3    3
 1.8273874497060996e+00   24   24    4    4
 1.5903657925669896e+00   24   24    5    5
 1.6353832808288653e+00   24   24    6    6
 8.6649695789503944e-01   24   24    7    7
 7.9909190226786853e-01   24   24    8    8
 7.9200642549214417e-01   24   24    9    9
 7.2753627948329136e-01   24   24   10   10
 6.7830516117191508e-01   24   24   11   11
 6.2796950564305365e-01   24   24   12   12
 6.8440386578815271e-01   24   24   13   13
 7.3551126878532402e-01   24   24   14   14
 8.2845539757736852e-01   24   24   15   15
 7.5519622027511102e-01   24   24   16   16
 7.1944950212202985e-01   24   24   17   17
 7.3658233083995228e-01   24   24   18   18
 9.4014201076874893e-01   24   24   19   19
 8.0303633612100012e-01   24   24   20   20
 8.5873445670537196e-01   24   24   21   21
 2.7755965003201899e+00   24   24   22   22
 3.9030060319532587e+00   24   24   23   23
 8.4208384499999998e+00   24   24   24   24
 1.5250149410444154e+00   25   25    1    1
 1.8315707864334116e+00   25   25    2    2
 1.8171826763336998e+00   25   25    3    3
 1.5214935707039232e+00   25   25    4    4
 1.3356599049557760e+00   25   25    5    5
 1.3473540604354382e+00   25   25    6    6
 7.9708378973362493e-01   25   25    7    7
 7.3591382625042367e-01   25   25    8    8
 7.2575474193638578e-01   25   25    9    9
 6.6958044069356815e-01   25   25   10   10
 6.2857087322248062e-01   25   25   11   11
 6.1159267969013420e-01   25   25   12   12
 6.3648562797164121e-01   25   25   13   13
 6.8280419974916706e-01   25   25   14   14
 7.7136370881243954e-01   25   25   15   15
 7.0839770448460748e-01   25   25   16   16
 6.8150474123699090e-01   25   25   17   17
 7.0178456175881965e-01   25   25   18   18
 8.7699590496573132e-01   25   25   19   19
 7.6191779729101572e-01   25   25   20   20
 8.0452917426875159e-01   25   25   21   21
 2.0678721256069594e+00   25   25   22   22
 2.8094813847024156e+00   25   25   23   23
 3.9369222199207061e+00   25   25   24   24
 8.4208384499999998e+00   25   25   25   25
 1.3426872720381304e+00   26   26    1    1
 1.5981485850583952e+00   26   26    2    2
 1.5766923839575162e+00   26   26    3    3
 1.3289677989090787e+00   26   26    4    4
 1.1734729265285704e+00   26   26    5    5
 1.1866955890643422e+00   26   26    6    6
 7.3020209979091311e-01   26   26    7    7
 6.7871436296006382e-01   26   26    8    8
 6.7285727248596194e-01   26   26    9    9
 6.2455758201481404e-01   26   26   10   10
 5.8702062549072109e-01   26   26   11   11
 5.7275195092110021e-01   26   26   12   12
 5.9208332989915935e-01   26   26   13   13
 6.3155296202644384e-01   26   26   14   14
 7.0838824224156949e-01   26   26   15   15
 6.5672703570091384e-01   26   26   16   16
 6.3386515278787003e-01   26   26   17   17
 6.5036602830159662e-01   26   26   18   18
 8.8841346213133854e-01   26   26   19   19
 6.9958254886275650e-01   26   26   20   20
 7.3431759614262160e-01   26   26   21   21
 1.8606970193261696e+00   26   26   22   22
 2.5056067328052949e+00   26   26   23   23
 2.7998590588442087e+00   26   26   24   24
 3.9322704436409910e+00   26   26   25   25
 8.4208384499999998e+00   26   26   26   26
 1.3988638027330198e+00   27   27    1    1
 1.6875531106694752e+00   27   27    2    2
 1.6211737419181207e+00   27   27    3    3
 1.3389004390539345e+00   27   27    4    4
 1.1826721643018052e+00   27   27    5    5
 1.2118932151263431e+00   27   27    6    6
 7.2247699939320453e-01   27   27    7    7
 6.7526035835811626e-01   27   27    8    8
 6.7556477810924187e-01   27   27    9    9
 6.2876649515068395e-01   27   27   10   10
 5.8839489528243050e-01   27   27   11   11
 5.5275716853389745e-01   27   27   12   12
 5.8944582628408637e-01   27   27   13   13
 6.2615727863225601e-01   27   27   14   14
 6.9623609449363599e-01   27   27   15   15
 6.4747830701936993e-01   27   27   16   16
 6.2200736116128397e-01   27   27   17   17
 6.3318590949760323e-01   27   27   18   18
 9.7773574742971181e-01   27   27   19   19
 6.7774936540850750e-01   27   27   20   20
 7.1439938559203409e-01   27   27   21   21
 2.0708143363145490e+00   27   27   22   22
 2.8101886429529341e+00   27   27   23   23
 2.5878511304954412e+00   27   27   24   24
 2.8785610583104546e+00   27   27   25   25
 3.9363573314156031e+00   27   27   26   26
 8.4208384499999998e+00   27   27   27   27
 1.6704334470377167e+00   28   28    1    1
 2.0862473800234382e+00   28   28    2    2
 1.9126235441938224e+00   28   28    3    3
 1.5205750729581922e+00   28   28    4    4
 1.3390047375998957e+00   28   28    5    5
 1.3982397286430959e+00   28   28    6    6
 7.7065312696346733e-01   28   28    7    7
 7.2116989397026876e-01   28   28    8    8
 7.2631972323346283e-01   28   28    9    9
 6.7464970916387834e-01   28   28   10   10
 6.2732601170355662e-01   28   28   11   11
 5.6357674881799091e-01   28   28   12   12
 6.2549561281828159e-01   28   28   13   13
 6.6438729660331741e-01   28   28   14   14
 7.3525771726615408e-01   28   28   15   15
 6.8099470450186927e-01   28   28   16   16
 6.4897887915970742e-01   28   28   17   17
 6.5678523681268863e-01   28   28   18   18
 1.0719974337077534e+00   28   28   19   19
 7.0420323693570031e-01   28   28   20   20
 7.4919613801962637e-01   28   28   21   21
 2.7807959748249300e+00   28   28   22   22
 3.9009230777646362e+00   28   28   23   23
 2.8391801709746001e+00   28   28   24   24
 2.5884459549337735e+00   28   28   25   25
 2.8031556201898282e+00   28   28   26   26
 3.9426619961517404e+00   28   28   27   27
 8.4208384499999998e+00   28   28   28   28
 2.4495081856392713e+00   29   29    1    1
 2.7985160819832302e+00   29   29    2    2
 2.0994485892508230e+00   29   29    3    3
 1.6971006653854717e+00   29   29    4    4
 1.6064243170594601e+00   29   29    5    5
 1.8488678848747793e+00   29   29    6    6
 8.5170635179514997e-01   29   29    7    7
 8.0765983443976552e-01   29   29    8    8
 8.2840383928566974e-01   29   29    9    9
 7.7200145283942989e-01   29   29   10   10
 7.1019408975342757e-01   29   29   11   11
 5.6755672886273012e-01   29   29   12   12
 6.9910909731205595e-01   29   29   13   13
 7.3788190147843413e-01   29   29   14   14
 7.9184026668551366e-01   29   29   15   15
 7.2780571913667447e-01   29   29   16   16
 6.8125345253290615e-01   29   29   17   17
 6.8020701265088701e-01   29   29   18   18
 1.3268568898316866e+00   29   29   19   19
 7.3076130014049046e-01   29   29   20   20
 7.9261837788861833e-01   29   29   21   21
 3.9022933978903431e+00   29   29   22   22
 2.8121689592666912e+00   29   29   23   23
 2.1068546447952934e+00   29   29   24   24
 1.7074001431031667e+00   29   29   25   25
 1.6228983896208449e+00   29   29   26   26
 1.8661669587218694e+00   29   29   27   27
 2.4686929363830563e+00   29   29   28   28
 8.4208384499999998e+00   29   29   29   29
 1.9822874494166174e+00   30   30    1    1
 2.1252609337919961e+00   30   30    2    2
 1.6820089129405305e+00   30   30    3    3
 1.4127140378233354e+00   30   30    4    4
 1.3639189245589347e+00   30   30    5    5
 1.5650144349588755e+00   30   30    6    6
 7.8112658716713201e-01   30   30    7    7
 7.4578519291923751e-01   30   30    8    8
 7.6250616787577030e-01   30   30    9    9
 7.1692938511144177e-01   30   30   10   10
 6.6552304330652134e-01   30   30   11   11
 5.3654618876588411e-01   30   30   12   12
 6.5610261708833384e-01   30   30   13   13
 6.8860046856898571e-01   30   30   14   14
 7.2952865113665455e-01   30   30   15   15
 6.7263312157121102e-01   30   30   16   16
 6.3250336501925863e-01   30   30   17   17
 6.3335606624111274e-01   30   30   18   18
 1.4876992814374661e+00   30   30   19   19
 6.7945051452840810e-01   30   30   20   20
 7.3287929777003546e-01   30   30   21   21
 2.7929766004741134e+00   30   30   22   22
 2.4436519666280354e+00   30   30   23   23
 1.9511228342980147e+00   30   30   24   24
 1.6548816718452883e+00   30   30   25   25
 1.6070047292094032e+00   30   30   26   26
 1.8404864684571498e+00   30   30   27   27
 2.3089471314551049e+00   30   30   28   28
 3.9094257932739280e+00   30   30   29   29
 8.4208384499999998e+00   30   30   30   30
 1.6719435652182453e+00   31   31    1    1
 1.7125794239525243e+00   31   31    2    2
 1.4076270447593993e+00   31   31    3    3
 1.2225534138870158e+00   31   31    4    4
 1.2017179669731706e+00   31   31    5    5
 1.3741331204255449e+00   31   31    6    6
 7.3170623768984011e-01   31   31    7    7
 7.0592546590076644e-01   31   31    8    8
 7.2678231211972533e-01   31   31    9    9
 6.9004172517001339e-01   31   31   10   10
 6.4192614669663739e-01   31   31   11   11
 5.0526821530642563e-01   31   31   12   12
 6.2907243385845713e-01   31   31   13   13
 6.5478498219950754e-01   31   31   14   14
 6.8256810042566096e-01   31   31   15   15
 6.3338680570872041e-01   31   31   16   16
 5.9555423231407512e-01   31   31   17   17
 5.9366877401877438e-01   31   31   18   18
 1.8609763159586530e+00   31   31   19   19
 6.3300298527360499e-01   31   31   20   20
 6.8133031136896027e-01   31   31   21   21
 2.0777910490405715e+00   31   31   22   22
 1.8564932126264675e+00   31   31   23   23
 1.5478535217783147e+00   31   31   24   24
 1.3676366960023456e+00   31   31   25   25
 1.3599541226483776e+00   31   31   26   26
 1.5515561365476738e+00   31   31   27   27
 1.8503725474920416e+00   31   31   28   28
 2.8164211673471526e+00   31   31   29   29
 3.9418369340394523e+00   31   31   30   30
 8.4208384499999998e+00   31   31   31   31
 1.6000403291165930e+00   32   32    1    1
 1.6126359548166862e+00   32   32    2    2
 1.3505490386974288e+00   32   32    3    3
 1.1912503048389580e+00   32   32    4    4
 1.1788044709741232e+00   32   32    5    5
 1.3422003525587651e+00   32   32    6    6
 7.3131688662793637e-01   32   32    7    7
 7.0982984704908769e-01   32   32    8    8
 7.3803762176629284e-01   32   32    9    9
 7.0362860751506695e-01   32   32   10   10
 6.5147756845699500e-01   32   32   11   11
 4.9767524173750194e-01   32   32   12   12
 6.3357256394754702e-01   32   32   13   13
 6.5649707395856316e-01   32   32   14   14
 6.7954428197888872e-01   32   32   15   15
 6.3363850239739505e-01   32   32   16   16
 5.9397049392270429e-01   32   32   17   17
 5.8817918954972481e-01   32   32   18   18
 2.0688687449192322e+00   32   32   19   19
 6.2381085263089819e-01   32   32   20   20
 6.7231999195908099e-01   32   32   21   21
 1.8692345850851615e+00   32   32   22   22
 1.6290201099946489e+00   32   32   23   23
 1.3605742346114924e+00   32   32   24   24
 1.2078617633524653e+00   32   32   25   25
 1.2067181380929588e+00   32   32   26   26
 1.3789684652888841e+00   32   32   27   27
 1.6367671066034797e+00   32   32   28   28
 2.5155668479981999e+00   32   32   29   29
 2.8040457099431464e+00   32   32   30   30
 3.9281223760342519e+00   32   32   31   31
 8.4208384499999998e+00   32   32   32   32
 9.4232628450588618e-01   33   33    1    1
 9.3907691396503490e-01   33   33    2    2
 8.5740744307975081e-01   33   33    3    3
 7.9900656673690729e-01   33   33    4    4
 7.9734534930883405e-01   33   33    5    5
 8.6343410475651294e-01   33   33    6    6
 5.8351352926136268e-01   33   33    7    7
 5.7795334251314168e-01   33   33    8    8
 6.0781434608291929e-01   33   33    9    9
 5.9383891098305852e-01   33   33   10   10
 5.5491431354560916e-01   33   33   11   11
 4.1603984140055345e-01   33   33   12   12
 5.3307681819106778e-01   33   33   13   13
 5.4183449076717249e-01   33   33   14   14
 5.4693304272614063e-01   33   33   15   15
 5.2179888864730017e-01   33   33   16   16
 4.9237951633432619e-01   33   33   17   17
 4.8278288167227362e-01   33   33   18   18
 2.1652302592557962e+00   33   33   19   19
 5.0223026538149385e-01   33   33   20   20
 5.3453888443600606e-01   33   33   21   21
 1.0066898042283203e+00   33   33   22   22
 9.3639844180240672e-01   33   33   23   23
 8.3397001005538851e-01   33   33   24   24
 7.8089947294708117e-01   33   33   25   25
 7.9788855943848691e-01   33   33   26   26
 8.8534618266104936e-01   33   33   27   27
 9.6965791658728973e-01   33   33   28   28
 1.1608288235985902e+00   33   33   29   29
 1.1980468902449481e+00   33   33   30   30
 1.3944626751660920e+00   33   33   31   31
 1.6619369078488537e+00   33   33   32   32
 8.4208384499999998e+00   33   33   33   33
 1.8072550433764745e+00   34   34    1    1
 1.8352334935104988e+00   34   34    2    2
 1.5323256950513848e+00   34   34    3    3
 1.3438023595501825e+00   34   34    4    4
 1.3223490891206802e+00   34   34    5    5
 1.5051223296720599e+00   34   34    6    6
 7.8793402055381601e-01   34   34    7    7
 7.6221849053936930e-01   34   34    8    8
 7.9692091826533895e-01   34   34    9    9
 7.5509967508426223e-01   34   34   10   10
 6.9286547258565656e-01   34   34   11   11
 5.2212106554483029e-01   34   34   12   12
 6.7174952733034943e-01   34   34   13   13
 6.9850428379379959e-01   34   34   14   14
 7.2880138696511043e-01   34   34   15   15
 6.7889168280574264e-01   34   34   16   16
 6.3362270601868242e-01   34   34   17   17
 6.2501871984300061e-01   34   34   18   18
 1.6790124086021447e+00   34   34   19   19
 6.6271327871310148e-01   34   34   20   20
 7.1737715623718779e-01   34   34   21   21
 2.0770364475234371e+00   34   34   22   22
 1.7237547102418984e+00   34   34   23   23
 1.4128041531797622e+00   34   34   24   24
 1.2319430454541855e+00   34   34   25   25
 1.2186098070265143e+00   34   34   26   26
 1.3969777919961559e+00   34   34   27   27
 1.6978476624894603e+00   34   34   28   28
 2.8165604482621838e+00   34   34   29   29
 2.5839204275017718e+00   34   34   30   30
 2.8670826579041639e+00   34   34   31   31
 3.9260674375930456e+00   34   34   32   32
 1.5648144192286058e+00   34   34   33   33
 8.4208384499999998e+00   34   34   34   34
 2.2679464903537978e+00   35   35    1    1
 2.4174339860159604e+00   35   35    2    2
 1.9310587194347779e+00   35   35    3    3
 1.6285171391545792e+00   35   35    4    4
 1.5689257147948508e+00   35   35    5    5
 1.7972196540663439e+00   35   35    6    6
 8.5610796454010873e-01   35   35    7    7
 8.1840235631271174e-01   35   35    8    8
 8.5079224833536427e-01   35   35    9    9
 7.9615431302864914e-01   35   35   10   10
 7.2726035650343501e-01   35   35   11   11
 5.5826600053249487e-01   35   35   12   12
 7.0902796701844528e-01   35   35   13   13
 7.4431166691398276e-01   35   35   14   14
 7.9104755324995712e-01   35   35   15   15
 7.3150055637950684e-01   35   35   16   16
 6.8154812756045102e-01   35   35   17   17
 6.7440094440504372e-01   35   35   18   18
 1.3926816871057528e+00   35   35   19   19
 7.1944438713743997e-01   35   35   20   20
 7.8201495235409790e-01   35   35   21   21
 2.7911883729095619e+00   35   35   22   22
 2.1307422107322256e+00   35   35   23   23
 1.6830525570953552e+00   35   35   24   24
 1.4164467043925884e+00   35   35   25   25
 1.3723558725093261e+00   35   35   26   26
 1.5753010686700053e+00   35   35   27   27
 1.9958503990859249e+00   35   35   28   28
 3.9104339433015447e+00   35   35   29   29
 2.8360206887828587e+00   35   35   30   30
 2.5826011795807835e+00   35   35   31   31
 2.8009264251847759e+00   35   35   32   32
 1.2965192263062790e+00   35   35   33   33
 3.9371675211291608e+00   35   35   34   34
 8.4208384499999998e+00   35   35   35   35
 1.8538885875443423e+00   36   36    1    1
 1.6001373778813428e+00   36   36    2    2
 1.6709769373142671e+00   36   36    3    3
 2.0632490356559372e+00   36   36    4    4
 2.7801657189811699e+00   36   36    5    5
 2.4721973493686771e+00   36   36    6    6
 2.0680218923532703e+00   36   36    7    7
 1.8426895838357102e+00   36   36    8    8
 1.8289364292807992e+00   36   36    9    9
 1.5266509747602879e+00   36   36   10   10
 1.3370375264872818e+00   36   36   11   11
 8.5470333983256941e-01   36   36   12   12
 1.3513279936973952e+00   36   36   13   13
 1.5338479199336081e+00   36   36   14   14
 1.6927430981219194e+00   36   36   15   15
 1.4066979182177290e+00   36   36   16   16
 1.2179208320178778e+00   36   36   17   17
 1.1887291702945555e+00   36   36   18   18
 7.5637203130794206e-01   36   36   19   19
 1.3414872186423932e+00   36   36   20   20
 1.6249341578248457e+00   36   36   21   21
 1.3155494193866402e+00   36   36   22   22
 1.1733510205539919e+00   36   36   23   23
 1.1828335282558597e+00   36   36   24   24
 1.0388308892023463e+00   36   36   25   25
 9.2917312425954068e-01   36   36   26   26
 9.2748194221806846e-01   36   36   27   27
 1.0207722100058674e+00   36   36   28   28
 1.2107375695569089e+00   36   36   29   29
 1.0829799229518307e+00   36   36   30   30
 9.9237633883255727e-01   36   36   31   31
 9.8373166620244101e-01   36   36   32   32
 7.1711408623733364e-01   36   36   33   33
 1.0757949154436726e+00   36   36   34   34
 1.2060587526809377e+00   36   36   35   35
 8.4208384499999998e+00   36   36   36   36
 1.4826002083292436e+00   37   37    1    1
 1.3194465973592695e+00   37   37    2    2
 1.3857213899681182e+00   37   37    3    3
 1.6693249376310806e+00   37   37    4    4
 2.0615277218196013e+00   37   37    5    5
 1.8535578217690243e+00   37   37    6    6
 2.7787042162833382e+00   37   37    7    7
 2.4324512172888677e+00   37   37    8    8
 2.3033096593766218e+00   37   37    9    9
 1.8254488100425592e+00   37   37   10   10
 1.5872977520883531e+00   37   37   11   11
 9.2650068345947190e-01   37   37   12   12
 1.6383151128798830e+00   37   37   13   13
 1.9331303887025424e+00   37   37   14   14
 2.0927801563353934e+00   37   37   15   15
 1.6769025975956675e+00   37   37   16   16
 1.4035452271799531e+00   37   37   17   17
 1.3468568742200118e+00   37   37   18   18
 6.9266174284906823e-01   37   37   19   19
 1.5262441035025591e+00   37   37   20   20
 1.9212054888732881e+00   37   37   21   21
 1.1185805700134357e+00   37   37   22   22
 1.0172584026953817e+00   37   37   23   23
 1.0306777390850739e+00   37   37   24   24
 9.2372456411900905e-01   37   37   25   25
 8.3429893612385408e-01   37   37   26   26
 8.2946017020588747e-01   37   37   27   27
 9.0075608688922426e-01   37   37   28   28
 1.0411215947926784e+00   37   37   29   29
 9.4508539901144395e-01   37   37   30   30
 8.7695286089452273e-01   37   37   31   31
 8.7289850024097226e-01   37   37   32   32
 6.6291579283434143e-01   37   37   33   33
 9.4638840961463921e-01   37   37   34   34
 1.0424049874761188e+00   37   37   35   35
 3.9377159763084295e+00   37   37   36   36
 8.4208384499999998e+00   37   37   37   37
 1.3190674470013479e+00   38   38    1    1
 1.2184738583778094e+00   38   38    2    2
 1.3169825912505919e+00   38   38    3    3
 1.5960257994088933e+00   38   38    4    4
 1.8550816253291857e+00   38   38    5    5
 1.5995469437467802e+00   38   38    6    6
 3.8870606901003750e+00   38   38    7    7
 2.7787131435718142e+00   38   38    8    8
 2.4179589823736567e+00   38   38    9    9
 1.8335023850264096e+00   38   38   10   10
 1.5993822270910036e+00   38   38   11   11
 1.0336231246664944e+00   38   38   12   12
 1.6938858813294446e+00   38   38   13   13
 2.0961338721956997e+00   38   38   14   14
 2.7891866714403601e+00   38   38   15   15
 2.1111629813561139e+00   38   38   16   16
 1.7050580025315085e+00   38   38   17   17
 1.6110170545526350e+00   38   38   18   18
 6.4612430159919210e-01   38   38   19   19
 1.8363052378209854e+00   38   38   20   20
 2.4189354683392024e+00   38   38   21   21
 1.0428096254854797e+00   38   38   22   22
 9.6364193138467857e-01   38   38   23   23
 9.8077594257880318e-01   38   38   24   24
 8.9022656416079093e-01   38   38   25   25
 8.0841266389002886e-01   38   38   26   26
 8.0097233565681514e-01   38   38   27   27
 8.6197057407437105e-01   38   38   28   28
 9.6451933685433544e-01   38   38   29   29
 8.7446723836168316e-01   38   38   30   30
 8.1152678263757005e-01   38   38   31   31
 8.0926438993114536e-01   38   38   32   32
 6.2717187098150629e-01   38   38   33   33
 8.7861574888874683e-01   38   38   34   34
 9.6719134420529418e-01   38   38   35   35
 2.8080240349899248e+00   38   38   36   36
 3.9055542419267071e+00   38   38   37   37
 8.4208384499999998e+00   38   38   38   38
 1.3860610907081703e+00   39   39    1    1
 1.3175544088890079e+00   39   39    2    2
 1.4785614627879407e+00   39   39    3    3
 1.8484488990818493e+00   39   39    4    4
 2.0612442466393261e+00   39   39    5    5
 1.6716772800296560e+00   39   39    6    6
 2.7747734439559903e+00   39   39    7    7
 2.0875987245134735e+00   39   39    8    8
 1.9163325793658941e+00   39   39    9    9
 1.5226862092254687e+00   39   39   10   10
 1.3395920491822320e+00   39   39   11   11
 1.0392405136266198e+00   39   39   12   12
 1.3985185963351454e+00   39   39   13   13
 1.6709990730576838e+00   39   39   14   14
 2.4407919653037373e+00   39   39   15   15
 1.9563077667133131e+00   39   39   16   16
 1.6573426278939132e+00   39   39   17   17
 1.6012116253675175e+00   39   39   18   18
 6.5330892014521347e-01   39   39   19   19
 1.8221315145970025e+00   39   39   20   20
 2.2904059611513929e+00   39   39   21   21
 1.1165993437807069e+00   39   39   22   22
 1.0378642545576968e+00   39   39   23   23
 1.0587092376037779e+00   39   39   24   24
 9.6007324302594910e-01   39   39   25   25
 8.6993384088559966e-01   39   39   26   26
 8.6097054121088512e-01   39   39   27   27
 9.2655485080074895e-01   39   39   28   28
 1.0158008387338147e+00   39   39   29   29
 9.0978161946489455e-01   39   39   30   30
 8.3642233109546626e-01   39   39   31   31
 8.3299821803041330e-01   39   39   32   32
 6.3843123694156467e-01   39   39   33   33
 9.1156320679745428e-01   39   39   34   34
 1.0162491006342098e+00   39   39   35   35
 2.5900095771888365e+00   39   39   36   36
 2.8443987051732944e+00   39   39   37   37
 3.9030227163370723e+00   39   39   38   38
 8.4208384499999998e+00   39   39   39   39
 1.6703402306424795e+00   40   40    1    1
 1.5969297603584269e+00   40   40    2    2
 1.8480498690659926e+00   40   40    3    3
 2.4642875198436891e+00   40   40    4    4
 2.7798408436989934e+00   40   40    5    5
 2.0655178164803254e+00   40   40    6    6
 2.0660467283501012e+00   40   40    7    7
 1.6907326417231667e+00   40   40    8    8
 1.6281954859974088e+00   40   40    9    9
 1.3432209809388811e+00   40   40   10   10
 1.1842396665526407e+00   40   40   11   11
 9.3812800241967098e-01   40   40   12   12
 1.2128974404243402e+00   40   40   13   13
 1.4003625899940673e+00   40   40   14   14
 1.8443063175381864e+00   40   40   15   15
 1.5479764754079206e+00   40   40   16   16
 1.3635382689230711e+00   40   40   17   17
 1.3439618521292758e+00   40   40   18   18
 7.0636742553212539e-01   40   40   19   19
 1.5182448391063583e+00   40   40   20   20
 1.8135392188593096e+00   40   40   21   21
 1.3124809431257796e+00   40   40   22   22
 1.2057150485617343e+00   40   40   23   23
 1.2264389414432515e+00   40   40   24   24
 1.0917316655224798e+00   40   40   25   25
 9.7924022084855367e-01   40   40   26   26
 9.7218097815109206e-01   40   40   27   27
 1.0589053734434273e+00   40   40   28   28
 1.1712924068309321e+00   40   40   29   29
 1.0308849743135333e+00   40   40   30   30
 9.3496830596940794e-01   40   40   31   31
 9.2779196229883487e-01   40   40   32   32
 6.8659699780307104e-01   40   40   33   33
 1.0253510023764898e+00   40   40   34   34
 1.1657584650261010e+00   40   40   35   35
 2.8793079034920468e+00   40   40   36   36
 2.5892525777682245e+00   40   40   37   37
 2.8062499470708659e+00   40   40   38   38
 3.9360608481421999e+00   40   40   39   39
 8.4208384499999998e+00   40   40   40   40
 2.0625512965466464e+00   41   41    1    1
 1.8560513211903837e+00   41   41    2    2
 2.0603135652550706e+00   41   41    3    3
 2.7769013968605560e+00   41   41    4    4
 3.8890390536315493e+00   41   41    5    5
 2.7828241029220298e+00   41   41    6    6
 1.8546697926303592e+00   41   41    7    7
 1.6024531112286806e+00   41   41    8    8
 1.5856257641013995e+00   41   41    9    9
 1.3342923177847548e+00   41   41   10   10
 1.1749987880909489e+00   41   41   11   11
 8.5476115912913109e-01   41   41   12   12
 1.1880771145672255e+00   41   41   13   13
 1.3453403497570893e+00   41   41   14   14
 1.6027813784253064e+00   41   41   15   15
 1.3539727773014374e+00   41   41   16   16
 1.1950085547882510e+00   41   41   17   17
 1.1784895065244116e+00   41   41   18   18
 7.6849467766466384e-01   41   41   19   19
 1.3272057712575347e+00   41   41   20   20
 1.5745272511894819e+00   41   41   21   21
 1.4769940072656265e+00   41   41   22   22
 1.3168138728292687e+00   41   41   23   23
 1.3279221645463866e+00   41   41   24   24
 1.1542204347094327e+00   41   41   25   25
 1.0257033778921798e+00   41   41   26   26
 1.0243684438300984e+00   41   41   27   27
 1.1338235588579444e+00   41   41   28   28
 1.3190467787730054e+00   41   41   29   29
 1.1532290648605095e+00   41   41   30   30
 1.0396855325605872e+00   41   41   31   31
 1.0281245249953865e+00   41   41   32   32
 7.3465539560551141e-01   41   41   33   33
 1.1392400838061008e+00   41   41   34   34
 1.3074499518489304e+00   41   41   35   35
 3.9244885064390354e+00   41   41   36   36
 2.7932600896371871e+00   41   41   37   37
 2.4957436611302364e+00   41   41   38   38
 2.7936826803933825e+00   41   41   39   39
 3.9258794622774653e+00   41   41   40   40
 8.4208384499999998e+00   41   41   41   41
 1.0613498996640762e+00   42   42    1    1
 1.2134657318550277e+00   42   42    2    2
 1.2480404712637339e+00   42   42    3    3
 1.1141891203672469e+00   42   42    4    4
 9.9455500812336040e-01   42   42    5    5
 9.8013648469775405e-01   42   42    6    6
 6.7987220714010410e-01   42   42    7    7
 6.2998269862170153e-01   42   42    8    8
 6.1792470291029133e-01   42   42    9    9
 5.7434344075842547e-01   42   42   10   10
 5.4452851161098348e-01   42   42   11   11
 5.7683217870502190e-01   42   42   12   12
 5.5364585958013013e-01   42   42   13   13
 5.9154256394236371e-01   42   42   14   14
 6.7083475411685256e-01   42   42   15   15
 6.2620355345533074e-01   42   42   16   16
 6.1278470766090176e-01   42   42   17   17
 6.3547364768522985e-01   42   42   18   18
 7.3687799344465921e-01   42   42   19   19
 6.8147468120252597e-01   42   42   20   20
 7.0346596096103065e-01   42   42   21   21
 1.3165366054525216e+00   42   42   22   22
 1.6035104310731587e+00   42   42   23   23
 1.8371672269139550e+00   42   42   24   24
 2.4282019169816622e+00   42   42   25   25
 2.7824291597823341e+00   42   42   26   26
 2.1003704627543667e+00   42   42   27   27
 1.6907419173244276e+00   42   42   28   28
 1.1738254761144657e+00   42   42   29   29
 1.1626709878041221e+00   42   42   30   30
 1.0275870529484916e+00   42   42   31   31
 9.3543231889070222e-01   42   42   32   32
 6.7323333797754659e-01   42   42   33   33
 9.4398512936917978e-01   42   42   34   34
 1.0385962969350333e+00   42   42   35   35
 8.2167887078296620e-01   42   42   36   36
 7.5363649662791354e-01   42   42   37   37
 7.4214798924323522e-01   42   42   38   38
 7.9917036304011857e-01   42   42   39   39
 8.8151126316905326e-01   42   42   40   40
 9.0002127737627013e-01   42   42   41   41
 8.4208384499999998e+00   42   42   42   42
 1.1368571474677309e+00   43   43    1    1
 1.3140133000267589e+00   43   43    2    2
 1.3148155486713140e+00   43   43    3    3
 1.1459173489082575e+00   43   43    4    4
 1.0243477970698343e+00   43   43    5    5
 1.0272505780684302e+00   43   43    6    6
 6.7708295643893579e-01   43   43    7    7
 6.3054675344899835e-01   43   43    8    8
 6.2289035418766303e-01   43   43    9    9
 5.8031359182037068e-01   43   43   10   10
 5.4848114494705280e-01   43   43   11   11
 5.5471759374403884e-01   43   43   12   12
 5.5467533908296085e-01   43   43   13   13
 5.9054795526025194e-01   43   43   14   14
 6.6219452439706772e-01   43   43   15   15
 6.1748976952872436e-01   43   43   16   16
 6.0031410439458643e-01   43   43   17   17
 6.1827838959103409e-01   43   43   18   18
 8.1599446181683699e-01   43   43   19   19
 6.6239250909476588e-01   43   43   20   20
 6.8888939378824143e-01   43   43   21   21
 1.4810765361523068e+00   43   43   22   22
 1.8626522905987384e+00   43   43   23   23
 2.0663428792885896e+00   43   43   24   24
 2.7868036407692318e+00   43   43   25   25
 3.8982822955797061e+00   43   43   26   26
 2.7971594905303538e+00   43   43   27   27
 2.0714964831142346e+00   43   43   28   28
 1.3330746951600094e+00   43   43   29   29
 1.3403609975837485e+00   43   43   30   30
 1.1745117961175340e+00   43   43   31   31
 1.0548737506662280e+00   43   43   32   32
 7.3713199509562843e-01   43   43   33   33
 1.0554352753376210e+00   43   43   34   34
 1.1608917416827877e+00   43   43   35   35
 8.3562211345346604e-01   43   43   36   36
 7.6032537230180341e-01   43   43   37   37
 7.4211939544921357e-01   43   43   38   38
 7.9607162638349949e-01   43   43   39   39
 8.8368226090085411e-01   43   43   40   40
 9.1425477223255636e-01   43   43   41   41
 3.8926309679594095e+00   43   43   42   42
 8.4208384499999998e+00   43   43   43   43
 1.0255892590391902e+00   44   44    1    1
 1.1641056032132024e+00   44   44    2    2
 1.1455835124509224e+00   44   44    3    3
 1.0080379913178141e+00   44   44    4    4
 9.1515378616415854e-01   44   44    5    5
 9.2671217934076033e-01   44   44    6    6
 6.2261517755430251e-01   44   44    7    7
 5.8409065968731000e-01   44   44    8    8
 5.7914714087333863e-01   44   44    9    9
 5.4298573250583237e-01   44   44   10   10
 5.1453828130825086e-01   44   44   11   11
 5.1532072352976244e-01   44   44   12   12
 5.1886990298336821e-01   44   44   13   13
 5.4930098276355599e-01   44   44   14   14
 6.0852683928193740e-01   44   44   15   15
 5.7040018723959784e-01   44   44   16   16
 5.5502124266557729e-01   44   44   17   17
 5.6983439341293185e-01   44   44   18   18
 8.2527666087896490e-01   44   44   19   19
 6.0715732898985841e-01   44   44   20   20
 6.3008450315482301e-01   44   44   21   21
 1.3216586216185728e+00   44   44   22   22
 1.6077441041695117e+00   44   44   23   23
 1.6899748251788442e+00   44   44   24   24
 2.0951957103102430e+00   44   44   25   25
 2.7826103362732213e+00   44   44   26   26
 2.4411879212698939e+00   44   44   27   27
 1.8470678038405204e+00   44   44   28   28
 1.2369589905454947e+00   44   44   29   29
 1.2766071948451774e+00   44   44   30   30
 1.1487772620192789e+00   44   44   31   31
 1.0327129338602778e+00   44   44   32   32
 7.4202348342420654e-01   44   44   33   33
 1.0158044482318009e+00   44   44   34   34
 1.0914715092181904e+00   44   44   35   35
 7.6013795143952578e-01   44   44   36   36
 6.9563681618895534e-01   44   44   37   37
 6.7800021417177847e-01   44   44   38   38
 7.2177118040144861e-01   44   44   39   39
 7.9449060568630336e-01   44   44   40   40
 8.2289774980700336e-01   44   44   41   41
 2.8185555095185806e+00   44   44   42   42
 3.8904665568139469e+00   44   44   43   43
 8.4208384499999998e+00   44   44   44   44
 7.7184551531551282e-01   45   45    1    1
 7.5862912039421448e-01   45   45    2    2
 6.9260730272703075e-01   45   45    3    3
 6.5189559716421552e-01   45   45    4    4
 6.5810252417442616e-01   45   45    5    5
 7.1454217976955547e-01   45   45    6    6
 5.0480033427878712e-01   45   45    7    7
 5.0257726768341693e-01   45   45    8    8
 5.2269232106888286e-01   45   45    9    9
 5.1506591119052803e-01   45   45   10   10
 4.8963482349325926e-01   45   45   11   11
 3.7370314746325423e-01   45   45   12   12
 4.7381106685418473e-01   45   45   13   13
 4.7879363553593157e-01   45   45   14   14
 4.7581657326764060e-01   45   45   15   15
 4.5351668306303289e-01   45   45   16   16
 4.3043614219092474e-01   45   45   17   17
 4.2492632584695361e-01   45   45   18   18
 2.1584509943913179e+00   45   45   19   19
 4.4291114482474958e-01   45   45   20   20
 4.6891060616140140e-01   45   45   21   21
 8.1059874975044388e-01   45   45   22   22
 7.7294350929525901e-01   45   45   23   23
 7.1307169658207548e-01   45   45   24   24
 6.7964291368019203e-01   45   45   25   25
 6.9107170674886753e-01   45   45   26   26
 7.4466357780870518e-01   45   45   27   27
 7.9134600357121376e-01   45   45   28   28
 9.1081041900563731e-01   45   45   29   29
 9.8638724446591397e-01   45   45   30   30
 1.1373420209721936e+00   45   45   31   31
 1.2122213635857950e+00   45   45   32   32
 1.7341303238539802e+00   45   45   33   33
 1.0779715553986891e+00   45   45   34   34
 9.4700182014187317e-01   45   45   35   35
 6.1032422388094787e-01   45   45   36   36
 5.7029360305318455e-01   45   45   37   37
 5.3704083935315439e-01   45   45   38   38
 5.3934612029261408e-01   45   45   39   39
 5.7323564553025674e-01   45   45   40   40
 6.1415355131420124e-01   45   45   41   41
 5.9859304390602475e-01   45   45   42   42
 6.5126260191483543e-01   45   45   43   43
 6.6516468180987687e-01   45   45   44   44
 8.4208384499999998e+00   45   45   45   45
 9.0528139297032006e-01   46   46    1    1
 1.0119870252624621e+00   46   46    2    2
 1.0055472364635036e+00   46   46    3    3
 9.0181251338140178e-01   46   46    4    4
 8.2475173791968670e-01   46   46    5    5
 8.3003687527035930e-01   46   46    6    6
 5.8407585867922407e-01   46   46    7    7
 5.4878431707566455e-01   46   46    8    8
 5.4273554292007631e-01   46   46    9    9
 5.1019829030643504e-01   46   46   10   10
 4.8549086176300710e-01   46   46   11   11
 4.9921870197535673e-01   46   46   12   12
 4.9055623875405946e-01   46   46   13   13
 5.1856968081438426e-01   46   46   14   14
 5.7410418590471113e-01   46   46   15   15
 5.4052941422813394e-01   46   46   16   16
 5.2872086862016321e-01   46   46   17   17
 5.4415777763177542e-01   46   46   18   18
 7.5317892182721236e-01   46   46   19   19
 5.7782051272894186e-01   46   46   20   20
 5.9569035830314609e-01   46   46   21   21
 1.1237971920008680e+00   46   46   22   22
 1.3263097337966743e+00   46   46   23   23
 1.4009840464407515e+00   46   46   24   24
 1.6942005213581790e+00   46   46   25   25
 2.0727309492041868e+00   46   46   26   26
 1.8459810837084223e+00   46   46   27   27
 1.4814640572800066e+00   46   46   28   28
 1.0595967264008463e+00   46   46   29   29
 1.0913390437778154e+00   46   46   30   30
 1.0000178643449755e+00   46   46   31   31
 9.1031894937491398e-01   46   46   32   32
 6.8284487825063434e-01   46   46   33   33
 8.9486121061567780e-01   46   46   34   34
 9.5156527692410009e-01   46   46   35   35
 6.9803023925655949e-01   46   46   36   36
 6.4460896979958593e-01   46   46   37   37
 6.3147588722524817e-01   46   46   38   38
 6.7058732653853359e-01   46   46   39   39
 7.3117991394361559e-01   46   46   40   40
 7.5140770699309134e-01   46   46   41   41
 2.5751161784390004e+00   46   46   42   42
 2.8100371921323548e+00   46   46   43   43
 3.9357644924941786e+00   46   46   44   44
 6.2199379289616086e-01   46   46   45   45
 8.4208384499999998e+00   46   46   46   46
 8.6772114257681776e-01   47   47    1    1
 9.6650407560229068e-01   47   47    2    2
 9.7644189010905169e-01   47   47    3    3
 8.8691749796735797e-01   47   47    4    4
 8.0977337181325415e-01   47   47    5    5
 8.0584344634408411e-01   47   47    6    6
 5.8588830794243185e-01   47   47    7    7
 5.4852540459401466e-01   47   47    8    8
 5.3966303335251398e-01   47   47    9    9
 5.0637072633070623e-01   47   47   10   10
 4.8293583493652115e-01   47   47   11   11
 5.1462786047093534e-01   47   47   12   12
 4.8996551597274751e-01   47   47   13   13
 5.1931606817830323e-01   47   47   14   14
 5.7957650961658047e-01   47   47   15   15
 5.4621208972030000e-01   47   47   16   16
 5.3694371689867570e-01   47   47   17   17
 5.5539995197903280e-01   47   47   18   18
 6.9145992978542592e-01   47   47   19   19
 5.8993210963760156e-01   47   47   20   20
 6.0474333789275725e-01   47   47   21   21
 1.0510080134578978e+00   47   47   22   22
 1.2297594281420479e+00   47   47   23   23
 1.3292859005531075e+00   47   47   24   24
 1.6138133845123561e+00   47   47   25   25
 1.8767755238231401e+00   47   47   26   26
 1.6189661029143474e+00   47   47   27   27
 1.3327093899512570e+00   47   47   28   28
 9.7827117096712168e-01   47   47   29   29
 9.9330662647052603e-01   47   47   30   30
 9.0814754547558674e-01   47   47   31   31
 8.3306866560693082e-01   47   47   32   32
 6.3260535509135929e-01   47   47   33   33
 8.2658979682319489e-01   47   47   34   34
 8.8371273679446838e-01   47   47   35   35
 6.9028178345210178e-01   47   47   36   36
 6.4078210667549662e-01   47   47   37   37
 6.3158403252875417e-01   47   47   38   38
 6.7243092944380167e-01   47   47   39   39
 7.3005997340685302e-01   47   47   40   40
 7.4387590022572880e-01   47   47   41   41
 2.8183017896630562e+00   47   47   42   42
 2.5312694938375278e+00   47   47   43   43
 2.8194124045952127e+00   47   47   44   44
 5.7684733937159083e-01   47   47   45   45
 3.9539480027257898e+00   47   47   46   46
 8.4208384499999998e+00   47   47   47   47
 9.2838197790111054e-01   48   48    1    1
 1.0423167228892600e+00   48   48    2    2
 1.0694569315980502e+00   48   48    3    3
 9.7211610344015831e-01   48   48    4    4
 8.7900855592042670e-01   48   48    5    5
 8.6607505428250875e-01   48   48    6    6
 6.2892318720107887e-01   48   48    7    7
 5.8503057474125020e-01   48   48    8    8
 5.7320347024662144e-01   48   48    9    9
 5.3510195882616551e-01   48   48   10   10
 5.0961642524455630e-01   48   48   11   11
 5.5271291886401863e-01   48   48   12   12
 5.1865087900270113e-01   48   48   13   13
 5.5246166554618481e-01   48   48   14   14
 6.2374681961418899e-01   48   48   15   15
 5.8575018671850154e-01   48   48   16   16
 5.7631552322247104e-01   48   48   17   17
 5.9854552867788913e-01   48   48   18   18
 6.8607790685254721e-01   48   48   19   19
 6.3853964261143947e-01   48   48   20   20
 6.5434862933358418e-01   48   48   21   21
 1.1207583561041916e+00   48   48   22   22
 1.3240350300159174e+00   48   48   23   23
 1.4748160975607816e+00   48   48   24   24
 1.8376355456673428e+00   48   48   25   25
 2.0726740504627843e+00   48   48   26   26
 1.6992412332203617e+00   48   48   27   27
 1.4029382082576189e+00   48   48   28   28
 1.0208508772587939e+00   48   48   29   29
 1.0204501464868014e+00   48   48   30   30
 9.1987691522543591e-01   48   48   31   31
 8.4393857706721076e-01   48   48   32   32
 6.2971931446396845e-01   48   48   33   33
 8.4647764658133007e-01   48   48   34   34
 9.1743064665531038e-01   48   48   35   35
 7.4291494807485381e-01   48   48   36   36
 6.8821869368946553e-01   48   48   37   37
 6.8046434185829685e-01   48   48   38   38
 7.2904910945420098e-01   48   48   39   39
 7.9473537429282270e-01   48   48   40   40
 8.0643051354121476e-01   48   48   41   41
 3.9346278327092352e+00   48   48   42   42
 2.8109792041573982e+00   48   48   43   43
 2.5760438711928089e+00   48   48   44   44
 5.6792310084794273e-01   48   48   45   45
 2.8665057926572657e+00   48   48   46   46
 3.9532340298637956e+00   48   48   47   47
 8.4208384499999998e+00   48   48   48   48
 7.9056361078196791e-01   49   49    1    1
 7.6688732562888040e-01   49   49    2    2
 7.0177562278121475e-01   49   49    3    3
 6.6723281982843363e-01   49   49    4    4
 6.8001497587961279e-01   49   49    5    5
 7.3956799316970978e-01   49   49    6    6
 5.2933697467277929e-01   49   49    7    7
 5.3074716190214888e-01   49   49    8    8
 5.5701500678293470e-01   49   49    9    9
 5.5224005328164905e-01   49   49   10   10
 5.2328713304469676e-01   49   49   11   11
 3.8265818708158700e-01   49   49   12   12
 5.0226793750122833e-01   49   49   13   13
 5.0480553746513324e-01   49   49   14   14
 4.9615264147093763e-01   49   49   15   15
 4.7388992906885563e-01   49   49   16   16
 4.4767332178388536e-01   49   49   17   17
 4.3922847862416126e-01   49   49   18   18
 1.9331734102190214e+00   49   49   19   19
 4.5662403833967147e-01   49   49   20   20
 4.8518589775284321e-01   49   49   21   21
 8.0566761594557657e-01   49   49   22   22
 7.5521546028771613e-01   49   49   23   23
 6.9484010322917911e-01   49   49   24   24
 6.5531655261451582e-01   49   49   25   25
 6.5992230729840695e-01   49   49   26   26
 7.1049679647847463e-01   49   49   27   27
 7.6350193084929496e-01   49   49   28   28
 9.0524131250361539e-01   49   49   29   29
 9.5576019346335350e-01   49   49   30   30
 1.0931894560700868e+00   49   49   31   31
 1.2035106296180791e+00   49   49   32   32
 1.9280309200166186e+00   49   49   33   33
 1.1051670163395320e+00   49   49   34   34
 9.6461056348576468e-01   49   49   35   35
 6.3849539179027470e-01   49   49   36   36
 5.9839208581192194e-01   49   49   37   37
 5.6220978344231065e-01   49   49   38   38
 5.6188053220692080e-01   49   49   39   39
 5.9512792687739657e-01   49   49   40   40
 6.3850380020126685e-01   49   49   41   41
 5.7154446176219975e-01   49   49   42   42
 6.1782905016062750e-01   49   49   43   43
 6.2305102331027529e-01   49   49   44   44
 2.8447116817934992e+00   49   49   45   45
 5.8143875144729684e-01   49   49   46   46
 5.4347193357381984e-01   49   49   47   47
 5.4000994416539960e-01   49   49   48   48
 8.4208384499999998e+00   49   49   49   49
 8.1378052200575646e-01   50   50    1    1
 7.9695444292686157e-01   50   50    2    2
 7.2642782678388662e-01   50   50    3    3
 6.8444568073787715e-01   50   50    4    4
 6.9244434588842951e-01   50   50    5    5
 7.5352251901225831e-01   50   50    6    6
 5.2809490496187017e-01   50   50    7    7
 5.2657492146597762e-01   50   50    8    8
 5.5038366877079270e-01   50   50    9    9
 5.4263813196961919e-01   50   50   10   10
 5.1372307202093248e-01   50   50   11   11
 3.8468650695228862e-01   50   50   12   12
 4.9512798936654800e-01   50   50   13   13
 4.9995464396297623e-01   50   50   14   14
 4.9610659935865548e-01   50   50   15   15
 4.7298472975123135e-01   50   50   16   16
 4.4762516582226780e-01   50   50   17   17
 4.4052578116915031e-01   50   50   18   18
 2.3509445114378447e+00   50   50   19   19
 4.5883263286335146e-01   50   50   20   20
 4.8701385784021062e-01   50   50   21   21
 8.4827788064345033e-01   50   50   22   22
 8.0006934271023222e-01   50   50   23   23
 7.3256211492620260e-01   50   50   24   24
 6.9302751308692334e-01   50   50   25   25
 7.0270450060697309e-01   50   50   26   26
 7.6107642767193961e-01   50   50   27   27
 8.1670839428084996e-01   50   50   28   28
 9.6015589251511790e-01   50   50   29   29
 1.0276850012590584e+00   50   50   30   30
 1.1922774668189544e+00   50   50   31   31
 1.3094107838695974e+00   50   50   32   32
 2.1461333045524742e+00   50   50   33   33
 1.1752702079763115e+00   50   50   34   34
 1.0169578323540651e+00   50   50   35   35
 6.4135143201685729e-01   50   50   36   36
 5.9828192303996464e-01   50   50   37   37
 5.6278479983276475e-01   50   50   38   38
 5.6532130204299813e-01   50   50   39   39
 6.0163521271353693e-01   50   50   40   40
 6.4559631958979047e-01   50   50   41   41
 6.0482562320279909e-01   50   50   42   42
 6.5796340205839077e-01   50   50   43   43
 6.6760784266322404e-01   50   50   44   44
 3.9327811175175791e+00   50   50   45   45
 6.2159779512738156e-01   50   50   46   46
 5.7745791181022077e-01   50   50   47   47
 5.7131432034290219e-01   50   50   48   48
 3.9299321880402140e+00   50   50   49   49
 8.4208384499999998e+00   50   50   50   50
 7.0425866363437384e-01   51   51    1    1
 6.8364147296897670e-01   51   51    2    2
 6.2857529973365556e-01   51   51    3    3
 5.9967028125381783e-01   51   51    4    4
 6.1152377010631720e-01   51   51    5    5
 6.6232049517859470e-01   51   51    6    6
 4.8691282641995431e-01   51   51    7    7
 4.8859439633307888e-01   51   51    8    8
 5.0938427987450852e-01   51   51    9    9
 5.0629950957844794e-01   51   51   10   10
 4.8382902365179375e-01   51   51   11   11
 3.6062354015446685e-01   51   51   12   12
 4.6667072293334411e-01   51   51   13   13
 4.6821446955210205e-01   51   51   14   14
 4.5851370261212143e-01   51   51   15   15
 4.3826386711199466e-01   51   51   16   16
 4.1569839300936162e-01   51   51   17   17
 4.0930593648106600e-01   51   51   18   18
 1.5629875751669022e+00   51   51   19   19
 4.2552202258161853e-01   51   51   20   20
 4.5037023998455711e-01   51   51   21   21
 7.1743338927141631e-01   51   51   22   22
 6.8138762220321081e-01   51   51   23   23
 6.3600351394411192e-01   51   51   24   24
 6.0558006201589742e-01   51   51   25   25
 6.0968873944343893e-01   51   51   26   26
 6.4895326201652448e-01   51   51   27   27
 6.8804318391818786e-01   51   51   28   28
 7.9434051302481090e-01   51   51   29   29
 8.4716166382478908e-01   51   51   30   30
 9.5409870973071187e-01   51   51   31   31
 1.0103090089278874e+00   51   51   32   32
 1.3689698823909413e+00   51   51   33   33
 9.2309944236052377e-01   51   51   34   34
 8.2601064404289271e-01   51   51   35   35
 5.8009157688453183e-01   51   51   36   36
 5.4686158858558254e-01   51   51   37   37
 5.1443264138957490e-01   51   51   38   38
 5.1231564029167342e-01   51   51   39   39
 5.3980159869752187e-01   51   51   40   40
 5.7748760761516338e-01   51   51   41   41
 5.3549259527039239e-01   51   51   42   42
 5.7637545799029632e-01   51   51   43   43
 5.8450298937446621e-01   51   51   44   44
 2.8357193992165453e+00   51   51   45   45
 5.4994909478932830e-01   51   51   46   46
 5.1507666221665049e-01   51   51   47   47
 5.0953850288793101e-01   51   51   48   48
 2.8373884384096533e+00   51   51   49   49
 2.5568131319214888e+00   51   51   50   50
 8.4208384499999998e+00   51   51   51   51
 7.3482273624807448e-01   52   52    1    1
 7.1041754091778675e-01   52   52    2    2
 6.5279098868143537e-01   52   52    3    3
 6.2407886098883980e-01   52   52    4    4
 6.3817518750738189e-01   52   52    5    5
 6.9230796222152902e-01   52   52    6    6
 5.0744370624797763e-01   52   52    7    7
 5.1031685146481709e-01   52   52    8    8
 5.3465635603083206e-01   52   52    9    9
 5.3221072224959842e-01   52   52   10   10
 5.0687232486298406e-01   52   52   11   11
 3.7030442909960465e-01   52   52   12   12
 4.8683816564843446e-01   52   52   13   13
 4.8775407219584177e-01   52   52   14   14
 4.7633673627906126e-01   52   52   15   15
 4.5552987351133301e-01   52   52   16   16
 4.3090884921648137e-01   52   52   17   17
 4.2298470110745540e-01   52   52   18   18
 1.6231823041974713e+00   52   52   19   19
 4.3935932058532168e-01   52   52   20   20
 4.6609204113597896e-01   52   52   21   21
 7.4217514140536744e-01   52   52   22   22
 6.9892334815462676e-01   52   52   23   23
 6.4907042543322868e-01   52   52   24   24
 6.1443384682073998e-01   52   52   25   25
 6.1705794866665875e-01   52   52   26   26
 6.5902254616058487e-01   52   52   27   27
 7.0364658973356087e-01   52   52   28   28
 8.2511636157151158e-01   52   52   29   29
 8.7157397793685720e-01   52   52   30   30
 9.8400921183773449e-01   52   52   31   31
 1.0616246263140188e+00   52   52   32   32
 1.5302348535014108e+00   52   52   33   33
 9.7947050736093189e-01   52   52   34   34
 8.6949331184929923e-01   52   52   35   35
 6.0610183251833494e-01   52   52   36   36
 5.7104246626230937e-01   52   52   37   37
 5.3659471181739316e-01   52   52   38   38
 5.3404714074024462e-01   52   52   39   39
 5.6286950042545614e-01   52   52   40   40
 6.0289779354907613e-01   52   52   41   41
 5.3952041348357171e-01   52   52   42   42
 5.8052125709024449e-01   52   52   43   43
 5.8569824283136829e-01   52   52   44   44
 2.5759023286995415e+00   52   52   45   45
 5.4928538695674534e-01   52   52   46   46
 5.1515703650723454e-01   52   52   47   47
 5.1161660366320816e-01   52   52   48   48
 3.9406623740683377e+00   52   52   49   49
 2.8215649799166553e+00   52   52   50   50
 3.9431222172913674e+00   52   52   51   51
 8.4208384499999998e+00   52   52   52   52
 7.1993687592867694e-01   53   53    1    1
 7.0399645468330119e-01   53   53    2    2
 6.4552010475840382e-01   53   53    3    3
 6.1160633353005500e-01   53   53    4    4
 6.2011555513611072e-01   53   53    5    5
 6.7185397969085414e-01   53   53    6    6
 4.8578251048447779e-01   53   53    7    7
 4.8520043895800169e-01   53   53    8    8
 5.0416604185697822e-01   53   53    9    9
 4.9877232404640715e-01   53   53   10   10
 4.7616652678205984e-01   53   53   11   11
 3.6220386065537880e-01   53   53   12   12
 4.6084797264522004e-01   53   53   13   13
 4.6423246805803503e-01   53   53   14   14
 4.5831788520725109e-01   53   53   15   15
 4.3739736605861662e-01   53   53   16   16
 4.1551522611472236e-01   53   53   17   17
 4.1021049137725446e-01   53   53   18   18
 1.7433440791715145e+00   53   53   19   19
 4.2715545017928247e-01   53   53   20   20
 4.5166985953481564e-01   53   53   21   21
 7.4613586353234462e-01   53   53   22   22
 7.1294560197248635e-01   53   53   23   23
 6.6390976379183730e-01   53   53   24   24
 6.3437903575687227e-01   53   53   25   25
 6.4228410140915015e-01   53   53   26   26
 6.8595921104073709e-01   53   53   27   27
 7.2522897965495159e-01   53   53   28   28
 8.2945488746021356e-01   53   53   29   29
 8.9459366571928733e-01   53   53   30   30
 1.0156597650134647e+00   53   53   31   31
 1.0677335685895999e+00   53   53   32   32
 1.4320975453311999e+00   53   53   33   33
 9.6082646805970640e-01   53   53   34   34
 8.5680927095199211e-01   53   53   35   35
 5.8198868743053855e-01   53   53   36   36
 5.4658604295003899e-01   53   53   37   37
 5.1467499458104027e-01   53   53   38   38
 5.1467777257000291e-01   53   53   39   39
 5.4434770128595200e-01   53   53   40   40
 5.8240754782850623e-01   53   53   41   41
 5.6210911663100516e-01   53   53   42   42
 6.0797856018909968e-01   53   53   43   43
 6.2022127021829820e-01   53   53   44   44
 3.9393783809780474e+00   53   53   45   45
 5.8306185193940463e-01   53   53   46   46
 5.4331574717842301e-01   53   53   47   47
 5.3517873684550754e-01   53   53   48   48
 2.5774124026021576e+00   53   53   49   49
 2.8230613749024278e+00   53   53   50   50
 3.9423531501584264e+00   53   53   51   51
 2.8404191105957080e+00   53   53   52   52
 8.4208384499999998e+00   53   53   53   53
 7.1408867926188324e-01   54   54    1    1
 7.0789854048354572e-01   54   54    2    2
 7.6753832738588268e-01   54   54    3    3
 8.4848502608163134e-01   54   54    4    4
 8.5996900360224093e-01   54   54    5    5
 7.7851348654861641e-01   54   54    6    6
 1.3247920391571768e+00   54   54    7    7
 1.2091020153894338e+00   54   54    8    8
 1.0735176481322077e+00   54   54    9    9
 9.8302173855768826e-01   54   54   10   10
 9.8023268214825132e-01   54   54   11   11
 2.5754250506830267e+00   54   54   12   12
 1.0805193309934229e+00   54   54   13   13
 1.2107618874823132e+00   54   54   14   14
 1.6128581263995598e+00   54   54   15   15
 1.8460533840215239e+00   54   54   16   16
 2.4400020046660762e+00   54   54   17   17
 2.7893531365020277e+00   54   54   18   18
 4.4951125399181224e-01   54   54   19   19
 2.1052886803060993e+00   54   54   20   20
 1.6969277946119323e+00   54   54   21   21
 6.4965508956628937e-01   54   54   22   22
 6.3661900120935733e-01   54   54   23   23
 6.5871639168261609e-01   54   54   24   24
 6.3576957173366433e-01   54   54   25   25
 5.9654233847586546e-01   54   54   26   26
 5.8115815189431863e-01   54   54   27   27
 5.9735391885244038e-01   54   54   28   28
 6.0671259073364414e-01   54   54   29   29
 5.6738588796131495e-01   54   54   30   30
 5.3436165429232141e-01   54   54   31   31
 5.3061033070426977e-01   54   54   32   32
 4.4516354574245154e-01   54   54   33   33
 5.6228970182422278e-01   54   54   34   34
 6.0296460110269612e-01   54   54   35   35
 9.4554336206813361e-01   54   54   36   36
 1.0351742272565849e+00   54   54   37   37
 1.1955039855338137e+00   54   54   38   38
 1.2244452871285831e+00   54   54   39   39
 1.0776880202775396e+00   54   54   40   40
 9.5524718518710205e-01   54   54   41   41
 5.9220656179735076e-01   54   54   42   42
 5.7311815181485748e-01   54   54   43   43
 5.3125051012248847e-01   54   54   44   44
 3.9201093221251987e-01   54   54   45   45
 5.1144132306948098e-01   54   54   46   46
 5.2443347193588097e-01   54   54   47   47
 5.6343187329100231e-01   54   54   48   48
 4.0416214641990911e-01   54   54   49   49
 4.0573369145995064e-01   54   54   50   50
 3.7752152593321997e-01   54   54   51   51
 3.8954413247290037e-01   54   54   52   52
 3.7866203333860809e-01   54   54   53   53
 8.4208384499999998e+00   54   54   54   54
 9.8542240428628780e-01   55   55    1    1
 9.7283321186201266e-01   55   55    2    2
 8.7218984195193794e-01   55   55    3    3
 8.0830327436919946e-01   55   55    4    4
 8.1189882627027310e-01   55   55    5    5
 8.9242793902572692e-01   55   55    6    6
 5.8548435367585749e-01   55   55    7    7
 5.7929748470664988e-01   55   55    8    8
 6.0560108923280576e-01   55   55    9    9
 5.9115705861458379e-01   55   55   10   10
 5.5497774563426039e-01   55   55   11   11
 4.1780735154939941e-01   55   55   12   12
 5.3567638992352051e-01   55   55   13   13
 5.4509524974039414e-01   55   55   14   14
 5.4819949581453042e-01   55   55   15   15
 5.1972969109947742e-01   55   55   16   16
 4.9043653037376689e-01   55   55   17   17
 4.8320049135263060e-01   55   55   18   18
 3.9486166062953014e+00   55   55   19   19
 5.0554709228272010e-01   55   55   20   20
 5.3887111700237045e-01   55   55   21   21
 1.0560587940512498e+00   55   55   22   22
 9.8401812680159040e-01   55   55   23   23
 8.8031500430447573e-01   55   55   24   24
 8.2317889183230830e-01   55   55   25   25
 8.3726371810131872e-01   55   55   26   26
 9.2417232699694229e-01   55   55   27   27
 1.0116663447936498e+00   55   55   28   28
 1.2352005997040825e+00   55   55   29   29
 1.3371211658507003e+00   55   55   30   30
 1.6249219962246479e+00   55   55   31   31
 1.8835040863599048e+00   55   55   32   32
 2.9857111360662829e+00   55   55   33   33
 1.6179654831125332e+00   55   55   34   34
 1.3324824326656568e+00   55   55   35   35
 7.3113837967876083e-01   55   55   36   36
 6.7271032337326542e-01   55   55   37   37
 6.3079582724385708e-01   55   55   38   38
 6.3875927278665501e-01   55   55   39   39
 6.8847996978417270e-01   55   55   40   40
 7.4417307650501174e-01   55   55   41   41
 7.0051892760029499e-01   55   55   42   42
 7.7187842169244003e-01   55   55   43   43
 7.8023112851893284e-01   55   55   44   44
 2.2763525424370892e+00   55   55   45   45
 7.1537551108906428e-01   55   55   46   46
 6.5911636664739959e-01   55   55   47   47
 6.5419884999839140e-01   55   55   48   48
 2.2224630244267893e+00   55   55   49   49
 2.7768869985888780e+00   55   55   50   50
 1.6208021882423345e+00   55   55   51   51
 1.7521391265927500e+00   55   55   52   52
 1.7767022154113716e+00   55   55   53   53
 4.4286122591135219e-01   55   55   54   54
 8.4208384499999998e+00   55   55   55   55
 6.5762890154944209e-01   56   56    1    1
 6.5475694415232133e-01   56   56    2    2
 7.0709566473349983e-01   56   56    3    3
 7.7310384317970071e-01   56   56    4    4
 7.7860306321084760e-01   56   56    5    5
 7.1042219249246741e-01   56   56    6    6
 1.1263687606834638e+00   56   56    7    7
 1.0431974109344870e+00   56   56    8    8
 9.3940121839141599e-01   56   56    9    9
 8.7206171125907150e-01   56   56   10   10
 8.7477464292415319e-01   56   56   11   11
 2.8638611534080494e+00   56   56   12   12
 9.5698773270176851e-01   56   56   13   13
 1.0528445155551591e+00   56   56   14   14
 1.3299986408769615e+00   56   56   15   15
 1.4823440950292466e+00   56   56   16   16
 1.8481604452796001e+00   56   56   17   17
 2.0764851407925127e+00   56   56   18   18
 4.2576222361231203e-01   56   56   19   19
 1.6996052042281786e+00   56   56   20   20
 1.4050163956446693e+00   56   56   21   21
 6.0571667633200443e-01   56   56   22   22
 5.9699655972319199e-01   56   56   23   23
 6.1854252723855174e-01   56   56   24   24
 6.0122429931229704e-01   56   56   25   25
 5.6672051907821552e-01   56   56   26   26
 5.5105788941601075e-01   56   56   27   27
 5.6327234157058648e-01   56   56   28   28
 5.6698617940091156e-01   56   56   29   29
 5.3277738820243692e-01   56   56   30   30
 5.0279596721570563e-01   56   56   31   31
 4.9864428112364595e-01   56   56   32   32
 4.2165196500150154e-01   56   56   33   33
 5.2632023974110786e-01   56   56   34   34
 5.6246236381047399e-01   56   56   35   35
 8.4308356227859671e-01   56   56   36   36
 9.1189639353051199e-01   56   56   37   37
 1.0326505995314068e+00   56   56   38   38
 1.0577521402808510e+00   56   56   39   39
 9.5047649063833839e-01   56   56   40   40
 8.5320687563718423e-01   56   56   41   41
 5.6800948072013024e-01   56   56   42   42
 5.4789331498906613e-01   56   56   43   43
 5.0956913891360445e-01   56   56   44   44
 3.7349882635713599e-01   56   56   45   45
 4.9302195540168758e-01   56   56   46   46
 5.0705413554459844e-01   56   56   47   47
 5.4373027511850913e-01   56   56   48   48
 3.8398593188498709e-01   56   56   49   49
 3.8574612136642555e-01   56   56   50   50
 3.5990083272736006e-01   56   56   51   51
 3.7064874587363639e-01   56   56   52   52
 3.6121889317431705e-01   56   56   53   53
 3.9361636060677196e+00   56   56   54   54
 4.1958943254888859e-01   56   56   55   55
 8.4208384499999998e+00   56   56   56   56
 6.3554454613396383e-01   57   57    1    1
 6.3238635867926418e-01   57   57    2    2
 6.7977483041170161e-01   57   57    3    3
 7.3948636130340506e-01   57   57    4    4
 7.4551528468009387e-01   57   57    5    5
 6.8429043779215581e-01   57   57    6    6
 1.0544922796901162e+00   57   57    7    7
 9.8060934929138566e-01   57   57    8    8
 8.8050085152312885e-01   57   57    9    9
 8.2186666036833844e-01   57   57   10   10
 8.3118255523744200e-01   57   57   11   11
 3.9519877076555945e+00   57   57   12   12
 9.1397557018289144e-01   57   57   13   13
 1.0013827489728844e+00   57   57   14   14
 1.2336962181490532e+00   57   57   15   15
 1.3365696084378194e+00   57   57   16   16
 1.6247070451765495e+00   57   57   17   17
 1.8803109238902938e+00   57   57   18   18
 4.1515042865746615e-01   57   57   19   19
 1.6159261890651000e+00   57   57   20   20
 1.3312066232099975e+00   57   57   21   21
 5.8708240353543084e-01   57   57   22   22
 5.8074084982026186e-01   57   57   23   23
 6.0461852204977362e-01   57   57   24   24
 5.9000932104868142e-01   57   57   25   25
 5.5561199885967971e-01   57   57   26   26
 5.3794218615428402e-01   57   57   27   27
 5.4790868402001114e-01   57   57   28   28
 5.4959741001867468e-01   57   57   29   29
 5.1893675205141465e-01   57   57   30   30
 4.8969476153928915e-01   57   57   31   31
 4.8386091547512555e-01   57   57   32   32
 4.0834641748486716e-01   57   57   33   33
 5.0841828468961403e-01   57   57   34   34
 5.4267399878060318e-01   57   57   35   35
 8.0695595101539253e-01   57   57   36   36
 8.6989759399864386e-01   57   57   37   37
 9.7216573192719369e-01   57   57   38   38
 9.8761508275496979e-01   57   57   39   39
 8.9540507946529424e-01   57   57   40   40
 8.1282268354237042e-01   57   57   41   41
 5.6049545314102334e-01   57   57   42   42
 5.3910334271011473e-01   57   57   43   43
 5.0190367051505791e-01   57   57   44   44
 3.6505278760571319e-01   57   57   45   45
 4.8700567481440132e-01   57   57   46   46
 5.0209256423596427e-01   57   57   47   47
 5.3830221457424421e-01   57   57   48   48
 3.7413550813414342e-01   57   57   49   49
 3.7608365430475543e-01   57   57   50   50
 3.5210490017310264e-01   57   57   51   51
 3.6181318167004639e-01   57   57   52   52
 3.5360806520172450e-01   57   57   53   53
 2.8200192680482292e+00   57   57   54   54
 4.0815981590905642e-01   57   57   55   55
 3.9518337548024749e+00   57   57   56   56
 8.4208384499999998e+00   57   57   57   57
 9.2119656846268483e-01   58   58    1    1
 9.2406891696013127e-01   58   58    2    2
 8.5436170091045960e-01   58   58    3    3
 7.9915041996403124e-01   58   58    4    4
 7.9359013804443812e-01   58   58    5    5
 8.5046129766020873e-01   58   58    6    6
 5.8598361572788393e-01   58   58    7    7
 5.8024502449399074e-01   58   58    8    8
 6.1194479584440520e-01   58   58    9    9
 5.9760946429895967e-01   58   58   10   10
 5.5682802264977982e-01   58   58   11   11
 4.1808761416752921e-01   58   58   12   12
 5.3380480846063805e-01   58   58   13   13
 5.4264582713393705e-01   58   58   14   14
 5.4992817386603721e-01   58   58   15   15
 5.2666678838180569e-01   58   58   16   16
 4.9712647050066910e-01   58   58   17   17
 4.8614816632139329e-01   58   58   18   18
 1.6969597256070794e+00   58   58   19   19
 5.0402180300609978e-01   58   58   20   20
 5.3583213084824566e-01   58   58   21   21
 9.8242763190501570e-01   58   58   22   22
 9.1448323966038525e-01   58   58   23   23
 8.1382589485001111e-01   58   58   24   24
 7.6295385490127254e-01   58   58   25   25
 7.8101233174835405e-01   58   58   26   26
 8.6786258101759539e-01   58   58   27   27
 9.4969952127218737e-01   58   58   28   28
 1.1187524028598683e+00   58   58   29   29
 1.1256579800589979e+00   58   58   30   30
 1.2751304285472034e+00   58   58   31   31
 1.5150833553261662e+00   58   58   32   32
 3.9405560167757283e+00   58   58   33   33
 1.5002024741244502e+00   58   58   34   34
 1.2663755433627262e+00   58   58   35   35
 7.1270712472439735e-01   58   58   36   36
 6.6074557635690201e-01   58   58   37   37
 6.2900034179371367e-01   58   58   38   38
 6.4288373891225292e-01   58   58   39   39
 6.9051468608719369e-01   58   58   40   40
 7.3364832873748909e-01   58   58   41   41
 6.6277723391011556e-01   58   58   42   42
 7.2251939136345322e-01   58   58   43   43
 7.2486801316597138e-01   58   58   44   44
 1.4264460091555666e+00   58   58   45   45
 6.6848137038137889e-01   58   58   46   46
 6.2172064552010953e-01   58   58   47   47
 6.2038497265605763e-01   58   58   48   48
 1.6018816494978971e+00   58   58   49   49
 1.7019184451037250e+00   58   58   50   50
 1.1854948738295985e+00   58   58   51   51
 1.3212308756383206e+00   58   58   52   52
 1.2202890479463548e+00   58   58   53   53
 4.5003154891344715e-01   58   58   54   54
 2.1381278723408368e+00   58   58   55   55
 4.2618136198729856e-01   58   58   56   56
 4.1156304736698529e-01   58   58   57   57
 8.4208384499999998e+00   58   58   58   58
 8.5545269949582192e-01   59   59    1    1
 8.4903384119884118e-01   59   59    2    2
 7.7823488703476207e-01   59   59    3    3
 7.2933071104282121e-01   59   59    4    4
 7.3040551637521589e-01   59   59    5    5
 7.8924199932336858e-01   59   59    6    6
 5.4786535053908725e-01   59   59    7    7
 5.4428408000408313e-01   59   59    8    8
 5.7113733652763898e-01   59   59    9    9
 5.6053608057473947e-01   59   59   10   10
 5.2675104789857130e-01   59   59   11   11
 3.9643849694251554e-01   59   59   12   12
 5.0647757591465270e-01   59   59   13   13
 5.1312194465304928e-01   59   59   14   14
 5.1476789812841950e-01   59   59   15   15
 4.9199781917059643e-01   59   59   16   16
 4.6532729998576461e-01   59   59   17   17
 4.5671723268888753e-01   59   59   18   18
 2.1429979914879964e+00   59   59   19   19
 4.7453960272132417e-01   59   59   20   20
 5.0375851298836316e-01   59   59   21   21
 9.0691290983849593e-01   59   59   22   22
 8.5185419546635621e-01   59   59   23   23
 7.6819528376795543e-01   59   59   24   24
 7.2473416435960369e-01   59   59   25   25
 7.4055049048089161e-01   59   59   26   26
 8.1392751448230971e-01   59   59   27   27
 8.8046779769122341e-01   59   59   28   28
 1.0332531394723272e+00   59   59   29   29
 1.0797301873419547e+00   59   59   30   30
 1.2496617721137735e+00   59   59   31   31
 1.4350985762417954e+00   59   59   32   32
 3.9494989640774443e+00   59   59   33   33
 1.3288870892623006e+00   59   59   34   34
 1.1275650393662442e+00   59   59   35   35
 6.6555459242905235e-01   59   59   36   36
 6.1890407519500601e-01   59   59   37   37
 5.8579655329369773e-01   59   59   38   38
 5.9364620923148859e-01   59   59   39   39
 6.3468713019984246e-01   59   59   40   40
 6.7765420867462445e-01   59   59   41   41
 6.3251022705611426e-01   59   59   42   42
 6.9006350105468306e-01   59   59   43   43
 6.9855552625736295e-01   59   59   44   44
 2.1248005384857183e+00   59   59   45   45
 6.4747909894741396e-01   59   59   46   46
 6.0056853780234343e-01   59   59   47   47
 5.9534807637258258e-01   59   59   48   48
 2.3874572787387787e+00   59   59   49   49
 2.7716902125582155e+00   59   59   50   50
 1.6161747284639669e+00   59   59   51   51
 1.8211246393672098e+00   59   59   52   52
 1.7039950535226300e+00   59   59   53   53
 4.2209845036165217e-01   59   59   54   54
 2.9931091622703412e+00   59   59   55   55
 4.0076352980867924e-01   59   59   56   56
 3.8899405705609941e-01   59   59   57   57
 2.8246607609482051e+00   59   59   58   58
 8.4208384499999998e+00   59   59   59   59
 7.6269135790699927e-01   60   60    1    1
 7.6186292261779698e-01   60   60    2    2
 7.1211797642811692e-01   60   60    3    3
 6.7347275169576570e-01   60   60    4    4
 6.7146790736003736e-01   60   60    5    5
 7.1395824901686145e-01   60   60    6    6
 5.2017412024731702e-01   60   60    7    7
 5.1785393446545047e-01   60   60    8    8
 5.4481404601251271e-01   60   60    9    9
 5.3639838994493849e-01   60   60   10   10
 5.0415354021257186e-01   60   60   11   11
 3.8169133518586645e-01   60   60   12   12
 4.8347292120984214e-01   60   60   13   13
 4.8856650773604848e-01   60   60   14   14
 4.9072271488818231e-01   60   60   15   15
 4.7264776380528734e-01   60   60   16   16
 4.4817212374160120e-01   60   60   17   17
 4.3837743712411364e-01   60   60   18   18
 1.4380918438338888e+00   60   60   19   19
 4.5250792547743446e-01   60   60   20   20
 4.7842978077159931e-01   60   60   21   21
 8.0333087327213493e-01   60   60   22   22
 7.5962227363219503e-01   60   60   23   23
 6.8941768123075320e-01   60   60   24   24
 6.5467724713194309e-01   60   60   25   25
 6.7092306222368381e-01   60   60   26   26
 7.3449028344972678e-01   60   60   27   27
 7.8750276124699081e-01   60   60   28   28
 8.9514377453407024e-01   60   60   29   29
 9.1113311971846100e-01   60   60   30   30
 1.0178107791998956e+00   60   60   31   31
 1.1538396360133143e+00   60   60   32   32
 2.5848352414221680e+00   60   60   33   33
 1.1217072540014696e+00   60   60   34   34
 9.8149315625327249e-01   60   60   35   35
 6.1630848208105204e-01   60   60   36   36
 5.7817456589150251e-01   60   60   37   37
 5.5268090531339631e-01   60   60   38   38
 5.6153385614924700e-01   60   60   39   39
 5.9639437752182101e-01   60   60   40   40
 6.2911923941474757e-01   60   60   41   41
 5.8280865931105652e-01   60   60   42   42
 6.3007478573738884e-01   60   60   43   43
 6.3707391043088568e-01   60   60   44   44
 1.5142404778183582e+00   60   60   45   45
 5.9542660432150929e-01   60   60   46   46
 5.5616660887394997e-01   60   60   47   47
 5.5171354231074410e-01   60   60   48   48
 1.7379843319669566e+00   60   60   49   49
 1.7941110743817383e+00   60   60   50   50
 1.2993894889114399e+00   60   60   51   51
 1.4550330341568345e+00   60   60   52   52
 1.3193784114295766e+00   60   60   53   53
 4.0863125772857761e-01   60   60   54   54
 1.7814180210075337e+00   60   60   55   55
 3.8871187458659456e-01   60   60   56   56
 3.7628086306357744e-01   60   60   57   57
 2.8250622956138698e+00   60   60   58   58
 2.8424846870621305e+00   60   60   59   59
 8.4208384499999998e+00   60   60   60   60
 7.2126274860858963e-01   61   61    1    1
 7.1069075959538852e-01   61   61    2    2
 7.6463130656355083e-01   61   61    3    3
 8.4350798390222270e-01   61   61    4    4
 8.6280748760389236e-01   61   61    5    5
 7.8713697728164889e-01   61   61    6    6
 1.3237732496852870e+00   61   61    7    7
 1.2046943357942057e+00   61   61    8    8
 1.0453302462881273e+00   61   61    9    9
 9.5969556135025524e-01   61   61   10   10
 9.7358131683418425e-01   61   61   11   11
 3.9349739270718218e+00   61   61   12   12
 1.0985747586343031e+00   61   61   13   13
 1.2416670267157619e+00   61   61   14   14
 1.6108692111896148e+00   61   61   15   15
 1.6996620513949037e+00   61   61   16   16
 2.1117033694525853e+00   61   61   17   17
 2.7878088742015148e+00   61   61   18   18
 4.5027717419275420e-01   61   61   19   19
 2.4252141304085129e+00   61   61   20   20
 1.8375508624969275e+00   61   61   21   21
 6.5254442627964937e-01   61   61   22   22
 6.4153987406360569e-01   61   61   23   23
 6.7122534618088070e-01   61   61   24   24
 6.4918523680194895e-01   61   61   25   25
 6.0445893251780225e-01   61   61   26   26
 5.8380219235944231e-01   61   61   27   27
 5.9830348310957193e-01   61   61   28   28
 6.0790181249088071e-01   61   61   29   29
 5.7249861389719492e-01   61   61   30   30
 5.3776447542621841e-01   61   61   31   31
 5.2972007366593687e-01   61   61   32   32
 4.3857270283195615e-01   61   61   33   33
 5.5736726893901534e-01   61   61   34   34
 5.9806493930887550e-01   61   61   35   35
 9.6324558667636417e-01   61   61   36   36
 1.0580118218375489e+00   61   61   37   37
 1.1976014686920615e+00   61   61   38   38
 1.1957250754866524e+00   61   61   39   39
 1.0601375111840916e+00   61   61   40   40
 9.5833033593853789e-01   61   61   41   41
 6.0324646968500861e-01   61   61   42   42
 5.8181756124845241e-01   61   61   43   43
 5.3851901453451190e-01   61   61   44   44
 3.9238827654812586e-01   61   61   45   45
 5.1910046373807905e-01   61   61   46   46
 5.3364964123380865e-01   61   61   47   47
 5.7441459927443472e-01   61   61   48   48
 4.0268607490535946e-01   61   61   49   49
 4.0460275437357718e-01   61   61   50   50
 3.7847723476662370e-01   61   61   51   51
 3.8922960361779857e-01   61   61   52   52
 3.7994428231920097e-01   61   61   53   53
 2.8180218234983752e+00   61   61   54   54
 4.4089271692842319e-01   61   61   55   55
 2.5736708144036258e+00   61   61   56   56
 2.8184967120573905e+00   61   61   57   57
 4.4045504569909738e-01   61   61   58   58
 4.1707317753706952e-01   61   61   59   59
 4.0042090844160372e-01   61   61   60   60
 8.4208384499999998e+00   61   61   61   61
 7.5480312236430502e-01   62   62    1    1
 7.4350268659717400e-01   62   62    2    2
 8.0487966879762229e-01   62   62    3    3
 8.9565269427370464e-01   62   62    4    4
 9.1682803374092892e-01   62   62    5    5
 8.2880097896044047e-01   62   62    6    6
 1.4865545044024968e+00   62   62    7    7
 1.3355166567625405e+00   62   62    8    8
 1.1544727164821094e+00   62   62    9    9
 1.0472621572704948e+00   62   62   10   10
 1.0502758181666556e+00   62   62   11   11
 2.8143882961001001e+00   62   62   12   12
 1.1811308990588052e+00   62   62   13   13
 1.3519038165801998e+00   62   62   14   14
 1.8694268370029503e+00   62   62   15   15
 2.0755131903410664e+00   62   62   16   16
 2.8029129968736823e+00   62   62   17   17
 3.9040102339717757e+00   62   62   18   18
 4.6421230068554736e-01   62   62   19   19
 2.7914894526202558e+00   62   62   20   20
 2.0702055653061482e+00   62   62   21   21
 6.7881942751266133e-01   62   62   22   22
 6.6384288386988988e-01   62   62   23   23
 6.9041436206915263e-01   62   62   24   24
 6.6402015855936403e-01   62   62   25   25
 6.1869012314576666e-01   62   62   26   26
 6.0067803746104564e-01   62   62   27   27
 6.1861734334869789e-01   62   62   28   28
 6.3211113027254318e-01   62   62   29   29
 5.9153578711700483e-01   62   62   30   30
 5.5557090946403132e-01   62   62   31   31
 5.4970894549418281e-01   62   62   32   32
 4.5558589186969017e-01   62   62   33   33
 5.8174889599539392e-01   62   62   34   34
 6.2545169635646369e-01   62   62   35   35
 1.0291507020995105e+00   62   62   36   36
 1.1403191549200287e+00   62   62   37   37
 1.3237052548174910e+00   62   62   38   38
 1.3339335602691040e+00   62   62   39   39
 1.1589986530128522e+00   62   62   40   40
 1.0290265865653634e+00   62   62   41   41
 6.1223913512914174e-01   62   62   42   42
 5.9265474592868483e-01   62   62   43   43
 5.4780475738173451e-01   62   62   44   44
 4.0318200876174459e-01   62   62   45   45
 5.2613284553105311e-01   62   62   46   46
 5.3924793713194985e-01   62   62   47   47
 5.8057185258032096e-01   62   62   48   48
 4.1537488510484177e-01   62   62   49   49
 4.1700731218967280e-01   62   62   50   50
 3.8846525989707281e-01   62   62   51   51
 4.0059624352415923e-01   62   62   52   52
 3.8966341502151175e-01   62   62   53   53
 3.8947970650487922e+00   62   62   54   54
 4.5573944552970752e-01   62   62   55   55
 2.8131698330492156e+00   62   62   56   56
 2.5352317535118023e+00   62   62   57   57
 4.5895747514812563e-01   62   62   58   58
 4.3203537362956734e-01   62   62   59   59
 4.1587587234523449e-01   62   62   60   60
 3.8959030667251873e+00   62   62   61   61
 8.4208384499999998e+00   62   62   62   62
 1.0459401369312082e+00   63   63    1    1
 1.0391738016337568e+00   63   63    2    2
 9.3292567769760049e-01   63   63    3    3
 8.6162735595600171e-01   63   63    4    4
 8.6124475804683576e-01   63   63    5    5
 9.4444232635552972e-01   63   63    6    6
 6.1126971237725258e-01   63   63    7    7
 6.0363616961564615e-01   63   63    8    8
 6.3337295510373270e-01   63   63    9    9
 6.1633265894079381e-01   63   63   10   10
 5.7528833570381710e-01   63   63   11   11
 4.3111315425386965e-01   63   63   12   12
 5.5400519471859899e-01   63   63   13   13
 5.6489877186608517e-01   63   63   14   14
 5.7142049038219622e-01   63   63   15   15
 5.4208312720245810e-01   63   63   16   16
 5.1061306052267608e-01   63   63   17   17
 5.0189264305663595e-01   63   63   18   18
 2.8535805867256872e+00   63   63   19   19
 5.2460737128950408e-01   63   63   20   20
 5.6005894833812231e-01   63   63   21   21
 1.1278878412542432e+00   63   63   22   22
 1.0402218940915302e+00   63   63   23   23
 9.1855891624210007e-01   63   63   24   24
 8.5345381865984771e-01   63   63   25   25
 8.6917638951841225e-01   63   63   26   26
 9.6910950616116776e-01   63   63   27   27
 1.0734098119207673e+00   63   63   28   28
 1.3309064604377103e+00   63   63   29   29
 1.4019493365979356e+00   63   63   30   30
 1.6927368259780788e+00   63   63   31   31
 2.0793709946954548e+00   63   63   32   32
 3.9533077245706512e+00   63   63   33   33
 1.8577725898193380e+00   63   63   34   34
 1.4860190327970060e+00   63   63   35   35
 7.6670530906300038e-01   63   63   36   36
 7.0303442723356357e-01   63   63   37   37
 6.6079702422091158e-01   63   63   38   38
 6.7259884313773532e-01   63   63   39   39
 7.2795086252001939e-01   63   63   40   40
 7.8592307248896409e-01   63   63   41   41
 7.2176298255560645e-01   63   63   42   42
 7.9592736255564922e-01   63   63   43   43
 7.9957737299746834e-01   63   63   44   44
 1.7792253780752809e+00   63   63   45   45
 7.2976651455867225e-01   63   63   46   46
 6.7306022349822936e-01   63   63   47   47
 6.7096850383340534e-01   63   63   48   48
 1.8760360090003296e+00   63   63   49   49
 2.1486372676001344e+00   63   63   50   50
 1.3715981396894186e+00   63   63   51   51
 1.5064509837172588e+00   63   63   52   52
 1.4574117664006760e+00   63   63   53   53
 4.6008340351954363e-01   63   63   54   54
 3.9579376612121080e+00   63   63   55   55
 4.3508394296628577e-01   63   63   56   56
 4.2190517437907599e-01   63   63   57   57
 2.7522328462716659e+00   63   63   58   58
 2.9787775419269491e+00   63   63   59   59
 1.9264441665157643e+00   63   63   60   60
 4.5546452626563810e-01   63   63   61   61
 4.7257149124934028e-01   63   63   62   62
 8.4208384499999998e+00   63   63   63   63
 6.8012583936756921e-01   64   64    1    1
 6.3188466839859403e-01   64   64    2    2
 6.3467386957678240e-01   64   64    3    3
 6.8279994087361462e-01   64   64    4    4
 7.4373716186420114e-01   64   64    5    5
 7.3922792691702266e-01   64   64    6    6
 1.0464696108884404e+00   64   64    7    7
 1.2233535090233236e+00   64   64    8    8
 1.3225137389878534e+00   64   64    9    9
 1.6041884802017232e+00   64   64   10   10
 1.8657575918782765e+00   64   64   11   11
 6.7341543330052522e-01   64   64   12   12
 1.6065153467786772e+00   64   64   13   13
 1.3242277434666290e+00   64   64   14   14
 9.7349977971732371e-01   64   64   15   15
 9.9129249613336590e-01   64   64   16   16
 9.0519356337341295e-01   64   64   17   17
 8.2699582581712139e-01   64   64   18   18
 5.0530810113223501e-01   64   64   19   19
 8.1899838280281512e-01   64   64   20   20
 8.7682825902949146e-01   64   64   21   21
 5.8634574289480623e-01   64   64   22   22
 5.4855842052623438e-01   64   64   23   23
 5.4392722659351056e-01   64   64   24   24
 5.0961761955288287e-01   64   64   25   25
 4.8275543734015619e-01   64   64   26   26
 4.8645642107055709e-01   64   64   27   27
 5.1531509423273480e-01   64   64   28   28
 5.8093686655686883e-01   64   64   29   29
 5.5431247355981517e-01   64   64   30   30
 5.4497533926186326e-01   64   64   31   31
 5.5680013614226975e-01   64   64   32   32
 5.0347296366514083e-01   64   64   33   33
 5.8346838835355230e-01   64   64   34   34
 5.9805794745092178e-01   64   64   35   35
 8.8955484352378345e-01   64   64   36   36
 9.7850975901166826e-01   64   64   37   37
 9.6438651844954049e-01   64   64   38   38
 8.6427676157946254e-01   64   64   39   39
 8.0300385532885354e-01   64   64   40   40
 8.0937314418015915e-01   64   64   41   41
 4.4997633665782710e-01   64   64   42   42
 4.5513708933677988e-01   64   64   43   43
 4.3287590213807331e-01   64   64   44   44
 4.5597429942590778e-01   64   64   45   45
 4.1118973686833465e-01   64   64   46   46
 4.0757971997085229e-01   64   64   47   47
 4.2529464680875745e-01   64   64   48   48
 4.9219197356966549e-01   64   64   49   49
 4.7759910350119439e-01   64   64   50   50
 4.6025963340724346e-01   64   64   51   51
 4.8249364394265509e-01   64   64   52   52
 4.4825409280700501e-01   64   64   53   53
 7.3121767593751619e-01   64   64   54   54
 5.0221902821988729e-01   64   64   55   55
 6.7707969490387532e-01   64   64   56   56
 6.5224347399432914e-01   64   64   57   57
 5.0483467378443081e-01   64   64   58   58
 4.8422562299618777e-01   64   64   59   59
 4.6829281502253511e-01   64   64   60   60
 7.2572034164368193e-01   64   64   61   61
 7.6240898810846536e-01   64   64   62   62
 5.1613565214623758e-01   64   64   63   63
 8.4208384499999998e+00   64   64   64   64
 7.2888814056247564e-01   65   65    1    1
 6.7462479183499258e-01   65   65    2    2
 6.7735953575308683e-01   65   65    3    3
 7.3082887174330669e-01   65   65    4    4
 7.9973590768109604e-01   65   65    5    5
 7.9542624317901889e-01   65   65    6    6
 1.1179809607414604e+00   65   65    7    7
 1.3192345875700333e+00   65   65    8    8
 1.4804645682988906e+00   65   65    9    9
 1.8511536089245886e+00   65   65   10   10
 2.0638588043894859e+00   65   65   11   11
 6.7570085409921710e-01   65   65   12   12
 1.6725016205234056e+00   65   65   13   13
 1.3871893693553827e+00   65   65   14   14
 1.0223914480800100e+00   65   65   15   15
 1.0365034716670483e+00   65   65   16   16
 9.3354169063033299e-01   65   65   17   17
 8.4721855565989035e-01   65   65   18   18
 5.3453785532957765e-01   65   65   19   19
 8.4184722877271057e-01   65   65   20   20
 9.1058777410661340e-01   65   65   21   21
 6.2362414884397444e-01   65   65   22   22
 5.8013519232075139e-01   65   65   23   23
 5.7256573792499033e-01   65   65   24   24
 5.3409317366892017e-01   65   65   25   25
 5.0579289897950608e-01   65   65   26   26
 5.1147817129863860e-01   65   65   27   27
 5.4423203334543502e-01   65   65   28   28
 6.1896845569293468e-01   65   65   29   29
 5.8776649569303130e-01   65   65   30   30
 5.7813881400153500e-01   65   65   31   31
 5.9346531513288092e-01   65   65   32   32
 5.3609138713685267e-01   65   65   33   33
 6.2526787101870607e-01   65   65   34   34
 6.4106363688167867e-01   65   65   35   35
 9.6130076404449816e-01   65   65   36   36
 1.0571110661925789e+00   65   65   37   37
 1.0375839230374222e+00   65   65   38   38
 9.2792702884226397e-01   65   65   39   39
 8.6320196655109094e-01   65   65   40   40
 8.7236159880283326e-01   65   65   41   41
 4.6851068542647523e-01   65   65   42   42
 4.7509680021563205e-01   65   65   43   43
 4.5130987472289946e-01   65   65   44   44
 4.7915467237706794e-01   65   65   45   45
 4.2744969861773324e-01   65   65   46   46
 4.2287806825815688e-01   65   65   47   47
 4.4151802670493284e-01   65   65   48   48
 5.1989910676495321e-01   65   65   49   49
 5.0396144014079280e-01   65   65   50   50
 4.8250588659654603e-01   65   65   51   51
 5.0780887955276177e-01   65   65   52   52
 4.6967115884476790e-01   65   65   53   53
 7.4442766325820231e-01   65   65   54   54
 5.3245686349233057e-01   65   65   55   55
 6.8520218716272774e-01   65   65   56   56
 6.5587917673488660e-01   65   65   57   57
 5.3883590982723550e-01   65   65   58   58
 5.1369329609498637e-01   65   65   59   59
 4.9717262165052056e-01   65   65   60   60
 7.3125167829237991e-01   65   65   61   61
 7.7480995265169073e-01   65   65   62   62
 5.4947241642278499e-01   65   65   63   63
 3.9417210860513836e+00   65   65   64   64
 8.4208384499999998e+00   65   65   65   65
 7.9571033606390218e-01   66   66    1    1
 7.3333654844384821e-01   66   66    2    2
 7.3970081685282152e-01   66   66    3    3
 8.0594870685366748e-01   66   66    4    4
 8.8931270445567145e-01   66   66    5    5
 8.7857701913811415e-01   66   66    6    6
 1.3135136752801817e+00   66   66    7    7
 1.5978963540639040e+00   66   66    8    8
 1.8504590065017750e+00   66   66    9    9
 2.4682336361357935e+00   66   66   10   10
 2.7765973054519542e+00   66   66   11   11
 7.2836207484872628e-01   66   66   12   12
 2.0609976940026233e+00   66   66   13   13
 1.6689883656238005e+00   66   66   14   14
 1.1782460416339187e+00   66   66   15   15
 1.1885836467210844e+00   66   66   16   16
 1.0488025941233139e+00   66   66   17   17
 9.4231299215737885e-01   66   66   18   18
 5.5609297027994364e-01   66   66   19   19
 9.4007439183149266e-01   66   66   20   20
 1.0309531870374031e+00   66   66   21   21
 6.7205510429651893e-01   66   66   22   22
 6.2299959229731849e-01   66   66   23   23
 6.1557006122550628e-01   66   66   24   24
 5.7185671137334282e-01   66   66   25   25
 5.3927043623744453e-01   66   66   26   26
 5.4483869518628403e-01   66   66   27   27
 5.8135902750861468e-01   66   66   28   28
 6.6353923504678858e-01   66   66   29   29
 6.2617843073775747e-01   66   66   30   30
 6.1248301182682208e-01   66   66   31   31
 6.2795292110353906e-01   66   66   32   32
 5.5625716319002649e-01   66   66   33   33
 6.6528224637991473e-01   66   66   34   34
 6.8703014467231371e-01   66   66   35   35
 1.0954292855962702e+00   66   66   36   36
 1.2262428072322749e+00   66   66   37   37
 1.2057474633310832e+00   66   66   38   38
 1.0607632901697692e+00   66   66   39   39
 9.7556304194519838e-01   66   66   40   40
 9.8355237377420557e-01   66   66   41   41
 4.9823229004543002e-01   66   66   42   42
 5.0487402793040415e-01   66   66   43   43
 4.7759334824165328e-01   66   66   44   44
 4.9225743908618946e-01   66   66   45   45
 4.5123468674965139e-01   66   66   46   46
 4.4672448449022217e-01   66   66   47   47
 4.6796872048409582e-01   66   66   48   48
 5.3273605751942943e-01   66   66   49   49
 5.1828472399052961e-01   66   66   50   50
 4.9219042882070113e-01   66   66   51   51
 5.1810614014037060e-01   66   66   52   52
 4.8069061841022132e-01   66   66   53   53
 8.1176456164725086e-01   66   66   54   54
 5.5276720931282974e-01   66   66   55   55
 7.3953728295104426e-01   66   66   56   56
 7.0465235474449550e-01   66   66   57   57
 5.5934682292137483e-01   66   66   58   58
 5.3046491232499426e-01   66   66   59   59
 5.1155429692685406e-01   66   66   60   60
 7.9587288297316583e-01   66   66   61   61
 8.5001832994684157e-01   66   66   62   62
 5.7230621481811517e-01   66   66   63   63
 2.8240581228232227e+00   66   66   64   64
 3.9399514000470330e+00   66   66   65   65
 8.4208384499999998e+00   66   66   66   66
 8.0579381834511998e-01   67   67    1    1
 7.4316968248568815e-01   67   67    2    2
 7.5395801304432031e-01   67   67    3    3
 8.2734146316299284e-01   67   67    4    4
 9.1536508242888348e-01   67   67    5    5
 8.9620626459137598e-01   67   67    6    6
 1.4777127665754486e+00   67   67    7    7
 1.8568682926703937e+00   67   67    8    8
 2.0602769549544546e+00   67   67    9    9
 2.7771731437804967e+00   67   67   10   10
 3.8897804192842478e+00   67   67   11   11
 7.9734497441780816e-01   67   67   12   12
 2.7822264471743603e+00   67   67   13   13
 2.0631508251539836e+00   67   67   14   14
 1.3289681268323414e+00   67   67   15   15
 1.3410782796473906e+00   67   67   16   16
 1.1730623019663913e+00   67   67   17   17
 1.0487704504155122e+00   67   67   18   18
 5.4466030276574073e-01   67   67   19   19
 1.0469540224966227e+00   67   67   20   20
 1.1531517306057175e+00   67   67   21   21
 6.7814161718804900e-01   67   67   22   22
 6.3104070705547521e-01   67   67   23   23
 6.2824489380353610e-01   67   67   24   24
 5.8433332371840629e-01   67   67   25   25
 5.4859720232466724e-01   67   67   26   26
 5.5115341779183136e-01   67   67   27   27
 5.8650515160777006e-01   67   67   28   28
 6.6414900846032787e-01   67   67   29   29
 6.2653721577733079e-01   67   67   30   30
 6.0886511484427475e-01   67   67   31   31
 6.1979081644774348e-01   67   67   32   32
 5.3937764469258753e-01   67   67   33   33
 6.5579115831045121e-01   67   67   34   34
 6.8199538845019358e-01   67   67   35   35
 1.1524606110908924e+00   67   67   36   36
 1.3222638898654333e+00   67   67   37   37
 1.3142410043463082e+00   67   67   38   38
 1.1340581966395873e+00   67   67   39   39
 1.0250525857958299e+00   67   67   40   40
 1.0256193558163895e+00   67   67   41   41
 5.0949016483908116e-01   67   67   42   42
 5.1414870325096695e-01   67   67   43   43
 4.8481794134364420e-01   67   67   44   44
 4.7995542258717228e-01   67   67   45   45
 4.5848249185525186e-01   67   67   46   46
 4.5537528675316841e-01   67   67   47   47
 4.7850473401219051e-01   67   67   48   48
 5.1517690866011612e-01   67   67   49   49
 5.0349950289897816e-01   67   67   50   50
 4.7789387141911649e-01   67   67   51   51
 5.0100655654861292e-01   67   67   52   52
 4.6848157368147886e-01   67   67   53   53
 8.8517178894493476e-01   67   67   54   54
 5.3891328981109710e-01   67   67   55   55
 8.0134625588834107e-01   67   67   56   56
 7.6530302794069549e-01   67   67   57   57
 5.4109924835280332e-01   67   67   58   58
 5.1423764359736823e-01   67   67   59   59
 4.9384265627091267e-01   67   67   60   60
 8.7869509215018216e-01   67   67   61   61
 9.3786000189224306e-01   67   67   62   62
 5.5703330263046680e-01   67   67   63   63
 2.5148036405159884e+00   67   67   64   64
 2.7990727739110839e+00   67   67   65   65
 3.9120797599812351e+00   67   67   66   66
 8.4208384499999998e+00   67   67   67   67
 7.3973215005091864e-01   68   68    1    1
 6.8573607936988634e-01   68   68    2    2
 6.9480417914784198e-01   68   68    3    3
 7.5753137637523960e-01   68   68    4    4
 8.3158057197666024e-01   68   68    5    5
 8.1592176326699806e-01   68   68    6    6
 1.3147733220172211e+00   68   68    7    7
 1.5988887581238447e+00   68   68    8    8
 1.6677705157095406e+00   68   68    9    9
 2.0585268447217522e+00   68   68   10   10
 2.7759319619189586e+00   68   68   11   11
 7.9234554948385805e-01   68   68   12   12
 2.4737007387741490e+00   68   68   13   13
 1.8543767378652913e+00   68   68   14   14
 1.2204175067423821e+00   68   68   15   15
 1.2416530348668782e+00   68   68   16   16
 1.1147066297059480e+00   68   68   17   17
 1.0082838568429839e+00   68   68   18   18
 5.1347943225534065e-01   68   68   19   19
 1.0007948219934786e+00   68   68   20   20
 1.0825023372352698e+00   68   68   21   21
 6.2983218173623678e-01   68   68   22   22
 5.8995276475126845e-01   68   68   23   23
 5.8988135531079200e-01   68   68   24   24
 5.5173046167404738e-01   68   68   25   25
 5.1870259975911537e-01   68   68   26   26
 5.1939507486991698e-01   68   68   27   27
 5.4988569500399187e-01   68   68   28   28
 6.1682628725920852e-01   68   68   29   29
 5.8563702087797431e-01   68   68   30   30
 5.6977958225661884e-01   68   68   31   31
 5.7771902251794227e-01   68   68   32   32
 5.0591949858135521e-01   68   68   33   33
 6.0729183161932310e-01   68   68   34   34
 6.2995076937098804e-01   68   68   35   35
 1.0302667850743426e+00   68   68   36   36
 1.1711276573411746e+00   68   68   37   37
 1.1677904675799302e+00   68   68   38   38
 1.0188952387647190e+00   68   68   39   39
 9.2487368389605029e-01   68   68   40   40
 9.2396714978359551e-01   68   68   41   41
 4.8512917223203755e-01   68   68   42   42
 4.8835679619497357e-01   68   68   43   43
 4.6151284707411205e-01   68   68   44   44
 4.5647791553509603e-01   68   68   45   45
 4.3797866326401547e-01   68   68   46   46
 4.3581331950529739e-01   68   68   47   47
 4.5735159802002678e-01   68   68   48   48
 4.8806017355689696e-01   68   68   49   49
 4.7702393310149560e-01   68   68   50   50
 4.5615635359897971e-01   68   68   51   51
 4.7657223501501594e-01   68   68   52   52
 4.4707447858484672e-01   68   68   53   53
 8.6149221130756504e-01   68   68   54   54
 5.0731992399231662e-01   68   68   55   55
 7.8714397517287804e-01   68   68   56   56
 7.5840632759211513e-01   68   68   57   57
 5.0643020618399781e-01   68   68   58   58
 4.8446400882228541e-01   68   68   59   59
 4.6534680132446965e-01   68   68   60   60
 8.6751320531613119e-01   68   68   61   61
 9.1409518552463065e-01   68   68   62   62
 5.2204808047649143e-01   68   68   63   63
 2.8251433538089019e+00   68   68   64   64
 2.5912462218717813e+00   68   68   65   65
 2.8624046152433520e+00   68   68   66   66
 3.9110575929445539e+00   68   68   67   67
 8.4208384499999998e+00   68   68   68   68
 6.8554910535216496e-01   69   69    1    1
 6.3733644157909108e-01   69   69    2    2
 6.4269497410521781e-01   69   69    3    3
 6.9453849101941256e-01   69   69    4    4
 7.5749650503833565e-01   69   69    5    5
 7.4857655420067915e-01   69   69    6    6
 1.1188420401908468e+00   69   69    7    7
 1.3199161268607220e+00   69   69    8    8
 1.3861273763962370e+00   69   69    9    9
 1.6706913987007295e+00   69   69   10   10
 2.0639336649041504e+00   69   69   11   11
 7.2537792686751879e-01   69   69   12   12
 1.8545902864734019e+00   69   69   13   13
 1.4832142848522054e+00   69   69   14   14
 1.0490037269206451e+00   69   69   15   15
 1.0703352638648915e+00   69   69   16   16
 9.7825739242402709e-01   69   69   17   17
 8.9347988573214288e-01   69   69   18   18
 4.9651334404498521e-01   69   69   19   19
 8.8397997203031009e-01   69   69   20   20
 9.4493434538463972e-01   69   69   21   21
 5.8970137664020195e-01   69   69   22   22
 5.5336196065338150e-01   69   69   23   23
 5.5188381823406729e-01   69   69   24   24
 5.1771172923399023e-01   69   69   25   25
 4.8881949962105137e-01   69   69   26   26
 4.9038209897443830e-01   69   69   27   27
 5.1831622151082524e-01   69   69   28   28
 5.8079164735751554e-01   69   69   29   29
 5.5406561110602492e-01   69   69   30   30
 5.4202171972939073e-01   69   69   31   31
 5.5074965984576008e-01   69   69   32   32
 4.9075288105594944e-01   69   69   33   33
 5.7667179732636942e-01   69   69   34   34
 5.9425058767661232e-01   69   69   35   35
 9.1719936735758945e-01   69   69   36   36
 1.0220891159703804e+00   69   69   37   37
 1.0137372928547199e+00   69   69   38   38
 9.0005575036015362e-01   69   69   39   39
 8.2804900462700137e-01   69   69   40   40
 8.3062638171445080e-01   69   69   41   41
 4.5764255613186416e-01   69   69   42   42
 4.6134546066391169e-01   69   69   43   43
 4.3774803558665165e-01   69   69   44   44
 4.4606969364924343e-01   69   69   45   45
 4.1619643326641326e-01   69   69   46   46
 4.1364592229629332e-01   69   69   47   47
 4.3263001467061279e-01   69   69   48   48
 4.7824586510312661e-01   69   69   49   49
 4.6589810159635947e-01   69   69   50   50
 4.4850395755942696e-01   69   69   51   51
 4.6862115348694722e-01   69   69   52   52
 4.3825668677864388e-01   69   69   53   53
 7.8178736017286365e-01   69   69   54   54
 4.9162783386577891e-01   69   69   55   55
 7.2219366897451542e-01   69   69   56   56
 6.9819087936868163e-01   69   69   57   57
 4.9120581234279359e-01   69   69   58   58
 4.7171235546567436e-01   69   69   59   59
 4.5454973346190702e-01   69   69   60   60
 7.8504150984934895e-01   69   69   61   61
 8.2181046255023416e-01   69   69   62   62
 5.0470714199072197e-01   69   69   63   63
 3.9439601219284008e+00   69   69   64   64
 2.8635161935795979e+00   69   69   65   65
 2.5912759996059247e+00   69   69   66   66
 2.7992378093580568e+00   69   69   67   67
 3.9414448936743396e+00   69   69   68   68
 8.4208384499999998e+00   69   69   69   69
 8.2230025708833054e-01   70   70    1    1
 8.2484229075513404e-01   70   70    2    2
 7.7137439316440060e-01   70   70    3    3
 7.2738036632182823e-01   70   70    4    4
 7.2258749589403992e-01   70   70    5    5
 7.6760803188972182e-01   70   70    6    6
 5.5069383096301716e-01   70   70    7    7
 5.4690265176441177e-01   70   70    8    8
 5.7670399508515047e-01   70   70    9    9
 5.6568851342767312e-01   70   70   10   10
 5.2897627148264970e-01   70   70   11   11
 3.9928456788931876e-01   70   70   12   12
 5.0672683918592820e-01   70   70   13   13
 5.1343893689761044e-01   70   70   14   14
 5.1863206957272834e-01   70   70   15   15
 4.9915979405618532e-01   70   70   16   16
 4.7244392497126009e-01   70   70   17   17
 4.6151481387867638e-01   70   70   18   18
 1.4448711252897428e+00   70   70   19   19
 4.7657604237303691e-01   70   70   20   20
 5.0482632754330725e-01   70   70   21   21
 8.6994052630551655e-01   70   70   22   22
 8.1761142145706189e-01   70   70   23   23
 7.3581515286739696e-01   70   70   24   24
 6.9527751504707613e-01   70   70   25   25
 7.1272234268739409e-01   70   70   26   26
 7.8561766911461417e-01   70   70   27   27
 8.4915200756965481e-01   70   70   28   28
 9.7346798010043578e-01   70   70   29   29
 9.7798971859177275e-01   70   70   30   30
 1.0897904639157849e+00   70   70   31   31
 1.2580540319471591e+00   70   70   32   32
 2.8501855023563865e+00   70   70   33   33
 1.2493164055953607e+00   70   70   34   34
 1.0853991757729784e+00   70   70   35   35
 6.5686138261525651e-01   70   70   36   36
 6.1387650001282401e-01   70   70   37   37
 5.8733449533604698e-01   70   70   38   38
 5.9929857623475558e-01   70   70   39   39
 6.3915049410979874e-01   70   70   40   40
 6.7421421236505508e-01   70   70   41   41
 6.1433313992219862e-01   70   70   42   42
 6.6538333935682592e-01   70   70   43   43
 6.6959245906955012e-01   70   70   44   44
 1.3606044558809995e+00   70   70   45   45
 6.2267107182447146e-01   70   70   46   46
 5.8143401530738947e-01   70   70   47   47
 5.7886569929049014e-01   70   70   48   48
 1.5463095830317894e+00   70   70   49   49
 1.6039877552373258e+00   70   70   50   50
 1.1637375231082694e+00   70   70   51   51
 1.2983031685451987e+00   70   70   52   52
 1.1849292499689918e+00   70   70   53   53
 4.2967028482617425e-01   70   70   54   54
 1.7807429614885104e+00   70   70   55   55
 4.0788547763114047e-01   70   70   56   56
 3.9390316978710638e-01   70   70   57   57
 3.9352204473903631e+00   70   70   58   58
 2.5741054128110301e+00   70   70   59   59
 3.9316222595801289e+00   70   70   60   60
 4.1954065434187715e-01   70   70   61   61
 4.3697930292055709e-01   70   70   62   62
 2.0807275461234198e+00   70   70   63   63
 4.8588807053989697e-01   70   70   64   64
 5.1767545747359445e-01   70   70   65   65
 5.3486718740644124e-01   70   70   66   66
 5.1626756116399886e-01   70   70   67   67
 4.8452255480662132e-01   70   70   68   68
 4.7175824946243494e-01   70   70   69   69
 8.4208384499999998e+00   70   70   70   70
 7.7492313260414736e-01   71   71    1    1
 7.7061893836370077e-01   71   71    2    2
 7.1436950893667617e-01   71   71    3    3
 6.7388204535884733e-01   71   71    4    4
 6.7421448877171619e-01   71   71    5    5
 7.2201830591388116e-01   71   71    6    6
 5.1879431156112110e-01   71   71    7    7
 5.1656491938701121e-01   71   71    8    8
 5.4226371267730422e-01   71   71    9    9
 5.3401624185349350e-01   71   71   10   10
 5.0304088874017716e-01   71   71   11   11
 3.8033684917493671e-01   71   71   12   12
 4.8322506496522355e-01   71   71   13   13
 4.8827953130835317e-01   71   71   14   14
 4.8891115539853308e-01   71   71   15   15
 4.6942103337377239e-01   71   71   16   16
 4.4495915357107840e-01   71   71   17   17
 4.3616932378367079e-01   71   71   18   18
 1.6741108942622329e+00   71   71   19   19
 4.5148812274335498e-01   71   71   20   20
 4.7781326713774847e-01   71   71   21   21
 8.1671633913641972e-01   71   71   22   22
 7.7230712439941074e-01   71   71   23   23
 7.0180474900433565e-01   71   71   24   24
 6.6615819482239269e-01   71   71   25   25
 6.8175398742174953e-01   71   71   26   26
 7.4521269396775902e-01   71   71   27   27
 7.9900324996200278e-01   71   71   28   28
 9.1627149693862486e-01   71   71   29   29
 9.4772723790386459e-01   71   71   30   30
 1.0737656285700943e+00   71   71   31   31
 1.2119793661771767e+00   71   71   32   32
 2.8385019026416516e+00   71   71   33   33
 1.1472651517809107e+00   71   71   34   34
 9.9551407076803744e-01   71   71   35   35
 6.1957595570649482e-01   71   71   36   36
 5.8002371679609233e-01   71   71   37   37
 5.5182575067971584e-01   71   71   38   38
 5.5896619657351376e-01   71   71   39   39
 5.9430990018528274e-01   71   71   40   40
 6.3021035553161231e-01   71   71   41   41
 5.9010199212206371e-01   71   71   42   42
 6.3989760192100231e-01   71   71   43   43
 6.4877230685579068e-01   71   71   44   44
 1.9036900534589190e+00   71   71   45   45
 6.0564774545728151e-01   71   71   46   46
 5.6408000082901522e-01   71   71   47   47
 5.5844324824465652e-01   71   71   48   48
 2.1904517592705401e+00   71   71   49   49
 2.3481135815638194e+00   71   71   50   50
 1.5572905243974775e+00   71   71   51   51
 1.7555010772902278e+00   71   71   52   52
 1.6037786596307255e+00   71   71   53   53
 4.0520826693723855e-01   71   71   54   54
 2.1402258043467137e+00   71   71   55   55
 3.8547664946659815e-01   71   71   56   56
 3.7401723921769553e-01   71   71   57   57
 2.5525098048402639e+00   71   71   58   58
 3.9389753854738818e+00   71   71   59   59
 3.9349722033762826e+00   71   71   60   60
 3.9922934637172891e-01   71   71   61   61
 4.1360269884277301e-01   71   71   62   62
 2.1568757909021312e+00   71   71   63   63
 4.6744551525212513e-01   71   71   64   64
 4.9528127308603009e-01   71   71   65   65
 5.0948235121261842e-01   71   71   66   66
 4.9282034145669690e-01   71   71   67   67
 4.6520770039222009e-01   71   71   68   68
 4.5442869477521575e-01   71   71   69   69
 2.8245244489612911e+00   71   71   70   70
 8.4208384499999998e+00   71   71   71   71
 1.2034691086235236e+00   72   72    1    1
 1.1859855906274666e+00   72   72    2    2
 1.0305046163916798e+00   72   72    3    3
 9.3800979295493858e-01   72   72    4    4
 9.4198871945189999e-01   72   72    5    5
 1.0573210351790487e+00   72   72    6    6
 6.4075827504908989e-01   72   72    7    7
 6.2903145077185518e-01   72   72    8    8
 6.5359492701382305e-01   72   72    9    9
 6.3204013859119490e-01   72   72   10   10
 5.9203398166508059e-01   72   72   11   11
 4.5030489896440751e-01   72   72   12   12
 5.7494388359467108e-01   72   72   13   13
 5.8959044538037964e-01   72   72   14   14
 5.9816138641449634e-01   72   72   15   15
 5.6153386621453094e-01   72   72   16   16
 5.2876710864685861e-01   72   72   17   17
 5.2362267438706378e-01   72   72   18   18
 3.9372350615807847e+00   72   72   19   19
 5.5256309016924110e-01   72   72   20   20
 5.9173547456210684e-01   72   72   21   21
 1.3230716399477314e+00   72   72   22   22
 1.2183938685554183e+00   72   72   23   23
 1.0752264019439588e+00   72   72   24   24
 9.9012720808571353e-01   72   72   25   25
 9.9860674817038841e-01   72   72   26   26
 1.1091470014063827e+00   72   72   27   27
 1.2391668260786359e+00   72   72   28   28
 1.6100348146252688e+00   72   72   29   29
 1.8601117658285446e+00   72   72   30   30
 2.4811804845333669e+00   72   72   31   31
 2.7881708724226537e+00   72   72   32   32
 1.9335438103559426e+00   72   72   33   33
 2.0750864839773517e+00   72   72   34   34
 1.6798815573548991e+00   72   72   35   35
 8.2908080809096218e-01   72   72   36   36
 7.5128690982044311e-01   72   72   37   37
 6.9782388103756454e-01   72   72   38   38
 7.0831367639427734e-01   72   72   39   39
 7.7277210511497718e-01   72   72   40   40
 8.4739396253748822e-01   72   72   41   41
 8.0943081365432523e-01   72   72   42   42
 9.0384520797698942e-01   72   72   43   43
 9.0746314096091552e-01   72   72   44   44
 1.6733089317069958e+00   72   72   45   45
 8.1791652997490016e-01   72   72   46   46
 7.4816783491712202e-01   72   72   47   47
 7.4609523521002707e-01   72   72   48   48
 1.5661347191300823e+00   72   72   49   49
 1.7955547722567446e+00   72   72   50   50
 1.3036780135843684e+00   72   72   51   51
 1.3543696077204774e+00   72   72   52   52
 1.4201929116308665e+00   72   72   53   53
 4.7548451559836552e-01   72   72   54   54
 2.8448405960704841e+00   72   72   55   55
 4.4928322064824761e-01   72   72   56   56
 4.3785955896156659e-01   72   72   57   57
 1.5979494402522652e+00   72   72   58   58
 1.7832081209414676e+00   72   72   59   59
 1.2897022209962525e+00   72   72   60   60
 4.7696368828642421e-01   72   72   61   61
 4.9215567131373794e-01   72   72   62   62
 2.5969710752982436e+00   72   72   63   63
 5.2290172258847223e-01   72   72   64   64
 5.5409952548868346e-01   72   72   65   65
 5.7980058964195902e-01   72   72   66   66
 5.6997000284884147e-01   72   72   67   67
 5.3572520689019576e-01   72   72   68   68
 5.1542583409640297e-01   72   72   69   69
 1.3401288619181400e+00   72   72   70   70
 1.4378438138228142e+00   72   72   71   71
 8.4208384499999998e+00   72   72   72   72
 1.3310785911584786e+00   73   73    1    1
 1.3241924059574328e+00   73   73    2    2
 1.1430699777570703e+00   73   73    3    3
 1.0308504696502951e+00   73   73    4    4
 1.0282606124917248e+00   73   73    5    5
 1.1557218498176898e+00   73   73    6    6
 6.7769005083434264e-01   73   73    7    7
 6.6310863231632244e-01   73   73    8    8
 6.9169430572974866e-01   73   73    9    9
 6.6561823431098832e-01   73   73   10   10
 6.1903811189158864e-01   73   73   11   11
 4.6826250987144669e-01   73   73   12   12
 5.9982530652484167e-01   73   73   13   13
 6.1706908949948136e-01   73   73   14   14
 6.3099350896430118e-01   73   73   15   15
 5.9205131012624834e-01   73   73   16   16
 5.5606521511883289e-01   73   73   17   17
 5.4933699476129239e-01   73   73   18   18
 2.7964919475038457e+00   73   73   19   19
 5.7959195658732343e-01   73   73   20   20
 6.2232178086877521e-01   73   73   21   21
 1.4874235154632989e+00   73   73   22   22
 1.3387914486147519e+00   73   73   23   23
 1.1525201351802847e+00   73   73   24   24
 1.0473816686648842e+00   73   73   25   25
 1.0565166689594843e+00   73   73   26   26
 1.1927477066937653e+00   73   73   27   27
 1.3652151192693673e+00   73   73   28   28
 1.8695416716798055e+00   73   73   29   29
 2.0732750515393508e+00   73   73   30   30
 2.7967328462618495e+00   73   73   31   31
 3.9039518191135683e+00   73   73   32   32
 2.0678928121630018e+00   73   73   33   33
 2.7902346367652484e+00   73   73   34   34
 2.0692058200250862e+00   73   73   35   35
 8.8680302121315868e-01   73   73   36   36
 7.9802180560991165e-01   73   73   37   37
 7.4236069044381292e-01   73   73   38   38
 7.5871709943977528e-01   73   73   39   39
 8.3403452821094071e-01   73   73   40   40
 9.1577533129031752e-01   73   73   41   41
 8.4386112974140182e-01   73   73   42   42
 9.4434528313730892e-01   73   73   43   43
 9.3856411408701867e-01   73   73   44   44
 1.4440707095518475e+00   73   73   45   45
 8.3953550719641334e-01   73   73   46   46
 7.6893099505849971e-01   73   73   47   47
 7.7190236763234843e-01   73   73   48   48
 1.4310915887206088e+00   73   73   49   49
 1.5935056363025537e+00   73   73   50   50
 1.1617979958099132e+00   73   73   51   51
 1.2304988241505199e+00   73   73   52   52
 1.2388106084845558e+00   73   73   53   53
 4.9834927333466955e-01   73   73   54   54
 2.5410285653012394e+00   73   73   55   55
 4.6964914746287989e-01   73   73   56   56
 4.5606871508681801e-01   73   73   57   57
 1.7745976117070694e+00   73   73   58   58
 1.7657340019583863e+00   73   73   59   59
 1.3309902899557704e+00   73   73   60   60
 4.9690424461007210e-01   73   73   61   61
 5.1500777383952689e-01   73   73   62   62
 2.8215859547468765e+00   73   73   63   63
 5.4018706431753316e-01   73   73   64   64
 5.7507815040501564e-01   73   73   65   65
 6.0443368525723440e-01   73   73   66   66
 5.9347395870704178e-01   73   73   67   67
 5.5483509777868589e-01   73   73   68   68
 5.3206820815927269e-01   73   73   69   69
 1.4390097485978535e+00   73   73   70   70
 1.4333420700481541e+00   73   73   71   71
 3.9071259740938351e+00   73   73   72   72
 8.4208384499999998e+00   73   73   73   73
 1.2085869321762566e+00   74   74    1    1
 1.2066019769436136e+00   74   74    2    2
 1.0670606522559258e+00   74   74    3    3
 9.7338294546942528e-01   74   74    4    4
 9.6899786664768528e-01   74   74    5    5
 1.0720733780966523e+00   74   74    6    6
 6.5844106560508442e-01   74   74    7    7
 6.4677760387477101e-01   74   74    8    8
 6.7849803014307497e-01   74   74    9    9
 6.5557017056824474e-01   74   74   10   10
 6.0865602880892899e-01   74   74   11   11
 4.5638571423838797e-01   74   74   12   12
 5.8692116152827056e-01   74   74   13   13
 6.0161888417237352e-01   74   74   14   14
 6.1365687224463228e-01   74   74   15   15
 5.7941905076941913e-01   74   74   16   16
 5.4436249553053573e-01   74   74   17   17
 5.3547211104223935e-01   74   74   18   18
 2.5632538153402971e+00   74   74   19   19
 5.6177642496927216e-01   74   74   20   20
 6.0196699579075563e-01   74   74   21   21
 1.3259876817690104e+00   74   74   22   22
 1.2010283704261031e+00   74   74   23   23
 1.0402767132909563e+00   74   74   24   24
 9.5357262790621133e-01   74   74   25   25
 9.6783303087028782e-01   74   74   26   26
 1.0918170282230066e+00   74   74   27   27
 1.2362226591508696e+00   74   74   28   28
 1.6128456961164914e+00   74   74   29   29
 1.6854634132345294e+00   74   74   30   30
 2.0817172979717111e+00   74   74   31   31
 2.7920422154749431e+00   74   74   32   32
 2.7530502103208234e+00   74   74   33   33
 2.4757187319393794e+00   74   74   34   34
 1.8579605757469420e+00   74   74   35   35
 8.4429149152624783e-01   74   74   36   36
 7.6602396859241761e-01   74   74   37   37
 7.1766837934164063e-01   74   74   38   38
 7.3422879843643885e-01   74   74   39   39
 8.0246471051297608e-01   74   74   40   40
 8.7231807956571550e-01   74   74   41   41
 7.8712622246903330e-01   74   74   42   42
 8.7355532625766530e-01   74   74   43   43
 8.6992424025528714e-01   74   74   44   44
 1.4827475419859826e+00   74   74   45   45
 7.8512119296446103e-01   74   74   46   46
 7.2261090875071510e-01   74   74   47   47
 7.2461728638112599e-01   74   74   48   48
 1.5385856625334469e+00   74   74   49   49
 1.7048720835717868e+00   74   74   50   50
 1.1896400863214620e+00   74   74   51   51
 1.2881111483015353e+00   74   74   52   52
 1.2559951313829660e+00   74   74   53   53
 4.8848960964102689e-01   74   74   54   54
 2.8256062712651691e+00   74   74   55   55
 4.6063686123915187e-01   74   74   56   56
 4.4611272855411904e-01   74   74   57   57
 2.3336130320947444e+00   74   74   58   58
 2.1346970235135467e+00   74   74   59   59
 1.5923232669011447e+00   74   74   60   60
 4.8352117176530823e-01   74   74   61   61
 5.0260871355770986e-01   74   74   62   62
 3.9409214680265827e+00   74   74   63   63
 5.3623704127109117e-01   74   74   64   64
 5.7229560135530377e-01   74   74   65   65
 5.9983496700208516e-01   74   74   66   66
 5.8560723327856523e-01   74   74   67   67
 5.4670113839887158e-01   74   74   68   68
 5.2580229162126646e-01   74   74   69   69
 1.7804237047742426e+00   74   74   70   70
 1.6914438677492334e+00   74   74   71   71
 2.8408103703574579e+00   74   74   72   72
 3.9113868217185574e+00   74   74   73   73
 8.4208384499999998e+00   74   74   74   74
 1.3356343508121011e+00   75   75    1    1
 1.3185043151898557e+00   75   75    2    2
 1.1977970958259461e+00   75   75    3    3
 1.1198913849991374e+00   75   75    4    4
 1.1258537080843778e+00   75   75    5    5
 1.2259523034744928e+00   75   75    6    6
 8.3868358814242105e-01   75   75    7    7
 8.3294338046811656e-01   75   75    8    8
 8.7133340111197954e-01   75   75    9    9
 8.5493489358908892e-01   75   75   10   10
 8.0550438052869833e-01   75   75   11   11
 6.0684527689177337e-01   75   75   12   12
 7.7642380614788931e-01   75   75   13   13
 7.8693059672250643e-01   75   75   14   14
 7.8742684210656499e-01   75   75   15   15
 7.4997461380777608e-01   75   75   16   16
 7.0922666350432928e-01   75   75   17   17
 6.9789661408366988e-01   75   75   18   18
 4.2241549479453999e+00   75   75   19   19
 7.2742840017596899e-01   75   75   20   20
 7.7292212618000389e-01   75   75   21   21
 1.4159421280728621e+00   75   75   22   22
 1.3313295632946098e+00   75   75   23   23
 1.2044253239510165e+00   75   75   24   24
 1.1358313389316848e+00   75   75   25   25
 1.1575116424141008e+00   75   75   26   26
 1.2677744011025540e+00   75   75   27   27
 1.3703407538330770e+00   75   75   28   28
 1.6224123990312220e+00   75   75   29   29
 1.7335381728818784e+00   75   75   30   30
 2.0406948164025862e+00   75   75   31   31
 2.3042641701424413e+00   75   75   32   32
 4.5227993038337493e+00   75   75   33   33
 2.0554716094815659e+00   75   75   34   34
 1.7412647234268368e+00   75   75   35   35
 1.0274844792435973e+00   75   75   36   36
 9.5330106228688749e-01   75   75   37   37
 8.9781898700162421e-01   75   75   38   38
 9.0700241190604436e-01   75   75   39   39
 9.7070147571547039e-01   75   75   40   40
 1.0420978865163604e+00   75   75   41   41
 9.8510948898464679e-01   75   75   42   42
 1.0779142584361228e+00   75   75   43   43
 1.0936870490254664e+00   75   75   44   44
 4.3331463985254901e+00   75   75   45   45
 1.0122541943070114e+00   75   75   46   46
 9.3637627307245075e-01   75   75   47   47
 9.2671121682624169e-01   75   75   48   48
 4.3278610058406386e+00   75   75   49   49
 6.0494187067767715e+00   75   75   50   50
 2.9093904557648993e+00   75   75   51   51
 3.2034763914465083e+00   75   75   52   52
 3.2055348526846945e+00   75   75   53   53
 6.4270941360325462e-01   75   75   54   54
 6.0566784425929958e+00   75   75   55   55
 6.1027406082526114e-01   75   75   56   56
 5.9383842647130403e-01   75   75   57   57
 3.2774817424414779e+00   75   75   58   58
 6.0559580356836795e+00   75   75   59   59
 3.1794471166279128e+00   75   75   60   60
 6.3883951897641167e-01   75   75   61   61
 6.5992806465955012e-01   75   75   62   62
 4.5215614106385660e+00   75   75   63   63
 7.3970525051721336e-01   75   75   64   64
 7.8283421737162506e-01   75   75   65   65
 8.0854530219554488e-01   75   75   66   66
 7.8608088044950730e-01   75   75   67   67
 7.4208686530148171e-01   75   75   68   68
 7.2224709827225009e-01   75   75   69   69
 2.9343349618860368e+00   75   75   70   70
 4.2208169906386255e+00   75   75   71   71
 3.1809619653123917e+00   75   75   72   72
 2.9062337465238124e+00   75   75   73   73
 3.2762691594765059e+00   75   75   74   74
 1.7979842710000000e+01   75   75   75   75
 4.4852652554801571e+00   76   76    1    1
 3.4594702635710144e+00   76   76    2    2
 2.7265190284295167e+00   76   76    3    3
 2.5449414704544187e+00   76   76    4    4
 2.7717709011523173e+00   76   76    5    5
 3.6134115334605195e+00   76   76    6    6
 1.4907934772076892e+00   76   76    7    7
 1.4312937416818534e+00   76   76    8    8
 1.4728203330412677e+00   76   76    9    9
 1.3755960954201458e+00   76   76   10   10
 1.2651484549489247e+00   76   76   11   11
 9.2441779998002405e-01   76   76   12   12
 1.2432667297707920e+00   76   76   13   13
 1.3086595726021699e+00   76   76   14   14
 1.3555462923413959e+00   76   76   15   15
 1.2283503666887776e+00   76   76   16   16
 1.1341604244064869e+00   76   76   17   17
 1.1273165983281510e+00   76   76   18   18
 1.7583827804951848e+00   76   76   19   19
 1.2213693990044154e+00   76   76   20   20
 1.3478312364050353e+00   76   76   21   21
 3.2101184214095788e+00   76   76   22   22
 2.5775725009356747e+00   76   76   23   23
 2.3734532417874279e+00   76   76   24   24
 1.9821627470061665e+00   76   76   25   25
 1.7987994174820552e+00   76   76   26   26
 1.8817412566253706e+00   76   76   27   27
 2.1940039401255609e+00   76   76   28   28
 3.3509246147718361e+00   76   76   29   29
 3.0713583642945577e+00   76   76   30   30
 2.7485579372434756e+00   76   76   31   31
 2.6067356224009575e+00   76   76   32   32
 1.5126299559182961e+00   76   76   33   33
 2.7706300981901300e+00   76   76   34   34
 3.1469108425902617e+00   76   76   35   35
 2.2818425002922553e+00   76   76   36   36
 1.9216646107784729e+00   76   76   37   37
 1.7005834344731492e+00   76   76   38   38
 1.7217994883119059e+00   76   76   39   39
 1.9607929592244224e+00   76   76   40   40
 2.3327130453267704e+00   76   76   41   41
 1.4466115183439274e+00   76   76   42   42
 1.5598238748423152e+00   76   76   43   43
 1.4483600587945504e+00   76   76   44   44
 1.2855055707307457e+00   76   76   45   45
 1.2914590004955817e+00   76   76   46   46
 1.2285012409823741e+00   76   76   47   47
 1.2898870755991756e+00   76   76   48   48
 1.3165990443407869e+00   76   76   49   49
 1.3526501215324331e+00   76   76   50   50
 1.1781900745035963e+00   76   76   51   51
 1.2276257069776959e+00   76   76   52   52
 1.2028177472011778e+00   76   76   53   53
 9.8203505917820377e-01   76   76   54   54
 1.6323707130909753e+00   76   76   55   55
 9.1197621595340062e-01   76   76   56   56
 8.8687881748167530e-01   76   76   57   57
 1.4494129955746335e+00   76   76   58   58
 1.3869659395196314e+00   76   76   59   59
 1.2112060633679744e+00   76   76   60   60
 9.9876820680423961e-01   76   76   61   61
 1.0360572176368685e+00   76   76   62   62
 1.7010609586395649e+00   76   76   63   63
 1.0200348791032849e+00   76   76   64   64
 1.0882085495866107e+00   76   76   65   65
 1.1733593718964939e+00   76   76   66   66
 1.1792255724233511e+00   76   76   67   67
 1.0917496990703162e+00   76   76   68   68
 1.0229051229228485e+00   76   76   69   69
 1.2912979348087301e+00   76   76   70   70
 1.2471589092610706e+00   76   76   71   71
 2.0403593310153987e+00   76   76   72   72
 2.2018118213604172e+00   76   76   73   73
 1.9507598255638701e+00   76   76   74   74
 2.1648723930209410e+00   76   76   75   75
 9.6429912899999994e+00   76   76   76   76
 2.7312520948326093e+00   77   77    1    1
 3.4709564667223596e+00   77   77    2    2
 4.4860881233035119e+00   77   77    3    3
 3.5997576624603105e+00   77   77    4    4
 2.7651964237631663e+00   77   77    5    5
 2.5457632117002698e+00   77   77    6    6
 1.4820736283413001e+00   77   77    7    7
 1.3499223179163200e+00   77   77    8    8
 1.3478449659640381e+00   77   77    9    9
 1.2224109407771280e+00   77   77   10   10
 1.1234768042569356e+00   77   77   11   11
 1.0418289019891478e+00   77   77   12   12
 1.1277569822910165e+00   77   77   13   13
 1.2199899144136499e+00   77   77   14   14
 1.4215176222165304e+00   77   77   15   15
 1.3076650475573770e+00   77   77   16   16
 1.2421040209352110e+00   77   77   17   17
 1.2574147244018021e+00   77   77   18   18
 1.2750217694616059e+00   77   77   19   19
 1.3555525305651059e+00   77   77   20   20
 1.4516001355056118e+00   77   77   21   21
 3.2239546030804074e+00   77   77   22   22
 3.3132447259612414e+00   77   77   23   23
 3.2069132219300727e+00   77   77   24   24
 2.7969578781369431e+00   77   77   25   25
 2.5480498935446496e+00   77   77   26   26
 2.6162449031236732e+00   77   77   27   27
 2.9245743759894287e+00   77   77   28   28
 2.5909519355209141e+00   77   77   29   29
 2.1848636957416656e+00   77   77   30   30
 1.8771524120472189e+00   77   77   31   31
 1.8096474315913813e+00   77   77   32   32
 1.2324726966605684e+00   77   77   33   33
 2.0122122954569215e+00   77   77   34   34
 2.4188135554916688e+00   77   77   35   35
 1.9554222133803414e+00   77   77   36   36
 1.7155675613289789e+00   77   77   37   37
 1.6909916374459188e+00   77   77   38   38
 1.9072898594929839e+00   77   77   39   39
 2.2640567293733200e+00   77   77   40   40
 2.3222091239090505e+00   77   77   41   41
 2.0749574821235455e+00   77   77   42   42
 2.1589702715459209e+00   77   77   43   43
 1.8646385535661691e+00   77   77   44   44
 9.9807288447045805e-01   77   77   45   45
 1.6443861767774752e+00   77   77   46   46
 1.6090518713563624e+00   77   77   47   47
 1.7748735570549932e+00   77   77   48   48
 1.0013391309669613e+00   77   77   49   49
 1.0409727540769451e+00   77   77   50   50
 9.0300181988593631e-01   77   77   51   51
 9.3326431052418035e-01   77   77   52   52
 9.3074429146060411e-01   77   77   53   53
 1.1332059562455248e+00   77   77   54   54
 1.2364708607699284e+00   77   77   55   55
 1.0556515048891690e+00   77   77   56   56
 1.0151129612487333e+00   77   77   57   57
 1.2394635019997686e+00   77   77   58   58
 1.1242275699726518e+00   77   77   59   59
 1.0461055041369813e+00   77   77   60   60
 1.1168563656024484e+00   77   77   61   61
 1.1724748317739644e+00   77   77   62   62
 1.3219999351112393e+00   77   77   63   63
 8.8458340508887068e-01   77   77   64   64
 9.3809000243212748e-01   77   77   65   65
 1.0150766933331368e+00   77   77   66   66
 1.0330241587344366e+00   77   77   67   67
 9.6071049336771319e-01   77   77   68   68
 8.9512132166063740e-01   77   77   69   69
 1.1315279189400167e+00   77   77   70   70
 1.0426559318446482e+00   77   77   71   71
 1.4244266726473578e+00   77   77   72   72
 1.5693339208747286e+00   77   77   73   73
 1.4905938279646012e+00   77   77   74   74
 1.6896530586682774e+00   77   77   75   75
 2.8013944454087807e+00   77   77   76   76
 9.6429912899999994e+00   77   77   77   77
 1.7537498427665603e+00   78   78    1    1
 1.6146629726850124e+00   78   78    2    2
 1.6854872485784342e+00   78   78    3    3
 1.9298175289976363e+00   78   78    4    4
 2.1819545796316304e+00   78   78    5    5
 2.0332412598935234e+00   78   78    6    6
 3.2248722080764805e+00   78   78    7    7
 3.4715606181666816e+00   78   78    8    8
 4.4862368630848808e+00   78   78    9    9
 3.5992159449313821e+00   78   78   10   10
 2.7647044108319845e+00   78   78   11   11
 1.2800779483134810e+00   78   78   12   12
 2.5447998399289755e+00   78   78   13   13
 2.7308159279607396e+00   78   78   14   14
 2.6043923267424098e+00   78   78   15   15
 2.4413298432575741e+00   78   78   16   16
 2.0270812112978471e+00   78   78   17   17
 1.8187248458267098e+00   78   78   18   18
 9.9901674044716782e-01   78   78   19   19
 1.8821011065351676e+00   78   78   20   20
 2.1882094624214274e+00   78   78   21   21
 1.4221976684422155e+00   78   78   22   22
 1.2981410342665571e+00   78   78   23   23
 1.2772803751191280e+00   78   78   24   24
 1.1649163285990483e+00   78   78   25   25
 1.0857776208712200e+00   78   78   26   26
 1.1001579723007420e+00   78   78   27   27
 1.1905942031623662e+00   78   78   28   28
 1.3683854758126390e+00   78   78   29   29
 1.2458525798952411e+00   78   78   30   30
 1.1883932235915429e+00   78   78   31   31
 1.2177369439427215e+00   78   78   32   32
 1.0038676129229198e+00   78   78   33   33
 1.3306820729610795e+00   78   78   34   34
 1.4245215750894702e+00   78   78   35   35
 2.8149244715708033e+00   78   78   36   36
 3.2048915144010710e+00   78   78   37   37
 3.3109507384599208e+00   78   78   38   38
 2.9352365613410090e+00   78   78   39   39
 2.6363110673091241e+00   78   78   40   40
 2.5718347489224804e+00   78   78   41   41
 9.8728738587675713e-01   78   78   42   42
 1.0006528908883869e+00   78   78   43   43
 9.3098150509834932e-01   78   78   44   44
 8.4400800732862891e-01   78   78   45   45
 8.6949765312230154e-01   78   78   46   46
 8.6120046061951894e-01   78   78   47   47
 9.1325116641106230e-01   78   78   48   48
 9.0177605708834785e-01   78   78   49   49
 8.9268297367669214e-01   78   78   50   50
 8.1701675000457707e-01   78   78   51   51
 8.6037726079756949e-01   78   78   52   52
 8.0999190108935182e-01   78   78   53   53
 1.4996886215090985e+00   78   78   54   54
 9.9027609521908666e-01   78   78   55   55
 1.3281522145523705e+00   78   78   56   56
 1.2402367433605688e+00   78   78   57   57
 1.0168074608662534e+00   78   78   58   58
 9.3735020589238716e-01   78   78   59   59
 8.9786257323868179e-01   78   78   60   60
 1.4284430157909980e+00   78   78   61   61
 1.5762706655009833e+00   78   78   62   62
 1.0441097343612020e+00   78   78   63   63
 1.6973239853222097e+00   78   78   64   64
 1.9095730342277888e+00   78   78   65   65
 2.2681380412437386e+00   78   78   66   66
 2.3227528566123654e+00   78   78   67   67
 1.9529989408905772e+00   78   78   68   68
 1.7169739724340152e+00   78   78   69   69
 9.5625326610624783e-01   78   78   70   70
 8.8960318568963803e-01   78   78   71   71
 1.0653268435988581e+00   78   78   72   72
 1.1383183611223822e+00   78   78   73   73
 1.1235867525526744e+00   78   78   74   74
 1.3990423299883494e+00   78   78   75   75
 2.1342580556468964e+00   78   78   76   76
 1.9990163772709151e+00   78   78   77   77
 9.6429912899999994e+00   78   78   78   78
 1.3047205647921229e+00   79   79    1    1
 1.2258443681408344e+00   79   79    2    2
 1.2777960056419333e+00   79   79    3    3
 1.4291841194514250e+00   79   79    4    4
 1.5624211564946127e+00   79   79    5    5
 1.4676139051028119e+00   79   79    6    6
 3.2207405696484619e+00   79   79    7    7
 3.4641913478584478e+00   79   79    8    8
 2.7281949170755686e+00   79   79    9    9
 2.5451577281989799e+00   79   79   10   10
 2.7689744217591192e+00   79   79   11   11
 1.8139569577342607e+00   79   79   12   12
 3.6075063936821219e+00   79   79   13   13
 4.4845569125055400e+00   79   79   14   14
 3.3425421010491490e+00   79   79   15   15
 3.1502952336458487e+00   79   79   16   16
 2.7926421069800158e+00   79   79   17   17
 2.6248124586699948e+00   79   79   18   18
 7.9969621907078281e-01   79   79   19   19
 2.7477904572438558e+00   79   79   20   20
 3.0589793048376497e+00   79   79   21   21
 1.1082395357782528e+00   79   79   22   22
 1.0532571014712717e+00   79   79   23   23
 1.0804382511789770e+00   79   79   24   24
 1.0145755856797529e+00   79   79   25   25
 9.3884816816335348e-01   79   79   26   26
 9.2278917612760014e-01   79   79   27   27
 9.6885124265725042e-01   79   79   28   28
 1.0520064325586578e+00   79   79   29   29
 9.9081119212377911e-01   79   79   30   30
 9.4046656544306728e-01   79   79   31   31
 9.3483885123780186e-01   79   79   32   32
 7.7287775577557816e-01   79   79   33   33
 9.8531310575383835e-01   79   79   34   34
 1.0488271154223254e+00   79   79   35   35
 1.9979123396140779e+00   79   79   36   36
 2.3986128518047676e+00   79   79   37   37
 2.5935976999677131e+00   79   79   38   38
 2.1980492485683687e+00   79   79   39   39
 1.8850472177008839e+00   79   79   40   40
 1.8037724541504179e+00   79   79   41   41
 8.9342049682348301e-01   79   79   42   42
 8.8544259195704222e-01   79   79   43   43
 8.2457056081279190e-01   79   79   44   44
 6.9448794393906588e-01   79   79   45   45
 7.8332019655358531e-01   79   79   46   46
 7.8874579705837089e-01   79   79   47   47
 8.3949087185953652e-01   79   79   48   48
 7.2495327416056665e-01   79   79   49   49
 7.2055510031213599e-01   79   79   50   50
 6.7884759905283854e-01   79   79   51   51
 7.0286087891732274e-01   79   79   52   52
 6.7509507096114063e-01   79   79   53   53
 1.9341020086397140e+00   79   79   54   54
 7.8180032459290072e-01   79   79   55   55
 1.6995617256624025e+00   79   79   56   56
 1.6543534010424976e+00   79   79   57   57
 7.7178917456008556e-01   79   79   58   58
 7.3543116332498581e-01   79   79   59   59
 6.9980046677788099e-01   79   79   60   60
 2.1179241952141434e+00   79   79   61   61
 2.2260213057872158e+00   79   79   62   62
 8.0579476954072349e-01   79   79   63   63
 1.7025065675668196e+00   79   79   64   64
 1.7205716374903486e+00   79   79   65   65
 1.9565844037785785e+00   79   79   66   66
 2.3290868624105499e+00   79   79   67   67
 2.2779171712392681e+00   79   79   68   68
 1.9172492313882683e+00   79   79   69   69
 7.3216366878552597e-01   79   79   70   70
 7.0101934663478205e-01   79   79   71   71
 8.4658352904957923e-01   79   79   72   72
 8.8016825521783004e-01   79   79   73   73
 8.5512689069963188e-01   79   79   74   74
 1.1127824439973752e+00   79   79   75   75
 1.6528076892166537e+00   79   79   76   76
 1.5788998728393333e+00   79   79   77   77
 2.8036102117115012e+00   79   79   78   78
 9.6429912899999994e+00   79   79   79   79
 1.2911472070979613e+00   80   80    1    1
 1.2370961135861844e+00   80   80    2    2
 1.3175962808447803e+00   80   80    3    3
 1.4842572738155202e+00   80   80    4    4
 1.5810764331684442e+00   80   80    5    5
 1.4458697973319203e+00   80   80    6    6
 3.2283003080048767e+00   80   80    7    7
 3.3282003774326872e+00   80   80    8    8
 3.0296545488882840e+00   80   80    9    9
 2.7094992199579435e+00   80   80   10   10
 2.5913509275456503e+00   80   80   11   11
 1.7498852102959430e+00   80   80   12   12
 2.7774424149218540e+00   80   80   13   13
 3.1408071275673564e+00   80   80   14   14
 3.4657059872463574e+00   80   80   15   15
 4.4870286856021968e+00   80   80   16   16
 3.6040028701112310e+00   80   80   17   17
 2.7720038526113213e+00   80   80   18   18
 7.9831855903603854e-01   80   80   19   19
 2.5416225193900104e+00   80   80   20   20
 2.7253395288054523e+00   80   80   21   21
 1.1164154796217483e+00   80   80   22   22
 1.0577100987189190e+00   80   80   23   23
 1.0663467603663694e+00   80   80   24   24
 1.0009353413863202e+00   80   80   25   25
 9.3791606165211483e-01   80   80   26   26
 9.3365331181634748e-01   80   80   27   27
 9.8403185198022913e-01   80   80   28   28
 1.0609413364522298e+00   80   80   29   29
 9.8299418209375056e-01   80   80   30   30
 9.3540459549293664e-01   80   80   31   31
 9.4459078282755216e-01   80   80   32   32
 8.0021666749067466e-01   80   80   33   33
 1.0126114829170128e+00   80   80   34   34
 1.0793423166717435e+00   80   80   35   35
 1.9005714809856524e+00   80   80   36   36
 2.2092820248341849e+00   80   80   37   37
 2.6157308670556696e+00   80   80   38   38
 2.4330026793963695e+00   80   80   39   39
 2.0264161067393203e+00   80   80   40   40
 1.8254413660552486e+00   80   80   41   41
 8.8930714423191726e-01   80   80   42   42
 8.8302348284335064e-01   80   80   43   43
 8.2258861626355873e-01   80   80   44   44
 6.9276593769132988e-01   80   80   45   45
 7.8049596607630556e-01   80   80   46   46
 7.8478184593134681e-01   80   80   47   47
 8.3492001798128301e-01   80   80   48   48
 7.2891929777759679e-01   80   80   49   49
 7.2438128272100033e-01   80   80   50   50
 6.7287089010227752e-01   80   80   51   51
 7.0137305147508000e-01   80   80   52   52
 6.6908734234329559e-01   80   80   53   53
 2.2496229515527175e+00   80   80   54   54
 7.9077896062607411e-01   80   80   55   55
 1.9030487732251484e+00   80   80   56   56
 1.7149751219986675e+00   80   80   57   57
 8.1105827347378912e-01   80   80   58   58
 7.5565133976471111e-01   80   80   59   59
 7.3187515939146053e-01   80   80   60   60
 1.9923396438028920e+00   80   80   61   61
 2.3359583222948985e+00   80   80   62   62
 8.2600311605371657e-01   80   80   63   63
 1.6311868328528003e+00   80   80   64   64
 1.7254395904083688e+00   80   80   65   65
 1.9827096869172902e+00   80   80   66   66
 2.1969020488874134e+00   80   80   67   67
 1.9997069336025677e+00   80   80   68   68
 1.7361467360441152e+00   80   80   69   69
 7.7253171073226223e-01   80   80   70   70
 7.2435648452004786e-01   80   80   71   71
 8.4371615721669313e-01   80   80   72   72
 8.8990618326220772e-01   80   80   73   73
 8.7817831493982035e-01   80   80   74   74
 1.1283231572433015e+00   80   80   75   75
 1.5970602017921711e+00   80   80   76   76
 1.6629688341083733e+00   80   80   77   77
 3.4264679247479135e+00   80   80   78   78
 3.5008297226205940e+00   80   80   79   79
 9.6429912899999994e+00   80   80   80   80
 1.6646945465543561e+00   81   81    1    1
 1.5927394186768637e+00   81   81    2    2
 1.7186470668797986e+00   81   81    3    3
 1.9838307020270496e+00   81   81    4    4
 2.1394405233487501e+00   81   81    5    5
 1.9029415335155708e+00   81   81    6    6
 3.2345002490152277e+00   81   81    7    7
 2.6191216148329621e+00   81   81    8    8
 2.1987682742267434e+00   81   81    9    9
 1.8921698578093258e+00   81   81   10   10
 1.8243627622017653e+00   81   81   11   11
 1.8864418719177178e+00   81   81   12   12
 2.0374080152132992e+00   81   81   13   13
 2.4547016461633500e+00   81   81   14   14
 3.4732787442338164e+00   81   81   15   15
 2.7280167730648444e+00   81   81   16   16
 2.5415160337225386e+00   81   81   17   17
 2.7670272806989060e+00   81   81   18   18
 8.8690676882113084e-01   81   81   19   19
 3.5943901600825048e+00   81   81   20   20
 4.4885348825139904e+00   81   81   21   21
 1.4087801724962083e+00   81   81   22   22
 1.3548822514819847e+00   81   81   23   23
 1.4293923158469928e+00   81   81   24   24
 1.3363185389472736e+00   81   81   25   25
 1.2071833272273405e+00   81   81   26   26
 1.1654970749834315e+00   81   81   27   27
 1.2207667273900762e+00   81   81   28   28
 1.2901934152596681e+00   81   81   29   29
 1.1996394263759209e+00   81   81   30   30
 1.1085606696101438e+00   81   81   31   31
 1.0829112564685142e+00   81   81   32   32
 8.4394220826007249e-01   81   81   33   33
 1.1476300529745798e+00   81   81   34   34
 1.2554696981697613e+00   81   81   35   35
 2.6171852014374712e+00   81   81   36   36
 2.9421478468940481e+00   81   81   37   37
 3.3012019543225155e+00   81   81   38   38
 3.1556904633363780e+00   81   81   39   39
 2.7546630598364863e+00   81   81   40   40
 2.5245612011725171e+00   81   81   41   41
 1.1539614358089918e+00   81   81   42   42
 1.1300967052633795e+00   81   81   43   43
 1.0303558846679051e+00   81   81   44   44
 7.4908314813809851e-01   81   81   45   45
 9.7205151128982703e-01   81   81   46   46
 9.8649561196733226e-01   81   81   47   47
 1.0695745196633804e+00   81   81   48   48
 7.6985483330740401e-01   81   81   49   49
 7.7522604912350057e-01   81   81   50   50
 7.1766885409037640e-01   81   81   51   51
 7.4014285925280088e-01   81   81   52   52
 7.2175664160292641e-01   81   81   53   53
 1.9846865930275315e+00   81   81   54   54
 8.5954437390222649e-01   81   81   55   55
 1.7396234949316143e+00   81   81   56   56
 1.7015747755562398e+00   81   81   57   57
 8.4069376045662703e-01   81   81   58   58
 7.9659378206270848e-01   81   81   59   59
 7.5005782618376726e-01   81   81   60   60
 2.2323430896779954e+00   81   81   61   61
 2.3254129490796256e+00   81   81   62   62
 8.8931639103375060e-01   81   81   63   63
 1.2389097268842324e+00   81   81   64   64
 1.2833098174837696e+00   81   81   65   65
 1.4342635364169154e+00   81   81   66   66
 1.5793660524209598e+00   81   81   67   67
 1.4927945711489032e+00   81   81   68   68
 1.3239347376399757e+00   81   81   69   69
 7.8949587356644080e-01   81   81   70   70
 7.5281433231637340e-01   81   81   71   71
 9.5362171429376963e-01   81   81   72   72
 9.9843450265124323e-01   81   81   73   73
 9.5750183524384147e-01   81   81   74   74
 1.2090990947456470e+00   81   81   75   75
 1.9884810379626841e+00   81   81   76   76
 2.0838190091535802e+00   81   81   77   77
 2.6756333648212651e+00   81   81   78   78
 3.4406160023558470e+00   81   81   79   79
 2.8049346792927565e+00   81   81   80   80
 9.6429912899999994e+00   81   81   81   81
 2.9395366974950701e+00   82   82    1    1
 3.3131025864841206e+00   82   82    2    2
 3.2186479644566770e+00   82   82    3    3
 2.8329849587611635e+00   82   82    4    4
 2.5967141088552110e+00   82   82    5    5
 2.6577444321873069e+00   82   82    6    6
 1.4372528439766705e+00   82   82    7    7
 1.3197317373998241e+00   82   82    8    8
 1.2939621237770766e+00   82   82    9    9
 1.1845518713266525e+00   82   82   10   10
 1.1097360891170800e+00   82   82   11   11
 1.0268634374028258e+00   82   82   12   12
 1.1284888255215832e+00   82   82   13   13
 1.2189012662968977e+00   82   82   14   14
 1.3722810290097223e+00   82   82   15   15
 1.2373126797383223e+00   82   82   16   16
 1.1761832460975934e+00   82   82   17   17
 1.2107046607226104e+00   82   82   18   18
 1.3158279145564673e+00   82   82   19   19
 1.3344831731680256e+00   82   82   20   20
 1.4358902294848332e+00   82   82   21   21
 3.2140443248363955e+00   82   82   22   22
 3.4657398543370936e+00   82   82   23   23
 4.4869755127657944e+00   82   82   24   24
 3.6045040368674641e+00   82   82   25   25
 2.7718528930643633e+00   82   82   26   26
 2.5458465235212464e+00   82   82   27   27
 2.7276784328355972e+00   82   82   28   28
 2.5891160284310066e+00   82   82   29   29
 2.4249813885304352e+00   82   82   30   30
 2.0131230838061094e+00   82   82   31   31
 1.8058417094630392e+00   82   82   32   32
 1.1647258382730608e+00   82   82   33   33
 1.8711262714355377e+00   82   82   34   34
 2.1780635508151085e+00   82   82   35   35
 1.9926320605478012e+00   82   82   36   36
 1.7324052016383860e+00   82   82   37   37
 1.6323528683513273e+00   82   82   38   38
 1.7420781855604830e+00   82   82   39   39
 2.0088703327911208e+00   82   82   40   40
 2.2059527098220593e+00   82   82   41   41
 2.2316234816156544e+00   82   82   42   42
 2.3297752282161381e+00   82   82   43   43
 1.9900513071767010e+00   82   82   44   44
 1.0242106679637013e+00   82   82   45   45
 1.7444508774241489e+00   82   82   46   46
 1.7054301649815857e+00   82   82   47   47
 1.8878509839950217e+00   82   82   48   48
 1.0086848705832701e+00   82   82   49   49
 1.0508135460611565e+00   82   82   50   50
 9.3254446905395427e-01   82   82   51   51
 9.5162037694467838e-01   82   82   52   52
 9.6473511778297594e-01   82   82   53   53
 1.0666684325211304e+00   82   82   54   54
 1.2329924301312114e+00   82   82   55   55
 9.9865960744742654e-01   82   82   56   56
 9.8061542799854340e-01   82   82   57   57
 1.1350611727727220e+00   82   82   58   58
 1.0837819891819218e+00   82   82   59   59
 9.7721145585851310e-01   82   82   60   60
 1.1036765273219806e+00   82   82   61   61
 1.1295436171026019e+00   82   82   62   62
 1.2743282934729412e+00   82   82   63   63
 8.8013933934591726e-01   82   82   64   64
 9.2332219707334362e-01   82   82   65   65
 9.9532937084592243e-01   82   82   66   66
 1.0236156931967297e+00   82   82   67   67
 9.6360832540106112e-01   82   82   68   68
 8.9814293019405822e-01   82   82   69   69
 1.0352240301825093e+00   82   82   70   70
 9.9624509809895079e-01   82   82   71   71
 1.4838778205912564e+00   82   82   72   72
 1.5650322321073729e+00   82   82   73   73
 1.4221608901634766e+00   82   82   74   74
 1.6758980012688918e+00   82   82   75   75
 3.2614368708840846e+00   82   82   76   76
 3.6521896866679455e+00   82   82   77   77
 1.8389271852596289e+00   82   82   78   78
 1.6142488578298551e+00   82   82   79   79
 1.5467577769336169e+00   82   82   80   80
 2.1819941455417831e+00   82   82   81   81
 9.6429912899999994e+00   82   82   82   82
 2.1886600558099016e+00   83   83    1    1
 2.5751055139655752e+00   83   83    2    2
 2.3729941298918238e+00   83   83    3    3
 1.9779291022473420e+00   83   83    4    4
 1.7889811133014117e+00   83   83    5    5
 1.8737410342499077e+00   83   83    6    6
 1.0985989176121738e+00   83   83    7    7
 1.0405277395356687e+00   83   83    8    8
 1.0592758206176804e+00   83   83    9    9
 9.9347162513297305e-01   83   83   10   10
 9.2351774273121723e-01   83   83   11   11
 8.0683084995012111e-01   83   83   12   12
 9.1321213428480885e-01   83   83   13   13
 9.6101050736556071e-01   83   83   14   14
 1.0465131624650628e+00   83   83   15   15
 9.8035823210886919e-01   83   83   16   16
 9.3404341343886410e-01   83   83   17   17
 9.3686458883758761e-01   83   83   18   18
 1.7463084380778187e+00   83   83   19   19
 9.9292060849406227e-01   83   83   20   20
 1.0533742840783731e+00   83   83   21   21
 3.2084164962831001e+00   83   83   22   22
 3.4565078984131548e+00   83   83   23   23
 2.7244746487889833e+00   83   83   24   24
 2.5462047164096155e+00   83   83   25   25
 2.7776560586607886e+00   83   83   26   26
 3.6159124577219748e+00   83   83   27   27
 4.4853647072524936e+00   83   83   28   28
 3.3499338248396113e+00   83   83   29   29
 3.1511265137289399e+00   83   83   30   30
 2.8096898827667265e+00   83   83   31   31
 2.6654998209195160e+00   83   83   32   32
 1.6553673542729315e+00   83   83   33   33
 2.7974918771474031e+00   83   83   34   34
 3.0911186792541669e+00   83   83   35   35
 1.4148507232666518e+00   83   83   36   36
 1.2652943672208297e+00   83   83   37   37
 1.2154151137351616e+00   83   83   38   38
 1.2963794161353954e+00   83   83   39   39
 1.4588280246816765e+00   83   83   40   40
 1.5495416933067181e+00   83   83   41   41
 1.9949905918111088e+00   83   83   42   42
 2.3401763281845094e+00   83   83   43   43
 2.2509985954234004e+00   83   83   44   44
 1.2869002967369765e+00   83   83   45   45
 1.9036430846897312e+00   83   83   46   46
 1.7149458373028952e+00   83   83   47   47
 1.7512788852833989e+00   83   83   48   48
 1.2457055245948354e+00   83   83   49   49
 1.3391274435744196e+00   83   83   50   50
 1.1069751623843116e+00   83   83   51   51
 1.1377762074965843e+00   83   83   52   52
 1.1686345452278217e+00   83   83   53   53
 8.6069649804189119e-01   83   83   54   54
 1.6827855743845257e+00   83   83   55   55
 8.1369238343506101e-01   83   83   56   56
 7.8910265157669113e-01   83   83   57   57
 1.6380174449778084e+00   83   83   58   58
 1.4847489158146059e+00   83   83   59   59
 1.3374984132352337e+00   83   83   60   60
 8.5305470595047483e-01   83   83   61   61
 8.8483668944001204e-01   83   83   62   62
 1.8209558388383003e+00   83   83   63   63
 7.7387207638082867e-01   83   83   64   64
 8.1870423984142060e-01   83   83   65   65
 8.6971901162139797e-01   83   83   66   66
 8.7013238201311649e-01   83   83   67   67
 8.1564916234097340e-01   83   83   68   68
 7.7344478113274595e-01   83   83   69   69
 1.4563405658234445e+00   83   83   70   70
 1.3471860195713148e+00   83   83   71   71
 2.0019046323167666e+00   83   83   72   72
 2.2646625814341816e+00   83   83   73   73
 2.1103550886510636e+00   83   83   74   74
 2.2425351919141430e+00   83   83   75   75
 2.7007395371459557e+00   83   83   76   76
 3.2735972124293169e+00   83   83   77   77
 1.5694505079247627e+00   83   83   78   78
 1.2505169681355310e+00   83   83   79   79
 1.2921593741540931e+00   83   83   80   80
 1.5176013694460067e+00   83   83   81   81
 2.7976011011183837e+00   83   83   82   82
 9.6429912899999994e+00   83   83   83   83
 2.4848182844424551e+00   84   84    1    1
 2.6450581937442164e+00   84   84    2    2
 2.2202130691662600e+00   84   84    3    3
 1.9148237925222948e+00   84   84    4    4
 1.8507289899081156e+00   84   84    5    5
 2.0669820258067007e+00   84   84    6    6
 1.1305595847109311e+00   84   84    7    7
 1.0772999618170940e+00   84   84    8    8
 1.0870612478142758e+00   84   84    9    9
 1.0243546117442373e+00   84   84   10   10
 9.6229858243993893e-01   84   84   11   11
 8.1519010643893874e-01   84   84   12   12
 9.5777868576808622e-01   84   84   13   13
 1.0060044741920899e+00   84   84   14   14
 1.0676008850433321e+00   84   84   15   15
 9.8482581473979292e-01   84   84   16   16
 9.3397094931939539e-01   84   84   17   17
 9.4348507656549530e-01   84   84   18   18
 1.9129461745964200e+00   84   84   19   19
 1.0143393322811245e+00   84   84   20   20
 1.0850600669330002e+00   84   84   21   21
 3.2435709145967508e+00   84   84   22   22
 3.3121309487326975e+00   84   84   23   23
 3.0038734628088384e+00   84   84   24   24
 2.6769975305280700e+00   84   84   25   25
 2.5666479432120464e+00   84   84   26   26
 2.7528022340502667e+00   84   84   27   27
 3.1179063923120625e+00   84   84   28   28
 3.4749430084483399e+00   84   84   29   29
 4.4873453951652902e+00   84   84   30   30
 3.5947534217217108e+00   84   84   31   31
 2.7657337537389028e+00   84   84   32   32
 1.5205143801134144e+00   84   84   33   33
 2.5404127469642011e+00   84   84   34   34
 2.7290979063222354e+00   84   84   35   35
 1.5202570308550052e+00   84   84   36   36
 1.3465708414731627e+00   84   84   37   37
 1.2533040719054205e+00   84   84   38   38
 1.2977307886206770e+00   84   84   39   39
 1.4510971332500744e+00   84   84   40   40
 1.6029216982747132e+00   84   84   41   41
 1.8876864101962436e+00   84   84   42   42
 2.1791075653598178e+00   84   84   43   43
 2.0857531361965962e+00   84   84   44   44
 1.3684588302280905e+00   84   84   45   45
 1.7860240330711723e+00   84   84   46   46
 1.6242811645255137e+00   84   84   47   47
 1.6628943079837792e+00   84   84   48   48
 1.2987836593618169e+00   84   84   49   49
 1.3918731688766113e+00   84   84   50   50
 1.1946499505807004e+00   84   84   51   51
 1.2088537373062913e+00   84   84   52   52
 1.2641211627372040e+00   84   84   53   53
 8.4870430116125484e-01   84   84   54   54
 1.7110193952732518e+00   84   84   55   55
 8.0145748729794997e-01   84   84   56   56
 7.8614247823131267e-01   84   84   57   57
 1.4297239378389570e+00   84   84   58   58
 1.4136473467469510e+00   84   84   59   59
 1.2112486194028604e+00   84   84   60   60
 8.6624137674509927e-01   84   84   61   61
 8.8707194053987770e-01   84   84   62   62
 1.7330867824638607e+00   84   84   63   63
 8.0743421297249873e-01   84   84   64   64
 8.4871440980956869e-01   84   84   65   65
 9.0080870708321903e-01   84   84   66   66
 9.0775253024377245e-01   84   84   67   67
 8.5645906114442583e-01   84   84   68   68
 8.1162564637621915e-01   84   84   69   69
 1.2755011242595211e+00   84   84   70   70
 1.2640687674379036e+00   84   84   71   71
 2.2691071775140430e+00   84   84   72   72
 2.3282516296758806e+00   84   84   73   73
 1.9674694132871957e+00   84   84   74   74
 2.2501353348389577e+00   84   84   75   75
 3.4619675408063797e+00   84   84   76   76
 2.6854544033015233e+00   84   84   77   77
 1.5670930999097858e+00   84   84   78   78
 1.3201358820810583e+00   84   84   79   79
 1.2819241873115510e+00   84   84   80   80
 1.6087194593152263e+00   84   84   81   81
 3.4179115894045067e+00   84   84   82   82
 3.4809812246088283e+00   84   84   83   83
 9.6429912899999994e+00   84   84   84   84
 3.0944204971529601e+00   85   85    1    1
 3.2946937802145908e+00   85   85    2    2
 2.9685932255084708e+00   85   85    3    3
 2.6234220796905259e+00   85   85    4    4
 2.4963601058980620e+00   85   85    5    5
 2.6955674295024448e+00   85   85    6    6
 1.3910710080516713e+00   85   85    7    7
 1.3266233574333812e+00   85   85    8    8
 1.3885636717764172e+00   85   85    9    9
 1.2922595954890248e+00   85   85   10   10
 1.1704406508142569e+00   85   85   11   11
 8.9394714787749274e-01   85   85   12   12
 1.1369306252455311e+00   85   85   13   13
 1.1960618815641648e+00   85   85   14   14
 1.2850134736517349e+00   85   85   15   15
 1.1956305752795875e+00   85   85   16   16
 1.1112462480960399e+00   85   85   17   17
 1.0917871518461737e+00   85   85   18   18
 1.7197507889573456e+00   85   85   19   19
 1.1570784012533728e+00   85   85   20   20
 1.2582709211046692e+00   85   85   21   21
 3.2481019904903161e+00   85   85   22   22
 2.6401588294018130e+00   85   85   23   23
 2.2129967476182082e+00   85   85   24   24
 1.9060240118144025e+00   85   85   25   25
 1.8412008874969499e+00   85   85   26   26
 2.0552200113303538e+00   85   85   27   27
 2.4778066149681162e+00   85   85   28   28
 3.4795983063905940e+00   85   85   29   29
 2.7304804301591821e+00   85   85   30   30
 2.5397778927791830e+00   85   85   31   31
 2.7623588232705640e+00   85   85   32   32
 1.7447373098520207e+00   85   85   33   33
 3.5886382857191164e+00   85   85   34   34
 4.4890039814922247e+00   85   85   35   35
 1.9140664907172218e+00   85   85   36   36
 1.6673981309978103e+00   85   85   37   37
 1.5727279091802520e+00   85   85   38   38
 1.6741268307744048e+00   85   85   39   39
 1.9237789376813701e+00   85   85   40   40
 2.1132904515935746e+00   85   85   41   41
 1.4673684794728430e+00   85   85   42   42
 1.5938245836492060e+00   85   85   43   43
 1.4876253524042489e+00   85   85   44   44
 1.2674014808110257e+00   85   85   45   45
 1.3222861014282998e+00   85   85   46   46
 1.2512251531978522e+00   85   85   47   47
 1.3089907708325526e+00   85   85   48   48
 1.3171699828574595e+00   85   85   49   49
 1.3635859671607489e+00   85   85   50   50
 1.1339604358859985e+00   85   85   51   51
 1.1988241711855208e+00   85   85   52   52
 1.1615212006009481e+00   85   85   53   53
 9.7973634145917132e-01   85   85   54   54
 1.7012119485518997e+00   85   85   55   55
 9.1117276721494855e-01   85   85   56   56
 8.7333615392179487e-01   85   85   57   57
 1.7687568920213759e+00   85   85   58   58
 1.5293606348310125e+00   85   85   59   59
 1.3983870900111472e+00   85   85   60   60
 9.5838354794877845e-01   85   85   61   61
 1.0104787255385985e+00   85   85   62   62
 1.9034373010032650e+00   85   85   63   63
 9.5295406347051770e-01   85   85   64   64
 1.0259718754248928e+00   85   85   65   65
 1.1039082033109451e+00   85   85   66   66
 1.0936026104039009e+00   85   85   67   67
 1.0046983975187604e+00   85   85   68   68
 9.4560259458824381e-01   85   85   69   69
 1.5552938099364073e+00   85   85   70   70
 1.3879369186166255e+00   85   85   71   71
 1.9603040323266434e+00   85   85   72   72
 2.3221260210808530e+00   85   85   73   73
 2.2619646059834695e+00   85   85   74   74
 2.2682253734126610e+00   85   85   75   75
 3.5120038852264792e+00   85   85   76   76
 3.3938577282886313e+00   85   85   77   77
 2.1206207316823038e+00   85   85   78   78
 1.4972661283913646e+00   85   85   79   79
 1.5918205509741781e+00   85   85   80   80
 1.7788193293331589e+00   85   85   81   81
 2.6775900593107722e+00   85   85   82   82
 3.4646515060341958e+00   85   85   83   83
 2.8121528334759542e+00   85   85   84   84
 9.6429912899999994e+00   85   85   85   85
 1.9160040153209204e+00   86   86    1    1
 1.6987907132721574e+00   86   86    2    2
 1.7210922924742311e+00   86   86    3    3
 1.9597203389941464e+00   86   86    4    4
 2.3281017405120097e+00   86   86    5    5
 2.2728072620801401e+00   86   86    6    6
 3.2171895006379625e+00   86   86    7    7
 3.3308388425712381e+00   86   86    8    8
 3.2112800361762774e+00   86   86    9    9
 2.8141543136192917e+00   86   86   10   10
 2.5792379951235356e+00   86   86   11   11
 1.3132918664989841e+00   86   86   12   12
 2.6611527530684143e+00   86   86   13   13
 2.9667650994735872e+00   86   86   14   14
 2.5805831450820333e+00   86   86   15   15
 2.1848018533848474e+00   86   86   16   16
 1.8745944979368496e+00   86   86   17   17
 1.8005780792000505e+00   86   86   18   18
 1.0252657581067690e+00   86   86   19   19
 1.9935972554963324e+00   86   86   20   20
 2.3936228205382886e+00   86   86   21   21
 1.4900418189545330e+00   86   86   22   22
 1.3657289317285812e+00   86   86   23   23
 1.3817085394159323e+00   86   86   24   24
 1.2543092848211017e+00   86   86   25   25
 1.1443415406531043e+00   86   86   26   26
 1.1379166850267697e+00   86   86   27   27
 1.2258245677884034e+00   86   86   28   28
 1.4202720292991728e+00   86   86   29   29
 1.3219356003465992e+00   86   86   30   30
 1.2476608482773139e+00   86   86   31   31
 1.2416431640729249e+00   86   86   32   32
 9.7163430154347774e-01   86   86   33   33
 1.3213213511534498e+00   86   86   34   34
 1.4212575305184469e+00   86   86   35   35
 3.6066411458546237e+00   86   86   36   36
 4.4848936508923325e+00   86   86   37   37
 3.4654817070630854e+00   86   86   38   38
 2.7294959617386061e+00   86   86   39   39
 2.5461580659971372e+00   86   86   40   40
 2.7689124189620857e+00   86   86   41   41
 1.0419072562193308e+00   86   86   42   42
 1.0535399003222121e+00   86   86   43   43
 9.7608045691782452e-01   86   86   44   44
 8.6013220386812572e-01   86   86   45   45
 9.1071613005366481e-01   86   86   46   46
 9.0365188654922424e-01   86   86   47   47
 9.6132728479527330e-01   86   86   48   48
 9.0474742025345067e-01   86   86   49   49
 8.9908668557401772e-01   86   86   50   50
 8.3558075622664674e-01   86   86   51   51
 8.7072103675838275e-01   86   86   52   52
 8.3094683810271297e-01   86   86   53   53
 1.4189372568399541e+00   86   86   54   54
 9.9405030579927001e-01   86   86   55   55
 1.2711362134061519e+00   86   86   56   56
 1.2292303345983067e+00   86   86   57   57
 9.6258745253512856e-01   86   86   58   58
 9.1624442988289734e-01   86   86   59   59
 8.5458954787899699e-01   86   86   60   60
 1.4812065307660598e+00   86   86   61   61
 1.5610273640549526e+00   86   86   62   62
 1.0280152914990408e+00   86   86   63   63
 1.6186350668017233e+00   86   86   64   64
 1.7313548190482031e+00   86   86   65   65
 1.9995393101105472e+00   86   86   66   66
 2.1826351680789506e+00   86   86   67   67
 1.9555558163387470e+00   86   86   68   68
 1.7039067654817770e+00   86   86   69   69
 8.9933178917449219e-01   86   86   70   70
 8.6140437391266156e-01   86   86   71   71
 1.1011568324380268e+00   86   86   72   72
 1.1529088549230897e+00   86   86   73   73
 1.1067048464952423e+00   86   86   74   74
 1.3952078857872130e+00   86   86   75   75
 2.3994980219401199e+00   86   86   76   76
 1.9721401686042479e+00   86   86   77   77
 3.6321614697507814e+00   86   86   78   78
 3.3128917897585346e+00   86   86   79   79
 2.6915231533857815e+00   86   86   80   80
 3.3278549456042033e+00   86   86   81   81
 2.0837154074495046e+00   86   86   82   82
 1.5648011426431028e+00   86   86   83   83
 1.7142756907794889e+00   86   86   84   84
 1.9967150992211193e+00   86   86   85   85
 9.6429912899999994e+00   86   86   86   86
 1.7210714145346764e+00   87   87    1    1
 1.6958723093075128e+00   87   87    2    2
 1.9116997243465013e+00   87   87    3    3
 2.2703979067999804e+00   87   87    4    4
 2.3299726772465648e+00   87   87    5    5
 1.9623991934163407e+00   87   87    6    6
 3.2077397485525463e+00   87   87    7    7
 2.5720859248632308e+00   87   87    8    8
 2.3736313024908839e+00   87   87    9    9
 1.9802150608777735e+00   87   87   10   10
 1.7910673742758116e+00   87   87   11   11
 1.6914726840617489e+00   87   87   12   12
 1.8735845725232536e+00   87   87   13   13
 2.1853627389544594e+00   87   87   14   14
 3.3425741100118112e+00   87   87   15   15
 3.0154494967826846e+00   87   87   16   16
 2.7119159057976896e+00   87   87   17   17
 2.6142190320838896e+00   87   87   18   18
 9.1332057633755115e-01   87   87   19   19
 2.8118418772275655e+00   87   87   20   20
 3.1934575532991838e+00   87   87   21   21
 1.4859669221705640e+00   87   87   22   22
 1.4139770172586958e+00   87   87   23   23
 1.4423873514952363e+00   87   87   24   24
 1.3400788846883009e+00   87   87   25   25
 1.2352506651033879e+00   87   87   26   26
 1.2207810355625353e+00   87   87   27   27
 1.2926692062271863e+00   87   87   28   28
 1.3612521482163336e+00   87   87   29   29
 1.2309645240098510e+00   87   87   30   30
 1.1409654723974358e+00   87   87   31   31
 1.1396741332827667e+00   87   87   32   32
 9.0669032690937656e-01   87   87   33   33
 1.2397937317806218e+00   87   87   34   34
 1.3657298193198222e+00   87   87   35   35
 2.5465830362734803e+00   87   87   36   36
 2.7278771569916498e+00   87   87   37   37
 3.4611789682846750e+00   87   87   38   38
 4.4849261188015896e+00   87   87   39   39
 3.6105367472817989e+00   87   87   40   40
 2.7713695888854954e+00   87   87   41   41
 1.1637796679784609e+00   87   87   42   42
 1.1480887243146445e+00   87   87   43   43
 1.0468926949880546e+00   87   87   44   44
 7.6753044600504639e-01   87   87   45   45
 9.8282977693020324e-01   87   87   46   46
 9.9223730639100693e-01   87   87   47   47
 1.0740315561865650e+00   87   87   48   48
 7.9673954798626989e-01   87   87   49   49
 8.0232206294921971e-01   87   87   50   50
 7.2961846780578388e-01   87   87   51   51
 7.5875347797802506e-01   87   87   52   52
 7.3353216744558858e-01   87   87   53   53
 2.0957648073068671e+00   87   87   54   54
 8.9878912457504279e-01   87   87   55   55
 1.7951537896285519e+00   87   87   56   56
 1.6411537467329103e+00   87   87   57   57
 9.1871215135240647e-01   87   87   58   58
 8.4627782351859593e-01   87   87   59   59
 8.1087446764686710e-01   87   87   60   60
 1.9287998533187272e+00   87   87   61   61
 2.2132190073750833e+00   87   87   62   62
 9.4625679737645141e-01   87   87   63   63
 1.2214491599772328e+00   87   87   64   64
 1.2991985627683629e+00   87   87   65   65
 1.4611409170794183e+00   87   87   66   66
 1.5527018297517665e+00   87   87   67   67
 1.4187445014054447e+00   87   87   68   68
 1.2697771972355938e+00   87   87   69   69
 8.6393066015757558e-01   87   87   70   70
 8.0316725290135349e-01   87   87   71   71
 9.8166171577027161e-01   87   87   72   72
 1.0487211586642271e+00   87   87   73   73
 1.0243568693629301e+00   87   87   74   74
 1.2653378928549870e+00   87   87   75   75
 1.9767240079949897e+00   87   87   76   76
 2.3816398144816300e+00   87   87   77   77
 3.2789220465689870e+00   87   87   78   78
 2.6969954840730699e+00   87   87   79   79
 3.3669240726652667e+00   87   87   80   80
 3.5869897162997471e+00   87   87   81   81
 2.0821727667942054e+00   87   87   82   82
 1.6452169271538695e+00   87   87   83   83
 1.5911603622130872e+00   87   87   84   84
 2.0334765030045832e+00   87   87   85   85
 2.7997016266969172e+00   87   87   86   86
 9.6429912899999994e+00   87   87   87   87
-1.5149070083218191e+02    1    1    0    0
-2.2462408382766128e+00    2    1    0    0
-1.5472808712231003e+02    2    2    0    0
-2.2496258981651094e+00    3    2    0    0
-1.5028288912863712e+02    3    3    0    0
-2.3219746078576269e+00    4    3    0    0
-1.4703095556521367e+02    4    4    0    0
-2.2925690084790933e+00    5    4    0    0
-1.4923676933485129e+02    5    5    0    0
-2.3298825685560876e+00    6    1    0    0
-2.2975880816979104e+00    6    5    0    0
-1.4804625918264421e+02    6    6    0    0
-1.4927423581572006e+02    7    7    0    0
-2.2133369927039603e+00    8    7    0    0
-1.4498858236836705e+02    8    8    0    0
-2.2526271089120407e+00    9    8    0    0
-1.4022389617087964e+02    9    9    0    0
-2.3250132095481599e+00   10    9    0    0
-1.3001866381828000e+02   10   10    0    0
-2.2891788077828714e+00   11   10    0    0
-1.2558179457283880e+02   11   11    0    0
-9.6676415374697925e+01   12   12    0    0
-2.2955327251235502e+00   13   11    0    0
-1.2690810497992609e+02   13   13    0    0
-2.2478735415287381e+00   14    8    0    0
-2.3345251327054086e+00   14   13    0    0
-1.3649604913924821e+02   14   14    0    0
-2.2286633052069500e+00   15    7    0    0
-1.4466268861858336e+02   15   15    0    0
-2.2465669062016849e+00   16   15    0    0
-1.3638059825628088e+02   16   16    0    0
-2.3412079363467586e+00   17   16    0    0
-1.2654159071599562e+02   17   17    0    0
-2.3211139827397176e+00   18   17    0    0
-1.2491537292254397e+02   18   18    0    0
-1.2084593122885038e+02   19   19    0    0
-2.3140416183445036e+00   20   18    0    0
-1.2874127206406177e+02   20   20    0    0
-2.2492381957309755e+00   21   15    0    0
-2.3282559811921182e+00   21   20    0    0
-1.3918407557438587e+02   21   21    0    0
-2.2077985651653540e+00   22    2    0    0
-1.5424148788779641e+02   22   22    0    0
-2.2075273302928538e+00   23   22    0    0
-1.4912571732149561e+02   23   23    0    0
-2.2410805779272147e+00   24   23    0    0
-1.4297914295854014e+02   24   24    0    0
-2.3259990680511295e+00   25   24    0    0
-1.3225091564622011e+02   25   25    0    0
-2.3142522042127562e+00   26   25    0    0
-1.2851082741089266e+02   26   26    0    0
-2.3245708967105405e+00   27   26    0    0
-1.3094354327355566e+02   27   27    0    0
-2.2359204215111452e+00   28   23    0    0
-2.3405370647478128e+00   28   27    0    0
-1.4132249059702724e+02   28   28    0    0
-2.2393144324405325e+00   29   22    0    0
-1.5187745091028211e+02   29   29    0    0
-2.2570245758170535e+00   30   29    0    0
-1.4481864103509392e+02   30   30    0    0
-2.3384443381638826e+00   31   30    0    0
-1.3757646259033132e+02   31   31    0    0
-2.3038040716147870e+00   32   31    0    0
-1.3801669276326484e+02   32   32    0    0
-1.2010820270367257e+02   33   33    0    0
-2.2986374470284825e+00   34   32    0    0
-1.3995618135252255e+02   34   34    0    0
-2.2595339047228027e+00   35   29    0    0
-2.3266193928652190e+00   35   34    0    0
-1.4742703827492838e+02   35   35    0    0
-1.4636002924457284e+02   36   36    0    0
-2.3280066609709307e+00   37   36    0    0
-1.4826016347647450e+02   37   37    0    0
-2.2017415499851438e+00   38    7    0    0
-2.2474020078833057e+00   38   37    0    0
-1.5110078834384655e+02   38   38    0    0
-2.2411219363628367e+00   39   38    0    0
-1.4775059410031525e+02   39   39    0    0
-2.3238215040862054e+00   40   39    0    0
-1.4572321334751516e+02   40   40    0    0
-2.2066020448730188e+00   41    5    0    0
-2.2946718305036833e+00   41   36    0    0
-2.2981651396658829e+00   41   40    0    0
-1.4851644549522723e+02   41   41    0    0
-1.1029772760399494e+02   42   42    0    0
-2.2293875250902255e+00   43   26    0    0
-2.2154415026649548e+00   43   42    0    0
-1.1781940274143942e+02   43   43    0    0
-2.2101127561751177e+00   44   43    0    0
-1.0932226543152279e+02   44   44    0    0
-1.0349246011967233e+02   45   45    0    0
-2.3230725627039828e+00   46   44    0    0
-9.9258732745969880e+01   46   46    0    0
-2.3692633636958584e+00   47   46    0    0
-9.5627488455813420e+01   47   47    0    0
-2.3202012220073249e+00   48   42    0    0
-2.3674405713241984e+00   48   47    0    0
-1.0009242899442029e+02   48   48    0    0
-1.0535417822110458e+02   49   49    0    0
-2.3155402305835557e+00   50   45    0    0
-2.3083595156801122e+00   50   49    0    0
-1.1320510968600013e+02   50   50    0    0
-9.1553797236368396e+01   51   51    0    0
-2.3354668470837945e+00   52   49    0    0
-2.3417048241520177e+00   52   51    0    0
-9.5566801759008086e+01   52   52    0    0
-2.3322142548031191e+00   53   45    0    0
-2.3397535765176523e+00   53   51    0    0
-9.4255248094477793e+01   53   53    0    0
-1.0649516837637786e+02   54   54    0    0
-2.3556701446145358e+00   55   19    0    0
-1.2557219630238991e+02   55   55    0    0
-2.3240812209623782e+00   56   54    0    0
-9.6656715860435426e+01   56   56    0    0
-2.3642604608125164e+00   57   12    0    0
-2.3638677928257907e+00   57   56    0    0
-9.2840791402436196e+01   57   57    0    0
-2.3351973327045226e+00   58   33    0    0
-1.1131024424022979e+02   58   58    0    0
-2.3579169839201017e+00   59   33    0    0
-1.1793275811330393e+02   59   59    0    0
-9.9013212768382715e+01   60   60    0    0
-2.3210752980218810e+00   61   12    0    0
-1.0652389627619650e+02   61   61    0    0
-2.2435705948662581e+00   62   18    0    0
-2.2207813120027158e+00   62   54    0    0
-2.2235104662085332e+00   62   61    0    0
-1.1453085238771496e+02   62   62    0    0
-2.3676286814796152e+00   63   33    0    0
-2.3794627732861797e+00   63   55    0    0
-1.2615197906056228e+02   63   63    0    0
-9.3944131245660500e+01   64   64    0    0
-2.3381505755924747e+00   65   64    0    0
-9.8787235221326014e+01   65   65    0    0
-2.3336655200678855e+00   66   65    0    0
-1.0873228273499561e+02   66   66    0    0
-2.2084249378283110e+00   67   11    0    0
-2.2636336239725625e+00   67   66    0    0
-1.1542971509757490e+02   67   67    0    0
-2.2610869436344236e+00   68   67    0    0
-1.0654829896121869e+02   68   68    0    0
-2.3438317086063343e+00   69   64    0    0
-2.3374502975260398e+00   69   68    0    0
-9.6917331834626623e+01   69   69    0    0
-2.3216980025567668e+00   70   58    0    0
-2.3126178987589321e+00   70   60    0    0
-1.0198567756476322e+02   70   70    0    0
-2.3311938901282923e+00   71   59    0    0
-2.3210709443208200e+00   71   60    0    0
-1.0500386299931532e+02   71   71    0    0
-2.3267902065894566e+00   72   19    0    0
-1.2500204092953588e+02   72   72    0    0
-2.2434257088738940e+00   73   32    0    0
-2.2513058198498439e+00   73   72    0    0
-1.3198906591309964e+02   73   73    0    0
-2.3361234726418174e+00   74   63    0    0
-2.2619070337318856e+00   74   73    0    0
-1.2807404851266185e+02   74   74    0    0
-3.5686199382896797e+00   75   50    0    0
-3.5839404984380776e+00   75   55    0    0
-3.5824188995203459e+00   75   59    0    0
-1.8774954447690010e+02   75   75    0    0
-2.0907390931965750e+00   76    1    0    0
-1.9940112262675470e+02   76   76    0    0
-2.0926608373786482e+00   77    3    0    0
-1.9490270696347574e+02   77   77    0    0
-2.0930083208156018e+00   78    9    0    0
-1.9096955797201687e+02   78   78    0    0
-2.0890856623224776e+00   79   14    0    0
-1.7856297198859434e+02   79   79    0    0
-2.0948587468682573e+00   80   16    0    0
-1.7902542878528160e+02   80   80    0    0
-2.0983813198490298e+00   81   21    0    0
-1.8846141594591018e+02   81   81    0    0
-2.0947344554307432e+00   82   24    0    0
-1.9352640181326407e+02   82   82    0    0
-2.0909712987798463e+00   83   28    0    0
-1.8824320383395090e+02   83   83    0    0
-2.0955991468197879e+00   84   30    0    0
-1.8904153246111019e+02   84   84    0    0
-2.0994791368509840e+00   85   35    0    0
-1.9752170742149639e+02   85   85    0    0
-2.0898715870149633e+00   86   37    0    0
-1.9258589261262287e+02   86   86    0    0
-2.0899473743132861e+00   87   39    0    0
-1.9137040803119962e+02   87   87    0    0
 7.5408190191889007e+03    0    0    0    0
