&FCI NORB=74, NELEC=86, MS2=0,
 ORBSYM=1,1,1,1,1,1,1,1,1,1,1,1,1,1,1,1,1,1,1,1,1,1,1,1,1,1,1,1,1,1,1,1,1,1,1,1,1,1,1,1,1,1,1,1,1,1,1,1,1,1,1,1,1,1,1,1,1,1,1,1,1,1,1,1,1,1,1,1,1,1,1,1,1,1,
 ISYM=1,
&END
 8.4208384499999998e+00    1    1    1    1
 4.7155278594491667e+00    2    2    1    1
 8.4208384499999998e+00    2    2    2    2
 3.6192915334825972e+00    3    3    1    1
 4.7157081487588384e+00    3    3    2    2
 8.4208384499999998e+00    3    3    3    3
 3.3205540850375379e+00    4    4    1    1
 3.5606463773943569e+00    4    4    2    2
 4.7555427017059282e+00    4    4    3    3
 8.4208384499999998e+00    4    4    4    4
 3.5919649938274332e+00    5    5    1    1
 3.2499272383691875e+00    5    5    2    2
 3.5902273227356285e+00    5    5    3    3
 4.7388087910688013e+00    5    5    4    4
 8.4208384499999998e+00    5    5    5    5
 4.7503499504274238e+00    6    6    1    1
 3.5551953649850874e+00    6    6    2    2
 3.3147821883503190e+00    6    6    3    3
 3.6069586242098390e+00    6    6    4    4
 4.7379265951458933e+00    6    6    5    5
 8.4208384499999998e+00    6    6    6    6
 1.5446301391117507e+00    7    7    1    1
 1.4482989344007970e+00    7    7    2    2
 1.5484774878513889e+00    7    7    3    3
 1.7987076383587677e+00    7    7    4    4
 1.9901616601572505e+00    7    7    5    5
 1.7934339379304083e+00    7    7    6    6
 8.4208384499999998e+00    7    7    7    7
 1.4484635046726524e+00    8    8    1    1
 1.3439912410644725e+00    8    8    2    2
 1.4083574135963566e+00    8    8    3    3
 1.6040884990227537e+00    8    8    4    4
 1.7884143054968107e+00    8    8    5    5
 1.6676152198144394e+00    8    8    6    6
 4.6427594736409681e+00    8    8    7    7
 8.4208384499999998e+00    8    8    8    8
 1.4848330636237008e+00    9    9    1    1
 1.3648102608849986e+00    9    9    2    2
 1.4120149588018109e+00    9    9    3    3
 1.5935347885197280e+00    9    9    4    4
 1.7932037598113091e+00    9    9    5    5
 1.7066285553775640e+00    9    9    6    6
 3.4974332833195447e+00    9    9    7    7
 4.7126666429887392e+00    9    9    8    8
 8.4208384499999998e+00    9    9    9    9
 1.3438240735430589e+00   10   10    1    1
 1.2377405793717602e+00   10   10    2    2
 1.2668142806626721e+00   10   10    3    3
 1.4049012177934526e+00   10   10    4    4
 1.5644183708769606e+00   10   10    5    5
 1.5172964516896317e+00   10   10    6    6
 2.7080399574344831e+00   10   10    7    7
 3.5597079049774671e+00   10   10    8    8
 4.7514334908487061e+00   10   10    9    9
 8.4208384499999998e+00   10   10   10   10
 1.2122889645885937e+00   11   11    1    1
 1.1251860094941060e+00   11   11    2    2
 1.1531870939029913e+00   11   11    3    3
 1.2717673062632691e+00   11   11    4    4
 1.3995395879138703e+00   11   11    5    5
 1.3556906706125402e+00   11   11    6    6
 2.4846972363484325e+00   11   11    7    7
 3.2503734093050149e+00   11   11    8    8
 3.5881553394777566e+00   11   11    9    9
 4.7403865853798477e+00   11   11   10   10
 8.4208384499999998e+00   11   11   11   11
 1.1948835206654855e+00   12   12    1    1
 1.1143632399789305e+00   12   12    2    2
 1.1507083372864293e+00   12   12    3    3
 1.2759920071693547e+00   12   12    4    4
 1.3982190007278277e+00   12   12    5    5
 1.3394499419228147e+00   12   12    6    6
 2.7152881617982216e+00   12   12    7    7
 3.5551782014103042e+00   12   12    8    8
 3.3142683739238512e+00   12   12    9    9
 3.6102351625230793e+00   12   12   10   10
 4.7377959500408169e+00   12   12   11   11
 8.4208384499999998e+00   12   12   12   12
 1.2900383915356628e+00   13   13    1    1
 1.2036923174315515e+00   13   13    2    2
 1.2549679737714949e+00   13   13    3    3
 1.4099612734292464e+00   13   13    4    4
 1.5510505118357085e+00   13   13    5    5
 1.4625110706925484e+00   13   13    6    6
 3.5137696929817528e+00   13   13    7    7
 4.7097764553860735e+00   13   13    8    8
 3.6186642299811065e+00   13   13    9    9
 3.3232178153690004e+00   13   13   10   10
 3.5936272346772902e+00   13   13   11   11
 4.7549284193184365e+00   13   13   12   12
 8.4208384499999998e+00   13   13   13   13
 1.3993679059936022e+00   14   14    1    1
 1.3390937711897264e+00   14   14    2    2
 1.4477567107675140e+00   14   14    3    3
 1.6678677752192574e+00   14   14    4    4
 1.7822883679590336e+00   14   14    5    5
 1.5932705863786465e+00   14   14    6    6
 4.6207079135881175e+00   14   14    7    7
 3.5079916121397847e+00   14   14    8    8
 2.7555929242913013e+00   14   14    9    9
 2.3010421584812000e+00   14   14   10   10
 2.2230447371803992e+00   14   14   11   11
 2.4968208592064833e+00   14   14   12   12
 3.1443730910947654e+00   14   14   13   13
 8.4208384499999998e+00   14   14   14   14
 1.2799364196404706e+00   15   15    1    1
 1.2341138741919491e+00   15   15    2    2
 1.3301303406728546e+00   15   15    3    3
 1.5097574126530160e+00   15   15    4    4
 1.5905943132569822e+00   15   15    5    5
 1.4364402180429852e+00   15   15    6    6
 3.5018304397709969e+00   15   15    7    7
 3.0997335534226433e+00   15   15    8    8
 2.5982568816226266e+00   15   15    9    9
 2.2736425408423138e+00   15   15   10   10
 2.2421602591845660e+00   15   15   11   11
 2.4818400251123309e+00   15   15   12   12
 2.9336969531387878e+00   15   15   13   13
 4.7209250345196070e+00   15   15   14   14
 8.4208384499999998e+00   15   15   15   15
 1.1763076461886599e+00   16   16    1    1
 1.1477030246816895e+00   16   16    2    2
 1.2412546647610676e+00   16   16    3    3
 1.3943821138616550e+00   16   16    4    4
 1.4411358125849523e+00   16   16    5    5
 1.3027307242076678e+00   16   16    6    6
 2.7015741073623851e+00   16   16    7    7
 2.4332957695414366e+00   16   16    8    8
 2.1048130783730672e+00   16   16    9    9
 1.9075247188117999e+00   16   16   10   10
 1.9212344846489868e+00   16   16   11   11
 2.1235590365028902e+00   16   16   12   12
 2.4090935099011062e+00   16   16   13   13
 3.5651734739258165e+00   16   16   14   14
 4.7547406738084828e+00   16   16   15   15
 8.4208384499999998e+00   16   16   16   16
 1.1616946641817119e+00   17   17    1    1
 1.1413197831955981e+00   17   17    2    2
 1.2417112507638788e+00   17   17    3    3
 1.3941526375562041e+00   17   17    4    4
 1.4253640103448468e+00   17   17    5    5
 1.2815212124485178e+00   17   17    6    6
 2.4715249412827127e+00   17   17    7    7
 2.1671688287616133e+00   17   17    8    8
 1.8629249555488472e+00   17   17    9    9
 1.6838673437134262e+00   17   17   10   10
 1.6970878113625909e+00   17   17   11   11
 1.8899501767217108e+00   17   17   12   12
 2.1585626538545055e+00   17   17   13   13
 3.2576055174350427e+00   17   17   14   14
 3.5929128348241197e+00   17   17   15   15
 4.7413214386864482e+00   17   17   16   16
 8.4208384499999998e+00   17   17   17   17
 9.1193651726803693e-01   18   18    1    1
 9.0691321210220877e-01   18   18    2    2
 9.7607222801551996e-01   18   18    3    3
 1.0628687315141581e+00   18   18    4    4
 1.0671864905269068e+00   18   18    5    5
 9.8045479441369132e-01   18   18    6    6
 1.5362284212346808e+00   18   18    7    7
 1.4358707405566806e+00   18   18    8    8
 1.2950071065420519e+00   18   18    9    9
 1.2266582186518611e+00   18   18   10   10
 1.2642635453239777e+00   18   18   11   11
 1.3821557494061787e+00   18   18   12   12
 1.4805054962428530e+00   18   18   13   13
 1.8056610238866759e+00   18   18   14   14
 1.9496100154997531e+00   18   18   15   15
 2.3512319867479254e+00   18   18   16   16
 2.7093729384085457e+00   18   18   17   17
 8.4208384499999998e+00   18   18   18   18
 1.2443030539331030e+00   19   19    1    1
 1.2191083256171462e+00   19   19    2    2
 1.3318113525491191e+00   19   19    3    3
 1.5101773929861866e+00   19   19    4    4
 1.5506955586309896e+00   19   19    5    5
 1.3829334082102065e+00   19   19    6    6
 2.6971889214874811e+00   19   19    7    7
 2.2679319507206794e+00   19   19    8    8
 1.9080841043423078e+00   19   19    9    9
 1.6912713465055835e+00   19   19   10   10
 1.6878828913772024e+00   19   19   11   11
 1.8957255632127674e+00   19   19   12   12
 2.2275923027649598e+00   19   19   13   13
 3.5592206617295452e+00   19   19   14   14
 3.3138481854082560e+00   19   19   15   15
 3.6060679732657483e+00   19   19   16   16
 4.7414495257767957e+00   19   19   17   17
 2.3540659629748415e+00   19   19   18   18
 8.4208384499999998e+00   19   19   19   19
 1.3698285547721962e+00   20   20    1    1
 1.3246506901564314e+00   20   20    2    2
 1.4439748352606929e+00   20   20    3    3
 1.6617671907631579e+00   20   20    4    4
 1.7448411355710312e+00   20   20    5    5
 1.5480505308367845e+00   20   20    6    6
 3.4993500673299374e+00   20   20    7    7
 2.7573723032991646e+00   20   20    8    8
 2.2388982774318049e+00   20   20    9    9
 1.9226858004533316e+00   20   20   10   10
 1.8868276004681961e+00   20   20   11   11
 2.1301815650682583e+00   20   20   12   12
 2.6096281948068545e+00   20   20   13   13
 4.7236051375896047e+00   20   20   14   14
 3.6203623614778353e+00   20   20   15   15
 3.3206060901817849e+00   20   20   16   16
 3.5949785955344749e+00   20   20   17   17
 1.9509963895049760e+00   20   20   18   18
 4.7472586127664984e+00   20   20   19   19
 8.4208384499999998e+00   20   20   20   20
 3.4996337663261379e+00   21   21    1    1
 4.6371910021019254e+00   21   21    2    2
 3.5069869794692883e+00   21   21    3    3
 2.7046654393494598e+00   21   21    4    4
 2.4716208185259632e+00   21   21    5    5
 2.6990786197819032e+00   21   21    6    6
 1.2705094876707630e+00   21   21    7    7
 1.1908166902204105e+00   21   21    8    8
 1.2115545679895212e+00   21   21    9    9
 1.1133047469079231e+00   21   21   10   10
 1.0197254859938980e+00   21   21   11   11
 1.0080359612707133e+00   21   21   12   12
 1.0790017806273451e+00   21   21   13   13
 1.1868104666595274e+00   21   21   14   14
 1.1053294406177365e+00   21   21   15   15
 1.0372226912425946e+00   21   21   16   16
 1.0331197611592116e+00   21   21   17   17
 8.4009917972652848e-01   21   21   18   18
 1.0959282233627674e+00   21   21   19   19
 1.1772534040247160e+00   21   21   20   20
 8.4208384499999998e+00   21   21   21   21
 2.7377403200638835e+00   22   22    1    1
 3.4939827763213542e+00   22   22    2    2
 3.1054794089023225e+00   22   22    3    3
 2.4371668113019105e+00   22   22    4    4
 2.1631569613821724e+00   22   22    5    5
 2.2586053344068611e+00   22   22    6    6
 1.1872923440711243e+00   22   22    7    7
 1.1078373779069219e+00   22   22    8    8
 1.1148679040594385e+00   22   22    9    9
 1.0266331229777497e+00   22   22   10   10
 9.4911433651495603e-01   22   22   11   11
 9.4503819060007022e-01   22   22   12   12
 1.0124192397778307e+00   22   22   13   13
 1.1239194591831543e+00   22   22   14   14
 1.0483463602849532e+00   22   22   15   15
 9.9341519348086915e-01   22   22   16   16
 9.9863891179654640e-01   22   22   17   17
 8.2493938704286218e-01   22   22   18   18
 1.0610837181648247e+00   22   22   19   19
 1.1286867746849056e+00   22   22   20   20
 4.6241305226287208e+00   22   22   21   21
 8.4208384499999998e+00   22   22   22   22
 2.5572768288540160e+00   23   23    1    1
 3.0694928104351544e+00   23   23    2    2
 2.8512721625473540e+00   23   23    3    3
 2.3506869433594968e+00   23   23    4    4
 2.1103914196219331e+00   23   23    5    5
 2.1828155641246529e+00   23   23    6    6
 1.1844366157520285e+00   23   23    7    7
 1.1017158642540794e+00   23   23    8    8
 1.0977808434741723e+00   23   23    9    9
 1.0094071709150549e+00   23   23   10   10
 9.3870845876296238e-01   23   23   11   11
 9.4163874420053162e-01   23   23   12   12
 1.0122610109326109e+00   23   23   13   13
 1.1244682300234052e+00   23   23   14   14
 1.0417426052786782e+00   23   23   15   15
 9.8952783494894969e-01   23   23   16   16
 1.0026459185515821e+00   23   23   17   17
 8.3157395404728596e-01   23   23   18   18
 1.0737071446841564e+00   23   23   19   19
 1.1412813537688853e+00   23   23   20   20
 3.5044843432100481e+00   23   23   21   21
 4.7233556212635870e+00   23   23   22   22
 8.4208384499999998e+00   23   23   23   23
 2.0775347852848598e+00   24   24    1    1
 2.4179634490121309e+00   24   24    2    2
 2.3574438813366805e+00   24   24    3    3
 2.0208198340344889e+00   24   24    4    4
 1.8148830409632848e+00   24   24    5    5
 1.8386129672966431e+00   24   24    6    6
 1.0993852237964945e+00   24   24    7    7
 1.0225675295923502e+00   24   24    8    8
 1.0129379573117492e+00   24   24    9    9
 9.3517723553100185e-01   24   24   10   10
 8.7606388256775469e-01   24   24   11   11
 8.8244380597395211e-01   24   24   12   12
 9.4704946624179009e-01   24   24   13   13
 1.0552728973414951e+00   24   24   14   14
 9.8175404741411576e-01   24   24   15   15
 9.4056884583474265e-01   24   24   16   16
 9.5905490711927488e-01   24   24   17   17
 8.0950195947738879e-01   24   24   18   18
 1.0257284940199922e+00   24   24   19   19
 1.0795122323766231e+00   24   24   20   20
 2.7021041812178486e+00   24   24   21   21
 3.5644137365981061e+00   24   24   22   22
 4.7523234723468573e+00   24   24   23   23
 8.4208384499999998e+00   24   24   24   24
 1.8497230188258587e+00   25   25    1    1
 2.1641348261763080e+00   25   25    2    2
 2.1387356263158823e+00   25   25    3    3
 1.8349089477269664e+00   25   25    4    4
 1.6370096099168148e+00   25   25    5    5
 1.6453937537605463e+00   25   25    6    6
 1.0299007038815948e+00   25   25    7    7
 9.6000648331769867e-01   25   25    8    8
 9.5336493416215340e-01   25   25    9    9
 8.8394504283124919e-01   25   25   10   10
 8.2938422682133583e-01   25   25   11   11
 8.3354346217475117e-01   25   25   12   12
 8.9106243737313584e-01   25   25   13   13
 9.9509631129005383e-01   25   25   14   14
 9.3390958599462071e-01   25   25   15   15
 8.9958590878766398e-01   25   25   16   16
 9.1627360992347817e-01   25   25   17   17
 7.8272477551108910e-01   25   25   18   18
 9.7256959581942171e-01   25   25   19   19
 1.0159236164843037e+00   25   25   20   20
 2.4731419470958635e+00   25   25   21   21
 3.2590117212955683e+00   25   25   22   22
 3.5935319144488531e+00   25   25   23   23
 4.7403204144873907e+00   25   25   24   24
 8.4208384499999998e+00   25   25   25   25
 9.6340504626123846e-01   26   26    1    1
 9.6796727899275614e-01   26   26    2    2
 1.0526615580488783e+00   26   26    3    3
 1.1464388827407559e+00   26   26    4    4
 1.1346981176152082e+00   26   26    5    5
 1.0323912620045477e+00   26   26    6    6
 1.5561536755638130e+00   26   26    7    7
 1.4272951590406417e+00   26   26    8    8
 1.3069981114333851e+00   26   26    9    9
 1.2248833364537635e+00   26   26   10   10
 1.2333173603253145e+00   26   26   11   11
 1.3194499674314366e+00   26   26   12   12
 1.4213548323597116e+00   26   26   13   13
 1.8261796818928457e+00   26   26   14   14
 1.9997998886701640e+00   26   26   15   15
 2.4222999500958378e+00   26   26   16   16
 2.7173963020419185e+00   26   26   17   17
 3.6087158498838576e+00   26   26   18   18
 2.3145321926503084e+00   26   26   19   19
 1.9408416475479722e+00   26   26   20   20
 8.9636694525015015e-01   26   26   21   21
 8.8058272889862277e-01   26   26   22   22
 8.8085362798173950e-01   26   26   23   23
 8.5686146473789049e-01   26   26   24   24
 8.3381711781283840e-01   26   26   25   25
 8.4208384499999998e+00   26   26   26   26
 1.9042446488161615e+00   27   27    1    1
 2.2730160775805839e+00   27   27    2    2
 2.2274150229538403e+00   27   27    3    3
 1.8716753268277033e+00   27   27    4    4
 1.6581846744815736e+00   27   27    5    5
 1.6723199933797250e+00   27   27    6    6
 1.0309789332226638e+00   27   27    7    7
 9.6310998394031566e-01   27   27    8    8
 9.6325443558041224e-01   27   27    9    9
 8.9426171753330497e-01   27   27   10   10
 8.3557993671566533e-01   27   27   11   11
 8.3510645847259501e-01   27   27   12   12
 8.9041664500199180e-01   27   27   13   13
 9.9420753289860364e-01   27   27   14   14
 9.3812286845482740e-01   27   27   15   15
 9.0216944532466148e-01   27   27   16   16
 9.1309754949867639e-01   27   27   17   17
 7.7727145385176521e-01   27   27   18   18
 9.6314847796744207e-01   27   27   19   19
 1.0068388780134077e+00   27   27   20   20
 2.7008968264497053e+00   27   27   21   21
 3.5634378483350306e+00   27   27   22   22
 3.3163755189386328e+00   27   27   23   23
 3.6053042793630539e+00   27   27   24   24
 4.7405666916504128e+00   27   27   25   25
 8.3375045132325365e-01   27   27   26   26
 8.4208384499999998e+00   27   27   27   27
 2.2381355384386459e+00   28   28    1    1
 2.7644695628440101e+00   28   28    2    2
 2.6142804057004736e+00   28   28    3    3
 2.1158177480155809e+00   28   28    4    4
 1.8674981960121153e+00   28   28    5    5
 1.9101692814686553e+00   28   28    6    6
 1.0995290858598334e+00   28   28    7    7
 1.0279203169760043e+00   28   28    8    8
 1.0348887213553486e+00   28   28    9    9
 9.5821006720831536e-01   28   28   10   10
 8.8920394922728219e-01   28   28   11   11
 8.8455146545171959e-01   28   28   12   12
 9.4368000093899973e-01   28   28   13   13
 1.0509702613820462e+00   28   28   14   14
 9.8969073721807932e-01   28   28   15   15
 9.4481395325956730e-01   28   28   16   16
 9.5020937783048331e-01   28   28   17   17
 7.9662305713200188e-01   28   28   18   18
 1.0022387592125968e+00   28   28   19   19
 1.0559697676395612e+00   28   28   20   20
 3.5022990161655621e+00   28   28   21   21
 4.7224242048289637e+00   28   28   22   22
 3.6190734310859809e+00   28   28   23   23
 3.3170453870404408e+00   28   28   24   24
 3.5938505986159615e+00   28   28   25   25
 8.5558200212135993e-01   28   28   26   26
 4.7516475841265162e+00   28   28   27   27
 8.4208384499999998e+00   28   28   28   28
 3.0488301078518498e+00   29   29    1    1
 3.4647294491300311e+00   29   29    2    2
 2.7288134028480653e+00   29   29    3    3
 2.2472874109408321e+00   29   29    4    4
 2.1431686939482066e+00   29   29    5    5
 2.3998971313728634e+00   29   29    6    6
 1.1895848953473962e+00   29   29    7    7
 1.1305835913560902e+00   29   29    8    8
 1.1639394005609340e+00   29   29    9    9
 1.0812424337786923e+00   29   29   10   10
 9.8928510334607089e-01   29   29   11   11
 9.6964973960307310e-01   29   29   12   12
 1.0279209776972493e+00   29   29   13   13
 1.1082748690713253e+00   29   29   14   14
 1.0411057426473767e+00   29   29   15   15
 9.7635272978366316e-01   29   29   16   16
 9.6557745328682110e-01   29   29   17   17
 7.9144917610581411e-01   29   29   18   18
 1.0158899954136174e+00   29   29   19   19
 1.0894038878270584e+00   29   29   20   20
 4.6376772398007207e+00   29   29   21   21
 3.4983844326002580e+00   29   29   22   22
 2.7641369564792644e+00   29   29   23   23
 2.2749832955930875e+00   29   29   24   24
 2.1683271873757919e+00   29   29   25   25
 8.4296162140954334e-01   29   29   26   26
 2.4239490334861133e+00   29   29   27   27
 3.0782978147971871e+00   29   29   28   28
 8.4208384499999998e+00   29   29   29   29
 2.5150897360970381e+00   30   30    1    1
 2.7186651570105487e+00   30   30    2    2
 2.2268616555612470e+00   30   30    3    3
 1.8906375543309215e+00   30   30    4    4
 1.8285289076816007e+00   30   30    5    5
 2.0462839464849933e+00   30   30    6    6
 1.0844846603481095e+00   30   30    7    7
 1.0383249084073689e+00   30   30    8    8
 1.0676789802637776e+00   30   30    9    9
 1.0003210389708344e+00   30   30   10   10
 9.2154879195954020e-01   30   30   11   11
 9.0376561258731281e-01   30   30   12   12
 9.5277277623185563e-01   30   30   13   13
 1.0137570497851818e+00   30   30   14   14
 9.5472739873914414e-01   30   30   15   15
 8.9893477124454868e-01   30   30   16   16
 8.9084393072558610e-01   30   30   17   17
 7.4049713299869357e-01   30   30   18   18
 9.3607992408174245e-01   30   30   19   19
 9.9951128959905500e-01   30   30   20   20
 3.5075222316143742e+00   30   30   21   21
 3.1174444750233103e+00   30   30   22   22
 2.6143106996976120e+00   30   30   23   23
 2.2336072548852965e+00   30   30   24   24
 2.1529077198107780e+00   30   30   25   25
 7.8381402574028858e-01   30   30   26   26
 2.3788474294165258e+00   30   30   27   27
 2.8786537066648621e+00   30   30   28   28
 4.7134406111868881e+00   30   30   29   29
 8.4208384499999998e+00   30   30   30   30
 2.1357492367847462e+00   31   31    1    1
 2.2351404106263226e+00   31   31    2    2
 1.8920321772224802e+00   31   31    3    3
 1.6502758652258231e+00   31   31    4    4
 1.6154704259930623e+00   31   31    5    5
 1.7981357293946372e+00   31   31    6    6
 1.0155181359153054e+00   31   31    7    7
 9.8073874873189382e-01   31   31    8    8
 1.0147752575457154e+00   31   31    9    9
 9.5916549209044122e-01   31   31   10   10
 8.8494407136887931e-01   31   31   11   11
 8.6338631889425921e-01   31   31   12   12
 9.0361066579567639e-01   31   31   13   13
 9.5030974916481814e-01   31   31   14   14
 9.0121220226849574e-01   31   31   15   15
 8.4966026890344648e-01   31   31   16   16
 8.3860252635275501e-01   31   31   17   17
 7.0255767040439621e-01   31   31   18   18
 8.7580469341156930e-01   31   31   19   19
 9.3249496829065792e-01   31   31   20   20
 2.7052802325997423e+00   31   31   21   21
 2.4549602028679418e+00   31   31   22   22
 2.1198691938694565e+00   31   31   23   23
 1.8831578614555398e+00   31   31   24   24
 1.8587838756308670e+00   31   31   25   25
 7.4298717819566384e-01   31   31   26   26
 2.0577333064171244e+00   31   31   27   27
 2.3930760986203947e+00   31   31   28   28
 3.5575767722850449e+00   31   31   29   29
 4.7540708894293759e+00   31   31   30   30
 8.4208384499999998e+00   31   31   31   31
 2.0627976610395060e+00   32   32    1    1
 2.1309803286795947e+00   32   32    2    2
 1.8334851011894344e+00   32   32    3    3
 1.6212063494349775e+00   32   32    4    4
 1.5965232048354712e+00   32   32    5    5
 1.7688993272847482e+00   32   32    6    6
 1.0251241207411845e+00   32   32    7    7
 9.9431945458805526e-01   32   32    8    8
 1.0373300794030744e+00   32   32    9    9
 9.8393347727700242e-01   32   32   10   10
 9.0413272772544084e-01   32   32   11   11
 8.7639554588280555e-01   32   32   12   12
 9.1375863313322159e-01   32   32   13   13
 9.5784160692955544e-01   32   32   14   14
 9.1359121248854680e-01   32   32   15   15
 8.5982138381751128e-01   32   32   16   16
 8.4343056497739688e-01   32   32   17   17
 7.0482794008338689e-01   32   32   18   18
 8.7591025566200120e-01   32   32   19   19
 9.3285662128683167e-01   32   32   20   20
 2.4721030433273596e+00   32   32   21   21
 2.1806577063859041e+00   32   32   22   22
 1.8723387208164712e+00   32   32   23   23
 1.6693427189757766e+00   32   32   24   24
 1.6596155110804220e+00   32   32   25   25
 7.4817196154065901e-01   32   32   26   26
 1.8509541310850137e+00   32   32   27   27
 2.1522096781833313e+00   32   32   28   28
 3.2477526886288834e+00   32   32   29   29
 3.5904465893922093e+00   32   32   30   30
 4.7396663639531189e+00   32   32   31   31
 8.4208384499999998e+00   32   32   32   32
 1.7299623906763311e+00   33   33    1    1
 1.7638274140378458e+00   33   33    2    2
 1.5578128155393061e+00   33   33    3    3
 1.4055344656639963e+00   33   33    4    4
 1.3925244663426428e+00   33   33    5    5
 1.5263810001571734e+00   33   33    6    6
 9.4720720340284392e-01   33   33    7    7
 9.2547588167926631e-01   33   33    8    8
 9.6837896215233499e-01   33   33    9    9
 9.2691531915348246e-01   33   33   10   10
 8.5523682656866984e-01   33   33   11   11
 8.2632744254338242e-01   33   33   12   12
 8.5564564802974030e-01   33   33   13   13
 8.8791556732343790e-01   33   33   14   14
 8.5229500410612458e-01   33   33   15   15
 8.0444693307611648e-01   33   33   16   16
 7.8738727098949124e-01   33   33   17   17
 6.6473824068329512e-01   33   33   18   18
 8.1351253648513244e-01   33   33   19   19
 8.6299823696571731e-01   33   33   20   20
 1.9879362938383167e+00   33   33   21   21
 1.8080079898738146e+00   33   33   22   22
 1.5925778146118938e+00   33   33   23   23
 1.4533535944380178e+00   33   33   24   24
 1.4593278874920315e+00   33   33   25   25
 7.0429670173164716e-01   33   33   26   26
 1.6131159858575126e+00   33   33   27   27
 1.8161800466073201e+00   33   33   28   28
 2.4594963704038610e+00   33   33   29   29
 2.7120507085005499e+00   33   33   30   30
 3.5180944532561313e+00   33   33   31   31
 4.5972096904198079e+00   33   33   32   32
 8.4208384499999998e+00   33   33   33   33
 2.3076468440388171e+00   34   34    1    1
 2.3929891599106710e+00   34   34    2    2
 2.0580794422282493e+00   34   34    3    3
 1.8156597244103805e+00   34   34    4    4
 1.7850167160439898e+00   34   34    5    5
 1.9752853761782014e+00   34   34    6    6
 1.1124465222417745e+00   34   34    7    7
 1.0752381724461824e+00   34   34    8    8
 1.1266371146130654e+00   34   34    9    9
 1.0627556160164469e+00   34   34   10   10
 9.6948852555372478e-01   34   34   11   11
 9.3719710389281674e-01   34   34   12   12
 9.8017888155144794e-01   34   34   13   13
 1.0358054742933174e+00   34   34   14   14
 9.8801449689723853e-01   34   34   15   15
 9.2616757943336636e-01   34   34   16   16
 9.0504684962012583e-01   34   34   17   17
 7.4746151681362516e-01   34   34   18   18
 9.3908855300514227e-01   34   34   19   19
 1.0036267984188119e+00   34   34   20   20
 2.6998506626076484e+00   34   34   21   21
 2.2715133660703746e+00   34   34   22   22
 1.9139633536015794e+00   34   34   23   23
 1.6797119879203390e+00   34   34   24   24
 1.6594677859846401e+00   34   34   25   25
 7.9788200138020104e-01   34   34   26   26
 1.8613614267863690e+00   34   34   27   27
 2.2113267965420649e+00   34   34   28   28
 3.5564319189548463e+00   34   34   29   29
 3.3185102749372408e+00   34   34   30   30
 3.6097215829530747e+00   34   34   31   31
 4.7392247176840305e+00   34   34   32   32
 3.5006657546921063e+00   34   34   33   33
 8.4208384499999998e+00   34   34   34   34
 2.8282187208622163e+00   35   35    1    1
 3.0512749093752771e+00   35   35    2    2
 2.5350098472290274e+00   35   35    3    3
 2.1646200667008517e+00   35   35    4    4
 2.0947782217665019e+00   35   35    5    5
 2.3287014471824095e+00   35   35    6    6
 1.2048270623769579e+00   35   35    7    7
 1.1518649823649132e+00   35   35    8    8
 1.1995035971774624e+00   35   35    9    9
 1.1184075878282838e+00   35   35   10   10
 1.0171491956005692e+00   35   35   11   11
 9.8859066795115569e-01   35   35   12   12
 1.0430837373885959e+00   35   35   13   13
 1.1195024062621461e+00   35   35   14   14
 1.0597354981087683e+00   35   35   15   15
 9.9102244487515734e-01   35   35   16   16
 9.7179934974407689e-01   35   35   17   17
 7.9363967731639362e-01   35   35   18   18
 1.0146487805933568e+00   35   35   19   19
 1.0886770387470801e+00   35   35   20   20
 3.4977548268944667e+00   35   35   21   21
 2.7430952987016135e+00   35   35   22   22
 2.2390773379107296e+00   35   35   23   23
 1.9068607422884214e+00   35   35   24   24
 1.8547719840122019e+00   35   35   25   25
 8.4928517176652574e-01   35   35   26   26
 2.0857057828423478e+00   35   35   27   27
 2.5688582773497459e+00   35   35   28   28
 4.7146740255003374e+00   35   35   29   29
 3.6193627552006880e+00   35   35   30   30
 3.3185863548115657e+00   35   35   31   31
 3.5893507485584908e+00   35   35   32   32
 2.7046528654526147e+00   35   35   33   33
 4.7504364786812268e+00   35   35   34   34
 8.4208384499999998e+00   35   35   35   35
 2.4295434520068504e+00   36   36    1    1
 2.1428983084494821e+00   36   36    2    2
 2.2544988250278393e+00   36   36    3    3
 2.7393528936737308e+00   36   36    4    4
 3.4966712906146391e+00   36   36    5    5
 3.1156177064680506e+00   36   36    6    6
 2.7003890675182447e+00   36   36    7    7
 2.4031100015099729e+00   36   36    8    8
 2.3413583009449974e+00   36   36    9    9
 1.9617775969845299e+00   36   36   10   10
 1.7418882059603582e+00   36   36   11   11
 1.7702889156331731e+00   36   36   12   12
 2.0266265785601227e+00   36   36   13   13
 2.2488663176722250e+00   36   36   14   14
 1.9112617745476768e+00   36   36   15   15
 1.6715914194290376e+00   36   36   16   16
 1.6387905079501088e+00   36   36   17   17
 1.1718551706090887e+00   36   36   18   18
 1.8210104857811398e+00   36   36   19   19
 2.1561162253792063e+00   36   36   20   20
 1.7791756952902358e+00   36   36   21   21
 1.6140653001795700e+00   36   36   22   22
 1.6215026876706635e+00   36   36   23   23
 1.4507282681193219e+00   36   36   24   24
 1.3178132567821841e+00   36   36   25   25
 1.2110511738669649e+00   36   36   26   26
 1.3127042054929183e+00   36   36   27   27
 1.4326330624435804e+00   36   36   28   28
 1.6202045776041301e+00   36   36   29   29
 1.4483928534432950e+00   36   36   30   30
 1.3194060164680308e+00   36   36   31   31
 1.3109461661307291e+00   36   36   32   32
 1.1777495650387175e+00   36   36   33   33
 1.4331748378251514e+00   36   36   34   34
 1.6037901691054197e+00   36   36   35   35
 8.4208384499999998e+00   36   36   36   36
 1.9945118791206269e+00   37   37    1    1
 1.8017444603989539e+00   37   37    2    2
 1.9037246742189859e+00   37   37    3    3
 2.2678356646175062e+00   37   37    4    4
 2.7061341323444261e+00   37   37    5    5
 2.4389492291703001e+00   37   37    6    6
 3.5025407421112305e+00   37   37    7    7
 3.0394043276251423e+00   37   37    8    8
 2.8191781624363541e+00   37   37    9    9
 2.2726287257763933e+00   37   37   10   10
 2.0184538573509063e+00   37   37   11   11
 2.0923853122673024e+00   37   37   12   12
 2.4809183562560824e+00   37   37   13   13
 2.7307355855295468e+00   37   37   14   14
 2.2397630786034903e+00   37   37   15   15
 1.9047191589023105e+00   37   37   16   16
 1.8458861196930973e+00   37   37   17   17
 1.2714430316052061e+00   37   37   18   18
 2.0656493506135098e+00   37   37   19   19
 2.5373758905570325e+00   37   37   20   20
 1.5357744927386920e+00   37   37   21   21
 1.4123096878608794e+00   37   37   22   22
 1.4190478147754015e+00   37   37   23   23
 1.2912115717791419e+00   37   37   24   24
 1.1859975350522591e+00   37   37   25   25
 1.2979036621991560e+00   37   37   26   26
 1.1811000382845445e+00   37   37   27   27
 1.2751619735005122e+00   37   37   28   28
 1.4181634450063589e+00   37   37   29   29
 1.2821671119933757e+00   37   37   30   30
 1.1829729587133559e+00   37   37   31   31
 1.1823820048560079e+00   37   37   32   32
 1.0758825342031899e+00   37   37   33   33
 1.2862785281178766e+00   37   37   34   34
 1.4168115437003579e+00   37   37   35   35
 4.7505794439154929e+00   37   37   36   36
 8.4208384499999998e+00   37   37   37   37
 1.8099537389529532e+00   38   38    1    1
 1.6835320011652495e+00   38   38    2    2
 1.8174296317369889e+00   38   38    3    3
 2.1701753627144384e+00   38   38    4    4
 2.4649285882571785e+00   38   38    5    5
 2.1578983191164136e+00   38   38    6    6
 4.6351250459567597e+00   38   38    7    7
 3.4662591483890268e+00   38   38    8    8
 3.0582274211464222e+00   38   38    9    9
 2.3899532998788482e+00   38   38   10   10
 2.1235829322418858e+00   38   38   11   11
 2.2230747681177552e+00   38   38   12   12
 2.7046185671723366e+00   38   38   13   13
 3.4864100007389141e+00   38   38   14   14
 2.7703022595799105e+00   38   38   15   15
 2.2783045675193483e+00   38   38   16   16
 2.1659959976141296e+00   38   38   17   17
 1.4075095226256518e+00   38   38   18   18
 2.4112397770248970e+00   38   38   19   19
 3.0507772837913780e+00   38   38   20   20
 1.4477670124450046e+00   38   38   21   21
 1.3412641634948905e+00   38   38   22   22
 1.3365681948023354e+00   38   38   23   23
 1.2269621410246561e+00   38   38   24   24
 1.1408159730484941e+00   38   38   25   25
 1.4571176380754007e+00   38   38   26   26
 1.1427847992412312e+00   38   38   27   27
 1.2287288525082245e+00   38   38   28   28
 1.3402298162705857e+00   38   38   29   29
 1.2085572918102603e+00   38   38   30   30
 1.1209079103429982e+00   38   38   31   31
 1.1283830937972150e+00   38   38   32   32
 1.0318495393503206e+00   38   38   33   33
 1.2327193998076600e+00   38   38   34   34
 1.3526332877354419e+00   38   38   35   35
 3.5555339390236389e+00   38   38   36   36
 4.7170646293142511e+00   38   38   37   37
 8.4208384499999998e+00   38   38   38   38
 1.9163959105066255e+00   39   39    1    1
 1.8247519631637132e+00   39   39    2    2
 2.0287421840010853e+00   39   39    3    3
 2.4777086931315031e+00   39   39    4    4
 2.7195658415841599e+00   39   39    5    5
 2.2706220855444252e+00   39   39    6    6
 3.5061357702679881e+00   39   39    7    7
 2.7496925564090540e+00   39   39    8    8
 2.5741431747787566e+00   39   39    9    9
 2.0889747216391483e+00   39   39   10   10
 1.8559970971708093e+00   39   39   11   11
 1.9042974348497526e+00   39   39   12   12
 2.2324616717939851e+00   39   39   13   13
 3.0903006139363347e+00   39   39   14   14
 2.6240054972869897e+00   39   39   15   15
 2.2355764676961916e+00   39   39   16   16
 2.1402672878086095e+00   39   39   17   17
 1.4034912743354637e+00   39   39   18   18
 2.3416797070317545e+00   39   39   19   19
 2.8142063118305978e+00   39   39   20   20
 1.5557011627020356e+00   39   39   21   21
 1.4398403240207007e+00   39   39   22   22
 1.4195772615295390e+00   39   39   23   23
 1.2996096801753367e+00   39   39   24   24
 1.2151628771532086e+00   39   39   25   25
 1.5058780755471053e+00   39   39   26   26
 1.2266919033863106e+00   39   39   27   27
 1.3248000746359605e+00   39   39   28   28
 1.4277749124644539e+00   39   39   29   29
 1.2712238862650331e+00   39   39   30   30
 1.1737465866051655e+00   39   39   31   31
 1.1856221184697671e+00   39   39   32   32
 1.0782266500180226e+00   39   39   33   33
 1.3078689562794816e+00   39   39   34   34
 1.4485596038491799e+00   39   39   35   35
 3.3128848804075623e+00   39   39   36   36
 3.6197068646634287e+00   39   39   37   37
 4.7186322622710035e+00   39   39   38   38
 8.4208384499999998e+00   39   39   39   39
 2.2836650790175641e+00   40   40    1    1
 2.1845573811949679e+00   40   40    2    2
 2.4893190867491057e+00   40   40    3    3
 3.1926384799281182e+00   40   40    4    4
 3.5338428224132086e+00   40   40    5    5
 2.7566633265961706e+00   40   40    6    6
 2.7053234925107104e+00   40   40    7    7
 2.2663953042046496e+00   40   40    8    8
 2.2064119743542294e+00   40   40    9    9
 1.8459038004817137e+00   40   40   10   10
 1.6385614507530122e+00   40   40   11   11
 1.6570084898813240e+00   40   40   12   12
 1.8927961273979421e+00   40   40   13   13
 2.4209963653135071e+00   40   40   14   14
 2.1205172721759640e+00   40   40   15   15
 1.8736727158753905e+00   40   40   16   16
 1.8276948511670696e+00   40   40   17   17
 1.2718269422795569e+00   40   40   18   18
 1.9942392043302748e+00   40   40   19   19
 2.3077233222622953e+00   40   40   20   20
 1.8117298307100009e+00   40   40   21   21
 1.6568410661357931e+00   40   40   22   22
 1.6218406453732399e+00   40   40   23   23
 1.4625169112971756e+00   40   40   24   24
 1.3588401664607039e+00   40   40   25   25
 1.3731169893806650e+00   40   40   26   26
 1.3776375233115636e+00   40   40   27   27
 1.5062439658035420e+00   40   40   28   28
 1.6352342475116439e+00   40   40   29   29
 1.4322324673803155e+00   40   40   30   30
 1.3064052560717059e+00   40   40   31   31
 1.3156778172385066e+00   40   40   32   32
 1.1810835297830167e+00   40   40   33   33
 1.4644484338383144e+00   40   40   34   34
 1.6523667310273535e+00   40   40   35   35
 3.6061768673499994e+00   40   40   36   36
 3.3221498776859799e+00   40   40   37   37
 3.5636771667701117e+00   40   40   38   38
 4.7554062085285018e+00   40   40   39   39
 8.4208384499999998e+00   40   40   40   40
 2.7086955896151901e+00   41   41    1    1
 2.4640063332711364e+00   41   41    2    2
 2.7171477356854119e+00   41   41    3    3
 3.5255929268059640e+00   41   41    4    4
 4.6071242101949172e+00   41   41    5    5
 3.5046730954599510e+00   41   41    6    6
 2.4729774698380078e+00   41   41    7    7
 2.1556959331972854e+00   41   41    8    8
 2.1253188119427970e+00   41   41    9    9
 1.7979256964460801e+00   41   41   10   10
 1.5953532474701297e+00   41   41   11   11
 1.6078827687738197e+00   41   41   12   12
 1.8221512977974272e+00   41   41   13   13
 2.1510544165668435e+00   41   41   14   14
 1.8700073700248001e+00   41   41   15   15
 1.6582039753678159e+00   41   41   16   16
 1.6292876134443073e+00   41   41   17   17
 1.1703086253628880e+00   41   41   18   18
 1.7921942763989320e+00   41   41   19   19
 2.0763816154301686e+00   41   41   20   20
 1.9891951408110697e+00   41   41   21   21
 1.7902717066501290e+00   41   41   22   22
 1.7696815662789664e+00   41   41   23   23
 1.5685543081665443e+00   41   41   24   24
 1.4309929205656748e+00   41   41   25   25
 1.2382436237103931e+00   41   41   26   26
 1.4401210959381756e+00   41   41   27   27
 1.5876388769339165e+00   41   41   28   28
 1.7793598921568694e+00   41   41   29   29
 1.5561013724020969e+00   41   41   30   30
 1.4048135655913718e+00   41   41   31   31
 1.4008571382398289e+00   41   41   32   32
 1.2463084874136918e+00   41   41   33   33
 1.5535693540078193e+00   41   41   34   34
 1.7697033464336802e+00   41   41   35   35
 4.7368925519347833e+00   41   41   36   36
 3.5934629473574531e+00   41   41   37   37
 3.2520986624119583e+00   41   41   38   38
 3.5896600593220716e+00   41   41   39   39
 4.7394850151871966e+00   41   41   40   40
 8.4208384499999998e+00   41   41   41   41
 1.4794318588202287e+00   42   42    1    1
 1.6721991842367736e+00   42   42    2    2
 1.7225625358275629e+00   42   42    3    3
 1.5581951976065442e+00   42   42    4    4
 1.3990467517267042e+00   42   42    5    5
 1.3716164184256103e+00   42   42    6    6
 9.6091071463157374e-01   42   42    7    7
 8.9267801150158632e-01   42   42    8    8
 8.7669072212995880e-01   42   42    9    9
 8.1456921926938219e-01   42   42   10   10
 7.7189767028795253e-01   42   42   11   11
 7.8216629736499854e-01   42   42   12   12
 8.3673795318146460e-01   42   42   13   13
 9.4327382418185524e-01   42   42   14   14
 8.8847290224354836e-01   42   42   15   15
 8.6657079980174223e-01   42   42   16   16
 8.9275633200943016e-01   42   42   17   17
 7.8181061428790533e-01   42   42   18   18
 9.4775823411348015e-01   42   42   19   19
 9.7595002774580863e-01   42   42   20   20
 1.7934807610015484e+00   42   42   21   21
 2.1644185364491286e+00   42   42   22   22
 2.4028857106175656e+00   42   42   23   23
 3.0277020081627408e+00   42   42   24   24
 3.5125112174272100e+00   42   42   25   25
 8.3178969643665412e-01   42   42   26   26
 2.8356024458662836e+00   42   42   27   27
 2.3122257026953386e+00   42   42   28   28
 1.6040204982475019e+00   42   42   29   29
 1.5864049549316468e+00   42   42   30   30
 1.4227365713939806e+00   42   42   31   31
 1.3040155404319429e+00   42   42   32   32
 1.1798516566576556e+00   42   42   33   33
 1.3082108473014264e+00   42   42   34   34
 1.4322281271081565e+00   42   42   35   35
 1.1777763946463349e+00   42   42   36   36
 1.0805816272359416e+00   42   42   37   37
 1.0508415524818071e+00   42   42   38   38
 1.1149892182323797e+00   42   42   39   39
 1.2232541295419279e+00   42   42   40   40
 1.2653071732669863e+00   42   42   41   41
 8.4208384499999998e+00   42   42   42   42
 1.5716643087309192e+00   43   43    1    1
 1.7901303122262002e+00   43   43    2    2
 1.7934195451847752e+00   43   43    3    3
 1.5875269018742209e+00   43   43    4    4
 1.4316710952422300e+00   43   43    5    5
 1.4282984761191626e+00   43   43    6    6
 9.5488089980217250e-01   43   43    7    7
 8.9163026659275391e-01   43   43    8    8
 8.8185710910468318e-01   43   43    9    9
 8.2094352518890068e-01   43   43   10   10
 7.7510224357007473e-01   43   43   11   11
 7.8141181127969861e-01   43   43   12   12
 8.3349949864194262e-01   43   43   13   13
 9.2989421008326767e-01   43   43   14   14
 8.7608406413010420e-01   43   43   15   15
 8.4970847480718015e-01   43   43   16   16
 8.6942537152705635e-01   43   43   17   17
 7.5565967181225435e-01   43   43   18   18
 9.2102655134601996e-01   43   43   19   19
 9.5435410648053332e-01   43   43   20   20
 1.9878002616803507e+00   43   43   21   21
 2.4656641020540540e+00   43   43   22   22
 2.7119617078197646e+00   43   43   23   23
 3.5159850005957072e+00   43   43   24   24
 4.5978974553833369e+00   43   43   25   25
 8.0314428699230522e-01   43   43   26   26
 3.5093113488281138e+00   43   43   27   27
 2.7093652978070639e+00   43   43   28   28
 1.7943448241494351e+00   43   43   29   29
 1.8076052637766806e+00   43   43   30   30
 1.6107403684802506e+00   43   43   31   31
 1.4531482507680493e+00   43   43   32   32
 1.3065240763659027e+00   43   43   33   33
 1.4408848159447205e+00   43   43   34   34
 1.5758085688553503e+00   43   43   35   35
 1.1888414069116131e+00   43   43   36   36
 1.0833845817745387e+00   43   43   37   37
 1.0475155411534507e+00   43   43   38   38
 1.1102027008919173e+00   43   43   39   39
 1.2249491008338018e+00   43   43   40   40
 1.2780976544136027e+00   43   43   41   41
 4.7232055452064277e+00   43   43   42   42
 8.4208384499999998e+00   43   43   43   43
 1.4330774046343338e+00   44   44    1    1
 1.6053023725113589e+00   44   44    2    2
 1.5795630112626677e+00   44   44    3    3
 1.4082227116917703e+00   44   44    4    4
 1.2900638396453161e+00   44   44    5    5
 1.3014407707249480e+00   44   44    6    6
 8.8316792035796099e-01   44   44    7    7
 8.3050752812506468e-01   44   44    8    8
 8.2430046282703129e-01   44   44    9    9
 7.7186788672865503e-01   44   44   10   10
 7.3033596591219030e-01   44   44   11   11
 7.3452083867503015e-01   44   44   12   12
 7.7943502253447761e-01   44   44   13   13
 8.5945099872785369e-01   44   44   14   14
 8.1301110842484947e-01   44   44   15   15
 7.8913985412356669e-01   44   44   16   16
 8.0524955483280969e-01   44   44   17   17
 7.0615954478602050e-01   44   44   18   18
 8.4944561920379713e-01   44   44   19   19
 8.7895282833400401e-01   44   44   20   20
 1.7993858876192177e+00   44   44   21   21
 2.1711556965894796e+00   44   44   22   22
 2.3216548971801334e+00   44   44   23   23
 2.8473488568368546e+00   44   44   24   24
 3.5167181379958654e+00   44   44   25   25
 7.4785279118227455e-01   44   44   26   26
 3.0240260769328144e+00   44   44   27   27
 2.4053703753518403e+00   44   44   28   28
 1.6816475243616611e+00   44   44   29   29
 1.7437101667737513e+00   44   44   30   30
 1.5890289483780717e+00   44   44   31   31
 1.4262683786585209e+00   44   44   32   32
 1.3007624438977796e+00   44   44   33   33
 1.3880375506838707e+00   44   44   34   34
 1.4874293699841752e+00   44   44   35   35
 1.0875813691923151e+00   44   44   36   36
 9.9637650528201160e-01   44   44   37   37
 9.6284706999116410e-01   44   44   38   38
 1.0143711354693228e+00   44   44   39   39
 1.1112416244188388e+00   44   44   40   40
 1.1594083216680824e+00   44   44   41   41
 3.5718763511199847e+00   44   44   42   42
 4.7276498584985154e+00   44   44   43   43
 8.4208384499999998e+00   44   44   44   44
 9.0323490228330094e-01   45   45    1    1
 9.0434605247387989e-01   45   45    2    2
 9.7677586631432234e-01   45   45    3    3
 1.0593639825325556e+00   45   45    4    4
 1.0539584656200716e+00   45   45    5    5
 9.6626191484211932e-01   45   45    6    6
 1.4537585130449391e+00   45   45    7    7
 1.3523642347784834e+00   45   45    8    8
 1.2354919417687387e+00   45   45    9    9
 1.1690078549879301e+00   45   45   10   10
 1.1917036581923703e+00   45   45   11   11
 1.2837639395897684e+00   45   45   12   12
 1.3712322065801972e+00   45   45   13   13
 1.6935036841043429e+00   45   45   14   14
 1.8384451675448985e+00   45   45   15   15
 2.2050481103946420e+00   45   45   16   16
 2.4822105225217852e+00   45   45   17   17
 4.7386084325563909e+00   45   45   18   18
 2.1528773631189870e+00   45   45   19   19
 1.8090903902452178e+00   45   45   20   20
 8.4031969551890806e-01   45   45   21   21
 8.2702146059648607e-01   45   45   22   22
 8.3059447258350561e-01   45   45   23   23
 8.1020765034754050e-01   45   45   24   24
 7.8755790030351358e-01   45   45   25   25
 4.7421981177282806e+00   45   45   26   26
 7.8465636268919314e-01   45   45   27   27
 8.0296921758799567e-01   45   45   28   28
 7.9203476733446321e-01   45   45   29   29
 7.4016644760625461e-01   45   45   30   30
 7.0283652408784303e-01   45   45   31   31
 7.0633026376617580e-01   45   45   32   32
 6.6659037456283798e-01   45   45   33   33
 7.4996061719226426e-01   45   45   34   34
 7.9590732477729564e-01   45   45   35   35
 1.1346627116149475e+00   45   45   36   36
 1.2186195472372878e+00   45   45   37   37
 1.3517955126242676e+00   45   45   38   38
 1.3731413128861136e+00   45   45   39   39
 1.2552641054072013e+00   45   45   40   40
 1.1474645637088337e+00   45   45   41   41
 7.8888552054499450e-01   45   45   42   42
 7.6139605792383769e-01   45   45   43   43
 7.1132773201185395e-01   45   45   44   44
 8.4208384499999998e+00   45   45   45   45
 1.2730004296620687e+00   46   46    1    1
 1.4069581747465252e+00   46   46    2    2
 1.3972381863481453e+00   46   46    3    3
 1.2672908024312735e+00   46   46    4    4
 1.1681360625845494e+00   46   46    5    5
 1.1719951671666746e+00   46   46    6    6
 8.3043556562541421e-01   46   46    7    7
 7.8202379416350787e-01   46   46    8    8
 7.7399812999532747e-01   46   46    9    9
 7.2682013016980251e-01   46   46   10   10
 6.9083549460474558e-01   46   46   11   11
 6.9634243018898145e-01   46   46   12   12
 7.3766330648355938e-01   46   46   13   13
 8.1243663343547978e-01   46   46   14   14
 7.7074957932240595e-01   46   46   15   15
 7.5168753256807097e-01   46   46   16   16
 7.6926318473952637e-01   46   46   17   17
 6.8344766900429466e-01   46   46   18   18
 8.1004815603143654e-01   46   46   19   19
 8.3353989670639439e-01   46   46   20   20
 1.5464162393347178e+00   46   46   21   21
 1.8158753417030038e+00   46   46   22   22
 1.9395898062441537e+00   46   46   23   23
 2.3223213350679339e+00   46   46   24   24
 2.7126980621314152e+00   46   46   25   25
 7.2209824380179033e-01   46   46   26   26
 2.3967695600974208e+00   46   46   27   27
 1.9796725489245417e+00   46   46   28   28
 1.4556692051258924e+00   46   46   29   29
 1.5049777940697433e+00   46   46   30   30
 1.3934743096872182e+00   46   46   31   31
 1.2661013432684196e+00   46   46   32   32
 1.1708792654948095e+00   46   46   33   33
 1.2329054811539375e+00   46   46   34   34
 1.3087989978279251e+00   46   46   35   35
 1.0035939301671428e+00   46   46   36   36
 9.2717731219738020e-01   46   46   37   37
 8.9926127398357414e-01   46   46   38   38
 9.4408833911727719e-01   46   46   39   39
 1.0252079751291345e+00   46   46   40   40
 1.0634107290900816e+00   46   46   41   41
 3.2982500282764322e+00   46   46   42   42
 3.5955800216371778e+00   46   46   43   43
 4.7375013985148771e+00   46   46   44   44
 6.8901465132517337e-01   46   46   45   45
 8.4208384499999998e+00   46   46   46   46
 1.2226179821975995e+00   47   47    1    1
 1.3480767545334948e+00   47   47    2    2
 1.3620207275976723e+00   47   47    3    3
 1.2504510839019676e+00   47   47    4    4
 1.1489192818881997e+00   47   47    5    5
 1.1394557323640198e+00   47   47    6    6
 8.3317392158540338e-01   47   47    7    7
 7.8174188840171177e-01   47   47    8    8
 7.6963080144916063e-01   47   47    9    9
 7.2164967617398346e-01   47   47   10   10
 6.8786051099170920e-01   47   47   11   11
 6.9610695903217823e-01   47   47   12   12
 7.3900199244585763e-01   47   47   13   13
 8.1999371776743046e-01   47   47   14   14
 7.7793628079540345e-01   47   47   15   15
 7.6204843716585047e-01   47   47   16   16
 7.8389965059743938e-01   47   47   17   17
 7.0145435373286569e-01   47   47   18   18
 8.2651157336899106e-01   47   47   19   19
 8.4629714449071369e-01   47   47   20   20
 1.4522308513470361e+00   47   47   21   21
 1.6917230601584765e+00   47   47   22   22
 1.8245653932944195e+00   47   47   23   23
 2.1822177058307921e+00   47   47   24   24
 2.4809584076109750e+00   47   47   25   25
 7.4136392688357089e-01   47   47   26   26
 2.1709980060008505e+00   47   47   27   27
 1.8183660949275682e+00   47   47   28   28
 1.3508855962549609e+00   47   47   29   29
 1.3732503530376869e+00   47   47   30   30
 1.2685908002861501e+00   47   47   31   31
 1.1651478768476711e+00   47   47   32   32
 1.0780433152295537e+00   47   47   33   33
 1.1476895103409919e+00   47   47   34   34
 1.2242216993932233e+00   47   47   35   35
 9.9563381882019075e-01   47   47   36   36
 9.2416305094797857e-01   47   47   37   37
 9.0000271262841491e-01   47   47   38   38
 9.4544849791277441e-01   47   47   39   39
 1.0225138147705790e+00   47   47   40   40
 1.0545239771444941e+00   47   47   41   41
 3.5734619157733358e+00   47   47   42   42
 3.2857312273365742e+00   47   47   43   43
 3.5733648272606522e+00   47   47   44   44
 7.0797925412938501e-01   47   47   45   45
 4.7433498103035774e+00   47   47   46   46
 8.4208384499999998e+00   47   47   47   47
 1.0619053574274964e+00   48   48    1    1
 9.9702096074856783e-01   48   48    2    2
 1.0179734153370794e+00   48   48    3    3
 1.1044885368043420e+00   48   48    4    4
 1.1931809090346281e+00   48   48    5    5
 1.1635719236128108e+00   48   48    6    6
 1.8571564445483177e+00   48   48    7    7
 2.2095585228594148e+00   48   48    8    8
 2.4537978995535297e+00   48   48    9    9
 3.0700447417008041e+00   48   48   10   10
 3.5257815833208941e+00   48   48   11   11
 2.8363944371272414e+00   48   48   12   12
 2.3383338085797378e+00   48   48   13   13
 1.7529247266393033e+00   48   48   14   14
 1.8617883918065417e+00   48   48   15   15
 1.6769290917679516e+00   48   48   16   16
 1.4735528621708418e+00   48   48   17   17
 1.1721669471453231e+00   48   48   18   18
 1.4194101842775391e+00   48   48   19   19
 1.5241907600188123e+00   48   48   20   20
 9.1648062832155808e-01   48   48   21   21
 8.5523941634012757e-01   48   48   22   22
 8.3950949418327281e-01   48   48   23   23
 7.8733203719906697e-01   48   48   24   24
 7.5277677550064737e-01   48   48   25   25
 1.1546289653698687e+00   48   48   26   26
 7.6315798113538302e-01   48   48   27   27
 8.1026308002916025e-01   48   48   28   28
 8.9951965881802531e-01   48   48   29   29
 8.4231532832803357e-01   48   48   30   30
 8.1765047917281808e-01   48   48   31   31
 8.4221900702716967e-01   48   48   32   32
 8.0579608946494008e-01   48   48   33   33
 9.0114737956260649e-01   48   48   34   34
 9.3342827012697716e-01   48   48   35   35
 1.3990404486073398e+00   48   48   36   36
 1.5578341988030895e+00   48   48   37   37
 1.6484107682201670e+00   48   48   38   38
 1.5201945201721279e+00   48   48   39   39
 1.3730058374153788e+00   48   48   40   40
 1.3241573002069837e+00   48   48   41   41
 7.0231841258307182e-01   48   48   42   42
 7.0645019286617050e-01   48   48   43   43
 6.6954546856977193e-01   48   48   44   44
 1.1193678509444145e+00   48   48   45   45
 6.3526977342782232e-01   48   48   46   46
 6.3166366511363592e-01   48   48   47   47
 8.4208384499999998e+00   48   48   48   48
 1.3039897462111951e+00   49   49    1    1
 1.4494677187449514e+00   49   49    2    2
 1.4887189547214488e+00   49   49    3    3
 1.3687239682090044e+00   49   49    4    4
 1.2441881033286311e+00   49   49    5    5
 1.2206290565444964e+00   49   49    6    6
 8.9230613927379943e-01   49   49    7    7
 8.3191388956534962e-01   49   49    8    8
 8.1578243697146846e-01   49   49    9    9
 7.6127954656236119e-01   49   49   10   10
 7.2486101273942594e-01   49   49   11   11
 7.3555042289721750e-01   49   49   12   12
 7.8444783989216071e-01   49   49   13   13
 8.8022372159205220e-01   49   49   14   14
 8.3247979359796298e-01   49   49   15   15
 8.1599924081929465e-01   49   49   16   16
 8.4249036549908463e-01   49   49   17   17
 7.4969109536368284e-01   49   49   18   18
 8.9165452439260007e-01   49   49   19   19
 9.1258723234556827e-01   49   49   20   20
 1.5432864780502749e+00   49   49   21   21
 1.8127734938902060e+00   49   49   22   22
 1.9827101353484988e+00   49   49   23   23
 2.4062732166972087e+00   49   49   24   24
 2.7121845826012589e+00   49   49   25   25
 7.9496996297525946e-01   49   49   26   26
 2.3112449861317210e+00   49   49   27   27
 1.9317408826570042e+00   49   49   28   28
 1.4071538492554243e+00   49   49   29   29
 1.4051293156741818e+00   49   49   30   30
 1.2817666780638906e+00   49   49   31   31
 1.1815102402503577e+00   49   49   32   32
 1.0833124706438424e+00   49   49   33   33
 1.1782799161727300e+00   49   49   34   34
 1.2726126266570250e+00   49   49   35   35
 1.0708710218905853e+00   49   49   36   36
 9.9183250671972467e-01   49   49   37   37
 9.6759985845954877e-01   49   49   38   38
 1.0211429630499225e+00   49   49   39   39
 1.1083214020451060e+00   49   49   40   40
 1.1405699781868914e+00   49   49   41   41
 4.7422661222152405e+00   49   49   42   42
 3.5955843159886238e+00   49   49   43   43
 3.2981233589243080e+00   49   49   44   44
 7.5711541667040538e-01   49   49   45   45
 3.6098372724593077e+00   49   49   46   46
 4.7385776865904417e+00   49   49   47   47
 6.6244250942469540e-01   49   49   48   48
 8.4208384499999998e+00   49   49   49   49
 9.8191895137852336e-01   50   50    1    1
 9.7122416858823990e-01   50   50    2    2
 1.0472108308808146e+00   50   50    3    3
 1.1509614655964908e+00   50   50    4    4
 1.1643521559715038e+00   50   50    5    5
 1.0646172959840907e+00   50   50    6    6
 1.7805141451601487e+00   50   50    7    7
 1.6471424549703146e+00   50   50    8    8
 1.4590796204611951e+00   50   50    9    9
 1.3683678730399655e+00   50   50   10   10
 1.4119314044529578e+00   50   50   11   11
 1.5649717764249129e+00   50   50   12   12
 1.7045789952275805e+00   50   50   13   13
 2.1498879158419282e+00   50   50   14   14
 2.3262886788467703e+00   50   50   15   15
 2.8813014411604310e+00   50   50   16   16
 3.5042970064610057e+00   50   50   17   17
 4.7404549841477230e+00   50   50   18   18
 2.9499243354909304e+00   50   50   19   19
 2.3587015931671265e+00   50   50   20   20
 8.9322070015337141e-01   50   50   21   21
 8.7307292348348886e-01   50   50   22   22
 8.8069360379101702e-01   50   50   23   23
 8.5286666746961848e-01   50   50   24   24
 8.2030311059430749e-01   50   50   25   25
 3.2971136525628917e+00   50   50   26   26
 8.1416315657972516e-01   50   50   27   27
 8.3812430365661017e-01   50   50   28   28
 8.3927073689659804e-01   50   50   29   29
 7.8264100647638568e-01   50   50   30   30
 7.4058833978925487e-01   50   50   31   31
 7.4287023636107807e-01   50   50   32   32
 6.9842809804167560e-01   50   50   33   33
 7.8991418973302407e-01   50   50   34   34
 8.4151408939110117e-01   50   50   35   35
 1.3034380365835334e+00   50   50   36   36
 1.4330676785683827e+00   50   50   37   37
 1.6042223417264008e+00   50   50   38   38
 1.5829764733539911e+00   50   50   39   39
 1.4115334357951379e+00   50   50   40   40
 1.2932039466379543e+00   50   50   41   41
 8.1341142904221087e-01   50   50   42   42
 7.8790175888006064e-01   50   50   43   43
 7.3431358722095641e-01   50   50   44   44
 3.5728237370843292e+00   50   50   45   45
 7.0793654113162896e-01   50   50   46   46
 7.2504989001614151e-01   50   50   47   47
 1.2794239932930034e+00   50   50   48   48
 7.7626186418985965e-01   50   50   49   49
 8.4208384499999998e+00   50   50   50   50
 1.1021122291827767e+00   51   51    1    1
 1.0275082877459039e+00   51   51    2    2
 1.0469939541690487e+00   51   51    3    3
 1.1408788799954910e+00   51   51    4    4
 1.2438025238751824e+00   51   51    5    5
 1.2159241908979468e+00   51   51    6    6
 2.0044007313949228e+00   51   51    7    7
 2.4664177881343470e+00   51   51    8    8
 2.7121984403276382e+00   51   51    9    9
 3.5114192659987982e+00   51   51   10   10
 4.5983624701518959e+00   51   51   11   11
 3.5087766203661528e+00   51   51   12   12
 2.7128101187856815e+00   51   51   13   13
 1.8539094260361095e+00   51   51   14   14
 1.9128513522820649e+00   51   51   15   15
 1.6988405197380059e+00   51   51   16   16
 1.5095938601795973e+00   51   51   17   17
 1.1823759709941692e+00   51   51   18   18
 1.4805446687566131e+00   51   51   19   19
 1.6132855043040819e+00   51   51   20   20
 9.4063679214973639e-01   51   51   21   21
 8.7759599523625187e-01   51   51   22   22
 8.6614777990673075e-01   51   51   23   23
 8.1127307484348710e-01   51   51   24   24
 7.7157146268445409e-01   51   51   25   25
 1.1491502810621772e+00   51   51   26   26
 7.7872932551163765e-01   51   51   27   27
 8.2674262431930789e-01   51   51   28   28
 9.1963089197377768e-01   51   51   29   29
 8.6191978742206643e-01   51   51   30   30
 8.3348799726015532e-01   51   51   31   31
 8.5408379915174748e-01   51   51   32   32
 8.1409534715232890e-01   51   51   33   33
 9.1189062800180043e-01   51   51   34   34
 9.4839154022598693e-01   51   51   35   35
 1.4980183038550410e+00   51   51   36   36
 1.6899242576466926e+00   51   51   37   37
 1.7614966316161218e+00   51   51   38   38
 1.5831639299865603e+00   51   51   39   39
 1.4244907257304722e+00   51   51   40   40
 1.3906301984099096e+00   51   51   41   41
 7.1958573940063530e-01   51   51   42   42
 7.2354331210653089e-01   51   51   43   43
 6.8494594377427076e-01   51   51   44   44
 1.1184405543484528e+00   51   51   45   45
 6.4952388139895667e-01   51   51   46   46
 6.4604723509763406e-01   51   51   47   47
 4.7177041861836688e+00   51   51   48   48
 6.7816620474348321e-01   51   51   49   49
 1.3016041218535190e+00   51   51   50   50
 8.4208384499999998e+00   51   51   51   51
 1.0605789647130008e+00   52   52    1    1
 1.0512597386517155e+00   52   52    2    2
 1.1424687228904808e+00   52   52    3    3
 1.2656159292869049e+00   52   52    4    4
 1.2765652049168739e+00   52   52    5    5
 1.1551545542996813e+00   52   52    6    6
 1.9871191333501872e+00   52   52    7    7
 1.7918845987792609e+00   52   52    8    8
 1.5835834571831133e+00   52   52    9    9
 1.4617797313247491e+00   52   52   10   10
 1.4831302863965834e+00   52   52   11   11
 1.6306915984524670e+00   52   52   12   12
 1.8048136923719955e+00   52   52   13   13
 2.4650344827612631e+00   52   52   14   14
 2.7193361366707913e+00   52   52   15   15
 3.5339958165829590e+00   52   52   16   16
 4.5955872521698211e+00   52   52   17   17
 3.5975538290934033e+00   52   52   18   18
 3.4913727138082478e+00   52   52   19   19
 2.7022914618496627e+00   52   52   20   20
 9.6125966345013159e-01   52   52   21   21
 9.3652364062489302e-01   52   52   22   22
 9.4084493445219497e-01   52   52   23   23
 9.0728444556960619e-01   52   52   24   24
 8.7254957666048505e-01   52   52   25   25
 3.5961247363131266e+00   52   52   26   26
 8.6911336164485842e-01   52   52   27   27
 8.9826498220172701e-01   52   52   28   28
 9.0048055426557128e-01   52   52   29   29
 8.3459792064540306e-01   52   52   30   30
 7.8786771126903110e-01   52   52   31   31
 7.9196157648899912e-01   52   52   32   32
 7.4213267044640574e-01   52   52   33   33
 8.4654157745107850e-01   52   52   34   34
 9.0539576299877877e-01   52   52   35   35
 1.4239391220202653e+00   52   52   36   36
 1.5686851544192919e+00   52   52   37   37
 1.7943680280441807e+00   52   52   38   38
 1.8030664690763143e+00   52   52   39   39
 1.5888215566029575e+00   52   52   40   40
 1.4288225073688854e+00   52   52   41   41
 8.6015933157402080e-01   52   52   42   42
 8.3398224054627645e-01   52   52   43   43
 7.7429610814780969e-01   52   52   44   44
 3.2874876010544494e+00   52   52   45   45
 7.4355872411563972e-01   52   52   46   46
 7.6057805867500938e-01   52   52   47   47
 1.3335241003989202e+00   52   52   48   48
 8.1669745325135179e-01   52   52   49   49
 4.7271038256935478e+00   52   52   50   50
 1.3507906423672138e+00   52   52   51   51
 8.4208384499999998e+00   52   52   52   52
 1.0392897039297881e+00   53   53    1    1
 9.6798068973062790e-01   53   53    2    2
 9.8054899695809850e-01   53   53    3    3
 1.0615579222370508e+00   53   53    4    4
 1.1558971002041576e+00   53   53    5    5
 1.1395998982898932e+00   53   53    6    6
 1.7709470302764709e+00   53   53    7    7
 2.1313341821410248e+00   53   53    8    8
 2.2756593566667260e+00   53   53    9    9
 2.7977659091565137e+00   53   53   10   10
 3.4986444033210309e+00   53   53   11   11
 3.0297854001261122e+00   53   53   12   12
 2.3865448172133172e+00   53   53   13   13
 1.6485029369653714e+00   53   53   14   14
 1.6758485375416801e+00   53   53   15   15
 1.5156849335160378e+00   53   53   16   16
 1.3745340204870604e+00   53   53   17   17
 1.1107967678406450e+00   53   53   18   18
 1.3590294627240913e+00   53   53   19   19
 1.4702827411821153e+00   53   53   20   20
 8.9101303329867310e-01   53   53   21   21
 8.3403752898011030e-01   53   53   22   22
 8.2642585757294640e-01   53   53   23   23
 7.7624260653500354e-01   53   53   24   24
 7.3770459485207840e-01   53   53   25   25
 1.0653425366974094e+00   53   53   26   26
 7.4227202643632895e-01   53   53   27   27
 7.8570413061816913e-01   53   53   28   28
 8.7301498570682523e-01   53   53   29   29
 8.2366889808961274e-01   53   53   30   30
 7.9823821759419689e-01   53   53   31   31
 8.1539566383642392e-01   53   53   32   32
 7.7974713669234064e-01   53   53   33   33
 8.6492400816742554e-01   53   53   34   34
 8.9642350659558923e-01   53   53   35   35
 1.3866295400182760e+00   53   53   36   36
 1.5484771502062005e+00   53   53   37   37
 1.5803387317302326e+00   53   53   38   38
 1.4198297134140978e+00   53   53   39   39
 1.2939405155751844e+00   53   53   40   40
 1.2797095236844200e+00   53   53   41   41
 6.8974625327934724e-01   53   53   42   42
 6.9379406827115364e-01   53   53   43   43
 6.5878609290547707e-01   53   53   44   44
 1.0466631170564997e+00   53   53   45   45
 6.2603346094733603e-01   53   53   46   46
 6.2250951018158496e-01   53   53   47   47
 3.5720485427536248e+00   53   53   48   48
 6.5182172421452533e-01   53   53   49   49
 1.2148806072520157e+00   53   53   50   50
 4.7268008263059631e+00   53   53   51   51
 1.2437424582228425e+00   53   53   52   52
 8.4208384499999998e+00   53   53   53   53
 9.7579283202639133e-01   54   54    1    1
 9.1955919968004007e-01   54   54    2    2
 9.3515323656503258e-01   54   54    3    3
 1.0060341964389001e+00   54   54    4    4
 1.0797540063482725e+00   54   54    5    5
 1.0590651495527876e+00   54   54    6    6
 1.5874222071913169e+00   54   54    7    7
 1.8395770884193221e+00   54   54    8    8
 2.0069771230664704e+00   54   54    9    9
 2.4177721147148725e+00   54   54   10   10
 2.7172043601084801e+00   54   54   11   11
 2.3170520632167979e+00   54   54   12   12
 1.9503836986945275e+00   54   54   13   13
 1.5181111161528273e+00   54   54   14   14
 1.6117468306953575e+00   54   54   15   15
 1.4861325962121912e+00   54   54   16   16
 1.3229305652654455e+00   54   54   17   17
 1.0943513069119277e+00   54   54   18   18
 1.2707069376869911e+00   54   54   19   19
 1.3460940943525852e+00   54   54   20   20
 8.5180550037980340e-01   54   54   21   21
 7.9735700736368997e-01   54   54   22   22
 7.8247910541898169e-01   54   54   23   23
 7.3633854329565163e-01   54   54   24   24
 7.0623613644017302e-01   54   54   25   25
 1.0738541896817926e+00   54   54   26   26
 7.1629490261781381e-01   54   54   27   27
 7.5846630991950637e-01   54   54   28   28
 8.4001402348015919e-01   54   54   29   29
 7.9088016070877665e-01   54   54   30   30
 7.7145291701445950e-01   54   54   31   31
 7.9539667500439326e-01   54   54   32   32
 7.6555177399751517e-01   54   54   33   33
 8.4712994588742685e-01   54   54   34   34
 8.7202067187863364e-01   54   54   35   35
 1.2435141668628806e+00   54   54   36   36
 1.3653859159161605e+00   54   54   37   37
 1.4312561339523662e+00   54   54   38   38
 1.3349846391352702e+00   54   54   39   39
 1.2214301652258941e+00   54   54   40   40
 1.1834234444410805e+00   54   54   41   41
 6.6058831594675704e-01   54   54   42   42
 6.6488975284267704e-01   54   54   43   43
 6.3246602077217007e-01   54   54   44   44
 1.0481002524712932e+00   54   54   45   45
 6.0149715155698980e-01   54   54   46   46
 5.9777785257150273e-01   54   54   47   47
 4.7428837598424183e+00   54   54   48   48
 6.2502017461569936e-01   54   54   49   49
 1.1802747649471566e+00   54   54   50   50
 3.5923127479137746e+00   54   54   51   51
 1.2177933358548587e+00   54   54   52   52
 3.2991150355764143e+00   54   54   53   53
 8.4208384499999998e+00   54   54   54   54
 9.3136147775803702e-01   55   55    1    1
 8.7614001239470518e-01   55   55    2    2
 8.8695286453586830e-01   55   55    3    3
 9.5055134119241391e-01   55   55    4    4
 1.0209865884111611e+00   55   55    5    5
 1.0075768650681109e+00   55   55    6    6
 1.4672260099915124e+00   55   55    7    7
 1.6948093433015465e+00   55   55    8    8
 1.8212077034818890e+00   55   55    9    9
 2.1701961440584112e+00   55   55   10   10
 2.4792418474403410e+00   55   55   11   11
 2.1785645409925922e+00   55   55   12   12
 1.8258293553424918e+00   55   55   13   13
 1.4015988787705920e+00   55   55   14   14
 1.4653998666624841e+00   55   55   15   15
 1.3605645065850096e+00   55   55   16   16
 1.2300120992848971e+00   55   55   17   17
 1.0368001618002032e+00   55   55   18   18
 1.1919763786551869e+00   55   55   19   19
 1.2606772367060772e+00   55   55   20   20
 8.1436469798538413e-01   55   55   21   21
 7.6415401911558989e-01   55   55   22   22
 7.5264442009714994e-01   55   55   23   23
 7.0965383190778231e-01   55   55   24   24
 6.7983278449183526e-01   55   55   25   25
 1.0046806998596398e+00   55   55   26   26
 6.8750848748511428e-01   55   55   27   27
 7.2632341185800031e-01   55   55   28   28
 8.0398626271273188e-01   55   55   29   29
 7.6090716251587454e-01   55   55   30   30
 7.4315450778362124e-01   55   55   31   31
 7.6383179729379713e-01   55   55   32   32
 7.3675548731934304e-01   55   55   33   33
 8.0910501421064718e-01   55   55   34   34
 8.3114012010728866e-01   55   55   35   35
 1.1781024242712688e+00   55   55   36   36
 1.2886194412608054e+00   55   55   37   37
 1.3309408475710138e+00   55   55   38   38
 1.2341753245792095e+00   55   55   39   39
 1.1370326874435701e+00   55   55   40   40
 1.1133691984383325e+00   55   55   41   41
 6.3710589428125897e-01   55   55   42   42
 6.4141813667479242e-01   55   55   43   43
 6.1153243473279872e-01   55   55   44   44
 9.8836114165479017e-01   55   55   45   45
 5.8253186711470151e-01   55   55   46   46
 5.7881449877371205e-01   55   55   47   47
 3.5732507592469389e+00   55   55   48   48
 6.0404082181372498e-01   55   55   49   49
 1.1145175981326481e+00   55   55   50   50
 3.2817962333122708e+00   55   55   51   51
 1.1379714359138766e+00   55   55   52   52
 3.5722347223247870e+00   55   55   53   53
 4.7405115492897272e+00   55   55   54   54
 8.4208384499999998e+00   55   55   55   55
 1.0491047785699243e+00   56   56    1    1
 1.0497103816839950e+00   56   56    2    2
 1.1467280892245271e+00   56   56    3    3
 1.2633097033529082e+00   56   56    4    4
 1.2570078502030853e+00   56   56    5    5
 1.1343726578703615e+00   56   56    6    6
 1.8139599194738705e+00   56   56    7    7
 1.6340361561047307e+00   56   56    8    8
 1.4774314676579698e+00   56   56    9    9
 1.3662019164250683e+00   56   56   10   10
 1.3680671835786404e+00   56   56   11   11
 1.4726104600607364e+00   56   56   12   12
 1.6124640045491976e+00   56   56   13   13
 2.1880941513860743e+00   56   56   14   14
 2.4220639307949976e+00   56   56   15   15
 3.0354978559847434e+00   56   56   16   16
 3.5270248476264037e+00   56   56   17   17
 3.2987077630369623e+00   56   56   18   18
 2.8644561182167361e+00   56   56   19   19
 2.3396099073167802e+00   56   56   20   20
 9.6372859924996213e-01   56   56   21   21
 9.4168778463964964e-01   56   56   22   22
 9.4145226318325193e-01   56   56   23   23
 9.1020449947437565e-01   56   56   24   24
 8.8115656154578992e-01   56   56   25   25
 4.7391575309635181e+00   56   56   26   26
 8.8144008898310533e-01   56   56   27   27
 9.0947130147318866e-01   56   56   28   28
 9.0319442942613226e-01   56   56   29   29
 8.3567869624222424e-01   56   56   30   30
 7.8963927147582569e-01   56   56   31   31
 7.9549456793990814e-01   56   56   32   32
 7.4592689547796798e-01   56   56   33   33
 8.5180269299237121e-01   56   56   34   34
 9.1065982546055235e-01   56   56   35   35
 1.3602905868778559e+00   56   56   36   36
 1.4730846444228636e+00   56   56   37   37
 1.6830592968671931e+00   56   56   38   38
 1.7432888473736767e+00   56   56   39   39
 1.5610468362688088e+00   56   56   40   40
 1.3906483097613629e+00   56   56   41   41
 8.7145246484110639e-01   56   56   42   42
 8.4344133807833976e-01   56   56   43   43
 7.8259544515068069e-01   56   56   44   44
 3.5746598375233885e+00   56   56   45   45
 7.5208653150736049e-01   56   56   46   46
 7.7031415137142045e-01   56   56   47   47
 1.2564242335833253e+00   56   56   48   48
 8.2795341091694730e-01   56   56   49   49
 3.5722955620942916e+00   56   56   50   50
 1.2566404405426488e+00   56   56   51   51
 4.7274789313642973e+00   56   56   52   52
 1.1547151042503077e+00   56   56   53   53
 1.1543274742288094e+00   56   56   54   54
 1.0741697052964638e+00   56   56   55   55
 8.4208384499999998e+00   56   56   56   56
 1.5615310305935151e+00   57   57    1    1
 1.6156371258019191e+00   57   57    2    2
 1.4613000720863294e+00   57   57    3    3
 1.3236850968383891e+00   57   57    4    4
 1.2979700195785493e+00   57   57    5    5
 1.3966592721914486e+00   57   57    6    6
 9.0649621810244319e-01   57   57    7    7
 8.8485088563443459e-01   57   57    8    8
 9.2502188280428665e-01   57   57    9    9
 8.8729962757446768e-01   57   57   10   10
 8.2064554091533692e-01   57   57   11   11
 7.9278563830439153e-01   57   57   12   12
 8.1958606395507716e-01   57   57   13   13
 8.5525867791539056e-01   57   57   14   14
 8.2597156504740765e-01   57   57   15   15
 7.8308160807679317e-01   57   57   16   16
 7.6609313799107603e-01   57   57   17   17
 6.5157503603225675e-01   57   57   18   18
 7.8775107991101612e-01   57   57   19   19
 8.3132730184906223e-01   57   57   20   20
 1.8078664362277328e+00   57   57   21   21
 1.6772261206275192e+00   57   57   22   22
 1.4760938890269075e+00   57   57   23   23
 1.3668711262398401e+00   57   57   24   24
 1.3960773830566269e+00   57   57   25   25
 6.9360282354431668e-01   57   57   26   26
 1.5581778144226224e+00   57   57   27   27
 1.7313041905236348e+00   57   57   28   28
 2.1713237933743632e+00   57   57   29   29
 2.3155315840487356e+00   57   57   30   30
 2.8320714698922487e+00   57   57   31   31
 3.5136833606815450e+00   57   57   32   32
 4.7214147449971202e+00   57   57   33   33
 3.0355378672768647e+00   57   57   34   34
 2.4140614456924627e+00   57   57   35   35
 1.1019851878745994e+00   57   57   36   36
 1.0143660262543612e+00   57   57   37   37
 9.8251113754591091e-01   57   57   38   38
 1.0317740249967244e+00   57   57   39   39
 1.1250289150152517e+00   57   57   40   40
 1.1714455789717093e+00   57   57   41   41
 1.1456945805289511e+00   57   57   42   42
 1.2632213336918587e+00   57   57   43   43
 1.2628380856505816e+00   57   57   44   44
 6.5578626946627849e-01   57   57   45   45
 1.1442964464526142e+00   57   57   46   46
 1.0554965395967684e+00   57   57   47   47
 7.7991560930029025e-01   57   57   48   48
 1.0578161179943320e+00   57   57   49   49
 6.8230076495411640e-01   57   57   50   50
 7.8372163375118808e-01   57   57   51   51
 7.2522388129958804e-01   57   57   52   52
 7.4948960176998791e-01   57   57   53   53
 7.4295255044570441e-01   57   57   54   54
 7.1361112992534370e-01   57   57   55   55
 7.3225026432863505e-01   57   57   56   56
 8.4208384499999998e+00   57   57   57   57
 1.3746551475223197e+00   58   58    1    1
 1.4088841337926361e+00   58   58    2    2
 1.2886102565727031e+00   58   58    3    3
 1.1820758130237294e+00   58   58    4    4
 1.1651830302255506e+00   58   58    5    5
 1.2476281076495110e+00   58   58    6    6
 8.4514865873486755e-01   58   58    7    7
 8.2917318387882899e-01   58   58    8    8
 8.6750158629968777e-01   58   58    9    9
 8.3759165580986628e-01   58   58   10   10
 7.7794511853622994e-01   58   58   11   11
 7.5049968707358106e-01   58   58   12   12
 7.7207593699774835e-01   58   58   13   13
 7.9941164291263056e-01   58   58   14   14
 7.7509591712869697e-01   58   58   15   15
 7.3664570430848086e-01   58   58   16   16
 7.2003022180974741e-01   58   58   17   17
 6.1767334665096196e-01   58   58   18   18
 7.3803885520185064e-01   58   58   19   19
 7.7661308100380078e-01   58   58   20   20
 1.5523782095571721e+00   58   58   21   21
 1.4583747960679136e+00   58   58   22   22
 1.3069563677751894e+00   58   58   23   23
 1.2246777981840051e+00   58   58   24   24
 1.2523152835260813e+00   58   58   25   25
 6.5579445952288606e-01   58   58   26   26
 1.3808491184037563e+00   58   58   27   27
 1.5047110447511858e+00   58   58   28   28
 1.8158721490803866e+00   58   58   29   29
 1.9382493435680641e+00   58   58   30   30
 2.3177498756912769e+00   58   58   31   31
 2.7117901569233709e+00   58   58   32   32
 3.5929473278200219e+00   58   58   33   33
 2.3980359488163332e+00   58   58   34   34
 1.9825190924084668e+00   58   58   35   35
 1.0091568225732150e+00   58   58   36   36
 9.3657502847552587e-01   58   58   37   37
 9.0920481099447059e-01   58   58   38   38
 9.4981482025706232e-01   58   58   39   39
 1.0262232239239013e+00   58   58   40   40
 1.0643884127590599e+00   58   58   41   41
 1.0495025149575070e+00   58   58   42   42
 1.1499772066941394e+00   58   58   43   43
 1.1589962879850570e+00   58   58   44   44
 6.2167793908214675e-01   58   58   45   45
 1.0622809810253779e+00   58   58   46   46
 9.8210762142466601e-01   58   58   47   47
 7.4524824549813407e-01   58   58   48   48
 9.7856208090567842e-01   58   58   49   49
 6.4522168811459646e-01   58   58   50   50
 7.4724301424405837e-01   58   58   51   51
 6.8363579580749478e-01   58   58   52   52
 7.1693742619969747e-01   58   58   53   53
 7.1346102581102477e-01   58   58   54   54
 6.8696032767684034e-01   58   58   55   55
 6.9012867442525239e-01   58   58   56   56
 4.7406388676737166e+00   58   58   57   57
 8.4208384499999998e+00   58   58   58   58
 1.3167093395585354e+00   59   59    1    1
 1.3291599669284562e+00   59   59    2    2
 1.2106769029136730e+00   59   59    3    3
 1.1188918439407016e+00   59   59    4    4
 1.1142907694642707e+00   59   59    5    5
 1.2009850513393874e+00   59   59    6    6
 8.2064874043741243e-01   59   59    7    7
 8.0935834063213852e-01   59   59    8    8
 8.4793271561413797e-01   59   59    9    9
 8.2234828089731438e-01   59   59   10   10
 7.6542131847533612e-01   59   59   11   11
 7.3755758245115166e-01   59   59   12   12
 7.5624483973676893e-01   59   59   13   13
 7.7439539852731443e-01   59   59   14   14
 7.5009966613834334e-01   59   59   15   15
 7.1205043124698297e-01   59   59   16   16
 6.9571277474273463e-01   59   59   17   17
 5.9789804087757614e-01   59   59   18   18
 7.1365104998993290e-01   59   59   19   19
 7.5189761246916331e-01   59   59   20   20
 1.4526061909431502e+00   59   59   21   21
 1.3637619420905440e+00   59   59   22   22
 1.2397369387125279e+00   59   59   23   23
 1.1628514437450350e+00   59   59   24   24
 1.1780693465150158e+00   59   59   25   25
 6.3109011680458738e-01   59   59   26   26
 1.2802534473481213e+00   59   59   27   27
 1.3867931126358142e+00   59   59   28   28
 1.6884561731968550e+00   59   59   29   29
 1.8262545503272074e+00   59   59   30   30
 2.1853396161484424e+00   59   59   31   31
 2.4787970015866945e+00   59   59   32   32
 3.2818620953829858e+00   59   59   33   33
 2.1621153147515719e+00   59   59   34   34
 1.8132437733432425e+00   59   59   35   35
 9.7932958475043330e-01   59   59   36   36
 9.1096358300780789e-01   59   59   37   37
 8.8017843467863788e-01   59   59   38   38
 9.1231145427513771e-01   59   59   39   39
 9.8118814535644649e-01   59   59   40   40
 1.0229967721211897e+00   59   59   41   41
 9.9392354248184278e-01   59   59   42   42
 1.0868327447593056e+00   59   59   43   43
 1.0992609520407475e+00   59   59   44   44
 6.0008596017894900e-01   59   59   45   45
 1.0121599014991010e+00   59   59   46   46
 9.3635766421337385e-01   59   59   47   47
 7.3381599092913685e-01   59   59   48   48
 9.3042561779113475e-01   59   59   49   49
 6.2484608438741651e-01   59   59   50   50
 7.3736474024217125e-01   59   59   51   51
 6.6007117951195438e-01   59   59   52   52
 7.1053513816324199e-01   59   59   53   53
 7.0430608430926989e-01   59   59   54   54
 6.8080895128062435e-01   59   59   55   55
 6.6395586202803214e-01   59   59   56   56
 3.5724494049325046e+00   59   59   57   57
 4.7406244911819240e+00   59   59   58   58
 8.4208384499999998e+00   59   59   59   59
 9.5861061210096887e-01   60   60    1    1
 8.9719545498858333e-01   60   60    2    2
 9.0661564577350218e-01   60   60    3    3
 9.7411915205515520e-01   60   60    4    4
 1.0526520627435305e+00   60   60    5    5
 1.0413768379264341e+00   60   60    6    6
 1.5348642938347461e+00   60   60    7    7
 1.7960989595532346e+00   60   60    8    8
 1.9129069339157319e+00   60   60    9    9
 2.2917238227993839e+00   60   60   10   10
 2.7052227687332846e+00   60   60   11   11
 2.4052486864145104e+00   60   60   12   12
 1.9747095527659893e+00   60   60   13   13
 1.4513604728579943e+00   60   60   14   14
 1.4914460822962945e+00   60   60   15   15
 1.3741631937076211e+00   60   60   16   16
 1.2518904387126328e+00   60   60   17   17
 1.0448489833706422e+00   60   60   18   18
 1.2279197189701729e+00   60   60   19   19
 1.3095196975384908e+00   60   60   20   20
 8.3173333940951844e-01   60   60   21   21
 7.8047617742920461e-01   60   60   22   22
 7.7205888762319141e-01   60   60   23   23
 7.2740296192272580e-01   60   60   24   24
 6.9398811867793486e-01   60   60   25   25
 1.0024531435362363e+00   60   60   26   26
 6.9930536764850837e-01   60   60   27   27
 7.3865673621092309e-01   60   60   28   28
 8.1883897695220709e-01   60   60   29   29
 7.7575770329911875e-01   60   60   30   30
 7.5548558256228582e-01   60   60   31   31
 7.7324712793357775e-01   60   60   32   32
 7.4365944221163893e-01   60   60   33   33
 8.1758171383757183e-01   60   60   34   34
 8.4238368802737529e-01   60   60   35   35
 1.2348833193735615e+00   60   60   36   36
 1.3590144202124590e+00   60   60   37   37
 1.3876722532439802e+00   60   60   38   38
 1.2678718001107250e+00   60   60   39   39
 1.1665416430759810e+00   60   60   40   40
 1.1523203032805722e+00   60   60   41   41
 6.5027344402819143e-01   60   60   42   42
 6.5449736800357083e-01   60   60   43   43
 6.2353566005517291e-01   60   60   44   44
 9.8888420401591348e-01   60   60   45   45
 5.9377022210436681e-01   60   60   46   46
 5.9012339312091822e-01   60   60   47   47
 3.2991205997448265e+00   60   60   48   48
 6.1621772770284844e-01   60   60   49   49
 1.1300693754121520e+00   60   60   50   50
 3.5934349893569828e+00   60   60   51   51
 1.1499328165010676e+00   60   60   52   52
 4.7371681457945050e+00   60   60   53   53
 3.6121266406307502e+00   60   60   54   54
 4.7431655134440946e+00   60   60   55   55
 1.0758407365989087e+00   60   60   56   56
 7.1713351583560070e-01   60   60   57   57
 6.8908825207288316e-01   60   60   58   58
 6.8414508602021573e-01   60   60   59   59
 8.4208384499999998e+00   60   60   60   60
 1.4107438173324200e+00   61   61    1    1
 1.4063982022362100e+00   61   61    2    2
 1.2637162434684119e+00   61   61    3    3
 1.1671425780753810e+00   61   61    4    4
 1.1721934954488358e+00   61   61    5    5
 1.2794088363481440e+00   61   61    6    6
 8.5089301128152073e-01   61   61    7    7
 8.4045955301969422e-01   61   61    8    8
 8.8133572229034918e-01   61   61    9    9
 8.5395625890062177e-01   61   61   10   10
 7.9358898941053158e-01   61   61   11   11
 7.6464332282794067e-01   61   61   12   12
 7.8461577207915201e-01   61   61   13   13
 7.9885011008427709e-01   61   61   14   14
 7.7017278281713619e-01   61   61   15   15
 7.2852835549774142e-01   61   61   16   16
 7.1204266007612904e-01   61   61   17   17
 6.0844845042476203e-01   61   61   18   18
 7.3309493227035127e-01   61   61   19   19
 7.7551895922692082e-01   61   61   20   20
 1.5382589968246843e+00   61   61   21   21
 1.4299580951150273e+00   61   61   22   22
 1.3052750618837541e+00   61   61   23   23
 1.2142932757610021e+00   61   61   24   24
 1.2155002308156739e+00   61   61   25   25
 6.3964977153584901e-01   61   61   26   26
 1.3108468597462744e+00   61   61   27   27
 1.4293812285877532e+00   61   61   28   28
 1.8057959200449205e+00   61   61   29   29
 1.9880808107445227e+00   61   61   30   30
 2.4194574211480759e+00   61   61   31   31
 2.7096411132967058e+00   61   61   32   32
 3.5930199338287796e+00   61   61   33   33
 2.2929983248008052e+00   61   61   34   34
 1.9191725010001714e+00   61   61   35   35
 1.0313435587307909e+00   61   61   36   36
 9.5490359447993312e-01   61   61   37   37
 9.1549842887550337e-01   61   61   38   38
 9.4448049946515067e-01   61   61   39   39
 1.0181973085509899e+00   61   61   40   40
 1.0718442333039533e+00   61   61   41   41
 1.0164766000972567e+00   61   61   42   42
 1.1144446320821479e+00   61   61   43   43
 1.1243796538819397e+00   61   61   44   44
 6.0880176666374941e-01   61   61   45   45
 1.0308392369240489e+00   61   61   46   46
 9.5244754441301638e-01   61   61   47   47
 7.5563941071691043e-01   61   61   48   48
 9.4813052238809181e-01   61   61   49   49
 6.3759600760893598e-01   61   61   50   50
 7.6281489685493509e-01   61   61   51   51
 6.7324040431605914e-01   61   61   52   52
 7.3640755240802680e-01   61   61   53   53
 7.2383167182224817e-01   61   61   54   54
 7.0110926965826004e-01   61   61   55   55
 6.7466077219641452e-01   61   61   56   56
 3.2989368143016913e+00   61   61   57   57
 3.6119554169223944e+00   61   61   58   58
 4.7426166517037496e+00   61   61   59   59
 7.0730479103159427e-01   61   61   60   60
 8.4208384499999998e+00   61   61   61   61
 1.6178787944137536e+00   62   62    1    1
 1.6118852244503539e+00   62   62    2    2
 1.4239004773590878e+00   62   62    3    3
 1.3020605665399176e+00   62   62    4    4
 1.3080521159364400e+00   62   62    5    5
 1.4436655825817184e+00   62   62    6    6
 9.1371520845108944e-01   62   62    7    7
 8.9888891150135697e-01   62   62    8    8
 9.4219212008058439e-01   62   62    9    9
 9.0721325505921979e-01   62   62   10   10
 8.3943378346241715e-01   62   62   11   11
 8.0985071077525883e-01   62   62   12   12
 8.3494731077864393e-01   62   62   13   13
 8.5448900330794142e-01   62   62   14   14
 8.1979588859008679e-01   62   62   15   15
 7.7304917797201167e-01   62   62   16   16
 7.5621275671860788e-01   62   62   17   17
 6.4049826013172029e-01   62   62   18   18
 7.8156158389878838e-01   62   62   19   19
 8.2990964723900973e-01   62   62   20   20
 1.7848074333043555e+00   62   62   21   21
 1.6327792293567664e+00   62   62   22   22
 1.4739969685482288e+00   62   62   23   23
 1.3523384117533099e+00   62   62   24   24
 1.3441918488703986e+00   62   62   25   25
 6.7411610052220161e-01   62   62   26   26
 1.4562678568618961e+00   62   62   27   27
 1.6146819464322559e+00   62   62   28   28
 2.1534261856500665e+00   62   62   29   29
 2.4110636258187883e+00   62   62   30   30
 3.0531357350840302e+00   62   62   31   31
 3.5096787478724800e+00   62   62   32   32
 4.7241883138460743e+00   62   62   33   33
 2.8075799030824848e+00   62   62   34   34
 2.2934394731411891e+00   62   62   35   35
 1.1320010616174028e+00   62   62   36   36
 1.0384410939425093e+00   62   62   37   37
 9.9062884836984799e-01   62   62   38   38
 1.0246664437401749e+00   62   62   39   39
 1.1140747022712298e+00   62   62   40   40
 1.1817087186724580e+00   62   62   41   41
 1.1021309001869621e+00   62   62   42   42
 1.2154407613502227e+00   62   62   43   43
 1.2174693778744961e+00   62   62   44   44
 6.4035540815709913e-01   62   62   45   45
 1.1045277098407431e+00   62   62   46   46
 1.0182337142940203e+00   62   62   47   47
 7.9201033493883066e-01   62   62   48   48
 1.0188801976848016e+00   62   62   49   49
 6.7305966753393665e-01   62   62   50   50
 8.0207449172265777e-01   62   62   51   51
 7.1251658954140373e-01   62   62   52   52
 7.7226166649091499e-01   62   62   53   53
 7.5483541149968425e-01   62   62   54   54
 7.2976754356480533e-01   62   62   55   55
 7.1338006010132293e-01   62   62   56   56
 3.5723531794578283e+00   62   62   57   57
 3.2992274859545785e+00   62   62   58   58
 3.5726696145361574e+00   62   62   59   59
 7.3811928423411899e-01   62   62   60   60
 4.7387146159852485e+00   62   62   61   61
 8.4208384499999998e+00   62   62   62   62
 5.4293543392678920e+00   63   63    1    1
 4.4176142014526310e+00   63   63    2    2
 3.5716402437802008e+00   63   63    3    3
 3.3273718802464969e+00   63   63    4    4
 3.5850838199535504e+00   63   63    5    5
 4.4757941108429664e+00   63   63    6    6
 2.0145036406815344e+00   63   63    7    7
 1.9409580214594357e+00   63   63    8    8
 2.0071035935430417e+00   63   63    9    9
 1.8628653569972655e+00   63   63   10   10
 1.6988974100165928e+00   63   63   11   11
 1.6640169478468079e+00   63   63   12   12
 1.7638461480360343e+00   63   63   13   13
 1.8347332247197299e+00   63   63   14   14
 1.7000652219113566e+00   63   63   15   15
 1.5729808148173585e+00   63   63   16   16
 1.5493568968626166e+00   63   63   17   17
 1.2520445159558733e+00   63   63   18   18
 1.6434809217104394e+00   63   63   19   19
 1.7913334571690058e+00   63   63   20   20
 4.1415119383286960e+00   63   63   21   21
 3.4077372387948430e+00   63   63   22   22
 3.2304847290303216e+00   63   63   23   23
 2.7267777317237543e+00   63   63   24   24
 2.4687469800569173e+00   63   63   25   25
 1.3070438828366100e+00   63   63   26   26
 2.5311157621357832e+00   63   63   27   27
 2.9016581830060719e+00   63   63   28   28
 4.1599451002686170e+00   63   63   29   29
 3.7822468984851505e+00   63   63   30   30
 3.3374790594353057e+00   63   63   31   31
 3.1913348729276425e+00   63   63   32   32
 2.7190918862829041e+00   63   63   33   33
 3.4053990511583478e+00   63   63   34   34
 3.8760724412585805e+00   63   63   35   35
 2.9137913514979741e+00   63   63   36   36
 2.5082102963981079e+00   63   63   37   37
 2.2804649890139728e+00   63   63   38   38
 2.3411900602658360e+00   63   63   39   39
 2.6472366144604389e+00   63   63   40   40
 3.0350955647536302e+00   63   63   41   41
 2.0028714857719407e+00   63   63   42   42
 2.1474168345191811e+00   63   63   43   43
 2.0163918698015255e+00   63   63   44   44
 1.2375231377979685e+00   63   63   45   45
 1.8086711270568880e+00   63   63   46   46
 1.7216128225911111e+00   63   63   47   47
 1.5128369651567068e+00   63   63   48   48
 1.7995259772933050e+00   63   63   49   49
 1.3386774488280180e+00   63   63   50   50
 1.5695067603907595e+00   63   63   51   51
 1.4280217935104984e+00   63   63   52   52
 1.4991291491632821e+00   63   63   53   53
 1.4064732778273199e+00   63   63   54   54
 1.3552052898487852e+00   63   63   55   55
 1.4087736648685569e+00   63   63   56   56
 2.4021755125032040e+00   63   63   57   57
 2.1382588227773036e+00   63   63   58   58
 2.0891216211164401e+00   63   63   59   59
 1.3957574940737598e+00   63   63   60   60
 2.2776697326047892e+00   63   63   61   61
 2.6206931119465842e+00   63   63   62   62
 9.6429912899999994e+00   63   63   63   63
 3.5665946405277702e+00   64   64    1    1
 4.4049465893328295e+00   64   64    2    2
 5.4279669332199560e+00   64   64    3    3
 4.4879081730990764e+00   64   64    4    4
 3.5902767652137437e+00   64   64    5    5
 3.3243615623419989e+00   64   64    6    6
 2.0297162418494410e+00   64   64    7    7
 1.8552079290209096e+00   64   64    8    8
 1.8478569291523228e+00   64   64    9    9
 1.6824713662567472e+00   64   64   10   10
 1.5548958378104072e+00   64   64   11   11
 1.5569360109318260e+00   64   64   12   12
 1.6830175828144815e+00   64   64   13   13
 1.9525518032937879e+00   64   64   14   14
 1.8290540837005549e+00   64   64   15   15
 1.7431142753305056e+00   64   64   16   16
 1.7571141530468817e+00   64   64   17   17
 1.4333288400241380e+00   64   64   18   18
 1.8618066389344701e+00   64   64   19   19
 1.9678713064045890e+00   64   64   20   20
 4.1327066264983436e+00   64   64   21   21
 4.2113239258537591e+00   64   64   22   22
 3.8515005849702693e+00   64   64   23   23
 3.4525174508129433e+00   64   64   24   24
 3.3310967324178486e+00   64   64   25   25
 1.5592487272160440e+00   64   64   26   26
 3.5397375004269049e+00   64   64   27   27
 3.9795413502069787e+00   64   64   28   28
 3.4135766765167830e+00   64   64   29   29
 2.9266056123965067e+00   64   64   30   30
 2.5573767229961746e+00   64   64   31   31
 2.4835135607879733e+00   64   64   32   32
 2.1631053751895450e+00   64   64   33   33
 2.7241949036465920e+00   64   64   34   34
 3.2098501191620334e+00   64   64   35   35
 2.6325173816097700e+00   64   64   36   36
 2.3401373271200563e+00   64   64   37   37
 2.3029613126556381e+00   64   64   38   38
 2.5658852854912220e+00   64   64   39   39
 2.9925404727170131e+00   64   64   40   40
 3.0552262948325026e+00   64   64   41   41
 2.7683183802088682e+00   64   64   42   42
 2.8426781175682678e+00   64   64   43   43
 2.4855963238675352e+00   64   64   44   44
 1.4478524234653869e+00   64   64   45   45
 2.2135097138992159e+00   64   64   46   46
 2.1761226273990566e+00   64   64   47   47
 1.4020113622642656e+00   64   64   48   48
 2.3930308605607027e+00   64   64   49   49
 1.5183970850717914e+00   64   64   50   50
 1.4295232835828404e+00   64   64   51   51
 1.6488059443693670e+00   64   64   52   52
 1.3443842715114904e+00   64   64   53   53
 1.3004860051634506e+00   64   64   54   54
 1.2357102484402742e+00   64   64   55   55
 1.6760625327566092e+00   64   64   56   56
 2.0838953626028291e+00   64   64   57   57
 1.8576431949341423e+00   64   64   58   58
 1.7331341181945807e+00   64   64   59   59
 1.2553384266056142e+00   64   64   60   60
 1.7783329038374749e+00   64   64   61   61
 1.9689310273407934e+00   64   64   62   62
 3.7192312333631681e+00   64   64   63   63
 9.6429912899999994e+00   64   64   64   64
 2.4473945653321181e+00   65   65    1    1
 2.2476359284161433e+00   65   65    2    2
 2.3151265382713997e+00   65   65    3    3
 2.5990230932184888e+00   65   65    4    4
 2.9317511101985922e+00   65   65    5    5
 2.8071241389856469e+00   65   65    6    6
 4.1073595787108328e+00   65   65    7    7
 4.4009772235333520e+00   65   65    8    8
 5.4267892096537391e+00   65   65    9    9
 4.4868682921332779e+00   65   65   10   10
 3.5907505164667777e+00   65   65   11   11
 3.3235517964718575e+00   65   65   12   12
 3.5636635793728866e+00   65   65   13   13
 3.3800245730706799e+00   65   65   14   14
 3.2009540025513101e+00   65   65   15   15
 2.7074145900379381e+00   65   65   16   16
 2.4553469598488058e+00   65   65   17   17
 1.7749691203588065e+00   65   65   18   18
 2.5180100002694692e+00   65   65   19   19
 2.8855698389863265e+00   65   65   20   20
 1.9919911869905367e+00   65   65   21   21
 1.8156710096222781e+00   65   65   22   22
 1.7674615564900540e+00   65   65   23   23
 1.6212924911115991e+00   65   65   24   24
 1.5315124919737086e+00   65   65   25   25
 1.8394901768773519e+00   65   65   26   26
 1.5598023950125006e+00   65   65   27   27
 1.6874074828448817e+00   65   65   28   28
 1.9247381553168859e+00   65   65   29   29
 1.7539903916368014e+00   65   65   30   30
 1.6695380158620283e+00   65   65   31   31
 1.7176045430379276e+00   65   65   32   32
 1.5997139231058652e+00   65   65   33   33
 1.8800827238447675e+00   65   65   34   34
 2.0035787977753103e+00   65   65   35   35
 3.5848482476281749e+00   65   65   36   36
 3.9789501502339562e+00   65   65   37   37
 4.2086447168309764e+00   65   65   38   38
 3.8972690410213118e+00   65   65   39   39
 3.5341744960273709e+00   65   65   40   40
 3.4100830564676374e+00   65   65   41   41
 1.3929576095415646e+00   65   65   42   42
 1.4093772060560632e+00   65   65   43   43
 1.3185614381958457e+00   65   65   44   44
 1.7252642222332153e+00   65   65   45   45
 1.2335993440570459e+00   65   65   46   46
 1.2213422397305504e+00   65   65   47   47
 2.9284071093159825e+00   65   65   48   48
 1.2921028389503011e+00   65   65   49   49
 1.9627003923814188e+00   65   65   50   50
 3.0525173837329218e+00   65   65   51   51
 2.1413750391053532e+00   65   65   52   52
 2.6707515738249961e+00   65   65   53   53
 2.5208980903894522e+00   65   65   54   54
 2.3037004280255418e+00   65   65   55   55
 2.0559154071362409e+00   65   65   56   56
 1.5290581958656901e+00   65   65   57   57
 1.4292186313033983e+00   65   65   58   58
 1.3920428984237356e+00   65   65   59   59
 2.3616318681635655e+00   65   65   60   60
 1.4450654073492133e+00   65   65   61   61
 1.5489348464903934e+00   65   65   62   62
 2.9407226451963999e+00   65   65   63   63
 2.6941320185080664e+00   65   65   64   64
 9.6429912899999994e+00   65   65   65   65
 1.7884322248639144e+00   66   66    1    1
 1.6915307469576766e+00   66   66    2    2
 1.7695700824731553e+00   66   66    3    3
 1.9695538739372298e+00   66   66    4    4
 2.1231589216573732e+00   66   66    5    5
 1.9967808076956737e+00   66   66    6    6
 4.1403853092778267e+00   66   66    7    7
 4.4116601964144699e+00   66   66    8    8
 3.5712609627209964e+00   66   66    9    9
 3.3291598581851449e+00   66   66   10   10
 3.5850503318370746e+00   66   66   11   11
 4.4765346641382857e+00   66   66   12   12
 5.4262012731593359e+00   66   66   13   13
 4.1997893372417208e+00   66   66   14   14
 3.8505904370466584e+00   66   66   15   15
 3.4362928168139644e+00   66   66   16   16
 3.2891937172523362e+00   66   66   17   17
 2.3537736606002650e+00   66   66   18   18
 3.4820518672951621e+00   66   66   19   19
 3.9303753294059041e+00   66   66   20   20
 1.5316258579540405e+00   66   66   21   21
 1.4587922403683480e+00   66   66   22   22
 1.4730565376600897e+00   66   66   23   23
 1.3941458830425062e+00   66   66   24   24
 1.3139550681477159e+00   66   66   25   25
 2.1830500416663030e+00   66   66   26   26
 1.3031641812995836e+00   66   66   27   27
 1.3663739742341603e+00   66   66   28   28
 1.4523234279763406e+00   66   66   29   29
 1.3569239776608448e+00   66   66   30   30
 1.2855607818296728e+00   66   66   31   31
 1.2899060759104441e+00   66   66   32   32
 1.2104468813471700e+00   66   66   33   33
 1.3711460252796792e+00   66   66   34   34
 1.4581758903913691e+00   66   66   35   35
 2.6833473464743673e+00   66   66   36   36
 3.1758766507018490e+00   66   66   37   37
 3.3918729278829924e+00   66   66   38   38
 2.9036443743262117e+00   66   66   39   39
 2.5237086264874811e+00   66   66   40   40
 2.4435055825265133e+00   66   66   41   41
 1.2538419033154653e+00   66   66   42   42
 1.2405762697083471e+00   66   66   43   43
 1.1618974308421852e+00   66   66   44   44
 2.1444743015957584e+00   66   66   45   45
 1.1068770601518236e+00   66   66   46   46
 1.1148109945468203e+00   66   66   47   47
 2.7166385084172449e+00   66   66   48   48
 1.1832692709468471e+00   66   66   49   49
 2.7195604177961310e+00   66   66   50   50
 3.0386340967674403e+00   66   66   51   51
 2.7974402271525340e+00   66   66   52   52
 2.8486658089463246e+00   66   66   53   53
 2.3926250791393420e+00   66   66   54   54
 2.3001191612550786e+00   66   66   55   55
 2.4511127913077750e+00   66   66   56   56
 1.1625210252346432e+00   66   66   57   57
 1.0983519321299782e+00   66   66   58   58
 1.0765528094134620e+00   66   66   59   59
 2.4733889583237412e+00   66   66   60   60
 1.1145634367377388e+00   66   66   61   61
 1.1822598984138719e+00   66   66   62   62
 2.2115453858272232e+00   66   66   63   63
 2.1715167223602498e+00   66   66   64   64
 3.7159230224775182e+00   66   66   65   65
 9.6429912899999994e+00   66   66   66   66
 1.8444707625187011e+00   67   67    1    1
 1.7724032076189751e+00   67   67    2    2
 1.8798504326702459e+00   67   67    3    3
 2.0947638545155178e+00   67   67    4    4
 2.2136605183634610e+00   67   67    5    5
 2.0463846917695387e+00   67   67    6    6
 4.1362118143434419e+00   67   67    7    7
 4.1837413657897953e+00   67   67    8    8
 3.9434969229359900e+00   67   67    9    9
 3.6344287321352775e+00   67   67   10   10
 3.5324300498989127e+00   67   67   11   11
 3.6369682044202571e+00   67   67   12   12
 3.9282300616994217e+00   67   67   13   13
 4.4082487217485617e+00   67   67   14   14
 5.4255351815473141e+00   67   67   15   15
 4.4813598407392776e+00   67   67   16   16
 3.5884112042459524e+00   67   67   17   17
 2.4176324257831663e+00   67   67   18   18
 3.3227813299840561e+00   67   67   19   19
 3.5684369712866451e+00   67   67   20   20
 1.6043114366229447e+00   67   67   21   21
 1.5124469818938571e+00   67   67   22   22
 1.4885428469957298e+00   67   67   23   23
 1.4008960616619599e+00   67   67   24   24
 1.3411608633488126e+00   67   67   25   25
 2.5081064155376915e+00   67   67   26   26
 1.3573563005987772e+00   67   67   27   27
 1.4360183355632841e+00   67   67   28   28
 1.5346704574226750e+00   67   67   29   29
 1.4136947938357625e+00   67   67   30   30
 1.3483540529524738e+00   67   67   31   31
 1.3780070396803950e+00   67   67   32   32
 1.2964965320993034e+00   67   67   33   33
 1.4894928508395704e+00   67   67   34   34
 1.5791652924043478e+00   67   67   35   35
 2.5808651204472461e+00   67   67   36   36
 2.9400830938502192e+00   67   67   37   37
 3.4736202667131169e+00   67   67   38   38
 3.3435311594244488e+00   67   67   39   39
 2.8250189024875447e+00   67   67   40   40
 2.5390017186270568e+00   67   67   41   41
 1.2662210928407018e+00   67   67   42   42
 1.2583232925151464e+00   67   67   43   43
 1.1771326365519506e+00   67   67   44   44
 2.3319377093464206e+00   67   67   45   45
 1.1164073375959187e+00   67   67   46   46
 1.1203984977478938e+00   67   67   47   47
 3.1204317778953152e+00   67   67   48   48
 1.1894737336783854e+00   67   67   49   49
 2.7347687593939272e+00   67   67   50   50
 3.0910168384658867e+00   67   67   51   51
 3.0562519597016871e+00   67   67   52   52
 2.6490622698887094e+00   67   67   53   53
 2.6839707031660351e+00   67   67   54   54
 2.3901946787778967e+00   67   67   55   55
 2.8798584452631242e+00   67   67   56   56
 1.2608830321979962e+00   67   67   57   57
 1.1896376595341138e+00   67   67   58   58
 1.1537173773509863e+00   67   67   59   59
 2.3840085816472856e+00   67   67   60   60
 1.1815242149651981e+00   67   67   61   61
 1.2508199607251216e+00   67   67   62   62
 2.2414551119747079e+00   67   67   63   63
 2.3328157936764660e+00   67   67   64   64
 4.4159076319110087e+00   67   67   65   65
 4.3057878493019004e+00   67   67   66   66
 9.6429912899999994e+00   67   67   67   67
 2.1389938558255501e+00   68   68    1    1
 2.0626144019058170e+00   68   68    2    2
 2.2318287615662817e+00   68   68    3    3
 2.5531443418668052e+00   68   68    4    4
 2.6914912134884337e+00   68   68    5    5
 2.4091762913895809e+00   68   68    6    6
 4.1568916774429034e+00   68   68    7    7
 3.4467990939842879e+00   68   68    8    8
 2.9180176367179347e+00   68   68    9    9
 2.5430125400209991e+00   68   68   10   10
 2.4801418187789710e+00   68   68   11   11
 2.7481518384681318e+00   68   68   12   12
 3.2684524337560341e+00   68   68   13   13
 4.4261602163474079e+00   68   68   14   14
 3.5747973547555065e+00   68   68   15   15
 3.3262078800904660e+00   68   68   16   16
 3.5817746205057199e+00   68   68   17   17
 2.4188560524968663e+00   68   68   18   18
 4.4648445234739009e+00   68   68   19   19
 5.4271641672669144e+00   68   68   20   20
 1.8369658360988890e+00   68   68   21   21
 1.7732010855061702e+00   68   68   22   22
 1.8167414579762895e+00   68   68   23   23
 1.7229736021435893e+00   68   68   24   24
 1.6081904981028223e+00   68   68   25   25
 2.3814208535862256e+00   68   68   26   26
 1.5781399668267497e+00   68   68   27   27
 1.6480947576029583e+00   68   68   28   28
 1.6907610842058647e+00   68   68   29   29
 1.5616180959095181e+00   68   68   30   30
 1.4509512888968306e+00   68   68   31   31
 1.4380299150298252e+00   68   68   32   32
 1.3278454713396433e+00   68   68   33   33
 1.5346505178037149e+00   68   68   34   34
 1.6678646285769900e+00   68   68   35   35
 3.3492461487895615e+00   68   68   36   36
 3.8151555386179745e+00   68   68   37   37
 4.1112806409619784e+00   68   68   38   38
 3.7390467760176471e+00   68   68   39   39
 3.3016114624119877e+00   68   68   40   40
 3.1506686948032407e+00   68   68   41   41
 1.5488362995409259e+00   68   68   42   42
 1.5135373135806691e+00   68   68   43   43
 1.3941289572204387e+00   68   68   44   44
 2.2659371869731735e+00   68   68   45   45
 1.3232032559577300e+00   68   68   46   46
 1.3440186284802407e+00   68   68   47   47
 2.0177804014728919e+00   68   68   48   48
 1.4489813703444385e+00   68   68   49   49
 2.7883515924939588e+00   68   68   50   50
 2.1552569470068561e+00   68   68   51   51
 3.0228659493852881e+00   68   68   52   52
 2.0147835310620579e+00   68   68   53   53
 1.8111738965054804e+00   68   68   54   54
 1.7266951862901307e+00   68   68   55   55
 2.7271644237866099e+00   68   68   56   56
 1.2730055971898182e+00   68   68   57   57
 1.1892274869852066e+00   68   68   58   58
 1.1552965567337108e+00   68   68   59   59
 1.8084722686039651e+00   68   68   60   60
 1.1961017578630522e+00   68   68   61   61
 1.2816784351642840e+00   68   68   62   62
 2.5195327726870325e+00   68   68   63   63
 2.7102227303389061e+00   68   68   64   64
 3.5227130810972183e+00   68   68   65   65
 4.5364843695910864e+00   68   68   66   66
 3.7255209360864034e+00   68   68   67   67
 9.6429912899999994e+00   68   68   68   68
 3.8608139559633883e+00   69   69    1    1
 4.1446347277341911e+00   69   69    2    2
 3.8070457054995819e+00   69   69    3    3
 3.3945821152786051e+00   69   69    4    4
 3.2368592369609166e+00   69   69    5    5
 3.4193293240255578e+00   69   69    6    6
 1.8649368829726629e+00   69   69    7    7
 1.7443121563572852e+00   69   69    8    8
 1.7325554566081056e+00   69   69    9    9
 1.5947103982846191e+00   69   69   10   10
 1.4879729574946849e+00   69   69   11   11
 1.4973213043396725e+00   69   69   12   12
 1.6096564490699636e+00   69   69   13   13
 1.7574040821979029e+00   69   69   14   14
 1.6166942393318970e+00   69   69   15   15
 1.5286918978277650e+00   69   69   16   16
 1.5487907288446057e+00   69   69   17   17
 1.2807795469795054e+00   69   69   18   18
 1.6673308721715829e+00   69   69   19   19
 1.7846304763177834e+00   69   69   20   20
 4.1541687473418198e+00   69   69   21   21
 4.4199406125400280e+00   69   69   22   22
 5.4270662768871123e+00   69   69   23   23
 4.4708347140678582e+00   69   69   24   24
 3.5833531113467787e+00   69   69   25   25
 1.3378136450630862e+00   69   69   26   26
 3.3237702641335138e+00   69   69   27   27
 3.5720162357312222e+00   69   69   28   28
 3.4602887284959603e+00   69   69   29   29
 3.2968524752006010e+00   69   69   30   30
 2.7740640580311497e+00   69   69   31   31
 2.4999014961474955e+00   69   69   32   32
 2.1709467582213700e+00   69   69   33   33
 2.5582447653453579e+00   69   69   34   34
 2.9296490014464327e+00   69   69   35   35
 2.6045863288396389e+00   69   69   36   36
 2.2720011729934133e+00   69   69   37   37
 2.1017454262306279e+00   69   69   38   38
 2.1852964951501388e+00   69   69   39   39
 2.4691355178679721e+00   69   69   40   40
 2.7584748571150435e+00   69   69   41   41
 2.8443169201866159e+00   69   69   42   42
 3.0392783647301784e+00   69   69   43   43
 2.7210785224076837e+00   69   69   44   44
 1.2693762597647917e+00   69   69   45   45
 2.3945357909312968e+00   69   69   46   46
 2.3006043656755142e+00   69   69   47   47
 1.3196839709242809e+00   69   69   48   48
 2.4711150711481813e+00   69   69   49   49
 1.3613617766119264e+00   69   69   50   50
 1.3710444601584120e+00   69   69   51   51
 1.4463324826271851e+00   69   69   52   52
 1.3147766795238467e+00   69   69   53   53
 1.2297518786243180e+00   69   69   54   54
 1.1884808942051792e+00   69   69   55   55
 1.4325449760648727e+00   69   69   56   56
 1.9973636804824089e+00   69   69   57   57
 1.7983509522096424e+00   69   69   58   58
 1.7365526393745272e+00   69   69   59   59
 1.2257854946180460e+00   69   69   60   60
 1.8437125739568039e+00   69   69   61   61
 2.0638164186426078e+00   69   69   62   62
 4.4741702367665210e+00   69   69   63   63
 4.2953161230908297e+00   69   69   64   64
 2.4751102023630485e+00   69   69   65   65
 2.1045301336317710e+00   69   69   66   66
 2.0670978670945779e+00   69   69   67   67
 2.5763712106552550e+00   69   69   68   68
 9.6429912899999994e+00   69   69   69   69
 2.9337940738528814e+00   70   70    1    1
 3.4653134515732678e+00   70   70    2    2
 3.3144632775053080e+00   70   70    3    3
 2.7945008322583571e+00   70   70    4    4
 2.5173960535333522e+00   70   70    5    5
 2.5682341857500544e+00   70   70    6    6
 1.5879307866149504e+00   70   70    7    7
 1.4977888736213978e+00   70   70    8    8
 1.5208514673723659e+00   70   70    9    9
 1.4202759467239230e+00   70   70   10   10
 1.3186144481110262e+00   70   70   11   11
 1.3028854215329269e+00   70   70   12   12
 1.3784838776909343e+00   70   70   13   13
 1.5222049468830359e+00   70   70   14   14
 1.4518679284485736e+00   70   70   15   15
 1.3894106261259400e+00   70   70   16   16
 1.3862240882703178e+00   70   70   17   17
 1.1733751168464994e+00   70   70   18   18
 1.4443463777841425e+00   70   70   19   19
 1.5145723021624637e+00   70   70   20   20
 4.1476698076283274e+00   70   70   21   21
 4.4174805561053860e+00   70   70   22   22
 3.5712830889307670e+00   70   70   23   23
 3.3240441510994945e+00   70   70   24   24
 3.5839173521192023e+00   70   70   25   25
 1.2653789404334392e+00   70   70   26   26
 4.4718216433016442e+00   70   70   27   27
 5.4262279719024926e+00   70   70   28   28
 4.1535559628854708e+00   70   70   29   29
 3.8428519343615659e+00   70   70   30   30
 3.4692213007890493e+00   70   70   31   31
 3.3277565347194944e+00   70   70   32   32
 2.8656455930704330e+00   70   70   33   33
 3.4848899183639772e+00   70   70   34   34
 3.8832088253209722e+00   70   70   35   35
 1.9854604444164587e+00   70   70   36   36
 1.7965163639815827e+00   70   70   37   37
 1.7537858231101757e+00   70   70   38   38
 1.8932904165208206e+00   70   70   39   39
 2.1237737462314774e+00   70   70   40   40
 2.1936972305525733e+00   70   70   41   41
 2.7105971558409654e+00   70   70   42   42
 3.0359760759484673e+00   70   70   43   43
 2.8436187724378699e+00   70   70   44   44
 1.1873182132787174e+00   70   70   45   45
 2.4630519014981509e+00   70   70   46   46
 2.2883899523904829e+00   70   70   47   47
 1.2204443151842745e+00   70   70   48   48
 2.3821715423245298e+00   70   70   49   49
 1.2290578451722942e+00   70   70   50   50
 1.2355260883620895e+00   70   70   51   51
 1.3163310931905596e+00   70   70   52   52
 1.1730750450873493e+00   70   70   53   53
 1.1480309506442425e+00   70   70   54   54
 1.0975286638120105e+00   70   70   55   55
 1.3391844797088985e+00   70   70   56   56
 2.8242346239873712e+00   70   70   57   57
 2.4448153293963859e+00   70   70   58   58
 2.2112609296150185e+00   70   70   59   59
 1.1093294489669987e+00   70   70   60   60
 2.2336731695173979e+00   70   70   61   61
 2.4944250071767589e+00   70   70   62   62
 3.5266265326182387e+00   70   70   63   63
 4.5948902898530957e+00   70   70   64   64
 2.2364634934191017e+00   70   70   65   65
 1.7832312388645977e+00   70   70   66   66
 1.9177647751042357e+00   70   70   67   67
 2.0926731794363431e+00   70   70   68   68
 3.7271259354479662e+00   70   70   69   69
 9.6429912899999994e+00   70   70   70   70
 3.1985866338778823e+00   71   71    1    1
 3.4068254852284485e+00   71   71    2    2
 2.9175216839446425e+00   71   71    3    3
 2.5415902944724018e+00   71   71    4    4
 2.4633372772480473e+00   71   71    5    5
 2.7058391473312065e+00   71   71    6    6
 1.5436805786717731e+00   71   71    7    7
 1.4784585257014224e+00   71   71    8    8
 1.5033642347828260e+00   71   71    9    9
 1.4131208254756535e+00   71   71   10   10
 1.3166638046600163e+00   71   71   11   11
 1.3019804551162590e+00   71   71   12   12
 1.3718017370065445e+00   71   71   13   13
 1.4540960300299735e+00   71   71   14   14
 1.3672779393159087e+00   71   71   15   15
 1.2959028674518542e+00   71   71   16   16
 1.2943004730440166e+00   71   71   17   17
 1.0931288521957641e+00   71   71   18   18
 1.3642619120712627e+00   71   71   19   19
 1.4484448585715772e+00   71   71   20   20
 4.1356581945317625e+00   71   71   21   21
 4.2070105900364672e+00   71   71   22   22
 3.9688214345286248e+00   71   71   23   23
 3.5363139790345808e+00   71   71   24   24
 3.3346766836408142e+00   71   71   25   25
 1.1467448161049072e+00   71   71   26   26
 3.4551932759220692e+00   71   71   27   27
 3.8513807967012150e+00   71   71   28   28
 4.4069630733548362e+00   71   71   29   29
 5.4261714285126983e+00   71   71   30   30
 4.4823623345823345e+00   71   71   31   31
 3.5875312944057907e+00   71   71   32   32
 3.0464795098902853e+00   71   71   33   33
 3.3262114914980612e+00   71   71   34   34
 3.5679988222361132e+00   71   71   35   35
 2.0286595889077428e+00   71   71   36   36
 1.8134655363589625e+00   71   71   37   37
 1.7049065138824628e+00   71   71   38   38
 1.7724121252723202e+00   71   71   39   39
 1.9695348584450432e+00   71   71   40   40
 2.1398982655195353e+00   71   71   41   41
 2.4912100505138253e+00   71   71   42   42
 2.8548315835698315e+00   71   71   43   43
 2.7935866382605661e+00   71   71   44   44
 1.0898924535127088e+00   71   71   45   45
 2.4160538570014003e+00   71   71   46   46
 2.1932982621249884e+00   71   71   47   47
 1.2015964986046728e+00   71   71   48   48
 2.2242645383502149e+00   71   71   49   49
 1.1516617562868503e+00   71   71   50   50
 1.2345160233169497e+00   71   71   51   51
 1.2190675821579500e+00   71   71   52   52
 1.1882891259421726e+00   71   71   53   53
 1.1324127750457902e+00   71   71   54   54
 1.0962655606380478e+00   71   71   55   55
 1.2166215312958697e+00   71   71   56   56
 2.7047121850768572e+00   71   71   57   57
 2.3884972215649456e+00   71   71   58   58
 2.3095777376206672e+00   71   71   59   59
 1.1215252005319176e+00   71   71   60   60
 2.4978192987708421e+00   71   71   61   61
 2.8816098908190306e+00   71   71   62   62
 4.3678403386497742e+00   71   71   63   63
 3.5512012364440668e+00   71   71   64   64
 2.1849335287996570e+00   71   71   65   65
 1.7797135199385767e+00   71   71   66   66
 1.8066614529210718e+00   71   71   67   67
 2.0531045194754705e+00   71   71   68   68
 4.5750052256616529e+00   71   71   69   69
 4.2933521828816206e+00   71   71   70   70
 9.6429912899999994e+00   71   71   71   71
 3.9176428513602866e+00   72   72    1    1
 4.1794887704110817e+00   72   72    2    2
 3.8277921153123158e+00   72   72    3    3
 3.4220194831354767e+00   72   72    4    4
 3.2948873229164497e+00   72   72    5    5
 3.4878795415825077e+00   72   72    6    6
 1.9547048764742374e+00   72   72    7    7
 1.8609215012888085e+00   72   72    8    8
 1.9411339684508631e+00   72   72    9    9
 1.8024192443758267e+00   72   72   10   10
 1.6341330251659423e+00   72   72   11   11
 1.5864533220512849e+00   72   72   12   12
 1.6765160312958953e+00   72   72   13   13
 1.8219291746629491e+00   72   72   14   14
 1.7348472238716510e+00   72   72   15   15
 1.6214476059061007e+00   72   72   16   16
 1.5821908934601194e+00   72   72   17   17
 1.2843091839273191e+00   72   72   18   18
 1.6426798596312246e+00   72   72   19   19
 1.7608036285557658e+00   72   72   20   20
 4.1304406294547036e+00   72   72   21   21
 3.3989186199114170e+00   72   72   22   22
 2.8972983970021309e+00   72   72   23   23
 2.5264635642999269e+00   72   72   24   24
 2.4619431195487400e+00   72   72   25   25
 1.3834869315407863e+00   72   72   26   26
 2.7172739060585216e+00   72   72   27   27
 3.2185279254865349e+00   72   72   28   28
 4.4113791275153815e+00   72   72   29   29
 3.5684344176380596e+00   72   72   30   30
 3.3257464387403379e+00   72   72   31   31
 3.5858703618968888e+00   72   72   32   32
 3.0364987436964186e+00   72   72   33   33
 4.4782217547485867e+00   72   72   34   34
 5.4269321221150157e+00   72   72   35   35
 2.5264234827901300e+00   72   72   36   36
 2.2559446171285567e+00   72   72   37   37
 2.1934772214061891e+00   72   72   38   38
 2.3839575231372567e+00   72   72   39   39
 2.7223982730827552e+00   72   72   40   40
 2.8388968575086899e+00   72   72   41   41
 2.0037416569757243e+00   72   72   42   42
 2.1401243227112308e+00   72   72   43   43
 2.0002638009266187e+00   72   72   44   44
 1.2913394909964608e+00   72   72   45   45
 1.7941875062454413e+00   72   72   46   46
 1.7127309525554490e+00   72   72   47   47
 1.5050951646785289e+00   72   72   48   48
 1.7971278983666172e+00   72   72   49   49
 1.3624257789617318e+00   72   72   50   50
 1.5209102272993857e+00   72   72   51   51
 1.4727001533643198e+00   72   72   52   52
 1.4275303048853656e+00   72   72   53   53
 1.4022303080909870e+00   72   72   54   54
 1.3285538243530186e+00   72   72   55   55
 1.4867432014818449e+00   72   72   56   56
 2.8754311250728470e+00   72   72   57   57
 2.4803886596607585e+00   72   72   58   58
 2.2844726813375922e+00   72   72   59   59
 1.3406947279572421e+00   72   72   60   60
 2.3603624607688927e+00   72   72   61   61
 2.6800507449469202e+00   72   72   62   62
 4.4644767249490656e+00   72   72   63   63
 4.3635910587117408e+00   72   72   64   64
 2.9247951114109410e+00   72   72   65   65
 2.0894405055539975e+00   72   72   66   66
 2.3224079908190660e+00   72   72   67   67
 2.3835394627518194e+00   72   72   68   68
 3.5286734082470841e+00   72   72   69   69
 4.4523931920243633e+00   72   72   70   70
 3.7173979385319975e+00   72   72   71   71
 9.6429912899999994e+00   72   72   72   72
 2.4963756279450897e+00   73   73    1    1
 2.2625421732976063e+00   73   73    2    2
 2.3233575629530914e+00   73   73    3    3
 2.6320546952275299e+00   73   73    4    4
 3.0281705301293802e+00   73   73    5    5
 2.9102281093962463e+00   73   73    6    6
 4.1556676016064307e+00   73   73    7    7
 4.1179536544405000e+00   73   73    8    8
 3.8029001381376211e+00   73   73    9    9
 3.2764476849330770e+00   73   73   10   10
 3.0404461648568377e+00   73   73   11   11
 3.2028525616749426e+00   73   73   12   12
 3.6948753761765856e+00   73   73   13   13
 3.4153117976953098e+00   73   73   14   14
 2.9054774767477181e+00   73   73   15   15
 2.5330766297457425e+00   73   73   16   16
 2.4676880814575926e+00   73   73   17   17
 1.8023714028234665e+00   73   73   18   18
 2.7249080633974461e+00   73   73   19   19
 3.2333771841855716e+00   73   73   20   20
 1.9943770280736168e+00   73   73   21   21
 1.8587031539355507e+00   73   73   22   22
 1.8842358510119706e+00   73   73   23   23
 1.7399034771782831e+00   73   73   24   24
 1.6051385657872823e+00   73   73   25   25
 1.7844852762167929e+00   73   73   26   26
 1.5883486078792042e+00   73   73   27   27
 1.6939147352411614e+00   73   73   28   28
 1.8748145487688048e+00   73   73   29   29
 1.7362648831932601e+00   73   73   30   30
 1.6226554036490346e+00   73   73   31   31
 1.6160396865118949e+00   73   73   32   32
 1.4916575374304497e+00   73   73   33   33
 1.7264641775760365e+00   73   73   34   34
 1.8645767276019654e+00   73   73   35   35
 4.4705036352202141e+00   73   73   36   36
 5.4301150388232493e+00   73   73   37   37
 4.4248348339827563e+00   73   73   38   38
 3.5750138067416919e+00   73   73   39   39
 3.3281733992042275e+00   73   73   40   40
 3.5829214372378670e+00   73   73   41   41
 1.4818618414857272e+00   73   73   42   42
 1.4860924522627079e+00   73   73   43   43
 1.3837731969212812e+00   73   73   44   44
 1.7099563024316500e+00   73   73   45   45
 1.2992722257829594e+00   73   73   46   46
 1.2949897880646541e+00   73   73   47   47
 2.3208119145934476e+00   73   73   48   48
 1.3768242788254657e+00   73   73   49   49
 2.0147622968698315e+00   73   73   50   50
 2.5757316454035162e+00   73   73   51   51
 2.1411840858659628e+00   73   73   52   52
 2.4305163691015244e+00   73   73   53   53
 2.0578843919462670e+00   73   73   54   54
 1.9832541270232198e+00   73   73   55   55
 1.9888494916158728e+00   73   73   56   56
 1.4070694106019848e+00   73   73   57   57
 1.3138289722939387e+00   73   73   58   58
 1.2904135193300212e+00   73   73   59   59
 2.1279751163888383e+00   73   73   60   60
 1.3544957781573443e+00   73   73   61   61
 1.4590094218238521e+00   73   73   62   62
 3.0101618839486028e+00   73   73   63   63
 2.6687709931558303e+00   73   73   64   64
 4.4746458914304474e+00   73   73   65   65
 4.3519216063501132e+00   73   73   66   66
 3.5235513173812949e+00   73   73   67   67
 4.4844737950280260e+00   73   73   68   68
 2.7422033900567642e+00   73   73   69   69
 2.1588043083261632e+00   73   73   70   70
 2.2496137129599041e+00   73   73   71   71
 2.6213797369682985e+00   73   73   72   72
 9.6429912899999994e+00   73   73   73   73
 2.3633544431874882e+00   74   74    1    1
 2.3185786101000767e+00   74   74    2    2
 2.5666106598922891e+00   74   74    3    3
 2.9746341850167703e+00   74   74    4    4
 3.0592041283961633e+00   74   74    5    5
 2.6571597389933208e+00   74   74    6    6
 4.1308736929686738e+00   74   74    7    7
 3.4437688964196727e+00   74   74    8    8
 3.2618795667132963e+00   74   74    9    9
 2.7910287934800482e+00   74   74   10   10
 2.5504314464861366e+00   74   74   11   11
 2.6063767095968644e+00   74   74   12   12
 2.9556565699282151e+00   74   74   13   13
 4.2028584977628203e+00   74   74   14   14
 4.0066748213294856e+00   74   74   15   15
 3.5701974081366505e+00   74   74   16   16
 3.3537973808038983e+00   74   74   17   17
 2.2323368792080864e+00   74   74   18   18
 3.4498128644232602e+00   74   74   19   19
 3.8260640189138906e+00   74   74   20   20
 2.0469105911752097e+00   74   74   21   21
 1.9267519380656513e+00   74   74   22   22
 1.8870519939756700e+00   74   74   23   23
 1.7598332253924749e+00   74   74   24   24
 1.6784991377561564e+00   74   74   25   25
 2.4750682321891704e+00   74   74   26   26
 1.7047801489462628e+00   74   74   27   27
 1.8183045869752643e+00   74   74   28   28
 1.9077244367929636e+00   74   74   29   29
 1.7184519603549042e+00   74   74   30   30
 1.6085166600214831e+00   74   74   31   31
 1.6352192219480881e+00   74   74   32   32
 1.5080719453413731e+00   74   74   33   33
 1.7928020169748615e+00   74   74   34   34
 1.9522123518690289e+00   74   74   35   35
 3.3233447855151930e+00   74   74   36   36
 3.5667544975443408e+00   74   74   37   37
 4.4051918050854395e+00   74   74   38   38
 5.4283706925919697e+00   74   74   39   39
 4.4889527102477871e+00   74   74   40   40
 3.5905513499091750e+00   74   74   41   41
 1.5696504100519715e+00   74   74   42   42
 1.5550715385192717e+00   74   74   43   43
 1.4317138616095535e+00   74   74   44   44
 2.2221459387334930e+00   74   74   45   45
 1.3448329710464046e+00   74   74   46   46
 1.3518711718745660e+00   74   74   47   47
 2.2112856216332779e+00   74   74   48   48
 1.4535076607341699e+00   74   74   49   49
 2.4904735959059172e+00   74   74   50   50
 2.2404992612792207e+00   74   74   51   51
 2.8845669928831801e+00   74   74   52   52
 2.0066900909987173e+00   74   74   53   53
 1.9669751670993505e+00   74   74   54   54
 1.8066111396007878e+00   74   74   55   55
 2.8728409387697025e+00   74   74   56   56
 1.4636798438904568e+00   74   74   57   57
 1.3593720682018975e+00   74   74   58   58
 1.3026763515234661e+00   74   74   59   59
 1.8247271435596526e+00   74   74   60   60
 1.3345276628105718e+00   74   74   61   61
 1.4317064102245916e+00   74   74   62   62
 2.6989149919117175e+00   74   74   63   63
 3.1182560144609677e+00   74   74   64   64
 4.3911181562887167e+00   74   74   65   65
 3.5483822037626487e+00   74   74   66   66
 4.6467993196145105e+00   74   74   67   67
 4.2554992798555089e+00   74   74   68   68
 2.5658063490951908e+00   74   74   69   69
 2.3855010960832215e+00   74   74   70   70
 2.1642831550966046e+00   74   74   71   71
 2.9042151505667850e+00   74   74   72   72
 3.7230910483120887e+00   74   74   73   73
 9.6429912899999994e+00   74   74   74   74
-1.8325960475947690e+02    1    1    0    0
-4.7153833657448025e+00    2    1    0    0
-1.8764960601754865e+02    2    2    0    0
-1.5797025279923227e+00    3    1    0    0
-4.7160275827244442e+00    3    2    0    0
-1.8408471897837725e+02    3    3    0    0
-4.8593114993494284e+00    4    3    0    0
-1.8128658327363271e+02    4    4    0    0
-1.5277085179552425e+00    5    1    0    0
-1.5330249078969018e+00    5    3    0    0
-4.7988913783838276e+00    5    4    0    0
-1.8354611341589714e+02    5    5    0    0
-4.8405270464150458e+00    6    1    0    0
-1.5724320426947793e+00    6    4    0    0
-4.7957152543883916e+00    6    5    0    0
-1.8042652160233877e+02    6    6    0    0
-1.8586884346356445e+02    7    7    0    0
-4.4585559591153956e+00    8    7    0    0
-1.8014067390409619e+02    8    8    0    0
-4.7051647412909281e+00    9    8    0    0
-1.7429875059562480e+02    9    9    0    0
-4.8444440676152087e+00   10    9    0    0
-1.6179387177915467e+02   10   10    0    0
-1.5062849125039883e+00   11    9    0    0
-4.8045741228492300e+00   11   10    0    0
-1.5685998962531875e+02   11   11    0    0
-1.5791127768984039e+00   12   10    0    0
-4.7952449778529980e+00   12   11    0    0
-1.5814895516526983e+02   12   12    0    0
-4.6948525667297352e+00   13    8    0    0
-1.5666960464854582e+00   13    9    0    0
-1.4810606374371111e+00   13   11    0    0
-4.8570877179412992e+00   13   12    0    0
-1.6968420494712299e+02   13   13    0    0
-4.3819987600501085e+00   14    7    0    0
-1.8067133466719349e+02   14   14    0    0
-4.7346855392708775e+00   15   14    0    0
-1.7230252302299195e+02   15   15    0    0
-1.4863404644039750e+00   16   14    0    0
-4.8564081434678323e+00   16   15    0    0
-1.6045069075502676e+02   16   16    0    0
-1.5382703425621023e+00   17   15    0    0
-4.8079425732419780e+00   17   16    0    0
-1.5774872566240523e+02   17   17    0    0
-1.2230490753111893e+02   18   18    0    0
-1.5706188390444593e+00   19   16    0    0
-4.8084041752628863e+00   19   17    0    0
-1.6092389174370064e+02   19   19    0    0
-4.7442834015848474e+00   20   14    0    0
-1.5811680898551894e+00   20   15    0    0
-1.5371749935574179e+00   20   17    0    0
-4.8293593940135757e+00   20   19    0    0
-1.7287229940122410e+02   20   20    0    0
-4.4391673880101781e+00   21    2    0    0
-1.8577853631763091e+02   21   21    0    0
-4.3938419834120959e+00   22   21    0    0
-1.8037120830981766e+02   22   22    0    0
-4.7433894845873485e+00   23   22    0    0
-1.7325268886141131e+02   23   23    0    0
-1.4870288834994900e+00   24   22    0    0
-4.8476624026141533e+00   24   23    0    0
-1.6109692887501430e+02   24   24    0    0
-1.5427627262808823e+00   25   23    0    0
-4.8043357359357879e+00   25   24    0    0
-1.5717144174912971e+02   25   25    0    0
-1.5760129441711712e+00   26   18    0    0
-1.2531015617623785e+02   26   26    0    0
-1.4851040760203427e+00   27   22    0    0
-1.5690650497057590e+00   27   24    0    0
-4.8052229989648412e+00   27   25    0    0
-1.5921110240870280e+02   27   27    0    0
-4.7400532466116587e+00   28   22    0    0
-1.5823679123576757e+00   28   23    0    0
-1.5409469044762587e+00   28   25    0    0
-4.8452181827352732e+00   28   27    0    0
-1.7107213289590788e+02   28   28    0    0
-4.4408588807008922e+00   29   21    0    0
-1.8003210561678199e+02   29   29    0    0
-4.7079279483958425e+00   30   29    0    0
-1.6991998419037958e+02   30   30    0    0
-4.8539840908219327e+00   31   30    0    0
-1.5819954685235788e+02   31   31    0    0
-1.5236659950161702e+00   32   30    0    0
-4.8019797351617726e+00   32   31    0    0
-1.5657212013662010e+02   32   32    0    0
-4.3010787262729915e+00   33   32    0    0
-1.4347607936211995e+02   33   33    0    0
-1.5780645380354097e+00   34   31    0    0
-4.8003891364316003e+00   34   32    0    0
-1.6131783172780044e+02   34   34    0    0
-4.7123329384321142e+00   35   29    0    0
-1.5719221160853389e+00   35   30    0    0
-1.5329470806583534e+00   35   32    0    0
-4.8408397970888180e+00   35   34    0    0
-1.7379076308659094e+02   35   35    0    0
-1.7966673910434542e+02   36   36    0    0
-4.8413565548202833e+00   37   36    0    0
-1.8252800829143160e+02   37   37    0    0
-4.4319837027234819e+00   38    7    0    0
-4.7208758556286234e+00   38   37    0    0
-1.8760481717755704e+02   38   38    0    0
-1.5835775241193135e+00   39   37    0    0
-4.7264815508064730e+00   39   38    0    0
-1.8460938925247851e+02   39   39    0    0
-1.5708404634328221e+00   40   36    0    0
-1.4758837165647041e+00   40   38    0    0
-4.8588173381441928e+00   40   39    0    0
-1.8187869421547211e+02   40   40    0    0
-4.3351376932899077e+00   41    5    0    0
-4.7919936140499360e+00   41   36    0    0
-1.5387197891229869e+00   41   37    0    0
-1.5321942835590019e+00   41   39    0    0
-4.8013265757082477e+00   41   40    0    0
-1.8354248730585135e+02   41   41    0    0
-1.3634529415844239e+02   42   42    0    0
-4.3034374422854418e+00   43   25    0    0
-4.7428518578640375e+00   43   42    0    0
-1.4403691367604131e+02   43   43    0    0
-1.5019157100606695e+00   44   42    0    0
-4.7587843335604090e+00   44   43    0    0
-1.3376572991568997e+02   44   44    0    0
-4.7981699573215506e+00   45   18    0    0
-4.8111023487340976e+00   45   26    0    0
-1.1903459570622303e+02   45   45    0    0
-1.5480158477866386e+00   46   43    0    0
-4.7941847697689806e+00   46   44    0    0
-1.2193314721360750e+02   46   46    0    0
-1.5050626705206791e+00   47   42    0    0
-1.5048698643849585e+00   47   44    0    0
-4.8152547222951476e+00   47   46    0    0
-1.1820175360677003e+02   47   47    0    0
-1.3711639402812730e+02   48   48    0    0
-4.8113474922252824e+00   49   42    0    0
-1.5480164240337499e+00   49   43    0    0
-1.5783006307772118e+00   49   46    0    0
-4.7980592560308200e+00   49   47    0    0
-1.2410900205822421e+02   49   49    0    0
-4.8048205413321341e+00   50   18    0    0
-1.5037955847622901e+00   50   45    0    0
-1.3380624418128832e+02   50   50    0    0
-4.3050325609113917e+00   51   11    0    0
-4.7231624921033903e+00   51   48    0    0
-1.4396000004451648e+02   51   51    0    0
-4.2955168408268838e+00   52   17    0    0
-1.5377550058289113e+00   52   18    0    0
-1.5367050914876876e+00   52   26    0    0
-4.7568255895914069e+00   52   50    0    0
-1.4476813477835279e+02   52   52    0    0
-1.5022572849778471e+00   53   48    0    0
-4.7557388145077502e+00   53   51    0    0
-1.3274031421104928e+02   53   53    0    0
-4.8135742106293087e+00   54   48    0    0
-1.5379844064572596e+00   54   51    0    0
-1.2446198967215595e+02   54   54    0    0
-1.5046433571706948e+00   55   48    0    0
-1.5026266579760799e+00   55   53    0    0
-4.8050243312906185e+00   55   54    0    0
-1.1814627378939394e+02   55   55    0    0
-4.8001471821851052e+00   56   26    0    0
-1.5074427698325210e+00   56   45    0    0
-1.5027473730418950e+00   56   50    0    0
-4.7581711409679492e+00   56   52    0    0
-1.3777268744175720e+02   56   56    0    0
-4.7364386301213557e+00   57   33    0    0
-1.3469666758226450e+02   57   57    0    0
-1.5389640203814159e+00   58   33    0    0
-4.8054830411865970e+00   58   57    0    0
-1.2258772238185337e+02   58   58    0    0
-1.5030526448167860e+00   59   57    0    0
-4.8054312437874040e+00   59   58    0    0
-1.1762102384636205e+02   59   59    0    0
-1.5392271889167095e+00   60   51    0    0
-4.7929853844107972e+00   60   53    0    0
-1.5829767987096268e+00   60   54    0    0
-4.8145901433944784e+00   60   55    0    0
-1.2139504730222811e+02   60   60    0    0
-1.5389430865318929e+00   61   33    0    0
-1.5826267908190013e+00   61   58    0    0
-4.8126111722484879e+00   61   59    0    0
-1.2213939424831220e+02   61   61    0    0
-4.7463729769849445e+00   62   33    0    0
-1.5028616995291546e+00   62   57    0    0
-1.5034896709299284e+00   62   59    0    0
-4.7985522808719452e+00   62   61    0    0
-1.3399231139038565e+02   62   62    0    0
-4.9952060973135763e+00   63    1    0    0
-2.0686962999878182e+00   63    6    0    0
-2.3187702327462327e+02   63   63    0    0
-4.9899257311547975e+00   64    3    0    0
-2.0969151902285010e+00   64    4    0    0
-2.3431748850740277e+02   64   64    0    0
-4.9854456659307207e+00   65    9    0    0
-2.0944838408077251e+00   65   10    0    0
-2.3337217570167709e+02   65   65    0    0
-2.0704147756876701e+00   66   12    0    0
-4.9832099314527216e+00   66   13    0    0
-2.1750275752960374e+02   66   66    0    0
-4.9806776244093180e+00   67   15    0    0
-2.0816327586522378e+00   67   16    0    0
-2.2388354172804185e+02   67   67    0    0
-2.0433875982200949e+00   68   19    0    0
-4.9868717805402776e+00   68   20    0    0
-2.2643542101800401e+02   68   68    0    0
-4.9864994437193833e+00   69   23    0    0
-2.0572099921560412e+00   69   24    0    0
-2.2791756179954652e+02   69   69    0    0
-2.0594927216983376e+00   70   27    0    0
-4.9833114469994788e+00   70   28    0    0
-2.2114537900016529e+02   70   70    0    0
-4.9830964556303172e+00   71   30    0    0
-2.0839680152542841e+00   71   31    0    0
-2.1861777588329099e+02   71   71    0    0
-2.0743329242933504e+00   72   34    0    0
-4.9859891946358212e+00   72   35    0    0
-2.3167013347125041e+02   72   72    0    0
-2.0564445607905344e+00   73   36    0    0
-4.9981024890831538e+00   73   37    0    0
-2.2977069058271820e+02   73   73    0    0
-4.9914621121496330e+00   74   39    0    0
-2.0993591316531917e+00   74   40    0    0
-2.3580949723147563e+02   74   74    0    0
 7.9474472442466913e+03    0    0    0    0
