  FCIDUMP file : ./FCIDUMP/FCIDUMP_AO_DA-CDR_prune
  NORB         : 87
  NELEC        : 100  (nalpha=50, nbeta=50)
  Scalar pot.  :  7333.8345884701
===============================================
 Testing CSF optimisation method
===============================================

************************************************
 Testing 'gwh' initial guess method
************************************************

  Initializing L-BFGS optimisation...
    > Num. MOs       =     87
    > Num. params    =   1934
    > Max subspace   =     20
    > Max step size   =  0.500
    > Backtracking   =  0.100
    > Parallel tr.   = True
    > Pseudo-canon.  = True
    > Canon interval = 10
    > Hybrid prec.   = True
  ================================================================
           Energy / Eh     Step Len    Max(|G_i|)
  ================================================================
     0  1233.0421187992                 1.36e+01
     1  1227.7902845651    5.00e-01     1.15e+01    rescaled  
  Step has positive overlap with gradient - reversing direction
     2  1216.7682381545    5.00e-01     1.11e+01    reset L-BFGS
     3  1202.3984497095    5.00e-01     1.42e+01    rescaled  
     4  1189.3086027890    5.00e-01     1.79e+01    rescaled  
     5  1180.6130512142    5.00e-01     1.88e+01    rescaled  
     6  1172.0236310218    5.00e-01     2.27e+01    rescaled  
     7  1159.4945845558    5.00e-01     2.01e+01    rescaled  
     8  1153.0141505271    5.00e-01     1.87e+01    rescaled  
     9  1149.8335950831    5.00e-01     1.74e+01    rescaled  
    10  1142.1295029298    5.00e-01     1.84e+01    rescaled  
    11  1136.2771276386    5.00e-01     1.32e+01    rescaled  
    12  1127.7093597013    5.00e-01     1.52e+01    rescaled  
    13  1118.9005333378    5.00e-01     1.82e+01    rescaled  
    14  1107.7176640268    5.00e-01     1.47e+01    rescaled  
    15  1100.5578428688    5.00e-01     9.77e+00    rescaled  
    16  1094.8240941711    5.00e-01     9.74e+00    rescaled  
    17  1088.6504069084    5.00e-01     9.14e+00    rescaled  
  Step has positive overlap with gradient - reversing direction
    18  1088.6971399508    5.00e-01     1.10e+01    reset L-BFGS
    19  1065.6488959160    5.00e-01     1.19e+01    rescaled  
    20  1058.7321365264    5.00e-01     1.21e+01    rescaled  
    21  1044.0873158837    5.00e-01     7.75e+00    rescaled  
    22  1030.8727227079    5.00e-01     9.65e+00    rescaled  
    23  1018.7814777880    5.00e-01     1.19e+01    rescaled  
    24  1008.4503615676    5.00e-01     1.02e+01    rescaled  
    25  1001.3027400679    5.00e-01     1.39e+01    rescaled  
    26   993.8606583132    5.00e-01     1.50e+01    rescaled  
    27   990.4886193654    5.00e-01     1.63e+01    rescaled  
    28   982.5668780795    5.00e-01     1.83e+01    rescaled  
    29   970.6371829013    5.00e-01     2.01e+01    rescaled  
    30   962.4713033183    5.00e-01     2.12e+01    rescaled  
    31   954.1237370982    5.00e-01     2.49e+01    rescaled  
    32   946.3628247519    5.00e-01     2.21e+01    rescaled  
    33   939.0109539684    5.00e-01     1.82e+01    rescaled  
    34   931.3585917030    5.00e-01     1.41e+01    rescaled  
    35   926.1228878228    5.00e-01     1.11e+01    rescaled  
    36   913.8047138700    5.00e-01     8.73e+00    rescaled  
    37   904.2958984298    5.00e-01     8.60e+00    rescaled  
    38   892.6583302672    5.00e-01     1.02e+01    rescaled  
    39   882.7981262636    5.00e-01     1.16e+01    rescaled  
    40   868.5262768533    5.00e-01     9.72e+00    rescaled  
    41   853.9014116279    5.00e-01     9.53e+00    rescaled  
    42   846.6493490428    5.00e-01     8.91e+00    rescaled  
    43   840.8694624117    5.00e-01     8.33e+00    rescaled  
    44   836.0195388490    5.00e-01     8.10e+00    rescaled  
  Step has positive overlap with gradient - reversing direction
    45   835.3925121747    5.00e-01     7.80e+00    reset L-BFGS
    46   830.2630950095    5.00e-01     8.66e+00    rescaled  
    47   822.6699942976    5.00e-01     9.39e+00    rescaled  
  Step has positive overlap with gradient - reversing direction
    48   814.3907441001    5.00e-01     9.78e+00    reset L-BFGS
    49   809.7344680728    5.00e-01     1.01e+01    rescaled  
    50   809.7344680728    5.00e-01     1.01e+01    understep 
  Step has positive overlap with gradient - reversing direction
    51   804.6294813953    5.00e-01     1.04e+01    reset L-BFGS
    52   800.5698781073    5.00e-01     9.91e+00    rescaled  
  Step has positive overlap with gradient - reversing direction
    53   797.6940166068    5.00e-01     1.01e+01    reset L-BFGS
    54   789.7089200587    5.00e-01     9.74e+00    rescaled  
    55   789.7089200587    5.00e-01     9.74e+00    understep 
  Step has positive overlap with gradient - reversing direction
    56   783.5185460205    5.00e-01     9.90e+00    reset L-BFGS
    57   777.3836401655    5.00e-01     9.99e+00    rescaled  
  Step has positive overlap with gradient - reversing direction
    58   773.6134722442    5.00e-01     1.01e+01    reset L-BFGS
    59   769.3571674170    5.00e-01     1.02e+01    rescaled  
    60   765.7675416340    5.00e-01     1.03e+01    rescaled  
    61   756.0904723373    5.00e-01     1.09e+01    rescaled  
  Step has positive overlap with gradient - reversing direction
    62   749.9458590167    5.00e-01     1.15e+01    reset L-BFGS
    63   744.5169676802    5.00e-01     1.31e+01    rescaled  
  Step has positive overlap with gradient - reversing direction
    64   739.7369732253    5.00e-01     1.35e+01    reset L-BFGS
    65   732.9913283950    5.00e-01     1.45e+01    rescaled  
  Step has positive overlap with gradient - reversing direction
    66   728.0295596470    5.00e-01     1.56e+01    reset L-BFGS
    67   720.9985267094    5.00e-01     1.56e+01    rescaled  
  Step has positive overlap with gradient - reversing direction
    68   716.6260627388    5.00e-01     1.55e+01    reset L-BFGS
    69   700.7254914959    5.00e-01     1.64e+01    rescaled  
  Step has positive overlap with gradient - reversing direction
    70   690.2766934809    5.00e-01     1.69e+01    reset L-BFGS
    71   664.9495641209    5.00e-01     1.47e+01    rescaled  
    72   644.8359784972    5.00e-01     1.45e+01    rescaled  
    73   635.0900536876    5.00e-01     9.25e+00    rescaled  
    74   626.9152155663    5.00e-01     1.05e+01    rescaled  
    75   616.3306078328    5.00e-01     1.18e+01    rescaled  
    76   605.3220941426    5.00e-01     8.66e+00    rescaled  
    77   594.9605790741    5.00e-01     8.83e+00    rescaled  
    78   587.1472719431    5.00e-01     9.34e+00    rescaled  
    79   576.4948368311    5.00e-01     7.97e+00    rescaled  
    80   567.7409792496    5.00e-01     5.88e+00    rescaled  
    81   557.5383767093    5.00e-01     6.73e+00    rescaled  
    82   549.3408367363    5.00e-01     6.61e+00    rescaled  
    83   540.9229024885    5.00e-01     6.81e+00    rescaled  
    84   533.5233955196    5.00e-01     6.25e+00    rescaled  
    85   524.0231897634    5.00e-01     6.09e+00    rescaled  
    86   515.4606698624    5.00e-01     6.22e+00    rescaled  
    87   506.4080996882    5.00e-01     7.28e+00    rescaled  
    88   498.3972443653    5.00e-01     8.29e+00    rescaled  
    89   487.0412695316    5.00e-01     6.43e+00    rescaled  
    90   476.3620270519    5.00e-01     8.93e+00    rescaled  
    91   464.9236800458    5.00e-01     1.16e+01    rescaled  
    92   456.2051176285    5.00e-01     7.68e+00    rescaled  
    93   447.2072562772    5.00e-01     6.72e+00    rescaled  
    94   439.3833211343    5.00e-01     4.86e+00    rescaled  
    95   432.5223041892    5.00e-01     4.02e+00    rescaled  
    96   425.1830025271    5.00e-01     5.85e+00    rescaled  
    97   418.3922555698    5.00e-01     6.14e+00    rescaled  
    98   411.8173201100    5.00e-01     6.15e+00    rescaled  
    99   406.9012047101    5.00e-01     6.21e+00    rescaled  
   100   400.7966026713    5.00e-01     5.22e+00    rescaled  
   101   396.8354052501    5.00e-01     4.37e+00    rescaled  
   102   391.4450244798    5.00e-01     6.55e+00    rescaled  
   103   409.7894773619    5.00e-01     1.67e+01    rescaled  
   104   387.9789946504    1.97e-01     8.28e+00    overstep  
   105   379.3291904641    5.00e-01     7.41e+00    rescaled  
   106   369.7178520546    5.00e-01     7.65e+00    rescaled  
   107   359.8268861756    5.00e-01     6.01e+00    rescaled  
   108   354.7750396598    5.00e-01     5.73e+00    rescaled  
   109   350.5912786263    5.00e-01     6.55e+00    rescaled  
   110   345.2923091625    5.00e-01     7.54e+00    rescaled  
   111   339.8780582354    5.00e-01     7.16e+00    rescaled  
   112   335.1143262060    5.00e-01     6.61e+00    rescaled  
   113   331.5190031127    5.00e-01     6.50e+00    rescaled  
   114   324.6985561779    5.00e-01     3.99e+00    rescaled  
   115   318.3457777630    5.00e-01     7.42e+00    rescaled  
   116   306.4597134130    5.00e-01     4.05e+00    rescaled  
   117   300.9226178839    5.00e-01     2.67e+00    rescaled  
   118   303.7939610664    5.00e-01     5.20e+00    rescaled  
   119   299.6816157771    3.27e-01     4.56e+00    overstep  
   120   298.2486705351    3.28e-01     3.77e+00              
   121   298.1799450556    1.74e-01     2.89e+00              
   122   298.5604887341    1.79e-01     3.34e+00              
   123   297.5138424384    1.61e-01     3.01e+00    overstep  
   124   297.4728275079    2.05e-01     3.33e+00              
   125   295.4790285271    1.79e-01     1.97e+00              
   126   294.5984143803    8.85e-02     1.15e+00              
   127   294.2096883287    9.74e-02     9.75e-01              
   128   294.2606625087    1.02e-01     1.23e+00              
   129   294.0647887104    9.14e-02     1.09e+00    overstep  
   130   293.6871021146    8.22e-02     7.28e-01              
   131   293.6084165772    5.77e-02     5.60e-01              
   132   293.4777642747    3.26e-02     3.67e-01              
   133   293.4672931037    1.39e-02     1.86e-01              
   134   293.4550976722    8.80e-03     1.58e-01              
   135   293.4415611876    9.95e-03     7.85e-02              
   136   293.4377315608    5.27e-03     4.20e-02              
   137   293.4359654380    2.73e-03     8.82e-03              
   138   293.4358727951    1.07e-03     4.76e-03              
   139   293.4358572946    5.16e-04     2.14e-03              
   140   293.4358539928    1.46e-04     4.22e-04              
   141   293.4358537630    3.16e-05     1.60e-04              
   142   293.4358537420    2.04e-05     3.77e-05              
   143   293.4358537412    3.18e-06     3.65e-05              
   144   293.4358537409    1.14e-06     3.12e-06              
   145   293.4358537408    2.89e-07     1.18e-06              
   146   293.4358537408    1.84e-07     2.27e-07              
  ================================================================
  L-BFGS converged in    146 iterations ( 42.32 seconds)

  Initializing Davidson diagonalisation...
    > Max iterations =   1000
    > Target states  =      5
    > Convergence    =  1.000e-04
    > Basis per root =      4
    > Max basis size =     20
  Davidson diagonalisation converged in     49 iterations ( 50.51 seconds)

   --------------------------
    Converged eigenvalues:   
   --------------------------
       0        6.34402353   
       1        6.40666952   
       2        6.96483143   
       3        6.99882191   
       4        7.08721099   
   --------------------------

 ---------------------------------------------
         Total Energy =   293.43585374 Eh
              Nuclear =  7333.83458847 Eh
         One Electron = -13919.33608975 Eh
              Coulomb =  7229.43530763 Eh
        ROHF Exchange =  -350.49795261 Eh
 ---------------------------------------------
           <Sz> =  1.00
           <S2> =  2.00
  Spin Coupling = ++

 -----------------------------------------------------------------------------------------------
  Open-Shell Exchange Matrix <Ψ|Êpq Êqp|Ψ> - Np
 -----------------------------------------------------------------------------------------------
           1              2        
   1   0.00000000    -1.00000000   
   2  -1.00000000     0.00000000   

 -----------------------------------------------------------------------------------------------
  Open-Shell Exchange Integrals <pq|qp>
 -----------------------------------------------------------------------------------------------
           1              2        
   1   3.89377863     2.37566563   
   2   2.37566563     3.90485502   

 -----------------------------------------------------------------------------------------------
  Occupied Orbital Coefficients
 -----------------------------------------------------------------------------------------------
           1              2              3              4              5              6        
   1   0.00000715    -0.29660025    -0.03403229    -0.18450384    -0.02964794    -0.21161460   
   2   0.00000038    -0.23809652    -0.04447782    -0.13799271    -0.01547202    -0.16274352   
   3   0.00000718    -0.28985859    -0.03320910    -0.17937455    -0.02827177    -0.20470646   
   4  -0.00000063    -0.19089078     0.00021457    -0.10939478    -0.02407099    -0.10673388   
   5  -0.00000734    -0.19802884     0.03245103    -0.09686788    -0.03230415    -0.06105423   
   6  -0.00000107    -0.19385402    -0.00006029    -0.11162718    -0.02467064    -0.10965393   
   7  -0.00000073    -0.04601180     0.06441891     0.06740370     0.01701360     0.00686648   
   8   0.00000011    -0.05402098     0.11686003     0.20967290     0.08856772    -0.17052465   
   9   0.00000013    -0.05826559     0.13695581     0.26086175     0.11387032    -0.23234361   
  10  -0.00000002    -0.03262068     0.07982644     0.15610341     0.06907691    -0.14415997   
  11  -0.00000015    -0.02627477     0.06741561     0.13579930     0.06098600    -0.13029102   
  12  -0.00000000    -0.00075945     0.00181807     0.00308576     0.00108368     0.00104759   
  13  -0.00000002    -0.03192584     0.07798273     0.15229965     0.06734276    -0.14030343   
  14   0.00000013    -0.05654651     0.13251479     0.25182998     0.10977977    -0.22332326   
  15   0.00000009    -0.04540467     0.08811909     0.12980247     0.04231419     0.03607385   
  16   0.00000011    -0.04606663     0.09613338     0.14907291     0.04997852     0.04454020   
  17  -0.00000001    -0.02463918     0.05329958     0.08458326     0.02869460     0.02611672   
  18  -0.00000011    -0.01803413     0.04087697     0.06676311     0.02297312     0.02143288   
  19  -0.10550070    -0.00489443    -0.01235008     0.01082165    -0.00865776     0.00238618   
  20  -0.00000001    -0.02494824     0.05401819     0.08575870     0.02909124     0.02665431   
  21   0.00000011    -0.04689534     0.09799633     0.15206370     0.05097711     0.04590428   
  22  -0.00008191    -0.07951829    -0.06642163    -0.00208832     0.02254658    -0.01445786   
  23   0.00000018    -0.09523749    -0.13556980    -0.00842249     0.27314020     0.07961554   
  24   0.00000594    -0.10354525    -0.15994082    -0.01067878     0.35346297     0.10897706   
  25  -0.00000061    -0.05667571    -0.09079195    -0.00620641     0.20799925     0.06544995   
  26  -0.00000619    -0.04292041    -0.07188310    -0.00504352     0.17162072     0.05520957   
  27  -0.00000083    -0.05627824    -0.09016717    -0.00607423     0.20626064     0.06493864   
  28   0.00000592    -0.10259320    -0.15851685    -0.01034478     0.34951724     0.10785639   
  29  -0.00024699    -0.11463455    -0.22515434     0.16595186    -0.12100955     0.02850680   
  30  -0.00012435    -0.12897219    -0.27691508     0.21775981    -0.16442257     0.04139667   
  31  -0.00027502    -0.07327290    -0.16349811     0.13189464    -0.10097753     0.02594700   
  32  -0.00220931    -0.05857161    -0.13665717     0.11339181    -0.08812346     0.02309826   
  33  -0.10338530     0.00103200     0.00242279    -0.00202087     0.00157138    -0.00041216   
  34  -0.00026991    -0.07330243    -0.16359067     0.13202040    -0.10122770     0.02591493   
  35  -0.00012630    -0.12967265    -0.27843366     0.21906145    -0.16579643     0.04148994   
  36   0.00000176    -0.15688009     0.12296897     0.00373443    -0.03801873     0.13647422   
  37   0.00000015    -0.22391800     0.20905184     0.03654719    -0.05548874     0.24810339   
  38  -0.00000136    -0.17537889     0.17205789     0.04394436    -0.03789277     0.19031004   
  39   0.00000016    -0.22105696     0.20596970     0.03591739    -0.05457875     0.24371223   
  40   0.00000175    -0.15585009     0.12181068     0.00348801    -0.03767156     0.13475395   
  41  -0.00000018    -0.17676793     0.10452687    -0.02707691    -0.04042782     0.09256618   
  42   0.00000063    -0.00467864    -0.00789929    -0.00055380     0.01915686     0.00624163   
  43   0.00000001    -0.00875200    -0.01488018    -0.00105007     0.03618420     0.01177861   
  44   0.00000064    -0.00467967    -0.00790085    -0.00055317     0.01915683     0.00624174   
  45  -0.03911223     0.00151243     0.00437349    -0.00426898     0.00363179    -0.00111988   
  46  -0.00000001    -0.00254507    -0.00452322    -0.00032892     0.01149867     0.00383895   
  47  -0.00000052    -0.00173829    -0.00334727    -0.00025658     0.00906365     0.00311271   
  48  -0.00000001    -0.00254714    -0.00452683    -0.00032943     0.01150893     0.00384227   
  49  -0.03929997     0.00151728     0.00438658    -0.00428093     0.00364155    -0.00112265   
  50  -0.14367421     0.00223196     0.00631199    -0.00604173     0.00508228    -0.00153510   
  51  -0.00656313     0.00089157     0.00279266    -0.00284856     0.00247408    -0.00078670   
  52  -0.01189108     0.00105746     0.00319368    -0.00319958     0.00275710    -0.00086724   
  53   0.00000001    -0.00144818     0.00328390     0.00539485     0.00186427     0.00175904   
  54  -0.41913125    -0.00207523    -0.00587401     0.00548227    -0.00451970     0.00130249   
  55  -0.01189545     0.00105771     0.00319397    -0.00319988     0.00275742    -0.00086741   
  56  -0.00000000    -0.00076100     0.00182197     0.00309256     0.00108607     0.00105042   
  57  -0.00000001    -0.00048385     0.00127501     0.00227623     0.00081796     0.00081627   
  58  -0.01774534    -0.00015922    -0.00031181     0.00024989    -0.00019673     0.00005776   
  59  -0.02775913     0.00038764     0.00091211    -0.00075493     0.00058228    -0.00014910   
  60  -0.41406884     0.00201393     0.00501721    -0.00432886     0.00342476    -0.00092096   
  61   0.00000001    -0.00144347     0.00327400     0.00537936     0.00185912     0.00175304   
  62   0.00000000    -0.00265392     0.00608425     0.01004122     0.00347552     0.00327811   
  63  -0.12525542    -0.00516166    -0.01311785     0.01155805    -0.00927562     0.00257197   
  64  -0.00000003    -0.00228330     0.00673763     0.01476717     0.00691297    -0.01577540   
  65  -0.00000000    -0.00336630     0.00918281     0.01930722     0.00886992    -0.01968954   
  66   0.00000004    -0.00612205     0.01588252     0.03239866     0.01466427    -0.03179218   
  67   0.00000000    -0.01134220     0.02957529     0.06037082     0.02731212    -0.05909770   
  68   0.00000004    -0.00614306     0.01592796     0.03247996     0.01469861    -0.03185904   
  69  -0.00000000    -0.00335606     0.00915353     0.01924407     0.00884062    -0.01962383   
  70  -0.12411642    -0.00119501    -0.00338378     0.00317542    -0.00263018     0.00076632   
  71  -0.03735215    -0.00052679    -0.00142924     0.00132684    -0.00109655     0.00032143   
  72  -0.02881347    -0.00923116    -0.02206545     0.01870008    -0.01470820     0.00394764   
  73  -0.01837533    -0.01745898    -0.04154484     0.03501870    -0.02744720     0.00731219   
  74  -0.03783067    -0.00962097    -0.02285318     0.01930459    -0.01515990     0.00406420   
  75  -0.75553685     0.00264258     0.00665993    -0.00581078     0.00463374    -0.00126697   
  76  -0.00000926    -0.29500835    -0.03099576    -0.19984175    -0.03477733    -0.23665812   
  77  -0.00000808    -0.28164283    -0.02922379    -0.18998745    -0.03176296    -0.22317227   
  78  -0.00000022    -0.05414612     0.13523520     0.26791336     0.11934195    -0.25189155   
  79  -0.00000017    -0.05085658     0.12697113     0.25136412     0.11188984    -0.23544624   
  80  -0.00000017    -0.04083203     0.09070727     0.14647451     0.05016115     0.04575375   
  81  -0.00000018    -0.04253021     0.09433051     0.15205222     0.05195642     0.04869246   
  82  -0.00000689    -0.09822743    -0.16100708    -0.01151246     0.37858065     0.12051412   
  83  -0.00000768    -0.09645537    -0.15871888    -0.01063343     0.37167632     0.11878102   
  84  -0.00010120    -0.12434959    -0.28435642     0.23292475    -0.17937468     0.04694012   
  85  -0.00009624    -0.12631654    -0.28834034     0.23624385    -0.18297079     0.04709977   
  86  -0.00000021    -0.21902966     0.21150380     0.03432177    -0.06058382     0.27105480   
  87  -0.00000021    -0.21348371     0.20560209     0.03308228    -0.05889058     0.26296523   
           7              8              9              10             11             12       
   1   0.07765712     0.00103843    -0.32878882    -0.08852297    -0.00303830    -0.00756865   
   2   0.06029797     0.00030565     0.00778453     0.00209897     0.00006263    -0.00072800   
   3   0.07501781     0.00098921     0.34509714     0.09291710     0.00316139     0.00598553   
   4   0.03672929     0.00074144     0.15415894     0.04140887     0.00151409     0.00313622   
   5   0.01571759     0.00077728     0.00691955     0.00169233     0.00020367     0.00209207   
   6   0.03783690     0.00076429    -0.14061817    -0.03797591    -0.00121673    -0.00189095   
   7   0.01781065    -0.00003778    -0.00027908    -0.00007921    -0.00000158     0.00086962   
   8  -0.09277807     0.00000854    -0.00003040    -0.00000638    -0.00000079     0.00008629   
   9  -0.13131759     0.00002670     0.00009023     0.00001414    -0.00000218    -0.00233584   
  10  -0.08249983     0.00002037     0.00008019     0.00001752    -0.00000045    -0.00093106   
  11  -0.07547420     0.00002172     0.00009398     0.00002545     0.00000148     0.00012095   
  12   0.00888603     0.00000133     0.00000990     0.00000268     0.00000013    -0.00006628   
  13  -0.08004294     0.00001957     0.00005347     0.00002116     0.00000108     0.00108440   
  14  -0.12554458     0.00002499     0.00002858     0.00002299     0.00000152     0.00232118   
  15   0.28381908     0.00001322    -0.00001687    -0.00000393    -0.00000177     0.00004788   
  16   0.36201603     0.00003013     0.00009091     0.00002255    -0.00000952    -0.00201670   
  17   0.21457348     0.00002097     0.00007521     0.00001918    -0.00000317    -0.00112155   
  18   0.17818935     0.00002015     0.00007990     0.00002063     0.00000210    -0.00050773   
  19  -0.00090982     0.05985095     0.00016727    -0.00075011    -0.00011781     0.00001377   
  20   0.21822033     0.00002147     0.00006497     0.00001908     0.00000456     0.00026815   
  21   0.37108624     0.00003125     0.00006613     0.00002222     0.00000869     0.00121163   
  22   0.00703646    -0.00163281     0.00188295    -0.00005437     0.00056686    -0.00015627   
  23  -0.02008151     0.00035727     0.00019162    -0.00004895     0.00282487    -0.00000796   
  24  -0.02848096     0.00099085     0.00136052     0.00430952    -0.34443072    -0.00082323   
  25  -0.01731367     0.00069497     0.00017837     0.00193319    -0.14861530    -0.00034089   
  26  -0.01478966     0.00067609    -0.00083095     0.00012511     0.00223749     0.00003819   
  27  -0.01717992     0.00067627    -0.00152946    -0.00174680     0.15304898     0.00040695   
  28  -0.02819259     0.00094744    -0.00260207    -0.00420824     0.35028041     0.00089868   
  29  -0.00986341    -0.01067297     0.00078176    -0.00251908     0.00009179    -0.00002073   
  30  -0.01490968    -0.01252677     0.09072376    -0.33795679    -0.00392426    -0.00002296   
  31  -0.00947070    -0.00182205     0.04002003    -0.14909637    -0.00192663     0.00001115   
  32  -0.00854236     0.00791483     0.00066655    -0.00275755    -0.00039671     0.00004555   
  33   0.00015156     0.05407115    -0.00008314     0.00036359     0.00005121    -0.00000593   
  34  -0.00946335    -0.00192075    -0.03871158     0.14352783     0.00132453     0.00005710   
  35  -0.01495282    -0.01282761    -0.08987628     0.33317043     0.00349499     0.00008175   
  36  -0.06678756    -0.00007640     0.00395188     0.00107659     0.00040995    -0.14922663   
  37  -0.11586196    -0.00031473     0.00517379     0.00146221     0.00087994    -0.34509317   
  38  -0.08381998    -0.00024463    -0.00152260    -0.00039062    -0.00004214     0.00435883   
  39  -0.11326545    -0.00030301    -0.00849477    -0.00230261    -0.00097735     0.35435260   
  40  -0.06576823    -0.00007154    -0.00288256    -0.00079577    -0.00040799     0.15769206   
  41  -0.05028285     0.00017219     0.00271621     0.00068170     0.00005916     0.00466820   
  42  -0.00168568     0.00009004    -0.00017631     0.00002428     0.00078572     0.00000995   
  43  -0.00317754     0.00016265    -0.00026788     0.00003598     0.00092216     0.00001409   
  44  -0.00168570     0.00008997    -0.00017802     0.00002303     0.00056223     0.00000929   
  45   0.00045893    -0.41284186     0.00007614    -0.00032608    -0.00003584     0.00000418   
  46  -0.00105139     0.00006487    -0.00015035     0.00002023     0.00048097     0.00000800   
  47  -0.00086540     0.00006022    -0.00014588     0.00001942     0.00049636     0.00000802   
  48  -0.00105229     0.00006495    -0.00014991     0.00002039     0.00060486     0.00000836   
  49   0.00046001    -0.41300117     0.00007449    -0.00031995    -0.00003562     0.00000416   
  50   0.00062108    -0.45813091     0.00005400    -0.00022901    -0.00002370     0.00000271   
  51   0.00032794    -0.34912827     0.00008632    -0.00036753    -0.00004149     0.00000475   
  52   0.00035946    -0.36607233     0.00008311    -0.00035581    -0.00004019     0.00000465   
  53   0.01469310     0.00000187     0.00001188     0.00000330     0.00000011    -0.00007616   
  54  -0.00050950     0.07926663     0.00011596    -0.00051517    -0.00007640     0.00000918   
  55   0.00035956    -0.36660043     0.00008430    -0.00036033    -0.00004038     0.00000467   
  56   0.00890780     0.00000133     0.00000992     0.00000270     0.00000014    -0.00006495   
  57   0.00705609     0.00000121     0.00000971     0.00000258     0.00000019    -0.00006329   
  58  -0.00002345     0.04684077    -0.00000823     0.00005818     0.00001751    -0.00000206   
  59   0.00005365     0.04419280    -0.00004427     0.00020211     0.00003287    -0.00000380   
  60   0.00034446     0.07416614    -0.00012786     0.00056572     0.00007744    -0.00000917   
  61   0.01465059     0.00000187     0.00001189     0.00000327     0.00000009    -0.00007947   
  62   0.02741403     0.00000338     0.00001841     0.00000494     0.00000030    -0.00011710   
  63  -0.00098449     0.10444622     0.00024160    -0.00101930    -0.00011681     0.00001358   
  64  -0.00948608     0.00000417     0.00003937     0.00001103     0.00000049     0.00004482   
  65  -0.01167213     0.00000458     0.00004062     0.00001168     0.00000038     0.00005404   
  66  -0.01860019     0.00000630     0.00004828     0.00001414     0.00000035     0.00006781   
  67  -0.03451086     0.00001107     0.00007106     0.00002012     0.00000077     0.00008293   
  68  -0.01863967     0.00000631     0.00004837     0.00001403     0.00000029     0.00005526   
  69  -0.01163401     0.00000457     0.00004055     0.00001159     0.00000035     0.00004775   
  70  -0.00030237     0.10123601     0.00004775    -0.00019324    -0.00001610     0.00000192   
  71  -0.00012746     0.06457749     0.00001624    -0.00005348     0.00000245    -0.00000022   
  72  -0.00148122     0.04985522     0.00021252    -0.00097460    -0.00014953     0.00001717   
  73  -0.00273017     0.05241523     0.00037665    -0.00164913    -0.00020936     0.00002448   
  74  -0.00152386     0.06880223     0.00033719    -0.00141297    -0.00014631     0.00001683   
  75   0.00048032    -0.00232930    -0.00011166     0.00048068     0.00005846    -0.00000690   
  76   0.08779258     0.00154017    -0.57212543    -0.15404955    -0.00507748    -0.01367999   
  77   0.08265677     0.00146058     0.57776878     0.15536009     0.00530986     0.01045473   
  78  -0.14555509     0.00003831     0.00018239     0.00002415    -0.00000054    -0.00411533   
  79  -0.13456848     0.00003544     0.00007349     0.00004099     0.00000608     0.00404857   
  80   0.38189763     0.00004128     0.00018393     0.00004197    -0.00001172    -0.00371718   
  81   0.39922409     0.00004316     0.00013557     0.00004058     0.00002114     0.00205353   
  82  -0.03211225     0.00143792     0.00205181     0.00765561    -0.59544503    -0.00140687   
  83  -0.03168779     0.00135100    -0.00488698    -0.00730058     0.59866045     0.00155013   
  84  -0.01725143    -0.01631370     0.15474757    -0.57599737    -0.00674006    -0.00001197   
  85  -0.01733403    -0.01689273    -0.15562183     0.57660215     0.00571670     0.00016261   
  86  -0.13002656    -0.00040078     0.00853983     0.00241564     0.00151441    -0.59330515   
  87  -0.12481394    -0.00037941    -0.01378999    -0.00374627    -0.00164152     0.59638198   
           13             14             15             16             17             18       
   1  -0.00005218     0.00000880     0.00044342     0.00071136    -0.00030260    -0.00024617   
   2  -0.00002640    -0.00000529     0.00033882    -0.00172434     0.00150928     0.00101805   
   3  -0.00001438    -0.00002718     0.00051475     0.00071241    -0.00052856    -0.00023495   
   4   0.00001942    -0.00000309    -0.00036134     0.00122460    -0.00096059    -0.00057726   
   5   0.00007606     0.00001947    -0.00154815     0.00189132    -0.00147616    -0.00096422   
   6   0.00001133     0.00000655    -0.00039665     0.00123285    -0.00085748    -0.00058711   
   7  -0.00184702    -0.00138150     0.01358530    -0.00003085     0.00002423     0.00001560   
   8  -0.00867244    -0.00019409     0.06367110     0.00000441     0.00001070     0.00000736   
   9   0.33918299    -0.00546974     0.05869788     0.00002063    -0.00000265    -0.00000139   
  10   0.14225717    -0.00183691    -0.06602168    -0.00001310    -0.00000288    -0.00000212   
  11  -0.01235214     0.00114577    -0.19151056    -0.00004817    -0.00000191    -0.00000202   
  12   0.00008765    -0.00108108    -0.00116497     0.00000354    -0.00000805    -0.00001733   
  13  -0.16182261     0.00334908    -0.05850195    -0.00001011    -0.00000348    -0.00000244   
  14  -0.35801378     0.00638812     0.07454475     0.00002731    -0.00000418    -0.00000222   
  15  -0.00032074    -0.00682332     0.00254522    -0.00001286     0.00001156     0.00000821   
  16  -0.00543476    -0.35574593    -0.00241653     0.00000372    -0.00000175    -0.00000035   
  17  -0.00204801    -0.15758262    -0.00255818     0.00000707    -0.00000544    -0.00000419   
  18   0.00063628    -0.00549934    -0.00312805     0.00000977    -0.00000836    -0.00000741   
  19   0.00000119     0.00000072    -0.00011551     0.36572863     0.00094287    -0.02375395   
  20   0.00304676     0.14595127    -0.00210904     0.00000677    -0.00000520    -0.00000411   
  21   0.00630071     0.34112953    -0.00141006     0.00000282    -0.00000105    -0.00000006   
  22  -0.00001604    -0.00000890     0.00007898    -0.00643616     0.00499021     0.00324305   
  23  -0.00000137    -0.00000001     0.00002954    -0.00138546     0.02518040     0.00069181   
  24  -0.00000400     0.00001701    -0.00000656     0.00055370     0.02537542    -0.00033496   
  25  -0.00000032     0.00000801    -0.00001589     0.00099501    -0.03635698    -0.00025335   
  26   0.00000257     0.00000047    -0.00002362     0.00156192    -0.09628817    -0.00022184   
  27   0.00000656    -0.00000469    -0.00001582     0.00108673    -0.03581138    -0.00029067   
  28   0.00001161    -0.00001156    -0.00000680     0.00075931     0.02650138    -0.00041666   
  29  -0.00000073    -0.00000097     0.00003927    -0.03385738     0.00115042     0.01683347   
  30  -0.00000963     0.00000585     0.00000498    -0.03641916    -0.00048260     0.01772121   
  31  -0.00000320     0.00000346    -0.00002720     0.04138586    -0.00065455    -0.02759439   
  32   0.00000177     0.00000132    -0.00005739     0.11786689    -0.00089269    -0.07053439   
  33  -0.00000059    -0.00000033     0.00007879    -0.26687513    -0.00185912    -0.25763734   
  34   0.00000909    -0.00000012    -0.00002709     0.04265279    -0.00059130    -0.02807079   
  35   0.00001781    -0.00000210     0.00000559    -0.03424094    -0.00035019     0.01668136   
  36  -0.00090271     0.00082816    -0.00231299     0.00019602    -0.00018390    -0.00012780   
  37  -0.00213760     0.00189486    -0.00148254    -0.00025221     0.00018290     0.00011633   
  38  -0.00010247    -0.00012057     0.00286061    -0.00017726     0.00012429     0.00007805   
  39   0.00264795    -0.00164398    -0.00142041    -0.00027711     0.00019782     0.00012560   
  40   0.00121314    -0.00074041    -0.00227904     0.00018440    -0.00017685    -0.00012337   
  41   0.00016344     0.00003441    -0.00344531     0.00082941    -0.00069080    -0.00046200   
  42   0.00000096     0.00000062    -0.00001465     0.00122165    -0.40417251     0.00165157   
  43   0.00000118     0.00000058    -0.00001703     0.00140238    -0.41138356     0.00160210   
  44   0.00000096     0.00000059    -0.00001466     0.00121996    -0.40367905     0.00164967   
  45   0.00000029     0.00000017    -0.00001086     0.02854206    -0.00024107    -0.06980249   
  46   0.00000079     0.00000043    -0.00001427     0.00117280    -0.40125834     0.00165868   
  47   0.00000071     0.00000031    -0.00001430     0.00117166    -0.39987071     0.00165066   
  48   0.00000079     0.00000045    -0.00001427     0.00117404    -0.40162953     0.00166013   
  49   0.00000029     0.00000017    -0.00001071     0.02807524    -0.00024087    -0.06941060   
  50   0.00000020     0.00000010    -0.00000286     0.00678121    -0.00001117     0.00133444   
  51   0.00000037     0.00000022    -0.00001663     0.04484189    -0.00042165    -0.12927420   
  52   0.00000035     0.00000020    -0.00001511     0.04045024    -0.00037592    -0.11352783   
  53   0.00010513    -0.00123464    -0.00124001     0.00000362    -0.00000812    -0.00001741   
  54   0.00000064     0.00000044    -0.00009254     0.30007414     0.00124329     0.08971057   
  55   0.00000035     0.00000020    -0.00001522     0.04078982    -0.00037610    -0.11379966   
  56   0.00009044    -0.00102120    -0.00116890     0.00000354    -0.00000807    -0.00001739   
  57   0.00008802    -0.00096638    -0.00116553     0.00000356    -0.00000808    -0.00001735   
  58  -0.00000016    -0.00000011     0.00004682    -0.16856816    -0.00199176    -0.36674746   
  59  -0.00000038    -0.00000022     0.00006371    -0.22147922    -0.00197932    -0.32092851   
  60  -0.00000077    -0.00000046     0.00008923    -0.29205468    -0.00141096    -0.13816015   
  61   0.00009952    -0.00134265    -0.00123585     0.00000362    -0.00000809    -0.00001736   
  62   0.00015297    -0.00172861    -0.00150422     0.00000430    -0.00000867    -0.00001781   
  63   0.00000114     0.00000069    -0.00009470     0.28581425    -0.00036678    -0.28810535   
  64  -0.00703400     0.00063323    -0.35927204    -0.00011069     0.00001088     0.00000540   
  65  -0.00790701     0.00066733    -0.37025125    -0.00011415     0.00001131     0.00000561   
  66  -0.00967383     0.00077332    -0.39449721    -0.00012130     0.00001189     0.00000586   
  67  -0.01203931     0.00103198    -0.43700325    -0.00013205     0.00001151     0.00000544   
  68  -0.00869954     0.00076303    -0.39319472    -0.00012089     0.00001184     0.00000583   
  69  -0.00733594     0.00065871    -0.36878288    -0.00011370     0.00001127     0.00000559   
  70   0.00000004     0.00000007     0.00001703    -0.07740899    -0.00196179    -0.42108014   
  71  -0.00000007    -0.00000003     0.00003269    -0.12529691    -0.00201590    -0.40345375   
  72   0.00000164     0.00000092    -0.00012107     0.37726031     0.00055858    -0.11368332   
  73   0.00000184     0.00000106    -0.00012334     0.37147285     0.00002063    -0.20110975   
  74   0.00000168     0.00000090    -0.00010882     0.33172130    -0.00012293    -0.25046824   
  75  -0.00000051    -0.00000032     0.00003110    -0.08358999     0.00083804     0.25545225   
  76  -0.00010007     0.00001592     0.00096906     0.00298906    -0.00212486    -0.00147501   
  77  -0.00002565    -0.00005196     0.00107607     0.00302803    -0.00244582    -0.00147704   
  78   0.59334549    -0.00913305     0.12585033     0.00005979    -0.00001950    -0.00001198   
  79  -0.59770284     0.01088281     0.15126042     0.00007044    -0.00002185    -0.00001324   
  80  -0.00891680    -0.59924759    -0.00688683     0.00002046    -0.00001547    -0.00000840   
  81   0.01140573     0.59282310    -0.00532889     0.00001895    -0.00001439    -0.00000794   
  82  -0.00000880     0.00002403    -0.00004264     0.00246227     0.06357032    -0.00161680   
  83   0.00001719    -0.00002246    -0.00004318     0.00276365     0.06529008    -0.00172809   
  84  -0.00001940     0.00000771    -0.00001584    -0.08342520    -0.00217102     0.04721574   
  85   0.00002467    -0.00000493    -0.00001522    -0.07997115    -0.00199955     0.04542281   
  86  -0.00355305     0.00313766    -0.00538985    -0.00053822     0.00043122     0.00028519   
  87   0.00437644    -0.00263014    -0.00534665    -0.00057726     0.00045397     0.00029912   
           19             20             21             22             23             24       
   1   0.00011243     0.03018237     0.00323522    -0.00049720     0.00555153    -0.00168834   
   2   0.00007987     0.03015968     0.01998624    -0.00107716     0.02685475    -0.00336078   
   3   0.00012658     0.03751333     0.00289715    -0.00042354     0.00492831    -0.00150965   
   4  -0.00014007    -0.24664799     0.00130499    -0.00288641     0.00312873    -0.00711188   
   5  -0.00049035    -0.45940805    -0.00197810    -0.00419252    -0.00159569    -0.00933257   
   6  -0.00014785    -0.25163373     0.00152424    -0.00294735     0.00350388    -0.00725785   
   7   0.00379598     0.00576588    -0.00038565     0.03680877    -0.00080101     0.05011250   
   8   0.00085365     0.00364950    -0.00020316     0.08179001    -0.00020545     0.02000501   
   9  -0.00041012     0.00050746    -0.00005626     0.04456064     0.00004056     0.00102222   
  10  -0.00033900    -0.00037382    -0.00029752     0.35355615     0.00076837    -0.02243766   
  11  -0.00033034    -0.00123041    -0.00038555     0.49285075     0.00114284    -0.03541306   
  12  -0.40498083     0.00012211     0.00001512    -0.00208750     0.00009887    -0.07381425   
  13  -0.00044027    -0.00033486    -0.00028698     0.34564184     0.00075706    -0.02228680   
  14  -0.00063376     0.00053733    -0.00004217     0.03471293     0.00002850     0.00100650   
  15   0.01853144     0.00340452    -0.00015881     0.01724245    -0.00045972     0.12196542   
  16   0.02011437     0.00050855    -0.00002484     0.00275115    -0.00011514     0.05936877   
  17  -0.02479053    -0.00035460    -0.00008612     0.01129949    -0.00052965     0.38257660   
  18  -0.06826470    -0.00121768    -0.00009497     0.01371776    -0.00066233     0.50868618   
  19   0.00000389     0.00008345    -0.08628062    -0.00012828     0.00605558    -0.00009205   
  20  -0.02589572    -0.00040684    -0.00008980     0.01156318    -0.00054114     0.38782099   
  21   0.01791166     0.00043707    -0.00003002     0.00317131    -0.00013098     0.06627953   
  22   0.00001792     0.00510594     0.03919206    -0.00039956     0.04659558    -0.00121636   
  23   0.00000829     0.00345286     0.01966747    -0.00025952     0.11899037    -0.00017850   
  24  -0.00000102     0.00058798     0.00434941    -0.00008733     0.06419461     0.00013556   
  25  -0.00000236    -0.00024109     0.01720413    -0.00039269     0.38237645     0.00140041   
  26  -0.00000293    -0.00104907     0.02111423    -0.00049377     0.50629752     0.00195485   
  27  -0.00000242    -0.00016861     0.01703955    -0.00038913     0.38001024     0.00139369   
  28  -0.00000126     0.00069678     0.00409533    -0.00008294     0.06124250     0.00012733   
  29   0.00000773     0.00338530     0.09528436    -0.00003659     0.01364572    -0.00043886   
  30  -0.00000157     0.00071063     0.04772897     0.00004589    -0.00079410    -0.00003468   
  31  -0.00000145    -0.00011078     0.36102257     0.00055333    -0.02793415     0.00048745   
  32  -0.00000068    -0.00095921     0.49621359     0.00079363    -0.04145222     0.00077493   
  33   0.00000860    -0.00006623     0.10683931     0.00017927    -0.01010146     0.00021307   
  34  -0.00000137    -0.00017548     0.36355551     0.00055468    -0.02804036     0.00048912   
  35  -0.00000134     0.00061178     0.05087278     0.00004682    -0.00082905    -0.00003397   
  36  -0.00057121    -0.24236995    -0.00366133     0.00153214    -0.00640999     0.00493777   
  37  -0.00020206     0.03603799    -0.00043044     0.00235685    -0.00105238     0.00567113   
  38   0.00098626     0.03495671    -0.00107030     0.01575915    -0.00227593     0.02608571   
  39  -0.00030715     0.04013917    -0.00038311     0.00223172    -0.00097017     0.00532422   
  40  -0.00062109    -0.24036900    -0.00363410     0.00144618    -0.00635867     0.00473010   
  41  -0.00098063    -0.45209428    -0.00555063    -0.00090893    -0.00903452     0.00039522   
  42   0.00000754     0.00013759    -0.00112379     0.00002349    -0.02122551    -0.00006557   
  43   0.00000719    -0.00000929     0.00253288    -0.00006302     0.06998260     0.00029797   
  44   0.00000753     0.00013658    -0.00111446     0.00002331    -0.02096930    -0.00006456   
  45   0.00000304    -0.00000175     0.00605361     0.00001198    -0.00078863     0.00001985   
  46   0.00000751     0.00010917    -0.00445546     0.00010260    -0.10278761    -0.00038908   
  47   0.00000745     0.00006236    -0.00586834     0.00013613    -0.13662134    -0.00052156   
  48   0.00000752     0.00010966    -0.00445765     0.00010261    -0.10285166    -0.00038934   
  49   0.00000302    -0.00000185     0.00692183     0.00001345    -0.00087327     0.00002170   
  50  -0.00000016    -0.00001331     0.04667071     0.00007828    -0.00442311     0.00009322   
  51   0.00000579     0.00003968    -0.05678950    -0.00009404     0.00521959    -0.00010789   
  52   0.00000506     0.00002444    -0.03753040    -0.00006130     0.00335279    -0.00006777   
  53  -0.40638983     0.00012797     0.00000375    -0.00051594     0.00002176    -0.01376022   
  54  -0.00000136     0.00002191    -0.13927288    -0.00022213     0.01179595    -0.00022498   
  55   0.00000507     0.00002436    -0.03813945    -0.00006234     0.00341273    -0.00006909   
  56  -0.40636648     0.00012285     0.00001516    -0.00209710     0.00009937    -0.07420314   
  57  -0.40494602     0.00009480     0.00002044    -0.00276746     0.00013219    -0.09905487   
  58   0.00001423     0.00004642    -0.01812574    -0.00002670     0.00119392    -0.00001479   
  59   0.00001172    -0.00002090     0.06311033     0.00010952    -0.00645269     0.00014557   
  60   0.00000346    -0.00004500     0.09279795     0.00014773    -0.00779414     0.00014713   
  61  -0.40498557     0.00012656     0.00000378    -0.00051415     0.00002161    -0.01363239   
  62  -0.40795120     0.00000428    -0.00000720     0.00117854    -0.00006143     0.05265035   
  63   0.00001451     0.00012547    -0.19185077    -0.00030976     0.01666312    -0.00032977   
  64   0.00100222     0.00023679     0.00022133    -0.27508223    -0.00062544     0.01928207   
  65   0.00103656     0.00032868     0.00016858    -0.21031451    -0.00047730     0.01453682   
  66   0.00104574     0.00035190     0.00004418    -0.05207699    -0.00010746     0.00270041   
  67   0.00093548    -0.00001619    -0.00009532     0.13160585     0.00032941    -0.01116034   
  68   0.00104140     0.00035151     0.00004178    -0.04894500    -0.00010018     0.00247665   
  69   0.00103243     0.00032747     0.00016774    -0.20918190    -0.00047469     0.01445973   
  70   0.00001720     0.00003432    -0.11320155    -0.00018606     0.01029594    -0.00021236   
  71   0.00001616     0.00005300    -0.08560584    -0.00014007     0.00766303    -0.00015401   
  72   0.00000775     0.00014049     0.01824449     0.00004352    -0.00339484     0.00009806   
  73   0.00001081    -0.00001109     0.11935504     0.00020556    -0.01173443     0.00025001   
  74   0.00001326     0.00019284    -0.04215102    -0.00006354     0.00305025    -0.00005314   
  75  -0.00001138    -0.00003265     0.06556478     0.00010165    -0.00518722     0.00009374   
  76   0.00029452     0.28921820    -0.01918211     0.00350346    -0.02592202     0.00873666   
  77   0.00031383     0.29639599    -0.01954521     0.00354302    -0.02627690     0.00882662   
  78  -0.00196962    -0.00448919     0.00046975    -0.39203601    -0.00047811     0.00171508   
  79  -0.00229455    -0.00448725     0.00047884    -0.39820685    -0.00048360     0.00168869   
  80   0.04766414    -0.00418860     0.00024629    -0.02693568     0.00091851    -0.44351547   
  81   0.04427703    -0.00423301     0.00024251    -0.02663989     0.00090654    -0.43860145   
  82  -0.00001230    -0.00427239    -0.03365934     0.00058556    -0.43302653    -0.00099983   
  83  -0.00001262    -0.00417782    -0.03377277     0.00058764    -0.43410171    -0.00100063   
  84  -0.00001352    -0.00408343    -0.41045917    -0.00044509     0.01188257    -0.00002027   
  85  -0.00001323    -0.00416734    -0.40630688    -0.00044080     0.01170509    -0.00001935   
  86  -0.00137753     0.28435451     0.00433453    -0.01569951     0.00758969    -0.02653781   
  87  -0.00151918     0.28965945     0.00437777    -0.01585613     0.00765583    -0.02671523   
           25             26             27             28             29             30       
   1  -0.11064150     0.00816788     0.00026849     0.00003044     0.08547742     0.04675818   
   2  -0.22148473     0.00401817     0.00681211     0.00016462     0.26398245     0.07619600   
   3  -0.10378624     0.00749885     0.00036039     0.00003071     0.08315555     0.04455341   
   4  -0.24028092     0.03278878    -0.00850064    -0.00010591    -0.05206622     0.05613948   
   5  -0.21885422     0.03649782    -0.01167511    -0.00017057    -0.15537407     0.01512041   
   6  -0.24612292     0.03343242    -0.00861812    -0.00010680    -0.05062160     0.05831692   
   7   0.07595249    -0.01233346     0.00435048     0.00007717     0.17577408     0.19413554   
   8   0.04623788    -0.00833842     0.00339257     0.00006817     0.20560601     0.27883130   
   9   0.00935242    -0.00190022     0.00088030     0.00001938     0.06806763     0.10016914   
  10  -0.01779546     0.00267644    -0.00086847    -0.00001440    -0.02683435    -0.02243665   
  11  -0.03580154     0.00581370    -0.00212387    -0.00003970    -0.10564845    -0.13292070   
  12   0.00734859    -0.00112260     0.00040128     0.00000763     0.02253048     0.03108091   
  13  -0.01780890     0.00268898    -0.00087922    -0.00001472    -0.02853322    -0.02548255   
  14   0.00910936    -0.00184569     0.00085253     0.00001872     0.06545844     0.09602174   
  15   0.03556391    -0.00655331     0.00267250     0.00005302     0.15013277     0.18937843   
  16   0.00389490    -0.00098283     0.00050470     0.00001137     0.03822163     0.05196653   
  17  -0.03313784     0.00476457    -0.00154041    -0.00002647    -0.06056671    -0.06896940   
  18  -0.05159828     0.00771935    -0.00262537    -0.00004697    -0.11590431    -0.13799746   
  19   0.02049615     0.35919691     0.07106587     0.00037181     0.16559722    -0.19083150   
  20  -0.03334222     0.00478704    -0.00154420    -0.00002648    -0.06016771    -0.06810099   
  21   0.00376411    -0.00097767     0.00050907     0.00001153     0.03913551     0.05348732   
  22  -0.10182873    -0.01938541     0.01301131     0.00022459     0.21120654    -0.01209940   
  23  -0.05040548    -0.01077131     0.00830678     0.00015938     0.19208258    -0.01271956   
  24  -0.00720834    -0.00198514     0.00180251     0.00003808     0.05386667    -0.00410399   
  25   0.03720762     0.00649536    -0.00410401    -0.00006876    -0.06625513     0.00370416   
  26   0.06034202     0.01108506    -0.00740044    -0.00012975    -0.13797330     0.00873541   
  27   0.03697379     0.00655115    -0.00412692    -0.00006909    -0.06640710     0.00406690   
  28  -0.00743983    -0.00188045     0.00175686     0.00003738     0.05347028    -0.00366924   
  29  -0.06035728    -0.06698155     0.03185276     0.00046260     0.24897888    -0.12556920   
  30  -0.01391805    -0.03560427     0.01551407     0.00019606     0.08525405    -0.06346048   
  31   0.01717346    -0.07688334     0.02360854     0.00018610    -0.02804016    -0.05311687   
  32   0.03950443    -0.06461629     0.01407843     0.00006978    -0.12462617     0.00516878   
  33   0.03818224     0.31171449     0.07626454     0.00225308    -0.10581220     0.19374290   
  34   0.01737855    -0.07597747     0.02402727     0.00022836    -0.02759734    -0.05395418   
  35  -0.01396190    -0.03590794     0.01586539     0.00021554     0.08639492    -0.06452176   
  36   0.25303404    -0.03105775     0.00700632     0.00007612     0.00487536    -0.08009877   
  37   0.09741801    -0.01458122     0.00445171     0.00006715     0.08889833     0.04477109   
  38   0.18756774    -0.02856871     0.00911214     0.00014540     0.23682199     0.17428348   
  39   0.09407543    -0.01414347     0.00433703     0.00006560     0.08723005     0.04419439   
  40   0.25074669    -0.03074750     0.00692091     0.00007492     0.00347508    -0.08059541   
  41   0.24569166    -0.02582397     0.00412264     0.00002051    -0.09365734    -0.14178771   
  42   0.00020405     0.00018941    -0.00029110    -0.00000808    -0.01722714     0.00157348   
  43   0.01298895     0.00266446    -0.00208625    -0.00004225    -0.06172170     0.00487574   
  44   0.00022981     0.00019644    -0.00029549    -0.00000815    -0.01729790     0.00158513   
  45   0.00465532     0.01583864    -0.21693668    -0.51680422     0.01244809    -0.00153655   
  46  -0.01205810    -0.00227333     0.00160941     0.00003029     0.03922015    -0.00291760   
  47  -0.01714592    -0.00330864     0.00242370     0.00004702     0.06471226    -0.00498764   
  48  -0.01205775    -0.00227437     0.00160941     0.00003027     0.03916592    -0.00291790   
  49   0.00499784     0.01683392    -0.24157833     0.50562709     0.01362131    -0.00291637   
  50   0.01406867     0.04202979    -0.54770609    -0.01195239     0.02450058    -0.00387552   
  51  -0.01526131    -0.04578391     0.57303751     0.01412438    -0.02555531     0.00406488   
  52  -0.00879022    -0.02547881     0.30526996     0.49536091    -0.01228350     0.00127706   
  53   0.00007155     0.00006275    -0.00006067    -0.00000179    -0.00913167    -0.01573278   
  54  -0.01602909     0.00790410     0.07624094     0.00176690     0.17809668    -0.25107107   
  55  -0.00905361    -0.02624467     0.32643596    -0.48114457    -0.01333659     0.00264160   
  56   0.00739068    -0.00112929     0.00040383     0.00000768     0.02270322     0.03134065   
  57   0.01039025    -0.00162327     0.00059995     0.00001176     0.03687353     0.05271791   
  58   0.01345199     0.21229738    -0.07241027    -0.00233745     0.18598010    -0.26464206   
  59   0.03962212     0.40707022     0.00813949     0.00020364     0.05999768    -0.04832135   
  60   0.00780781    -0.03408940     0.08472335     0.00180512    -0.17711871     0.25187794   
  61   0.00006164     0.00006416    -0.00006114    -0.00000180    -0.00915715    -0.01577154   
  62  -0.00760178     0.00126905    -0.00050444    -0.00001037    -0.03473461    -0.05093096   
  63  -0.04688298    -0.36907248    -0.05455834    -0.00027983     0.00901550    -0.00984400   
  64   0.02062230    -0.00352589     0.00141576     0.00002927     0.10129533     0.15567401   
  65   0.01469554    -0.00245254     0.00095039     0.00001904     0.06184188     0.09157443   
  66   0.00011679     0.00014402    -0.00014769    -0.00000457    -0.02552199    -0.04713665   
  67  -0.01581733     0.00286524    -0.00122571    -0.00002640    -0.09661248    -0.15154527   
  68  -0.00015431     0.00019163    -0.00016749    -0.00000499    -0.02703790    -0.04950582   
  69   0.01460748    -0.00243751     0.00094437     0.00001892     0.06142565     0.09095394   
  70  -0.03988792    -0.36232580    -0.05051555    -0.00117503    -0.01246183    -0.00159421   
  71  -0.01896747    -0.10648669    -0.09708853    -0.00290744     0.15400531    -0.24416768   
  72   0.03996986     0.41177728     0.00850154    -0.00044384    -0.00293135     0.05486660   
  73   0.03255380     0.15354217    -0.06790090    -0.00074361    -0.18613026     0.27124217   
  74  -0.01032424    -0.16033161    -0.09698790    -0.00074716    -0.15700213     0.24131731   
  75   0.00534681     0.00788299     0.03360466     0.00055504    -0.01659378     0.00348993   
  76   0.34494088    -0.02654233     0.00108069    -0.00004189    -0.14056132    -0.08446597   
  77   0.34735530    -0.02660293     0.00103437    -0.00004291    -0.14155930    -0.08424862   
  78  -0.02236146     0.00429152    -0.00183485    -0.00003793    -0.11993227    -0.16776643   
  79  -0.02268791     0.00434565    -0.00185352    -0.00003824    -0.12039483    -0.16793595   
  80  -0.00274762     0.00148788    -0.00087283    -0.00001969    -0.06281213    -0.08226988   
  81  -0.00268243     0.00146960    -0.00086466    -0.00001954    -0.06252393    -0.08207687   
  82   0.01118204     0.00334350    -0.00312606    -0.00006522    -0.08584492     0.00600497   
  83   0.01129914     0.00335818    -0.00313399    -0.00006536    -0.08598801     0.00588469   
  84   0.03336476     0.10445159    -0.03893287    -0.00044575    -0.14766995     0.11448202   
  85   0.03310018     0.10267109    -0.03885685    -0.00047054    -0.14725967     0.11416148   
  86  -0.33250570     0.04368544    -0.01139861    -0.00015282    -0.16145265    -0.06419609   
  87  -0.33440925     0.04390190    -0.01144313    -0.00015328    -0.16165239    -0.06420806   
           31             32             33             34             35             36       
   1   0.05654899     0.00030029     0.05880988     0.02116085     0.04440045    -0.00080254   
   2   0.22837520     0.00062524     0.13150483     0.04691140     0.12800876    -0.00247212   
   3   0.05538470     0.00029206     0.05737040     0.02064005     0.04392228    -0.00079755   
   4  -0.12169816     0.00005916    -0.00042878     0.00035202    -0.03757329     0.00088101   
   5  -0.19339840    -0.00024956    -0.06109174    -0.02146978    -0.08333692     0.00170702   
   6  -0.12151395     0.00006759     0.00097884     0.00086709    -0.03740056     0.00088323   
   7  -0.10492308     0.00036323     0.04870596     0.01829364    -0.02793523     0.00083153   
   8  -0.22805061    -0.00067504    -0.14125736    -0.05223055     0.04861630    -0.00131972   
   9  -0.09218228    -0.00316786    -0.08362171    -0.03099135     0.03136392    -0.00087127   
  10  -0.00155696    -0.00614961    -0.06595478    -0.02458330     0.03020254    -0.00087342   
  11   0.09512414     0.00007599     0.01761029     0.00638714    -0.00114783    -0.00000224   
  12  -0.02564909     0.00057267     0.10334851     0.03961626    -0.18446016     0.50413806   
  13   0.00206174     0.00529846    -0.06097419    -0.02273775     0.02888482    -0.00083268   
  14  -0.08790530     0.00224943    -0.07911368    -0.02932395     0.03030704    -0.00083941   
  15  -0.12595409     0.00093003     0.15079123     0.05725242    -0.18379847     0.00441801   
  16  -0.03776744     0.00035096     0.05906998     0.02246636    -0.07870311     0.00219413   
  17   0.03990885    -0.00013269    -0.01790544    -0.00668149     0.00154147     0.00053738   
  18   0.08565656    -0.00050551    -0.07990826    -0.03025275     0.08269883    -0.00210913   
  19  -0.09038234    -0.00000036    -0.00077442    -0.00023997    -0.00172497     0.00003409   
  20   0.03881942    -0.00012562    -0.01738284    -0.00647042    -0.00058235    -0.00083694   
  21  -0.03928211     0.00036113     0.05980824     0.02275877    -0.08097211     0.00156268   
  22   0.20291064     0.00000607     0.01396647     0.00438556     0.05063534    -0.00113741   
  23   0.28046824    -0.00073788    -0.13375004    -0.04873216    -0.07578905     0.00126053   
  24   0.09380915    -0.00035452    -0.06756790    -0.02371729    -0.04867662     0.00088368   
  25  -0.06845054    -0.00008477    -0.02452756    -0.00687887    -0.04406455     0.00094977   
  26  -0.17549436     0.00027703     0.04436827     0.01658182     0.00475424     0.00006596   
  27  -0.06903896    -0.00007582    -0.02181185    -0.00887023    -0.04263376     0.00092299   
  28   0.09298719    -0.00034641    -0.06551616    -0.02441196    -0.04746385     0.00086146   
  29   0.15243379     0.00000956     0.02375819     0.00746212     0.09429095    -0.00215667   
  30   0.02842922     0.00000487     0.00800110     0.00252834     0.03135971    -0.00071900   
  31  -0.11320632    -0.00000141    -0.00827372    -0.00257864    -0.03277600     0.00074562   
  32  -0.15633409    -0.00000650    -0.01674204    -0.00525495    -0.06557629     0.00149578   
  33   0.16540217     0.00000362     0.00903421     0.00283431     0.03456912    -0.00078573   
  34  -0.11345079    -0.00000563    -0.00904906    -0.00285620    -0.03340595     0.00075737   
  35   0.02893141     0.00000085     0.00735131     0.00229303     0.03114519    -0.00071665   
  36   0.10190581    -0.00017326    -0.02063577    -0.00796865     0.02523588    -0.00067966   
  37   0.03869929     0.00036003     0.06451265     0.02348111     0.02785462    -0.00038482   
  38   0.01982860     0.00094409     0.16082037     0.05886101     0.04373568    -0.00035551   
  39   0.03758242     0.00034508     0.06232355     0.02267524     0.02789880    -0.00039010   
  40   0.10084348    -0.00018734    -0.02294379    -0.00881838     0.02524810    -0.00068570   
  41   0.06977376    -0.00055309    -0.08872580    -0.03274713    -0.00431848    -0.00026655   
  42  -0.05544726     0.00080209     0.32909752    -0.41518825     0.16150567    -0.00324159   
  43  -0.14470497     0.00153818     0.32123725     0.11434788     0.33282709    -0.00661662   
  44  -0.05539815     0.00068869    -0.01485170     0.52595704     0.17177128    -0.00341517   
  45   0.00990604     0.00000042     0.00107000     0.00033602     0.00423547    -0.00009685   
  46   0.08095384    -0.00082735    -0.33168708     0.41175609    -0.15905631     0.00316980   
  47   0.14529464    -0.00152065    -0.31799134    -0.11168118    -0.32888664     0.00653833   
  48   0.08060168    -0.00071101     0.01154654    -0.52521749    -0.16853219     0.00332778   
  49   0.00922481     0.00000042     0.00105523     0.00033140     0.00418435    -0.00009570   
  50   0.01500598     0.00000054     0.00137417     0.00043124     0.00532326    -0.00012120   
  51  -0.01605137    -0.00000062    -0.00155806    -0.00048910    -0.00608771     0.00013885   
  52  -0.00775289    -0.00000026    -0.00065266    -0.00020479    -0.00251331     0.00005716   
  53   0.01663238    -0.00053223    -0.09727235    -0.03732769     0.18017311    -0.50451812   
  54  -0.15896860    -0.00000178    -0.00436874    -0.00136607    -0.01490033     0.00033058   
  55  -0.00698299    -0.00000025    -0.00062864    -0.00019726    -0.00242562     0.00005518   
  56  -0.02589880     0.00058772     0.10594216     0.04062878    -0.20728489    -0.49367566   
  57  -0.04573068     0.00113086     0.20473822     0.07852581    -0.38778139     0.00912475   
  58  -0.18416270    -0.00000320    -0.00795075    -0.00249250    -0.02970807     0.00067205   
  59  -0.00569460     0.00000068     0.00173154     0.00054529     0.00741333    -0.00017207   
  60   0.16829645     0.00000244     0.00602738     0.00188769     0.02177173    -0.00048905   
  61   0.01667827    -0.00054168    -0.09884547    -0.03794875     0.20111352     0.49717630   
  62   0.04524170    -0.00114092    -0.20662265    -0.07925024     0.39158585    -0.00859355   
  63   0.00866936     0.00000103     0.00268666     0.00084540     0.01136216    -0.00026308   
  64  -0.16135375    -0.00824805    -0.24484792    -0.09100182     0.10288893    -0.00291767   
  65  -0.09014410     0.49723631    -0.12609058    -0.04677495     0.05153573    -0.00145638   
  66   0.05937978     0.50380980     0.11540726     0.04299808    -0.05059167     0.00144320   
  67   0.15993315     0.00160200     0.24542215     0.09121382    -0.10308888     0.00292281   
  68   0.06185914    -0.49770303     0.12429677     0.04615659    -0.05268917     0.00149965   
  69  -0.08955415    -0.50102539    -0.12028865    -0.04476375     0.05074172    -0.00143693   
  70  -0.01020582    -0.00000027    -0.00066141    -0.00020779    -0.00257899     0.00005898   
  71  -0.18704004    -0.00000367    -0.00916789    -0.00287554    -0.03480442     0.00078994   
  72   0.06919233     0.00000141     0.00355529     0.00111352     0.01289977    -0.00028967   
  73   0.17249678     0.00000180     0.00428181     0.00133818     0.01419646    -0.00031313   
  74   0.17579480     0.00000293     0.00729230     0.00228542     0.02694603    -0.00060827   
  75  -0.01867368    -0.00000105    -0.00266461    -0.00083736    -0.01079398     0.00024787   
  76  -0.06978831    -0.00041354    -0.07930675    -0.02858288    -0.05510026     0.00097197   
  77  -0.07059237    -0.00041239    -0.07920688    -0.02853820    -0.05550417     0.00098225   
  78   0.14559228     0.00430756     0.12381073     0.04588693    -0.04675390     0.00129871   
  79   0.14506274    -0.00303743     0.12199066     0.04521167    -0.04632423     0.00128199   
  80   0.05697281    -0.00050097    -0.08252968    -0.03139913     0.11190094    -0.00306439   
  81   0.05709886    -0.00049670    -0.08239737    -0.03135479     0.11242766    -0.00216784   
  82  -0.13672025     0.00049738     0.09528385     0.03343977     0.07086902    -0.00130075   
  83  -0.13664813     0.00049291     0.09379363     0.03479669     0.07011638    -0.00128647   
  84  -0.02874683    -0.00000472    -0.00965233    -0.00304335    -0.03837465     0.00087955   
  85  -0.02885685    -0.00000260    -0.00924916    -0.00289658    -0.03801019     0.00087257   
  86  -0.07410281    -0.00047421    -0.08632229    -0.03135097    -0.04107887     0.00060539   
  87  -0.07396841    -0.00047278    -0.08538778    -0.03100513    -0.04122207     0.00061309   
           37             38             39             40             41             42       
   1   0.03591395    -0.12208117    -0.04459877    -0.01616977    -0.06750789    -0.32313122   
   2   0.02097814    -0.27940171    -0.08958007    -0.02676539    -0.20212265    -0.00252467   
   3   0.03307443    -0.11487286    -0.04310282    -0.02249270    -0.06633044     0.32034470   
   4   0.06845154     0.04860312     0.00145988    -0.01905649     0.09197087     0.49372885   
   5   0.03065916     0.15979468     0.04491328     0.00692526     0.13944375     0.00558653   
   6   0.07205950     0.04012469    -0.00040196    -0.01071907     0.09123633    -0.48500660   
   7   0.11165927     0.07517375     0.02227070     0.00768092     0.04676561     0.00012551   
   8  -0.02814616     0.08365435     0.03389281     0.01637857     0.34946204    -0.00369162   
   9  -0.04620294     0.01500083     0.00836929     0.00511139     0.11715600    -0.00114435   
  10  -0.09563324    -0.06932221    -0.02247419    -0.00863615    -0.15482789     0.00171512   
  11  -0.04787373    -0.07920588    -0.02880634    -0.01283244    -0.24495555     0.00248274   
  12  -0.14938460    -0.05683650    -0.01999012    -0.01146085     0.03044531     0.00021484   
  13  -0.09048971    -0.07089719    -0.02399872    -0.01039867    -0.15417969     0.00132819   
  14  -0.04222779     0.01300937     0.00690751     0.00363795     0.11621703    -0.00140173   
  15   0.13381110     0.30992911     0.13627720     0.09656374    -0.38880783    -0.00300512   
  16   0.03195236     0.10823151     0.04888997     0.03553729    -0.15299277    -0.00074714   
  17  -0.08400665    -0.10459234    -0.04399239    -0.03002784     0.11111801     0.00149868   
  18  -0.11766572    -0.20729699    -0.08954756    -0.06249288     0.24541837     0.00192141   
  19  -0.00309258    -0.02551125     0.20695567    -0.13133133     0.02238547    -0.00169844   
  20  -0.08486422    -0.09986893    -0.04132002    -0.02759733     0.10046066     0.00011889   
  21   0.03157287     0.11284810     0.05134372     0.03763978    -0.16132890    -0.00172428   
  22  -0.08004791     0.01247783     0.02610978     0.02928766    -0.02017990     0.00021048   
  23  -0.08137043     0.05235383     0.16501993     0.45354039     0.12788259     0.00619578   
  24  -0.01666923     0.02001551     0.06078244     0.17151867     0.05572265     0.00402306   
  25   0.06063658    -0.01731845    -0.05567181    -0.14547409    -0.03126951     0.00039437   
  26   0.07718157    -0.03625195    -0.11131191    -0.29982856    -0.08191411    -0.00405855   
  27   0.06115842    -0.02125947    -0.05793885    -0.14837363    -0.04271860    -0.00394420   
  28  -0.01601291     0.01672005     0.05887223     0.16907035     0.04761898     0.00105476   
  29  -0.21351048     0.33195576     0.02521496    -0.34109708     0.05421039    -0.00320322   
  30  -0.07492367     0.13156217     0.00031431    -0.13928316     0.01932117     0.00414175   
  31   0.06709929    -0.08089184    -0.02850060     0.08444800    -0.01746771     0.00906644   
  32   0.14246070    -0.20678027    -0.02433166     0.21322357    -0.03259531     0.00204464   
  33  -0.07343855     0.16753456    -0.18794894    -0.05227100     0.02271856    -0.00184411   
  34   0.06670892    -0.08047383    -0.01774115     0.08426435    -0.00258626    -0.00803689   
  35  -0.07615152     0.13371448     0.00710880    -0.14011510     0.02967758    -0.00723588   
  36  -0.08807379    -0.01875834     0.00993650     0.02052727    -0.09772580     0.17395929   
  37   0.08726022    -0.09167688    -0.04954196    -0.03909182     0.04003386     0.11774599   
  38   0.25672530    -0.17372651    -0.10791017    -0.09369299     0.15852871     0.00759488   
  39   0.08476330    -0.08987175    -0.04832952    -0.03776197     0.05103824    -0.11230992   
  40  -0.09087302    -0.01644334     0.01154283     0.02241416    -0.08174926    -0.18173835   
  41  -0.17494839     0.07670467     0.05883469     0.05690453    -0.11734054    -0.00586895   
  42  -0.10189176     0.01744147     0.04697226     0.11191454     0.02431382     0.00115093   
  43  -0.18983394     0.02794408     0.07258426     0.16626379     0.03288690     0.00149743   
  44  -0.10368309     0.01761074     0.04735675     0.11274716     0.02445274     0.00114778   
  45  -0.00973070     0.01749577     0.00326104    -0.02317793     0.00563138    -0.00044377   
  46   0.08922942    -0.01225813    -0.03131425    -0.07039884    -0.01333308    -0.00060717   
  47   0.18788941    -0.02801768    -0.07314285    -0.16867169    -0.03405678    -0.00157310   
  48   0.09057675    -0.01236068    -0.03151559    -0.07080067    -0.01337778    -0.00059528   
  49  -0.00964747     0.01714023     0.00439136    -0.02361926     0.00567827    -0.00044663   
  50  -0.01133606     0.01712040     0.00360325    -0.02093568     0.00441041    -0.00033489   
  51   0.01340398    -0.02208752    -0.00477772     0.02866969    -0.00661241     0.00051413   
  52   0.00526729    -0.00797469    -0.00080641     0.00907076    -0.00194218     0.00014789   
  53   0.16479256     0.07857367     0.02919675     0.01776965    -0.05435224    -0.00040163   
  54   0.01808518     0.06680098    -0.24378452     0.08080640     0.00021765    -0.00024751   
  55   0.00509756    -0.00733962    -0.00241725     0.00953717    -0.00196616     0.00014851   
  56  -0.14964300    -0.05727506    -0.02015822    -0.01156503     0.03074921     0.00021858   
  57  -0.30803085    -0.12799210    -0.04607460    -0.02711721     0.07693552     0.00055768   
  58   0.05760198    -0.05869901    -0.10757401     0.13989614    -0.02639052     0.00199786   
  59  -0.02210701     0.13836630    -0.36349622     0.10203476    -0.00284127     0.00004536   
  60  -0.03620584    -0.02653736     0.25522400    -0.14279535     0.01648741    -0.00110692   
  61   0.16342643     0.07828541     0.02909815     0.01771351    -0.05418194    -0.00040175   
  62   0.31093237     0.12782883     0.04579588     0.02678470    -0.07451656    -0.00053434   
  63  -0.03238127     0.14794000    -0.29741881     0.03780509     0.01042940    -0.00101789   
  64  -0.24680642    -0.12861586    -0.03970664    -0.01514834    -0.21366782     0.00201671   
  65  -0.11843833    -0.05648720    -0.01702844    -0.00631962    -0.08357661     0.00077758   
  66   0.13157573     0.07870971     0.02507420     0.00989153     0.14997260    -0.00144108   
  67   0.24648526     0.12645618     0.03881120     0.01469987     0.20261412    -0.00190631   
  68   0.13621439     0.08100748     0.02577252     0.01014495     0.15396491    -0.00148167   
  69  -0.11698966    -0.05593414    -0.01687709    -0.00628055    -0.08260477     0.00076543   
  70   0.00689299    -0.08980228     0.32972016    -0.14091819     0.01649807    -0.00118175   
  71   0.07251265    -0.17796180     0.25630652     0.01173268    -0.01604497     0.00134204   
  72  -0.01979577    -0.07818297     0.35722331    -0.15487737     0.01183338    -0.00064323   
  73  -0.01488843    -0.03773040     0.06990257     0.01725050    -0.01516678     0.00138272   
  74  -0.05080511     0.12411521    -0.27082863     0.07496848    -0.00901769     0.00073083   
  75   0.02655784    -0.05295029    -0.01213913     0.07523027    -0.01916730     0.00153110   
  76  -0.05271205     0.13905780     0.05154647     0.02072216     0.06519885     0.31217848   
  77  -0.05101836     0.13502981     0.05078306     0.02601277     0.06523116    -0.31631047   
  78   0.07073997    -0.01063367    -0.00737303    -0.00477774    -0.11596029     0.00116002   
  79   0.06834163    -0.00973440    -0.00648717    -0.00372517    -0.11664438     0.00138709   
  80  -0.03314503    -0.12466493    -0.05556832    -0.03973207     0.16304140     0.00086565   
  81  -0.03260804    -0.12697449    -0.05696004    -0.04106549     0.16922707     0.00170926   
  82   0.01465846    -0.02118094    -0.06558427    -0.18325296    -0.05679818    -0.00395740   
  83   0.01443431    -0.01888893    -0.06426337    -0.18155956    -0.04961223    -0.00125278   
  84   0.08989910    -0.14948131     0.00127289     0.15118158    -0.02086559    -0.00385586   
  85   0.09000438    -0.14944091    -0.00553267     0.15123125    -0.03024153     0.00699669   
  86  -0.10436085     0.11216958     0.05751428     0.04322913    -0.03764714    -0.11618445   
  87  -0.10307887     0.11109668     0.05668371     0.04215823    -0.04786551     0.11209071   
           43             44             45             46             47             48       
   1   0.00597637     0.09744870    -0.10652448    -0.02227602    -0.00723913    -0.00308172   
   2   0.00856859    -0.06308118    -0.29599879    -0.06122204    -0.02291096    -0.01085810   
   3  -0.00169424    -0.13570536    -0.07270740    -0.01587587    -0.00615877    -0.00314540   
   4  -0.01151479    -0.14308062     0.18289418     0.03635225     0.01365417     0.00621146   
   5  -0.00640420     0.04329314     0.21051183     0.04321126     0.01638808     0.00778324   
   6   0.00029804     0.20689129     0.13384108     0.02690083     0.01216244     0.00634541   
   7   0.00069640     0.00049042     0.00291675     0.00125322    -0.00112824    -0.00067434   
   8   0.01878398    -0.05448335    -0.31345985    -0.05623067    -0.02972619    -0.00841244   
   9   0.00727774    -0.02154415    -0.13979973    -0.02702115     0.33239669    -0.00537735   
  10  -0.00677222     0.01880166     0.08499905     0.01231323     0.52674081    -0.00021249   
  11  -0.01282598     0.03678725     0.21172368     0.03789059     0.01461923     0.00574161   
  12   0.00023686     0.00054503     0.00087746     0.00034525     0.00011678     0.00100126   
  13  -0.00867705     0.02497647     0.16429617     0.03204092    -0.51024448     0.00670064   
  14   0.00589681    -0.01714747    -0.08513811    -0.01357251    -0.35201760    -0.00083698   
  15  -0.00342192    -0.00816943    -0.01412298    -0.00554493    -0.00179269    -0.00800920   
  16  -0.00171224    -0.00018432     0.00591280     0.00040753    -0.00207666    -0.34605321   
  17   0.00047829     0.00679039     0.02073996     0.00540830    -0.00155519    -0.51876628   
  18   0.00214828     0.00520203     0.00869268     0.00343921     0.00118788     0.00268001   
  19   0.00107572     0.01028283     0.04695169     0.01013889     0.00437205     0.00230836   
  20   0.00132970    -0.00244369    -0.01335555    -0.00252168     0.00251593     0.52080935   
  21  -0.00112341    -0.00656637    -0.01743257    -0.00499722     0.00064151     0.34113741   
  22   0.00178863    -0.00894341    -0.04289083    -0.00796870    -0.00365913    -0.00182080   
  23  -0.00310802     0.03216793     0.15451565     0.03499829     0.01142806     0.00531730   
  24  -0.00392365     0.01755940     0.12999475    -0.32492666     0.00339991     0.00189416   
  25  -0.00304354    -0.00273586     0.05512161    -0.51969854    -0.00529159    -0.00199850   
  26   0.00187425    -0.02037809    -0.09823074    -0.01989866    -0.00719397    -0.00334150   
  27   0.00473264    -0.01506533    -0.14035746     0.50188299    -0.00087279    -0.00084555   
  28   0.00137801     0.00926943    -0.00037544     0.35267502     0.00627927     0.00263642   
  29  -0.00164315     0.01727304     0.07362991     0.01488937     0.00523186     0.00232064   
  30   0.34210095     0.01429636     0.04902268     0.00734163     0.00309165     0.00139775   
  31   0.52038991     0.00684733     0.01129768    -0.00172630     0.00025965     0.00017661   
  32   0.00030394    -0.01022656    -0.04308181    -0.00877305    -0.00299908    -0.00131023   
  33  -0.00367592     0.01071217     0.04920346     0.01066967     0.00459982     0.00242723   
  34  -0.52016823    -0.01155361    -0.02965094    -0.00171123    -0.00107894    -0.00037381   
  35  -0.34457686     0.00235240     0.02275226     0.00737981     0.00226002     0.00105971   
  36  -0.00198467     0.44809915    -0.25525463    -0.04349531    -0.01782269    -0.00515787   
  37  -0.01061252     0.33964294     0.06583045     0.01690524     0.00864945     0.00670458   
  38  -0.01496253     0.06985701     0.36689442     0.07111049     0.03195980     0.01598283   
  39  -0.00030172    -0.29081672     0.18743071     0.03162663     0.01441682     0.00507162   
  40   0.01373794    -0.51254366    -0.06844513    -0.02081071    -0.00874537    -0.00779054   
  41   0.01003180    -0.04956912    -0.25055334    -0.04879225    -0.02162014    -0.01079931   
  42  -0.00052651     0.00555852     0.02661536     0.00427460     0.00186499     0.00085325   
  43  -0.00068913     0.00718735     0.03397898     0.00683394     0.00235873     0.00106776   
  44  -0.00051270     0.00556889     0.02638110     0.00639836     0.00188552     0.00086070   
  45  -0.00050091     0.00261573     0.01199023     0.00259599     0.00111969     0.00059121   
  46   0.00028611    -0.00286805    -0.01371229    -0.00127179    -0.00091840    -0.00041513   
  47   0.00070969    -0.00752849    -0.03568347    -0.00716505    -0.00249117    -0.00113093   
  48   0.00026370    -0.00285095    -0.01324401    -0.00412894    -0.00093588    -0.00042052   
  49  -0.00046849     0.00263606     0.01208077     0.00261512     0.00112781     0.00059544   
  50  -0.00038956     0.00190829     0.00864600     0.00185902     0.00078097     0.00040545   
  51   0.00056234    -0.00300731    -0.01374036    -0.00296852    -0.00127150    -0.00066839   
  52   0.00019619    -0.00084230    -0.00381988    -0.00082172    -0.00034575    -0.00017969   
  53  -0.00044356    -0.00104966    -0.00171676    -0.00067582    -0.00023453    -0.00105745   
  54  -0.00291043     0.00184403     0.00969723     0.00227867     0.00119835     0.00070429   
  55   0.00014019    -0.00085119    -0.00385640    -0.00082889    -0.00034861    -0.00018111   
  56   0.00023722     0.00056473     0.00094918     0.00036275     0.00011571    -0.00046991   
  57   0.00061106     0.00144529     0.00237434     0.00092550     0.00031338     0.00069949   
  58   0.00146970    -0.01162897    -0.05288279    -0.01138768    -0.00483965    -0.00253178   
  59  -0.00330684    -0.00029761    -0.00065345    -0.00003483     0.00008043     0.00007311   
  60   0.00146672     0.00630896     0.02795190     0.00591162     0.00239239     0.00121132   
  61  -0.00044059    -0.00105748    -0.00175752    -0.00068391    -0.00023126     0.00001966   
  62  -0.00058654    -0.00137916    -0.00228082    -0.00088559    -0.00029183    -0.00067813   
  63  -0.00508252     0.00591183     0.02789347     0.00616472     0.00276757     0.00149766   
  64  -0.01022620     0.02855612     0.16153734     0.02858046     0.01058123     0.00410123   
  65  -0.00389075     0.01077906     0.06036506     0.01060971     0.00987469     0.00146034   
  66   0.00736391    -0.02072047    -0.11798323    -0.02096616    -0.00354863    -0.00307809   
  67   0.00960731    -0.02676818    -0.15096679    -0.02667237    -0.00987935    -0.00377539   
  68   0.00753850    -0.02119999    -0.12032966    -0.02133444    -0.01231034    -0.00309654   
  69  -0.00386791     0.01072981     0.06058132     0.01071333    -0.00202994     0.00152681   
  70   0.00134574     0.00711240     0.03224249     0.00692489     0.00295387     0.00155010   
  71   0.00406701    -0.00763195    -0.03511440    -0.00762787    -0.00328175    -0.00172941   
  72   0.00328532     0.00345438     0.01433225     0.00288515     0.00099008     0.00043774   
  73   0.00256768    -0.00851139    -0.04000018    -0.00881919    -0.00398890    -0.00216968   
  74  -0.00141115    -0.00496205    -0.02333436    -0.00512933    -0.00236661    -0.00130311   
  75   0.00166760    -0.00910272    -0.04185819    -0.00908257    -0.00394510    -0.00209246   
  76  -0.00562364    -0.09380677     0.09761678     0.02061918     0.00646472     0.00270572   
  77   0.00201864     0.13163730     0.06663026     0.01459392     0.00554422     0.00281262   
  78  -0.00712658     0.02112363     0.13612194     0.02626242    -0.31911728     0.00527709   
  79  -0.00593218     0.01718333     0.08577690     0.01370131     0.34652414     0.00077615   
  80   0.00174435     0.00060546    -0.00485007    -0.00015212     0.00205312     0.33828729   
  81   0.00120308     0.00639307     0.01681161     0.00488963    -0.00049530    -0.32821204   
  82   0.00373286    -0.01746367    -0.12739218     0.31109785    -0.00342189    -0.00188503   
  83  -0.00113359    -0.00959198    -0.00270709    -0.34132130    -0.00625469    -0.00262544   
  84  -0.33212448    -0.01449187    -0.05008923    -0.00751865    -0.00317893    -0.00143945   
  85   0.33183777    -0.00268573    -0.02377861    -0.00758062    -0.00231267    -0.00108162   
  86   0.01043962    -0.33104130    -0.06270611    -0.01606679    -0.00819067    -0.00655239   
  87   0.00035639     0.28685476    -0.18329711    -0.03073955    -0.01414199    -0.00479174   
           49             50             51       
   1  -0.02776456     0.13409550     0.09331311   
   2  -0.07364891     0.02713434     0.04596326   
   3  -0.03007953     0.13392099     0.09306718   
   4   0.02437593     0.02037090    -0.02021591   
   5   0.04714691    -0.10588059    -0.07149169   
   6   0.02879601     0.01942208    -0.02080439   
   7   0.00467757    -0.51354965     0.72838967   
   8  -0.01688481     0.02885794    -0.03720813   
   9  -0.00625938     0.08719931    -0.12356198   
  10   0.00653569     0.00127375    -0.00258713   
  11   0.01081525    -0.06823306     0.09671796   
  12   0.00047996     0.00005500    -0.00010737   
  13   0.00473294     0.00227796    -0.00395164   
  14  -0.00728324     0.08698354    -0.12325481   
  15  -0.01040061     0.02768573    -0.03585709   
  16  -0.00507886     0.08180031    -0.11589751   
  17   0.00171679     0.00160483    -0.00287803   
  18   0.00640230    -0.06466729     0.09164026   
  19  -0.33483055    -0.00167508    -0.00113141   
  20   0.00329194     0.00107313    -0.00217781   
  21  -0.00414482     0.08198269    -0.11615381   
  22   0.01942024    -0.72748627    -0.51399751   
  23  -0.03748744     0.03598903     0.02316024   
  24  -0.01744274     0.11093339     0.07831119   
  25   0.00819030     0.00170735     0.00164845   
  26   0.02329495    -0.08746657    -0.06176588   
  27   0.01064339     0.00234299     0.00206705   
  28  -0.01601270     0.11094152     0.07831871   
  29   0.18726285     0.03301312     0.02111991   
  30   0.05232274     0.10728341     0.07575337   
  31  -0.11585193     0.00246479     0.00216097   
  32  -0.13075287    -0.08459683    -0.05976579   
  33  -0.34402619    -0.00320740    -0.00226013   
  34  -0.11508725     0.00213920     0.00195212   
  35   0.05389714     0.10799624     0.07625471   
  36  -0.02576687     0.02988614     0.01603739   
  37   0.01221771     0.08036292    -0.11201519   
  38   0.04260248     0.00079076    -0.04717443   
  39   0.01250227     0.08042738    -0.11197481   
  40  -0.02521128     0.03029048     0.01557736   
  41  -0.03052101    -0.06390767     0.08637916   
  42  -0.00533065     0.00986180     0.00696866   
  43  -0.00618533    -0.00052111    -0.00047433   
  44  -0.00535157     0.00989889     0.00699487   
  45  -0.08514342    -0.00108850    -0.00076843   
  46   0.00234221     0.00009485     0.00009441   
  47   0.00671568    -0.00825084    -0.00583260   
  48   0.00234024     0.00008580     0.00008772   
  49  -0.08570687    -0.00108776    -0.00076800   
  50  -0.05094323     0.00054796     0.00039533   
  51   0.09320728     0.00097491     0.00068936   
  52   0.02285097    -0.00008687    -0.00006375   
  53  -0.00107541     0.00523447    -0.00742213   
  54  -0.17089005    -0.00872587    -0.00617237   
  55   0.02298141    -0.00009964    -0.00007296   
  56   0.00048419     0.00003809    -0.00008307   
  57   0.00136457    -0.00435948     0.00618357   
  58   0.34322805     0.00347398     0.00245362   
  59  -0.03398757    -0.00090587    -0.00063896   
  60  -0.12640099     0.00223343     0.00159243   
  61  -0.00107104     0.00520870    -0.00738549   
  62  -0.00126171    -0.00026765     0.00049317   
  63  -0.24563371    -0.00187051    -0.00128068   
  64   0.00655655    -0.01370643     0.01944908   
  65   0.00228381     0.00014393    -0.00029439   
  66  -0.00511111     0.01610725    -0.02284672   
  67  -0.00591017    -0.00090564     0.00163225   
  68  -0.00524839     0.01637321    -0.02322362   
  69   0.00223670     0.00019542    -0.00036761   
  70  -0.22112299    -0.00461983    -0.00326361   
  71   0.23991004     0.00049928     0.00033350   
  72   0.02124926     0.01117061     0.00789684   
  73   0.37461732     0.00055662     0.00023948   
  74   0.25301395     0.01551494     0.01096964   
  75   0.31110373     0.00437440     0.00307325   
  76   0.02546795    -0.06951402    -0.04683436   
  77   0.02855556    -0.07020181    -0.04722054   
  78   0.00589949    -0.04518606     0.06344500   
  79   0.00709213    -0.04565567     0.06410298   
  80   0.00506371    -0.04288192     0.06019755   
  81   0.00402556    -0.04262696     0.05984226   
  82   0.01689867    -0.05740378    -0.04016104   
  83   0.01529859    -0.05756349    -0.04027300   
  84  -0.04444327    -0.05536799    -0.03874798   
  85  -0.04528296    -0.05558788    -0.03889994   
  86  -0.01043642    -0.04256336     0.05693273   
  87  -0.01081512    -0.04279767     0.05716053   

 -----------------------------------------------------------------------------------------------
  Virtual Orbital Coefficients
 -----------------------------------------------------------------------------------------------
           52             53             54             55             56             57       
   1  -0.00690096    -0.05848431     0.01676729     0.09704426    -0.00009178    -0.07244045   
   2   0.01279640     0.12916969    -0.03949009    -0.26046165     0.00100434     0.17162759   
   3  -0.00677719    -0.05806158     0.01663740     0.09720302    -0.00011364    -0.07214029   
   4  -0.00781084    -0.09107748     0.02914453     0.20902199    -0.00117064    -0.12485538   
   5   0.01257652     0.13117042    -0.04044793    -0.27197405     0.00112934     0.18097488   
   6  -0.00769685    -0.09045295     0.02892763     0.20820737    -0.00118017    -0.12399566   
   7  -0.00145275    -0.01377206     0.00383036     0.01637192     0.00042161    -0.07769748   
   8  -0.00237324    -0.04807812     0.01874387     0.19946928    -0.00407535     0.27478590   
   9   0.00138603     0.02472580    -0.00928929    -0.09312148     0.00171523    -0.10267745   
  10   0.00133610     0.03029653    -0.01218439    -0.13609256     0.00300200    -0.21851634   
  11  -0.00233891    -0.04824749     0.01892240     0.20342184    -0.00422871     0.29046797   
  12   0.00010991     0.00182477    -0.00058886    -0.00312529    -0.00011786     0.03035233   
  13   0.00135100     0.03053952    -0.01226781    -0.13673963     0.00300436    -0.21764643   
  14   0.00137406     0.02462031    -0.00926871    -0.09330758     0.00173597    -0.10559882   
  15  -0.00139850    -0.01744705     0.00523008     0.02485902     0.00079412    -0.17547453   
  16   0.00096038     0.01126108    -0.00332093    -0.01532973    -0.00048829     0.10440226   
  17   0.00061571     0.00810273    -0.00246228    -0.01196119    -0.00039113     0.08891202   
  18  -0.00139878    -0.01755018     0.00527015     0.02512075     0.00081014    -0.18001421   
  19  -0.18613103     0.34585867     0.14188202     0.11956623    -0.00582989    -0.03325513   
  20   0.00061031     0.00800895    -0.00243066    -0.01173419    -0.00039048     0.08834715   
  21   0.00097234     0.01145860    -0.00339053    -0.01592605    -0.00048218     0.10452999   
  22   0.00507723     0.00627540     0.00235208     0.06235979    -0.00110341    -0.02725653   
  23   0.00529540     0.00914448     0.00328392     0.11262045    -0.00262836    -0.08730795   
  24  -0.00351835    -0.00555846    -0.00209389    -0.06789901     0.00152003     0.04897270   
  25  -0.00237506    -0.00442079    -0.00165465    -0.05729790     0.00139103     0.04797292   
  26   0.00523970     0.00914500     0.00338646     0.11476721    -0.00269963    -0.09055337   
  27  -0.00246797    -0.00450645    -0.00164603    -0.05801482     0.00140678     0.04854599   
  28  -0.00347686    -0.00573960    -0.00206239    -0.06741233     0.00151710     0.04858477   
  29  -0.03825376    -0.18961320     0.03864393    -0.00059776     0.00516904    -0.03040272   
  30   0.01642054     0.07779708    -0.01947120    -0.01661110    -0.00209796     0.02151918   
  31   0.03050656     0.14439019    -0.02593899     0.02318665    -0.00395256     0.01013521   
  32  -0.04008321    -0.19372367     0.04211559    -0.00241324     0.00547608    -0.03085779   
  33  -0.21098495    -0.18183366     0.27786102    -0.12798398     0.00724490     0.03705408   
  34   0.03294854     0.14242907    -0.02768938     0.02350040    -0.00398983     0.00965658   
  35   0.01267799     0.08144951    -0.01705060    -0.01698607    -0.00206075     0.02224773   
  36  -0.00712457    -0.08867674     0.02893855     0.21599592    -0.00141417    -0.11772420   
  37  -0.00293336    -0.04394073     0.01513017     0.12437869    -0.00115142    -0.03723214   
  38   0.00836646     0.11250525    -0.03759715    -0.29326692     0.00227881     0.12918712   
  39  -0.00298453    -0.04459299     0.01534720     0.12595339    -0.00115720    -0.03894634   
  40  -0.00710494    -0.08841989     0.02885063     0.21535385    -0.00141227    -0.11690161   
  41   0.00838862     0.11560870    -0.03881191    -0.30405484     0.00234646     0.14100510   
  42  -0.00127530    -0.00260669    -0.00100810    -0.03669755     0.00096041     0.03576657   
  43   0.00157979     0.00352866     0.00137295     0.05177514    -0.00141089    -0.05429675   
  44  -0.00128316    -0.00264222    -0.00100554    -0.03682618     0.00096513     0.03590442   
  45  -0.20739987    -0.03976368    -0.26442660     0.01516514     0.48827964     0.00504604   
  46  -0.00059114    -0.00137262    -0.00054721    -0.02084597     0.00057961     0.02273149   
  47   0.00164661     0.00359642     0.00139825     0.05229740    -0.00141476    -0.05416830   
  48  -0.00059199    -0.00139155    -0.00054001    -0.02078096     0.00057909     0.02267439   
  49  -0.21137209    -0.05683414    -0.25993205    -0.00196744    -0.48812016    -0.00017892   
  50   0.31337073     0.08289202     0.46926442    -0.01270760     0.00152639    -0.00511151   
  51   0.30261141     0.07840358     0.44088543    -0.01178656    -0.00058406    -0.00482287   
  52  -0.11834481    -0.02505467    -0.20054490     0.01464039     0.51098806     0.00506695   
  53   0.00024006     0.00350877    -0.00109866    -0.00558476    -0.00019872     0.04864318   
  54  -0.23700118    -0.30329679     0.11630494    -0.13364084     0.00824169     0.02852745   
  55  -0.12127141    -0.04330300    -0.19366716    -0.00366978    -0.51136904    -0.00034607   
  56   0.00010816     0.00179474    -0.00057882    -0.00306239    -0.00011648     0.02991370   
  57  -0.00030557    -0.00474352     0.00150739     0.00782268     0.00028803    -0.07238437   
  58  -0.03749132     0.27027267    -0.12010711     0.13190838    -0.00727774    -0.03714583   
  59   0.32432189    -0.08892698    -0.19469110     0.00513192    -0.00036251    -0.00310367   
  60  -0.19406407     0.28664593    -0.04080160     0.12540333    -0.00646620    -0.03682352   
  61   0.00023773     0.00346991    -0.00108581    -0.00550673    -0.00019688     0.04808290   
  62  -0.00029178    -0.00463505     0.00147980     0.00772587     0.00028649    -0.07238425   
  63   0.26898182     0.04741409    -0.16161395     0.04907326    -0.00290615    -0.01168075   
  64  -0.00150428    -0.03833254     0.01590107     0.18610817    -0.00440301     0.34185504   
  65   0.00052950     0.01443801    -0.00608085    -0.07269376     0.00176946    -0.14063128   
  66   0.00115557     0.02770497    -0.01132047    -0.12961242     0.00297138    -0.22441438   
  67  -0.00140417    -0.03663879     0.01527082     0.17984302    -0.00428727     0.33472997   
  68   0.00118061     0.02832325    -0.01157488    -0.13255599     0.00303989    -0.22966206   
  69   0.00053249     0.01451497    -0.00611296    -0.07307224     0.00177849    -0.14133508   
  70   0.24026986    -0.18303720    -0.09323969    -0.04524734     0.00233644     0.00755547   
  71  -0.26426236    -0.13335412     0.26859388    -0.11348508     0.00630778     0.03567195   
  72   0.34400093    -0.03639443    -0.21393154     0.00546124    -0.00249935     0.00773662   
  73  -0.08946612    -0.34426527     0.04827640    -0.13495666     0.00864604     0.02786036   
  74  -0.22582068     0.38756229     0.13196109     0.11179199    -0.00708137    -0.02052360   
  75   0.17440885    -0.00603036    -0.12057268     0.00698022    -0.00117300     0.00467804   
  76   0.00264583     0.02322672    -0.00674690    -0.04043778     0.00007219     0.02896487   
  77   0.00261701     0.02323568    -0.00675658    -0.04089653     0.00008250     0.02912327   
  78  -0.00052674    -0.00954436     0.00360713     0.03656085    -0.00068851     0.04245135   
  79  -0.00052566    -0.00958477     0.00363158     0.03698810    -0.00070403     0.04409716   
  80  -0.00035410    -0.00414603     0.00122183     0.00562059     0.00018155    -0.03877049   
  81  -0.00035849    -0.00422153     0.00124945     0.00588190     0.00017743    -0.03858581   
  82   0.00128148     0.00200940     0.00078686     0.02513543    -0.00056366    -0.01827222   
  83   0.00128142     0.00213093     0.00076522     0.02500046    -0.00056504    -0.01816672   
  84  -0.00685906    -0.03146740     0.00763646     0.00481903     0.00085136    -0.00760174   
  85  -0.00537031    -0.03284157     0.00669549     0.00498873     0.00083484    -0.00788510   
  86   0.00126045     0.01815583    -0.00618886    -0.05003286     0.00044210     0.01669849   
  87   0.00128573     0.01847865    -0.00629585    -0.05081289     0.00044528     0.01748903   
           58             59             60             61             62             63       
   1  -0.00363184    -0.05403288    -0.01579394     0.00002317    -0.00028813    -0.00002465   
   2  -0.02199186     0.08936032    -0.03070035    -0.00003412     0.00071852    -0.00005668   
   3  -0.00461420    -0.05157221    -0.01082407    -0.00019565    -0.00025890     0.00007018   
   4   0.03559693    -0.04096565     0.05957883     0.00029291    -0.00055680     0.00000009   
   5  -0.02924796     0.09144976    -0.04867267    -0.00011379     0.00082832    -0.00006384   
   6   0.03497773    -0.03864331     0.06366314     0.00009810    -0.00052908     0.00008118   
   7   0.00641349    -0.07073569     0.04455904     0.00013290    -0.00067706     0.00003371   
   8  -0.00506603     0.01668979     0.00045423     0.00001258    -0.00012725    -0.00003906   
   9   0.00033506     0.01480516    -0.01593938    -0.00005469     0.00017664     0.03344967   
  10   0.00604033    -0.04379647     0.02246057     0.00006248    -0.00017204    -0.02843311   
  11  -0.00598722     0.02726614    -0.00627434    -0.00000768    -0.00002205     0.00034806   
  12  -0.01774023    -0.20023518     0.09705743     0.00029739     0.49907559     0.00030217   
  13   0.00574133    -0.04192113     0.01988247     0.00005309    -0.00037403     0.02826078   
  14   0.00080302     0.01269990    -0.01291574    -0.00004368     0.00040568    -0.03355560   
  15   0.05374349     0.24904375    -0.03687384    -0.00002742     0.00218879    -0.00003379   
  16  -0.02873068    -0.11125716     0.00774370    -0.00002010     0.00287289    -0.00037259   
  17  -0.03054583    -0.17130001     0.03896262     0.00007102    -0.00469716     0.00033881   
  18   0.05680738     0.27663562    -0.04606471    -0.00004962     0.00246108    -0.00000225   
  19   0.09043632    -0.05328344    -0.08426401    -0.00019568     0.00018663    -0.00001255   
  20  -0.03035913    -0.17238993     0.04056326     0.00007844     0.00187245    -0.00031994   
  21  -0.02886825    -0.10949275     0.00576347    -0.00002884    -0.00489947     0.00036362   
  22   0.04511466     0.01483838     0.08688170     0.00029994    -0.00036760     0.00002609   
  23  -0.30821015    -0.01380202     0.00184242    -0.00033359    -0.00026533     0.00002217   
  24   0.14324592     0.00324735    -0.02698698     0.00826716     0.00026537    -0.00001878   
  25   0.20442895     0.01406221     0.03819216    -0.00666325    -0.00004123    -0.00000022   
  26  -0.33463201    -0.01689998    -0.01088910    -0.00037412    -0.00022666     0.00001942   
  27   0.20524379     0.01431048     0.03622448     0.00719347    -0.00001963     0.00000171   
  28   0.14392451     0.00289967    -0.02483209    -0.00805177     0.00024184    -0.00002095   
  29   0.18490035    -0.15084952    -0.28174932    -0.00071579     0.00073501    -0.00005073   
  30  -0.10608970     0.07601205     0.13094997     0.00037680    -0.00031927     0.00002751   
  31  -0.09221854     0.08856962     0.18108391     0.00041832    -0.00050932     0.00003070   
  32   0.19564319    -0.16651278    -0.32080560    -0.00081423     0.00086339    -0.00006018   
  33  -0.12891807     0.10329239     0.21224144     0.00056017    -0.00063175     0.00004479   
  34  -0.09056638     0.08695092     0.18007285     0.00052660    -0.00052113     0.00004164   
  35  -0.10808061     0.07820334     0.13268484     0.00025600    -0.00030709     0.00001538   
  36   0.04542420    -0.01455071     0.08152470     0.00029979    -0.00059786    -0.00043237   
  37   0.03278314     0.03702013     0.04843864     0.00018852     0.00022294     0.00050730   
  38  -0.07018549    -0.03055419    -0.11595215    -0.00044432     0.00027148     0.00001375   
  39   0.03345144     0.03651298     0.05008983     0.00021576    -0.00012420    -0.00051765   
  40   0.04505735    -0.01394383     0.08035075     0.00027746    -0.00028976     0.00047832   
  41  -0.07504442    -0.02263767    -0.13023613    -0.00049321     0.00040166    -0.00002123   
  42   0.21814391     0.02649559     0.13507200     0.49969580    -0.00060731     0.00004393   
  43  -0.37080631    -0.04929594    -0.26771319    -0.00070557     0.00122736    -0.00008973   
  44   0.21945498     0.02660765     0.13836435    -0.49808343    -0.00059496     0.00004343   
  45  -0.01293410     0.00933187     0.01776783     0.00004548    -0.00004946     0.00000347   
  46   0.16468730     0.02301915     0.12720002     0.50103967    -0.00060983     0.00004451   
  47  -0.36562245    -0.04843384    -0.26301916    -0.00114950     0.00120703    -0.00008826   
  48   0.16473520     0.02297185     0.12965259    -0.50092042    -0.00059358     0.00004373   
  49  -0.01001015     0.00847673     0.01693336     0.00004390    -0.00004858     0.00000342   
  50   0.03015311    -0.02841780    -0.06251550    -0.00016898     0.00019554    -0.00001394   
  51   0.02860494    -0.02753713    -0.06161881    -0.00016774     0.00019573    -0.00001399   
  52  -0.01691503     0.01625286     0.03694703     0.00010132    -0.00011908     0.00000853   
  53  -0.02402738    -0.23649868     0.10591473     0.00031507     0.49726673     0.00030156   
  54  -0.03565338    -0.01241137    -0.07333832    -0.00024098     0.00033023    -0.00002453   
  55  -0.01392467     0.01535007     0.03598945     0.00009938    -0.00011774     0.00000844   
  56  -0.01740721    -0.19439846     0.09156798     0.00026810    -0.50277846    -0.00029591   
  57   0.03930428     0.41886990    -0.19473211    -0.00057809     0.00496642    -0.00000553   
  58   0.12192841    -0.09517956    -0.19523883    -0.00051746     0.00058659    -0.00004158   
  59   0.02000950    -0.01931197    -0.04095800    -0.00010716     0.00011943    -0.00000850   
  60   0.12925175    -0.10690321    -0.22609262    -0.00060531     0.00069346    -0.00004930   
  61  -0.02362998    -0.23000237     0.10013386     0.00028496    -0.50074335    -0.00029448   
  62   0.03978481     0.42576848    -0.19801594    -0.00058774     0.00204363    -0.00000817   
  63   0.02194540    -0.00324754     0.01055347     0.00004412    -0.00006993     0.00000537   
  64  -0.01209255     0.11748396    -0.07190630    -0.00021501     0.00113528    -0.00396241   
  65   0.00535136    -0.05474302     0.03453323     0.00010454    -0.00026567    -0.50014316   
  66   0.00719573    -0.06428135     0.03729501     0.00010912    -0.00085369     0.50052531   
  67  -0.01199760     0.11712402    -0.07174810    -0.00021454     0.00113038    -0.00050139   
  68   0.00737682    -0.06586503     0.03837088     0.00011280    -0.00029356    -0.49565710   
  69   0.00537248    -0.05506005     0.03459602     0.00010425    -0.00084599     0.49948731   
  70   0.00322438    -0.01822674    -0.05272631    -0.00015188     0.00018668    -0.00001359   
  71  -0.13656695     0.11621374     0.24644791     0.00065830    -0.00075222     0.00005351   
  72  -0.06374322     0.06874505     0.15639691     0.00042477    -0.00049154     0.00003506   
  73  -0.02656462    -0.02299531    -0.09742894    -0.00030601     0.00040398    -0.00002978   
  74   0.00842143     0.02615236     0.08727277     0.00026204    -0.00033285     0.00002433   
  75  -0.04925090     0.06081254     0.15050612     0.00042335    -0.00050968     0.00003672   
  76  -0.00009685     0.01952976     0.00308893    -0.00001904     0.00011600     0.00000806   
  77   0.00029673     0.01877675     0.00126251     0.00005819     0.00010645    -0.00002640   
  78  -0.00030971    -0.00342167     0.00459366     0.00001627    -0.00004678    -0.01212812   
  79  -0.00050363    -0.00266732     0.00350450     0.00001231    -0.00012724     0.01227204   
  80   0.01080979     0.04371662    -0.00409733     0.00000379    -0.00102836     0.00013230   
  81   0.01080536     0.04281861    -0.00333877     0.00000695     0.00180029    -0.00012292   
  82  -0.05526985    -0.00161566     0.00763876    -0.00299676    -0.00008723     0.00000616   
  83  -0.05575606    -0.00147909     0.00688263     0.00291404    -0.00007898     0.00000689   
  84   0.03876992    -0.02843990    -0.04997405    -0.00014183     0.00012457    -0.00001060   
  85   0.03939851    -0.02919100    -0.05051061    -0.00009872     0.00011991    -0.00000635   
  86  -0.01263441    -0.01188609    -0.01905730    -0.00007286    -0.00006194    -0.00018247   
  87  -0.01293802    -0.01174998    -0.01973736    -0.00008309     0.00006071     0.00017850   
           64             65             66             67             68             69       
   1  -0.01225528     0.34216022    -0.05777826    -0.37646064     0.00330903    -0.00290539   
   2  -0.00093505    -0.00120313     0.00215721     0.00251768    -0.00243577     0.00063574   
   3   0.01339517    -0.34077357     0.05495157     0.37374333    -0.00039320     0.00214163   
   4  -0.01150479     0.30199190    -0.05030116    -0.33471079     0.00262245    -0.00252206   
   5  -0.00042035     0.00022251     0.00126118     0.00108610    -0.00248736     0.00065875   
   6   0.01128173    -0.30267983     0.05028596     0.33393655    -0.00072028     0.00202417   
   7  -0.00012216    -0.00033847    -0.00000367    -0.00021077     0.00077259    -0.00074684   
   8  -0.00006210    -0.00067944    -0.00007650    -0.00052829    -0.00198069    -0.00648007   
   9   0.00020330    -0.00379469    -0.00114108    -0.00600666     0.14265068     0.49267240   
  10  -0.00014442     0.00369576     0.00104628     0.00560075    -0.12621664    -0.43529717   
  11  -0.00004538    -0.00031754    -0.00003028    -0.00025826    -0.00029886    -0.00195480   
  12  -0.00066955    -0.00027573     0.00146791     0.00058986     0.00377792     0.00377106   
  13   0.00008146    -0.00374887    -0.00102974    -0.00556878     0.12653774     0.43490663   
  14  -0.00005028     0.00453777     0.00118964     0.00651692    -0.14122934    -0.48480755   
  15  -0.00082238    -0.00029005     0.00232177     0.00095510    -0.00279774     0.00953414   
  16   0.00057187    -0.00538752    -0.00269176    -0.00886987    -0.48861192     0.13651246   
  17   0.00026581     0.00532154     0.00019001     0.00717483     0.43614876    -0.13082526   
  18  -0.00085134    -0.00058788     0.00242852     0.00079596     0.00005163     0.00998083   
  19  -0.00285040    -0.00011152    -0.00002165    -0.00004875    -0.00000566     0.00000473   
  20   0.00038663    -0.00499499    -0.00225092    -0.00796717    -0.43625611     0.12211788   
  21   0.00043644     0.00616531     0.00004761     0.00810782     0.49105211    -0.14754331   
  22  -0.00056872     0.00044590     0.00080278    -0.00079655    -0.00001264     0.00000668   
  23   0.00002825     0.00013184    -0.00472124    -0.00060279     0.00297396    -0.00080575   
  24  -0.01501880    -0.01087994     0.50539701    -0.08397295    -0.00153893     0.00037349   
  25   0.01370459     0.00935162    -0.44737678     0.07592968    -0.00145769     0.00043695   
  26  -0.00040770     0.00042643    -0.00252246    -0.00143217     0.00316785    -0.00086292   
  27  -0.01362251    -0.00947630     0.44847471    -0.07492126    -0.00106893     0.00025384   
  28   0.01560385     0.01022491    -0.49981291     0.08531996    -0.00198639     0.00058245   
  29   0.00287925    -0.00027752    -0.00065382     0.00035532     0.00000786    -0.00000551   
  30   0.50869654     0.01327584     0.01452203    -0.00774327    -0.00001515    -0.00005340   
  31  -0.45167236    -0.01097530    -0.01240902     0.00598362     0.00000417     0.00005491   
  32  -0.00170723    -0.00099028    -0.00052009     0.00106089     0.00001147    -0.00000883   
  33   0.00564940     0.00131017     0.00070035    -0.00159926    -0.00002193     0.00001625   
  34   0.45447838     0.01231020     0.01337042    -0.00758363    -0.00002619    -0.00003843   
  35  -0.51216868    -0.01297433    -0.01455615     0.00756867     0.00001594     0.00005371   
  36  -0.00647605     0.33575144     0.05817053     0.29837039    -0.00689365     0.00868835   
  37   0.00585642    -0.38154795    -0.06286584    -0.33503701     0.00629751    -0.00956808   
  38   0.00134457     0.00223276    -0.00226842     0.00035002     0.00211421    -0.00001196   
  39  -0.00731677     0.37920033     0.06550576     0.33483555    -0.00886742     0.01023090   
  40   0.00511581    -0.33634900    -0.05590805    -0.29741870     0.00652833    -0.00882418   
  41   0.00144956     0.00107768    -0.00263026    -0.00091306     0.00144936    -0.00032049   
  42  -0.00020024     0.00042445    -0.00913046     0.00048666     0.00144466    -0.00038732   
  43   0.00084217    -0.00077025     0.00301271     0.00207841    -0.00344064     0.00092668   
  44  -0.00056412     0.00026596     0.00654844    -0.00231406     0.00145056    -0.00039059   
  45   0.00004464     0.00008135     0.00003686    -0.00010141    -0.00000130     0.00000102   
  46  -0.00025003     0.00046642    -0.00917321     0.00028323     0.00182215    -0.00049053   
  47   0.00082114    -0.00075274     0.00294788     0.00205434    -0.00341644     0.00092039   
  48  -0.00059812     0.00031494     0.00607190    -0.00243651     0.00181759    -0.00049094   
  49  -0.00002653     0.00008288     0.00003696    -0.00010601    -0.00000141     0.00000110   
  50   0.00008298    -0.00041675    -0.00020925     0.00056689     0.00000862    -0.00000672   
  51   0.00006804    -0.00043444    -0.00022041     0.00059655     0.00000923    -0.00000720   
  52  -0.00002384     0.00027341     0.00014098    -0.00037800    -0.00000593     0.00000462   
  53  -0.00061186    -0.00023137     0.00128075     0.00053067     0.00388080     0.00289904   
  54  -0.00078638    -0.00111812    -0.00064714     0.00162421     0.00002841    -0.00002181   
  55  -0.00008827     0.00027388     0.00014059    -0.00038092    -0.00000602     0.00000468   
  56  -0.00067616    -0.00063286     0.00143176     0.00028724    -0.00335561     0.00563948   
  57   0.00131218     0.00088183    -0.00278781    -0.00084161    -0.00041317    -0.00890049   
  58   0.00293264    -0.00114330    -0.00055089     0.00161683     0.00002514    -0.00001998   
  59  -0.00782309    -0.00031457    -0.00021856     0.00020753     0.00000069     0.00000058   
  60   0.00152362    -0.00143145    -0.00071587     0.00197576     0.00003022    -0.00002366   
  61  -0.00061634    -0.00058922     0.00123964     0.00022305    -0.00347912     0.00481911   
  62   0.00132862     0.00089776    -0.00281605    -0.00084544    -0.00040679    -0.00897743   
  63   0.00478918     0.00036830     0.00024937    -0.00040587    -0.00000530     0.00000337   
  64   0.00021658     0.00099039     0.00006854     0.00067267     0.00028851     0.00444727   
  65  -0.00008841    -0.00117128    -0.00016512    -0.00103329     0.00907560     0.02809696   
  66  -0.00012134     0.00023018     0.00010234     0.00040489    -0.00957398    -0.03314806   
  67   0.00021548     0.00097643     0.00006671     0.00066133     0.00021609     0.00426605   
  68  -0.00008054    -0.00111660    -0.00016079    -0.00099004     0.00936491     0.02933409   
  69  -0.00013204     0.00014613     0.00009275     0.00032839    -0.00931749    -0.03255468   
  70  -0.00769099    -0.00057661    -0.00037025     0.00060321     0.00000782    -0.00000498   
  71   0.00408721     0.00160070     0.00084360    -0.00205749    -0.00003021     0.00002292   
  72   0.00464063     0.00106986     0.00058510    -0.00129591    -0.00001725     0.00001268   
  73  -0.00404746    -0.00128787    -0.00077620     0.00176695     0.00002948    -0.00002216   
  74   0.00081700     0.00092103     0.00053165    -0.00131389    -0.00002310     0.00001777   
  75  -0.00041363     0.00124723     0.00066178    -0.00175489    -0.00002838     0.00002203   
  76   0.00440979    -0.12224459     0.02048438     0.13423304    -0.00117444     0.00103206   
  77  -0.00472508     0.12271300    -0.01979257    -0.13426917     0.00014185    -0.00076698   
  78  -0.00006872     0.00137823     0.00040959     0.00215982    -0.05078432    -0.17562864   
  79   0.00002046    -0.00155887    -0.00041772    -0.00228350     0.05081132     0.17442526   
  80  -0.00020258     0.00187211     0.00095850     0.00313144     0.17534584    -0.04894040   
  81  -0.00015457    -0.00220498    -0.00001521    -0.00289462    -0.17520419     0.05275944   
  82   0.00527261     0.00389345    -0.17995371     0.02987670     0.00054653    -0.00013310   
  83  -0.00556821    -0.00359488     0.17854363    -0.03053919     0.00070858    -0.00020874   
  84  -0.18187459    -0.00482589    -0.00519818     0.00285965     0.00000515     0.00001897   
  85   0.18247689     0.00457849     0.00525286    -0.00265640    -0.00000537    -0.00002042   
  86  -0.00210093     0.13696844     0.02252254     0.12000975    -0.00237259     0.00344081   
  87   0.00264394    -0.13664767    -0.02356177    -0.12039797     0.00312888    -0.00375205   
           70             71             72             73             74             75       
   1  -0.07285874    -0.02337064     0.03446562     0.10338619     0.06333996    -0.17545977   
   2   0.11804401     0.00285230    -0.03549907    -0.14919505    -0.15896917     0.30352949   
   3  -0.07871257    -0.02292228     0.03684393     0.10839807     0.06363517    -0.17741295   
   4  -0.03574315     0.03369223    -0.01113259     0.02508811     0.11016047    -0.10485170   
   5   0.11842993    -0.01387016    -0.02517684    -0.14080380    -0.20156512     0.32809890   
   6  -0.04057261     0.03424932    -0.00909811     0.02934381     0.10997853    -0.10595260   
   7  -0.05027992     0.05001199    -0.02355250    -0.01578574     0.10176068     0.15750910   
   8  -0.05520824     0.07861900    -0.05196561    -0.13311857    -0.30893740    -0.18713498   
   9   0.03932152    -0.05777078     0.03711458     0.08719149     0.17371725     0.08417566   
  10   0.00534816    -0.00979128     0.00890488     0.03624814     0.12860507     0.11173478   
  11  -0.04698126     0.07051870    -0.04824740    -0.13194602    -0.33818701    -0.23618282   
  12   0.15572020    -0.07224856     0.02268339     0.00800298    -0.02660814    -0.02461486   
  13  -0.01183544     0.00074907     0.00462153     0.03177769     0.12686643     0.11332500   
  14   0.05905376    -0.06992606     0.04209532     0.09262372     0.17684665     0.08333327   
  15   0.33237013    -0.18603061     0.06600621     0.02873870    -0.11745996    -0.11860108   
  16  -0.18774552     0.09604241    -0.03259980    -0.01253040     0.04798959     0.03638853   
  17  -0.16110297     0.10041409    -0.03750849    -0.01838095     0.08201759     0.10227505   
  18   0.36419611    -0.20799631     0.07499959     0.03390569    -0.14966648    -0.17222908   
  19   0.00719497     0.12145788     0.33247073    -0.02815382    -0.02948623     0.02489439   
  20  -0.17155612     0.09814387    -0.03608723    -0.01656294     0.08244792     0.10109588   
  21  -0.17540217     0.09814269    -0.03399410    -0.01434314     0.04746939     0.03741584   
  22   0.01363535     0.05970308    -0.03776579    -0.02611218     0.12564306    -0.13679047   
  23  -0.19321160    -0.28145477     0.11933477     0.04915688    -0.13987521     0.09719260   
  24   0.10657545     0.15178117    -0.06202317    -0.02314957     0.05811447    -0.03062393   
  25   0.09032791     0.13885434    -0.06224792    -0.02906264     0.09498898    -0.08237988   
  26  -0.20803255    -0.31026789     0.13399325     0.05770318    -0.17797134     0.14216216   
  27   0.08187578     0.13548557    -0.06110338    -0.02777683     0.09574368    -0.08356018   
  28   0.11676883     0.15674560    -0.06374901    -0.02460484     0.05789158    -0.02985473   
  29  -0.00074489     0.05484508     0.06690743     0.23655117    -0.16739632     0.09986886   
  30  -0.00260963    -0.05017081    -0.02441341    -0.14859253     0.07802255    -0.03285017   
  31   0.00596737     0.00647496    -0.04804244    -0.08121116     0.09840856    -0.08116348   
  32  -0.00442973     0.04097952     0.07839375     0.24617608    -0.20336517     0.14367081   
  33   0.01710775     0.06626772    -0.16360245     0.22447742    -0.06497963     0.02429546   
  34   0.00737273     0.00539887    -0.03755964    -0.09107706     0.09974596    -0.08071843   
  35  -0.00399834    -0.04863483    -0.03571328    -0.13825622     0.07692825    -0.03354879   
  36   0.01403644     0.05469747    -0.03919408    -0.06262556     0.04034385     0.11151242   
  37   0.07405046     0.03130539    -0.03884501    -0.10527426    -0.07573670     0.17346723   
  38  -0.09693755    -0.07716967     0.07504409     0.17348104     0.06582971    -0.30264439   
  39   0.07098842     0.03118900    -0.03867190    -0.10569943    -0.07744388     0.17336302   
  40   0.01714204     0.05487609    -0.03947855    -0.06256056     0.04190425     0.11225980   
  41  -0.09085097    -0.09228335     0.08376052     0.18160867     0.03021872    -0.33416955   
  42  -0.08383731    -0.09600109     0.03408619     0.00973912    -0.01509099     0.00343365   
  43   0.20401181     0.24711606    -0.09221613    -0.03000077     0.06363399    -0.03455750   
  44  -0.08400886    -0.09621275     0.03415318     0.00972547    -0.01514940     0.00347532   
  45   0.00105922     0.00586735     0.00401869     0.00044487     0.00206172    -0.00233473   
  46  -0.10929730    -0.13590459     0.05188017     0.01786706    -0.04235249     0.02767789   
  47   0.20299982     0.24732758    -0.09283059    -0.03071908     0.06819584    -0.04094430   
  48  -0.10885931    -0.13539430     0.05168046     0.01776661    -0.04224098     0.02763219   
  49   0.00116732     0.00676195     0.00468041     0.00165290     0.00153313    -0.00210134   
  50  -0.00750407    -0.05328200    -0.04611669    -0.04221174     0.01511138    -0.00502704   
  51  -0.00812355    -0.05935851    -0.05280210    -0.05169211     0.02178992    -0.01013998   
  52   0.00524484     0.03897498     0.03520660     0.03539876    -0.01569377     0.00775823   
  53   0.12425463    -0.05324184     0.01558994     0.00459521    -0.01026032    -0.00373135   
  54  -0.02536004    -0.19607695    -0.14599900    -0.24844148     0.11518586    -0.05689668   
  55   0.00532530     0.03964799     0.03564815     0.03639077    -0.01611949     0.00794240   
  56   0.15671848    -0.07257003     0.02275847     0.00803422    -0.02654599    -0.02455851   
  57  -0.29330418     0.13320340    -0.04110076    -0.01395395     0.04324448     0.03672710   
  58  -0.02282056    -0.19349048    -0.31488569    -0.02513771     0.01730338    -0.00463220   
  59   0.00198180     0.08756853     0.38540343    -0.18030458     0.04339809    -0.01665825   
  60  -0.02666449    -0.19958485    -0.21538552    -0.12805899     0.05299359    -0.02188154   
  61   0.12479674    -0.05336067     0.01560326     0.00460584    -0.01013860    -0.00362777   
  62  -0.29496949     0.13325097    -0.04089772    -0.01366546     0.04059168     0.03136954   
  63   0.00326440    -0.03119876    -0.30649818     0.24402456    -0.08607149     0.04268094   
  64   0.11307545    -0.13416839     0.07833099     0.16014894     0.28693056     0.14722495   
  65  -0.06045510     0.07282558    -0.04317825    -0.09169050    -0.17577218    -0.09839209   
  66  -0.04629924     0.05208427    -0.02887001    -0.05123432    -0.06513659    -0.01351455   
  67   0.11179410    -0.13200939     0.07669136     0.15446311     0.26568558     0.12434536   
  68  -0.04919034     0.05465360    -0.03020710    -0.05359186    -0.06875688    -0.01507207   
  69  -0.05927365     0.07222957    -0.04297196    -0.09155017    -0.17582120    -0.09849671   
  70  -0.00457836     0.03166567     0.32093474    -0.22901219     0.06737841    -0.02729988   
  71   0.02505769     0.14921306     0.01506661     0.20640371    -0.06563936     0.02303281   
  72   0.01253122     0.01395052    -0.29536071     0.24444388    -0.05594060     0.01113217   
  73  -0.02529233    -0.16530163     0.00021491    -0.30835699     0.11912937    -0.04914446   
  74   0.02043362     0.17466475     0.25231664     0.06733459    -0.02922138     0.00512010   
  75   0.02510990     0.18941373     0.17165245     0.17674296    -0.07698541     0.03490692   
  76   0.02538239     0.00644804    -0.01094679    -0.03487750    -0.02473459     0.06076727   
  77   0.02767704     0.00633099    -0.01186752    -0.03690134    -0.02505164     0.06189617   
  78  -0.01260699     0.01907040    -0.01241466    -0.02982213    -0.06139875    -0.03142637   
  79  -0.01980855     0.02357469    -0.01429251    -0.03200031    -0.06306121    -0.03145328   
  80   0.06867398    -0.03549897     0.01214310     0.00476473    -0.01882124    -0.01562644   
  81   0.06390644    -0.03604506     0.01256551     0.00536842    -0.01852836    -0.01587435   
  82  -0.03810043    -0.05481169     0.02258116     0.00861578    -0.02237228     0.01288879   
  83  -0.04184973    -0.05676826     0.02326646     0.00914474    -0.02238624     0.01268555   
  84   0.00059040     0.01629532     0.00945692     0.05186268    -0.02898472     0.01351312   
  85   0.00106512     0.01570050     0.01339277     0.04817018    -0.02855705     0.01372906   
  86  -0.02510174    -0.01233911     0.01424890     0.03689557     0.02327299    -0.06040037   
  87  -0.02410159    -0.01233831     0.01423644     0.03716776     0.02391676    -0.06058066   
           76             77             78             79             80             81       
   1   0.00314392    -0.04313342    -0.25632104     0.10240324     0.04368654     0.05695372   
   2  -0.00049756     0.03531127     0.26001492    -0.09894721    -0.04794817    -0.07492622   
   3   0.00320802    -0.04351954    -0.25757582     0.10288263     0.04409839     0.05716698   
   4  -0.00629315     0.04702359     0.21031369    -0.09385704    -0.03183334    -0.02260117   
   5   0.00789446    -0.04545369    -0.15223112     0.08429774     0.01923281    -0.01207033   
   6  -0.00621906     0.04665106     0.20949439    -0.09355541    -0.03141846    -0.02252523   
   7   0.00098066    -0.00661184    -0.01816922     0.05151707     0.00942911    -0.00640076   
   8   0.00002742    -0.00662157    -0.13451051    -0.25303816    -0.02961164     0.01151578   
   9  -0.00035485     0.00880124     0.14388138     0.24626946     0.02788010    -0.00994401   
  10   0.00074021    -0.01024376    -0.13289039    -0.19729995    -0.02104486     0.00620786   
  11  -0.00093285     0.01032427     0.11142146     0.13793384     0.01326982    -0.00244812   
  12  -0.00014159     0.00223076     0.01419435    -0.09438679    -0.02839264    -0.12749062   
  13   0.00075407    -0.01039435    -0.13447592    -0.19910203    -0.02119394     0.00639360   
  14  -0.00036705     0.00894756     0.14559761     0.24853718     0.02809838    -0.01011051   
  15   0.00000243    -0.00324083    -0.02090797     0.11847677     0.03221659     0.09689912   
  16  -0.00031940     0.00535578     0.02727104    -0.13982424    -0.03674182    -0.10071544   
  17   0.00069254    -0.00735122    -0.03179815     0.14910403     0.03777504     0.09199405   
  18  -0.00086940     0.00822675     0.03325348    -0.14917501    -0.03686031    -0.08073992   
  19  -0.07618615     0.28757647    -0.02856019     0.00048928    -0.02379090     0.09423321   
  20   0.00068365    -0.00727051    -0.03135052     0.14835393     0.03754932     0.09141658   
  21  -0.00031146     0.00528290     0.02689163    -0.13893848    -0.03649198    -0.10007260   
  22  -0.00746771     0.02039054    -0.04102921     0.00515407     0.01959022     0.06536458   
  23  -0.00036942     0.01369822    -0.08289235     0.08058677    -0.19342421    -0.10621869   
  24   0.00257539    -0.01984519     0.09741931    -0.08553246     0.19694030     0.09307214   
  25  -0.00514429     0.02530951    -0.10345656     0.08059681    -0.17495612    -0.06121203   
  26   0.00640075    -0.02754388     0.10258501    -0.07259841     0.14790050     0.02889357   
  27  -0.00515899     0.02537107    -0.10433996     0.08119343    -0.17598305    -0.06162818   
  28   0.00259370    -0.01995152     0.09832172    -0.08620459     0.19827042     0.09365921   
  29   0.03739793    -0.16320469    -0.02384043     0.01287079     0.15508805    -0.14347583   
  30  -0.03312354     0.16058708     0.03682457    -0.01507218    -0.17009203     0.13454752   
  31   0.01669795    -0.12215406    -0.05027179     0.01609341     0.16893583    -0.10373327   
  32   0.00392211     0.06626270     0.06178168    -0.01685007    -0.16705626     0.07438010   
  33  -0.07331083     0.23695371    -0.05951398     0.01544682     0.16985828    -0.16868658   
  34   0.01633422    -0.12067308    -0.04977521     0.01588951     0.16779884    -0.10292468   
  35  -0.03270254     0.15875566     0.03622375    -0.01485094    -0.16835368     0.13338602   
  36  -0.00207160     0.02946617     0.21640822    -0.05822540    -0.03884164    -0.08424294   
  37   0.00408583    -0.04069041    -0.25751743     0.08906850     0.04652038     0.08501566   
  38  -0.00459297     0.04244042     0.25619784    -0.10056261    -0.04733101    -0.07895178   
  39   0.00410435    -0.04087610    -0.25874165     0.08927993     0.04670202     0.08538568   
  40  -0.00208539     0.02962157     0.21751298    -0.05827253    -0.03898503    -0.08457210   
  41  -0.00073511    -0.01417488    -0.16561956     0.02597986     0.03146139     0.08725219   
  42  -0.00093030     0.00912374    -0.06387447     0.07927903    -0.21860004    -0.20426963   
  43   0.00001180    -0.00539537     0.04996121    -0.06910130     0.19718289     0.19788716   
  44  -0.00093163     0.00913421    -0.06391513     0.07933859    -0.21877854    -0.20443869   
  45   0.36804924     0.09748170    -0.01065800     0.00162500     0.01411952    -0.00656457   
  46   0.00150984    -0.01145575     0.07319586    -0.08684081     0.23569309     0.21249789   
  47  -0.00170820     0.01225406    -0.07652153     0.08962582    -0.24209196    -0.21583275   
  48   0.00150698    -0.01143902     0.07313104    -0.08676054     0.23546585     0.21230287   
  49   0.36721864     0.09772280    -0.01062244     0.00160132     0.01380142    -0.00611375   
  50  -0.32691809    -0.12142124     0.01473306    -0.00234402    -0.02060279     0.00961561   
  51   0.44321811     0.09860343    -0.01015685     0.00149192     0.01274912    -0.00553830   
  52  -0.42118256    -0.09730670     0.01010151    -0.00148707    -0.01270673     0.00549175   
  53   0.00008479    -0.00173645    -0.01212636     0.08439566     0.02579827     0.12011550   
  54   0.05256831    -0.32093945     0.02836627     0.00034334     0.03528286    -0.10937764   
  55  -0.42183762    -0.09716559     0.01013012    -0.00150407    -0.01293148     0.00580330   
  56  -0.00014119     0.00222366     0.01414962    -0.09404869    -0.02829178    -0.12703775   
  57   0.00016086    -0.00239462    -0.01488485     0.09770668     0.02925543     0.12992630   
  58  -0.09228295     0.23251729    -0.06815887     0.01883109     0.21136156    -0.21924401   
  59   0.09127393    -0.25359162     0.06578176    -0.01724741    -0.19022402     0.18993541   
  60   0.04704087    -0.25475559     0.06399431    -0.01667664    -0.18371077     0.18332625   
  61   0.00008532    -0.00174519    -0.01218029     0.08479021     0.02591566     0.12063780   
  62   0.00000464     0.00094451     0.00896982    -0.07019562    -0.02226210    -0.11188268   
  63  -0.04888475     0.21111944     0.00419948    -0.00985853    -0.14495429     0.23139759   
  64   0.00050050    -0.00878739    -0.14770311    -0.27232996    -0.03209990     0.01306079   
  65  -0.00044075     0.00816879     0.14030015     0.26167591     0.03097471    -0.01272177   
  66   0.00026744    -0.00637855    -0.11973846    -0.23332113    -0.02804513     0.01191343   
  67   0.00001497     0.00342204     0.08786115     0.19296969     0.02408757    -0.01107218   
  68   0.00026605    -0.00637364    -0.11979423    -0.23355631    -0.02807812     0.01193594   
  69  -0.00044166     0.00818699     0.14061838     0.26226962     0.03104461    -0.01275354   
  70  -0.03797964     0.09358605    -0.05662115     0.01944536     0.23303986    -0.27629969   
  71   0.07273347    -0.16851948     0.06255473    -0.01889165    -0.21813059     0.24018660   
  72   0.09285136    -0.30026025     0.03497516    -0.00162126     0.01549646    -0.09971302   
  73  -0.09598357     0.28297512    -0.04039194     0.00252143    -0.01146607     0.11752014   
  74   0.07958525    -0.25157060     0.01780610     0.00355350     0.07544944    -0.16642966   
  75   0.00350441     0.23912375    -0.03729565     0.00650492     0.05877895    -0.02870321   
  76  -0.00076366     0.01186179     0.07295271    -0.02875264    -0.01256140    -0.01706461   
  77  -0.00079023     0.01206656     0.07379786    -0.02907697    -0.01278910    -0.01724156   
  78   0.00008533    -0.00239583    -0.04035414    -0.07013268    -0.00798664     0.00288481   
  79   0.00008979    -0.00245842    -0.04116488    -0.07129881    -0.00810529     0.00296462   
  80   0.00007650    -0.00142472    -0.00744337     0.03858578     0.01018814     0.02833171   
  81   0.00007356    -0.00139492    -0.00728227     0.03817535     0.01007184     0.02801959   
  82  -0.00062431     0.00529777    -0.02673903     0.02382040    -0.05521446    -0.02685265   
  83  -0.00063006     0.00533549    -0.02709027     0.02408838    -0.05575266    -0.02710266   
  84   0.00985661    -0.04600074    -0.00974194     0.00414349     0.04710111    -0.03830570   
  85   0.00970756    -0.04536610    -0.00952966     0.00406402     0.04649813    -0.03789453   
  86  -0.00122014     0.01175932     0.07316132    -0.02588418    -0.01320629    -0.02363071   
  87  -0.00122937     0.01184884     0.07373639    -0.02601172    -0.01329552    -0.02380222   
           82             83             84             85             86             87       
   1  -0.09856622    -0.00074966    -0.06487927     0.04026184    -0.17470748     0.18782282   
   2   0.10248163     0.00199155     0.05127705    -0.06773103     0.17066381    -0.17696141   
   3  -0.09900670    -0.00092895    -0.06516539     0.04039477    -0.17537516     0.18850945   
   4   0.08270253    -0.00093527     0.08276160     0.00420497     0.18165279    -0.20866315   
   5  -0.07093138     0.00307258    -0.11079278    -0.04798865    -0.22367468     0.27199731   
   6   0.08242965    -0.00119436     0.08254802     0.00421999     0.18124327    -0.20823178   
   7  -0.06806100     0.00006128    -0.06190522     0.05436850    -0.03439223    -0.09962735   
   8   0.09018613    -0.00004640     0.02557317    -0.00683016     0.19598155     0.18708905   
   9  -0.07353571     0.00002486    -0.00739198    -0.01048835    -0.21272387    -0.18329291   
  10   0.03880347     0.00001243    -0.02156855     0.03699546     0.23592264     0.17802937   
  11  -0.00369636    -0.00004574     0.05252743    -0.06757435    -0.29865938    -0.20747909   
  12  -0.33504702    -0.00388562     0.16721631    -0.05458201     0.00666646     0.01227350   
  13   0.03920574     0.00000765    -0.02154454     0.03727133     0.23767579     0.17918958   
  14  -0.07410655     0.00002766    -0.00743657    -0.01070581    -0.21462042    -0.18468889   
  15   0.14388981    -0.00422555     0.29319206    -0.14458991     0.04481793     0.11119372   
  16  -0.13231104     0.00460420    -0.30382883     0.14377703    -0.04054399    -0.09735271   
  17   0.09660445    -0.00474379     0.29428867    -0.13207072     0.03269597     0.07469063   
  18  -0.05965892     0.00508895    -0.30246263     0.13093813    -0.02952835    -0.06519996   
  19  -0.04202169    -0.12892219    -0.04521763    -0.07641680     0.01170704    -0.00732450   
  20   0.09602798    -0.00471769     0.29282580    -0.13149185     0.03241917     0.07436737   
  21  -0.13160104     0.00457537    -0.30213168     0.14305231    -0.04028649    -0.09693354   
  22  -0.03284166    -0.00370827     0.02193974     0.09761902    -0.06518945     0.06064591   
  23   0.01975697     0.18497008    -0.08960482    -0.22562390     0.07634820    -0.06132741   
  24  -0.01134247    -0.20141075     0.09220493     0.22184424    -0.06792529     0.05282949   
  25  -0.00300933     0.21205115    -0.09040790    -0.20482077     0.05431530    -0.04014917   
  26   0.01762640    -0.23722612     0.09639738     0.20930161    -0.04995671     0.03548953   
  27  -0.00307033     0.21316119    -0.09097018    -0.20596707     0.05452269    -0.04027386   
  28  -0.01135046    -0.20273047     0.09283703     0.22323659    -0.06826148     0.05306747   
  29   0.02700955    -0.17213382    -0.09008816    -0.21498702     0.07205781    -0.05802470   
  30  -0.01953137     0.19148204     0.09388414     0.21288644    -0.06408225     0.04989295   
  31   0.00573896    -0.20674627    -0.09350566    -0.19830008     0.05110954    -0.03770974   
  32   0.00811706     0.24112487     0.10321528     0.20889941    -0.04804786     0.03398437   
  33   0.04904468     0.06751209     0.01968732     0.02744715    -0.00240885     0.00119687   
  34   0.00571304    -0.20543472    -0.09281393    -0.19689380     0.05080463    -0.03750191   
  35  -0.01946037     0.18952348     0.09294558     0.21093073    -0.06361428     0.04955862   
  36   0.05043174     0.00461983    -0.05896766    -0.10928959    -0.13787250     0.22421790   
  37  -0.08226807    -0.00437775     0.02953026     0.12096828     0.10205948    -0.21489483   
  38   0.09696694     0.00402062    -0.00952693    -0.12477047    -0.07873387     0.21067249   
  39  -0.08257698    -0.00439688     0.02965756     0.12148355     0.10257318    -0.21570989   
  40   0.05066869     0.00463921    -0.05909139    -0.10978239    -0.13847189     0.22499521   
  41  -0.02119409    -0.00541297     0.09560624     0.11477822     0.19860869    -0.28176992   
  42   0.08688023    -0.19396013     0.06291956     0.11137676    -0.01707137     0.01071380   
  43  -0.08782470     0.21943564    -0.07340323    -0.13424956     0.02247856    -0.01452311   
  44   0.08695637    -0.19413805     0.06298257     0.11148943    -0.01708815     0.01072385   
  45   0.00065249    -0.00369839    -0.00147273    -0.00268843     0.00045257    -0.00029112   
  46  -0.08828066     0.18327456    -0.05807957    -0.10004958     0.01398091    -0.00842093   
  47   0.08896313    -0.17976190     0.05640650     0.09599205    -0.01277581     0.00749763   
  48  -0.08819860     0.18311991    -0.05802756    -0.09996419     0.01397246    -0.00841730   
  49   0.00049492    -0.00403274    -0.00158166    -0.00285945     0.00047398    -0.00030351   
  50  -0.00085527     0.00655813     0.00262205     0.00482221    -0.00081910     0.00052209   
  51   0.00044970    -0.00330693    -0.00125905    -0.00218563     0.00029373    -0.00016342   
  52  -0.00042686     0.00346222     0.00132892     0.00233929    -0.00034450     0.00020585   
  53   0.32324443     0.00403312    -0.17767778     0.05959903    -0.00797583    -0.01530151   
  54   0.04675621     0.13352141     0.04599132     0.07615891    -0.01087975     0.00658421   
  55  -0.00053468     0.00323785     0.00125614     0.00222546    -0.00033030     0.00019760   
  56  -0.33385412    -0.00387181     0.16662572    -0.05439177     0.00664038     0.01223250   
  57   0.33884749     0.00382816    -0.16320645     0.05265773    -0.00614003    -0.01103322   
  58   0.06550579     0.09792689     0.02937011     0.04239892    -0.00434733     0.00238914   
  59  -0.05539217    -0.07703467    -0.02257862    -0.03172853     0.00295461    -0.00154950   
  60  -0.05349433    -0.07462197    -0.02186762    -0.03067740     0.00276503    -0.00139599   
  61   0.32461113     0.00404862    -0.17833614     0.05980949    -0.00800351    -0.01534469   
  62  -0.31508221    -0.00443186     0.20172094    -0.07005557     0.01030612     0.02039576   
  63  -0.08521309    -0.20330873    -0.06842924    -0.11137700     0.01572357    -0.00960846   
  64   0.10948069    -0.00008957     0.07784232    -0.07553468    -0.17574026    -0.09975167   
  65  -0.10740555     0.00008957    -0.07879654     0.07725753     0.18723322     0.10858763   
  66   0.10293435    -0.00009150     0.08274404    -0.08326203    -0.22016164    -0.13267418   
  67  -0.10023121     0.00010119    -0.09439680     0.09850096     0.28777693     0.17935288   
  68   0.10313377    -0.00009190     0.08299256    -0.08352976    -0.22104690    -0.13325382   
  69  -0.10765588     0.00008990    -0.07898359     0.07743626     0.18764328     0.10881859   
  70   0.08927827     0.16383942     0.05193765     0.07951137    -0.00948504     0.00543476   
  71  -0.07440089    -0.12261061    -0.03776919    -0.05608478     0.00616095    -0.00343713   
  72   0.04732506     0.16100478     0.05790413     0.10053559    -0.01672145     0.01081914   
  73  -0.05875134    -0.22018948    -0.08104731    -0.14413806     0.02550743    -0.01682397   
  74   0.06822406     0.19740771     0.06940926     0.11820859    -0.01898171     0.01219215   
  75   0.00246360    -0.02317216    -0.00940347    -0.01756437     0.00303848    -0.00191354   
  76   0.02790962     0.00026770     0.01728941    -0.01276723     0.04794909    -0.05101230   
  77   0.02822071     0.00034343     0.01747863    -0.01289875     0.04844535    -0.05152705   
  78   0.02164376    -0.00000807     0.00309723     0.00191940     0.05779201     0.05068191   
  79   0.02197814    -0.00000916     0.00315807     0.00198428     0.05873570     0.05143132   
  80   0.03810144    -0.00127228     0.08460504    -0.04028096     0.01151154     0.02773806   
  81   0.03772653    -0.00125831     0.08375659    -0.03990485     0.01137708     0.02749719   
  82   0.00365388     0.05508643    -0.02544414    -0.06164932     0.01914339    -0.01494761   
  83   0.00366457     0.05561319    -0.02570072    -0.06222344     0.01928844    -0.01505199   
  84   0.00589072    -0.05224537    -0.02589125    -0.05916326     0.01807354    -0.01412754   
  85   0.00586372    -0.05157757    -0.02556665    -0.05848635     0.01791218    -0.01401257   
  86   0.02398121     0.00120374    -0.00710896    -0.03388516    -0.02687404     0.05892989   
  87   0.02414654     0.00121230    -0.00715165    -0.03413585    -0.02709261     0.05932422   

 -----------------------------------------------------------------------------------------------
  Generalised Fock Matrix (MO basis)
 -----------------------------------------------------------------------------------------------
           1              2              3              4              5              6        
   1  -15.65701254    0.00000000     0.00000000    -0.00000000     0.00000000    -0.00000000   
   2   0.00000000    -8.33375654     0.00000000     0.00000000    -0.00000000     0.00000000   
   3   0.00000000     0.00000000    -8.17190036    -0.00000000    -0.00000000     0.00000000   
   4  -0.00000000     0.00000000    -0.00000000    -8.06839136     0.00000000     0.00000000   
   5   0.00000000    -0.00000000    -0.00000000     0.00000000    -8.01621280     0.00000000   
   6  -0.00000000     0.00000000     0.00000000     0.00000000     0.00000000    -7.93203923   
   7  -0.00000000     0.00000000    -0.00000000    -0.00000000     0.00000000    -0.00000000   
   8  -0.00000000     0.00000000    -0.00000000     0.00000000    -0.00000000     0.00000000   
   9  -0.00000000    -0.00000000    -0.00000000    -0.00000000    -0.00000000    -0.00000000   
  10  -0.00000000    -0.00000000     0.00000000    -0.00000000     0.00000000    -0.00000000   
  11   0.00000000    -0.00000000    -0.00000000     0.00000000     0.00000000     0.00000000   
  12  -0.00000000     0.00000000    -0.00000000    -0.00000000     0.00000000    -0.00000000   
  13   0.00000000     0.00000000    -0.00000000    -0.00000000    -0.00000000     0.00000000   
  14   0.00000000     0.00000000    -0.00000000    -0.00000000    -0.00000000    -0.00000000   
  15   0.00000000     0.00000000    -0.00000000    -0.00000000    -0.00000000    -0.00000000   
  16   0.00000000    -0.00000000     0.00000000    -0.00000000    -0.00000000    -0.00000000   
  17   0.00000000    -0.00000000    -0.00000000     0.00000000     0.00000000     0.00000000   
  18   0.00000000     0.00000000    -0.00000000     0.00000000     0.00000000     0.00000000   
  19  -0.00000000     0.00000000    -0.00000000    -0.00000000     0.00000000     0.00000000   
  20  -0.00000000     0.00000000    -0.00000000    -0.00000000     0.00000000    -0.00000000   
  21  -0.00000000     0.00000000     0.00000000    -0.00000000     0.00000000    -0.00000000   
  22   0.00000000    -0.00000000     0.00000000     0.00000000     0.00000000    -0.00000000   
  23   0.00000000     0.00000000     0.00000000     0.00000000    -0.00000000    -0.00000000   
  24  -0.00000000    -0.00000000    -0.00000000    -0.00000000    -0.00000000     0.00000000   
  25  -0.00000000    -0.00000000     0.00000000     0.00000000    -0.00000000     0.00000000   
  26  -0.00000000    -0.00000000    -0.00000000    -0.00000000    -0.00000000    -0.00000000   
  27  -0.00000000    -0.00000000     0.00000000     0.00000000    -0.00000000     0.00000000   
  28  -0.00000000     0.00000000     0.00000000    -0.00000000    -0.00000000    -0.00000000   
  29   0.00000000     0.00000000     0.00000000     0.00000000     0.00000000    -0.00000000   
  30  -0.00000000    -0.00000000     0.00000000     0.00000000     0.00000000    -0.00000000   
  31  -0.00000000    -0.00000000    -0.00000000    -0.00000000    -0.00000000     0.00000000   
  32   0.00000000     0.00000000    -0.00000000    -0.00000000     0.00000000     0.00000000   
  33  -0.00000000     0.00000000    -0.00000000    -0.00000000    -0.00000000     0.00000000   
  34  -0.00000000     0.00000000    -0.00000000    -0.00000000    -0.00000000     0.00000000   
  35  -0.00000000    -0.00000000     0.00000000     0.00000000     0.00000000    -0.00000000   
  36  -0.00000000     0.00000000    -0.00000000     0.00000000     0.00000000    -0.00000000   
  37   0.00000000     0.00000000    -0.00000000    -0.00000000    -0.00000000     0.00000000   
  38   0.00000000     0.00000000     0.00000000     0.00000000    -0.00000000     0.00000000   
  39  -0.00000000     0.00000000     0.00000000     0.00000000     0.00000000    -0.00000000   
  40   0.00000000    -0.00000000    -0.00000000     0.00000000     0.00000000     0.00000000   
  41  -0.00000000     0.00000000    -0.00000000     0.00000000     0.00000000    -0.00000000   
  42   0.00000000     0.00000000     0.00000000     0.00000000     0.00000000     0.00000000   
  43  -0.00000000     0.00000000     0.00000000    -0.00000000     0.00000000    -0.00000000   
  44  -0.00000000     0.00000000    -0.00000000    -0.00000000     0.00000000    -0.00000000   
  45  -0.00000000     0.00000000    -0.00000000    -0.00000000    -0.00000000     0.00000000   
  46  -0.00000000     0.00000000    -0.00000000    -0.00000000    -0.00000000     0.00000000   
  47  -0.00000000    -0.00000000     0.00000000     0.00000000     0.00000000    -0.00000000   
  48  -0.00000000    -0.00000000     0.00000000     0.00000000     0.00000000     0.00000000   
  49   0.00000000     0.00000000     0.00000000    -0.00000000     0.00000000    -0.00000000   
  50   0.00084414    -0.36672037    -0.07073768     0.15257259     0.11408989    -0.02798169   
  51   0.00059765    -0.03144223    -0.36931749    -0.22502261    -0.00263805    -0.05745761   
  52   0.00000003    -0.00000001     0.00000000    -0.00000001    -0.00000001     0.00000002   
  53  -0.00000002     0.00000001    -0.00000001    -0.00000000    -0.00000000    -0.00000000   
  54  -0.00000004     0.00000001    -0.00000001    -0.00000001     0.00000000    -0.00000001   
  55  -0.00000001     0.00000000    -0.00000001    -0.00000000    -0.00000000    -0.00000000   
  56   0.00000000    -0.00000000     0.00000001     0.00000001     0.00000000    -0.00000000   
  57   0.00000001     0.00000001    -0.00000000    -0.00000000     0.00000000    -0.00000000   
  58  -0.00000003     0.00000000     0.00000001    -0.00000001     0.00000001    -0.00000000   
  59   0.00000002    -0.00000001    -0.00000001    -0.00000000    -0.00000000     0.00000001   
  60   0.00000007    -0.00000001     0.00000000     0.00000001    -0.00000001     0.00000001   
  61  -0.00000000     0.00000000     0.00000000    -0.00000000    -0.00000000     0.00000000   
  62  -0.00000000    -0.00000001    -0.00000001    -0.00000000     0.00000000     0.00000000   
  63  -0.00000000    -0.00000000     0.00000000    -0.00000000     0.00000000     0.00000000   
  64  -0.00000000     0.00000000     0.00000000    -0.00000001     0.00000000     0.00000000   
  65  -0.00000000    -0.00000000     0.00000000     0.00000000    -0.00000000     0.00000000   
  66  -0.00000000     0.00000000    -0.00000000     0.00000000    -0.00000000    -0.00000000   
  67  -0.00000000     0.00000000    -0.00000000    -0.00000000     0.00000000    -0.00000000   
  68   0.00000000     0.00000000    -0.00000000    -0.00000000    -0.00000000     0.00000000   
  69   0.00000000     0.00000000    -0.00000000    -0.00000000    -0.00000000     0.00000000   
  70   0.00000001     0.00000001     0.00000000    -0.00000000    -0.00000000    -0.00000000   
  71   0.00000007    -0.00000002     0.00000001     0.00000000    -0.00000000     0.00000001   
  72   0.00000006    -0.00000001     0.00000000     0.00000000    -0.00000001     0.00000001   
  73   0.00000006    -0.00000001     0.00000001     0.00000000    -0.00000000     0.00000001   
  74  -0.00000003     0.00000000    -0.00000001     0.00000001     0.00000000    -0.00000001   
  75   0.00000002    -0.00000000     0.00000001     0.00000000     0.00000000    -0.00000000   
  76   0.00000002    -0.00000001    -0.00000002     0.00000000    -0.00000000    -0.00000000   
  77   0.00000008    -0.00000001    -0.00000001    -0.00000001    -0.00000001     0.00000001   
  78  -0.00000001     0.00000001     0.00000000    -0.00000000     0.00000000    -0.00000001   
  79   0.00000000    -0.00000000    -0.00000000     0.00000000    -0.00000000     0.00000000   
  80   0.00000003    -0.00000001    -0.00000000    -0.00000000    -0.00000000     0.00000000   
  81  -0.00000002     0.00000000     0.00000000     0.00000000     0.00000000     0.00000000   
  82   0.00000000    -0.00000000     0.00000000    -0.00000000     0.00000000    -0.00000000   
  83  -0.00000000     0.00000000    -0.00000000     0.00000000     0.00000000    -0.00000000   
  84  -0.00000000    -0.00000000     0.00000000     0.00000000     0.00000000    -0.00000000   
  85  -0.00000000    -0.00000000    -0.00000000     0.00000000     0.00000000    -0.00000000   
  86  -0.00000000    -0.00000000     0.00000000    -0.00000000    -0.00000000     0.00000000   
  87  -0.00000000     0.00000000    -0.00000000    -0.00000000     0.00000000     0.00000000   
           7              8              9              10             11             12       
   1  -0.00000000    -0.00000000    -0.00000000    -0.00000000     0.00000000    -0.00000000   
   2   0.00000000     0.00000000    -0.00000000    -0.00000000    -0.00000000     0.00000000   
   3  -0.00000000    -0.00000000    -0.00000000     0.00000000    -0.00000000    -0.00000000   
   4  -0.00000000     0.00000000    -0.00000000    -0.00000000     0.00000000    -0.00000000   
   5   0.00000000    -0.00000000    -0.00000000     0.00000000     0.00000000     0.00000000   
   6  -0.00000000     0.00000000    -0.00000000    -0.00000000     0.00000000    -0.00000000   
   7  -7.88364550    -0.00000000     0.00000000     0.00000000    -0.00000000     0.00000000   
   8  -0.00000000    -7.33573543     0.00000000     0.00000000    -0.00000000     0.00000000   
   9   0.00000000     0.00000000    -6.57170831     0.00000000    -0.00000000    -0.00000000   
  10   0.00000000     0.00000000     0.00000000    -6.56949018    -0.00000000    -0.00000000   
  11  -0.00000000    -0.00000000    -0.00000000    -0.00000000    -6.50564199    -0.00000000   
  12   0.00000000     0.00000000    -0.00000000    -0.00000000    -0.00000000    -6.50336785   
  13   0.00000000    -0.00000000    -0.00000000     0.00000000    -0.00000000     0.00000000   
  14  -0.00000000    -0.00000000    -0.00000000    -0.00000000     0.00000000     0.00000000   
  15  -0.00000000     0.00000000    -0.00000000     0.00000000    -0.00000000     0.00000000   
  16   0.00000000    -0.00000000    -0.00000000     0.00000000    -0.00000000     0.00000000   
  17   0.00000000    -0.00000000    -0.00000000     0.00000000    -0.00000000     0.00000000   
  18   0.00000000     0.00000000    -0.00000000     0.00000000    -0.00000000    -0.00000000   
  19  -0.00000000    -0.00000000    -0.00000000    -0.00000000    -0.00000000    -0.00000000   
  20   0.00000000    -0.00000000     0.00000000     0.00000000     0.00000000    -0.00000000   
  21   0.00000000     0.00000000    -0.00000000     0.00000000     0.00000000    -0.00000000   
  22  -0.00000000     0.00000000    -0.00000000     0.00000000    -0.00000000    -0.00000000   
  23   0.00000000    -0.00000000    -0.00000000     0.00000000    -0.00000000    -0.00000000   
  24  -0.00000000     0.00000000     0.00000000    -0.00000000     0.00000000     0.00000000   
  25   0.00000000     0.00000000     0.00000000     0.00000000     0.00000000     0.00000000   
  26   0.00000000     0.00000000     0.00000000    -0.00000000     0.00000000    -0.00000000   
  27  -0.00000000    -0.00000000    -0.00000000     0.00000000     0.00000000     0.00000000   
  28  -0.00000000    -0.00000000     0.00000000    -0.00000000     0.00000000     0.00000000   
  29  -0.00000000     0.00000000    -0.00000000     0.00000000    -0.00000000     0.00000000   
  30  -0.00000000     0.00000000    -0.00000000    -0.00000000    -0.00000000     0.00000000   
  31   0.00000000     0.00000000    -0.00000000     0.00000000    -0.00000000     0.00000000   
  32   0.00000000    -0.00000000     0.00000000     0.00000000     0.00000000    -0.00000000   
  33   0.00000000    -0.00000000    -0.00000000    -0.00000000     0.00000000     0.00000000   
  34   0.00000000    -0.00000000    -0.00000000    -0.00000000     0.00000000     0.00000000   
  35  -0.00000000    -0.00000000    -0.00000000    -0.00000000     0.00000000     0.00000000   
  36   0.00000000    -0.00000000    -0.00000000    -0.00000000    -0.00000000     0.00000000   
  37   0.00000000    -0.00000000    -0.00000000    -0.00000000     0.00000000     0.00000000   
  38   0.00000000    -0.00000000     0.00000000     0.00000000     0.00000000    -0.00000000   
  39  -0.00000000     0.00000000     0.00000000     0.00000000    -0.00000000    -0.00000000   
  40  -0.00000000    -0.00000000     0.00000000    -0.00000000    -0.00000000    -0.00000000   
  41  -0.00000000     0.00000000     0.00000000     0.00000000    -0.00000000     0.00000000   
  42  -0.00000000     0.00000000    -0.00000000    -0.00000000    -0.00000000    -0.00000000   
  43   0.00000000     0.00000000    -0.00000000     0.00000000     0.00000000     0.00000000   
  44   0.00000000     0.00000000     0.00000000     0.00000000    -0.00000000    -0.00000000   
  45   0.00000000     0.00000000     0.00000000     0.00000000     0.00000000     0.00000000   
  46   0.00000000     0.00000000     0.00000000     0.00000000    -0.00000000     0.00000000   
  47  -0.00000000     0.00000000     0.00000000    -0.00000000    -0.00000000     0.00000000   
  48   0.00000000     0.00000000     0.00000000     0.00000000    -0.00000000     0.00000000   
  49   0.00000000    -0.00000000     0.00000000     0.00000000     0.00000000     0.00000000   
  50   0.06385282    -0.00581348     0.00513174     0.00028008     0.00148645     0.00116243   
  51  -0.04256488    -0.00391293     0.00513374     0.00057441     0.00109932    -0.00288628   
  52   0.00000000     0.00000003     0.00000001     0.00000001     0.00000000     0.00000000   
  53  -0.00000000     0.00000000     0.00000000     0.00000001    -0.00000000    -0.00000000   
  54  -0.00000000     0.00000004    -0.00000001    -0.00000000    -0.00000000     0.00000000   
  55   0.00000000    -0.00000000    -0.00000001     0.00000001    -0.00000000     0.00000000   
  56   0.00000000     0.00000000    -0.00000000    -0.00000000     0.00000000    -0.00000000   
  57   0.00000000     0.00000000    -0.00000001    -0.00000001    -0.00000000    -0.00000001   
  58   0.00000000    -0.00000000    -0.00000000    -0.00000000     0.00000000     0.00000000   
  59   0.00000000     0.00000000     0.00000001     0.00000001     0.00000000     0.00000000   
  60  -0.00000001    -0.00000000     0.00000000     0.00000004     0.00000001     0.00000000   
  61  -0.00000000     0.00000000     0.00000000     0.00000000     0.00000000     0.00000000   
  62   0.00000000     0.00000000     0.00000000    -0.00000000    -0.00000000     0.00000000   
  63   0.00000000     0.00000000     0.00000000    -0.00000000    -0.00000000     0.00000000   
  64   0.00000000    -0.00000000    -0.00000000     0.00000002    -0.00000000     0.00000000   
  65  -0.00000000    -0.00000000     0.00000002     0.00000001    -0.00000000     0.00000000   
  66  -0.00000000     0.00000000     0.00000000    -0.00000000     0.00000002    -0.00000000   
  67   0.00000000     0.00000000    -0.00000002    -0.00000001     0.00000000     0.00000000   
  68  -0.00000000    -0.00000000    -0.00000000     0.00000000     0.00000000    -0.00000000   
  69   0.00000000     0.00000000    -0.00000000    -0.00000000    -0.00000000     0.00000000   
  70  -0.00000000    -0.00000000     0.00000000     0.00000000     0.00000000    -0.00000000   
  71  -0.00000000    -0.00000000     0.00000001     0.00000001     0.00000001     0.00000000   
  72  -0.00000000    -0.00000000     0.00000001    -0.00000001     0.00000000    -0.00000001   
  73  -0.00000000     0.00000000    -0.00000000    -0.00000002     0.00000001    -0.00000000   
  74   0.00000000    -0.00000000    -0.00000001     0.00000003     0.00000000     0.00000001   
  75  -0.00000000     0.00000000     0.00000001    -0.00000002    -0.00000000     0.00000000   
  76   0.00000000    -0.00000001    -0.00000000     0.00000000    -0.00000000    -0.00000000   
  77  -0.00000001     0.00000000     0.00000001     0.00000002     0.00000001    -0.00000000   
  78   0.00000000     0.00000000     0.00000001    -0.00000000    -0.00000000    -0.00000000   
  79   0.00000000     0.00000000    -0.00000000    -0.00000000     0.00000000     0.00000000   
  80   0.00000000    -0.00000000    -0.00000000    -0.00000000     0.00000000     0.00000000   
  81  -0.00000001     0.00000000    -0.00000000     0.00000001     0.00000000     0.00000000   
  82   0.00000000    -0.00000000     0.00000000    -0.00000001    -0.00000000    -0.00000000   
  83   0.00000001    -0.00000000    -0.00000000    -0.00000000    -0.00000000     0.00000000   
  84   0.00000001    -0.00000000    -0.00000000     0.00000000    -0.00000000    -0.00000000   
  85   0.00000001    -0.00000000    -0.00000001     0.00000001     0.00000000     0.00000000   
  86  -0.00000000     0.00000000     0.00000001    -0.00000001    -0.00000000    -0.00000000   
  87   0.00000000    -0.00000000    -0.00000001     0.00000001     0.00000000    -0.00000000   
           13             14             15             16             17             18       
   1   0.00000000     0.00000000     0.00000000     0.00000000     0.00000000     0.00000000   
   2   0.00000000     0.00000000     0.00000000    -0.00000000    -0.00000000     0.00000000   
   3  -0.00000000    -0.00000000    -0.00000000     0.00000000    -0.00000000    -0.00000000   
   4  -0.00000000    -0.00000000    -0.00000000    -0.00000000     0.00000000     0.00000000   
   5  -0.00000000    -0.00000000    -0.00000000    -0.00000000     0.00000000     0.00000000   
   6   0.00000000    -0.00000000    -0.00000000    -0.00000000     0.00000000     0.00000000   
   7   0.00000000    -0.00000000    -0.00000000     0.00000000     0.00000000     0.00000000   
   8  -0.00000000    -0.00000000     0.00000000    -0.00000000    -0.00000000     0.00000000   
   9  -0.00000000    -0.00000000    -0.00000000    -0.00000000    -0.00000000    -0.00000000   
  10   0.00000000    -0.00000000     0.00000000     0.00000000     0.00000000    -0.00000000   
  11  -0.00000000     0.00000000    -0.00000000    -0.00000000    -0.00000000    -0.00000000   
  12   0.00000000     0.00000000     0.00000000     0.00000000     0.00000000    -0.00000000   
  13  -6.41639170    -0.00000000    -0.00000000    -0.00000000     0.00000000     0.00000000   
  14  -0.00000000    -6.37411193     0.00000000    -0.00000000    -0.00000000    -0.00000000   
  15  -0.00000000     0.00000000    -5.94153327    -0.00000000     0.00000000    -0.00000000   
  16  -0.00000000    -0.00000000    -0.00000000    -5.90943412     0.00000000     0.00000000   
  17   0.00000000    -0.00000000     0.00000000     0.00000000    -5.71368072    -0.00000000   
  18   0.00000000    -0.00000000    -0.00000000     0.00000000    -0.00000000    -5.64482720   
  19  -0.00000000     0.00000000     0.00000000     0.00000000     0.00000000    -0.00000000   
  20  -0.00000000    -0.00000000     0.00000000    -0.00000000    -0.00000000     0.00000000   
  21  -0.00000000    -0.00000000     0.00000000     0.00000000    -0.00000000    -0.00000000   
  22   0.00000000    -0.00000000     0.00000000     0.00000000     0.00000000     0.00000000   
  23   0.00000000    -0.00000000     0.00000000     0.00000000    -0.00000000     0.00000000   
  24  -0.00000000     0.00000000    -0.00000000     0.00000000    -0.00000000    -0.00000000   
  25   0.00000000    -0.00000000     0.00000000    -0.00000000    -0.00000000    -0.00000000   
  26  -0.00000000     0.00000000    -0.00000000     0.00000000     0.00000000    -0.00000000   
  27  -0.00000000     0.00000000    -0.00000000     0.00000000     0.00000000    -0.00000000   
  28  -0.00000000     0.00000000    -0.00000000     0.00000000     0.00000000    -0.00000000   
  29   0.00000000     0.00000000     0.00000000     0.00000000     0.00000000     0.00000000   
  30   0.00000000     0.00000000     0.00000000    -0.00000000    -0.00000000    -0.00000000   
  31  -0.00000000    -0.00000000    -0.00000000    -0.00000000     0.00000000    -0.00000000   
  32  -0.00000000     0.00000000     0.00000000    -0.00000000     0.00000000    -0.00000000   
  33  -0.00000000     0.00000000     0.00000000    -0.00000000     0.00000000    -0.00000000   
  34  -0.00000000     0.00000000     0.00000000     0.00000000    -0.00000000     0.00000000   
  35   0.00000000    -0.00000000    -0.00000000    -0.00000000    -0.00000000    -0.00000000   
  36  -0.00000000    -0.00000000    -0.00000000     0.00000000    -0.00000000    -0.00000000   
  37  -0.00000000     0.00000000     0.00000000    -0.00000000     0.00000000    -0.00000000   
  38  -0.00000000     0.00000000     0.00000000     0.00000000    -0.00000000     0.00000000   
  39   0.00000000     0.00000000     0.00000000    -0.00000000    -0.00000000    -0.00000000   
  40   0.00000000     0.00000000     0.00000000    -0.00000000    -0.00000000    -0.00000000   
  41   0.00000000    -0.00000000     0.00000000     0.00000000    -0.00000000    -0.00000000   
  42   0.00000000    -0.00000000    -0.00000000    -0.00000000    -0.00000000    -0.00000000   
  43   0.00000000     0.00000000     0.00000000     0.00000000    -0.00000000    -0.00000000   
  44  -0.00000000    -0.00000000    -0.00000000     0.00000000     0.00000000     0.00000000   
  45  -0.00000000     0.00000000    -0.00000000     0.00000000    -0.00000000    -0.00000000   
  46  -0.00000000     0.00000000    -0.00000000     0.00000000    -0.00000000    -0.00000000   
  47   0.00000000    -0.00000000     0.00000000     0.00000000    -0.00000000    -0.00000000   
  48   0.00000000    -0.00000000     0.00000000    -0.00000000     0.00000000    -0.00000000   
  49  -0.00000000    -0.00000000    -0.00000000    -0.00000000     0.00000000    -0.00000000   
  50  -0.00412053    -0.00311571     0.03681301    -0.02581098     0.02046890     0.01347635   
  51   0.00581627     0.00442328    -0.05157832    -0.01805542     0.01431329     0.00942408   
  52  -0.00000000     0.00000001    -0.00000000    -0.00000000     0.00000000    -0.00000002   
  53   0.00000000    -0.00000000     0.00000000     0.00000001    -0.00000000     0.00000002   
  54   0.00000000    -0.00000000     0.00000000    -0.00000000    -0.00000000     0.00000001   
  55   0.00000001    -0.00000000     0.00000000     0.00000001    -0.00000000     0.00000001   
  56  -0.00000000     0.00000000    -0.00000000     0.00000000    -0.00000000     0.00000000   
  57  -0.00000000    -0.00000000     0.00000001     0.00000001     0.00000000     0.00000000   
  58  -0.00000000    -0.00000000    -0.00000000     0.00000000     0.00000001     0.00000002   
  59   0.00000000     0.00000000     0.00000000     0.00000000     0.00000000    -0.00000001   
  60   0.00000000     0.00000000    -0.00000000     0.00000001     0.00000000    -0.00000003   
  61  -0.00000000     0.00000000     0.00000000     0.00000000     0.00000000    -0.00000000   
  62  -0.00000000     0.00000000     0.00000000    -0.00000000     0.00000000     0.00000000   
  63  -0.00000000     0.00000000    -0.00000000    -0.00000000    -0.00000000    -0.00000000   
  64  -0.00000000    -0.00000000     0.00000000    -0.00000001    -0.00000000     0.00000001   
  65   0.00000000    -0.00000000    -0.00000000    -0.00000000     0.00000000     0.00000000   
  66   0.00000000    -0.00000000    -0.00000000     0.00000000     0.00000000    -0.00000000   
  67   0.00000000     0.00000000     0.00000000     0.00000000    -0.00000000     0.00000000   
  68  -0.00000000    -0.00000000    -0.00000000     0.00000000     0.00000000     0.00000000   
  69   0.00000000     0.00000000     0.00000000    -0.00000000     0.00000000     0.00000000   
  70   0.00000000    -0.00000000    -0.00000000     0.00000001    -0.00000000    -0.00000001   
  71  -0.00000000     0.00000000     0.00000000     0.00000001     0.00000000    -0.00000003   
  72   0.00000001    -0.00000000     0.00000000    -0.00000002     0.00000000    -0.00000005   
  73  -0.00000000    -0.00000000    -0.00000000     0.00000003     0.00000000    -0.00000001   
  74  -0.00000000     0.00000000    -0.00000000    -0.00000001    -0.00000000     0.00000001   
  75   0.00000000     0.00000000     0.00000000     0.00000000    -0.00000000    -0.00000001   
  76  -0.00000001     0.00000001    -0.00000001    -0.00000001     0.00000000    -0.00000001   
  77   0.00000000     0.00000000     0.00000000     0.00000003     0.00000000    -0.00000003   
  78  -0.00000000    -0.00000000     0.00000000     0.00000000    -0.00000000     0.00000000   
  79  -0.00000000     0.00000000     0.00000001    -0.00000000     0.00000000    -0.00000000   
  80  -0.00000000     0.00000000    -0.00000000    -0.00000001    -0.00000000    -0.00000001   
  81   0.00000000    -0.00000000     0.00000000     0.00000002    -0.00000000     0.00000001   
  82  -0.00000000     0.00000000    -0.00000000    -0.00000001     0.00000000    -0.00000000   
  83  -0.00000000     0.00000000    -0.00000000    -0.00000002    -0.00000000     0.00000000   
  84   0.00000000     0.00000000    -0.00000000    -0.00000000     0.00000000     0.00000000   
  85  -0.00000000     0.00000000     0.00000000    -0.00000001    -0.00000000     0.00000001   
  86   0.00000001    -0.00000000     0.00000000     0.00000000     0.00000000    -0.00000000   
  87   0.00000000     0.00000000    -0.00000000     0.00000000    -0.00000000     0.00000000   
           19             20             21             22             23             24       
   1  -0.00000000    -0.00000000    -0.00000000     0.00000000     0.00000000    -0.00000000   
   2   0.00000000     0.00000000     0.00000000    -0.00000000     0.00000000    -0.00000000   
   3  -0.00000000    -0.00000000     0.00000000     0.00000000     0.00000000    -0.00000000   
   4  -0.00000000    -0.00000000    -0.00000000     0.00000000     0.00000000    -0.00000000   
   5   0.00000000     0.00000000     0.00000000     0.00000000    -0.00000000    -0.00000000   
   6   0.00000000    -0.00000000    -0.00000000    -0.00000000    -0.00000000     0.00000000   
   7  -0.00000000     0.00000000     0.00000000    -0.00000000     0.00000000    -0.00000000   
   8  -0.00000000    -0.00000000     0.00000000     0.00000000    -0.00000000     0.00000000   
   9  -0.00000000     0.00000000    -0.00000000    -0.00000000    -0.00000000     0.00000000   
  10  -0.00000000     0.00000000     0.00000000     0.00000000     0.00000000    -0.00000000   
  11  -0.00000000     0.00000000     0.00000000    -0.00000000    -0.00000000     0.00000000   
  12  -0.00000000    -0.00000000    -0.00000000    -0.00000000    -0.00000000     0.00000000   
  13  -0.00000000    -0.00000000    -0.00000000     0.00000000     0.00000000    -0.00000000   
  14   0.00000000    -0.00000000    -0.00000000    -0.00000000    -0.00000000     0.00000000   
  15   0.00000000     0.00000000     0.00000000     0.00000000     0.00000000    -0.00000000   
  16   0.00000000    -0.00000000     0.00000000     0.00000000     0.00000000     0.00000000   
  17   0.00000000    -0.00000000    -0.00000000     0.00000000    -0.00000000    -0.00000000   
  18  -0.00000000     0.00000000    -0.00000000     0.00000000     0.00000000    -0.00000000   
  19  -5.61532163     0.00000000     0.00000000    -0.00000000     0.00000000    -0.00000000   
  20   0.00000000    -4.49206637     0.00000000     0.00000000     0.00000000     0.00000000   
  21   0.00000000    -0.00000000    -3.45285127    -0.00000000     0.00000000    -0.00000000   
  22  -0.00000000     0.00000000    -0.00000000    -3.37548436    -0.00000000     0.00000000   
  23   0.00000000     0.00000000     0.00000000    -0.00000000    -3.28134499    -0.00000000   
  24  -0.00000000     0.00000000    -0.00000000     0.00000000    -0.00000000    -3.14912296   
  25   0.00000000    -0.00000000    -0.00000000    -0.00000000    -0.00000000     0.00000000   
  26   0.00000000     0.00000000    -0.00000000     0.00000000     0.00000000    -0.00000000   
  27   0.00000000    -0.00000000     0.00000000    -0.00000000     0.00000000    -0.00000000   
  28   0.00000000    -0.00000000    -0.00000000     0.00000000     0.00000000     0.00000000   
  29   0.00000000     0.00000000     0.00000000    -0.00000000     0.00000000    -0.00000000   
  30   0.00000000     0.00000000    -0.00000000    -0.00000000     0.00000000    -0.00000000   
  31  -0.00000000    -0.00000000     0.00000000     0.00000000     0.00000000     0.00000000   
  32   0.00000000     0.00000000     0.00000000     0.00000000    -0.00000000    -0.00000000   
  33  -0.00000000     0.00000000     0.00000000    -0.00000000    -0.00000000    -0.00000000   
  34  -0.00000000     0.00000000    -0.00000000    -0.00000000    -0.00000000    -0.00000000   
  35  -0.00000000     0.00000000     0.00000000     0.00000000    -0.00000000    -0.00000000   
  36   0.00000000     0.00000000    -0.00000000    -0.00000000    -0.00000000     0.00000000   
  37   0.00000000     0.00000000    -0.00000000    -0.00000000    -0.00000000    -0.00000000   
  38   0.00000000    -0.00000000     0.00000000    -0.00000000     0.00000000    -0.00000000   
  39  -0.00000000    -0.00000000    -0.00000000    -0.00000000     0.00000000    -0.00000000   
  40   0.00000000    -0.00000000    -0.00000000    -0.00000000     0.00000000    -0.00000000   
  41   0.00000000     0.00000000     0.00000000    -0.00000000     0.00000000     0.00000000   
  42   0.00000000    -0.00000000     0.00000000     0.00000000     0.00000000     0.00000000   
  43   0.00000000    -0.00000000     0.00000000    -0.00000000    -0.00000000    -0.00000000   
  44  -0.00000000    -0.00000000     0.00000000     0.00000000     0.00000000     0.00000000   
  45  -0.00000000     0.00000000     0.00000000     0.00000000     0.00000000    -0.00000000   
  46   0.00000000     0.00000000     0.00000000     0.00000000     0.00000000     0.00000000   
  47  -0.00000000     0.00000000     0.00000000    -0.00000000     0.00000000    -0.00000000   
  48   0.00000000     0.00000000    -0.00000000    -0.00000000    -0.00000000    -0.00000000   
  49   0.00000000     0.00000000    -0.00000000     0.00000000    -0.00000000     0.00000000   
  50   0.01087685     0.08450799     0.06810356     0.04019055     0.09073349     0.06693075   
  51  -0.01526950    -0.01244666     0.04920490    -0.05884758     0.06667045    -0.10105837   
  52   0.00000001    -0.00000001    -0.00000001    -0.00000001     0.00000000     0.00000000   
  53  -0.00000000    -0.00000001    -0.00000002     0.00000000    -0.00000000    -0.00000000   
  54  -0.00000001     0.00000000    -0.00000001     0.00000000     0.00000000    -0.00000000   
  55  -0.00000000     0.00000002    -0.00000000    -0.00000002     0.00000000    -0.00000000   
  56  -0.00000001     0.00000000    -0.00000000     0.00000000     0.00000000     0.00000000   
  57   0.00000000    -0.00000000     0.00000001    -0.00000000    -0.00000001     0.00000000   
  58  -0.00000001     0.00000001     0.00000002    -0.00000000    -0.00000001    -0.00000000   
  59   0.00000000    -0.00000000    -0.00000002     0.00000000     0.00000001    -0.00000001   
  60   0.00000001     0.00000000    -0.00000003    -0.00000001     0.00000000     0.00000001   
  61   0.00000000    -0.00000000    -0.00000000     0.00000000     0.00000000     0.00000000   
  62  -0.00000000     0.00000000    -0.00000000     0.00000000     0.00000000    -0.00000000   
  63   0.00000000    -0.00000000    -0.00000000     0.00000000     0.00000000     0.00000000   
  64  -0.00000000    -0.00000001    -0.00000001     0.00000000     0.00000001     0.00000000   
  65   0.00000000     0.00000001    -0.00000001    -0.00000000    -0.00000001     0.00000000   
  66   0.00000000     0.00000000    -0.00000000     0.00000000    -0.00000000    -0.00000000   
  67  -0.00000000    -0.00000001     0.00000000    -0.00000000     0.00000001    -0.00000000   
  68  -0.00000000     0.00000000     0.00000000     0.00000000    -0.00000000     0.00000000   
  69  -0.00000000     0.00000000     0.00000000    -0.00000000    -0.00000000    -0.00000000   
  70   0.00000000    -0.00000000     0.00000000    -0.00000000    -0.00000001    -0.00000001   
  71  -0.00000000     0.00000001    -0.00000001    -0.00000001    -0.00000001     0.00000001   
  72   0.00000000     0.00000000    -0.00000000    -0.00000000     0.00000000     0.00000000   
  73  -0.00000000     0.00000001    -0.00000002    -0.00000000     0.00000000     0.00000001   
  74  -0.00000000    -0.00000000     0.00000000    -0.00000001     0.00000000     0.00000001   
  75  -0.00000000     0.00000000     0.00000000    -0.00000001    -0.00000000     0.00000000   
  76  -0.00000000     0.00000000     0.00000000    -0.00000000     0.00000001     0.00000000   
  77   0.00000001     0.00000000    -0.00000001    -0.00000001     0.00000001     0.00000001   
  78  -0.00000000     0.00000001     0.00000001     0.00000000    -0.00000000     0.00000000   
  79  -0.00000000    -0.00000000    -0.00000000    -0.00000001     0.00000000     0.00000000   
  80  -0.00000000    -0.00000000     0.00000000    -0.00000000     0.00000001     0.00000000   
  81   0.00000000     0.00000000    -0.00000001     0.00000000    -0.00000000    -0.00000000   
  82  -0.00000000     0.00000000    -0.00000000     0.00000001    -0.00000000    -0.00000000   
  83  -0.00000001    -0.00000000     0.00000001    -0.00000000    -0.00000000     0.00000000   
  84  -0.00000000     0.00000000     0.00000001     0.00000000     0.00000000    -0.00000000   
  85  -0.00000001    -0.00000000     0.00000001    -0.00000001     0.00000001     0.00000000   
  86   0.00000000     0.00000000    -0.00000000     0.00000000    -0.00000000    -0.00000000   
  87  -0.00000000    -0.00000000    -0.00000000     0.00000001     0.00000000    -0.00000000   
           25             26             27             28             29             30       
   1  -0.00000000    -0.00000000    -0.00000000    -0.00000000     0.00000000    -0.00000000   
   2  -0.00000000    -0.00000000    -0.00000000     0.00000000     0.00000000    -0.00000000   
   3   0.00000000    -0.00000000     0.00000000     0.00000000     0.00000000     0.00000000   
   4   0.00000000    -0.00000000     0.00000000    -0.00000000     0.00000000     0.00000000   
   5  -0.00000000    -0.00000000    -0.00000000    -0.00000000     0.00000000     0.00000000   
   6   0.00000000    -0.00000000     0.00000000    -0.00000000    -0.00000000    -0.00000000   
   7   0.00000000     0.00000000    -0.00000000    -0.00000000    -0.00000000    -0.00000000   
   8   0.00000000     0.00000000    -0.00000000    -0.00000000     0.00000000     0.00000000   
   9   0.00000000     0.00000000    -0.00000000     0.00000000    -0.00000000    -0.00000000   
  10   0.00000000    -0.00000000     0.00000000    -0.00000000     0.00000000    -0.00000000   
  11   0.00000000     0.00000000     0.00000000     0.00000000    -0.00000000    -0.00000000   
  12   0.00000000    -0.00000000     0.00000000     0.00000000     0.00000000     0.00000000   
  13   0.00000000    -0.00000000    -0.00000000    -0.00000000     0.00000000     0.00000000   
  14  -0.00000000     0.00000000     0.00000000     0.00000000     0.00000000     0.00000000   
  15   0.00000000    -0.00000000    -0.00000000    -0.00000000     0.00000000     0.00000000   
  16  -0.00000000     0.00000000     0.00000000     0.00000000     0.00000000    -0.00000000   
  17  -0.00000000     0.00000000     0.00000000     0.00000000     0.00000000    -0.00000000   
  18  -0.00000000    -0.00000000    -0.00000000    -0.00000000     0.00000000    -0.00000000   
  19   0.00000000     0.00000000     0.00000000     0.00000000     0.00000000     0.00000000   
  20  -0.00000000     0.00000000    -0.00000000    -0.00000000     0.00000000     0.00000000   
  21  -0.00000000    -0.00000000     0.00000000    -0.00000000     0.00000000    -0.00000000   
  22  -0.00000000     0.00000000    -0.00000000     0.00000000    -0.00000000    -0.00000000   
  23  -0.00000000     0.00000000    -0.00000000     0.00000000     0.00000000     0.00000000   
  24   0.00000000    -0.00000000    -0.00000000     0.00000000    -0.00000000     0.00000000   
  25  -2.60765276    -0.00000000    -0.00000000    -0.00000000    -0.00000000    -0.00000000   
  26  -0.00000000    -2.43204840    -0.00000000    -0.00000000     0.00000000    -0.00000000   
  27  -0.00000000    -0.00000000    -2.19181736     0.00000000     0.00000000    -0.00000000   
  28  -0.00000000    -0.00000000     0.00000000    -1.99270251    -0.00000000     0.00000000   
  29  -0.00000000     0.00000000     0.00000000    -0.00000000    -1.61183270    -0.00000000   
  30  -0.00000000    -0.00000000    -0.00000000     0.00000000    -0.00000000    -1.39970855   
  31   0.00000000    -0.00000000     0.00000000    -0.00000000     0.00000000     0.00000000   
  32  -0.00000000     0.00000000     0.00000000     0.00000000     0.00000000     0.00000000   
  33  -0.00000000     0.00000000    -0.00000000    -0.00000000     0.00000000     0.00000000   
  34  -0.00000000    -0.00000000    -0.00000000    -0.00000000     0.00000000     0.00000000   
  35  -0.00000000    -0.00000000    -0.00000000    -0.00000000     0.00000000     0.00000000   
  36  -0.00000000     0.00000000     0.00000000    -0.00000000     0.00000000     0.00000000   
  37  -0.00000000     0.00000000    -0.00000000     0.00000000     0.00000000     0.00000000   
  38   0.00000000    -0.00000000    -0.00000000     0.00000000    -0.00000000    -0.00000000   
  39   0.00000000     0.00000000     0.00000000     0.00000000    -0.00000000    -0.00000000   
  40   0.00000000    -0.00000000    -0.00000000     0.00000000     0.00000000     0.00000000   
  41  -0.00000000     0.00000000    -0.00000000    -0.00000000    -0.00000000     0.00000000   
  42   0.00000000    -0.00000000     0.00000000     0.00000000     0.00000000     0.00000000   
  43  -0.00000000    -0.00000000     0.00000000    -0.00000000     0.00000000    -0.00000000   
  44   0.00000000    -0.00000000     0.00000000     0.00000000     0.00000000     0.00000000   
  45  -0.00000000     0.00000000    -0.00000000     0.00000000    -0.00000000    -0.00000000   
  46  -0.00000000     0.00000000     0.00000000     0.00000000    -0.00000000    -0.00000000   
  47  -0.00000000     0.00000000    -0.00000000    -0.00000000    -0.00000000    -0.00000000   
  48   0.00000000     0.00000000     0.00000000     0.00000000     0.00000000     0.00000000   
  49  -0.00000000    -0.00000000    -0.00000000     0.00000000    -0.00000000     0.00000000   
  50  -0.13049668    -0.07864470     0.04710035     0.00082262     1.05683582     0.39708237   
  51  -0.39393119    -0.00474827     0.01454295     0.00023792    -0.07822671    -0.65403101   
  52  -0.00000000     0.00000004     0.00000008    -0.00000001     0.00000003    -0.00000002   
  53  -0.00000001     0.00000003     0.00000001    -0.00000001    -0.00000000    -0.00000004   
  54  -0.00000001    -0.00000007     0.00000008    -0.00000004    -0.00000005     0.00000000   
  55  -0.00000000     0.00000003    -0.00000000     0.00000002    -0.00000001    -0.00000001   
  56   0.00000000     0.00000000    -0.00000002     0.00000010     0.00000001     0.00000001   
  57   0.00000001     0.00000001     0.00000001     0.00000002    -0.00000000     0.00000002   
  58  -0.00000000     0.00000002     0.00000001     0.00000000     0.00000000    -0.00000001   
  59  -0.00000002    -0.00000002    -0.00000001     0.00000001     0.00000002     0.00000001   
  60  -0.00000000    -0.00000004    -0.00000002     0.00000002     0.00000001     0.00000001   
  61   0.00000000     0.00000000    -0.00000000    -0.00000000    -0.00000001     0.00000000   
  62  -0.00000001    -0.00000000    -0.00000000     0.00000001     0.00000001     0.00000000   
  63  -0.00000000    -0.00000001    -0.00000000    -0.00000000     0.00000000    -0.00000001   
  64  -0.00000003    -0.00000001     0.00000000    -0.00000000     0.00000004    -0.00000001   
  65   0.00000001    -0.00000000     0.00000000    -0.00000001    -0.00000002    -0.00000000   
  66  -0.00000000    -0.00000000     0.00000000    -0.00000000     0.00000000    -0.00000000   
  67  -0.00000001    -0.00000000    -0.00000000     0.00000001     0.00000001    -0.00000001   
  68   0.00000000     0.00000000     0.00000000    -0.00000000     0.00000000     0.00000000   
  69   0.00000000    -0.00000000     0.00000000     0.00000001     0.00000001     0.00000001   
  70   0.00000000     0.00000000    -0.00000000    -0.00000000    -0.00000001    -0.00000000   
  71  -0.00000001    -0.00000004    -0.00000001     0.00000002     0.00000001     0.00000002   
  72   0.00000001    -0.00000003    -0.00000002    -0.00000001    -0.00000002     0.00000005   
  73   0.00000001    -0.00000001    -0.00000000     0.00000001     0.00000003    -0.00000001   
  74  -0.00000000    -0.00000000     0.00000000     0.00000002    -0.00000001     0.00000001   
  75  -0.00000000    -0.00000001    -0.00000000     0.00000000    -0.00000001    -0.00000002   
  76  -0.00000001     0.00000001    -0.00000004     0.00000001     0.00000002    -0.00000001   
  77  -0.00000001    -0.00000002    -0.00000001     0.00000001     0.00000002     0.00000002   
  78   0.00000001     0.00000001     0.00000000    -0.00000001     0.00000000    -0.00000000   
  79  -0.00000000    -0.00000001    -0.00000000     0.00000001     0.00000000     0.00000000   
  80  -0.00000000    -0.00000000     0.00000000     0.00000001    -0.00000000     0.00000003   
  81  -0.00000000    -0.00000000    -0.00000000    -0.00000000     0.00000001    -0.00000003   
  82   0.00000000     0.00000001     0.00000000    -0.00000001     0.00000000     0.00000001   
  83   0.00000000     0.00000001     0.00000000     0.00000000    -0.00000001     0.00000001   
  84   0.00000000     0.00000001     0.00000000    -0.00000000     0.00000000     0.00000001   
  85  -0.00000000    -0.00000000     0.00000000     0.00000002    -0.00000001     0.00000001   
  86   0.00000000     0.00000000    -0.00000000    -0.00000001    -0.00000000    -0.00000000   
  87  -0.00000001     0.00000001     0.00000000    -0.00000000     0.00000000     0.00000001   
           31             32             33             34             35             36       
   1  -0.00000000     0.00000000    -0.00000000    -0.00000000    -0.00000000    -0.00000000   
   2  -0.00000000     0.00000000     0.00000000     0.00000000    -0.00000000     0.00000000   
   3  -0.00000000    -0.00000000    -0.00000000    -0.00000000     0.00000000    -0.00000000   
   4  -0.00000000    -0.00000000    -0.00000000    -0.00000000     0.00000000     0.00000000   
   5  -0.00000000     0.00000000    -0.00000000    -0.00000000     0.00000000     0.00000000   
   6   0.00000000     0.00000000     0.00000000     0.00000000    -0.00000000    -0.00000000   
   7   0.00000000     0.00000000     0.00000000     0.00000000    -0.00000000     0.00000000   
   8   0.00000000    -0.00000000    -0.00000000    -0.00000000    -0.00000000    -0.00000000   
   9  -0.00000000     0.00000000    -0.00000000    -0.00000000    -0.00000000    -0.00000000   
  10   0.00000000     0.00000000    -0.00000000    -0.00000000    -0.00000000    -0.00000000   
  11  -0.00000000     0.00000000     0.00000000     0.00000000     0.00000000    -0.00000000   
  12   0.00000000    -0.00000000     0.00000000     0.00000000     0.00000000     0.00000000   
  13  -0.00000000    -0.00000000    -0.00000000    -0.00000000     0.00000000    -0.00000000   
  14  -0.00000000     0.00000000     0.00000000     0.00000000    -0.00000000    -0.00000000   
  15  -0.00000000     0.00000000     0.00000000     0.00000000    -0.00000000    -0.00000000   
  16  -0.00000000    -0.00000000    -0.00000000     0.00000000    -0.00000000     0.00000000   
  17   0.00000000     0.00000000     0.00000000    -0.00000000    -0.00000000    -0.00000000   
  18  -0.00000000    -0.00000000    -0.00000000     0.00000000    -0.00000000    -0.00000000   
  19  -0.00000000     0.00000000     0.00000000    -0.00000000    -0.00000000     0.00000000   
  20  -0.00000000     0.00000000     0.00000000     0.00000000     0.00000000     0.00000000   
  21   0.00000000     0.00000000     0.00000000    -0.00000000     0.00000000    -0.00000000   
  22   0.00000000     0.00000000    -0.00000000    -0.00000000     0.00000000    -0.00000000   
  23   0.00000000    -0.00000000    -0.00000000    -0.00000000    -0.00000000    -0.00000000   
  24   0.00000000    -0.00000000    -0.00000000    -0.00000000    -0.00000000     0.00000000   
  25   0.00000000    -0.00000000    -0.00000000    -0.00000000    -0.00000000    -0.00000000   
  26  -0.00000000     0.00000000     0.00000000    -0.00000000    -0.00000000     0.00000000   
  27   0.00000000     0.00000000    -0.00000000    -0.00000000    -0.00000000     0.00000000   
  28  -0.00000000     0.00000000    -0.00000000    -0.00000000    -0.00000000    -0.00000000   
  29   0.00000000     0.00000000     0.00000000     0.00000000     0.00000000     0.00000000   
  30   0.00000000     0.00000000     0.00000000     0.00000000     0.00000000     0.00000000   
  31  -1.11399415    -0.00000000    -0.00000000     0.00000000    -0.00000000    -0.00000000   
  32  -0.00000000    -0.58683402    -0.00000000    -0.00000000     0.00000000    -0.00000000   
  33  -0.00000000    -0.00000000    -0.56565215    -0.00000000     0.00000000     0.00000000   
  34   0.00000000    -0.00000000    -0.00000000    -0.56380615     0.00000000     0.00000000   
  35  -0.00000000     0.00000000     0.00000000     0.00000000    -0.50071759    -0.00000000   
  36  -0.00000000    -0.00000000     0.00000000     0.00000000    -0.00000000    -0.48810875   
  37  -0.00000000    -0.00000000    -0.00000000     0.00000000    -0.00000000    -0.00000000   
  38  -0.00000000    -0.00000000    -0.00000000    -0.00000000    -0.00000000    -0.00000000   
  39  -0.00000000    -0.00000000    -0.00000000    -0.00000000    -0.00000000    -0.00000000   
  40   0.00000000    -0.00000000    -0.00000000    -0.00000000    -0.00000000    -0.00000000   
  41  -0.00000000    -0.00000000    -0.00000000    -0.00000000    -0.00000000     0.00000000   
  42   0.00000000    -0.00000000     0.00000000     0.00000000     0.00000000    -0.00000000   
  43  -0.00000000     0.00000000    -0.00000000    -0.00000000     0.00000000     0.00000000   
  44  -0.00000000     0.00000000     0.00000000     0.00000000    -0.00000000    -0.00000000   
  45  -0.00000000     0.00000000    -0.00000000    -0.00000000    -0.00000000     0.00000000   
  46  -0.00000000     0.00000000    -0.00000000    -0.00000000    -0.00000000     0.00000000   
  47   0.00000000     0.00000000     0.00000000     0.00000000    -0.00000000    -0.00000000   
  48  -0.00000000     0.00000000     0.00000000     0.00000000     0.00000000     0.00000000   
  49  -0.00000000     0.00000000    -0.00000000    -0.00000000    -0.00000000     0.00000000   
  50   0.43479098     0.00082772     0.16947640     0.06061996     0.11034340    -0.00196508   
  51   0.82704611    -0.00114860    -0.13933330    -0.05445680     0.22435036    -0.00579251   
  52  -0.00000002    -0.00000001     0.00000001     0.00000001    -0.00000000    -0.00000001   
  53  -0.00000000     0.00000000    -0.00000000    -0.00000000     0.00000000     0.00000000   
  54   0.00000001     0.00000001    -0.00000000    -0.00000000    -0.00000000     0.00000001   
  55  -0.00000001    -0.00000000    -0.00000000     0.00000000     0.00000001     0.00000000   
  56  -0.00000000    -0.00000000    -0.00000000    -0.00000000    -0.00000000     0.00000000   
  57  -0.00000003    -0.00000001    -0.00000002    -0.00000001    -0.00000000     0.00000000   
  58   0.00000001     0.00000000    -0.00000002    -0.00000001    -0.00000002     0.00000000   
  59   0.00000002    -0.00000000     0.00000001     0.00000000     0.00000000     0.00000000   
  60  -0.00000000    -0.00000001     0.00000001     0.00000001    -0.00000001    -0.00000001   
  61   0.00000000     0.00000000     0.00000001    -0.00000002     0.00000000     0.00000000   
  62   0.00000002     0.00000000     0.00000001     0.00000000     0.00000000     0.00000001   
  63   0.00000000    -0.00000002     0.00000000     0.00000000    -0.00000000    -0.00000000   
  64   0.00000004     0.00000000     0.00000001     0.00000000     0.00000002    -0.00000000   
  65  -0.00000001     0.00000000    -0.00000000    -0.00000000    -0.00000000    -0.00000000   
  66   0.00000001    -0.00000000    -0.00000000    -0.00000000     0.00000000     0.00000000   
  67   0.00000002     0.00000000     0.00000000     0.00000000     0.00000000     0.00000000   
  68  -0.00000000     0.00000000    -0.00000000    -0.00000000     0.00000000    -0.00000000   
  69  -0.00000001     0.00000000    -0.00000000    -0.00000000    -0.00000000    -0.00000000   
  70  -0.00000001    -0.00000001    -0.00000001     0.00000000     0.00000001    -0.00000000   
  71   0.00000002    -0.00000001     0.00000002     0.00000001    -0.00000000    -0.00000001   
  72   0.00000003    -0.00000000     0.00000001     0.00000000     0.00000000    -0.00000001   
  73  -0.00000002    -0.00000001     0.00000001     0.00000000    -0.00000001    -0.00000001   
  74   0.00000001    -0.00000000     0.00000000    -0.00000000     0.00000000     0.00000000   
  75  -0.00000002    -0.00000000     0.00000001     0.00000000    -0.00000002    -0.00000000   
  76   0.00000001     0.00000000     0.00000000     0.00000000    -0.00000000    -0.00000000   
  77   0.00000003    -0.00000001     0.00000002     0.00000001    -0.00000000    -0.00000001   
  78  -0.00000002     0.00000000    -0.00000001    -0.00000000     0.00000000     0.00000000   
  79   0.00000000     0.00000000    -0.00000000    -0.00000000    -0.00000000    -0.00000000   
  80   0.00000002    -0.00000000     0.00000001     0.00000001     0.00000000    -0.00000000   
  81  -0.00000001    -0.00000000    -0.00000001    -0.00000000     0.00000001     0.00000000   
  82   0.00000001     0.00000000     0.00000000     0.00000000     0.00000000     0.00000000   
  83  -0.00000000     0.00000000     0.00000000     0.00000000    -0.00000000     0.00000000   
  84  -0.00000000     0.00000000     0.00000000     0.00000000    -0.00000000    -0.00000000   
  85   0.00000001    -0.00000000    -0.00000000    -0.00000000    -0.00000000    -0.00000000   
  86  -0.00000000    -0.00000000    -0.00000000    -0.00000000     0.00000000     0.00000000   
  87  -0.00000000    -0.00000000    -0.00000000    -0.00000000     0.00000000     0.00000000   
           37             38             39             40             41             42       
   1   0.00000000     0.00000000    -0.00000000     0.00000000    -0.00000000     0.00000000   
   2   0.00000000     0.00000000     0.00000000    -0.00000000     0.00000000     0.00000000   
   3  -0.00000000     0.00000000     0.00000000    -0.00000000    -0.00000000     0.00000000   
   4  -0.00000000     0.00000000     0.00000000     0.00000000     0.00000000     0.00000000   
   5  -0.00000000    -0.00000000     0.00000000     0.00000000     0.00000000     0.00000000   
   6   0.00000000     0.00000000    -0.00000000     0.00000000    -0.00000000     0.00000000   
   7   0.00000000     0.00000000    -0.00000000    -0.00000000    -0.00000000    -0.00000000   
   8  -0.00000000    -0.00000000     0.00000000    -0.00000000     0.00000000     0.00000000   
   9  -0.00000000     0.00000000     0.00000000     0.00000000     0.00000000    -0.00000000   
  10  -0.00000000     0.00000000     0.00000000    -0.00000000     0.00000000    -0.00000000   
  11   0.00000000     0.00000000    -0.00000000    -0.00000000    -0.00000000    -0.00000000   
  12   0.00000000    -0.00000000    -0.00000000    -0.00000000     0.00000000    -0.00000000   
  13  -0.00000000    -0.00000000     0.00000000     0.00000000     0.00000000     0.00000000   
  14   0.00000000     0.00000000     0.00000000     0.00000000    -0.00000000    -0.00000000   
  15   0.00000000     0.00000000     0.00000000     0.00000000     0.00000000    -0.00000000   
  16  -0.00000000     0.00000000    -0.00000000    -0.00000000     0.00000000    -0.00000000   
  17   0.00000000    -0.00000000    -0.00000000    -0.00000000    -0.00000000    -0.00000000   
  18  -0.00000000     0.00000000    -0.00000000    -0.00000000     0.00000000    -0.00000000   
  19   0.00000000     0.00000000    -0.00000000     0.00000000     0.00000000     0.00000000   
  20   0.00000000    -0.00000000    -0.00000000    -0.00000000     0.00000000    -0.00000000   
  21  -0.00000000     0.00000000    -0.00000000    -0.00000000     0.00000000     0.00000000   
  22  -0.00000000    -0.00000000    -0.00000000    -0.00000000    -0.00000000     0.00000000   
  23  -0.00000000     0.00000000     0.00000000     0.00000000     0.00000000     0.00000000   
  24  -0.00000000     0.00000000    -0.00000000    -0.00000000    -0.00000000     0.00000000   
  25  -0.00000000     0.00000000     0.00000000     0.00000000    -0.00000000     0.00000000   
  26   0.00000000    -0.00000000     0.00000000    -0.00000000     0.00000000    -0.00000000   
  27  -0.00000000    -0.00000000     0.00000000    -0.00000000    -0.00000000     0.00000000   
  28   0.00000000     0.00000000     0.00000000     0.00000000    -0.00000000     0.00000000   
  29   0.00000000    -0.00000000    -0.00000000     0.00000000    -0.00000000     0.00000000   
  30   0.00000000    -0.00000000    -0.00000000     0.00000000     0.00000000     0.00000000   
  31  -0.00000000    -0.00000000    -0.00000000     0.00000000    -0.00000000     0.00000000   
  32  -0.00000000    -0.00000000    -0.00000000    -0.00000000    -0.00000000    -0.00000000   
  33  -0.00000000    -0.00000000    -0.00000000    -0.00000000    -0.00000000     0.00000000   
  34   0.00000000    -0.00000000    -0.00000000    -0.00000000    -0.00000000     0.00000000   
  35  -0.00000000    -0.00000000    -0.00000000    -0.00000000    -0.00000000     0.00000000   
  36  -0.00000000    -0.00000000    -0.00000000    -0.00000000     0.00000000    -0.00000000   
  37  -0.28123141    -0.00000000    -0.00000000    -0.00000000    -0.00000000     0.00000000   
  38  -0.00000000     0.18532960     0.00000000    -0.00000000     0.00000000    -0.00000000   
  39  -0.00000000     0.00000000     0.31093053     0.00000000     0.00000000    -0.00000000   
  40  -0.00000000    -0.00000000     0.00000000     0.45314403     0.00000000    -0.00000000   
  41  -0.00000000     0.00000000     0.00000000     0.00000000     0.81352460    -0.00000000   
  42   0.00000000    -0.00000000    -0.00000000    -0.00000000    -0.00000000     0.92362050   
  43  -0.00000000     0.00000000    -0.00000000    -0.00000000    -0.00000000    -0.00000000   
  44   0.00000000    -0.00000000    -0.00000000    -0.00000000     0.00000000    -0.00000000   
  45   0.00000000     0.00000000     0.00000000     0.00000000     0.00000000    -0.00000000   
  46   0.00000000     0.00000000     0.00000000    -0.00000000     0.00000000    -0.00000000   
  47  -0.00000000    -0.00000000    -0.00000000    -0.00000000    -0.00000000     0.00000000   
  48   0.00000000     0.00000000     0.00000000    -0.00000000    -0.00000000     0.00000000   
  49  -0.00000000     0.00000000    -0.00000000    -0.00000000     0.00000000    -0.00000000   
  50  -0.00749454     0.24783505     0.15799038     0.12871560     0.05301802     0.00042222   
  51  -0.61123293    -0.23891387    -0.01057243     0.04997661    -0.23846306    -0.00088384   
  52   0.00000002     0.00000001     0.00000002    -0.00000001     0.00000001     0.00000000   
  53  -0.00000001     0.00000004    -0.00000011     0.00000003     0.00000000    -0.00000001   
  54   0.00000000    -0.00000004     0.00000002     0.00000000    -0.00000000    -0.00000000   
  55  -0.00000000    -0.00000001    -0.00000007     0.00000001    -0.00000001     0.00000000   
  56   0.00000000     0.00000000     0.00000000    -0.00000000     0.00000000     0.00000000   
  57  -0.00000001     0.00000002    -0.00000000     0.00000000     0.00000001    -0.00000000   
  58  -0.00000000     0.00000000    -0.00000004     0.00000003     0.00000000     0.00000000   
  59  -0.00000001     0.00000001     0.00000003    -0.00000002     0.00000002    -0.00000000   
  60   0.00000002     0.00000001     0.00000006    -0.00000005     0.00000001    -0.00000001   
  61  -0.00000000    -0.00000000     0.00000000    -0.00000000     0.00000000     0.00000000   
  62  -0.00000000     0.00000000     0.00000000    -0.00000000     0.00000000     0.00000000   
  63   0.00000000    -0.00000000     0.00000000     0.00000000     0.00000000     0.00000000   
  64  -0.00000002     0.00000004     0.00000001    -0.00000003     0.00000001    -0.00000001   
  65   0.00000000    -0.00000000    -0.00000000    -0.00000001    -0.00000000     0.00000003   
  66  -0.00000000     0.00000000     0.00000000     0.00000001     0.00000000    -0.00000000   
  67  -0.00000001     0.00000000    -0.00000000     0.00000000     0.00000000    -0.00000002   
  68  -0.00000000     0.00000000    -0.00000000    -0.00000000     0.00000000    -0.00000000   
  69   0.00000000     0.00000000    -0.00000000     0.00000000     0.00000000     0.00000000   
  70  -0.00000000     0.00000001     0.00000000     0.00000001     0.00000001    -0.00000000   
  71  -0.00000000     0.00000002     0.00000004     0.00000000     0.00000001     0.00000001   
  72   0.00000001     0.00000002     0.00000000    -0.00000000     0.00000001     0.00000001   
  73   0.00000002     0.00000001     0.00000002    -0.00000000     0.00000001     0.00000001   
  74  -0.00000001    -0.00000001     0.00000001    -0.00000001    -0.00000002    -0.00000000   
  75   0.00000002     0.00000001     0.00000001    -0.00000000     0.00000000     0.00000001   
  76   0.00000001     0.00000001     0.00000001     0.00000000     0.00000001    -0.00000000   
  77   0.00000002     0.00000005     0.00000000    -0.00000001     0.00000003     0.00000001   
  78  -0.00000000    -0.00000000    -0.00000001     0.00000000     0.00000000    -0.00000000   
  79   0.00000000    -0.00000000     0.00000001    -0.00000000    -0.00000000     0.00000000   
  80   0.00000001     0.00000002     0.00000002    -0.00000001     0.00000001     0.00000000   
  81  -0.00000001    -0.00000001    -0.00000002     0.00000001    -0.00000001    -0.00000000   
  82   0.00000001     0.00000001     0.00000000    -0.00000000     0.00000001    -0.00000000   
  83  -0.00000000    -0.00000001     0.00000002    -0.00000001    -0.00000000    -0.00000000   
  84  -0.00000000     0.00000001    -0.00000000    -0.00000000    -0.00000000    -0.00000000   
  85  -0.00000001    -0.00000001     0.00000002    -0.00000001    -0.00000000    -0.00000001   
  86  -0.00000000     0.00000000    -0.00000001     0.00000000    -0.00000000     0.00000000   
  87  -0.00000000     0.00000000    -0.00000001     0.00000000     0.00000000    -0.00000000   
           43             44             45             46             47             48       
   1  -0.00000000    -0.00000000    -0.00000000    -0.00000000    -0.00000000    -0.00000000   
   2   0.00000000    -0.00000000     0.00000000     0.00000000    -0.00000000    -0.00000000   
   3   0.00000000    -0.00000000    -0.00000000    -0.00000000     0.00000000     0.00000000   
   4  -0.00000000    -0.00000000    -0.00000000    -0.00000000     0.00000000     0.00000000   
   5   0.00000000     0.00000000    -0.00000000    -0.00000000     0.00000000     0.00000000   
   6  -0.00000000    -0.00000000     0.00000000     0.00000000    -0.00000000     0.00000000   
   7   0.00000000     0.00000000     0.00000000     0.00000000    -0.00000000     0.00000000   
   8   0.00000000     0.00000000     0.00000000     0.00000000     0.00000000     0.00000000   
   9  -0.00000000     0.00000000     0.00000000     0.00000000     0.00000000     0.00000000   
  10   0.00000000     0.00000000     0.00000000     0.00000000    -0.00000000     0.00000000   
  11   0.00000000    -0.00000000     0.00000000    -0.00000000    -0.00000000    -0.00000000   
  12   0.00000000    -0.00000000     0.00000000     0.00000000     0.00000000     0.00000000   
  13   0.00000000    -0.00000000    -0.00000000    -0.00000000     0.00000000     0.00000000   
  14   0.00000000    -0.00000000     0.00000000     0.00000000    -0.00000000    -0.00000000   
  15   0.00000000    -0.00000000    -0.00000000    -0.00000000     0.00000000     0.00000000   
  16   0.00000000     0.00000000     0.00000000     0.00000000     0.00000000    -0.00000000   
  17  -0.00000000     0.00000000    -0.00000000    -0.00000000    -0.00000000     0.00000000   
  18  -0.00000000     0.00000000    -0.00000000    -0.00000000    -0.00000000    -0.00000000   
  19   0.00000000    -0.00000000    -0.00000000     0.00000000    -0.00000000     0.00000000   
  20  -0.00000000    -0.00000000     0.00000000     0.00000000     0.00000000     0.00000000   
  21   0.00000000     0.00000000     0.00000000     0.00000000     0.00000000    -0.00000000   
  22  -0.00000000     0.00000000     0.00000000     0.00000000    -0.00000000    -0.00000000   
  23  -0.00000000     0.00000000     0.00000000     0.00000000     0.00000000    -0.00000000   
  24  -0.00000000     0.00000000    -0.00000000     0.00000000    -0.00000000    -0.00000000   
  25  -0.00000000     0.00000000    -0.00000000    -0.00000000    -0.00000000     0.00000000   
  26  -0.00000000    -0.00000000     0.00000000     0.00000000     0.00000000     0.00000000   
  27   0.00000000     0.00000000    -0.00000000     0.00000000    -0.00000000     0.00000000   
  28  -0.00000000     0.00000000     0.00000000     0.00000000    -0.00000000     0.00000000   
  29   0.00000000     0.00000000    -0.00000000    -0.00000000    -0.00000000     0.00000000   
  30  -0.00000000     0.00000000    -0.00000000    -0.00000000    -0.00000000     0.00000000   
  31  -0.00000000    -0.00000000    -0.00000000    -0.00000000     0.00000000    -0.00000000   
  32   0.00000000     0.00000000     0.00000000     0.00000000     0.00000000     0.00000000   
  33  -0.00000000     0.00000000    -0.00000000    -0.00000000     0.00000000     0.00000000   
  34  -0.00000000     0.00000000    -0.00000000    -0.00000000     0.00000000     0.00000000   
  35   0.00000000    -0.00000000    -0.00000000    -0.00000000    -0.00000000     0.00000000   
  36   0.00000000    -0.00000000     0.00000000     0.00000000    -0.00000000     0.00000000   
  37  -0.00000000     0.00000000     0.00000000     0.00000000    -0.00000000     0.00000000   
  38   0.00000000    -0.00000000     0.00000000     0.00000000    -0.00000000     0.00000000   
  39  -0.00000000    -0.00000000     0.00000000     0.00000000    -0.00000000     0.00000000   
  40  -0.00000000    -0.00000000     0.00000000    -0.00000000    -0.00000000    -0.00000000   
  41  -0.00000000     0.00000000     0.00000000     0.00000000    -0.00000000     0.00000000   
  42  -0.00000000    -0.00000000    -0.00000000    -0.00000000     0.00000000     0.00000000   
  43   0.94964767     0.00000000     0.00000000     0.00000000     0.00000000     0.00000000   
  44   0.00000000     0.99371249     0.00000000     0.00000000     0.00000000     0.00000000   
  45   0.00000000     0.00000000     1.02224692     0.00000000     0.00000000     0.00000000   
  46   0.00000000     0.00000000     0.00000000     1.04179827     0.00000000     0.00000000   
  47   0.00000000     0.00000000     0.00000000     0.00000000     1.10555315    -0.00000000   
  48   0.00000000     0.00000000     0.00000000     0.00000000    -0.00000000     1.14755679   
  49  -0.00000000     0.00000000     0.00000000     0.00000000     0.00000000     0.00000000   
  50   0.00918627    -0.03161802    -0.15381403    -0.02640129    -0.01594576    -0.00816804   
  51   0.00289444    -0.02808745    -0.13731095    -0.02826717    -0.00794240    -0.00368078   
  52   0.00000001    -0.00000000    -0.00000001     0.00000000     0.00000001     0.00000001   
  53  -0.00000005     0.00000000    -0.00000001    -0.00000000     0.00000000     0.00000000   
  54   0.00000000    -0.00000000    -0.00000000    -0.00000000    -0.00000000    -0.00000000   
  55   0.00000002    -0.00000001    -0.00000000    -0.00000001    -0.00000001    -0.00000000   
  56   0.00000000     0.00000000     0.00000000     0.00000000    -0.00000000     0.00000000   
  57  -0.00000002     0.00000000     0.00000000     0.00000000     0.00000000     0.00000000   
  58   0.00000005    -0.00000000     0.00000001     0.00000001    -0.00000000    -0.00000000   
  59  -0.00000003     0.00000000    -0.00000000     0.00000000     0.00000000    -0.00000000   
  60  -0.00000002     0.00000001     0.00000001    -0.00000001     0.00000000     0.00000001   
  61   0.00000000    -0.00000000     0.00000000    -0.00000000     0.00000000     0.00000000   
  62  -0.00000000    -0.00000000    -0.00000001     0.00000000     0.00000000    -0.00000000   
  63  -0.00000000    -0.00000000    -0.00000000     0.00000000    -0.00000000    -0.00000000   
  64  -0.00000005     0.00000000    -0.00000000    -0.00000000     0.00000001     0.00000000   
  65   0.00000000     0.00000001    -0.00000000     0.00000001    -0.00000000     0.00000000   
  66  -0.00000001     0.00000001    -0.00000000     0.00000004    -0.00000000     0.00000000   
  67  -0.00000000     0.00000002    -0.00000000    -0.00000001    -0.00000000    -0.00000000   
  68   0.00000000     0.00000000    -0.00000000    -0.00000000     0.00000001     0.00000000   
  69  -0.00000000     0.00000000    -0.00000000    -0.00000000     0.00000001    -0.00000000   
  70   0.00000000     0.00000001     0.00000002     0.00000001    -0.00000001    -0.00000000   
  71   0.00000004     0.00000000     0.00000000     0.00000001     0.00000001     0.00000001   
  72  -0.00000000     0.00000000    -0.00000001    -0.00000001     0.00000000     0.00000001   
  73   0.00000005    -0.00000000    -0.00000002    -0.00000000     0.00000000     0.00000000   
  74   0.00000000     0.00000001     0.00000001    -0.00000000     0.00000000    -0.00000000   
  75  -0.00000001    -0.00000001     0.00000002     0.00000001     0.00000001     0.00000000   
  76   0.00000000    -0.00000001    -0.00000002    -0.00000000     0.00000000     0.00000000   
  77  -0.00000000     0.00000000    -0.00000002     0.00000000     0.00000001     0.00000001   
  78  -0.00000001     0.00000000     0.00000001     0.00000000    -0.00000000    -0.00000000   
  79   0.00000000    -0.00000000    -0.00000001    -0.00000000    -0.00000000    -0.00000000   
  80   0.00000000    -0.00000000    -0.00000001     0.00000000     0.00000000     0.00000000   
  81   0.00000001     0.00000000     0.00000000    -0.00000000    -0.00000000    -0.00000000   
  82  -0.00000000    -0.00000000    -0.00000000     0.00000000    -0.00000000     0.00000000   
  83   0.00000001    -0.00000000     0.00000000     0.00000000    -0.00000000     0.00000000   
  84   0.00000001     0.00000000     0.00000000    -0.00000000    -0.00000000    -0.00000000   
  85   0.00000003     0.00000000     0.00000000    -0.00000000    -0.00000000     0.00000000   
  86  -0.00000002     0.00000000    -0.00000000     0.00000000    -0.00000000    -0.00000000   
  87   0.00000001    -0.00000000     0.00000000    -0.00000000    -0.00000000     0.00000000   
           49             50             51       
   1   0.00000000     0.00084414     0.00059764   
   2   0.00000000    -0.36672037    -0.03144222   
   3   0.00000000    -0.07073767    -0.36931749   
   4  -0.00000000     0.15257260    -0.22502262   
   5   0.00000000     0.11408990    -0.00263805   
   6  -0.00000000    -0.02798169    -0.05745761   
   7   0.00000000     0.06385282    -0.04256489   
   8  -0.00000000    -0.00581348    -0.00391294   
   9   0.00000000     0.00513176     0.00513375   
  10   0.00000000     0.00028005     0.00057439   
  11   0.00000000     0.00148644     0.00109932   
  12   0.00000000     0.00116243    -0.00288627   
  13  -0.00000000    -0.00412053     0.00581626   
  14  -0.00000000    -0.00311571     0.00442328   
  15  -0.00000000     0.03681301    -0.05157832   
  16  -0.00000000    -0.02581098    -0.01805542   
  17   0.00000000     0.02046889     0.01431329   
  18  -0.00000000     0.01347635     0.00942408   
  19   0.00000000     0.01087685    -0.01526950   
  20   0.00000000     0.08450800    -0.01244666   
  21  -0.00000000     0.06810356     0.04920489   
  22   0.00000000     0.04019056    -0.05884761   
  23  -0.00000000     0.09073349     0.06667045   
  24   0.00000000     0.06693075    -0.10105837   
  25  -0.00000000    -0.13049665    -0.39393120   
  26  -0.00000000    -0.07864471    -0.00474828   
  27  -0.00000000     0.04710034     0.01454294   
  28   0.00000000     0.00082261     0.00023792   
  29  -0.00000000     1.05683583    -0.07822675   
  30   0.00000000     0.39708240    -0.65403106   
  31  -0.00000000     0.43479094     0.82704611   
  32   0.00000000     0.00082772    -0.00114860   
  33  -0.00000000     0.16947639    -0.13933331   
  34  -0.00000000     0.06061995    -0.05445680   
  35  -0.00000000     0.11034339     0.22435035   
  36   0.00000000    -0.00196508    -0.00579251   
  37  -0.00000000    -0.00749452    -0.61123296   
  38   0.00000000     0.24783504    -0.23891387   
  39  -0.00000000     0.15799040    -0.01057243   
  40   0.00000000     0.12871561     0.04997663   
  41   0.00000000     0.05301804    -0.23846309   
  42  -0.00000000     0.00042223    -0.00088382   
  43  -0.00000000     0.00918622     0.00289442   
  44   0.00000000    -0.03161802    -0.02808744   
  45   0.00000000    -0.15381402    -0.13731092   
  46   0.00000000    -0.02640128    -0.02826716   
  47   0.00000000    -0.01594576    -0.00794239   
  48   0.00000000    -0.00816804    -0.00368078   
  49   1.47902663     0.09589355     0.03806265   
  50   0.09589355     0.61743500     0.00000000   
  51   0.03806266     0.00000000     0.74627323   
  52  -0.00000006    -0.00000000     0.00000001   
  53   0.00000004     0.00000001    -0.00000002   
  54   0.00000007     0.00000000    -0.00000001   
  55   0.00000000    -0.00000001     0.00000000   
  56  -0.00000001    -0.00000000     0.00000001   
  57  -0.00000000     0.00000000     0.00000001   
  58   0.00000002     0.00000001     0.00000001   
  59  -0.00000002    -0.00000004     0.00000000   
  60  -0.00000006    -0.00000002     0.00000000   
  61   0.00000000     0.00000000     0.00000000   
  62   0.00000000    -0.00000001    -0.00000001   
  63  -0.00000000     0.00000000    -0.00000000   
  64   0.00000002     0.00000004     0.00000002   
  65  -0.00000000    -0.00000003    -0.00000000   
  66   0.00000000     0.00000001     0.00000000   
  67   0.00000000     0.00000002     0.00000001   
  68  -0.00000000     0.00000000     0.00000000   
  69  -0.00000000     0.00000000    -0.00000000   
  70  -0.00000001    -0.00000001     0.00000002   
  71  -0.00000006    -0.00000002     0.00000000   
  72  -0.00000001    -0.00000001     0.00000002   
  73  -0.00000010    -0.00000002     0.00000000   
  74   0.00000005     0.00000003    -0.00000004   
  75  -0.00000001     0.00000002    -0.00000002   
  76  -0.00000000     0.00000000    -0.00000000   
  77  -0.00000005    -0.00000002     0.00000001   
  78   0.00000000     0.00000001    -0.00000000   
  79   0.00000000     0.00000001    -0.00000002   
  80  -0.00000001    -0.00000001     0.00000001   
  81   0.00000000    -0.00000000    -0.00000001   
  82  -0.00000000    -0.00000001     0.00000001   
  83  -0.00000000    -0.00000001    -0.00000000   
  84  -0.00000000    -0.00000001     0.00000001   
  85   0.00000000    -0.00000001    -0.00000002   
  86  -0.00000000    -0.00000000     0.00000001   
  87  -0.00000000    -0.00000002     0.00000001   

[[ 0.000007 -0.2966   -0.034032 ...  0.040262 -0.174707  0.187823]
 [ 0.       -0.238097 -0.044478 ... -0.067731  0.170664 -0.176961]
 [ 0.000007 -0.289859 -0.033209 ...  0.040395 -0.175375  0.188509]
 ...
 [-0.000096 -0.126317 -0.28834  ... -0.058486  0.017912 -0.014013]
 [-0.       -0.21903   0.211504 ... -0.033885 -0.026874  0.05893 ]
 [-0.       -0.213484  0.205602 ... -0.034136 -0.027093  0.059324]]
 Saved MO coefficients to ./FCIDUMP/FCIDUMP_AO_DA-CDR_prune_gwh_mo_coeff.npy

************************************************
 Testing 'core' initial guess method
************************************************

  Initializing L-BFGS optimisation...
    > Num. MOs       =     87
    > Num. params    =   1934
    > Max subspace   =     20
    > Max step size   =  0.500
    > Backtracking   =  0.100
    > Parallel tr.   = True
    > Pseudo-canon.  = True
    > Canon interval = 10
    > Hybrid prec.   = True
  ================================================================
           Energy / Eh     Step Len    Max(|G_i|)
  ================================================================
     0  1129.0131370471                 1.86e+01
     1  1097.3996917049    5.00e-01     1.27e+01    rescaled  
     2  1089.3282634458    5.00e-01     1.20e+01    rescaled  
     3  1080.1328297857    5.00e-01     1.10e+01    rescaled  
     4  1057.2554885592    5.00e-01     7.61e+00    rescaled  
     5  1043.5506594242    5.00e-01     8.01e+00    rescaled  
     6  1030.1837188232    5.00e-01     1.04e+01    rescaled  
     7  1017.5442386184    5.00e-01     1.16e+01    rescaled  
     8  1003.4830459488    5.00e-01     1.26e+01    rescaled  
     9   994.4982848300    5.00e-01     1.45e+01    rescaled  
    10   984.6408716585    5.00e-01     1.55e+01    rescaled  
    11   975.2294444995    5.00e-01     1.60e+01    rescaled  
    12   963.2119501393    5.00e-01     1.22e+01    rescaled  
    13   952.9796510211    5.00e-01     1.02e+01    rescaled  
    14   946.4959370481    5.00e-01     7.69e+00    rescaled  
    15   942.7010916277    5.00e-01     7.32e+00    rescaled  
    16   937.6867317639    5.00e-01     8.37e+00    rescaled  
    17   931.1843363905    5.00e-01     9.36e+00    rescaled  
    18   925.6477781958    5.00e-01     1.00e+01    rescaled  
    19   921.8368198977    5.00e-01     1.06e+01    rescaled  
    20   916.2584362374    5.00e-01     1.20e+01    rescaled  
    21   907.0042532174    5.00e-01     1.23e+01    rescaled  
    22   899.4723441474    5.00e-01     1.10e+01    rescaled  
    23   887.8727631839    5.00e-01     8.27e+00    rescaled  
  Step has positive overlap with gradient - reversing direction
    24   892.6014392562    5.00e-01     1.18e+01    reset L-BFGS
    25   872.4534353489    5.00e-01     9.38e+00    rescaled  
    26   854.1677385367    5.00e-01     8.66e+00    rescaled  
    27   834.2389820097    5.00e-01     9.67e+00    rescaled  
    28   820.5579156077    5.00e-01     1.04e+01    rescaled  
    29   810.8940646715    5.00e-01     6.84e+00    rescaled  
    30   799.2542756405    5.00e-01     8.02e+00    rescaled  
    31   788.3806383137    5.00e-01     8.54e+00    rescaled  
    32   780.1448576698    5.00e-01     9.37e+00    rescaled  
    33   771.6109123701    5.00e-01     9.32e+00    rescaled  
    34   765.3818874292    5.00e-01     8.98e+00    rescaled  
    35   753.4041613443    5.00e-01     9.78e+00    rescaled  
    36   753.6970562720    5.00e-01     1.04e+01    rescaled  
    37   753.4082774272    3.32e-01     1.03e+01    overstep  
    38   753.3606121641    2.99e-01     1.03e+01    overstep  
    39   746.3847314250    5.00e-01     9.09e+00    rescaled  
    40   734.3084218109    5.00e-01     8.22e+00    rescaled  
    41   726.0703138776    5.00e-01     1.01e+01    rescaled  
    42   716.8347181517    5.00e-01     8.65e+00    rescaled  
    43   707.1289923383    5.00e-01     7.05e+00    rescaled  
    44   696.9239214136    5.00e-01     6.68e+00    rescaled  
    45   688.9441397570    5.00e-01     6.85e+00    rescaled  
    46   675.9175810391    5.00e-01     6.37e+00    rescaled  
    47   666.7696779699    5.00e-01     5.62e+00    rescaled  
    48   656.4670986039    5.00e-01     6.12e+00    rescaled  
    49   649.2952203999    5.00e-01     6.22e+00    rescaled  
    50   634.5370457613    5.00e-01     6.42e+00    rescaled  
    51   627.5399484206    5.00e-01     7.16e+00    rescaled  
    52   618.5325154002    5.00e-01     7.62e+00    rescaled  
    53   604.2720516500    5.00e-01     8.20e+00    rescaled  
    54   585.5789746896    5.00e-01     7.00e+00    rescaled  
    55   574.5854214587    5.00e-01     5.43e+00    rescaled  
    56   567.1369632652    5.00e-01     5.50e+00    rescaled  
    57   561.6561063523    5.00e-01     5.47e+00    rescaled  
    58   550.3170967194    5.00e-01     5.17e+00    rescaled  
    59   540.2652952666    5.00e-01     5.87e+00    rescaled  
    60   532.8820709335    5.00e-01     6.08e+00    rescaled  
    61   526.0200875908    5.00e-01     6.32e+00    rescaled  
    62   512.5048257091    5.00e-01     7.28e+00    rescaled  
    63   501.4234302271    5.00e-01     1.05e+01    rescaled  
    64   490.4291313821    5.00e-01     8.49e+00    rescaled  
    65   481.4548786309    5.00e-01     6.56e+00    rescaled  
    66   472.0170158664    5.00e-01     4.99e+00    rescaled  
    67   459.4079562029    5.00e-01     5.03e+00    rescaled  
    68   445.4343686390    5.00e-01     4.49e+00    rescaled  
    69   437.6855798863    5.00e-01     5.79e+00    rescaled  
    70   430.7509453966    5.00e-01     7.05e+00    rescaled  
    71   422.6262353748    5.00e-01     5.10e+00    rescaled  
    72   410.0195306442    5.00e-01     6.81e+00    rescaled  
    73   399.1587630369    5.00e-01     7.51e+00    rescaled  
    74   391.3406333732    5.00e-01     6.90e+00    rescaled  
    75   385.0658000193    5.00e-01     6.97e+00    rescaled  
    76   370.8552829798    5.00e-01     5.75e+00    rescaled  
    77   358.1391763322    5.00e-01     5.23e+00    rescaled  
    78   351.3833836548    5.00e-01     5.28e+00    rescaled  
    79   347.0673873985    5.00e-01     5.68e+00    rescaled  
    80   337.4315524509    5.00e-01     5.59e+00    rescaled  
    81   329.9853026627    5.00e-01     6.01e+00    rescaled  
    82   317.3681713223    5.00e-01     5.01e+00    rescaled  
    83   314.0379944817    5.00e-01     3.88e+00    rescaled  
    84   310.7078318895    5.00e-01     4.11e+00    rescaled  
    85   306.7069224760    5.00e-01     2.74e+00    rescaled  
    86   305.1250914592    5.00e-01     2.83e+00    rescaled  
    87   305.1250914592    5.00e-01     2.83e+00    understep 
    88   304.0738924236    5.00e-01     2.65e+00    rescaled  
    89   304.8751203120    5.00e-01     3.85e+00    rescaled  
    90   303.5398452880    4.33e-01     3.96e+00    overstep  
    91   301.6687820765    5.00e-01     3.03e+00    rescaled  
    92   299.4475237393    5.00e-01     3.36e+00    rescaled  
    93   296.9952375409    5.00e-01     2.02e+00    rescaled  
    94   297.1943015251    4.44e-01     3.00e+00              
    95   296.5215296039    3.99e-01     2.75e+00    overstep  
    96   296.4963998233    5.00e-01     2.42e+00    rescaled  
    97   296.1553959388    5.00e-01     2.72e+00    rescaled  
    98   294.6545543930    3.86e-01     1.69e+00              
    99   294.3065596358    1.68e-01     1.53e+00              
   100   293.8476845651    2.20e-01     6.07e-01              
   101   293.7958722712    7.57e-02     9.06e-01              
   102   293.5678942107    1.06e-01     8.34e-01              
   103   293.4670579744    1.18e-01     3.42e-01              
   104   293.4501857796    4.64e-02     2.32e-01              
   105   293.4411372835    2.97e-02     1.52e-01              
   106   293.4379504000    1.54e-02     6.23e-02              
   107   293.4359583668    6.07e-03     1.61e-02              
   108   293.4358687106    1.45e-03     7.28e-03              
   109   293.4358558963    3.19e-04     2.40e-03              
   110   293.4358538310    1.50e-04     4.98e-04              
   111   293.4358537476    5.67e-05     1.00e-04              
   112   293.4358537413    4.71e-06     2.74e-05              
   113   293.4358537409    1.79e-06     4.27e-06              
   114   293.4358537408    4.59e-07     1.34e-06              
   115   293.4358537409    1.41e-07     5.35e-07              
  ================================================================
  L-BFGS converged in    115 iterations ( 34.45 seconds)

  Initializing Davidson diagonalisation...
    > Max iterations =   1000
    > Target states  =      5
    > Convergence    =  1.000e-04
    > Basis per root =      4
    > Max basis size =     20
  Davidson diagonalisation converged in     39 iterations ( 41.47 seconds)

   --------------------------
    Converged eigenvalues:   
   --------------------------
       0        6.34402320   
       1        6.40667061   
       2        6.96483169   
       3        6.99882223   
       4        7.08721146   
   --------------------------

 ---------------------------------------------
         Total Energy =   293.43585374 Eh
              Nuclear =  7333.83458847 Eh
         One Electron = -13919.33609505 Eh
              Coulomb =  7229.43531354 Eh
        ROHF Exchange =  -350.49795322 Eh
 ---------------------------------------------
           <Sz> =  1.00
           <S2> =  2.00
  Spin Coupling = ++

 -----------------------------------------------------------------------------------------------
  Open-Shell Exchange Matrix <Ψ|Êpq Êqp|Ψ> - Np
 -----------------------------------------------------------------------------------------------
           1              2        
   1   0.00000000    -1.00000000   
   2  -1.00000000     0.00000000   

 -----------------------------------------------------------------------------------------------
  Open-Shell Exchange Integrals <pq|qp>
 -----------------------------------------------------------------------------------------------
           1              2        
   1   3.89377279     2.37567162   
   2   2.37567162     3.90484946   

 -----------------------------------------------------------------------------------------------
  Occupied Orbital Coefficients
 -----------------------------------------------------------------------------------------------
           1              2              3              4              5              6        
   1   0.00000715    -0.29660023     0.03403238    -0.18450383     0.02964785     0.21161464   
   2   0.00000038    -0.23809650     0.04447789    -0.13799269     0.01547195     0.16274355   
   3   0.00000718    -0.28985856     0.03320919    -0.17937453     0.02827168     0.20470650   
   4  -0.00000063    -0.19089076    -0.00021453    -0.10939478     0.02407094     0.10673391   
   5  -0.00000734    -0.19802883    -0.03245098    -0.09686790     0.03230412     0.06105426   
   6  -0.00000107    -0.19385401     0.00006034    -0.11162718     0.02467059     0.10965396   
   7  -0.00000073    -0.04601180    -0.06441891     0.06740369    -0.01701358    -0.00686648   
   8   0.00000011    -0.05402099    -0.11686005     0.20967292    -0.08856770     0.17052463   
   9   0.00000013    -0.05826561    -0.13695583     0.26086177    -0.11387029     0.23234358   
  10  -0.00000002    -0.03262068    -0.07982645     0.15610342    -0.06907689     0.14415995   
  11  -0.00000015    -0.02627477    -0.06741562     0.13579931    -0.06098599     0.13029100   
  12  -0.00000000    -0.00075945    -0.00181807     0.00308576    -0.00108368    -0.00104759   
  13  -0.00000002    -0.03192585    -0.07798274     0.15229966    -0.06734275     0.14030341   
  14   0.00000013    -0.05654653    -0.13251482     0.25183000    -0.10977975     0.22332323   
  15   0.00000009    -0.04540468    -0.08811911     0.12980249    -0.04231418    -0.03607388   
  16   0.00000011    -0.04606665    -0.09613340     0.14907293    -0.04997850    -0.04454024   
  17  -0.00000001    -0.02463919    -0.05329959     0.08458327    -0.02869459    -0.02611675   
  18  -0.00000011    -0.01803414    -0.04087697     0.06676312    -0.02297312    -0.02143290   
  19  -0.10550071    -0.00489443     0.01235008     0.01082165     0.00865776    -0.00238618   
  20  -0.00000001    -0.02494825    -0.05401820     0.08575871    -0.02909123    -0.02665434   
  21   0.00000011    -0.04689536    -0.09799635     0.15206371    -0.05097709    -0.04590432   
  22  -0.00008191    -0.07951828     0.06642164    -0.00208831    -0.02254658     0.01445785   
  23   0.00000018    -0.09523747     0.13556980    -0.00842243    -0.27314019    -0.07961559   
  24   0.00000594    -0.10354523     0.15994082    -0.01067870    -0.35346296    -0.10897714   
  25  -0.00000061    -0.05667570     0.09079195    -0.00620636    -0.20799925    -0.06544999   
  26  -0.00000619    -0.04292040     0.07188310    -0.00504348    -0.17162072    -0.05520961   
  27  -0.00000083    -0.05627823     0.09016717    -0.00607419    -0.20626063    -0.06493868   
  28   0.00000592    -0.10259318     0.15851685    -0.01034470    -0.34951723    -0.10785646   
  29  -0.00024698    -0.11463453     0.22515434     0.16595186     0.12100958    -0.02850681   
  30  -0.00012435    -0.12897217     0.27691507     0.21775981     0.16442262    -0.04139668   
  31  -0.00027502    -0.07327290     0.16349811     0.13189464     0.10097756    -0.02594700   
  32  -0.00220931    -0.05857160     0.13665717     0.11339181     0.08812349    -0.02309826   
  33  -0.10338531     0.00103200    -0.00242279    -0.00202087    -0.00157138     0.00041216   
  34  -0.00026991    -0.07330242     0.16359066     0.13202039     0.10122773    -0.02591493   
  35  -0.00012630    -0.12967262     0.27843364     0.21906144     0.16579647    -0.04148994   
  36   0.00000176    -0.15688012    -0.12296896     0.00373438     0.03801876    -0.13647419   
  37   0.00000015    -0.22391805    -0.20905184     0.03654710     0.05548881    -0.24810335   
  38  -0.00000136    -0.17537893    -0.17205788     0.04394428     0.03789282    -0.19031001   
  39   0.00000016    -0.22105700    -0.20596970     0.03591730     0.05457882    -0.24371219   
  40   0.00000175    -0.15585012    -0.12181067     0.00348795     0.03767159    -0.13475392   
  41  -0.00000018    -0.17676795    -0.10452685    -0.02707695     0.04042784    -0.09256615   
  42   0.00000063    -0.00467864     0.00789929    -0.00055380    -0.01915686    -0.00624163   
  43   0.00000001    -0.00875200     0.01488018    -0.00105006    -0.03618420    -0.01177862   
  44   0.00000064    -0.00467967     0.00790085    -0.00055316    -0.01915683    -0.00624174   
  45  -0.03911223     0.00151243    -0.00437349    -0.00426898    -0.00363179     0.00111987   
  46  -0.00000001    -0.00254507     0.00452322    -0.00032892    -0.01149867    -0.00383895   
  47  -0.00000052    -0.00173829     0.00334727    -0.00025658    -0.00906365    -0.00311271   
  48  -0.00000001    -0.00254714     0.00452683    -0.00032943    -0.01150893    -0.00384227   
  49  -0.03929998     0.00151728    -0.00438658    -0.00428093    -0.00364155     0.00112265   
  50  -0.14367421     0.00223196    -0.00631199    -0.00604172    -0.00508228     0.00153510   
  51  -0.00656313     0.00089157    -0.00279266    -0.00284856    -0.00247409     0.00078669   
  52  -0.01189108     0.00105745    -0.00319367    -0.00319958    -0.00275710     0.00086724   
  53   0.00000001    -0.00144818    -0.00328390     0.00539485    -0.00186427    -0.00175905   
  54  -0.41913125    -0.00207523     0.00587401     0.00548227     0.00451970    -0.00130249   
  55  -0.01189545     0.00105771    -0.00319397    -0.00319988    -0.00275742     0.00086741   
  56  -0.00000000    -0.00076100    -0.00182197     0.00309256    -0.00108607    -0.00105042   
  57  -0.00000001    -0.00048385    -0.00127501     0.00227623    -0.00081796    -0.00081627   
  58  -0.01774534    -0.00015922     0.00031181     0.00024989     0.00019673    -0.00005776   
  59  -0.02775914     0.00038764    -0.00091211    -0.00075493    -0.00058228     0.00014910   
  60  -0.41406884     0.00201393    -0.00501721    -0.00432886    -0.00342476     0.00092095   
  61   0.00000001    -0.00144348    -0.00327400     0.00537936    -0.00185912    -0.00175304   
  62   0.00000000    -0.00265392    -0.00608426     0.01004122    -0.00347552    -0.00327811   
  63  -0.12525543    -0.00516166     0.01311785     0.01155805     0.00927563    -0.00257197   
  64  -0.00000003    -0.00228330    -0.00673763     0.01476717    -0.00691297     0.01577539   
  65  -0.00000000    -0.00336630    -0.00918281     0.01930722    -0.00886992     0.01968953   
  66   0.00000004    -0.00612205    -0.01588252     0.03239866    -0.01466427     0.03179217   
  67   0.00000000    -0.01134220    -0.02957530     0.06037082    -0.02731212     0.05909769   
  68   0.00000004    -0.00614306    -0.01592797     0.03247997    -0.01469860     0.03185903   
  69  -0.00000000    -0.00335606    -0.00915353     0.01924407    -0.00884061     0.01962383   
  70  -0.12411643    -0.00119501     0.00338378     0.00317542     0.00263018    -0.00076632   
  71  -0.03735215    -0.00052679     0.00142924     0.00132684     0.00109655    -0.00032143   
  72  -0.02881347    -0.00923116     0.02206545     0.01870008     0.01470820    -0.00394764   
  73  -0.01837534    -0.01745898     0.04154484     0.03501870     0.02744721    -0.00731219   
  74  -0.03783068    -0.00962096     0.02285317     0.01930459     0.01515990    -0.00406420   
  75  -0.75553685     0.00264258    -0.00665993    -0.00581079    -0.00463375     0.00126697   
  76  -0.00000926    -0.29500833     0.03099584    -0.19984174     0.03477723     0.23665816   
  77  -0.00000808    -0.28164280     0.02922387    -0.18998743     0.03176286     0.22317230   
  78  -0.00000022    -0.05414613    -0.13523522     0.26791338    -0.11934193     0.25189151   
  79  -0.00000017    -0.05085659    -0.12697115     0.25136414    -0.11188983     0.23544621   
  80  -0.00000017    -0.04083205    -0.09070729     0.14647453    -0.05016114    -0.04575379   
  81  -0.00000018    -0.04253023    -0.09433053     0.15205224    -0.05195640    -0.04869250   
  82  -0.00000689    -0.09822741     0.16100707    -0.01151238    -0.37858063    -0.12051420   
  83  -0.00000768    -0.09645535     0.15871888    -0.01063335    -0.37167630    -0.11878109   
  84  -0.00010120    -0.12434958     0.28435640     0.23292475     0.17937473    -0.04694013   
  85  -0.00009624    -0.12631652     0.28834031     0.23624383     0.18297083    -0.04709977   
  86  -0.00000021    -0.21902972    -0.21150380     0.03432167     0.06058389    -0.27105476   
  87  -0.00000021    -0.21348376    -0.20560208     0.03308219     0.05889065    -0.26296518   
           7              8              9              10             11             12       
   1   0.07765715     0.00103843     0.32878914    -0.08852178    -0.00303830     0.00756866   
   2   0.06029799     0.00030565    -0.00778455     0.00209895     0.00006263     0.00072800   
   3   0.07501784     0.00098921    -0.34509748     0.09291584     0.00316138    -0.00598554   
   4   0.03672931     0.00074144    -0.15415909     0.04140830     0.00151409    -0.00313623   
   5   0.01571760     0.00077728    -0.00691956     0.00169231     0.00020366    -0.00209208   
   6   0.03783692     0.00076429     0.14061831    -0.03797540    -0.00121673     0.00189095   
   7   0.01781065    -0.00003778     0.00027908    -0.00007921    -0.00000158    -0.00086963   
   8  -0.09277809     0.00000854     0.00003040    -0.00000638    -0.00000079    -0.00008629   
   9  -0.13131761     0.00002670    -0.00009023     0.00001414    -0.00000218     0.00233584   
  10  -0.08249983     0.00002037    -0.00008019     0.00001752    -0.00000045     0.00093106   
  11  -0.07547421     0.00002172    -0.00009398     0.00002545     0.00000148    -0.00012095   
  12   0.00888603     0.00000133    -0.00000990     0.00000268     0.00000013     0.00006628   
  13  -0.08004295     0.00001957    -0.00005347     0.00002115     0.00000108    -0.00108440   
  14  -0.12554460     0.00002499    -0.00002858     0.00002299     0.00000152    -0.00232118   
  15   0.28381907     0.00001322     0.00001687    -0.00000393    -0.00000177    -0.00004788   
  16   0.36201601     0.00003013    -0.00009091     0.00002255    -0.00000952     0.00201670   
  17   0.21457347     0.00002097    -0.00007521     0.00001918    -0.00000317     0.00112155   
  18   0.17818933     0.00002015    -0.00007990     0.00002063     0.00000210     0.00050773   
  19  -0.00090982     0.05985095    -0.00016726    -0.00075011    -0.00011781    -0.00001377   
  20   0.21822032     0.00002147    -0.00006497     0.00001908     0.00000456    -0.00026815   
  21   0.37108622     0.00003125    -0.00006613     0.00002222     0.00000869    -0.00121163   
  22   0.00703646    -0.00163281    -0.00188295    -0.00005436     0.00056687     0.00015627   
  23  -0.02008153     0.00035727    -0.00019162    -0.00004895     0.00282487     0.00000796   
  24  -0.02848099     0.00099085    -0.00136053     0.00430951    -0.34443072     0.00082328   
  25  -0.01731369     0.00069497    -0.00017837     0.00193318    -0.14861530     0.00034091   
  26  -0.01478967     0.00067609     0.00083095     0.00012511     0.00223749    -0.00003819   
  27  -0.01717993     0.00067627     0.00152947    -0.00174679     0.15304898    -0.00040697   
  28  -0.02819262     0.00094744     0.00260208    -0.00420823     0.35028041    -0.00089872   
  29  -0.00986342    -0.01067297    -0.00078174    -0.00251907     0.00009179     0.00002073   
  30  -0.01490969    -0.01252677    -0.09072253    -0.33795711    -0.00392426     0.00002296   
  31  -0.00947070    -0.00182205    -0.04001949    -0.14909651    -0.00192663    -0.00001114   
  32  -0.00854237     0.00791483    -0.00066653    -0.00275754    -0.00039671    -0.00004556   
  33   0.00015156     0.05407115     0.00008313     0.00036359     0.00005121     0.00000593   
  34  -0.00946336    -0.00192075     0.03871107     0.14352798     0.00132453    -0.00005710   
  35  -0.01495283    -0.01282761     0.08987508     0.33317076     0.00349498    -0.00008175   
  36  -0.06678757    -0.00007640    -0.00395189     0.00107658     0.00040997     0.14922662   
  37  -0.11586198    -0.00031473    -0.00517380     0.00146219     0.00087998     0.34509316   
  38  -0.08381999    -0.00024463     0.00152260    -0.00039061    -0.00004214    -0.00435884   
  39  -0.11326545    -0.00030301     0.00849478    -0.00230258    -0.00097739    -0.35435260   
  40  -0.06576823    -0.00007154     0.00288257    -0.00079576    -0.00040801    -0.15769206   
  41  -0.05028284     0.00017219    -0.00271622     0.00068169     0.00005916    -0.00466821   
  42  -0.00168568     0.00009004     0.00017631     0.00002428     0.00078572    -0.00000995   
  43  -0.00317754     0.00016265     0.00026788     0.00003598     0.00092216    -0.00001409   
  44  -0.00168570     0.00008997     0.00017802     0.00002303     0.00056223    -0.00000929   
  45   0.00045893    -0.41284185    -0.00007613    -0.00032608    -0.00003584    -0.00000418   
  46  -0.00105139     0.00006487     0.00015035     0.00002023     0.00048097    -0.00000799   
  47  -0.00086540     0.00006022     0.00014588     0.00001942     0.00049636    -0.00000802   
  48  -0.00105229     0.00006495     0.00014991     0.00002039     0.00060486    -0.00000836   
  49   0.00046001    -0.41300116    -0.00007449    -0.00031995    -0.00003562    -0.00000416   
  50   0.00062108    -0.45813089    -0.00005400    -0.00022901    -0.00002370    -0.00000271   
  51   0.00032794    -0.34912829    -0.00008632    -0.00036753    -0.00004149    -0.00000474   
  52   0.00035946    -0.36607234    -0.00008311    -0.00035581    -0.00004019    -0.00000465   
  53   0.01469310     0.00000187    -0.00001188     0.00000330     0.00000011     0.00007616   
  54  -0.00050950     0.07926663    -0.00011595    -0.00051517    -0.00007640    -0.00000918   
  55   0.00035956    -0.36660044    -0.00008429    -0.00036033    -0.00004038    -0.00000467   
  56   0.00890780     0.00000133    -0.00000992     0.00000270     0.00000014     0.00006495   
  57   0.00705609     0.00000121    -0.00000971     0.00000258     0.00000019     0.00006329   
  58  -0.00002345     0.04684077     0.00000823     0.00005818     0.00001751     0.00000206   
  59   0.00005365     0.04419280     0.00004427     0.00020211     0.00003287     0.00000380   
  60   0.00034446     0.07416614     0.00012785     0.00056572     0.00007744     0.00000917   
  61   0.01465059     0.00000187    -0.00001189     0.00000327     0.00000009     0.00007947   
  62   0.02741403     0.00000338    -0.00001841     0.00000494     0.00000030     0.00011710   
  63  -0.00098449     0.10444622    -0.00024160    -0.00101930    -0.00011681    -0.00001358   
  64  -0.00948608     0.00000417    -0.00003937     0.00001103     0.00000049    -0.00004482   
  65  -0.01167213     0.00000458    -0.00004062     0.00001168     0.00000038    -0.00005404   
  66  -0.01860019     0.00000630    -0.00004828     0.00001414     0.00000035    -0.00006781   
  67  -0.03451086     0.00001107    -0.00007106     0.00002012     0.00000077    -0.00008293   
  68  -0.01863967     0.00000631    -0.00004837     0.00001403     0.00000029    -0.00005526   
  69  -0.01163401     0.00000457    -0.00004055     0.00001159     0.00000035    -0.00004775   
  70  -0.00030237     0.10123601    -0.00004775    -0.00019324    -0.00001610    -0.00000192   
  71  -0.00012746     0.06457749    -0.00001624    -0.00005348     0.00000245     0.00000022   
  72  -0.00148123     0.04985523    -0.00021252    -0.00097459    -0.00014953    -0.00001717   
  73  -0.00273017     0.05241524    -0.00037664    -0.00164913    -0.00020936    -0.00002448   
  74  -0.00152386     0.06880224    -0.00033718    -0.00141297    -0.00014631    -0.00001683   
  75   0.00048032    -0.00232931     0.00011165     0.00048068     0.00005846     0.00000690   
  76   0.08779262     0.00154017     0.57212599    -0.15404747    -0.00507747     0.01368000   
  77   0.08265680     0.00146058    -0.57776935     0.15535799     0.00530985    -0.01045474   
  78  -0.14555510     0.00003831    -0.00018239     0.00002415    -0.00000054     0.00411533   
  79  -0.13456849     0.00003544    -0.00007349     0.00004099     0.00000608    -0.00404857   
  80   0.38189762     0.00004128    -0.00018393     0.00004197    -0.00001172     0.00371718   
  81   0.39922407     0.00004316    -0.00013557     0.00004058     0.00002114    -0.00205353   
  82  -0.03211228     0.00143792    -0.00205183     0.00765560    -0.59544502     0.00140695   
  83  -0.03168782     0.00135100     0.00488700    -0.00730055     0.59866045    -0.00155020   
  84  -0.01725144    -0.01631370    -0.15474547    -0.57599792    -0.00674005     0.00001197   
  85  -0.01733404    -0.01689273     0.15561974     0.57660272     0.00571670    -0.00016261   
  86  -0.13002658    -0.00040078    -0.00853985     0.00241562     0.00151449     0.59330515   
  87  -0.12481395    -0.00037941     0.01379002    -0.00374622    -0.00164160    -0.59638199   
           13             14             15             16             17             18       
   1   0.00005218    -0.00000880    -0.00044342    -0.00071136     0.00030260    -0.00024617   
   2   0.00002640     0.00000529    -0.00033882     0.00172434    -0.00150928     0.00101805   
   3   0.00001438     0.00002718    -0.00051475    -0.00071241     0.00052856    -0.00023495   
   4  -0.00001943     0.00000309     0.00036134    -0.00122460     0.00096059    -0.00057726   
   5  -0.00007606    -0.00001947     0.00154815    -0.00189132     0.00147616    -0.00096422   
   6  -0.00001133    -0.00000655     0.00039665    -0.00123285     0.00085748    -0.00058711   
   7   0.00184701     0.00138150    -0.01358530     0.00003085    -0.00002423     0.00001560   
   8   0.00867244     0.00019408    -0.06367110    -0.00000441    -0.00001070     0.00000736   
   9  -0.33918299     0.00546974    -0.05869788    -0.00002063     0.00000265    -0.00000139   
  10  -0.14225717     0.00183691     0.06602168     0.00001310     0.00000288    -0.00000212   
  11   0.01235214    -0.00114577     0.19151056     0.00004817     0.00000191    -0.00000202   
  12  -0.00008765     0.00108108     0.00116497    -0.00000354     0.00000805    -0.00001733   
  13   0.16182261    -0.00334908     0.05850195     0.00001011     0.00000348    -0.00000244   
  14   0.35801377    -0.00638812    -0.07454474    -0.00002731     0.00000418    -0.00000222   
  15   0.00032073     0.00682331    -0.00254522     0.00001286    -0.00001156     0.00000821   
  16   0.00543476     0.35574593     0.00241653    -0.00000372     0.00000175    -0.00000035   
  17   0.00204801     0.15758262     0.00255818    -0.00000707     0.00000544    -0.00000419   
  18  -0.00063628     0.00549934     0.00312804    -0.00000977     0.00000836    -0.00000741   
  19  -0.00000119    -0.00000072     0.00011551    -0.36572862    -0.00094287    -0.02375390   
  20  -0.00304676    -0.14595127     0.00210904    -0.00000677     0.00000520    -0.00000411   
  21  -0.00630071    -0.34112953     0.00141006    -0.00000282     0.00000105    -0.00000006   
  22   0.00001604     0.00000890    -0.00007898     0.00643617    -0.00499021     0.00324305   
  23   0.00000137     0.00000001    -0.00002954     0.00138546    -0.02518040     0.00069181   
  24   0.00000400    -0.00001701     0.00000656    -0.00055370    -0.02537543    -0.00033496   
  25   0.00000032    -0.00000801     0.00001589    -0.00099501     0.03635698    -0.00025335   
  26  -0.00000257    -0.00000047     0.00002362    -0.00156193     0.09628817    -0.00022184   
  27  -0.00000656     0.00000469     0.00001582    -0.00108673     0.03581138    -0.00029067   
  28  -0.00001161     0.00001156     0.00000680    -0.00075931    -0.02650138    -0.00041666   
  29   0.00000073     0.00000097    -0.00003927     0.03385738    -0.00115042     0.01683347   
  30   0.00000963    -0.00000585    -0.00000498     0.03641916     0.00048259     0.01772121   
  31   0.00000320    -0.00000346     0.00002720    -0.04138587     0.00065455    -0.02759439   
  32  -0.00000177    -0.00000132     0.00005739    -0.11786692     0.00089269    -0.07053439   
  33   0.00000059     0.00000033    -0.00007879     0.26687510     0.00185912    -0.25763736   
  34  -0.00000909     0.00000012     0.00002709    -0.04265280     0.00059130    -0.02807079   
  35  -0.00001781     0.00000210    -0.00000559     0.03424095     0.00035019     0.01668136   
  36   0.00090271    -0.00082816     0.00231299    -0.00019602     0.00018390    -0.00012780   
  37   0.00213760    -0.00189486     0.00148254     0.00025221    -0.00018290     0.00011633   
  38   0.00010247     0.00012057    -0.00286061     0.00017726    -0.00012429     0.00007805   
  39  -0.00264795     0.00164398     0.00142041     0.00027711    -0.00019782     0.00012561   
  40  -0.00121313     0.00074042     0.00227904    -0.00018440     0.00017685    -0.00012337   
  41  -0.00016344    -0.00003441     0.00344531    -0.00082942     0.00069080    -0.00046200   
  42  -0.00000096    -0.00000062     0.00001465    -0.00122165     0.40417251     0.00165157   
  43  -0.00000118    -0.00000058     0.00001703    -0.00140238     0.41138356     0.00160209   
  44  -0.00000096    -0.00000059     0.00001466    -0.00121996     0.40367905     0.00164967   
  45  -0.00000029    -0.00000017     0.00001086    -0.02854207     0.00024107    -0.06980249   
  46  -0.00000079    -0.00000043     0.00001427    -0.00117280     0.40125834     0.00165867   
  47  -0.00000071    -0.00000031     0.00001430    -0.00117166     0.39987070     0.00165065   
  48  -0.00000079    -0.00000045     0.00001427    -0.00117404     0.40162953     0.00166012   
  49  -0.00000029    -0.00000017     0.00001071    -0.02807525     0.00024087    -0.06941060   
  50  -0.00000020    -0.00000010     0.00000286    -0.00678121     0.00001117     0.00133444   
  51  -0.00000037    -0.00000021     0.00001663    -0.04484191     0.00042165    -0.12927420   
  52  -0.00000035    -0.00000020     0.00001511    -0.04045026     0.00037592    -0.11352782   
  53  -0.00010513     0.00123464     0.00124001    -0.00000362     0.00000812    -0.00001741   
  54  -0.00000064    -0.00000044     0.00009254    -0.30007410    -0.00124329     0.08971061   
  55  -0.00000035    -0.00000020     0.00001522    -0.04078983     0.00037610    -0.11379966   
  56  -0.00009044     0.00102120     0.00116890    -0.00000354     0.00000807    -0.00001738   
  57  -0.00008802     0.00096638     0.00116553    -0.00000356     0.00000808    -0.00001734   
  58   0.00000016     0.00000011    -0.00004682     0.16856813     0.00199175    -0.36674750   
  59   0.00000038     0.00000022    -0.00006371     0.22147920     0.00197932    -0.32092855   
  60   0.00000077     0.00000046    -0.00008923     0.29205464     0.00141096    -0.13816017   
  61  -0.00009952     0.00134265     0.00123585    -0.00000361     0.00000809    -0.00001736   
  62  -0.00015297     0.00172861     0.00150422    -0.00000430     0.00000867    -0.00001781   
  63  -0.00000114    -0.00000069     0.00009470    -0.28581427     0.00036677    -0.28810530   
  64   0.00703400    -0.00063323     0.35927205     0.00011069    -0.00001088     0.00000540   
  65   0.00790700    -0.00066733     0.37025125     0.00011415    -0.00001131     0.00000561   
  66   0.00967382    -0.00077331     0.39449721     0.00012130    -0.00001189     0.00000586   
  67   0.01203930    -0.00103198     0.43700325     0.00013205    -0.00001151     0.00000544   
  68   0.00869953    -0.00076303     0.39319472     0.00012089    -0.00001184     0.00000583   
  69   0.00733593    -0.00065871     0.36878288     0.00011370    -0.00001127     0.00000559   
  70  -0.00000004    -0.00000007    -0.00001703     0.07740895     0.00196178    -0.42108012   
  71   0.00000007     0.00000003    -0.00003269     0.12529688     0.00201590    -0.40345377   
  72  -0.00000164    -0.00000092     0.00012107    -0.37726033    -0.00055858    -0.11368328   
  73  -0.00000184    -0.00000106     0.00012333    -0.37147290    -0.00002063    -0.20110973   
  74  -0.00000168    -0.00000090     0.00010881    -0.33172134     0.00012293    -0.25046820   
  75   0.00000051     0.00000032    -0.00003110     0.08359002    -0.00083804     0.25545225   
  76   0.00010007    -0.00001592    -0.00096906    -0.00298906     0.00212486    -0.00147501   
  77   0.00002565     0.00005196    -0.00107607    -0.00302803     0.00244582    -0.00147704   
  78  -0.59334550     0.00913305    -0.12585032    -0.00005979     0.00001950    -0.00001198   
  79   0.59770284    -0.01088281    -0.15126041    -0.00007044     0.00002184    -0.00001324   
  80   0.00891681     0.59924758     0.00688683    -0.00002046     0.00001547    -0.00000840   
  81  -0.01140573    -0.59282311     0.00532890    -0.00001895     0.00001439    -0.00000794   
  82   0.00000880    -0.00002403     0.00004264    -0.00246227    -0.06357032    -0.00161680   
  83  -0.00001719     0.00002246     0.00004318    -0.00276365    -0.06529008    -0.00172809   
  84   0.00001940    -0.00000771     0.00001584     0.08342522     0.00217102     0.04721573   
  85  -0.00002467     0.00000493     0.00001522     0.07997117     0.00199955     0.04542281   
  86   0.00355305    -0.00313766     0.00538985     0.00053822    -0.00043122     0.00028519   
  87  -0.00437644     0.00263014     0.00534665     0.00057726    -0.00045397     0.00029912   
           19             20             21             22             23             24       
   1   0.00011243     0.03018237     0.00323523    -0.00049720    -0.00555153    -0.00168834   
   2   0.00007987     0.03015968     0.01998623    -0.00107716    -0.02685474    -0.00336078   
   3   0.00012658     0.03751333     0.00289715    -0.00042354    -0.00492831    -0.00150965   
   4  -0.00014007    -0.24664799     0.00130499    -0.00288641    -0.00312873    -0.00711188   
   5  -0.00049035    -0.45940805    -0.00197811    -0.00419252     0.00159569    -0.00933257   
   6  -0.00014785    -0.25163372     0.00152424    -0.00294735    -0.00350388    -0.00725785   
   7   0.00379598     0.00576587    -0.00038565     0.03680876     0.00080101     0.05011249   
   8   0.00085365     0.00364949    -0.00020316     0.08179001     0.00020545     0.02000501   
   9  -0.00041012     0.00050746    -0.00005625     0.04456065    -0.00004056     0.00102222   
  10  -0.00033900    -0.00037382    -0.00029752     0.35355615    -0.00076837    -0.02243766   
  11  -0.00033034    -0.00123041    -0.00038555     0.49285075    -0.00114284    -0.03541306   
  12  -0.40498083     0.00012211     0.00001512    -0.00208750    -0.00009887    -0.07381425   
  13  -0.00044027    -0.00033486    -0.00028698     0.34564184    -0.00075706    -0.02228680   
  14  -0.00063376     0.00053733    -0.00004217     0.03471293    -0.00002850     0.00100650   
  15   0.01853144     0.00340452    -0.00015881     0.01724245     0.00045972     0.12196543   
  16   0.02011437     0.00050855    -0.00002484     0.00275116     0.00011514     0.05936877   
  17  -0.02479053    -0.00035460    -0.00008612     0.01129949     0.00052965     0.38257660   
  18  -0.06826470    -0.00121768    -0.00009497     0.01371776     0.00066233     0.50868617   
  19   0.00000389     0.00008345    -0.08628064    -0.00012828    -0.00605558    -0.00009205   
  20  -0.02589572    -0.00040684    -0.00008980     0.01156318     0.00054114     0.38782098   
  21   0.01791166     0.00043707    -0.00003002     0.00317131     0.00013098     0.06627953   
  22   0.00001791     0.00510594     0.03919204    -0.00039956    -0.04659556    -0.00121636   
  23   0.00000829     0.00345286     0.01966746    -0.00025952    -0.11899035    -0.00017850   
  24  -0.00000102     0.00058798     0.00434941    -0.00008733    -0.06419461     0.00013556   
  25  -0.00000236    -0.00024109     0.01720412    -0.00039269    -0.38237646     0.00140041   
  26  -0.00000293    -0.00104907     0.02111422    -0.00049377    -0.50629753     0.00195484   
  27  -0.00000242    -0.00016861     0.01703955    -0.00038913    -0.38001024     0.00139369   
  28  -0.00000126     0.00069678     0.00409533    -0.00008294    -0.06124249     0.00012733   
  29   0.00000773     0.00338530     0.09528434    -0.00003659    -0.01364572    -0.00043886   
  30  -0.00000157     0.00071063     0.04772897     0.00004589     0.00079409    -0.00003468   
  31  -0.00000145    -0.00011078     0.36102258     0.00055333     0.02793414     0.00048745   
  32  -0.00000068    -0.00095921     0.49621359     0.00079363     0.04145221     0.00077493   
  33   0.00000860    -0.00006623     0.10683931     0.00017927     0.01010145     0.00021306   
  34  -0.00000137    -0.00017548     0.36355552     0.00055468     0.02804035     0.00048912   
  35  -0.00000134     0.00061178     0.05087277     0.00004682     0.00082904    -0.00003397   
  36  -0.00057121    -0.24236995    -0.00366133     0.00153214     0.00640998     0.00493777   
  37  -0.00020206     0.03603799    -0.00043045     0.00235685     0.00105238     0.00567113   
  38   0.00098626     0.03495670    -0.00107030     0.01575914     0.00227593     0.02608570   
  39  -0.00030715     0.04013917    -0.00038311     0.00223172     0.00097017     0.00532422   
  40  -0.00062109    -0.24036900    -0.00363409     0.00144618     0.00635866     0.00473010   
  41  -0.00098063    -0.45209429    -0.00555063    -0.00090893     0.00903452     0.00039522   
  42   0.00000754     0.00013759    -0.00112379     0.00002349     0.02122551    -0.00006557   
  43   0.00000719    -0.00000929     0.00253288    -0.00006302    -0.06998260     0.00029797   
  44   0.00000753     0.00013658    -0.00111446     0.00002331     0.02096930    -0.00006456   
  45   0.00000305    -0.00000175     0.00605360     0.00001198     0.00078863     0.00001985   
  46   0.00000751     0.00010918    -0.00445546     0.00010260     0.10278761    -0.00038908   
  47   0.00000745     0.00006236    -0.00586834     0.00013613     0.13662134    -0.00052156   
  48   0.00000752     0.00010966    -0.00445765     0.00010261     0.10285167    -0.00038934   
  49   0.00000302    -0.00000185     0.00692183     0.00001345     0.00087327     0.00002170   
  50  -0.00000016    -0.00001331     0.04667071     0.00007828     0.00442311     0.00009322   
  51   0.00000579     0.00003968    -0.05678949    -0.00009404    -0.00521959    -0.00010789   
  52   0.00000506     0.00002444    -0.03753040    -0.00006130    -0.00335279    -0.00006777   
  53  -0.40638983     0.00012797     0.00000375    -0.00051594    -0.00002176    -0.01376022   
  54  -0.00000136     0.00002191    -0.13927288    -0.00022213    -0.01179594    -0.00022498   
  55   0.00000507     0.00002436    -0.03813944    -0.00006234    -0.00341273    -0.00006909   
  56  -0.40636648     0.00012285     0.00001516    -0.00209710    -0.00009937    -0.07420314   
  57  -0.40494603     0.00009480     0.00002045    -0.00276746    -0.00013219    -0.09905487   
  58   0.00001423     0.00004642    -0.01812574    -0.00002670    -0.00119392    -0.00001479   
  59   0.00001172    -0.00002090     0.06311033     0.00010951     0.00645269     0.00014557   
  60   0.00000346    -0.00004500     0.09279795     0.00014773     0.00779413     0.00014713   
  61  -0.40498557     0.00012656     0.00000378    -0.00051415    -0.00002161    -0.01363239   
  62  -0.40795119     0.00000428    -0.00000720     0.00117854     0.00006143     0.05265035   
  63   0.00001451     0.00012547    -0.19185078    -0.00030976    -0.01666312    -0.00032977   
  64   0.00100222     0.00023679     0.00022133    -0.27508223     0.00062544     0.01928208   
  65   0.00103656     0.00032868     0.00016858    -0.21031451     0.00047730     0.01453682   
  66   0.00104574     0.00035190     0.00004418    -0.05207698     0.00010746     0.00270041   
  67   0.00093548    -0.00001619    -0.00009532     0.13160586    -0.00032941    -0.01116034   
  68   0.00104140     0.00035151     0.00004178    -0.04894500     0.00010018     0.00247665   
  69   0.00103243     0.00032747     0.00016774    -0.20918190     0.00047469     0.01445973   
  70   0.00001719     0.00003432    -0.11320155    -0.00018606    -0.01029594    -0.00021236   
  71   0.00001616     0.00005300    -0.08560583    -0.00014007    -0.00766303    -0.00015401   
  72   0.00000775     0.00014049     0.01824446     0.00004352     0.00339483     0.00009806   
  73   0.00001081    -0.00001109     0.11935501     0.00020556     0.01173443     0.00025001   
  74   0.00001326     0.00019284    -0.04215104    -0.00006354    -0.00305025    -0.00005313   
  75  -0.00001138    -0.00003265     0.06556479     0.00010165     0.00518722     0.00009373   
  76   0.00029452     0.28921820    -0.01918211     0.00350346     0.02592202     0.00873666   
  77   0.00031383     0.29639599    -0.01954521     0.00354302     0.02627689     0.00882662   
  78  -0.00196962    -0.00448919     0.00046975    -0.39203601     0.00047811     0.00171508   
  79  -0.00229455    -0.00448725     0.00047884    -0.39820685     0.00048360     0.00168870   
  80   0.04766413    -0.00418860     0.00024629    -0.02693568    -0.00091851    -0.44351547   
  81   0.04427703    -0.00423301     0.00024250    -0.02663989    -0.00090654    -0.43860145   
  82  -0.00001230    -0.00427239    -0.03365933     0.00058556     0.43302653    -0.00099983   
  83  -0.00001262    -0.00417782    -0.03377276     0.00058765     0.43410171    -0.00100063   
  84  -0.00001352    -0.00408342    -0.41045917    -0.00044509    -0.01188257    -0.00002027   
  85  -0.00001323    -0.00416734    -0.40630688    -0.00044080    -0.01170508    -0.00001935   
  86  -0.00137753     0.28435451     0.00433453    -0.01569951    -0.00758969    -0.02653781   
  87  -0.00151918     0.28965945     0.00437777    -0.01585613    -0.00765583    -0.02671523   
           25             26             27             28             29             30       
   1   0.11064150    -0.00816787     0.00026849     0.00003044    -0.08547743    -0.04675818   
   2   0.22148472    -0.00401815     0.00681211     0.00016462    -0.26398248    -0.07619601   
   3   0.10378624    -0.00749884     0.00036040     0.00003071    -0.08315557    -0.04455341   
   4   0.24028093    -0.03278876    -0.00850064    -0.00010591     0.05206623    -0.05613947   
   5   0.21885423    -0.03649781    -0.01167511    -0.00017057     0.15537409    -0.01512040   
   6   0.24612293    -0.03343241    -0.00861812    -0.00010680     0.05062160    -0.05831691   
   7  -0.07595248     0.01233345     0.00435048     0.00007717    -0.17577405    -0.19413549   
   8  -0.04623788     0.00833841     0.00339257     0.00006818    -0.20560600    -0.27883127   
   9  -0.00935242     0.00190022     0.00088030     0.00001938    -0.06806763    -0.10016914   
  10   0.01779546    -0.00267644    -0.00086847    -0.00001440     0.02683435     0.02243665   
  11   0.03580153    -0.00581370    -0.00212387    -0.00003970     0.10564845     0.13292069   
  12  -0.00734859     0.00112260     0.00040128     0.00000763    -0.02253048    -0.03108091   
  13   0.01780890    -0.00268898    -0.00087922    -0.00001472     0.02853322     0.02548253   
  14  -0.00910936     0.00184569     0.00085253     0.00001872    -0.06545843    -0.09602174   
  15  -0.03556391     0.00655331     0.00267250     0.00005302    -0.15013277    -0.18937841   
  16  -0.00389490     0.00098283     0.00050470     0.00001136    -0.03822163    -0.05196653   
  17   0.03313784    -0.00476456    -0.00154041    -0.00002648     0.06056671     0.06896938   
  18   0.05159827    -0.00771934    -0.00262537    -0.00004697     0.11590430     0.13799745   
  19  -0.02049613    -0.35919691     0.07106589     0.00037181    -0.16559721     0.19083153   
  20   0.03334222    -0.00478703    -0.00154420    -0.00002648     0.06016771     0.06810099   
  21  -0.00376411     0.00097767     0.00050907     0.00001153    -0.03913550    -0.05348732   
  22   0.10182872     0.01938541     0.01301132     0.00022459    -0.21120656     0.01209939   
  23   0.05040548     0.01077131     0.00830678     0.00015938    -0.19208259     0.01271955   
  24   0.00720834     0.00198514     0.00180251     0.00003808    -0.05386667     0.00410398   
  25  -0.03720761    -0.00649535    -0.00410401    -0.00006876     0.06625513    -0.00370416   
  26  -0.06034201    -0.01108506    -0.00740044    -0.00012975     0.13797330    -0.00873541   
  27  -0.03697378    -0.00655115    -0.00412692    -0.00006909     0.06640710    -0.00406690   
  28   0.00743984     0.00188045     0.00175686     0.00003738    -0.05347029     0.00366924   
  29   0.06035727     0.06698155     0.03185276     0.00046260    -0.24897888     0.12556919   
  30   0.01391805     0.03560428     0.01551407     0.00019606    -0.08525405     0.06346049   
  31  -0.01717346     0.07688334     0.02360854     0.00018610     0.02804016     0.05311688   
  32  -0.03950443     0.06461628     0.01407842     0.00006978     0.12462618    -0.00516878   
  33  -0.03818221    -0.31171448     0.07626455     0.00225308     0.10581220    -0.19374293   
  34  -0.01737855     0.07597746     0.02402726     0.00022836     0.02759735     0.05395418   
  35   0.01396190     0.03590794     0.01586539     0.00021554    -0.08639492     0.06452176   
  36  -0.25303404     0.03105773     0.00700632     0.00007612    -0.00487537     0.08009876   
  37  -0.09741802     0.01458122     0.00445171     0.00006715    -0.08889834    -0.04477109   
  38  -0.18756776     0.02856870     0.00911214     0.00014541    -0.23682201    -0.17428348   
  39  -0.09407544     0.01414347     0.00433703     0.00006560    -0.08723006    -0.04419440   
  40  -0.25074669     0.03074748     0.00692090     0.00007492    -0.00347508     0.08059540   
  41  -0.24569165     0.02582395     0.00412263     0.00002051     0.09365735     0.14178770   
  42  -0.00020405    -0.00018941    -0.00029110    -0.00000808     0.01722714    -0.00157349   
  43  -0.01298895    -0.00266446    -0.00208625    -0.00004225     0.06172170    -0.00487573   
  44  -0.00022981    -0.00019644    -0.00029549    -0.00000815     0.01729790    -0.00158513   
  45  -0.00465532    -0.01583864    -0.21693670    -0.51680423    -0.01244810     0.00153655   
  46   0.01205810     0.00227333     0.00160941     0.00003029    -0.03922015     0.00291760   
  47   0.01714592     0.00330864     0.00242370     0.00004702    -0.06471226     0.00498764   
  48   0.01205775     0.00227437     0.00160941     0.00003027    -0.03916592     0.00291790   
  49  -0.00499784    -0.01683393    -0.24157833     0.50562709    -0.01362130     0.00291637   
  50  -0.01406866    -0.04202981    -0.54770611    -0.01195239    -0.02450059     0.00387552   
  51   0.01526130     0.04578392     0.57303749     0.01412437     0.02555532    -0.00406488   
  52   0.00879021     0.02547882     0.30526994     0.49536091     0.01228351    -0.00127706   
  53  -0.00007155    -0.00006275    -0.00006067    -0.00000179     0.00913167     0.01573279   
  54   0.01602908    -0.00790408     0.07624095     0.00176690    -0.17809667     0.25107109   
  55   0.00905361     0.02624469     0.32643595    -0.48114456     0.01333659    -0.00264160   
  56  -0.00739068     0.00112929     0.00040383     0.00000769    -0.02270322    -0.03134065   
  57  -0.01039025     0.00162327     0.00059995     0.00001176    -0.03687353    -0.05271791   
  58  -0.01345198    -0.21229738    -0.07241027    -0.00233745    -0.18598007     0.26464206   
  59  -0.03962209    -0.40707021     0.00813950     0.00020364    -0.05999767     0.04832134   
  60  -0.00780781     0.03408939     0.08472335     0.00180512     0.17711869    -0.25187797   
  61  -0.00006164    -0.00006416    -0.00006114    -0.00000180     0.00915715     0.01577154   
  62   0.00760178    -0.00126904    -0.00050444    -0.00001037     0.03473461     0.05093097   
  63   0.04688296     0.36907250    -0.05455835    -0.00027983    -0.00901550     0.00984399   
  64  -0.02062230     0.00352589     0.00141576     0.00002927    -0.10129532    -0.15567401   
  65  -0.01469554     0.00245253     0.00095039     0.00001904    -0.06184187    -0.09157443   
  66  -0.00011678    -0.00014402    -0.00014769    -0.00000457     0.02552199     0.04713665   
  67   0.01581733    -0.00286523    -0.00122571    -0.00002640     0.09661248     0.15154527   
  68   0.00015431    -0.00019163    -0.00016749    -0.00000499     0.02703790     0.04950583   
  69  -0.01460748     0.00243751     0.00094437     0.00001892    -0.06142564    -0.09095394   
  70   0.03988790     0.36232582    -0.05051555    -0.00117503     0.01246183     0.00159422   
  71   0.01896746     0.10648670    -0.09708853    -0.00290744    -0.15400529     0.24416770   
  72  -0.03996982    -0.41177727     0.00850155    -0.00044384     0.00293133    -0.05486658   
  73  -0.03255378    -0.15354218    -0.06790090    -0.00074362     0.18613023    -0.27124217   
  74   0.01032423     0.16033160    -0.09698791    -0.00074716     0.15700211    -0.24131733   
  75  -0.00534681    -0.00788300     0.03360466     0.00055504     0.01659379    -0.00348993   
  76  -0.34494088     0.02654231     0.00108068    -0.00004189     0.14056134     0.08446597   
  77  -0.34735531     0.02660291     0.00103436    -0.00004291     0.14155932     0.08424861   
  78   0.02236146    -0.00429152    -0.00183485    -0.00003793     0.11993227     0.16776642   
  79   0.02268791    -0.00434564    -0.00185352    -0.00003824     0.12039483     0.16793594   
  80   0.00274762    -0.00148788    -0.00087283    -0.00001969     0.06281213     0.08226987   
  81   0.00268243    -0.00146960    -0.00086466    -0.00001954     0.06252392     0.08207686   
  82  -0.01118205    -0.00334350    -0.00312606    -0.00006522     0.08584493    -0.00600497   
  83  -0.01129915    -0.00335819    -0.00313399    -0.00006536     0.08598803    -0.00588469   
  84  -0.03336475    -0.10445158    -0.03893287    -0.00044575     0.14766995    -0.11448202   
  85  -0.03310018    -0.10267109    -0.03885685    -0.00047054     0.14725967    -0.11416148   
  86   0.33250570    -0.04368541    -0.01139861    -0.00015282     0.16145265     0.06419609   
  87   0.33440925    -0.04390188    -0.01144313    -0.00015328     0.16165240     0.06420807   
           31             32             33             34             35             36       
   1   0.05654899     0.00030029    -0.05880987     0.02116084     0.04440044     0.00080254   
   2   0.22837518     0.00062524    -0.13150484     0.04691140     0.12800873     0.00247212   
   3   0.05538470     0.00029206    -0.05737040     0.02064005     0.04392227     0.00079755   
   4  -0.12169816     0.00005916     0.00042878     0.00035202    -0.03757330    -0.00088100   
   5  -0.19339840    -0.00024956     0.06109173    -0.02146977    -0.08333690    -0.00170702   
   6  -0.12151394     0.00006759    -0.00097884     0.00086709    -0.03740056    -0.00088323   
   7  -0.10492307     0.00036323    -0.04870597     0.01829364    -0.02793524    -0.00083154   
   8  -0.22805065    -0.00067504     0.14125735    -0.05223053     0.04861633     0.00131972   
   9  -0.09218230    -0.00316786     0.08362171    -0.03099135     0.03136394     0.00087127   
  10  -0.00155696    -0.00614960     0.06595477    -0.02458329     0.03020255     0.00087342   
  11   0.09512415     0.00007599    -0.01761030     0.00638714    -0.00114783     0.00000224   
  12  -0.02564910     0.00057268    -0.10334849     0.03961624    -0.18446020    -0.50413805   
  13   0.00206174     0.00529846     0.06097419    -0.02273774     0.02888483     0.00083267   
  14  -0.08790532     0.00224944     0.07911368    -0.02932395     0.03030705     0.00083941   
  15  -0.12595410     0.00093003    -0.15079121     0.05725240    -0.18379852    -0.00441800   
  16  -0.03776744     0.00035096    -0.05906997     0.02246635    -0.07870313    -0.00219412   
  17   0.03990885    -0.00013269     0.01790545    -0.00668149     0.00154148    -0.00053738   
  18   0.08565657    -0.00050551     0.07990825    -0.03025274     0.08269886     0.00210913   
  19  -0.09038236    -0.00000036     0.00077442    -0.00023997    -0.00172497    -0.00003409   
  20   0.03881942    -0.00012562     0.01738284    -0.00647042    -0.00058233     0.00083694   
  21  -0.03928212     0.00036113    -0.05980823     0.02275876    -0.08097213    -0.00156268   
  22   0.20291063     0.00000608    -0.01396649     0.00438557     0.05063535     0.00113740   
  23   0.28046821    -0.00073788     0.13375006    -0.04873216    -0.07578902    -0.00126053   
  24   0.09380914    -0.00035452     0.06756792    -0.02371728    -0.04867661    -0.00088368   
  25  -0.06845053    -0.00008477     0.02452757    -0.00687888    -0.04406455    -0.00094977   
  26  -0.17549433     0.00027703    -0.04436827     0.01658181     0.00475422    -0.00006596   
  27  -0.06903894    -0.00007582     0.02181186    -0.00887023    -0.04263376    -0.00092298   
  28   0.09298718    -0.00034642     0.06551618    -0.02441195    -0.04746384    -0.00086145   
  29   0.15243378     0.00000955    -0.02375820     0.00746212     0.09429095     0.00215666   
  30   0.02842921     0.00000487    -0.00800110     0.00252834     0.03135971     0.00071900   
  31  -0.11320630    -0.00000141     0.00827372    -0.00257864    -0.03277600    -0.00074562   
  32  -0.15633406    -0.00000650     0.01674204    -0.00525495    -0.06557628    -0.00149578   
  33   0.16540217     0.00000362    -0.00903421     0.00283431     0.03456912     0.00078573   
  34  -0.11345079    -0.00000562     0.00904907    -0.00285620    -0.03340595    -0.00075737   
  35   0.02893141     0.00000085    -0.00735131     0.00229303     0.03114518     0.00071665   
  36   0.10190581    -0.00017326     0.02063577    -0.00796865     0.02523589     0.00067966   
  37   0.03869928     0.00036003    -0.06451265     0.02348111     0.02785460     0.00038482   
  38   0.01982859     0.00094409    -0.16082037     0.05886100     0.04373563     0.00035551   
  39   0.03758241     0.00034508    -0.06232355     0.02267524     0.02789879     0.00039010   
  40   0.10084347    -0.00018734     0.02294380    -0.00881838     0.02524811     0.00068570   
  41   0.06977376    -0.00055309     0.08872580    -0.03274713    -0.00431845     0.00026655   
  42  -0.05544727     0.00080209    -0.32909752    -0.41518826     0.16150564     0.00324159   
  43  -0.14470497     0.00153819    -0.32123732     0.11434788     0.33282703     0.00661661   
  44  -0.05539815     0.00068869     0.01485162     0.52595705     0.17177125     0.00341517   
  45   0.00990604     0.00000042    -0.00107000     0.00033602     0.00423547     0.00009685   
  46   0.08095384    -0.00082736     0.33168709     0.41175610    -0.15905629    -0.00316979   
  47   0.14529464    -0.00152066     0.31799142    -0.11168119    -0.32888660    -0.00653833   
  48   0.08060168    -0.00071101    -0.01154647    -0.52521751    -0.16853216    -0.00332778   
  49   0.00922481     0.00000042    -0.00105523     0.00033140     0.00418435     0.00009570   
  50   0.01500598     0.00000054    -0.00137417     0.00043124     0.00532327     0.00012120   
  51  -0.01605137    -0.00000062     0.00155807    -0.00048910    -0.00608771    -0.00013885   
  52  -0.00775289    -0.00000026     0.00065266    -0.00020479    -0.00251331    -0.00005716   
  53   0.01663238    -0.00053223     0.09727234    -0.03732767     0.18017315     0.50451811   
  54  -0.15896861    -0.00000178     0.00436874    -0.00136606    -0.01490033    -0.00033058   
  55  -0.00698299    -0.00000025     0.00062864    -0.00019726    -0.00242562    -0.00005518   
  56  -0.02589880     0.00058772    -0.10594213     0.04062875    -0.20728488     0.49367567   
  57  -0.04573069     0.00113086    -0.20473817     0.07852577    -0.38778142    -0.00912472   
  58  -0.18416269    -0.00000320     0.00795075    -0.00249250    -0.02970806    -0.00067206   
  59  -0.00569460     0.00000068    -0.00173154     0.00054529     0.00741333     0.00017207   
  60   0.16829645     0.00000244    -0.00602739     0.00188770     0.02177173     0.00048904   
  61   0.01667827    -0.00054168     0.09884544    -0.03794872     0.20111351    -0.49717632   
  62   0.04524171    -0.00114092     0.20662260    -0.07925020     0.39158588     0.00859353   
  63   0.00866936     0.00000103    -0.00268666     0.00084540     0.01136216     0.00026308   
  64  -0.16135378    -0.00824804     0.24484789    -0.09100178     0.10288898     0.00291767   
  65  -0.09014412     0.49723630     0.12609057    -0.04677493     0.05153576     0.00145638   
  66   0.05937980     0.50380980    -0.11540725     0.04299807    -0.05059170    -0.00144320   
  67   0.15993319     0.00160200    -0.24542212     0.09121379    -0.10308893    -0.00292280   
  68   0.06185915    -0.49770304    -0.12429676     0.04615658    -0.05268919    -0.00149965   
  69  -0.08955417    -0.50102539     0.12028863    -0.04476373     0.05074174     0.00143693   
  70  -0.01020582    -0.00000027     0.00066141    -0.00020779    -0.00257900    -0.00005897   
  71  -0.18704003    -0.00000367     0.00916790    -0.00287554    -0.03480442    -0.00078994   
  72   0.06919231     0.00000141    -0.00355529     0.00111352     0.01289977     0.00028967   
  73   0.17249677     0.00000180    -0.00428182     0.00133818     0.01419646     0.00031312   
  74   0.17579480     0.00000293    -0.00729230     0.00228542     0.02694604     0.00060827   
  75  -0.01867368    -0.00000105     0.00266461    -0.00083736    -0.01079398    -0.00024787   
  76  -0.06978830    -0.00041354     0.07930675    -0.02858288    -0.05510024    -0.00097197   
  77  -0.07059237    -0.00041239     0.07920689    -0.02853819    -0.05550415    -0.00098225   
  78   0.14559231     0.00430756    -0.12381072     0.04588692    -0.04675393    -0.00129871   
  79   0.14506277    -0.00303743    -0.12199066     0.04521165    -0.04632426    -0.00128198   
  80   0.05697282    -0.00050097     0.08252967    -0.03139912     0.11190096     0.00306438   
  81   0.05709886    -0.00049670     0.08239736    -0.03135478     0.11242768     0.00216784   
  82  -0.13672025     0.00049738    -0.09528387     0.03343977     0.07086900     0.00130075   
  83  -0.13664812     0.00049291    -0.09379365     0.03479669     0.07011636     0.00128646   
  84  -0.02874683    -0.00000472     0.00965233    -0.00304335    -0.03837465    -0.00087955   
  85  -0.02885685    -0.00000260     0.00924916    -0.00289658    -0.03801019    -0.00087256   
  86  -0.07410281    -0.00047421     0.08632229    -0.03135096    -0.04107884    -0.00060539   
  87  -0.07396840    -0.00047278     0.08538778    -0.03100512    -0.04122204    -0.00061309   
           37             38             39             40             41             42       
   1   0.03591395     0.12208116     0.04459874     0.01616976     0.06750789    -0.32313120   
   2   0.02097814     0.27940171     0.08958000     0.02676537     0.20212267    -0.00252466   
   3   0.03307443     0.11487285     0.04310280     0.02249269     0.06633045     0.32034468   
   4   0.06845155    -0.04860312    -0.00145986     0.01905649    -0.09197088     0.49372881   
   5   0.03065917    -0.15979466    -0.04491323    -0.00692525    -0.13944375     0.00558654   
   6   0.07205950    -0.04012468     0.00040198     0.01071907    -0.09123633    -0.48500657   
   7   0.11165926    -0.07517374    -0.02227068    -0.00768092    -0.04676561     0.00012551   
   8  -0.02814615    -0.08365434    -0.03389279    -0.01637856    -0.34946205    -0.00369162   
   9  -0.04620294    -0.01500083    -0.00836929    -0.00511139    -0.11715600    -0.00114436   
  10  -0.09563323     0.06932220     0.02247418     0.00863614     0.15482790     0.00171512   
  11  -0.04787372     0.07920588     0.02880632     0.01283243     0.24495557     0.00248274   
  12  -0.14938460     0.05683651     0.01999011     0.01146085    -0.03044531     0.00021484   
  13  -0.09048971     0.07089718     0.02399871     0.01039866     0.15417970     0.00132819   
  14  -0.04222779    -0.01300937    -0.00690751    -0.00363794    -0.11621703    -0.00140173   
  15   0.13381111    -0.30992917    -0.13627717    -0.09656372     0.38880779    -0.00300512   
  16   0.03195236    -0.10823154    -0.04888997    -0.03553728     0.15299275    -0.00074713   
  17  -0.08400665     0.10459236     0.04399238     0.03002783    -0.11111800     0.00149868   
  18  -0.11766573     0.20729704     0.08954755     0.06249287    -0.24541835     0.00192141   
  19  -0.00309258     0.02551121    -0.20695564     0.13133136    -0.02238548    -0.00169844   
  20  -0.08486423     0.09986896     0.04132001     0.02759732    -0.10046065     0.00011889   
  21   0.03157287    -0.11284813    -0.05134372    -0.03763978     0.16132889    -0.00172428   
  22  -0.08004791    -0.01247782    -0.02610978    -0.02928764     0.02017990     0.00021047   
  23  -0.08137045    -0.05235384    -0.16502002    -0.45354037    -0.12788261     0.00619578   
  24  -0.01666924    -0.02001552    -0.06078247    -0.17151866    -0.05572266     0.00402306   
  25   0.06063658     0.01731846     0.05567183     0.14547407     0.03126952     0.00039436   
  26   0.07718158     0.03625196     0.11131197     0.29982853     0.08191412    -0.00405856   
  27   0.06115842     0.02125947     0.05793888     0.14837362     0.04271860    -0.00394420   
  28  -0.01601292    -0.01672006    -0.05887227    -0.16907034    -0.04761899     0.00105477   
  29  -0.21351049    -0.33195577    -0.02521481     0.34109709    -0.05421041    -0.00320322   
  30  -0.07492368    -0.13156218    -0.00031425     0.13928315    -0.01932117     0.00414179   
  31   0.06709929     0.08089184     0.02850056    -0.08444800     0.01746772     0.00906649   
  32   0.14246071     0.20678027     0.02433157    -0.21322356     0.03259532     0.00204464   
  33  -0.07343855    -0.16753452     0.18794898     0.05227095    -0.02271856    -0.00184410   
  34   0.06670892     0.08047385     0.01774111    -0.08426436     0.00258626    -0.00803694   
  35  -0.07615152    -0.13371449    -0.00710874     0.14011510    -0.02967759    -0.00723591   
  36  -0.08807380     0.01875833    -0.00993651    -0.02052727     0.09772580     0.17395938   
  37   0.08726023     0.09167688     0.04954195     0.03909181    -0.04003386     0.11774605   
  38   0.25672533     0.17372653     0.10791016     0.09369297    -0.15852870     0.00759488   
  39   0.08476332     0.08987175     0.04832951     0.03776196    -0.05103824    -0.11230998   
  40  -0.09087304     0.01644332    -0.01154284    -0.02241416     0.08174927    -0.18173844   
  41  -0.17494841    -0.07670468    -0.05883469    -0.05690452     0.11734054    -0.00586895   
  42  -0.10189175    -0.01744148    -0.04697228    -0.11191453    -0.02431382     0.00115093   
  43  -0.18983391    -0.02794408    -0.07258429    -0.16626376    -0.03288691     0.00149743   
  44  -0.10368308    -0.01761074    -0.04735676    -0.11274715    -0.02445274     0.00114778   
  45  -0.00973070    -0.01749577    -0.00326103     0.02317793    -0.00563138    -0.00044377   
  46   0.08922941     0.01225813     0.03131426     0.07039883     0.01333308    -0.00060717   
  47   0.18788938     0.02801768     0.07314288     0.16867166     0.03405678    -0.00157310   
  48   0.09057674     0.01236069     0.03151560     0.07080066     0.01337778    -0.00059528   
  49  -0.00964747    -0.01714023    -0.00439135     0.02361926    -0.00567827    -0.00044663   
  50  -0.01133606    -0.01712040    -0.00360324     0.02093568    -0.00441041    -0.00033489   
  51   0.01340398     0.02208752     0.00477771    -0.02866968     0.00661241     0.00051413   
  52   0.00526729     0.00797469     0.00080641    -0.00907076     0.00194218     0.00014789   
  53   0.16479257    -0.07857369    -0.02919675    -0.01776964     0.05435223    -0.00040163   
  54   0.01808519    -0.06680094     0.24378454    -0.08080647    -0.00021764    -0.00024751   
  55   0.00509756     0.00733962     0.00241725    -0.00953717     0.00196616     0.00014851   
  56  -0.14964299     0.05727507     0.02015821     0.01156503    -0.03074921     0.00021858   
  57  -0.30803086     0.12799212     0.04607459     0.02711720    -0.07693552     0.00055768   
  58   0.05760197     0.05869902     0.10757397    -0.13989615     0.02639052     0.00199786   
  59  -0.02210701    -0.13836622     0.36349621    -0.10203484     0.00284128     0.00004536   
  60  -0.03620584     0.02653730    -0.25522399     0.14279542    -0.01648741    -0.00110692   
  61   0.16342643    -0.07828543    -0.02909814    -0.01771351     0.05418194    -0.00040175   
  62   0.31093238    -0.12782885    -0.04579586    -0.02678470     0.07451656    -0.00053434   
  63  -0.03238127    -0.14793993     0.29741883    -0.03780517    -0.01042940    -0.00101789   
  64  -0.24680640     0.12861585     0.03970661     0.01514832     0.21366784     0.00201671   
  65  -0.11843831     0.05648719     0.01702842     0.00631962     0.08357661     0.00077758   
  66   0.13157572    -0.07870971    -0.02507418    -0.00989153    -0.14997261    -0.00144108   
  67   0.24648524    -0.12645618    -0.03881117    -0.01469986    -0.20261414    -0.00190632   
  68   0.13621438    -0.08100747    -0.02577250    -0.01014494    -0.15396492    -0.00148167   
  69  -0.11698965     0.05593413     0.01687708     0.00628054     0.08260478     0.00076543   
  70   0.00689299     0.08980222    -0.32972015     0.14091827    -0.01649808    -0.00118175   
  71   0.07251264     0.17796174    -0.25630654    -0.01173261     0.01604497     0.00134204   
  72  -0.01979577     0.07818290    -0.35722328     0.15487746    -0.01183339    -0.00064322   
  73  -0.01488844     0.03773037    -0.06990258    -0.01725047     0.01516678     0.00138272   
  74  -0.05080512    -0.12411516     0.27082862    -0.07496853     0.00901769     0.00073083   
  75   0.02655784     0.05295029     0.01213910    -0.07523027     0.01916730     0.00153109   
  76  -0.05271205    -0.13905779    -0.05154644    -0.02072215    -0.06519886     0.31217846   
  77  -0.05101836    -0.13502981    -0.05078303    -0.02601275    -0.06523117    -0.31631045   
  78   0.07073996     0.01063368     0.00737303     0.00477773     0.11596029     0.00116002   
  79   0.06834163     0.00973440     0.00648717     0.00372517     0.11664438     0.00138709   
  80  -0.03314503     0.12466495     0.05556832     0.03973206    -0.16304137     0.00086564   
  81  -0.03260804     0.12697451     0.05696003     0.04106548    -0.16922706     0.00170927   
  82   0.01465848     0.02118095     0.06558431     0.18325296     0.05679819    -0.00395740   
  83   0.01443433     0.01888894     0.06426341     0.18155955     0.04961223    -0.00125278   
  84   0.08989911     0.14948132    -0.00127296    -0.15118157     0.02086560    -0.00385590   
  85   0.09000439     0.14944092     0.00553260    -0.15123125     0.03024154     0.00699672   
  86  -0.10436085    -0.11216958    -0.05751426    -0.04322912     0.03764713    -0.11618450   
  87  -0.10307888    -0.11109668    -0.05668370    -0.04215822     0.04786550     0.11209076   
           43             44             45             46             47             48       
   1   0.00597640    -0.09744874    -0.10652450     0.02227601    -0.00723912     0.00308172   
   2   0.00856861     0.06308124    -0.29599879     0.06122201    -0.02291094     0.01085811   
   3  -0.00169428     0.13570544    -0.07270737     0.01587586    -0.00615877     0.00314540   
   4  -0.01151484     0.14308067     0.18289423    -0.03635223     0.01365416    -0.00621146   
   5  -0.00640420    -0.04329318     0.21051182    -0.04321124     0.01638807    -0.00778324   
   6   0.00029808    -0.20689141     0.13384103    -0.02690081     0.01216243    -0.00634542   
   7   0.00069640    -0.00049042     0.00291677    -0.00125322    -0.00112824     0.00067435   
   8   0.01878399     0.05448341    -0.31345984     0.05623064    -0.02972617     0.00841244   
   9   0.00727774     0.02154417    -0.13979971     0.02702114     0.33239670     0.00537733   
  10  -0.00677223    -0.01880168     0.08499908    -0.01231323     0.52674081     0.00021247   
  11  -0.01282599    -0.03678729     0.21172369    -0.03789057     0.01461922    -0.00574160   
  12   0.00023686    -0.00054503     0.00087746    -0.00034525     0.00011678    -0.00100126   
  13  -0.00867706    -0.02497649     0.16429615    -0.03204090    -0.51024449    -0.00670061   
  14   0.00589681     0.01714750    -0.08513813     0.01357251    -0.35201759     0.00083699   
  15  -0.00342192     0.00816943    -0.01412298     0.00554493    -0.00179269     0.00800920   
  16  -0.00171224     0.00018431     0.00591280    -0.00040752    -0.00207664     0.34605321   
  17   0.00047829    -0.00679040     0.02073996    -0.00540830    -0.00155516     0.51876629   
  18   0.00214828    -0.00520203     0.00869269    -0.00343921     0.00118788    -0.00268001   
  19   0.00107571    -0.01028284     0.04695168    -0.01013888     0.00437205    -0.00230836   
  20   0.00132970     0.00244370    -0.01335555     0.00252168     0.00251590    -0.52080935   
  21  -0.00112341     0.00656637    -0.01743257     0.00499722     0.00064150    -0.34113741   
  22   0.00178864     0.00894342    -0.04289084     0.00796870    -0.00365913     0.00182080   
  23  -0.00310802    -0.03216796     0.15451566    -0.03499829     0.01142805    -0.00531730   
  24  -0.00392365    -0.01755942     0.12999473     0.32492668     0.00339991    -0.00189416   
  25  -0.00304353     0.00273585     0.05512156     0.51969854    -0.00529159     0.00199851   
  26   0.00187426     0.02037811    -0.09823074     0.01989865    -0.00719397     0.00334150   
  27   0.00473264     0.01506535    -0.14035741    -0.50188299    -0.00087279     0.00084556   
  28   0.00137800    -0.00926943    -0.00037541    -0.35267502     0.00627927    -0.00263642   
  29  -0.00164317    -0.01727306     0.07362993    -0.01488937     0.00523186    -0.00232065   
  30   0.34210096    -0.01429636     0.04902270    -0.00734164     0.00309165    -0.00139775   
  31   0.52038990    -0.00684733     0.01129769     0.00172629     0.00025965    -0.00017661   
  32   0.00030393     0.01022657    -0.04308182     0.00877305    -0.00299907     0.00131023   
  33  -0.00367593    -0.01071217     0.04920345    -0.01066967     0.00459981    -0.00242723   
  34  -0.52016822     0.01155362    -0.02965095     0.00171124    -0.00107894     0.00037381   
  35  -0.34457687    -0.00235241     0.02275226    -0.00737980     0.00226001    -0.00105971   
  36  -0.00198469    -0.44809908    -0.25525470     0.04349530    -0.01782269     0.00515786   
  37  -0.01061253    -0.33964293     0.06583038    -0.01690523     0.00864944    -0.00670459   
  38  -0.01496254    -0.06985706     0.36689439    -0.07111045     0.03195978    -0.01598283   
  39  -0.00030172     0.29081666     0.18743076    -0.03162662     0.01441681    -0.00507163   
  40   0.01373795     0.51254364    -0.06844504     0.02081070    -0.00874535     0.00779055   
  41   0.01003180     0.04956917    -0.25055333     0.04879223    -0.02162013     0.01079932   
  42  -0.00052652    -0.00555852     0.02661536    -0.00427459     0.00186499    -0.00085325   
  43  -0.00068913    -0.00718735     0.03397898    -0.00683393     0.00235873    -0.00106776   
  44  -0.00051270    -0.00556889     0.02638110    -0.00639836     0.00188552    -0.00086070   
  45  -0.00050091    -0.00261574     0.01199022    -0.00259599     0.00111969    -0.00059121   
  46   0.00028611     0.00286805    -0.01371229     0.00127179    -0.00091840     0.00041513   
  47   0.00070970     0.00752849    -0.03568347     0.00716504    -0.00249117     0.00113093   
  48   0.00026370     0.00285096    -0.01324401     0.00412894    -0.00093588     0.00042052   
  49  -0.00046849    -0.00263606     0.01208077    -0.00261512     0.00112780    -0.00059544   
  50  -0.00038956    -0.00190829     0.00864600    -0.00185902     0.00078097    -0.00040545   
  51   0.00056234     0.00300731    -0.01374035     0.00296852    -0.00127150     0.00066839   
  52   0.00019619     0.00084230    -0.00381988     0.00082172    -0.00034575     0.00017969   
  53  -0.00044356     0.00104966    -0.00171676     0.00067582    -0.00023453     0.00105745   
  54  -0.00291042    -0.00184403     0.00969722    -0.00227867     0.00119835    -0.00070429   
  55   0.00014019     0.00085120    -0.00385640     0.00082889    -0.00034861     0.00018111   
  56   0.00023722    -0.00056473     0.00094918    -0.00036275     0.00011571     0.00046991   
  57   0.00061106    -0.00144529     0.00237435    -0.00092550     0.00031338    -0.00069949   
  58   0.00146970     0.01162897    -0.05288277     0.01138768    -0.00483965     0.00253178   
  59  -0.00330684     0.00029761    -0.00065345     0.00003483     0.00008043    -0.00007311   
  60   0.00146671    -0.00630896     0.02795189    -0.00591162     0.00239239    -0.00121133   
  61  -0.00044059     0.00105748    -0.00175753     0.00068391    -0.00023126    -0.00001966   
  62  -0.00058654     0.00137916    -0.00228082     0.00088559    -0.00029183     0.00067813   
  63  -0.00508252    -0.00591183     0.02789346    -0.00616472     0.00276756    -0.00149766   
  64  -0.01022620    -0.02855615     0.16153735    -0.02858045     0.01058122    -0.00410122   
  65  -0.00389075    -0.01077907     0.06036506    -0.01060970     0.00987469    -0.00146034   
  66   0.00736392     0.02072049    -0.11798324     0.02096615    -0.00354862     0.00307809   
  67   0.00960732     0.02676821    -0.15096680     0.02667236    -0.00987934     0.00377538   
  68   0.00753851     0.02120001    -0.12032967     0.02133443    -0.01231034     0.00309653   
  69  -0.00386791    -0.01072982     0.06058132    -0.01071332    -0.00202994    -0.00152681   
  70   0.00134574    -0.00711241     0.03224248    -0.00692489     0.00295386    -0.00155010   
  71   0.00406701     0.00763196    -0.03511439     0.00762786    -0.00328174     0.00172941   
  72   0.00328532    -0.00345439     0.01433226    -0.00288515     0.00099008    -0.00043774   
  73   0.00256769     0.00851139    -0.04000017     0.00881919    -0.00398890     0.00216968   
  74  -0.00141115     0.00496205    -0.02333435     0.00512933    -0.00236661     0.00130311   
  75   0.00166760     0.00910272    -0.04185818     0.00908256    -0.00394510     0.00209246   
  76  -0.00562367     0.09380681     0.09761681    -0.02061917     0.00646471    -0.00270572   
  77   0.00201867    -0.13163737     0.06663024    -0.01459391     0.00554422    -0.00281262   
  78  -0.00712659    -0.02112365     0.13612192    -0.02626241    -0.31911729    -0.00527707   
  79  -0.00593219    -0.01718335     0.08577692    -0.01370130     0.34652413    -0.00077617   
  80   0.00174435    -0.00060545    -0.00485007     0.00015212     0.00205310    -0.33828729   
  81   0.00120308    -0.00639307     0.01681161    -0.00488963    -0.00049528     0.32821204   
  82   0.00373286     0.01746369    -0.12739215    -0.31109787    -0.00342189     0.00188504   
  83  -0.00113359     0.00959198    -0.00270712     0.34132131    -0.00625469     0.00262544   
  84  -0.33212448     0.01449188    -0.05008924     0.00751866    -0.00317893     0.00143945   
  85   0.33183778     0.00268574    -0.02377861     0.00758062    -0.00231267     0.00108162   
  86   0.01043964     0.33104128    -0.06270605     0.01606677    -0.00819066     0.00655240   
  87   0.00035639    -0.28685470    -0.18329715     0.03073953    -0.01414198     0.00479174   
           49             50             51       
   1   0.02776455    -0.13409536     0.09331335   
   2   0.07364889    -0.02713427     0.04596330   
   3   0.03007953    -0.13392085     0.09306742   
   4  -0.02437593    -0.02037094    -0.02021588   
   5  -0.04714689     0.10588049    -0.07149189   
   6  -0.02879600    -0.01942212    -0.02080434   
   7  -0.00467756     0.51355094     0.72838882   
   8   0.01688479    -0.02885799    -0.03720806   
   9   0.00625937    -0.08719951    -0.12356181   
  10  -0.00653569    -0.00127375    -0.00258712   
  11  -0.01081524     0.06823321     0.09671781   
  12  -0.00047996    -0.00005500    -0.00010738   
  13  -0.00473294    -0.00227797    -0.00395164   
  14   0.00728324    -0.08698374    -0.12325463   
  15   0.01040060    -0.02768579    -0.03585704   
  16   0.00507886    -0.08180050    -0.11589734   
  17  -0.00171679    -0.00160483    -0.00287803   
  18  -0.00640230     0.06466743     0.09164013   
  19   0.33483055     0.00167506    -0.00113141   
  20  -0.00329194    -0.00107313    -0.00217779   
  21   0.00414482    -0.08198287    -0.11615364   
  22  -0.01942023     0.72748538    -0.51399878   
  23   0.03748743    -0.03598898     0.02316029   
  24   0.01744273    -0.11093324     0.07831137   
  25  -0.00819029    -0.00170735     0.00164845   
  26  -0.02329494     0.08746645    -0.06176602   
  27  -0.01064339    -0.00234298     0.00206705   
  28   0.01601269    -0.11094138     0.07831889   
  29  -0.18726283    -0.03301307     0.02111996   
  30  -0.05232272    -0.10728327     0.07575355   
  31   0.11585192    -0.00246480     0.00216098   
  32   0.13075284     0.08459673    -0.05976594   
  33   0.34402621     0.00320739    -0.00226014   
  34   0.11508725    -0.00213918     0.00195211   
  35  -0.05389713    -0.10799611     0.07625490   
  36   0.02576686    -0.02988613     0.01603745   
  37  -0.01221770    -0.08036310    -0.11201503   
  38  -0.04260247    -0.00079085    -0.04717444   
  39  -0.01250226    -0.08042758    -0.11197467   
  40   0.02521127    -0.03029045     0.01557742   
  41   0.03052100     0.06390781     0.08637903   
  42   0.00533065    -0.00986179     0.00696868   
  43   0.00618533     0.00052111    -0.00047433   
  44   0.00535156    -0.00989888     0.00699489   
  45   0.08514343     0.00108850    -0.00076843   
  46  -0.00234221    -0.00009485     0.00009440   
  47  -0.00671567     0.00825083    -0.00583261   
  48  -0.00234024    -0.00008580     0.00008772   
  49   0.08570687     0.00108776    -0.00076800   
  50   0.05094324    -0.00054797     0.00039532   
  51  -0.09320728    -0.00097491     0.00068936   
  52  -0.02285097     0.00008687    -0.00006375   
  53   0.00107541    -0.00523447    -0.00742212   
  54   0.17089007     0.00872587    -0.00617239   
  55  -0.02298142     0.00009964    -0.00007296   
  56  -0.00048419    -0.00003809    -0.00008307   
  57  -0.00136457     0.00435949     0.00618357   
  58  -0.34322804    -0.00347397     0.00245364   
  59   0.03398757     0.00090586    -0.00063897   
  60   0.12640100    -0.00223342     0.00159245   
  61   0.00107103    -0.00520871    -0.00738548   
  62   0.00126171     0.00026765     0.00049318   
  63   0.24563372     0.00187051    -0.00128069   
  64  -0.00655654     0.01370646     0.01944905   
  65  -0.00228381    -0.00014393    -0.00029439   
  66   0.00511110    -0.01610728    -0.02284668   
  67   0.00591017     0.00090564     0.00163224   
  68   0.00524839    -0.01637325    -0.02322359   
  69  -0.00223670    -0.00019542    -0.00036760   
  70   0.22112299     0.00461982    -0.00326363   
  71  -0.23991005    -0.00049927     0.00033350   
  72  -0.02124926    -0.01117060     0.00789686   
  73  -0.37461730    -0.00055661     0.00023948   
  74  -0.25301395    -0.01551493     0.01096968   
  75  -0.31110377    -0.00437440     0.00307326   
  76  -0.02546795     0.06951396    -0.04683449   
  77  -0.02855555     0.07020173    -0.04722066   
  78  -0.00589948     0.04518615     0.06344490   
  79  -0.00709213     0.04565577     0.06410288   
  80  -0.00506371     0.04288202     0.06019747   
  81  -0.00402556     0.04262705     0.05984216   
  82  -0.01689867     0.05740370    -0.04016113   
  83  -0.01529859     0.05756341    -0.04027309   
  84   0.04444326     0.05536792    -0.03874808   
  85   0.04528295     0.05558780    -0.03890003   
  86   0.01043642     0.04256347     0.05693265   
  87   0.01081512     0.04279778     0.05716046   

 -----------------------------------------------------------------------------------------------
  Virtual Orbital Coefficients
 -----------------------------------------------------------------------------------------------
           52             53             54             55             56             57       
   1  -0.00690097    -0.05848434     0.01676729     0.09704422     0.00009178    -0.07244045   
   2   0.01279641     0.12916975    -0.03949009    -0.26046159    -0.00100433     0.17162761   
   3  -0.00677719    -0.05806161     0.01663740     0.09720299     0.00011364    -0.07214029   
   4  -0.00781085    -0.09107754     0.02914454     0.20902195     0.00117064    -0.12485540   
   5   0.01257652     0.13117050    -0.04044794    -0.27197398    -0.00112934     0.18097490   
   6  -0.00769686    -0.09045300     0.02892763     0.20820732     0.00118017    -0.12399568   
   7  -0.00145274    -0.01377208     0.00383036     0.01637191    -0.00042161    -0.07769748   
   8  -0.00237323    -0.04807816     0.01874389     0.19946930     0.00407535     0.27478589   
   9   0.00138603     0.02472582    -0.00928930    -0.09312148    -0.00171523    -0.10267744   
  10   0.00133609     0.03029656    -0.01218440    -0.13609258    -0.00300200    -0.21851633   
  11  -0.00233890    -0.04824753     0.01892242     0.20342186     0.00422871     0.29046796   
  12   0.00010991     0.00182477    -0.00058886    -0.00312528     0.00011786     0.03035232   
  13   0.00135099     0.03053955    -0.01226782    -0.13673965    -0.00300436    -0.21764642   
  14   0.00137406     0.02462033    -0.00926872    -0.09330758    -0.00173597    -0.10559882   
  15  -0.00139849    -0.01744706     0.00523007     0.02485899    -0.00079412    -0.17547451   
  16   0.00096038     0.01126109    -0.00332093    -0.01532972     0.00048829     0.10440224   
  17   0.00061571     0.00810273    -0.00246228    -0.01196117     0.00039113     0.08891200   
  18  -0.00139878    -0.01755019     0.00527015     0.02512072    -0.00081014    -0.18001418   
  19  -0.18613105     0.34585860     0.14188206     0.11956629     0.00582988    -0.03325515   
  20   0.00061031     0.00800895    -0.00243066    -0.01173418     0.00039048     0.08834715   
  21   0.00097234     0.01145861    -0.00339053    -0.01592603     0.00048218     0.10452998   
  22   0.00507723     0.00627540     0.00235209     0.06235980     0.00110341    -0.02725654   
  23   0.00529540     0.00914446     0.00328393     0.11262046     0.00262836    -0.08730797   
  24  -0.00351835    -0.00555846    -0.00209389    -0.06789902    -0.00152003     0.04897272   
  25  -0.00237506    -0.00442079    -0.00165466    -0.05729791    -0.00139103     0.04797294   
  26   0.00523970     0.00914499     0.00338647     0.11476724     0.00269963    -0.09055341   
  27  -0.00246797    -0.00450645    -0.00164603    -0.05801483    -0.00140678     0.04854600   
  28  -0.00347686    -0.00573959    -0.00206240    -0.06741235    -0.00151710     0.04858479   
  29  -0.03825377    -0.18961323     0.03864390    -0.00059782    -0.00516904    -0.03040272   
  30   0.01642055     0.07779710    -0.01947119    -0.01661108     0.00209796     0.02151918   
  31   0.03050656     0.14439020    -0.02593897     0.02318669     0.00395256     0.01013521   
  32  -0.04008322    -0.19372371     0.04211557    -0.00241329    -0.00547608    -0.03085779   
  33  -0.21098497    -0.18183366     0.27786096    -0.12798405    -0.00724490     0.03705411   
  34   0.03294855     0.14242909    -0.02768936     0.02350044     0.00398983     0.00965658   
  35   0.01267799     0.08144952    -0.01705059    -0.01698606     0.00206075     0.02224774   
  36  -0.00712458    -0.08867680     0.02893855     0.21599588     0.00141417    -0.11772422   
  37  -0.00293336    -0.04394076     0.01513018     0.12437868     0.00115142    -0.03723217   
  38   0.00836647     0.11250532    -0.03759716    -0.29326688    -0.00227881     0.12918715   
  39  -0.00298454    -0.04459302     0.01534721     0.12595338     0.00115720    -0.03894635   
  40  -0.00710495    -0.08841995     0.02885064     0.21535382     0.00141226    -0.11690164   
  41   0.00838863     0.11560877    -0.03881192    -0.30405480    -0.00234646     0.14100514   
  42  -0.00127530    -0.00260669    -0.00100810    -0.03669755    -0.00096041     0.03576658   
  43   0.00157979     0.00352866     0.00137296     0.05177515     0.00141089    -0.05429677   
  44  -0.00128316    -0.00264222    -0.00100554    -0.03682619    -0.00096513     0.03590444   
  45  -0.20739984    -0.03976365    -0.26442664     0.01516515    -0.48827962     0.00504606   
  46  -0.00059114    -0.00137262    -0.00054721    -0.02084598    -0.00057961     0.02273150   
  47   0.00164661     0.00359642     0.00139825     0.05229741     0.00141476    -0.05416832   
  48  -0.00059199    -0.00139155    -0.00054001    -0.02078097    -0.00057909     0.02267439   
  49  -0.21137206    -0.05683410    -0.25993206    -0.00196743     0.48812017    -0.00017892   
  50   0.31337068     0.08289196     0.46926444    -0.01270762    -0.00152640    -0.00511151   
  51   0.30261138     0.07840353     0.44088547    -0.01178658     0.00058404    -0.00482288   
  52  -0.11834480    -0.02505465    -0.20054492     0.01464041    -0.51098807     0.00506696   
  53   0.00024005     0.00350877    -0.00109866    -0.00558476     0.00019872     0.04864318   
  54  -0.23700117    -0.30329676     0.11630485    -0.13364091    -0.00824169     0.02852747   
  55  -0.12127140    -0.04330297    -0.19366718    -0.00366977     0.51136905    -0.00034607   
  56   0.00010815     0.00179474    -0.00057882    -0.00306239     0.00011648     0.02991370   
  57  -0.00030557    -0.00474352     0.00150739     0.00782267    -0.00028803    -0.07238436   
  58  -0.03749131     0.27027265    -0.12010708     0.13190845     0.00727774    -0.03714586   
  59   0.32432192    -0.08892696    -0.19469108     0.00513192     0.00036252    -0.00310367   
  60  -0.19406405     0.28664588    -0.04080159     0.12540338     0.00646620    -0.03682354   
  61   0.00023773     0.00346991    -0.00108581    -0.00550672     0.00019688     0.04808289   
  62  -0.00029178    -0.00463505     0.00147980     0.00772586    -0.00028649    -0.07238424   
  63   0.26898184     0.04741410    -0.16161391     0.04907328     0.00290615    -0.01168076   
  64  -0.00150428    -0.03833258     0.01590108     0.18610820     0.00440301     0.34185502   
  65   0.00052950     0.01443803    -0.00608086    -0.07269377    -0.00176946    -0.14063127   
  66   0.00115557     0.02770500    -0.01132048    -0.12961244    -0.00297138    -0.22441437   
  67  -0.00140416    -0.03663882     0.01527083     0.17984305     0.00428727     0.33472995   
  68   0.00118061     0.02832328    -0.01157489    -0.13255601    -0.00303990    -0.22966204   
  69   0.00053248     0.01451498    -0.00611297    -0.07307225    -0.00177849    -0.14133507   
  70   0.24026987    -0.18303717    -0.09323969    -0.04524737    -0.00233643     0.00755547   
  71  -0.26426241    -0.13335411     0.26859384    -0.11348514    -0.00630779     0.03567196   
  72   0.34400095    -0.03639441    -0.21393152     0.00546125     0.00249935     0.00773662   
  73  -0.08946612    -0.34426526     0.04827633    -0.13495674    -0.00864604     0.02786038   
  74  -0.22582070     0.38756226     0.13196114     0.11179206     0.00708136    -0.02052361   
  75   0.17440884    -0.00603035    -0.12057264     0.00698023     0.00117300     0.00467804   
  76   0.00264583     0.02322674    -0.00674689    -0.04043776    -0.00007219     0.02896487   
  77   0.00261701     0.02323570    -0.00675659    -0.04089652    -0.00008250     0.02912327   
  78  -0.00052674    -0.00954437     0.00360713     0.03656086     0.00068851     0.04245135   
  79  -0.00052566    -0.00958477     0.00363158     0.03698810     0.00070403     0.04409716   
  80  -0.00035410    -0.00414603     0.00122183     0.00562059    -0.00018155    -0.03877048   
  81  -0.00035849    -0.00422153     0.00124945     0.00588189    -0.00017743    -0.03858580   
  82   0.00128148     0.00200940     0.00078686     0.02513544     0.00056367    -0.01827223   
  83   0.00128143     0.00213093     0.00076522     0.02500047     0.00056504    -0.01816673   
  84  -0.00685906    -0.03146741     0.00763646     0.00481902    -0.00085136    -0.00760174   
  85  -0.00537031    -0.03284157     0.00669549     0.00498873    -0.00083484    -0.00788511   
  86   0.00126045     0.01815584    -0.00618886    -0.05003285    -0.00044210     0.01669851   
  87   0.00128573     0.01847867    -0.00629585    -0.05081289    -0.00044528     0.01748904   
           58             59             60             61             62             63       
   1  -0.00363183     0.05403287    -0.01579396     0.00002317     0.00028813     0.00002465   
   2  -0.02199187    -0.08936032    -0.03070032    -0.00003412    -0.00071853     0.00005668   
   3  -0.00461420     0.05157221    -0.01082408    -0.00019564     0.00025890    -0.00007017   
   4   0.03559694     0.04096567     0.05957882     0.00029290     0.00055680    -0.00000009   
   5  -0.02924797    -0.09144976    -0.04867265    -0.00011379    -0.00082832     0.00006384   
   6   0.03497774     0.03864332     0.06366313     0.00009810     0.00052908    -0.00008118   
   7   0.00641349     0.07073568     0.04455903     0.00013290     0.00067706    -0.00003371   
   8  -0.00506603    -0.01668979     0.00045424     0.00001258     0.00012725     0.00003906   
   9   0.00033506    -0.01480516    -0.01593938    -0.00005469    -0.00017664    -0.03344968   
  10   0.00604034     0.04379648     0.02246057     0.00006248     0.00017204     0.02843312   
  11  -0.00598723    -0.02726615    -0.00627434    -0.00000768     0.00002205    -0.00034805   
  12  -0.01774023     0.20023519     0.09705739     0.00029739    -0.49907559    -0.00030217   
  13   0.00574133     0.04192113     0.01988245     0.00005309     0.00037404    -0.02826078   
  14   0.00080302    -0.01269989    -0.01291573    -0.00004368    -0.00040568     0.03355561   
  15   0.05374350    -0.24904380    -0.03687379    -0.00002742    -0.00218879     0.00003379   
  16  -0.02873069     0.11125719     0.00774367    -0.00002010    -0.00287290     0.00037259   
  17  -0.03054583     0.17130003     0.03896258     0.00007102     0.00469716    -0.00033881   
  18   0.05680739    -0.27663568    -0.04606465    -0.00004962    -0.00246108     0.00000225   
  19   0.09043635     0.05328342    -0.08426408    -0.00019567    -0.00018663     0.00001256   
  20  -0.03035914     0.17238997     0.04056322     0.00007844    -0.00187245     0.00031994   
  21  -0.02886826     0.10949278     0.00576345    -0.00002884     0.00489947    -0.00036362   
  22   0.04511467    -0.01483837     0.08688171     0.00029993     0.00036760    -0.00002610   
  23  -0.30821014     0.01380200     0.00184245    -0.00033359     0.00026533    -0.00002217   
  24   0.14324592    -0.00324735    -0.02698699     0.00826717    -0.00026537     0.00001878   
  25   0.20442894    -0.01406220     0.03819214    -0.00666325     0.00004123     0.00000022   
  26  -0.33463201     0.01689996    -0.01088906    -0.00037412     0.00022666    -0.00001942   
  27   0.20524380    -0.01431046     0.03622446     0.00719347     0.00001963    -0.00000171   
  28   0.14392450    -0.00289967    -0.02483212    -0.00805177    -0.00024184     0.00002095   
  29   0.18490033     0.15084945    -0.28174938    -0.00071577    -0.00073502     0.00005074   
  30  -0.10608968    -0.07601202     0.13095004     0.00037679     0.00031927    -0.00002751   
  31  -0.09221852    -0.08856957     0.18108391     0.00041831     0.00050933    -0.00003071   
  32   0.19564317     0.16651271    -0.32080568    -0.00081420    -0.00086339     0.00006019   
  33  -0.12891807    -0.10329234     0.21224145     0.00056015     0.00063175    -0.00004480   
  34  -0.09056637    -0.08695089     0.18007292     0.00052658     0.00052114    -0.00004165   
  35  -0.10808061    -0.07820330     0.13268484     0.00025599     0.00030709    -0.00001538   
  36   0.04542421     0.01455071     0.08152469     0.00029978     0.00059786     0.00043236   
  37   0.03278315    -0.03702009     0.04843870     0.00018851    -0.00022294    -0.00050731   
  38  -0.07018552     0.03055416    -0.11595217    -0.00044431    -0.00027148    -0.00001374   
  39   0.03345145    -0.03651298     0.05008983     0.00021576     0.00012420     0.00051764   
  40   0.04505737     0.01394386     0.08035078     0.00027745     0.00028976    -0.00047833   
  41  -0.07504444     0.02263763    -0.13023616    -0.00049319    -0.00040166     0.00002124   
  42   0.21814391    -0.02649556     0.13507205     0.49969578     0.00060731    -0.00004394   
  43  -0.37080632     0.04929588    -0.26771320    -0.00070554    -0.00122737     0.00008974   
  44   0.21945498    -0.02660761     0.13836430    -0.49808345     0.00059496    -0.00004344   
  45  -0.01293410    -0.00933187     0.01776783     0.00004548     0.00004946    -0.00000347   
  46   0.16468731    -0.02301913     0.12720007     0.50103965     0.00060983    -0.00004452   
  47  -0.36562245     0.04843377    -0.26301917    -0.00114946    -0.00120704     0.00008827   
  48   0.16473520    -0.02297181     0.12965255    -0.50092043     0.00059358    -0.00004374   
  49  -0.01001015    -0.00847673     0.01693337     0.00004390     0.00004857    -0.00000342   
  50   0.03015311     0.02841779    -0.06251550    -0.00016898    -0.00019554     0.00001394   
  51   0.02860494     0.02753712    -0.06161881    -0.00016773    -0.00019573     0.00001399   
  52  -0.01691503    -0.01625285     0.03694703     0.00010132     0.00011908    -0.00000853   
  53  -0.02402738     0.23649870     0.10591468     0.00031506    -0.49726672    -0.00030156   
  54  -0.03565341     0.01241134    -0.07333826    -0.00024097    -0.00033023     0.00002453   
  55  -0.01392467    -0.01535007     0.03598945     0.00009938     0.00011775    -0.00000845   
  56  -0.01740721     0.19439847     0.09156792     0.00026809     0.50277846     0.00029592   
  57   0.03930428    -0.41886993    -0.19473202    -0.00057808    -0.00496643     0.00000553   
  58   0.12192842     0.09517952    -0.19523883    -0.00051744    -0.00058660     0.00004158   
  59   0.02000949     0.01931196    -0.04095801    -0.00010715    -0.00011944     0.00000851   
  60   0.12925176     0.10690315    -0.22609261    -0.00060529    -0.00069346     0.00004931   
  61  -0.02362998     0.23000238     0.10013381     0.00028496     0.50074335     0.00029448   
  62   0.03978481    -0.42576850    -0.19801584    -0.00058773    -0.00204364     0.00000817   
  63   0.02194541     0.00324755     0.01055349     0.00004412     0.00006993    -0.00000537   
  64  -0.01209255    -0.11748397    -0.07190628    -0.00021501    -0.00113528     0.00396241   
  65   0.00535137     0.05474301     0.03453324     0.00010454     0.00026567     0.50014316   
  66   0.00719573     0.06428136     0.03729498     0.00010912     0.00085369    -0.50052531   
  67  -0.01199761    -0.11712402    -0.07174807    -0.00021453    -0.00113038     0.00050140   
  68   0.00737683     0.06586502     0.03837089     0.00011279     0.00029356     0.49565710   
  69   0.00537248     0.05506006     0.03459600     0.00010424     0.00084599    -0.49948731   
  70   0.00322437     0.01822672    -0.05272631    -0.00015188    -0.00018668     0.00001359   
  71  -0.13656695    -0.11621368     0.24644791     0.00065827     0.00075222    -0.00005352   
  72  -0.06374322    -0.06874502     0.15639695     0.00042475     0.00049154    -0.00003507   
  73  -0.02656466     0.02299528    -0.09742890    -0.00030599    -0.00040399     0.00002978   
  74   0.00842146    -0.02615232     0.08727272     0.00026203     0.00033285    -0.00002434   
  75  -0.04925088    -0.06081250     0.15050608     0.00042334     0.00050968    -0.00003672   
  76  -0.00009686    -0.01952975     0.00308894    -0.00001904    -0.00011600    -0.00000806   
  77   0.00029673    -0.01877676     0.00126251     0.00005818    -0.00010645     0.00002640   
  78  -0.00030971     0.00342167     0.00459366     0.00001627     0.00004678     0.01212812   
  79  -0.00050363     0.00266731     0.00350449     0.00001231     0.00012724    -0.01227204   
  80   0.01080979    -0.04371664    -0.00409732     0.00000379     0.00102836    -0.00013230   
  81   0.01080536    -0.04281862    -0.00333876     0.00000695    -0.00180030     0.00012292   
  82  -0.05526985     0.00161565     0.00763876    -0.00299676     0.00008723    -0.00000616   
  83  -0.05575606     0.00147909     0.00688264     0.00291404     0.00007898    -0.00000689   
  84   0.03876991     0.02843989    -0.04997408    -0.00014182    -0.00012457     0.00001060   
  85   0.03939851     0.02919099    -0.05051060    -0.00009871    -0.00011991     0.00000636   
  86  -0.01263442     0.01188607    -0.01905732    -0.00007286     0.00006194     0.00018247   
  87  -0.01293802     0.01174998    -0.01973736    -0.00008309    -0.00006071    -0.00017850   
           64             65             66             67             68             69       
   1  -0.01225528    -0.34215979    -0.05777794     0.37646107     0.00330903     0.00290539   
   2  -0.00093505     0.00120312     0.00215720    -0.00251767    -0.00243576    -0.00063574   
   3   0.01339518     0.34077315     0.05495126    -0.37374375    -0.00039321    -0.00214163   
   4  -0.01150480    -0.30199152    -0.05030087     0.33471117     0.00262246     0.00252206   
   5  -0.00042035    -0.00022251     0.00126117    -0.00108611    -0.00248736    -0.00065876   
   6   0.01128173     0.30267946     0.05028567    -0.33393694    -0.00072028    -0.00202416   
   7  -0.00012216     0.00033846    -0.00000367     0.00021077     0.00077259     0.00074684   
   8  -0.00006210     0.00067944    -0.00007650     0.00052830    -0.00198069     0.00648007   
   9   0.00020330     0.00379470    -0.00114107     0.00600666     0.14265050    -0.49267245   
  10  -0.00014442    -0.00369577     0.00104627    -0.00560075    -0.12621648     0.43529721   
  11  -0.00004538     0.00031753    -0.00003028     0.00025826    -0.00029886     0.00195480   
  12  -0.00066956     0.00027571     0.00146791    -0.00058988     0.00377793    -0.00377108   
  13   0.00008146     0.00374887    -0.00102973     0.00556877     0.12653758    -0.43490668   
  14  -0.00005028    -0.00453778     0.00118963    -0.00651692    -0.14122916     0.48480761   
  15  -0.00082239     0.00029002     0.00232177    -0.00095513    -0.00279774    -0.00953417   
  16   0.00057187     0.00538755    -0.00269175     0.00886990    -0.48861199    -0.13651226   
  17   0.00026582    -0.00532154     0.00019000    -0.00717482     0.43614881     0.13082511   
  18  -0.00085134     0.00058784     0.00242852    -0.00079600     0.00005165    -0.00998086   
  19  -0.00285040     0.00011153    -0.00002165     0.00004875    -0.00000566    -0.00000473   
  20   0.00038664     0.00499501    -0.00225091     0.00796719    -0.43625616    -0.12211771   
  21   0.00043645    -0.00616530     0.00004760    -0.00810781     0.49105215     0.14754314   
  22  -0.00056873    -0.00044590     0.00080278     0.00079655    -0.00001264    -0.00000669   
  23   0.00002823    -0.00013185    -0.00472123     0.00060279     0.00297395     0.00080575   
  24  -0.01501877     0.01087992     0.50539710     0.08397240    -0.00153892    -0.00037349   
  25   0.01370459    -0.00935159    -0.44737687    -0.07592919    -0.00145768    -0.00043695   
  26  -0.00040772    -0.00042644    -0.00252246     0.00143217     0.00316784     0.00086292   
  27  -0.01362249     0.00947627     0.44847479     0.07492077    -0.00106893    -0.00025384   
  28   0.01560385    -0.01022488    -0.49981300    -0.08531941    -0.00198638    -0.00058245   
  29   0.00287928     0.00027752    -0.00065382    -0.00035532     0.00000786     0.00000551   
  30   0.50869653    -0.01327585     0.01452202     0.00774327    -0.00001515     0.00005340   
  31  -0.45167238     0.01097530    -0.01240902    -0.00598361     0.00000417    -0.00005491   
  32  -0.00170722     0.00099028    -0.00052009    -0.00106089     0.00001147     0.00000883   
  33   0.00564939    -0.00131017     0.00070035     0.00159926    -0.00002193    -0.00001625   
  34   0.45447837    -0.01231021     0.01337042     0.00758362    -0.00002619     0.00003843   
  35  -0.51216867     0.01297434    -0.01455614    -0.00756866     0.00001594    -0.00005371   
  36  -0.00647607    -0.33575178     0.05817012    -0.29837008    -0.00689366    -0.00868835   
  37   0.00585643     0.38154834    -0.06286539     0.33503667     0.00629753     0.00956808   
  38   0.00134458    -0.00223275    -0.00226841    -0.00035001     0.00211421     0.00001197   
  39  -0.00731679    -0.37920070     0.06550530    -0.33483520    -0.00886743    -0.01023090   
  40   0.00511582     0.33634933    -0.05590766     0.29741838     0.00652834     0.00882418   
  41   0.00144957    -0.00107768    -0.00263025     0.00091307     0.00144936     0.00032049   
  42  -0.00020026    -0.00042446    -0.00913046    -0.00048666     0.00144465     0.00038732   
  43   0.00084221     0.00077026     0.00301271    -0.00207840    -0.00344063    -0.00092668   
  44  -0.00056414    -0.00026597     0.00654844     0.00231405     0.00145055     0.00039059   
  45   0.00004464    -0.00008135     0.00003686     0.00010141    -0.00000130    -0.00000102   
  46  -0.00025006    -0.00046643    -0.00917322    -0.00028323     0.00182214     0.00049053   
  47   0.00082119     0.00075275     0.00294788    -0.00205433    -0.00341643    -0.00092039   
  48  -0.00059814    -0.00031495     0.00607190     0.00243650     0.00181758     0.00049094   
  49  -0.00002653    -0.00008288     0.00003696     0.00010601    -0.00000141    -0.00000110   
  50   0.00008298     0.00041675    -0.00020925    -0.00056689     0.00000863     0.00000672   
  51   0.00006804     0.00043444    -0.00022041    -0.00059655     0.00000923     0.00000720   
  52  -0.00002384    -0.00027341     0.00014098     0.00037800    -0.00000593    -0.00000463   
  53  -0.00061187     0.00023135     0.00128075    -0.00053069     0.00388081    -0.00289905   
  54  -0.00078637     0.00111811    -0.00064714    -0.00162421     0.00002841     0.00002181   
  55  -0.00008827    -0.00027388     0.00014059     0.00038092    -0.00000602    -0.00000468   
  56  -0.00067617     0.00063283     0.00143176    -0.00028726    -0.00335560    -0.00563949   
  57   0.00131219    -0.00088178    -0.00278781     0.00084165    -0.00041318     0.00890051   
  58   0.00293264     0.00114330    -0.00055089    -0.00161683     0.00002514     0.00001998   
  59  -0.00782308     0.00031458    -0.00021856    -0.00020753     0.00000069    -0.00000058   
  60   0.00152363     0.00143145    -0.00071587    -0.00197576     0.00003022     0.00002366   
  61  -0.00061634     0.00058920     0.00123964    -0.00022306    -0.00347912    -0.00481912   
  62   0.00132863    -0.00089771    -0.00281605     0.00084548    -0.00040680     0.00897745   
  63   0.00478917    -0.00036830     0.00024937     0.00040587    -0.00000529    -0.00000337   
  64   0.00021659    -0.00099039     0.00006854    -0.00067267     0.00028851    -0.00444727   
  65  -0.00008841     0.00117128    -0.00016512     0.00103329     0.00907558    -0.02809697   
  66  -0.00012135    -0.00023018     0.00010234    -0.00040489    -0.00957397     0.03314807   
  67   0.00021548    -0.00097643     0.00006671    -0.00066133     0.00021609    -0.00426605   
  68  -0.00008055     0.00111660    -0.00016079     0.00099004     0.00936490    -0.02933410   
  69  -0.00013204    -0.00014613     0.00009275    -0.00032839    -0.00931748     0.03255469   
  70  -0.00769098     0.00057661    -0.00037025    -0.00060321     0.00000782     0.00000498   
  71   0.00408720    -0.00160070     0.00084360     0.00205749    -0.00003021    -0.00002292   
  72   0.00464062    -0.00106986     0.00058510     0.00129591    -0.00001725    -0.00001268   
  73  -0.00404745     0.00128787    -0.00077620    -0.00176695     0.00002948     0.00002216   
  74   0.00081700    -0.00092103     0.00053165     0.00131389    -0.00002310    -0.00001777   
  75  -0.00041363    -0.00124723     0.00066178     0.00175489    -0.00002838    -0.00002204   
  76   0.00440979     0.12224444     0.02048426    -0.13423320    -0.00117445    -0.00103206   
  77  -0.00472508    -0.12271285    -0.01979246     0.13426933     0.00014185     0.00076697   
  78  -0.00006872    -0.00137823     0.00040958    -0.00215982    -0.05078426     0.17562866   
  79   0.00002046     0.00155887    -0.00041772     0.00228349     0.05081125    -0.17442528   
  80  -0.00020258    -0.00187212     0.00095850    -0.00313145     0.17534587     0.04894033   
  81  -0.00015457     0.00220498    -0.00001521     0.00289462    -0.17520420    -0.05275938   
  82   0.00527259    -0.00389344    -0.17995375    -0.02987651     0.00054653     0.00013310   
  83  -0.00556822     0.00359486     0.17854366     0.03053900     0.00070858     0.00020874   
  84  -0.18187459     0.00482589    -0.00519818    -0.00285965     0.00000515    -0.00001897   
  85   0.18247688    -0.00457849     0.00525285     0.00265639    -0.00000537     0.00002042   
  86  -0.00210093    -0.13696858     0.02252238    -0.12000963    -0.00237260    -0.00344081   
  87   0.00264394     0.13664780    -0.02356161     0.12039785     0.00312888     0.00375204   
           70             71             72             73             74             75       
   1  -0.07285872     0.02337072     0.03446560     0.10338618     0.06333992     0.17545978   
   2   0.11804399    -0.00285240    -0.03549908    -0.14919506    -0.15896910    -0.30352955   
   3  -0.07871256     0.02292237     0.03684390     0.10839806     0.06363512     0.17741296   
   4  -0.03574315    -0.03369224    -0.01113255     0.02508813     0.11016045     0.10485175   
   5   0.11842991     0.01387009    -0.02517686    -0.14080381    -0.20156504    -0.32809898   
   6  -0.04057261    -0.03424933    -0.00909807     0.02934382     0.10997850     0.10595264   
   7  -0.05027992    -0.05001202    -0.02355244    -0.01578572     0.10176069    -0.15750904   
   8  -0.05520824    -0.07861906    -0.05196551    -0.13311855    -0.30893747     0.18713491   
   9   0.03932148     0.05777081     0.03711450     0.08719147     0.17371729    -0.08417564   
  10   0.00534819     0.00979130     0.00890487     0.03624814     0.12860509    -0.11173473   
  11  -0.04698125    -0.07051874    -0.04824730    -0.13194600    -0.33818706     0.23618274   
  12   0.15572023     0.07224857     0.02268333     0.00800297    -0.02660815     0.02461485   
  13  -0.01183547    -0.00074907     0.00462152     0.03177768     0.12686646    -0.11332496   
  14   0.05905379     0.06992612     0.04209523     0.09262369     0.17684667    -0.08333324   
  15   0.33237016     0.18603064     0.06600602     0.02873866    -0.11745997     0.11860102   
  16  -0.18774551    -0.09604242    -0.03259971    -0.01253038     0.04798960    -0.03638851   
  17  -0.16110300    -0.10041410    -0.03750838    -0.01838092     0.08201759    -0.10227501   
  18   0.36419614     0.20799635     0.07499938     0.03390564    -0.14966648     0.17222901   
  19   0.00719495    -0.12145752     0.33247084    -0.02815380    -0.02948621    -0.02489439   
  20  -0.17155612    -0.09814390    -0.03608713    -0.01656292     0.08244793    -0.10109583   
  21  -0.17540221    -0.09814270    -0.03399400    -0.01434311     0.04746939    -0.03741583   
  22   0.01363534    -0.05970315    -0.03776572    -0.02611214     0.12564302     0.13679052   
  23  -0.19321156     0.28145494     0.11933448     0.04915681    -0.13987517    -0.09719263   
  24   0.10657544    -0.15178126    -0.06202301    -0.02314953     0.05811444     0.03062393   
  25   0.09032788    -0.13885443    -0.06224778    -0.02906260     0.09498895     0.08237990   
  26  -0.20803251     0.31026809     0.13399293     0.05770310    -0.17797128    -0.14216220   
  27   0.08187576    -0.13548566    -0.06110324    -0.02777679     0.09574365     0.08356020   
  28   0.11676880    -0.15674569    -0.06374885    -0.02460481     0.05789156     0.02985474   
  29  -0.00074490    -0.05484490     0.06690747     0.23655115    -0.16739629    -0.09986890   
  30  -0.00260962     0.05017075    -0.02441345    -0.14859253     0.07802253     0.03285017   
  31   0.00596738    -0.00647509    -0.04804242    -0.08121114     0.09840855     0.08116352   
  32  -0.00442974    -0.04097932     0.07839377     0.24617607    -0.20336514    -0.14367087   
  33   0.01710774    -0.06626785    -0.16360236     0.22447744    -0.06497964    -0.02429547   
  34   0.00737272    -0.00539894    -0.03755962    -0.09107704     0.09974593     0.08071846   
  35  -0.00399832     0.04863472    -0.03571333    -0.13825623     0.07692825     0.03354881   
  36   0.01403639    -0.05469757    -0.03919403    -0.06262554     0.04034389    -0.11151240   
  37   0.07405049    -0.03130544    -0.03884496    -0.10527424    -0.07573666    -0.17346725   
  38  -0.09693753     0.07716982     0.07504401     0.17348102     0.06582964     0.30264439   
  39   0.07098836    -0.03118913    -0.03867189    -0.10569943    -0.07744381    -0.17336307   
  40   0.01714207    -0.05487613    -0.03947849    -0.06256054     0.04190426    -0.11225976   
  41  -0.09085094     0.09228352     0.08376042     0.18160864     0.03021864     0.33416954   
  42  -0.08383730     0.09600114     0.03408610     0.00973911    -0.01509099    -0.00343365   
  43   0.20401177    -0.24711618    -0.09221589    -0.03000072     0.06363397     0.03455751   
  44  -0.08400885     0.09621279     0.03415309     0.00972545    -0.01514940    -0.00347532   
  45   0.00105922    -0.00586735     0.00401870     0.00044487     0.00206171     0.00233473   
  46  -0.10929728     0.13590465     0.05188004     0.01786703    -0.04235248    -0.02767790   
  47   0.20299978    -0.24732770    -0.09283034    -0.03071903     0.06819582     0.04094432   
  48  -0.10885929     0.13539436     0.05168033     0.01776659    -0.04224096    -0.02763220   
  49   0.00116732    -0.00676195     0.00468041     0.00165291     0.00153313     0.00210134   
  50  -0.00750406     0.05328195    -0.04611675    -0.04221176     0.01511139     0.00502705   
  51  -0.00812354     0.05935845    -0.05280218    -0.05169213     0.02178992     0.01013999   
  52   0.00524484    -0.03897494     0.03520664     0.03539877    -0.01569377    -0.00775823   
  53   0.12425466     0.05324185     0.01558989     0.00459520    -0.01026033     0.00373135   
  54  -0.02536001     0.19607673    -0.14599922    -0.24844153     0.11518585     0.05689671   
  55   0.00532529    -0.03964795     0.03564820     0.03639079    -0.01611949    -0.00794240   
  56   0.15671851     0.07257004     0.02275840     0.00803421    -0.02654599     0.02455850   
  57  -0.29330423    -0.13320341    -0.04110064    -0.01395393     0.04324449    -0.03672708   
  58  -0.02282053     0.19349017    -0.31488593    -0.02513778     0.01730338     0.00463221   
  59   0.00198179    -0.08756818     0.38540354    -0.18030455     0.04339810     0.01665824   
  60  -0.02666446     0.19958461    -0.21538574    -0.12805905     0.05299358     0.02188156   
  61   0.12479676     0.05336067     0.01560321     0.00460584    -0.01013860     0.00362777   
  62  -0.29496954    -0.13325098    -0.04089760    -0.01366544     0.04059169    -0.03136952   
  63   0.00326440     0.03119849    -0.30649819     0.24402456    -0.08607149    -0.04268095   
  64   0.11307545     0.13416847     0.07833082     0.16014890     0.28693062    -0.14722491   
  65  -0.06045510    -0.07282562    -0.04317815    -0.09169048    -0.17577222     0.09839206   
  66  -0.04629923    -0.05208430    -0.02886994    -0.05123430    -0.06513661     0.01351455   
  67   0.11179409     0.13200947     0.07669119     0.15446307     0.26568563    -0.12434532   
  68  -0.04919034    -0.05465363    -0.03020704    -0.05359185    -0.06875690     0.01507206   
  69  -0.05927364    -0.07222961    -0.04297187    -0.09155015    -0.17582123     0.09849668   
  70  -0.00457836    -0.03166539     0.32093477    -0.22901217     0.06737841     0.02729989   
  71   0.02505767    -0.14921302     0.01506678     0.20640376    -0.06563936    -0.02303283   
  72   0.01253122    -0.01395080    -0.29536068     0.24444391    -0.05594062    -0.01113218   
  73  -0.02529231     0.16530158     0.00021471    -0.30835707     0.11912938     0.04914449   
  74   0.02043359    -0.17466447     0.25231683     0.06733465    -0.02922137    -0.00512011   
  75   0.02510987    -0.18941351     0.17165265     0.17674301    -0.07698540    -0.03490694   
  76   0.02538239    -0.00644807    -0.01094678    -0.03487750    -0.02473458    -0.06076728   
  77   0.02767704    -0.00633102    -0.01186752    -0.03690134    -0.02505162    -0.06189618   
  78  -0.01260698    -0.01907041    -0.01241463    -0.02982212    -0.06139876     0.03142636   
  79  -0.01980856    -0.02357471    -0.01429248    -0.03200030    -0.06306121     0.03145327   
  80   0.06867398     0.03549898     0.01214306     0.00476473    -0.01882125     0.01562644   
  81   0.06390646     0.03604506     0.01256547     0.00536841    -0.01852837     0.01587435   
  82  -0.03810042     0.05481172     0.02258110     0.00861577    -0.02237227    -0.01288879   
  83  -0.04184972     0.05676830     0.02326640     0.00914473    -0.02238623    -0.01268555   
  84   0.00059040    -0.01629530     0.00945694     0.05186268    -0.02898470    -0.01351312   
  85   0.00106511    -0.01570046     0.01339279     0.04817019    -0.02855704    -0.01372906   
  86  -0.02510174     0.01233913     0.01424888     0.03689557     0.02327297     0.06040038   
  87  -0.02410157     0.01233836     0.01423643     0.03716776     0.02391673     0.06058068   
           76             77             78             79             80             81       
   1  -0.00314392    -0.04313345     0.25632101    -0.10240324     0.04368660    -0.05695367   
   2   0.00049756     0.03531130    -0.26001490     0.09894722    -0.04794823     0.07492618   
   3  -0.00320803    -0.04351957     0.25757580    -0.10288264     0.04409845    -0.05716694   
   4   0.00629315     0.04702361    -0.21031366     0.09385704    -0.03183338     0.02260113   
   5  -0.00789446    -0.04545371     0.15223109    -0.08429774     0.01923282     0.01207037   
   6   0.00621906     0.04665108    -0.20949437     0.09355542    -0.03141850     0.02252518   
   7  -0.00098066    -0.00661184     0.01816922    -0.05151707     0.00942912     0.00640078   
   8  -0.00002742    -0.00662157     0.13451052     0.25303816    -0.02961166    -0.01151581   
   9   0.00035485     0.00880125    -0.14388139    -0.24626946     0.02788012     0.00994404   
  10  -0.00074021    -0.01024376     0.13289040     0.19729995    -0.02104488    -0.00620788   
  11   0.00093285     0.01032428    -0.11142147    -0.13793384     0.01326983     0.00244812   
  12   0.00014159     0.00223076    -0.01419434     0.09438677    -0.02839268     0.12749068   
  13  -0.00075407    -0.01039435     0.13447593     0.19910203    -0.02119396    -0.00639362   
  14   0.00036705     0.00894756    -0.14559763    -0.24853717     0.02809840     0.01011054   
  15  -0.00000243    -0.00324083     0.02090797    -0.11847677     0.03221663    -0.09689915   
  16   0.00031940     0.00535579    -0.02727103     0.13982423    -0.03674187     0.10071547   
  17  -0.00069254    -0.00735123     0.03179814    -0.14910402     0.03777509    -0.09199407   
  18   0.00086941     0.00822675    -0.03325347     0.14917500    -0.03686035     0.08073993   
  19   0.07618616     0.28757647     0.02856022    -0.00048929    -0.02379082    -0.09423319   
  20  -0.00068365    -0.00727052     0.03135051    -0.14835391     0.03754937    -0.09141660   
  21   0.00031146     0.00528291    -0.02689162     0.13893847    -0.03649203     0.10007263   
  22   0.00746771     0.02039054     0.04102921    -0.00515407     0.01959025    -0.06536457   
  23   0.00036942     0.01369823     0.08289237    -0.08058680    -0.19342424     0.10621859   
  24  -0.00257539    -0.01984520    -0.09741932     0.08553249     0.19694032    -0.09307204   
  25   0.00514429     0.02530952     0.10345658    -0.08059684    -0.17495613     0.06121195   
  26  -0.00640075    -0.02754389    -0.10258502     0.07259844     0.14790050    -0.02889349   
  27   0.00515899     0.02537108     0.10433998    -0.08119345    -0.17598306     0.06162809   
  28  -0.00259370    -0.01995152    -0.09832173     0.08620461     0.19827045    -0.09365911   
  29  -0.03739794    -0.16320471     0.02384041    -0.01287077     0.15508800     0.14347592   
  30   0.03312355     0.16058710    -0.03682454     0.01507216    -0.17009198    -0.13454761   
  31  -0.01669795    -0.12215409     0.05027177    -0.01609339     0.16893581     0.10373336   
  32  -0.00392211     0.06626273    -0.06178166     0.01685006    -0.16705626    -0.07438020   
  33   0.07331084     0.23695369     0.05951399    -0.01544680     0.16985823     0.16868664   
  34  -0.01633422    -0.12067310     0.04977519    -0.01588950     0.16779881     0.10292478   
  35   0.03270255     0.15875569    -0.03622373     0.01485092    -0.16835363    -0.13338611   
  36   0.00207160     0.02946620    -0.21640822     0.05822542    -0.03884169     0.08424292   
  37  -0.00408583    -0.04069044     0.25751742    -0.08906851     0.04652044    -0.08501563   
  38   0.00459298     0.04244045    -0.25619783     0.10056262    -0.04733108     0.07895174   
  39  -0.00410436    -0.04087613     0.25874164    -0.08927994     0.04670208    -0.08538564   
  40   0.00208539     0.02962159    -0.21751298     0.05827255    -0.03898509     0.08457208   
  41   0.00073511    -0.01417490     0.16561958    -0.02597987     0.03146144    -0.08725218   
  42   0.00093030     0.00912374     0.06387449    -0.07927906    -0.21860011     0.20426953   
  43  -0.00001180    -0.00539537    -0.04996123     0.06910133     0.19718296    -0.19788708   
  44   0.00093163     0.00913421     0.06391514    -0.07933862    -0.21877861     0.20443860   
  45  -0.36804924     0.09748172     0.01065801    -0.00162500     0.01411952     0.00656458   
  46  -0.00150984    -0.01145576    -0.07319587     0.08684084     0.23569316    -0.21249778   
  47   0.00170820     0.01225407     0.07652155    -0.08962585    -0.24209203     0.21583265   
  48  -0.00150698    -0.01143902    -0.07313105     0.08676058     0.23546592    -0.21230277   
  49  -0.36721865     0.09772281     0.01062245    -0.00160132     0.01380142     0.00611375   
  50   0.32691809    -0.12142126    -0.01473307     0.00234402    -0.02060280    -0.00961562   
  51  -0.44321809     0.09860345     0.01015686    -0.00149192     0.01274913     0.00553831   
  52   0.42118255    -0.09730671    -0.01010152     0.00148707    -0.01270674    -0.00549176   
  53  -0.00008479    -0.00173646     0.01212635    -0.08439565     0.02579830    -0.12011557   
  54  -0.05256833    -0.32093947    -0.02836631    -0.00034333     0.03528277     0.10937763   
  55   0.42183761    -0.09716561    -0.01013013     0.00150407    -0.01293149    -0.00580331   
  56   0.00014119     0.00222366    -0.01414962     0.09404868    -0.02829182     0.12703781   
  57  -0.00016086    -0.00239462     0.01488485    -0.09770666     0.02925547    -0.12992637   
  58   0.09228296     0.23251725     0.06815887    -0.01883107     0.21136147     0.21924407   
  59  -0.09127394    -0.25359158    -0.06578176     0.01724739    -0.19022395    -0.18993546   
  60  -0.04704088    -0.25475559    -0.06399432     0.01667662    -0.18371072    -0.18332631   
  61  -0.00008532    -0.00174519     0.01218029    -0.08479020     0.02591569    -0.12063786   
  62  -0.00000464     0.00094451    -0.00896981     0.07019561    -0.02226213     0.11188274   
  63   0.04888476     0.21111945    -0.00419944     0.00985851    -0.14495415    -0.23139760   
  64  -0.00050050    -0.00878740     0.14770312     0.27232995    -0.03209993    -0.01306083   
  65   0.00044075     0.00816879    -0.14030016    -0.26167590     0.03097473     0.01272181   
  66  -0.00026744    -0.00637856     0.11973847     0.23332112    -0.02804515    -0.01191346   
  67  -0.00001497     0.00342204    -0.08786116    -0.19296968     0.02408759     0.01107222   
  68  -0.00026605    -0.00637364     0.11979425     0.23355630    -0.02807814    -0.01193597   
  69   0.00044166     0.00818699    -0.14061840    -0.26226961     0.03104463     0.01275358   
  70   0.03797965     0.09358603     0.05662113    -0.01944533     0.23303974     0.27629975   
  71  -0.07273347    -0.16851944    -0.06255473     0.01889163    -0.21813049    -0.24018665   
  72  -0.09285137    -0.30026023    -0.03497519     0.00162127     0.01549638     0.09971299   
  73   0.09598357     0.28297508     0.04039197    -0.00252145    -0.01146597    -0.11752009   
  74  -0.07958526    -0.25157059    -0.01780613    -0.00355349     0.07544933     0.16642964   
  75  -0.00350439     0.23912375     0.03729567    -0.00650492     0.05877897     0.02870325   
  76   0.00076366     0.01186180    -0.07295271     0.02875264    -0.01256142     0.01706459   
  77   0.00079024     0.01206657    -0.07379785     0.02907697    -0.01278912     0.01724155   
  78  -0.00008533    -0.00239584     0.04035415     0.07013268    -0.00798664    -0.00288482   
  79  -0.00008979    -0.00245842     0.04116489     0.07129881    -0.00810529    -0.00296463   
  80  -0.00007650    -0.00142472     0.00744337    -0.03858578     0.01018815    -0.02833172   
  81  -0.00007356    -0.00139492     0.00728227    -0.03817535     0.01007185    -0.02801960   
  82   0.00062431     0.00529777     0.02673903    -0.02382041    -0.05521447     0.02685262   
  83   0.00063006     0.00533549     0.02709028    -0.02408839    -0.05575267     0.02710263   
  84  -0.00985661    -0.04600075     0.00974193    -0.00414349     0.04710110     0.03830572   
  85  -0.00970757    -0.04536611     0.00952965    -0.00406401     0.04649812     0.03789455   
  86   0.00122014     0.01175933    -0.07316132     0.02588418    -0.01320631     0.02363070   
  87   0.00122937     0.01184884    -0.07373639     0.02601172    -0.01329554     0.02380221   
           82             83             84             85             86             87       
   1   0.09856623     0.00074967    -0.06487926    -0.04026181     0.17470745    -0.18782288   
   2  -0.10248165    -0.00199156     0.05127705     0.06773101    -0.17066378     0.17696147   
   3   0.09900671     0.00092896    -0.06516539    -0.04039475     0.17537513    -0.18850951   
   4  -0.08270253     0.00093527     0.08276159    -0.00420500    -0.18165274     0.20866321   
   5   0.07093136    -0.00307260    -0.11079275     0.04798870     0.22367462    -0.27199738   
   6  -0.08242964     0.00119437     0.08254801    -0.00422002    -0.18124323     0.20823184   
   7   0.06806099    -0.00006128    -0.06190521    -0.05436848     0.03439224     0.09962731   
   8  -0.09018612     0.00004640     0.02557318     0.00683016    -0.19598158    -0.18708899   
   9   0.07353571    -0.00002486    -0.00739199     0.01048835     0.21272390     0.18329286   
  10  -0.03880347    -0.00001243    -0.02156854    -0.03699544    -0.23592268    -0.17802933   
  11   0.00369636     0.00004574     0.05252742     0.06757432     0.29865943     0.20747904   
  12   0.33504697     0.00388564     0.16721635     0.05458199    -0.00666646    -0.01227349   
  13  -0.03920574    -0.00000765    -0.02154454    -0.03727132    -0.23767583    -0.17918953   
  14   0.07410655    -0.00002766    -0.00743658     0.01070580     0.21462045     0.18468883   
  15  -0.14388982     0.00422557     0.29319207     0.14458985    -0.04481794    -0.11119367   
  16   0.13231105    -0.00460422    -0.30382885    -0.14377697     0.04054400     0.09735267   
  17  -0.09660447     0.00474381     0.29428870     0.13207067    -0.03269598    -0.07469060   
  18   0.05965895    -0.00508897    -0.30246266    -0.13093808     0.02952836     0.06519993   
  19   0.04202172     0.12892221    -0.04521763     0.07641683    -0.01170703     0.00732451   
  20  -0.09602800     0.00471772     0.29282583     0.13149181    -0.03241918    -0.07436734   
  21   0.13160106    -0.00457540    -0.30213170    -0.14305226     0.04028650     0.09693350   
  22   0.03284168     0.00370829     0.02193973    -0.09761902     0.06518944    -0.06064594   
  23  -0.01975698    -0.18497011    -0.08960476     0.22562390    -0.07634819     0.06132743   
  24   0.01134247     0.20141078     0.09220486    -0.22184424     0.06792527    -0.05282951   
  25   0.00300933    -0.21205118    -0.09040783     0.20482076    -0.05431529     0.04014918   
  26  -0.01762642     0.23722614     0.09639732    -0.20930161     0.04995670    -0.03548954   
  27   0.00307033    -0.21316122    -0.09097012     0.20596707    -0.05452268     0.04027387   
  28   0.01135047     0.20273051     0.09283697    -0.22323659     0.06826146    -0.05306748   
  29  -0.02700961     0.17213376    -0.09008813     0.21498704    -0.07205780     0.05802472   
  30   0.01953143    -0.19148198     0.09388412    -0.21288646     0.06408224    -0.04989297   
  31  -0.00573902     0.20674621    -0.09350564     0.19830011    -0.05110953     0.03770976   
  32  -0.00811701    -0.24112482     0.10321526    -0.20889944     0.04804785    -0.03398438   
  33  -0.04904473    -0.06751212     0.01968733    -0.02744717     0.00240885    -0.00119687   
  34  -0.00571310     0.20543466    -0.09281391     0.19689383    -0.05080463     0.03750193   
  35   0.01946043    -0.18952342     0.09294556    -0.21093076     0.06361427    -0.04955864   
  36  -0.05043177    -0.00461985    -0.05896762     0.10928961     0.13787244    -0.22421792   
  37   0.08226810     0.00437777     0.02953023    -0.12096829    -0.10205943     0.21489483   
  38  -0.09696697    -0.00402064    -0.00952690     0.12477048     0.07873383    -0.21067248   
  39   0.08257701     0.00439690     0.02965753    -0.12148357    -0.10257313     0.21570989   
  40  -0.05066872    -0.00463923    -0.05909135     0.10978241     0.13847184    -0.22499523   
  41   0.02119412     0.00541299     0.09560620    -0.11477825    -0.19860862     0.28176996   
  42  -0.08688027     0.19396013     0.06291951    -0.11137675     0.01707136    -0.01071381   
  43   0.08782475    -0.21943564    -0.07340318     0.13424956    -0.02247855     0.01452312   
  44  -0.08695642     0.19413805     0.06298253    -0.11148943     0.01708815    -0.01072385   
  45  -0.00065249     0.00369839    -0.00147273     0.00268843    -0.00045257     0.00029112   
  46   0.08828071    -0.18327456    -0.05807953     0.10004958    -0.01398091     0.00842093   
  47  -0.08896318     0.17976190     0.05640646    -0.09599204     0.01277580    -0.00749763   
  48   0.08819865    -0.18311991    -0.05802752     0.09996418    -0.01397245     0.00841730   
  49  -0.00049492     0.00403274    -0.00158166     0.00285945    -0.00047397     0.00030351   
  50   0.00085527    -0.00655813     0.00262205    -0.00482221     0.00081910    -0.00052209   
  51  -0.00044970     0.00330693    -0.00125905     0.00218563    -0.00029373     0.00016342   
  52   0.00042686    -0.00346222     0.00132892    -0.00233929     0.00034450    -0.00020585   
  53  -0.32324439    -0.00403314    -0.17767782    -0.05959901     0.00797583     0.01530150   
  54  -0.04675624    -0.13352142     0.04599133    -0.07615893     0.01087975    -0.00658421   
  55   0.00053468    -0.00323785     0.00125614    -0.00222545     0.00033030    -0.00019761   
  56   0.33385408     0.00387183     0.16662576     0.05439175    -0.00664038    -0.01223250   
  57  -0.33884744    -0.00382818    -0.16320648    -0.05265772     0.00614003     0.01103321   
  58  -0.06550585    -0.09792692     0.02937012    -0.04239895     0.00434734    -0.00238914   
  59   0.05539223     0.07703469    -0.02257863     0.03172855    -0.00295461     0.00154950   
  60   0.05349439     0.07462200    -0.02186762     0.03067743    -0.00276504     0.00139599   
  61  -0.32461109    -0.00404864    -0.17833618    -0.05980947     0.00800351     0.01534469   
  62   0.31508217     0.00443188     0.20172098     0.07005555    -0.01030612    -0.02039575   
  63   0.08521315     0.20330876    -0.06842925     0.11137704    -0.01572356     0.00960846   
  64  -0.10948068     0.00008957     0.07784231     0.07553465     0.17574028     0.09975165   
  65   0.10740553    -0.00008957    -0.07879653    -0.07725750    -0.18723325    -0.10858761   
  66  -0.10293434     0.00009150     0.08274403     0.08326200     0.22016168     0.13267416   
  67   0.10023120    -0.00010119    -0.09439679    -0.09850092    -0.28777698    -0.17935285   
  68  -0.10313376     0.00009190     0.08299255     0.08352972     0.22104694     0.13325380   
  69   0.10765587    -0.00008990    -0.07898358    -0.07743623    -0.18764331    -0.10881857   
  70  -0.08927835    -0.16383946     0.05193766    -0.07951142     0.00948504    -0.00543476   
  71   0.07440096     0.12261064    -0.03776920     0.05608481    -0.00616095     0.00343713   
  72  -0.04732508    -0.16100478     0.05790413    -0.10053562     0.01672144    -0.01081914   
  73   0.05875136     0.22018947    -0.08104732     0.14413810    -0.02550742     0.01682398   
  74  -0.06822410    -0.19740772     0.06940926    -0.11820863     0.01898171    -0.01219215   
  75  -0.00246361     0.02317215    -0.00940347     0.01756437    -0.00303848     0.00191354   
  76  -0.02790962    -0.00026770     0.01728941     0.01276722    -0.04794908     0.05101232   
  77  -0.02822071    -0.00034343     0.01747863     0.01289875    -0.04844534     0.05152706   
  78  -0.02164376     0.00000807     0.00309724    -0.00191940    -0.05779202    -0.05068189   
  79  -0.02197814     0.00000916     0.00315807    -0.00198428    -0.05873571    -0.05143130   
  80  -0.03810145     0.00127228     0.08460504     0.04028094    -0.01151155    -0.02773805   
  81  -0.03772653     0.00125832     0.08375659     0.03990484    -0.01137709    -0.02749718   
  82  -0.00365388    -0.05508644    -0.02544413     0.06164932    -0.01914339     0.01494762   
  83  -0.00366457    -0.05561321    -0.02570070     0.06222344    -0.01928843     0.01505200   
  84  -0.00589073     0.05224535    -0.02589124     0.05916326    -0.01807354     0.01412754   
  85  -0.00586374     0.05157756    -0.02556664     0.05848635    -0.01791217     0.01401258   
  86  -0.02398122    -0.00120374    -0.00710895     0.03388517     0.02687402    -0.05892990   
  87  -0.02414655    -0.00121230    -0.00715164     0.03413586     0.02709260    -0.05932422   

 -----------------------------------------------------------------------------------------------
  Generalised Fock Matrix (MO basis)
 -----------------------------------------------------------------------------------------------
           1              2              3              4              5              6        
   1  -15.65701156    0.00000000    -0.00000000    -0.00000000    -0.00000000    -0.00000000   
   2   0.00000000    -8.33375646    -0.00000000    -0.00000000    -0.00000000     0.00000000   
   3  -0.00000000    -0.00000000    -8.17190028     0.00000000     0.00000000     0.00000000   
   4  -0.00000000    -0.00000000     0.00000000    -8.06839129     0.00000000     0.00000000   
   5  -0.00000000    -0.00000000     0.00000000     0.00000000    -8.01621270    -0.00000000   
   6  -0.00000000     0.00000000     0.00000000     0.00000000    -0.00000000    -7.93203918   
   7   0.00000000     0.00000000     0.00000000     0.00000000    -0.00000000    -0.00000000   
   8  -0.00000000    -0.00000000    -0.00000000     0.00000000    -0.00000000     0.00000000   
   9  -0.00000000     0.00000000     0.00000000     0.00000000     0.00000000    -0.00000000   
  10  -0.00000000    -0.00000000     0.00000000     0.00000000     0.00000000     0.00000000   
  11  -0.00000000    -0.00000000     0.00000000     0.00000000    -0.00000000    -0.00000000   
  12  -0.00000000     0.00000000     0.00000000    -0.00000000    -0.00000000     0.00000000   
  13  -0.00000000    -0.00000000    -0.00000000     0.00000000    -0.00000000     0.00000000   
  14  -0.00000000    -0.00000000    -0.00000000     0.00000000    -0.00000000    -0.00000000   
  15  -0.00000000    -0.00000000    -0.00000000     0.00000000    -0.00000000     0.00000000   
  16  -0.00000000    -0.00000000     0.00000000    -0.00000000    -0.00000000    -0.00000000   
  17  -0.00000000    -0.00000000     0.00000000     0.00000000    -0.00000000     0.00000000   
  18  -0.00000000     0.00000000     0.00000000     0.00000000    -0.00000000     0.00000000   
  19   0.00000000     0.00000000     0.00000000    -0.00000000     0.00000000     0.00000000   
  20   0.00000000    -0.00000000     0.00000000    -0.00000000    -0.00000000     0.00000000   
  21  -0.00000000     0.00000000    -0.00000000    -0.00000000    -0.00000000     0.00000000   
  22  -0.00000000    -0.00000000    -0.00000000     0.00000000    -0.00000000     0.00000000   
  23  -0.00000000     0.00000000    -0.00000000     0.00000000     0.00000000     0.00000000   
  24   0.00000000    -0.00000000    -0.00000000     0.00000000    -0.00000000    -0.00000000   
  25   0.00000000     0.00000000     0.00000000    -0.00000000    -0.00000000     0.00000000   
  26   0.00000000     0.00000000    -0.00000000    -0.00000000    -0.00000000    -0.00000000   
  27  -0.00000000     0.00000000    -0.00000000    -0.00000000    -0.00000000    -0.00000000   
  28  -0.00000000    -0.00000000    -0.00000000     0.00000000     0.00000000     0.00000000   
  29  -0.00000000     0.00000000     0.00000000     0.00000000     0.00000000     0.00000000   
  30   0.00000000     0.00000000    -0.00000000    -0.00000000    -0.00000000     0.00000000   
  31  -0.00000000    -0.00000000    -0.00000000    -0.00000000    -0.00000000    -0.00000000   
  32   0.00000000     0.00000000     0.00000000    -0.00000000     0.00000000     0.00000000   
  33   0.00000000     0.00000000     0.00000000    -0.00000000    -0.00000000     0.00000000   
  34  -0.00000000    -0.00000000    -0.00000000    -0.00000000     0.00000000    -0.00000000   
  35  -0.00000000     0.00000000    -0.00000000    -0.00000000     0.00000000     0.00000000   
  36  -0.00000000     0.00000000    -0.00000000    -0.00000000     0.00000000     0.00000000   
  37   0.00000000    -0.00000000    -0.00000000     0.00000000     0.00000000    -0.00000000   
  38  -0.00000000    -0.00000000     0.00000000     0.00000000     0.00000000    -0.00000000   
  39   0.00000000    -0.00000000    -0.00000000    -0.00000000     0.00000000    -0.00000000   
  40  -0.00000000     0.00000000    -0.00000000    -0.00000000     0.00000000     0.00000000   
  41  -0.00000000    -0.00000000    -0.00000000     0.00000000     0.00000000     0.00000000   
  42   0.00000000     0.00000000     0.00000000     0.00000000    -0.00000000    -0.00000000   
  43  -0.00000000     0.00000000    -0.00000000    -0.00000000    -0.00000000     0.00000000   
  44  -0.00000000    -0.00000000    -0.00000000     0.00000000     0.00000000    -0.00000000   
  45   0.00000000    -0.00000000    -0.00000000     0.00000000    -0.00000000    -0.00000000   
  46  -0.00000000    -0.00000000     0.00000000    -0.00000000    -0.00000000    -0.00000000   
  47   0.00000000    -0.00000000    -0.00000000     0.00000000    -0.00000000     0.00000000   
  48  -0.00000000     0.00000000    -0.00000000     0.00000000     0.00000000    -0.00000000   
  49   0.00000000    -0.00000000     0.00000000     0.00000000     0.00000000    -0.00000000   
  50  -0.00084416     0.36672029    -0.07073696    -0.15257302     0.11408994    -0.02798150   
  51   0.00059766    -0.03144271     0.36931770    -0.22502234     0.00263775     0.05745769   
  52  -0.00000009     0.00000001    -0.00000000    -0.00000003    -0.00000000    -0.00000001   
  53  -0.00000003     0.00000001    -0.00000006     0.00000001     0.00000002    -0.00000003   
  54   0.00000004     0.00000001    -0.00000002    -0.00000001    -0.00000001    -0.00000001   
  55  -0.00000001    -0.00000003    -0.00000004    -0.00000002     0.00000002     0.00000000   
  56  -0.00000001     0.00000001    -0.00000001    -0.00000001    -0.00000000     0.00000000   
  57  -0.00000000     0.00000002     0.00000001     0.00000001    -0.00000000    -0.00000000   
  58   0.00000004     0.00000002    -0.00000003     0.00000001     0.00000001    -0.00000001   
  59   0.00000003    -0.00000002     0.00000000     0.00000001    -0.00000001    -0.00000001   
  60  -0.00000012     0.00000003    -0.00000003    -0.00000003     0.00000004    -0.00000001   
  61  -0.00000000     0.00000000     0.00000001     0.00000001     0.00000001     0.00000000   
  62   0.00000001    -0.00000000    -0.00000001    -0.00000000     0.00000000     0.00000000   
  63  -0.00000001    -0.00000001     0.00000000     0.00000001    -0.00000000    -0.00000001   
  64   0.00000001    -0.00000000    -0.00000000     0.00000001     0.00000001    -0.00000001   
  65   0.00000000    -0.00000001    -0.00000000     0.00000001     0.00000001    -0.00000001   
  66   0.00000000     0.00000000     0.00000000    -0.00000001     0.00000003     0.00000002   
  67  -0.00000000    -0.00000001    -0.00000000    -0.00000001     0.00000001    -0.00000000   
  68  -0.00000001    -0.00000001     0.00000001    -0.00000000     0.00000002     0.00000000   
  69  -0.00000000     0.00000001     0.00000001     0.00000001    -0.00000001     0.00000001   
  70  -0.00000002     0.00000003    -0.00000001    -0.00000000    -0.00000000    -0.00000001   
  71   0.00000016    -0.00000003     0.00000002     0.00000003    -0.00000002     0.00000001   
  72  -0.00000015     0.00000004     0.00000000    -0.00000004     0.00000001     0.00000000   
  73  -0.00000011    -0.00000002     0.00000002    -0.00000003    -0.00000001     0.00000000   
  74   0.00000003    -0.00000002    -0.00000003     0.00000001     0.00000001    -0.00000001   
  75   0.00000003     0.00000001    -0.00000002    -0.00000001    -0.00000001     0.00000003   
  76  -0.00000003    -0.00000002     0.00000001     0.00000002     0.00000002     0.00000002   
  77  -0.00000017     0.00000003    -0.00000001    -0.00000004    -0.00000001     0.00000001   
  78  -0.00000003    -0.00000000    -0.00000001    -0.00000001     0.00000001     0.00000000   
  79   0.00000001     0.00000001    -0.00000001     0.00000001    -0.00000002     0.00000001   
  80  -0.00000005     0.00000001    -0.00000000    -0.00000000     0.00000001    -0.00000001   
  81  -0.00000002    -0.00000001     0.00000003     0.00000000     0.00000002     0.00000002   
  82  -0.00000000    -0.00000002    -0.00000002    -0.00000000     0.00000001    -0.00000002   
  83  -0.00000002    -0.00000000     0.00000001     0.00000001     0.00000003     0.00000000   
  84   0.00000001     0.00000002    -0.00000000     0.00000000    -0.00000001     0.00000001   
  85  -0.00000000    -0.00000002     0.00000004     0.00000001     0.00000001     0.00000000   
  86  -0.00000000     0.00000000    -0.00000002    -0.00000002     0.00000001    -0.00000000   
  87  -0.00000000    -0.00000001     0.00000002     0.00000000     0.00000001    -0.00000002   
           7              8              9              10             11             12       
   1   0.00000000    -0.00000000    -0.00000000     0.00000000    -0.00000000    -0.00000000   
   2   0.00000000    -0.00000000     0.00000000    -0.00000000    -0.00000000     0.00000000   
   3   0.00000000    -0.00000000     0.00000000     0.00000000     0.00000000     0.00000000   
   4   0.00000000     0.00000000     0.00000000     0.00000000     0.00000000    -0.00000000   
   5  -0.00000000    -0.00000000     0.00000000     0.00000000    -0.00000000    -0.00000000   
   6  -0.00000000     0.00000000    -0.00000000    -0.00000000    -0.00000000     0.00000000   
   7  -7.88364548     0.00000000    -0.00000000    -0.00000000    -0.00000000     0.00000000   
   8   0.00000000    -7.33573509     0.00000000    -0.00000000     0.00000000    -0.00000000   
   9  -0.00000000     0.00000000    -6.57170820     0.00000000     0.00000000     0.00000000   
  10  -0.00000000    -0.00000000     0.00000000    -6.56949005    -0.00000000     0.00000000   
  11  -0.00000000     0.00000000     0.00000000    -0.00000000    -6.50564187     0.00000000   
  12   0.00000000    -0.00000000     0.00000000     0.00000000     0.00000000    -6.50336785   
  13  -0.00000000    -0.00000000    -0.00000000     0.00000000     0.00000000    -0.00000000   
  14   0.00000000    -0.00000000    -0.00000000     0.00000000    -0.00000000    -0.00000000   
  15  -0.00000000     0.00000000     0.00000000    -0.00000000    -0.00000000     0.00000000   
  16  -0.00000000    -0.00000000    -0.00000000    -0.00000000     0.00000000     0.00000000   
  17   0.00000000    -0.00000000     0.00000000     0.00000000    -0.00000000    -0.00000000   
  18  -0.00000000    -0.00000000     0.00000000    -0.00000000    -0.00000000    -0.00000000   
  19  -0.00000000    -0.00000000    -0.00000000    -0.00000000     0.00000000    -0.00000000   
  20   0.00000000     0.00000000    -0.00000000     0.00000000     0.00000000    -0.00000000   
  21   0.00000000     0.00000000    -0.00000000    -0.00000000     0.00000000     0.00000000   
  22  -0.00000000     0.00000000    -0.00000000    -0.00000000    -0.00000000     0.00000000   
  23   0.00000000     0.00000000     0.00000000    -0.00000000     0.00000000     0.00000000   
  24   0.00000000    -0.00000000    -0.00000000    -0.00000000     0.00000000    -0.00000000   
  25   0.00000000    -0.00000000     0.00000000    -0.00000000    -0.00000000    -0.00000000   
  26   0.00000000    -0.00000000     0.00000000    -0.00000000     0.00000000     0.00000000   
  27   0.00000000    -0.00000000     0.00000000    -0.00000000     0.00000000     0.00000000   
  28   0.00000000    -0.00000000     0.00000000     0.00000000     0.00000000    -0.00000000   
  29  -0.00000000     0.00000000     0.00000000     0.00000000     0.00000000    -0.00000000   
  30  -0.00000000    -0.00000000    -0.00000000    -0.00000000    -0.00000000    -0.00000000   
  31  -0.00000000    -0.00000000    -0.00000000    -0.00000000    -0.00000000     0.00000000   
  32   0.00000000    -0.00000000     0.00000000     0.00000000     0.00000000     0.00000000   
  33  -0.00000000    -0.00000000    -0.00000000     0.00000000    -0.00000000    -0.00000000   
  34   0.00000000    -0.00000000    -0.00000000    -0.00000000     0.00000000     0.00000000   
  35  -0.00000000    -0.00000000    -0.00000000    -0.00000000     0.00000000     0.00000000   
  36  -0.00000000    -0.00000000    -0.00000000     0.00000000    -0.00000000     0.00000000   
  37   0.00000000    -0.00000000     0.00000000     0.00000000     0.00000000     0.00000000   
  38  -0.00000000    -0.00000000     0.00000000     0.00000000     0.00000000     0.00000000   
  39  -0.00000000    -0.00000000     0.00000000    -0.00000000     0.00000000     0.00000000   
  40  -0.00000000    -0.00000000     0.00000000    -0.00000000     0.00000000     0.00000000   
  41   0.00000000     0.00000000     0.00000000     0.00000000     0.00000000    -0.00000000   
  42   0.00000000     0.00000000    -0.00000000     0.00000000     0.00000000     0.00000000   
  43   0.00000000     0.00000000     0.00000000     0.00000000     0.00000000     0.00000000   
  44  -0.00000000    -0.00000000    -0.00000000     0.00000000     0.00000000    -0.00000000   
  45  -0.00000000    -0.00000000    -0.00000000     0.00000000    -0.00000000     0.00000000   
  46  -0.00000000    -0.00000000     0.00000000    -0.00000000    -0.00000000    -0.00000000   
  47  -0.00000000    -0.00000000    -0.00000000    -0.00000000    -0.00000000    -0.00000000   
  48   0.00000000     0.00000000     0.00000000     0.00000000     0.00000000     0.00000000   
  49   0.00000000    -0.00000000     0.00000000     0.00000000    -0.00000000    -0.00000000   
  50  -0.06385286     0.00581347     0.00513168    -0.00027998    -0.00148640     0.00116241   
  51  -0.04256475    -0.00391295    -0.00513372     0.00057435     0.00109930     0.00288623   
  52  -0.00000000    -0.00000004    -0.00000000     0.00000000     0.00000000     0.00000001   
  53  -0.00000001    -0.00000002    -0.00000003     0.00000002    -0.00000001     0.00000002   
  54   0.00000000    -0.00000006    -0.00000002    -0.00000001    -0.00000000     0.00000003   
  55  -0.00000001     0.00000000     0.00000002    -0.00000003     0.00000000     0.00000000   
  56   0.00000000    -0.00000001    -0.00000000     0.00000001     0.00000001     0.00000000   
  57   0.00000001     0.00000000    -0.00000001     0.00000002    -0.00000000    -0.00000002   
  58  -0.00000001    -0.00000000     0.00000001    -0.00000003     0.00000002     0.00000001   
  59   0.00000000     0.00000000     0.00000000    -0.00000001     0.00000001     0.00000001   
  60  -0.00000002    -0.00000000     0.00000002    -0.00000000    -0.00000002     0.00000002   
  61  -0.00000001     0.00000000    -0.00000001    -0.00000000    -0.00000001     0.00000000   
  62   0.00000001    -0.00000000    -0.00000000     0.00000001    -0.00000000    -0.00000000   
  63  -0.00000001     0.00000000     0.00000001    -0.00000000     0.00000000     0.00000000   
  64  -0.00000001     0.00000000     0.00000001     0.00000004    -0.00000000     0.00000001   
  65   0.00000000     0.00000001    -0.00000001    -0.00000000     0.00000000    -0.00000001   
  66  -0.00000000    -0.00000000    -0.00000002     0.00000000    -0.00000002    -0.00000000   
  67  -0.00000000    -0.00000000     0.00000001    -0.00000000    -0.00000000    -0.00000001   
  68  -0.00000002     0.00000000    -0.00000001    -0.00000000     0.00000001    -0.00000001   
  69  -0.00000002    -0.00000000     0.00000001    -0.00000000    -0.00000000     0.00000001   
  70  -0.00000002    -0.00000000     0.00000001     0.00000000     0.00000001     0.00000000   
  71   0.00000001    -0.00000001     0.00000000     0.00000001    -0.00000002    -0.00000002   
  72  -0.00000000     0.00000001    -0.00000000     0.00000000    -0.00000001     0.00000003   
  73   0.00000000    -0.00000000     0.00000000     0.00000000     0.00000001    -0.00000000   
  74   0.00000001    -0.00000000     0.00000004    -0.00000001    -0.00000000     0.00000003   
  75   0.00000002     0.00000001     0.00000004    -0.00000001    -0.00000000    -0.00000000   
  76   0.00000000    -0.00000003    -0.00000000     0.00000000     0.00000000    -0.00000003   
  77  -0.00000001     0.00000002    -0.00000001    -0.00000000     0.00000001     0.00000000   
  78  -0.00000002     0.00000000     0.00000001    -0.00000001    -0.00000000     0.00000001   
  79  -0.00000001    -0.00000000     0.00000000     0.00000000     0.00000000    -0.00000002   
  80   0.00000001    -0.00000001     0.00000001    -0.00000001     0.00000001     0.00000002   
  81  -0.00000001    -0.00000001    -0.00000002     0.00000001     0.00000001    -0.00000001   
  82   0.00000000     0.00000000     0.00000001    -0.00000001    -0.00000000     0.00000001   
  83  -0.00000001     0.00000001     0.00000000    -0.00000001     0.00000002    -0.00000000   
  84   0.00000000    -0.00000000    -0.00000000    -0.00000000     0.00000001     0.00000000   
  85   0.00000001     0.00000001    -0.00000001     0.00000000    -0.00000000    -0.00000001   
  86   0.00000001     0.00000000     0.00000001    -0.00000001    -0.00000000     0.00000001   
  87  -0.00000001    -0.00000000    -0.00000002     0.00000001    -0.00000001     0.00000001   
           13             14             15             16             17             18       
   1  -0.00000000    -0.00000000    -0.00000000    -0.00000000    -0.00000000    -0.00000000   
   2  -0.00000000    -0.00000000    -0.00000000    -0.00000000    -0.00000000     0.00000000   
   3  -0.00000000    -0.00000000    -0.00000000     0.00000000     0.00000000     0.00000000   
   4   0.00000000     0.00000000     0.00000000    -0.00000000     0.00000000     0.00000000   
   5  -0.00000000    -0.00000000    -0.00000000    -0.00000000    -0.00000000    -0.00000000   
   6   0.00000000    -0.00000000     0.00000000    -0.00000000     0.00000000     0.00000000   
   7  -0.00000000     0.00000000    -0.00000000    -0.00000000     0.00000000    -0.00000000   
   8  -0.00000000    -0.00000000     0.00000000    -0.00000000    -0.00000000    -0.00000000   
   9  -0.00000000    -0.00000000     0.00000000    -0.00000000     0.00000000     0.00000000   
  10   0.00000000     0.00000000    -0.00000000    -0.00000000     0.00000000    -0.00000000   
  11   0.00000000    -0.00000000    -0.00000000     0.00000000    -0.00000000    -0.00000000   
  12  -0.00000000    -0.00000000     0.00000000     0.00000000    -0.00000000    -0.00000000   
  13  -6.41639164     0.00000000    -0.00000000    -0.00000000     0.00000000     0.00000000   
  14   0.00000000    -6.37411190     0.00000000    -0.00000000     0.00000000     0.00000000   
  15  -0.00000000     0.00000000    -5.94153319     0.00000000     0.00000000     0.00000000   
  16  -0.00000000    -0.00000000     0.00000000    -5.90943395     0.00000000     0.00000000   
  17   0.00000000     0.00000000     0.00000000     0.00000000    -5.71368069     0.00000000   
  18   0.00000000     0.00000000     0.00000000     0.00000000     0.00000000    -5.64482703   
  19   0.00000000    -0.00000000     0.00000000     0.00000000    -0.00000000     0.00000000   
  20   0.00000000     0.00000000     0.00000000    -0.00000000    -0.00000000    -0.00000000   
  21  -0.00000000    -0.00000000    -0.00000000    -0.00000000    -0.00000000    -0.00000000   
  22  -0.00000000    -0.00000000     0.00000000    -0.00000000    -0.00000000     0.00000000   
  23   0.00000000    -0.00000000    -0.00000000     0.00000000     0.00000000    -0.00000000   
  24  -0.00000000    -0.00000000    -0.00000000    -0.00000000    -0.00000000     0.00000000   
  25  -0.00000000    -0.00000000    -0.00000000     0.00000000    -0.00000000     0.00000000   
  26   0.00000000     0.00000000    -0.00000000     0.00000000    -0.00000000     0.00000000   
  27   0.00000000     0.00000000    -0.00000000     0.00000000    -0.00000000     0.00000000   
  28   0.00000000     0.00000000    -0.00000000    -0.00000000     0.00000000    -0.00000000   
  29   0.00000000    -0.00000000     0.00000000    -0.00000000     0.00000000     0.00000000   
  30   0.00000000     0.00000000     0.00000000     0.00000000     0.00000000    -0.00000000   
  31   0.00000000     0.00000000     0.00000000    -0.00000000     0.00000000    -0.00000000   
  32   0.00000000     0.00000000    -0.00000000    -0.00000000     0.00000000    -0.00000000   
  33  -0.00000000    -0.00000000    -0.00000000     0.00000000     0.00000000    -0.00000000   
  34   0.00000000     0.00000000    -0.00000000    -0.00000000    -0.00000000    -0.00000000   
  35  -0.00000000     0.00000000    -0.00000000    -0.00000000    -0.00000000    -0.00000000   
  36  -0.00000000     0.00000000    -0.00000000    -0.00000000     0.00000000    -0.00000000   
  37   0.00000000     0.00000000     0.00000000     0.00000000     0.00000000     0.00000000   
  38   0.00000000     0.00000000     0.00000000     0.00000000     0.00000000     0.00000000   
  39   0.00000000     0.00000000     0.00000000     0.00000000     0.00000000    -0.00000000   
  40   0.00000000     0.00000000     0.00000000    -0.00000000     0.00000000     0.00000000   
  41   0.00000000     0.00000000     0.00000000     0.00000000     0.00000000    -0.00000000   
  42  -0.00000000    -0.00000000    -0.00000000     0.00000000     0.00000000     0.00000000   
  43  -0.00000000     0.00000000     0.00000000     0.00000000    -0.00000000     0.00000000   
  44  -0.00000000     0.00000000    -0.00000000     0.00000000     0.00000000    -0.00000000   
  45   0.00000000     0.00000000     0.00000000    -0.00000000    -0.00000000     0.00000000   
  46  -0.00000000    -0.00000000    -0.00000000     0.00000000     0.00000000    -0.00000000   
  47  -0.00000000    -0.00000000     0.00000000    -0.00000000    -0.00000000    -0.00000000   
  48  -0.00000000     0.00000000     0.00000000     0.00000000    -0.00000000     0.00000000   
  49  -0.00000000    -0.00000000    -0.00000000    -0.00000000    -0.00000000     0.00000000   
  50  -0.00412055    -0.00311575     0.03681311    -0.02581095     0.02046889    -0.01347635   
  51  -0.00581628    -0.00442334     0.05157825     0.01805547    -0.01431332     0.00942409   
  52   0.00000001     0.00000002     0.00000001     0.00000002    -0.00000001     0.00000005   
  53   0.00000002     0.00000003     0.00000000    -0.00000006     0.00000001     0.00000004   
  54  -0.00000001     0.00000001     0.00000000    -0.00000005    -0.00000001    -0.00000002   
  55  -0.00000000     0.00000002     0.00000002     0.00000000    -0.00000000     0.00000002   
  56   0.00000000     0.00000001     0.00000000    -0.00000001     0.00000001    -0.00000000   
  57  -0.00000000    -0.00000002     0.00000003    -0.00000001     0.00000000    -0.00000001   
  58  -0.00000001    -0.00000001    -0.00000000    -0.00000002     0.00000004    -0.00000003   
  59  -0.00000000     0.00000003    -0.00000001    -0.00000004     0.00000000    -0.00000003   
  60   0.00000001     0.00000001     0.00000001     0.00000007    -0.00000000     0.00000012   
  61   0.00000000     0.00000001    -0.00000000     0.00000001    -0.00000002     0.00000000   
  62  -0.00000001    -0.00000000     0.00000000     0.00000002     0.00000000     0.00000001   
  63  -0.00000001    -0.00000000    -0.00000000    -0.00000001    -0.00000001     0.00000000   
  64   0.00000000     0.00000001     0.00000000    -0.00000001    -0.00000000    -0.00000001   
  65   0.00000001    -0.00000000    -0.00000000     0.00000000    -0.00000000     0.00000000   
  66   0.00000000    -0.00000001     0.00000000     0.00000000     0.00000001    -0.00000000   
  67  -0.00000000    -0.00000000     0.00000000    -0.00000000    -0.00000000    -0.00000000   
  68   0.00000004     0.00000008    -0.00000000     0.00000000     0.00000000     0.00000001   
  69  -0.00000008     0.00000003    -0.00000000     0.00000001    -0.00000001     0.00000000   
  70  -0.00000001    -0.00000003     0.00000000     0.00000000    -0.00000001     0.00000001   
  71  -0.00000001    -0.00000003    -0.00000001     0.00000001     0.00000002    -0.00000011   
  72   0.00000000    -0.00000002     0.00000002    -0.00000006    -0.00000002     0.00000007   
  73   0.00000002    -0.00000000     0.00000002    -0.00000000     0.00000000     0.00000008   
  74  -0.00000000     0.00000002     0.00000000     0.00000003     0.00000002     0.00000000   
  75  -0.00000001    -0.00000006    -0.00000001     0.00000001     0.00000000    -0.00000002   
  76  -0.00000000    -0.00000000    -0.00000000    -0.00000003     0.00000001     0.00000003   
  77   0.00000001     0.00000002     0.00000002    -0.00000007    -0.00000002     0.00000008   
  78   0.00000000     0.00000000    -0.00000001    -0.00000000    -0.00000000     0.00000003   
  79  -0.00000002    -0.00000000    -0.00000001     0.00000000    -0.00000000    -0.00000001   
  80  -0.00000000     0.00000001     0.00000002     0.00000002    -0.00000001     0.00000007   
  81  -0.00000000     0.00000001     0.00000001     0.00000002     0.00000001     0.00000007   
  82   0.00000001     0.00000002     0.00000001    -0.00000000    -0.00000000    -0.00000001   
  83   0.00000001     0.00000001    -0.00000000    -0.00000002     0.00000001    -0.00000004   
  84  -0.00000001    -0.00000004    -0.00000000     0.00000000    -0.00000001    -0.00000000   
  85   0.00000000    -0.00000000     0.00000000    -0.00000001    -0.00000000    -0.00000002   
  86   0.00000001     0.00000001     0.00000001     0.00000001     0.00000001     0.00000001   
  87   0.00000001     0.00000004     0.00000001    -0.00000000    -0.00000000     0.00000000   
           19             20             21             22             23             24       
   1   0.00000000     0.00000000    -0.00000000    -0.00000000    -0.00000000     0.00000000   
   2   0.00000000     0.00000000     0.00000000    -0.00000000     0.00000000    -0.00000000   
   3   0.00000000     0.00000000    -0.00000000    -0.00000000    -0.00000000    -0.00000000   
   4  -0.00000000    -0.00000000    -0.00000000     0.00000000     0.00000000     0.00000000   
   5   0.00000000    -0.00000000    -0.00000000    -0.00000000     0.00000000    -0.00000000   
   6   0.00000000     0.00000000     0.00000000     0.00000000     0.00000000    -0.00000000   
   7  -0.00000000     0.00000000     0.00000000    -0.00000000     0.00000000     0.00000000   
   8  -0.00000000     0.00000000     0.00000000     0.00000000     0.00000000    -0.00000000   
   9  -0.00000000    -0.00000000    -0.00000000    -0.00000000     0.00000000    -0.00000000   
  10  -0.00000000     0.00000000    -0.00000000    -0.00000000    -0.00000000    -0.00000000   
  11   0.00000000     0.00000000     0.00000000    -0.00000000     0.00000000     0.00000000   
  12  -0.00000000    -0.00000000     0.00000000     0.00000000     0.00000000    -0.00000000   
  13   0.00000000     0.00000000    -0.00000000    -0.00000000     0.00000000    -0.00000000   
  14  -0.00000000     0.00000000    -0.00000000    -0.00000000    -0.00000000    -0.00000000   
  15   0.00000000     0.00000000    -0.00000000     0.00000000    -0.00000000    -0.00000000   
  16   0.00000000    -0.00000000    -0.00000000    -0.00000000     0.00000000    -0.00000000   
  17  -0.00000000    -0.00000000    -0.00000000    -0.00000000     0.00000000    -0.00000000   
  18   0.00000000    -0.00000000    -0.00000000     0.00000000    -0.00000000     0.00000000   
  19  -5.61532157     0.00000000     0.00000000    -0.00000000    -0.00000000     0.00000000   
  20   0.00000000    -4.49206629    -0.00000000    -0.00000000     0.00000000    -0.00000000   
  21   0.00000000    -0.00000000    -3.45285124     0.00000000    -0.00000000    -0.00000000   
  22  -0.00000000    -0.00000000     0.00000000    -3.37548427    -0.00000000    -0.00000000   
  23  -0.00000000     0.00000000    -0.00000000    -0.00000000    -3.28134495    -0.00000000   
  24   0.00000000    -0.00000000    -0.00000000    -0.00000000    -0.00000000    -3.14912288   
  25  -0.00000000     0.00000000     0.00000000     0.00000000    -0.00000000     0.00000000   
  26   0.00000000    -0.00000000     0.00000000    -0.00000000    -0.00000000    -0.00000000   
  27   0.00000000     0.00000000     0.00000000     0.00000000    -0.00000000    -0.00000000   
  28  -0.00000000    -0.00000000    -0.00000000     0.00000000    -0.00000000    -0.00000000   
  29  -0.00000000     0.00000000    -0.00000000     0.00000000    -0.00000000     0.00000000   
  30  -0.00000000    -0.00000000     0.00000000     0.00000000    -0.00000000     0.00000000   
  31  -0.00000000    -0.00000000    -0.00000000     0.00000000    -0.00000000     0.00000000   
  32   0.00000000     0.00000000    -0.00000000     0.00000000    -0.00000000    -0.00000000   
  33  -0.00000000     0.00000000     0.00000000    -0.00000000     0.00000000     0.00000000   
  34   0.00000000    -0.00000000     0.00000000     0.00000000    -0.00000000    -0.00000000   
  35  -0.00000000    -0.00000000     0.00000000    -0.00000000    -0.00000000     0.00000000   
  36  -0.00000000    -0.00000000     0.00000000     0.00000000     0.00000000    -0.00000000   
  37  -0.00000000     0.00000000    -0.00000000     0.00000000    -0.00000000    -0.00000000   
  38   0.00000000    -0.00000000    -0.00000000     0.00000000    -0.00000000     0.00000000   
  39   0.00000000    -0.00000000    -0.00000000     0.00000000    -0.00000000     0.00000000   
  40   0.00000000     0.00000000     0.00000000     0.00000000    -0.00000000     0.00000000   
  41  -0.00000000    -0.00000000    -0.00000000     0.00000000    -0.00000000    -0.00000000   
  42   0.00000000     0.00000000    -0.00000000     0.00000000    -0.00000000     0.00000000   
  43  -0.00000000    -0.00000000    -0.00000000    -0.00000000    -0.00000000     0.00000000   
  44  -0.00000000    -0.00000000    -0.00000000    -0.00000000     0.00000000     0.00000000   
  45   0.00000000     0.00000000     0.00000000     0.00000000    -0.00000000     0.00000000   
  46   0.00000000    -0.00000000    -0.00000000    -0.00000000    -0.00000000    -0.00000000   
  47  -0.00000000     0.00000000     0.00000000     0.00000000    -0.00000000     0.00000000   
  48  -0.00000000     0.00000000    -0.00000000     0.00000000    -0.00000000     0.00000000   
  49  -0.00000000    -0.00000000     0.00000000    -0.00000000     0.00000000    -0.00000000   
  50  -0.01087689    -0.08450803    -0.06810351    -0.04019071     0.09073342    -0.06693096   
  51  -0.01526948    -0.01244658     0.04920506    -0.05884760    -0.06667063    -0.10105832   
  52  -0.00000000    -0.00000004     0.00000001    -0.00000001    -0.00000003     0.00000000   
  53  -0.00000002    -0.00000001     0.00000007    -0.00000000     0.00000002     0.00000003   
  54  -0.00000000     0.00000001     0.00000002    -0.00000000     0.00000001     0.00000002   
  55  -0.00000001     0.00000002     0.00000006     0.00000002    -0.00000000     0.00000002   
  56  -0.00000000     0.00000000     0.00000001     0.00000000     0.00000001     0.00000000   
  57   0.00000001    -0.00000002    -0.00000004     0.00000001     0.00000001    -0.00000002   
  58  -0.00000001     0.00000000    -0.00000002     0.00000000    -0.00000003     0.00000001   
  59   0.00000004     0.00000004    -0.00000003     0.00000000     0.00000002    -0.00000005   
  60   0.00000001    -0.00000002     0.00000010    -0.00000002    -0.00000002    -0.00000001   
  61  -0.00000000     0.00000001    -0.00000001     0.00000000     0.00000000    -0.00000000   
  62  -0.00000000     0.00000002     0.00000001     0.00000001    -0.00000000     0.00000001   
  63  -0.00000001     0.00000000    -0.00000001    -0.00000001    -0.00000000     0.00000001   
  64   0.00000000    -0.00000001     0.00000003     0.00000001     0.00000001     0.00000001   
  65   0.00000000    -0.00000001    -0.00000001    -0.00000001     0.00000001    -0.00000001   
  66   0.00000000     0.00000003     0.00000000     0.00000000    -0.00000003    -0.00000000   
  67   0.00000000    -0.00000006    -0.00000000    -0.00000001     0.00000001    -0.00000002   
  68   0.00000001     0.00000001     0.00000000    -0.00000001     0.00000001    -0.00000001   
  69  -0.00000000     0.00000002    -0.00000002    -0.00000001     0.00000001    -0.00000002   
  70   0.00000000    -0.00000000    -0.00000001     0.00000000    -0.00000004     0.00000003   
  71   0.00000000     0.00000000    -0.00000004     0.00000001     0.00000004     0.00000002   
  72   0.00000000    -0.00000001    -0.00000004    -0.00000001     0.00000003    -0.00000001   
  73  -0.00000001    -0.00000001    -0.00000001    -0.00000002     0.00000002    -0.00000000   
  74   0.00000000     0.00000001     0.00000008    -0.00000001    -0.00000005    -0.00000001   
  75  -0.00000000    -0.00000006     0.00000007     0.00000001    -0.00000006     0.00000003   
  76  -0.00000000     0.00000001     0.00000000     0.00000000    -0.00000000    -0.00000002   
  77  -0.00000000    -0.00000001     0.00000002    -0.00000000     0.00000001    -0.00000002   
  78   0.00000000     0.00000001     0.00000000    -0.00000001     0.00000000    -0.00000001   
  79  -0.00000000    -0.00000002     0.00000000    -0.00000002    -0.00000001     0.00000002   
  80  -0.00000000    -0.00000000     0.00000001     0.00000001     0.00000003    -0.00000000   
  81  -0.00000000     0.00000001    -0.00000002     0.00000002     0.00000003    -0.00000001   
  82  -0.00000001     0.00000001     0.00000002    -0.00000000    -0.00000001     0.00000002   
  83   0.00000000    -0.00000002    -0.00000001     0.00000000     0.00000002    -0.00000001   
  84   0.00000000    -0.00000001    -0.00000000    -0.00000000     0.00000000    -0.00000003   
  85  -0.00000000    -0.00000002    -0.00000003     0.00000001    -0.00000000    -0.00000002   
  86  -0.00000000    -0.00000001     0.00000002     0.00000003    -0.00000001     0.00000000   
  87  -0.00000000     0.00000004    -0.00000004     0.00000001     0.00000002    -0.00000000   
           25             26             27             28             29             30       
   1   0.00000000     0.00000000    -0.00000000    -0.00000000    -0.00000000     0.00000000   
   2   0.00000000     0.00000000     0.00000000    -0.00000000     0.00000000     0.00000000   
   3   0.00000000    -0.00000000    -0.00000000    -0.00000000     0.00000000    -0.00000000   
   4  -0.00000000    -0.00000000    -0.00000000     0.00000000     0.00000000    -0.00000000   
   5  -0.00000000    -0.00000000    -0.00000000     0.00000000     0.00000000    -0.00000000   
   6   0.00000000    -0.00000000    -0.00000000     0.00000000     0.00000000     0.00000000   
   7   0.00000000     0.00000000     0.00000000     0.00000000    -0.00000000    -0.00000000   
   8  -0.00000000    -0.00000000    -0.00000000    -0.00000000     0.00000000    -0.00000000   
   9   0.00000000     0.00000000     0.00000000     0.00000000     0.00000000    -0.00000000   
  10  -0.00000000    -0.00000000    -0.00000000     0.00000000     0.00000000    -0.00000000   
  11  -0.00000000     0.00000000     0.00000000     0.00000000     0.00000000    -0.00000000   
  12  -0.00000000     0.00000000     0.00000000    -0.00000000    -0.00000000    -0.00000000   
  13  -0.00000000     0.00000000     0.00000000     0.00000000     0.00000000     0.00000000   
  14  -0.00000000     0.00000000     0.00000000     0.00000000    -0.00000000     0.00000000   
  15  -0.00000000    -0.00000000    -0.00000000    -0.00000000     0.00000000     0.00000000   
  16   0.00000000     0.00000000     0.00000000    -0.00000000    -0.00000000     0.00000000   
  17  -0.00000000    -0.00000000    -0.00000000     0.00000000     0.00000000     0.00000000   
  18   0.00000000     0.00000000     0.00000000    -0.00000000     0.00000000    -0.00000000   
  19  -0.00000000     0.00000000     0.00000000    -0.00000000    -0.00000000    -0.00000000   
  20   0.00000000    -0.00000000     0.00000000    -0.00000000     0.00000000    -0.00000000   
  21   0.00000000     0.00000000     0.00000000    -0.00000000    -0.00000000     0.00000000   
  22   0.00000000    -0.00000000     0.00000000     0.00000000     0.00000000     0.00000000   
  23  -0.00000000    -0.00000000    -0.00000000    -0.00000000    -0.00000000    -0.00000000   
  24   0.00000000    -0.00000000    -0.00000000    -0.00000000     0.00000000     0.00000000   
  25  -2.60765269     0.00000000    -0.00000000    -0.00000000     0.00000000     0.00000000   
  26   0.00000000    -2.43204824    -0.00000000     0.00000000     0.00000000    -0.00000000   
  27  -0.00000000    -0.00000000    -2.19181704     0.00000000    -0.00000000     0.00000000   
  28  -0.00000000     0.00000000     0.00000000    -1.99270223     0.00000000     0.00000000   
  29   0.00000000     0.00000000    -0.00000000     0.00000000    -1.61183258    -0.00000000   
  30   0.00000000    -0.00000000     0.00000000     0.00000000    -0.00000000    -1.39970838   
  31   0.00000000     0.00000000    -0.00000000     0.00000000     0.00000000    -0.00000000   
  32   0.00000000    -0.00000000     0.00000000     0.00000000     0.00000000     0.00000000   
  33   0.00000000    -0.00000000    -0.00000000     0.00000000     0.00000000    -0.00000000   
  34  -0.00000000     0.00000000     0.00000000     0.00000000    -0.00000000     0.00000000   
  35   0.00000000     0.00000000    -0.00000000    -0.00000000    -0.00000000     0.00000000   
  36  -0.00000000     0.00000000     0.00000000     0.00000000    -0.00000000    -0.00000000   
  37  -0.00000000    -0.00000000    -0.00000000    -0.00000000     0.00000000     0.00000000   
  38  -0.00000000    -0.00000000    -0.00000000     0.00000000     0.00000000     0.00000000   
  39   0.00000000     0.00000000    -0.00000000     0.00000000     0.00000000    -0.00000000   
  40   0.00000000    -0.00000000     0.00000000    -0.00000000    -0.00000000     0.00000000   
  41   0.00000000    -0.00000000    -0.00000000    -0.00000000    -0.00000000    -0.00000000   
  42   0.00000000    -0.00000000    -0.00000000     0.00000000    -0.00000000    -0.00000000   
  43  -0.00000000    -0.00000000    -0.00000000    -0.00000000     0.00000000    -0.00000000   
  44  -0.00000000     0.00000000     0.00000000     0.00000000    -0.00000000     0.00000000   
  45  -0.00000000     0.00000000     0.00000000    -0.00000000    -0.00000000    -0.00000000   
  46  -0.00000000    -0.00000000    -0.00000000    -0.00000000     0.00000000     0.00000000   
  47   0.00000000     0.00000000     0.00000000    -0.00000000     0.00000000     0.00000000   
  48   0.00000000    -0.00000000    -0.00000000     0.00000000    -0.00000000    -0.00000000   
  49  -0.00000000    -0.00000000     0.00000000    -0.00000000     0.00000000     0.00000000   
  50  -0.13049595    -0.07864474    -0.04710034    -0.00082262     1.05683605     0.39708361   
  51   0.39393145     0.00474845     0.01454303     0.00023793     0.07822494     0.65403050   
  52   0.00000005     0.00000013    -0.00000011    -0.00000006     0.00000004     0.00000012   
  53  -0.00000005    -0.00000020     0.00000000     0.00000002     0.00000001    -0.00000008   
  54  -0.00000002    -0.00000012    -0.00000010    -0.00000008    -0.00000005     0.00000003   
  55   0.00000002    -0.00000001    -0.00000002     0.00000001     0.00000002    -0.00000005   
  56   0.00000001     0.00000000     0.00000007     0.00000018     0.00000001     0.00000002   
  57  -0.00000003    -0.00000002     0.00000002     0.00000002    -0.00000002     0.00000005   
  58  -0.00000001    -0.00000004    -0.00000002     0.00000004     0.00000002    -0.00000004   
  59   0.00000001    -0.00000004     0.00000003    -0.00000004    -0.00000003    -0.00000002   
  60   0.00000003     0.00000007     0.00000003     0.00000002     0.00000010     0.00000005   
  61   0.00000000     0.00000002     0.00000000     0.00000002     0.00000001    -0.00000001   
  62   0.00000001    -0.00000000    -0.00000004     0.00000002    -0.00000004    -0.00000002   
  63   0.00000001    -0.00000000     0.00000003    -0.00000001    -0.00000004    -0.00000001   
  64  -0.00000001     0.00000001     0.00000001    -0.00000000    -0.00000000    -0.00000000   
  65  -0.00000001     0.00000002     0.00000001     0.00000000     0.00000003     0.00000003   
  66  -0.00000002    -0.00000001    -0.00000002    -0.00000000     0.00000003     0.00000000   
  67   0.00000001    -0.00000000     0.00000001    -0.00000001     0.00000012     0.00000005   
  68   0.00000001     0.00000000     0.00000001    -0.00000002    -0.00000001    -0.00000002   
  69   0.00000002    -0.00000001     0.00000000     0.00000003     0.00000003     0.00000004   
  70  -0.00000002    -0.00000001    -0.00000001     0.00000002    -0.00000000    -0.00000001   
  71  -0.00000004     0.00000005    -0.00000002    -0.00000001    -0.00000011    -0.00000006   
  72  -0.00000001    -0.00000010    -0.00000001     0.00000002     0.00000003     0.00000013   
  73   0.00000001    -0.00000010    -0.00000001    -0.00000002     0.00000005    -0.00000003   
  74   0.00000004     0.00000008     0.00000005    -0.00000004    -0.00000005    -0.00000002   
  75  -0.00000001     0.00000004    -0.00000000     0.00000003    -0.00000009     0.00000000   
  76   0.00000002    -0.00000001    -0.00000005     0.00000000    -0.00000002    -0.00000004   
  77   0.00000003    -0.00000002     0.00000001    -0.00000001     0.00000019     0.00000000   
  78   0.00000001     0.00000001     0.00000002     0.00000000     0.00000005     0.00000001   
  79  -0.00000000     0.00000000    -0.00000001     0.00000001    -0.00000001     0.00000000   
  80   0.00000000    -0.00000001     0.00000001     0.00000000     0.00000005     0.00000005   
  81   0.00000001    -0.00000002     0.00000001    -0.00000002     0.00000005     0.00000003   
  82   0.00000002     0.00000000    -0.00000000    -0.00000001    -0.00000000    -0.00000001   
  83  -0.00000001     0.00000004    -0.00000000     0.00000000     0.00000002    -0.00000001   
  84  -0.00000001     0.00000000     0.00000002     0.00000002    -0.00000001     0.00000000   
  85  -0.00000003     0.00000002    -0.00000004     0.00000002     0.00000001     0.00000001   
  86   0.00000001    -0.00000000    -0.00000000     0.00000000     0.00000000    -0.00000001   
  87   0.00000002    -0.00000001     0.00000002    -0.00000003     0.00000003    -0.00000000   
           31             32             33             34             35             36       
   1  -0.00000000     0.00000000     0.00000000    -0.00000000    -0.00000000    -0.00000000   
   2  -0.00000000     0.00000000     0.00000000    -0.00000000     0.00000000     0.00000000   
   3  -0.00000000     0.00000000     0.00000000    -0.00000000    -0.00000000    -0.00000000   
   4  -0.00000000    -0.00000000    -0.00000000    -0.00000000    -0.00000000    -0.00000000   
   5  -0.00000000     0.00000000    -0.00000000     0.00000000     0.00000000     0.00000000   
   6  -0.00000000    -0.00000000     0.00000000    -0.00000000     0.00000000     0.00000000   
   7  -0.00000000     0.00000000    -0.00000000     0.00000000    -0.00000000    -0.00000000   
   8  -0.00000000    -0.00000000    -0.00000000    -0.00000000    -0.00000000    -0.00000000   
   9  -0.00000000     0.00000000    -0.00000000    -0.00000000    -0.00000000    -0.00000000   
  10  -0.00000000     0.00000000     0.00000000    -0.00000000    -0.00000000     0.00000000   
  11  -0.00000000     0.00000000    -0.00000000     0.00000000     0.00000000    -0.00000000   
  12   0.00000000     0.00000000    -0.00000000     0.00000000     0.00000000     0.00000000   
  13   0.00000000     0.00000000    -0.00000000     0.00000000    -0.00000000    -0.00000000   
  14   0.00000000     0.00000000    -0.00000000     0.00000000     0.00000000     0.00000000   
  15   0.00000000    -0.00000000    -0.00000000    -0.00000000    -0.00000000    -0.00000000   
  16  -0.00000000    -0.00000000     0.00000000    -0.00000000    -0.00000000    -0.00000000   
  17   0.00000000     0.00000000     0.00000000     0.00000000    -0.00000000     0.00000000   
  18  -0.00000000    -0.00000000    -0.00000000    -0.00000000    -0.00000000    -0.00000000   
  19  -0.00000000     0.00000000    -0.00000000     0.00000000    -0.00000000    -0.00000000   
  20  -0.00000000     0.00000000     0.00000000    -0.00000000    -0.00000000    -0.00000000   
  21  -0.00000000    -0.00000000     0.00000000     0.00000000     0.00000000     0.00000000   
  22   0.00000000     0.00000000    -0.00000000     0.00000000    -0.00000000     0.00000000   
  23  -0.00000000    -0.00000000     0.00000000    -0.00000000    -0.00000000     0.00000000   
  24   0.00000000    -0.00000000     0.00000000    -0.00000000     0.00000000    -0.00000000   
  25   0.00000000     0.00000000     0.00000000    -0.00000000     0.00000000     0.00000000   
  26   0.00000000    -0.00000000    -0.00000000     0.00000000     0.00000000     0.00000000   
  27  -0.00000000     0.00000000    -0.00000000     0.00000000    -0.00000000     0.00000000   
  28   0.00000000     0.00000000     0.00000000     0.00000000    -0.00000000     0.00000000   
  29   0.00000000     0.00000000     0.00000000    -0.00000000    -0.00000000    -0.00000000   
  30  -0.00000000     0.00000000    -0.00000000     0.00000000     0.00000000    -0.00000000   
  31  -1.11399403     0.00000000    -0.00000000     0.00000000     0.00000000    -0.00000000   
  32   0.00000000    -0.58683395    -0.00000000     0.00000000    -0.00000000     0.00000000   
  33  -0.00000000    -0.00000000    -0.56565212    -0.00000000     0.00000000    -0.00000000   
  34   0.00000000     0.00000000    -0.00000000    -0.56380611    -0.00000000     0.00000000   
  35   0.00000000    -0.00000000     0.00000000    -0.00000000    -0.50071754    -0.00000000   
  36  -0.00000000     0.00000000    -0.00000000     0.00000000    -0.00000000    -0.48810869   
  37  -0.00000000     0.00000000    -0.00000000     0.00000000     0.00000000    -0.00000000   
  38  -0.00000000    -0.00000000     0.00000000    -0.00000000    -0.00000000     0.00000000   
  39   0.00000000    -0.00000000     0.00000000    -0.00000000     0.00000000     0.00000000   
  40   0.00000000    -0.00000000    -0.00000000     0.00000000     0.00000000     0.00000000   
  41  -0.00000000    -0.00000000     0.00000000    -0.00000000     0.00000000     0.00000000   
  42  -0.00000000    -0.00000000    -0.00000000    -0.00000000    -0.00000000    -0.00000000   
  43   0.00000000    -0.00000000    -0.00000000    -0.00000000     0.00000000    -0.00000000   
  44   0.00000000     0.00000000    -0.00000000     0.00000000     0.00000000    -0.00000000   
  45   0.00000000    -0.00000000     0.00000000    -0.00000000     0.00000000    -0.00000000   
  46  -0.00000000    -0.00000000    -0.00000000     0.00000000     0.00000000     0.00000000   
  47   0.00000000     0.00000000     0.00000000    -0.00000000     0.00000000    -0.00000000   
  48  -0.00000000    -0.00000000    -0.00000000     0.00000000    -0.00000000    -0.00000000   
  49  -0.00000000     0.00000000     0.00000000    -0.00000000    -0.00000000    -0.00000000   
  50  -0.43478935    -0.00082772     0.16947655    -0.06062003    -0.11034291    -0.00196510   
  51   0.82704704    -0.00114862     0.13933301    -0.05445668     0.22435062     0.00579248   
  52  -0.00000004    -0.00000000     0.00000001    -0.00000002    -0.00000001     0.00000008   
  53   0.00000005     0.00000003     0.00000002     0.00000001     0.00000004    -0.00000001   
  54   0.00000000     0.00000002     0.00000002    -0.00000000     0.00000001    -0.00000001   
  55   0.00000013    -0.00000000    -0.00000001     0.00000000    -0.00000001    -0.00000001   
  56   0.00000001     0.00000001    -0.00000000    -0.00000000    -0.00000000    -0.00000001   
  57  -0.00000007    -0.00000000    -0.00000008     0.00000002    -0.00000004    -0.00000001   
  58  -0.00000000    -0.00000000    -0.00000003    -0.00000001     0.00000006    -0.00000001   
  59   0.00000000     0.00000001    -0.00000002     0.00000002    -0.00000004    -0.00000007   
  60  -0.00000004    -0.00000000     0.00000001    -0.00000001    -0.00000004     0.00000008   
  61  -0.00000002    -0.00000001     0.00000001     0.00000007     0.00000000    -0.00000000   
  62   0.00000003     0.00000000     0.00000000     0.00000000    -0.00000001    -0.00000006   
  63  -0.00000001    -0.00000005     0.00000000    -0.00000001     0.00000001    -0.00000001   
  64  -0.00000003     0.00000000     0.00000002     0.00000001    -0.00000001     0.00000001   
  65   0.00000003    -0.00000001     0.00000001    -0.00000001     0.00000001    -0.00000000   
  66  -0.00000000     0.00000000     0.00000001     0.00000001    -0.00000000     0.00000001   
  67  -0.00000004    -0.00000001     0.00000005    -0.00000002    -0.00000003     0.00000001   
  68  -0.00000003    -0.00000000    -0.00000001    -0.00000000    -0.00000004     0.00000001   
  69  -0.00000001    -0.00000001    -0.00000000     0.00000000    -0.00000000    -0.00000001   
  70  -0.00000002    -0.00000000    -0.00000002    -0.00000000    -0.00000002    -0.00000003   
  71   0.00000001     0.00000001    -0.00000004     0.00000002     0.00000003    -0.00000011   
  72  -0.00000005    -0.00000001     0.00000003    -0.00000001    -0.00000003     0.00000008   
  73   0.00000007    -0.00000001    -0.00000002     0.00000000     0.00000002     0.00000006   
  74  -0.00000000     0.00000004     0.00000005    -0.00000001    -0.00000001    -0.00000001   
  75   0.00000005    -0.00000001     0.00000001     0.00000001    -0.00000001    -0.00000003   
  76   0.00000002    -0.00000003    -0.00000004    -0.00000002    -0.00000002    -0.00000001   
  77   0.00000004    -0.00000001     0.00000001    -0.00000002    -0.00000001     0.00000011   
  78  -0.00000001    -0.00000000    -0.00000001    -0.00000001     0.00000000     0.00000000   
  79   0.00000002    -0.00000000     0.00000000     0.00000001    -0.00000000     0.00000001   
  80  -0.00000002     0.00000001     0.00000003    -0.00000000    -0.00000001     0.00000002   
  81  -0.00000001    -0.00000001     0.00000001    -0.00000002     0.00000001     0.00000001   
  82   0.00000001     0.00000002     0.00000001    -0.00000000     0.00000001     0.00000000   
  83  -0.00000005    -0.00000000    -0.00000002     0.00000001     0.00000000     0.00000002   
  84   0.00000002    -0.00000001     0.00000000    -0.00000000     0.00000001    -0.00000000   
  85  -0.00000001    -0.00000001    -0.00000002    -0.00000001     0.00000001     0.00000002   
  86  -0.00000001     0.00000001     0.00000002    -0.00000001     0.00000000    -0.00000001   
  87  -0.00000002    -0.00000000    -0.00000000    -0.00000001     0.00000000     0.00000002   
           37             38             39             40             41             42       
   1   0.00000000    -0.00000000     0.00000000    -0.00000000    -0.00000000     0.00000000   
   2  -0.00000000    -0.00000000    -0.00000000     0.00000000    -0.00000000     0.00000000   
   3  -0.00000000     0.00000000    -0.00000000    -0.00000000    -0.00000000     0.00000000   
   4   0.00000000     0.00000000    -0.00000000    -0.00000000     0.00000000     0.00000000   
   5   0.00000000     0.00000000     0.00000000     0.00000000     0.00000000    -0.00000000   
   6  -0.00000000    -0.00000000    -0.00000000     0.00000000     0.00000000    -0.00000000   
   7   0.00000000    -0.00000000    -0.00000000    -0.00000000     0.00000000     0.00000000   
   8  -0.00000000    -0.00000000    -0.00000000    -0.00000000     0.00000000     0.00000000   
   9   0.00000000     0.00000000     0.00000000     0.00000000     0.00000000    -0.00000000   
  10   0.00000000     0.00000000    -0.00000000    -0.00000000     0.00000000     0.00000000   
  11   0.00000000     0.00000000     0.00000000     0.00000000     0.00000000     0.00000000   
  12   0.00000000     0.00000000     0.00000000     0.00000000    -0.00000000     0.00000000   
  13   0.00000000     0.00000000     0.00000000     0.00000000     0.00000000    -0.00000000   
  14   0.00000000     0.00000000     0.00000000     0.00000000     0.00000000    -0.00000000   
  15   0.00000000     0.00000000     0.00000000     0.00000000     0.00000000    -0.00000000   
  16   0.00000000     0.00000000     0.00000000    -0.00000000     0.00000000     0.00000000   
  17   0.00000000     0.00000000     0.00000000     0.00000000     0.00000000     0.00000000   
  18   0.00000000     0.00000000    -0.00000000     0.00000000    -0.00000000     0.00000000   
  19  -0.00000000     0.00000000     0.00000000     0.00000000    -0.00000000     0.00000000   
  20   0.00000000    -0.00000000    -0.00000000     0.00000000    -0.00000000     0.00000000   
  21  -0.00000000    -0.00000000    -0.00000000     0.00000000    -0.00000000    -0.00000000   
  22   0.00000000     0.00000000     0.00000000     0.00000000     0.00000000     0.00000000   
  23  -0.00000000    -0.00000000    -0.00000000    -0.00000000    -0.00000000    -0.00000000   
  24  -0.00000000     0.00000000     0.00000000     0.00000000    -0.00000000     0.00000000   
  25  -0.00000000    -0.00000000     0.00000000     0.00000000     0.00000000     0.00000000   
  26  -0.00000000    -0.00000000     0.00000000    -0.00000000     0.00000000    -0.00000000   
  27  -0.00000000    -0.00000000    -0.00000000     0.00000000    -0.00000000    -0.00000000   
  28  -0.00000000     0.00000000     0.00000000    -0.00000000    -0.00000000     0.00000000   
  29   0.00000000     0.00000000     0.00000000    -0.00000000    -0.00000000    -0.00000000   
  30   0.00000000     0.00000000    -0.00000000     0.00000000    -0.00000000    -0.00000000   
  31  -0.00000000    -0.00000000     0.00000000     0.00000000    -0.00000000    -0.00000000   
  32   0.00000000    -0.00000000    -0.00000000    -0.00000000    -0.00000000    -0.00000000   
  33  -0.00000000     0.00000000     0.00000000    -0.00000000     0.00000000    -0.00000000   
  34   0.00000000    -0.00000000    -0.00000000     0.00000000    -0.00000000    -0.00000000   
  35   0.00000000    -0.00000000     0.00000000     0.00000000     0.00000000    -0.00000000   
  36  -0.00000000     0.00000000     0.00000000     0.00000000     0.00000000    -0.00000000   
  37  -0.28123133    -0.00000000    -0.00000000    -0.00000000    -0.00000000     0.00000000   
  38  -0.00000000     0.18532971    -0.00000000    -0.00000000    -0.00000000    -0.00000000   
  39  -0.00000000    -0.00000000     0.31093071    -0.00000000    -0.00000000    -0.00000000   
  40  -0.00000000    -0.00000000    -0.00000000     0.45314412    -0.00000000     0.00000000   
  41  -0.00000000    -0.00000000    -0.00000000    -0.00000000     0.81352463     0.00000000   
  42   0.00000000    -0.00000000    -0.00000000     0.00000000     0.00000000     0.92362059   
  43  -0.00000000    -0.00000000    -0.00000000     0.00000000     0.00000000     0.00000000   
  44  -0.00000000     0.00000000    -0.00000000    -0.00000000     0.00000000    -0.00000000   
  45  -0.00000000     0.00000000     0.00000000     0.00000000     0.00000000    -0.00000000   
  46   0.00000000    -0.00000000     0.00000000     0.00000000     0.00000000     0.00000000   
  47  -0.00000000     0.00000000     0.00000000     0.00000000     0.00000000     0.00000000   
  48   0.00000000    -0.00000000    -0.00000000    -0.00000000     0.00000000     0.00000000   
  49   0.00000000     0.00000000    -0.00000000     0.00000000    -0.00000000    -0.00000000   
  50   0.00749347     0.24783565     0.15799046     0.12871555     0.05301853    -0.00042226   
  51  -0.61123310     0.23891350     0.01057210    -0.04997689     0.23846303    -0.00088380   
  52   0.00000002     0.00000009    -0.00000008    -0.00000005     0.00000000    -0.00000002   
  53  -0.00000001     0.00000003    -0.00000011     0.00000001    -0.00000003     0.00000002   
  54   0.00000000    -0.00000005    -0.00000001     0.00000004     0.00000000    -0.00000002   
  55  -0.00000000    -0.00000003    -0.00000006     0.00000004    -0.00000004    -0.00000007   
  56  -0.00000000     0.00000001     0.00000000    -0.00000003     0.00000001    -0.00000001   
  57   0.00000007     0.00000002     0.00000001    -0.00000003     0.00000008     0.00000005   
  58  -0.00000002    -0.00000001    -0.00000003     0.00000005    -0.00000004    -0.00000000   
  59  -0.00000006    -0.00000006    -0.00000009     0.00000005     0.00000003    -0.00000003   
  60  -0.00000005     0.00000006     0.00000003    -0.00000010     0.00000002    -0.00000000   
  61  -0.00000000    -0.00000001    -0.00000002     0.00000001     0.00000000    -0.00000001   
  62  -0.00000002     0.00000001     0.00000002    -0.00000000     0.00000001    -0.00000000   
  63  -0.00000002     0.00000001    -0.00000003     0.00000001     0.00000001    -0.00000001   
  64   0.00000005     0.00000005     0.00000001    -0.00000003     0.00000000     0.00000001   
  65  -0.00000005     0.00000005    -0.00000001     0.00000001     0.00000005    -0.00000003   
  66   0.00000001     0.00000000     0.00000004     0.00000003     0.00000001    -0.00000001   
  67  -0.00000004    -0.00000005    -0.00000002     0.00000001    -0.00000003    -0.00000002   
  68   0.00000002    -0.00000005    -0.00000005    -0.00000001     0.00000007    -0.00000001   
  69  -0.00000002    -0.00000001     0.00000000    -0.00000001     0.00000003     0.00000001   
  70   0.00000001     0.00000008     0.00000006     0.00000004    -0.00000008     0.00000003   
  71   0.00000001    -0.00000005     0.00000008    -0.00000005    -0.00000008    -0.00000001   
  72  -0.00000001     0.00000014    -0.00000015     0.00000002     0.00000000     0.00000002   
  73  -0.00000005    -0.00000002     0.00000003     0.00000000    -0.00000003    -0.00000003   
  74  -0.00000000    -0.00000007    -0.00000010    -0.00000001    -0.00000003    -0.00000004   
  75  -0.00000000    -0.00000001    -0.00000001    -0.00000002     0.00000003    -0.00000004   
  76  -0.00000003    -0.00000002     0.00000002     0.00000002     0.00000000     0.00000000   
  77  -0.00000003     0.00000006     0.00000004    -0.00000001    -0.00000002     0.00000001   
  78  -0.00000000     0.00000002     0.00000000     0.00000001    -0.00000002     0.00000001   
  79   0.00000001    -0.00000001     0.00000001    -0.00000001     0.00000005     0.00000000   
  80   0.00000000     0.00000003     0.00000004     0.00000002    -0.00000001    -0.00000001   
  81  -0.00000001     0.00000001     0.00000002     0.00000000    -0.00000001    -0.00000000   
  82   0.00000002    -0.00000003    -0.00000004    -0.00000000    -0.00000000    -0.00000000   
  83   0.00000001     0.00000000     0.00000002    -0.00000001    -0.00000001     0.00000000   
  84  -0.00000000     0.00000003     0.00000002     0.00000001    -0.00000002     0.00000001   
  85   0.00000002     0.00000001     0.00000006    -0.00000001    -0.00000000     0.00000000   
  86  -0.00000002    -0.00000002    -0.00000003     0.00000000     0.00000000    -0.00000001   
  87  -0.00000001     0.00000001     0.00000001     0.00000002     0.00000001     0.00000001   
           43             44             45             46             47             48       
   1  -0.00000000    -0.00000000     0.00000000    -0.00000000     0.00000000    -0.00000000   
   2   0.00000000    -0.00000000    -0.00000000    -0.00000000    -0.00000000     0.00000000   
   3  -0.00000000    -0.00000000    -0.00000000     0.00000000    -0.00000000    -0.00000000   
   4  -0.00000000     0.00000000     0.00000000    -0.00000000     0.00000000     0.00000000   
   5  -0.00000000     0.00000000    -0.00000000    -0.00000000    -0.00000000     0.00000000   
   6   0.00000000    -0.00000000    -0.00000000    -0.00000000     0.00000000    -0.00000000   
   7   0.00000000    -0.00000000    -0.00000000    -0.00000000    -0.00000000     0.00000000   
   8   0.00000000    -0.00000000    -0.00000000    -0.00000000    -0.00000000     0.00000000   
   9   0.00000000    -0.00000000    -0.00000000     0.00000000    -0.00000000     0.00000000   
  10   0.00000000     0.00000000     0.00000000    -0.00000000    -0.00000000     0.00000000   
  11   0.00000000     0.00000000    -0.00000000    -0.00000000    -0.00000000     0.00000000   
  12   0.00000000    -0.00000000     0.00000000    -0.00000000    -0.00000000     0.00000000   
  13  -0.00000000    -0.00000000     0.00000000    -0.00000000    -0.00000000    -0.00000000   
  14   0.00000000     0.00000000     0.00000000    -0.00000000    -0.00000000     0.00000000   
  15   0.00000000    -0.00000000     0.00000000    -0.00000000     0.00000000     0.00000000   
  16   0.00000000     0.00000000    -0.00000000     0.00000000    -0.00000000     0.00000000   
  17  -0.00000000     0.00000000    -0.00000000    -0.00000000    -0.00000000    -0.00000000   
  18   0.00000000    -0.00000000     0.00000000    -0.00000000    -0.00000000     0.00000000   
  19  -0.00000000    -0.00000000     0.00000000     0.00000000    -0.00000000    -0.00000000   
  20  -0.00000000    -0.00000000     0.00000000    -0.00000000     0.00000000     0.00000000   
  21  -0.00000000    -0.00000000     0.00000000    -0.00000000     0.00000000    -0.00000000   
  22  -0.00000000    -0.00000000     0.00000000    -0.00000000     0.00000000     0.00000000   
  23  -0.00000000     0.00000000    -0.00000000    -0.00000000    -0.00000000    -0.00000000   
  24   0.00000000     0.00000000     0.00000000    -0.00000000     0.00000000     0.00000000   
  25  -0.00000000    -0.00000000    -0.00000000    -0.00000000     0.00000000     0.00000000   
  26  -0.00000000     0.00000000    -0.00000000    -0.00000000     0.00000000    -0.00000000   
  27  -0.00000000     0.00000000     0.00000000    -0.00000000     0.00000000    -0.00000000   
  28  -0.00000000     0.00000000    -0.00000000    -0.00000000    -0.00000000     0.00000000   
  29   0.00000000    -0.00000000    -0.00000000     0.00000000     0.00000000    -0.00000000   
  30  -0.00000000     0.00000000    -0.00000000     0.00000000     0.00000000    -0.00000000   
  31   0.00000000     0.00000000     0.00000000    -0.00000000     0.00000000    -0.00000000   
  32  -0.00000000     0.00000000    -0.00000000    -0.00000000     0.00000000    -0.00000000   
  33  -0.00000000    -0.00000000     0.00000000    -0.00000000     0.00000000    -0.00000000   
  34  -0.00000000     0.00000000    -0.00000000     0.00000000    -0.00000000     0.00000000   
  35   0.00000000     0.00000000     0.00000000     0.00000000     0.00000000    -0.00000000   
  36  -0.00000000    -0.00000000    -0.00000000     0.00000000    -0.00000000    -0.00000000   
  37  -0.00000000    -0.00000000    -0.00000000     0.00000000    -0.00000000     0.00000000   
  38  -0.00000000     0.00000000     0.00000000    -0.00000000     0.00000000    -0.00000000   
  39  -0.00000000    -0.00000000     0.00000000     0.00000000     0.00000000    -0.00000000   
  40   0.00000000    -0.00000000     0.00000000     0.00000000     0.00000000    -0.00000000   
  41   0.00000000     0.00000000     0.00000000     0.00000000     0.00000000     0.00000000   
  42   0.00000000    -0.00000000    -0.00000000     0.00000000     0.00000000     0.00000000   
  43   0.94964769     0.00000000     0.00000000    -0.00000000    -0.00000000     0.00000000   
  44   0.00000000     0.99371255    -0.00000000     0.00000000    -0.00000000     0.00000000   
  45   0.00000000    -0.00000000     1.02224696    -0.00000000     0.00000000     0.00000000   
  46  -0.00000000     0.00000000    -0.00000000     1.04179832    -0.00000000     0.00000000   
  47  -0.00000000    -0.00000000     0.00000000    -0.00000000     1.10555322     0.00000000   
  48   0.00000000     0.00000000     0.00000000     0.00000000     0.00000000     1.14755685   
  49  -0.00000000     0.00000000     0.00000000    -0.00000000    -0.00000000     0.00000000   
  50  -0.00918621    -0.03161805     0.15381378    -0.02640121     0.01594572    -0.00816799   
  51   0.00289441     0.02808755    -0.13731108     0.02826716    -0.00794244     0.00368088   
  52   0.00000002    -0.00000001     0.00000002    -0.00000003    -0.00000000    -0.00000000   
  53  -0.00000004     0.00000001    -0.00000002     0.00000000    -0.00000002     0.00000001   
  54  -0.00000003    -0.00000003     0.00000001     0.00000001     0.00000001     0.00000000   
  55  -0.00000002    -0.00000008     0.00000008    -0.00000002     0.00000002    -0.00000003   
  56   0.00000000     0.00000000    -0.00000000     0.00000001     0.00000001    -0.00000001   
  57   0.00000001     0.00000002     0.00000001    -0.00000002     0.00000001     0.00000007   
  58  -0.00000003    -0.00000001     0.00000001     0.00000002    -0.00000001    -0.00000002   
  59  -0.00000001    -0.00000002    -0.00000001     0.00000002     0.00000001     0.00000004   
  60   0.00000001     0.00000002     0.00000003    -0.00000001     0.00000000    -0.00000001   
  61   0.00000000     0.00000001    -0.00000000    -0.00000001    -0.00000000    -0.00000000   
  62   0.00000000     0.00000000    -0.00000001     0.00000000     0.00000000     0.00000001   
  63   0.00000001     0.00000001     0.00000001    -0.00000000     0.00000000     0.00000000   
  64   0.00000015     0.00000001    -0.00000000    -0.00000000    -0.00000001     0.00000001   
  65   0.00000000     0.00000008    -0.00000007     0.00000001     0.00000001     0.00000001   
  66  -0.00000001    -0.00000002     0.00000001     0.00000010    -0.00000000    -0.00000000   
  67  -0.00000001     0.00000007     0.00000005     0.00000001     0.00000001     0.00000001   
  68   0.00000001     0.00000000     0.00000000    -0.00000001    -0.00000001     0.00000011   
  69   0.00000001     0.00000001    -0.00000002    -0.00000000     0.00000007     0.00000001   
  70   0.00000001     0.00000001    -0.00000001     0.00000001    -0.00000002    -0.00000007   
  71   0.00000002    -0.00000001    -0.00000001    -0.00000004    -0.00000001    -0.00000003   
  72  -0.00000002     0.00000001    -0.00000005     0.00000000    -0.00000002     0.00000002   
  73  -0.00000000     0.00000002    -0.00000005     0.00000003    -0.00000003     0.00000001   
  74   0.00000001     0.00000005    -0.00000008     0.00000003     0.00000001    -0.00000000   
  75  -0.00000000     0.00000004     0.00000002    -0.00000001     0.00000000     0.00000003   
  76   0.00000001     0.00000005    -0.00000000    -0.00000000     0.00000001    -0.00000001   
  77   0.00000004    -0.00000001     0.00000001    -0.00000001    -0.00000003     0.00000001   
  78  -0.00000000    -0.00000001     0.00000005    -0.00000001     0.00000000    -0.00000002   
  79   0.00000001     0.00000000     0.00000000    -0.00000001     0.00000000     0.00000002   
  80  -0.00000000    -0.00000001     0.00000004     0.00000001    -0.00000001     0.00000000   
  81  -0.00000002    -0.00000004     0.00000001    -0.00000001    -0.00000001    -0.00000000   
  82   0.00000000     0.00000001    -0.00000000     0.00000001     0.00000001    -0.00000003   
  83  -0.00000001     0.00000001     0.00000001     0.00000000     0.00000001    -0.00000001   
  84  -0.00000000     0.00000001     0.00000000    -0.00000001    -0.00000001     0.00000002   
  85   0.00000001    -0.00000001     0.00000001    -0.00000001    -0.00000001     0.00000002   
  86  -0.00000000     0.00000001    -0.00000001     0.00000000     0.00000000    -0.00000002   
  87  -0.00000001    -0.00000001    -0.00000000     0.00000000     0.00000001    -0.00000003   
           49             50             51       
   1   0.00000000    -0.00084414     0.00059765   
   2  -0.00000000     0.36672030    -0.03144275   
   3   0.00000000    -0.07073700     0.36931768   
   4   0.00000000    -0.15257302    -0.22502233   
   5   0.00000000     0.11408991     0.00263777   
   6  -0.00000000    -0.02798154     0.05745768   
   7   0.00000000    -0.06385288    -0.04256476   
   8  -0.00000000     0.00581348    -0.00391295   
   9   0.00000000     0.00513173    -0.00513375   
  10   0.00000000    -0.00028000     0.00057436   
  11  -0.00000000    -0.00148643     0.00109931   
  12  -0.00000000     0.00116243     0.00288626   
  13  -0.00000000    -0.00412054    -0.00581626   
  14  -0.00000000    -0.00311573    -0.00442330   
  15  -0.00000000     0.03681310     0.05157825   
  16  -0.00000000    -0.02581096     0.01805546   
  17  -0.00000000     0.02046888    -0.01431332   
  18   0.00000000    -0.01347634     0.00942410   
  19  -0.00000000    -0.01087688    -0.01526948   
  20  -0.00000000    -0.08450802    -0.01244652   
  21   0.00000000    -0.06810347     0.04920501   
  22  -0.00000000    -0.04019069    -0.05884757   
  23   0.00000000     0.09073337    -0.06667060   
  24  -0.00000000    -0.06693095    -0.10105829   
  25  -0.00000000    -0.13049593     0.39393144   
  26  -0.00000000    -0.07864472     0.00474844   
  27   0.00000000    -0.04710033     0.01454302   
  28  -0.00000000    -0.00082262     0.00023792   
  29   0.00000000     1.05683604     0.07822494   
  30   0.00000000     0.39708357     0.65403040   
  31  -0.00000000    -0.43478937     0.82704693   
  32   0.00000000    -0.00082772    -0.00114860   
  33   0.00000000     0.16947662     0.13933302   
  34  -0.00000000    -0.06062004    -0.05445668   
  35  -0.00000000    -0.11034294     0.22435061   
  36  -0.00000000    -0.00196508     0.00579250   
  37   0.00000000     0.00749346    -0.61123306   
  38   0.00000000     0.24783554     0.23891348   
  39  -0.00000000     0.15799042     0.01057210   
  40   0.00000000     0.12871551    -0.04997686   
  41  -0.00000000     0.05301850     0.23846305   
  42  -0.00000000    -0.00042225    -0.00088381   
  43  -0.00000000    -0.00918620     0.00289442   
  44   0.00000000    -0.03161801     0.02808753   
  45   0.00000000     0.15381378    -0.13731115   
  46  -0.00000000    -0.02640121     0.02826719   
  47  -0.00000000     0.01594574    -0.00794241   
  48   0.00000000    -0.00816802     0.00368082   
  49   1.47902683     0.09589349    -0.03806281   
  50   0.09589356     0.61743494     0.00000000   
  51  -0.03806278     0.00000000     0.74627298   
  52  -0.00000019    -0.00000007    -0.00000006   
  53  -0.00000005    -0.00000003     0.00000006   
  54   0.00000009     0.00000000    -0.00000003   
  55  -0.00000004    -0.00000009     0.00000009   
  56  -0.00000007    -0.00000001    -0.00000000   
  57  -0.00000001     0.00000005    -0.00000007   
  58  -0.00000002     0.00000000     0.00000002   
  59   0.00000003     0.00000005     0.00000004   
  60  -0.00000008    -0.00000002    -0.00000001   
  61   0.00000002     0.00000001    -0.00000002   
  62  -0.00000001    -0.00000002     0.00000002   
  63   0.00000001     0.00000002    -0.00000004   
  64   0.00000005     0.00000003    -0.00000002   
  65   0.00000006     0.00000004     0.00000005   
  66  -0.00000002     0.00000000    -0.00000002   
  67  -0.00000001     0.00000007     0.00000002   
  68   0.00000001     0.00000002    -0.00000002   
  69  -0.00000002     0.00000004     0.00000002   
  70  -0.00000005     0.00000000    -0.00000007   
  71   0.00000022     0.00000003    -0.00000001   
  72  -0.00000026    -0.00000012    -0.00000004   
  73  -0.00000018    -0.00000010     0.00000001   
  74   0.00000012     0.00000004     0.00000004   
  75  -0.00000001    -0.00000008    -0.00000003   
  76   0.00000001     0.00000001    -0.00000000   
  77  -0.00000004    -0.00000007    -0.00000002   
  78   0.00000002    -0.00000003     0.00000001   
  79  -0.00000002    -0.00000000    -0.00000001   
  80   0.00000001    -0.00000001    -0.00000003   
  81   0.00000005    -0.00000001    -0.00000000   
  82   0.00000001     0.00000003     0.00000004   
  83   0.00000001     0.00000001    -0.00000000   
  84  -0.00000003    -0.00000003    -0.00000005   
  85   0.00000000    -0.00000003    -0.00000001   
  86  -0.00000001     0.00000001     0.00000002   
  87   0.00000003     0.00000003     0.00000005   

[[ 0.000007 -0.2966    0.034032 ... -0.040262  0.174707 -0.187823]
 [ 0.       -0.238096  0.044478 ...  0.067731 -0.170664  0.176961]
 [ 0.000007 -0.289859  0.033209 ... -0.040395  0.175375 -0.18851 ]
 ...
 [-0.000096 -0.126317  0.28834  ...  0.058486 -0.017912  0.014013]
 [-0.       -0.21903  -0.211504 ...  0.033885  0.026874 -0.05893 ]
 [-0.       -0.213484 -0.205602 ...  0.034136  0.027093 -0.059324]]
 Saved MO coefficients to ./FCIDUMP/FCIDUMP_AO_DA-CDR_prune_core_mo_coeff.npy
