  FCIDUMP file : FCIDUMP/FCIDUMP_TTM-Ph-TTM
  NORB         : 60
  NELEC        : 76  (nalpha=38, nbeta=38)
  Scalar pot.  :  5151.8122133653
===============================================
 Testing CSF optimisation method
===============================================

************************************************
 Testing 'gwh' initial guess method
************************************************

  Initializing L-BFGS optimisation...
    > Num. MOs       =     60
    > Num. params    =    893
    > Max subspace   =     20
    > Max step size   =  0.500
    > Backtracking   =  0.100
    > Parallel tr.   = True
    > Pseudo-canon.  = True
    > Canon interval = 10
    > Hybrid prec.   = True
  ================================================================
           Energy / Eh     Step Len    Max(|G_i|)
  ================================================================
     0   274.9566415827                 4.91e+00
     1   270.9425203829    5.00e-01     2.87e+00    rescaled  
     2   268.9662045143    5.00e-01     3.41e+00    rescaled  
     3   265.9360166799    3.66e-01     5.36e+00              
     4   264.8511548813    5.00e-01     5.30e+00    understep 
     5   264.8511548813    5.00e-01     5.30e+00    understep 
     6   262.5716859746    5.00e-01     3.29e+00    rescaled  
     7   260.9832706355    5.00e-01     2.82e+00    rescaled  
     8   260.9642382928    5.00e-01     4.43e+00    rescaled  
     9   259.5673612698    1.71e-01     3.56e+00              
    10   258.3096108052    2.82e-01     4.21e+00              
    11   255.5998122071    5.00e-01     5.64e+00    rescaled  
    12   254.5853178740    5.00e-01     3.66e+00    rescaled  
    13   251.1128469077    5.00e-01     3.48e+00    rescaled  
    14   249.4727612965    5.00e-01     3.06e+00    rescaled  
    15   246.8822888979    5.00e-01     4.64e+00    rescaled  
    16   243.6973849286    5.00e-01     4.48e+00    rescaled  
    17   241.6520689208    5.00e-01     2.55e+00    rescaled  
    18   239.5951792832    5.00e-01     2.94e+00    rescaled  
    19   238.3061693700    5.00e-01     2.04e+00    rescaled  
    20   237.4929525962    3.16e-01     4.29e+00              
    21   237.1729300804    2.92e-01     4.59e+00              
    22   236.9165796007    3.20e-01     3.83e+00              
    23   236.9173242562    1.82e-01     2.67e+00              
    24   236.6180774593    1.64e-01     2.56e+00    overstep  
    25   235.8131003129    2.75e-01     1.21e+00              
    26   235.6296128540    6.26e-02     8.82e-01              
    27   235.5663513386    9.70e-02     7.50e-01              
    28   235.3981573256    6.76e-02     9.49e-01              
    29   235.3370394288    3.23e-02     3.94e-01              
    30   235.2877753053    2.35e-02     2.64e-01              
    31   235.2661746596    3.15e-02     1.96e-01              
    32   235.2599509092    9.23e-03     2.89e-02              
    33   235.2597017008    2.91e-03     1.78e-02              
    34   235.2595560993    1.17e-03     5.41e-03              
    35   235.2595460918    3.69e-04     1.90e-03              
    36   235.2595447797    1.11e-04     4.37e-04              
    37   235.2595446965    2.80e-05     1.24e-04              
    38   235.2595446885    1.30e-05     2.98e-05              
    39   235.2595446881    2.23e-06     1.54e-05              
    40   235.2595446881    4.60e-07     9.64e-07              
  ================================================================
  L-BFGS converged in     40 iterations (  2.53 seconds)

  Initializing Davidson diagonalisation...
    > Max iterations =   1000
    > Target states  =      5
    > Convergence    =  1.000e-04
    > Basis per root =      4
    > Max basis size =     20
  Davidson diagonalisation converged in     34 iterations (  5.93 seconds)

   --------------------------
    Converged eigenvalues:   
   --------------------------
       0        6.80630591   
       1        6.82735288   
       2        7.04656120   
       3        7.05168098   
       4        7.36031083   
   --------------------------

 ---------------------------------------------
         Total Energy =   235.25954469 Eh
              Nuclear =  5151.81221337 Eh
         One Electron = -9722.71478799 Eh
              Coulomb =  5089.50905631 Eh
        ROHF Exchange =  -283.34693700 Eh
 ---------------------------------------------
           <Sz> =  1.00
           <S2> =  2.00
  Spin Coupling = ++

 -----------------------------------------------------------------------------------------------
  Open-Shell Exchange Matrix <Ψ|Êpq Êqp|Ψ> - Np
 -----------------------------------------------------------------------------------------------
           1              2        
   1   0.00000000    -1.00000000   
   2  -1.00000000     0.00000000   

 -----------------------------------------------------------------------------------------------
  Open-Shell Exchange Integrals <pq|qp>
 -----------------------------------------------------------------------------------------------
           1              2        
   1   3.67375917     3.02044093   
   2   3.02044093     3.67718781   

 -----------------------------------------------------------------------------------------------
  Occupied Orbital Coefficients
 -----------------------------------------------------------------------------------------------
           1              2              3              4              5              6        
   1   0.99690572     0.00323622    -0.00003708    -0.00001749    -0.07239703     0.00039826   
   2   0.00321462    -0.99846986     0.00003765    -0.00001571    -0.00061955    -0.04635861   
   3  -0.00003772    -0.00003758    -0.99970957    -0.02310175    -0.00000387     0.00000313   
   4   0.00001575    -0.00001617    -0.02310175     0.99970956    -0.00001247    -0.00000640   
   5   0.07185759    -0.00037566    -0.00000683     0.00001109     0.99717583    -0.00015469   
   6  -0.00023408    -0.04579995     0.00000474     0.00000572     0.00015477     0.99871674   
   7   0.00000034    -0.00000004     0.00015426     0.00008304     0.00000083     0.00000093   
   8  -0.00000075     0.00000009     0.00008267    -0.00015536    -0.00000249    -0.00000096   
   9   0.00486705    -0.00003337    -0.00000250     0.00000481     0.00941699     0.00000477   
  10  -0.00002091    -0.00400620     0.00000290     0.00000563    -0.00001404     0.00902251   
  11   0.00260063    -0.00403361    -0.00000153    -0.00001156    -0.00115102    -0.00154278   
  12  -0.00396179    -0.00265893    -0.00000740     0.00000238     0.00171414    -0.00101224   
  13   0.00000147    -0.00000571     0.00255789     0.00412006    -0.00000630    -0.00001189   
  14  -0.00000552    -0.00000115     0.00412062    -0.00255765     0.00000923     0.00000179   
  15   0.00000106     0.00000033     0.00230968    -0.00403109     0.00000329     0.00000001   
  16   0.00000103     0.00000111     0.00402789     0.00231176     0.00000184    -0.00000357   
  17  -0.00396510     0.00001821     0.00000017    -0.00000048    -0.00832167     0.00000672   
  18   0.00000974     0.00222091    -0.00000004    -0.00000020    -0.00000546    -0.00607172   
  19  -0.00079398     0.00000278    -0.00000001    -0.00000000     0.00334446    -0.00000513   
  20   0.00004083     0.00974948    -0.00000009    -0.00000067    -0.00000445    -0.00564687   
  21   0.00942728    -0.00003824    -0.00000009     0.00000065     0.00533695    -0.00000904   
  22  -0.00000004    -0.00000000     0.00003734     0.00032658    -0.00000006    -0.00000003   
  23  -0.00000017    -0.00000016     0.00032611    -0.00003721    -0.00000011     0.00000011   
  24  -0.00002738    -0.00632386     0.00000004     0.00000045    -0.00000009     0.00162590   
  25   0.00000033     0.00000034     0.00000545    -0.00000548     0.00000013    -0.00000015   
  26   0.01262116    -0.00004806    -0.00000010     0.00000090     0.00554107    -0.00001233   
  27   0.00003994     0.01113853    -0.00000009    -0.00000081    -0.00001002    -0.00753561   
  28  -0.00409061     0.00001523     0.00000001    -0.00000030    -0.00399769     0.00000747   
  29   0.00000020     0.00000006     0.00001678     0.00001720     0.00000023    -0.00000009   
  30  -0.00000004    -0.00000007     0.00001672    -0.00001624    -0.00000006     0.00000011   
  31  -0.00000055     0.00027749    -0.00000118     0.00000193     0.00000493     0.00013154   
  32  -0.00012396    -0.00000292     0.00000268     0.00000401     0.00037885    -0.00000226   
  33   0.00000222    -0.00000145     0.00009494     0.00025225    -0.00000657    -0.00000063   
  34   0.00000040     0.00000181     0.00025223    -0.00009514    -0.00000156     0.00000088   
  35   0.00000139     0.00033582    -0.00000043    -0.00000093     0.00000183     0.00154841   
  36   0.00000004    -0.00000017    -0.00091162    -0.00059421     0.00000001    -0.00000127   
  37   0.00000012     0.00000018    -0.00059454     0.00091241     0.00000010     0.00000080   
  38   0.02558278    -0.00010856    -0.00000023     0.00000182     0.01195166    -0.00001863   
  39  -0.00010636    -0.02507270     0.00000024     0.00000180     0.00001034     0.01391426   
  40   0.00276847    -0.00001229    -0.00000001     0.00000021     0.00205707    -0.00000231   
  41  -0.00000002     0.00000007     0.00000014     0.00000014    -0.00000002    -0.00000009   
  42   0.00000512     0.00100558     0.00000002    -0.00000010    -0.00000053    -0.00161645   
  43   0.00000017    -0.00000015    -0.00024273    -0.00072288     0.00000003     0.00000008   
  44  -0.00000001     0.00000009    -0.00072249     0.00024255    -0.00000004    -0.00000001   
  45  -0.00000000    -0.00000003    -0.00006822    -0.00007691     0.00000001    -0.00000002   
  46   0.00000000     0.00000002    -0.00007694     0.00006817    -0.00000001     0.00000003   
  47   0.00006382    -0.00001156     0.00000014     0.00000005    -0.00011546    -0.00001558   
  48  -0.00000838    -0.00008961    -0.00000019     0.00000005     0.00001440    -0.00012523   
  49   0.00000027    -0.00000017    -0.00000597    -0.00002258    -0.00000065    -0.00000040   
  50   0.00000035     0.00000062    -0.00002264     0.00000609    -0.00000047     0.00000082   
  51   0.00228328    -0.00001032    -0.00000005     0.00000015     0.00035571    -0.00000073   
  52   0.00001680     0.00389962    -0.00000007    -0.00000027    -0.00000119    -0.00191264   
  53  -0.00305746     0.00001300     0.00000004    -0.00000021    -0.00160998     0.00000245   
  54   0.00000217     0.00053303    -0.00000001    -0.00000004    -0.00000022    -0.00023797   
  55  -0.00010844     0.00000039    -0.00000004    -0.00000000    -0.00026296     0.00000059   
  56  -0.00000000     0.00000002     0.00000061     0.00007283     0.00000003    -0.00000001   
  57  -0.00000001     0.00000008     0.00007286    -0.00000061    -0.00000014    -0.00000005   
  58  -0.00000248    -0.00077064     0.00000001     0.00000005     0.00000071     0.00046316   
  59  -0.00096763     0.00000332     0.00000001    -0.00000006    -0.00024399     0.00000072   
  60   0.00000204     0.00054321    -0.00000001    -0.00000003     0.00000011     0.00001576   
           7              8              9              10             11             12       
   1  -0.00000031    -0.00000043     0.00263055     0.00002043    -0.00363970     0.00073704   
   2  -0.00000008    -0.00000014     0.00002043    -0.00277147    -0.00002929     0.00001681   
   3  -0.00033478     0.00021652     0.00000319    -0.00001522     0.00267955    -0.00372918   
   4   0.00021510     0.00033554     0.00000387     0.00001331     0.00318066     0.00395754   
   5  -0.00000097    -0.00000154     0.01235038     0.00000570    -0.00146359     0.00029459   
   6  -0.00000054    -0.00000069    -0.00001098     0.00582534    -0.00000075    -0.00001858   
   7   0.98933429    -0.10303315     0.00001863    -0.00041248     0.01793821    -0.09595201   
   8  -0.10303383    -0.98929417     0.00014431     0.00012832     0.07627741     0.03477479   
   9  -0.00004531    -0.00018208    -0.64134909    -0.00013857    -0.03778619     0.00723965   
  10  -0.00012724    -0.00007080     0.00178304    -0.50420538     0.00065891     0.00047052   
  11   0.00019846     0.00022541     0.19647232     0.71975761     0.31203700    -0.06383499   
  12   0.00012047    -0.00015472    -0.29509237     0.47700290    -0.46908667     0.09383905   
  13  -0.09270963    -0.04157858     0.00039402    -0.00117972    -0.21407652    -0.95940260   
  14  -0.04139148     0.09304970    -0.00030585    -0.00095708     0.71269847    -0.17149198   
  15   0.00127147     0.01699755    -0.00000194     0.00005128     0.11198869     0.04671333   
  16  -0.01697433     0.00126444     0.00002321    -0.00045858     0.02297108    -0.14195203   
  17  -0.00001698    -0.00002504     0.67999754     0.00023199    -0.32884838     0.06645481   
  18   0.00000001    -0.00000002    -0.00000201    -0.00061419     0.00000094     0.00000180   
  19  -0.00000009    -0.00000017    -0.00010394     0.00000147    -0.00080329     0.00016244   
  20  -0.00000009    -0.00000012    -0.00000198    -0.00690424     0.00000156     0.00002177   
  21  -0.00000018    -0.00000028     0.00922338    -0.00000103     0.00040416    -0.00008277   
  22  -0.00012177    -0.00014167     0.00000099     0.00000559     0.00104872     0.00166707   
  23  -0.00014202     0.00012154    -0.00000132     0.00000480    -0.00116249     0.00118709   
  24   0.00000009     0.00000009    -0.00000025     0.00284245    -0.00000090    -0.00000834   
  25   0.00001229    -0.00006455     0.00000016    -0.00000016    -0.00000167    -0.00000010   
  26  -0.00000017    -0.00000022     0.00911135    -0.00000278    -0.00056380     0.00011367   
  27  -0.00000008    -0.00000010    -0.00000694    -0.00443738     0.00000263     0.00001286   
  28   0.00000025     0.00000028    -0.00332258     0.00000031     0.00100982    -0.00020417   
  29   0.00164733     0.00034019     0.00000026    -0.00000041    -0.00000636    -0.00010860   
  30   0.00034029    -0.00164601    -0.00000005    -0.00000002     0.00008254     0.00000420   
  31  -0.00000004    -0.00000090    -0.00000965    -0.00167723    -0.00002550     0.00000402   
  32  -0.00000174    -0.00000071    -0.00074953     0.00002154    -0.00103474     0.00017497   
  33  -0.00008633    -0.00006137     0.00001250     0.00000242    -0.00065505    -0.00175219   
  34  -0.00006113     0.00008698     0.00000413    -0.00001399     0.00127416    -0.00068336   
  35   0.00000050     0.00000037     0.00000039    -0.00105547    -0.00000045     0.00000300   
  36   0.00064828    -0.00001189    -0.00000006    -0.00000101     0.00007112    -0.00061835   
  37  -0.00001095    -0.00064909     0.00000025    -0.00000017     0.00048600     0.00016544   
  38  -0.00000040    -0.00000051     0.01569115     0.00000004    -0.00171562     0.00034633   
  39   0.00000019     0.00000017     0.00000273     0.00828185    -0.00000358    -0.00002414   
  40  -0.00000003    -0.00000004     0.00116721     0.00000007    -0.00032980     0.00006671   
  41  -0.00000597    -0.00000114    -0.00000001    -0.00000001    -0.00000006    -0.00000140   
  42  -0.00000000    -0.00000001     0.00000016     0.00007851    -0.00000001    -0.00000038   
  43   0.00010076     0.00007637     0.00000013     0.00000065     0.00006595     0.00015766   
  44   0.00007670    -0.00009989    -0.00000022     0.00000034    -0.00011432     0.00006830   
  45  -0.00027287    -0.00006982    -0.00000001     0.00000034     0.00000841     0.00008982   
  46  -0.00006955     0.00027226    -0.00000007     0.00000001    -0.00006845     0.00000064   
  47  -0.00000047    -0.00000007     0.00020716     0.00006006     0.00028406    -0.00006180   
  48   0.00000023    -0.00000049    -0.00002607     0.00047787    -0.00003888     0.00000636   
  49   0.00005451     0.00004748     0.00000135     0.00000315     0.00025917     0.00054060   
  50   0.00004737    -0.00005474     0.00000056    -0.00000211    -0.00038606     0.00027575   
  51  -0.00000003    -0.00000002     0.00103786     0.00000016     0.00006092    -0.00001239   
  52  -0.00000004    -0.00000002    -0.00000020    -0.00105106     0.00000039     0.00000310   
  53   0.00000005     0.00000005    -0.00154265    -0.00000009     0.00023797    -0.00004805   
  54  -0.00000000    -0.00000000     0.00000005    -0.00012394     0.00000000     0.00000037   
  55   0.00000001     0.00000002    -0.00018859    -0.00000006     0.00006070    -0.00001222   
  56   0.00000097     0.00000142    -0.00000002    -0.00000020    -0.00004816    -0.00006330   
  57   0.00000143    -0.00000099    -0.00000006    -0.00000023     0.00004326    -0.00005596   
  58   0.00000001     0.00000000     0.00000039     0.00020093    -0.00000004    -0.00000065   
  59   0.00000001     0.00000000    -0.00030271     0.00000023    -0.00004560     0.00000926   
  60  -0.00000000     0.00000000    -0.00000004    -0.00016291    -0.00000001     0.00000051   
           13             14             15             16             17             18       
   1   0.00416374    -0.00003804    -0.00269858     0.00000064    -0.00000157     0.00001407   
   2   0.00003253     0.00494983    -0.00001616    -0.00000050     0.00000185    -0.00183089   
   3   0.00300089    -0.00000129    -0.00000165    -0.00117308     0.00367380    -0.00000006   
   4   0.00207828    -0.00000063     0.00000048    -0.00367657    -0.00117472    -0.00000019   
   5   0.00166166     0.00000438    -0.00199480     0.00000170    -0.00000283    -0.00000461   
   6   0.00000479     0.00673340     0.00000745    -0.00000069     0.00000463    -0.00608698   
   7   0.03267136     0.00000217     0.00001892     0.00022905     0.00141399     0.00000005   
   8   0.06039824    -0.00001652    -0.00005479    -0.00136795     0.00021744     0.00000000   
   9   0.04271563    -0.00270525     0.76459542    -0.00013926     0.00027909     0.00000177   
  10  -0.00164828    -0.86317759    -0.00152946     0.00003682    -0.00026656     0.00073817   
  11  -0.35521709    -0.41948494     0.19931059     0.00024931     0.00010072    -0.00016427   
  12   0.53539546    -0.28002503    -0.30239762    -0.00005493    -0.00000241    -0.00010784   
  13  -0.01817429     0.00008716    -0.00013895    -0.09582620    -0.11767508    -0.00000106   
  14   0.65514607    -0.00020895     0.00006234     0.11776116    -0.09572187     0.00000014   
  15   0.08960275    -0.00019003    -0.00015652    -0.97090849     0.18511615     0.00000001   
  16   0.04517149    -0.00016738    -0.00034708     0.18510836     0.97092762    -0.00000030   
  17   0.37545759    -0.00060635     0.53286252    -0.00012782     0.00022663    -0.00000254   
  18  -0.00000148    -0.00066611    -0.00000135     0.00000006    -0.00000048    -0.99994699   
  19   0.00091868    -0.00000108     0.00278730    -0.00000088     0.00000160    -0.00000193   
  20  -0.00000661    -0.00883101    -0.00000318     0.00000091    -0.00000602     0.00171434   
  21  -0.00047132     0.00000262    -0.00622275     0.00000279    -0.00000489    -0.00000002   
  22   0.00062104    -0.00000048     0.00000038    -0.00014878    -0.00007115     0.00000001   
  23  -0.00122586     0.00000007    -0.00000010     0.00007083    -0.00014819    -0.00000005   
  24   0.00000340     0.00578656     0.00000280    -0.00000063     0.00000353     0.00441131   
  25  -0.00000148    -0.00000029    -0.00000027     0.00000110    -0.00000054    -0.00000009   
  26   0.00063745     0.00000006    -0.00813238     0.00000312    -0.00000580     0.00000107   
  27  -0.00000655    -0.00861249    -0.00000031     0.00000095    -0.00000527     0.00430923   
  28  -0.00115243     0.00000149     0.00107938    -0.00000046     0.00000099    -0.00000243   
  29   0.00001386    -0.00000001     0.00000001     0.00000208     0.00000417     0.00000011   
  30   0.00007125     0.00000002    -0.00000002    -0.00000374     0.00000190    -0.00000018   
  31   0.00000492     0.00030075    -0.00000035     0.00000056    -0.00000036     0.00005892   
  32   0.00117772    -0.00000455    -0.00006879     0.00000074     0.00000140    -0.00000067   
  33  -0.00029889    -0.00000094     0.00000078     0.00007512     0.00006193    -0.00000027   
  34   0.00122602     0.00000186     0.00000054    -0.00006215     0.00007443     0.00000041   
  35  -0.00000048    -0.00070689     0.00000019    -0.00000129    -0.00000188    -0.00339367   
  36   0.00017160     0.00000144     0.00000089    -0.00048218    -0.00192357     0.00000268   
  37   0.00039570     0.00000004     0.00000080     0.00192308    -0.00048084    -0.00000170   
  38   0.00194966     0.00000626    -0.01232020     0.00000478    -0.00000921     0.00000074   
  39   0.00001072     0.01656288     0.00000817    -0.00000196     0.00001025    -0.00333393   
  40   0.00037645     0.00000058    -0.00090000     0.00000031    -0.00000067    -0.00000004   
  41   0.00000018    -0.00000003     0.00000000    -0.00000004    -0.00000009    -0.00000001   
  42   0.00000001    -0.00037057    -0.00000043     0.00000004    -0.00000016    -0.00077812   
  43   0.00002966     0.00000013     0.00000006    -0.00046916    -0.00036095     0.00000003   
  44  -0.00011195     0.00000026     0.00000033     0.00036141    -0.00046894     0.00000000   
  45  -0.00000858     0.00000002     0.00000003    -0.00003135    -0.00005568    -0.00000004   
  46  -0.00005991     0.00000002     0.00000001     0.00005540    -0.00003125     0.00000001   
  47  -0.00032496    -0.00001406     0.00004835    -0.00000020    -0.00000048     0.00000292   
  48   0.00003808    -0.00011301    -0.00000625    -0.00000044     0.00000039     0.00002314   
  49   0.00012750    -0.00000054     0.00000042     0.00007017     0.00004738     0.00000005   
  50  -0.00038868     0.00000073     0.00000004    -0.00004729     0.00007034    -0.00000016   
  51  -0.00007055     0.00000097    -0.00105715     0.00000042    -0.00000077    -0.00000026   
  52  -0.00000125    -0.00195962    -0.00000108     0.00000024    -0.00000125    -0.00051885   
  53  -0.00027093    -0.00000040     0.00096308    -0.00000039     0.00000078    -0.00000011   
  54  -0.00000011    -0.00027666    -0.00000003     0.00000004    -0.00000017    -0.00069177   
  55  -0.00006928     0.00000009    -0.00017907     0.00000000    -0.00000003    -0.00000020   
  56  -0.00003087     0.00000003    -0.00000001    -0.00008570    -0.00003039    -0.00000000   
  57   0.00004762     0.00000002    -0.00000007     0.00003037    -0.00008570    -0.00000002   
  58   0.00000018     0.00020718    -0.00000005    -0.00000001     0.00000013     0.00014986   
  59   0.00005245     0.00000006     0.00031238    -0.00000012     0.00000021     0.00000031   
  60  -0.00000011    -0.00024426     0.00000004     0.00000002    -0.00000015    -0.00020086   
           19             20             21             22             23             24       
   1   0.00000949    -0.00004036     0.00529686    -0.00000003    -0.00000006     0.00002475   
   2   0.00000009     0.00556053     0.00003749    -0.00000003     0.00000006    -0.00331959   
   3   0.00000000     0.00000016    -0.00000018     0.00001105    -0.00034375    -0.00000010   
   4  -0.00000003     0.00000045     0.00000042    -0.00034421    -0.00001086    -0.00000029   
   5  -0.00387536     0.00000341     0.00385851     0.00000001    -0.00000006     0.00000105   
   6   0.00000565     0.00376689    -0.00000615     0.00000001     0.00000005     0.00004041   
   7   0.00000003    -0.00000036    -0.00000020     0.00019239    -0.00035211     0.00000012   
   8   0.00000001     0.00000010     0.00000103    -0.00035248    -0.00019266    -0.00000000   
   9  -0.00133463    -0.00001736    -0.00748610     0.00000149     0.00000060     0.00000914   
  10   0.00000380    -0.00779137     0.00001981     0.00000190    -0.00000070     0.00419796   
  11   0.00004186     0.00143398     0.00096609    -0.00000461     0.00000057     0.00015883   
  12  -0.00006093     0.00093854    -0.00144346     0.00000091     0.00000296     0.00011215   
  13   0.00000065     0.00001050     0.00000494     0.00170216    -0.00103590    -0.00000343   
  14  -0.00000088    -0.00000149    -0.00000745    -0.00103647    -0.00170222     0.00000084   
  15  -0.00000037    -0.00000001    -0.00000254    -0.00039995    -0.00023356    -0.00000006   
  16  -0.00000022     0.00000316    -0.00000146     0.00023399    -0.00039911    -0.00000155   
  17  -0.00223527     0.00000084     0.00169782    -0.00000001    -0.00000006     0.00000072   
  18  -0.00000189     0.00130933    -0.00000022     0.00000001     0.00000004     0.00510422   
  19   0.99902789    -0.00000926     0.02947572    -0.00000016    -0.00000005     0.00000412   
  20   0.00001691     0.98864436    -0.00017908    -0.00000482    -0.00000401    -0.05508284   
  21   0.03365359    -0.00018309    -0.98944651     0.00000573    -0.00000488    -0.00001012   
  22  -0.00000007     0.00000431     0.00000607     0.99448102    -0.10479453    -0.00000118   
  23  -0.00000030    -0.00000389     0.00000377    -0.10479453    -0.99448102     0.00000365   
  24  -0.00000615     0.07450096    -0.00003326     0.00000129     0.00000368     0.98618574   
  25   0.00000061    -0.00000364     0.00000301    -0.00007692    -0.00007814     0.00002110   
  26   0.02080958    -0.00002259     0.10394168     0.00000048    -0.00000296     0.00012571   
  27   0.00000007    -0.08292001    -0.00002140    -0.00000004    -0.00000176     0.13563364   
  28   0.00153702     0.00000764    -0.02352621     0.00000008     0.00000046    -0.00001741   
  29  -0.00000013    -0.00000032     0.00000114     0.00018152    -0.00017372     0.00000025   
  30   0.00000002     0.00000039    -0.00000031    -0.00017228    -0.00018024    -0.00000042   
  31  -0.00000017     0.00216101     0.00003838    -0.00001838    -0.00001110    -0.00015379   
  32  -0.00000399    -0.00002759     0.00305571    -0.00003817     0.00002470     0.00000268   
  33   0.00000006    -0.00001061    -0.00005316    -0.00238243     0.00087341     0.00000041   
  34   0.00000001     0.00001448    -0.00001243     0.00087469     0.00238270    -0.00000105   
  35   0.00000202    -0.00022783    -0.00000102    -0.00000323     0.00000138    -0.00271891   
  36  -0.00000006    -0.00000042    -0.00000006    -0.00205836     0.00309724     0.00000257   
  37   0.00000002     0.00000019     0.00000086     0.00309816     0.00205683    -0.00000174   
  38   0.01809532     0.00002697     0.09176707    -0.00000021    -0.00000131    -0.00000220   
  39  -0.00000873     0.09921610    -0.00003126    -0.00000024     0.00000130    -0.07641658   
  40   0.00293266     0.00000573     0.01025546    -0.00000004    -0.00000013    -0.00000332   
  41  -0.00000005    -0.00000034    -0.00000008     0.00000026    -0.00000025     0.00000035   
  42   0.00000263    -0.00466908     0.00000410     0.00000002    -0.00000005     0.00480831   
  43   0.00000004     0.00000037     0.00000031    -0.00056728     0.00018482    -0.00000028   
  44  -0.00000004    -0.00000007    -0.00000014     0.00018506     0.00056712     0.00000003   
  45   0.00000004     0.00000009    -0.00000005    -0.00011229     0.00009793    -0.00000002   
  46  -0.00000002    -0.00000001    -0.00000002     0.00009764     0.00011223    -0.00000005   
  47  -0.00003858    -0.00004609    -0.00040074    -0.00000198     0.00000193     0.00002748   
  48   0.00000490    -0.00036588     0.00005051    -0.00000160    -0.00000262     0.00021868   
  49  -0.00000026    -0.00000130    -0.00000243     0.00040341    -0.00010373     0.00000082   
  50  -0.00000013     0.00000236    -0.00000148    -0.00010392    -0.00040329    -0.00000142   
  51   0.00074985     0.00000360     0.00676819     0.00000000    -0.00000009    -0.00000062   
  52   0.00000211    -0.01291338     0.00000478     0.00000004    -0.00000015     0.00884676   
  53  -0.00401031    -0.00000296    -0.00883080     0.00000003     0.00000011     0.00000060   
  54   0.00000031    -0.00179652     0.00000021     0.00000001    -0.00000001     0.00092318   
  55   0.00004664    -0.00000010     0.00029749    -0.00000008    -0.00000028    -0.00000049   
  56  -0.00000001     0.00000002    -0.00000001    -0.00050294    -0.00000019     0.00000002   
  57   0.00000009    -0.00000026     0.00000039    -0.00000013     0.00050278     0.00000017   
  58   0.00000035     0.00164350     0.00000101     0.00000002     0.00000011    -0.00161653   
  59  -0.00090974     0.00000127    -0.00217943    -0.00000002     0.00000010    -0.00000125   
  60  -0.00000001    -0.00158688    -0.00000024    -0.00000000    -0.00000004     0.00072006   
           25             26             27             28             29             30       
   1  -0.00000009    -0.00737646     0.00004755    -0.00303454     0.00000020     0.00000004   
   2   0.00000023    -0.00005059    -0.00696645    -0.00002116    -0.00000006    -0.00000008   
   3   0.00000536     0.00000026    -0.00000023     0.00000015    -0.00003351     0.00003255   
   4   0.00000564    -0.00000062    -0.00000061    -0.00000024     0.00003290     0.00003305   
   5  -0.00000003    -0.00350408    -0.00000683    -0.00384846     0.00000031     0.00000006   
   6   0.00000005     0.00000773    -0.00542670     0.00000606    -0.00000010    -0.00000014   
   7  -0.00001891     0.00000020     0.00000025     0.00000024     0.00159187    -0.00050727   
   8  -0.00006296    -0.00000098    -0.00000004    -0.00000048    -0.00050736    -0.00159037   
   9   0.00000008     0.00843715     0.00002052     0.00262564    -0.00000029    -0.00000025   
  10  -0.00000029    -0.00002204     0.00717060    -0.00000591    -0.00000008     0.00000001   
  11   0.00000001    -0.00002161     0.00012475     0.00025787     0.00000018     0.00000016   
  12  -0.00000002     0.00001839     0.00009407    -0.00039287     0.00000011    -0.00000012   
  13  -0.00000197    -0.00000390    -0.00000620    -0.00000087    -0.00006405    -0.00001433   
  14   0.00000840     0.00000490     0.00000147     0.00000066    -0.00001382     0.00006474   
  15   0.00000239     0.00000254    -0.00000009     0.00000069    -0.00000874    -0.00003024   
  16   0.00000065     0.00000159    -0.00000262     0.00000048     0.00003060    -0.00000871   
  17   0.00000010    -0.00095975    -0.00000206    -0.00220382     0.00000026     0.00000012   
  18  -0.00000023     0.00000007    -0.00294546     0.00000185    -0.00000013    -0.00000021   
  19  -0.00000030    -0.01963651    -0.00000034    -0.00020738    -0.00000003     0.00000002   
  20   0.00000362     0.00004657    -0.06964738     0.00001185    -0.00000050    -0.00000070   
  21   0.00000121     0.08001847     0.00003176     0.02738479    -0.00000194    -0.00000045   
  22   0.00006859    -0.00000128    -0.00000034    -0.00000022     0.00023963     0.00018360   
  23  -0.00008613    -0.00000282     0.00000219    -0.00000082     0.00018495    -0.00023816   
  24  -0.00001920    -0.00012181     0.11376810    -0.00002295     0.00000061     0.00000102   
  25   0.99999992     0.00001411    -0.00000751     0.00000271    -0.00000618    -0.00037405   
  26  -0.00001524     0.96801186     0.00009541     0.12758281    -0.00000926    -0.00000242   
  27  -0.00001139     0.00009238    -0.96972707    -0.00004802    -0.00000393    -0.00000604   
  28   0.00000102     0.14639856     0.00006021    -0.98590870     0.00001833     0.00000076   
  29  -0.00000575    -0.00000762     0.00000428    -0.00002027    -0.99978533     0.00112161   
  30   0.00037292     0.00000250    -0.00000635     0.00000121     0.00112202     0.99978260   
  31   0.00000041    -0.00008842     0.00217501     0.00033605    -0.00001252    -0.00006152   
  32   0.00000011    -0.00707381    -0.00002905     0.02660621    -0.00014332    -0.00002582   
  33   0.00001888     0.00012154    -0.00001186    -0.00046276    -0.00689183    -0.00304734   
  34  -0.00004180     0.00003005     0.00001451    -0.00010523    -0.00300316     0.00701511   
  35   0.00000035     0.00001736    -0.04527983     0.00005042     0.00001825     0.00001165   
  36  -0.00001504     0.00000049     0.00003766     0.00000195     0.01863166    -0.00424278   
  37  -0.00007185    -0.00000321    -0.00002454    -0.00000485    -0.00420547    -0.01871329   
  38  -0.00000204    -0.18414564    -0.00013631    -0.10049802     0.00000694     0.00000161   
  39   0.00000541     0.00010908    -0.19829496     0.00004192    -0.00000187    -0.00000270   
  40  -0.00000020    -0.01885969    -0.00001593    -0.00739493     0.00000046     0.00000016   
  41  -0.00000003     0.00000013     0.00000038     0.00000008     0.00012222    -0.00000190   
  42  -0.00000029    -0.00000786     0.00568878    -0.00000385     0.00000005     0.00000022   
  43  -0.00001414    -0.00000041    -0.00000044     0.00000003     0.00061865     0.00029711   
  44   0.00002834     0.00000027    -0.00000002     0.00000018     0.00029672    -0.00062074   
  45  -0.00000147     0.00000012    -0.00000015    -0.00000021    -0.00181052    -0.00008174   
  46   0.00002346     0.00000003     0.00000001     0.00000006    -0.00008282     0.00181028   
  47   0.00000000     0.00049242     0.00002113    -0.00035135     0.00000012     0.00000004   
  48   0.00000000    -0.00006216     0.00016744     0.00004409    -0.00000001     0.00000006   
  49  -0.00000107     0.00000309     0.00000087    -0.00000176    -0.00000762    -0.00000463   
  50   0.00000186     0.00000175    -0.00000102    -0.00000168    -0.00000422     0.00000818   
  51  -0.00000010    -0.01036717    -0.00000900    -0.00335435     0.00000012    -0.00000004   
  52  -0.00000059    -0.00001163     0.01672287    -0.00000367     0.00000009     0.00000021   
  53   0.00000019     0.01267631     0.00000890     0.00663815    -0.00000050    -0.00000020   
  54  -0.00000006    -0.00000022     0.00173425    -0.00000040     0.00000002     0.00000008   
  55   0.00000002     0.00039749     0.00000002    -0.00128802     0.00000018    -0.00000003   
  56   0.00000286    -0.00000006    -0.00000003     0.00000009    -0.00009971    -0.00009543   
  57  -0.00000290     0.00000001     0.00000031    -0.00000102    -0.00009527     0.00010000   
  58   0.00000010    -0.00000112    -0.00161184     0.00000001     0.00000000     0.00000002   
  59   0.00000004     0.00302961    -0.00000025     0.00091377    -0.00000006    -0.00000002   
  60  -0.00000005    -0.00000011     0.00195061    -0.00000012     0.00000001     0.00000001   
           31             32             33             34             35             36       
   1   0.00000239    -0.00023742    -0.00000204     0.00000057    -0.00000023     0.00000011   
   2   0.00028321     0.00000342    -0.00000178    -0.00000062     0.00000672    -0.00000009   
   3  -0.00000043    -0.00000075     0.00001492    -0.00022963     0.00000006     0.00107816   
   4  -0.00000146     0.00000186    -0.00022973    -0.00001498    -0.00000006    -0.00014165   
   5  -0.00000469     0.00025264     0.00000209    -0.00000070     0.00000163     0.00000006   
   6  -0.00006837    -0.00000153     0.00000044     0.00000012     0.00184435    -0.00000013   
   7  -0.00000023     0.00000065    -0.00004893     0.00008271     0.00000010     0.00069512   
   8   0.00000071    -0.00000074     0.00008301     0.00004891    -0.00000014     0.00024482   
   9  -0.00001051     0.00057449     0.00000363    -0.00000205     0.00000116     0.00000034   
  10  -0.00057148    -0.00001390     0.00000185     0.00000188     0.00075957    -0.00000027   
  11   0.00133852    -0.00087847    -0.00001139    -0.00000102    -0.00050281    -0.00000039   
  12   0.00085092     0.00137552     0.00000535    -0.00000817    -0.00033243    -0.00000095   
  13  -0.00000468     0.00001482    -0.00163563     0.00092209    -0.00000175     0.00052503   
  14   0.00000964    -0.00000017     0.00092414     0.00163688     0.00000009     0.00061242   
  15   0.00000193    -0.00000142     0.00028210     0.00017756     0.00000010    -0.00067636   
  16  -0.00000008     0.00000223    -0.00017748     0.00028098    -0.00000051    -0.00176347   
  17  -0.00000337     0.00018155     0.00000154    -0.00000048     0.00000068    -0.00000001   
  18   0.00013566     0.00000261    -0.00000076    -0.00000040     0.00352107    -0.00000021   
  19  -0.00000259     0.00015047     0.00000127    -0.00000040     0.00000158    -0.00000005   
  20  -0.00192133    -0.00003572     0.00001175     0.00000442     0.00351510    -0.00000055   
  21   0.00004700    -0.00254878    -0.00002131     0.00000688     0.00000271    -0.00000031   
  22   0.00001639    -0.00002274     0.00263649    -0.00018903    -0.00000036    -0.00096490   
  23  -0.00000707    -0.00000524    -0.00019032    -0.00263642    -0.00000028    -0.00351492   
  24  -0.00042745    -0.00000765     0.00000282     0.00000108    -0.00817755     0.00000067   
  25  -0.00000029     0.00000013    -0.00003436    -0.00003741     0.00000063    -0.00003847   
  26   0.00004736    -0.00260370    -0.00002028     0.00000790     0.00001904    -0.00000079   
  27   0.00322258     0.00006039    -0.00001982    -0.00000816     0.04412878    -0.00000325   
  28   0.00050470    -0.02755900    -0.00023054     0.00007168    -0.00004907     0.00000015   
  29  -0.00001867     0.00006670    -0.00521499     0.00467172    -0.00000320    -0.01542383   
  30   0.00004134    -0.00002644     0.00474980     0.00531429     0.00000625    -0.01166099   
  31   0.99976453     0.00573278     0.00076604     0.00236579    -0.02044180    -0.00007864   
  32   0.00573827    -0.99954748     0.00687830    -0.00663711     0.00029473     0.00031896   
  33  -0.00003870     0.00861070     0.94932501    -0.31292196     0.00008310     0.01318620   
  34   0.00246447     0.00416404    -0.31296160    -0.94933650    -0.00014804     0.02340272   
  35  -0.02031953    -0.00040846     0.00013224     0.00005575    -0.99874698    -0.00045367   
  36   0.00007266    -0.00018784     0.01564351    -0.02196946     0.00070653    -0.91111126   
  37  -0.00018696     0.00015185    -0.02199165    -0.01570677    -0.00046610    -0.41079880   
  38  -0.00003054     0.00173250     0.00001280    -0.00000610    -0.00000138     0.00000136   
  39   0.00024401     0.00000338    -0.00000255     0.00000018     0.00591466    -0.00000208   
  40   0.00001341    -0.00069450    -0.00000606     0.00000163    -0.00000010     0.00000005   
  41  -0.00000004    -0.00000003     0.00000340    -0.00000314    -0.00000012     0.00002959   
  42  -0.00101294    -0.00001928     0.00000626     0.00000231    -0.00196855     0.00000003   
  43  -0.00000026     0.00000048    -0.00005572     0.00001562     0.00000011     0.00061667   
  44   0.00000021     0.00000000     0.00001681     0.00005627     0.00000008     0.00119542   
  45  -0.00000013     0.00000028    -0.00002774     0.00002250    -0.00000015    -0.00042384   
  46   0.00000025    -0.00000008     0.00002323     0.00002838     0.00000011    -0.00035227   
  47  -0.00005984     0.00043374     0.00000655    -0.00000340     0.00006803    -0.00000410   
  48  -0.00041039    -0.00006224     0.00000397     0.00000449     0.00054025     0.00000433   
  49  -0.00000423     0.00000699    -0.00051587     0.00011398     0.00000153     0.00030589   
  50   0.00000461     0.00000231     0.00011549     0.00051627    -0.00000362     0.00069633   
  51  -0.00001430     0.00075226     0.00000639    -0.00000200    -0.00000034     0.00000022   
  52   0.00032100     0.00000600    -0.00000197    -0.00000081    -0.00059339     0.00000032   
  53   0.00000123    -0.00007083    -0.00000053     0.00000031     0.00000020    -0.00000016   
  54  -0.00022989    -0.00000429     0.00000138     0.00000055    -0.00155371     0.00000006   
  55   0.00000306    -0.00017336    -0.00000149     0.00000048    -0.00000100     0.00000091   
  56   0.00000051    -0.00000063     0.00007391     0.00000257    -0.00000007    -0.00027786   
  57  -0.00000009    -0.00000027     0.00000238    -0.00007397    -0.00000010    -0.00169606   
  58  -0.00026545    -0.00000474     0.00000163     0.00000064    -0.00072386    -0.00000028   
  59   0.00000269    -0.00015010    -0.00000128     0.00000041     0.00000003    -0.00000025   
  60   0.00001560     0.00000027    -0.00000010    -0.00000005    -0.00007493     0.00000009   
           37             38             39       
   1  -0.00000004     0.02804486     0.00035014   
   2   0.00000002     0.00035072    -0.02772851   
   3  -0.00014230    -0.00000093    -0.00000082   
   4  -0.00107876     0.00000238    -0.00000239   
   5  -0.00000010     0.01600264     0.00006991   
   6  -0.00000016     0.00006786    -0.01736234   
   7   0.00024319    -0.00000068     0.00000069   
   8  -0.00069589     0.00000277    -0.00000014   
   9   0.00000017    -0.02232717    -0.00006638   
  10   0.00000039    -0.00006566     0.02142434   
  11  -0.00000124    -0.00053486     0.00082537   
  12   0.00000043     0.00083421     0.00058844   
  13   0.00061271     0.00000977    -0.00001737   
  14  -0.00052706    -0.00001100     0.00000452   
  15   0.00176294    -0.00000664    -0.00000057   
  16  -0.00067791    -0.00000444    -0.00000799   
  17   0.00000000     0.00593887     0.00002829   
  18  -0.00000023     0.00001660    -0.00335200   
  19  -0.00000006     0.02578157     0.00014486   
  20  -0.00000076     0.00062022    -0.11964881   
  21   0.00000087    -0.11116369    -0.00058294   
  22  -0.00351651     0.00000077    -0.00000022   
  23   0.00096386     0.00000232     0.00000245   
  24   0.00000115    -0.00046860     0.09317655   
  25   0.00005277    -0.00000472    -0.00000508   
  26   0.00000304    -0.18597742    -0.00102492   
  27  -0.00000499     0.00102280    -0.17761206   
  28  -0.00000397     0.07117110     0.00039767   
  29  -0.01159079    -0.00000339    -0.00000104   
  30   0.01548580     0.00000094     0.00000139   
  31   0.00021640    -0.00003561     0.00010658   
  32   0.00036233    -0.00284294    -0.00001759   
  33   0.02337598     0.00004845     0.00000090   
  34  -0.01324744     0.00001300     0.00000128   
  35  -0.00071633     0.00001555    -0.00318884   
  36  -0.41080147     0.00000013     0.00000048   
  37   0.91110947    -0.00000292    -0.00000075   
  38  -0.00000382    -0.94411631    -0.00480802   
  39  -0.00000266    -0.00482737     0.94848774   
  40  -0.00000032    -0.12990318    -0.00063380   
  41   0.00002158     0.00000109    -0.00000410   
  42   0.00000030     0.00026341    -0.06070701   
  43   0.00119500    -0.00000487     0.00000478   
  44  -0.00062150     0.00000151    -0.00000172   
  45  -0.00035079     0.00000027     0.00000095   
  46   0.00042544     0.00000013    -0.00000064   
  47  -0.00000279     0.00145511    -0.00008747   
  48  -0.00000355    -0.00017962    -0.00075936   
  49   0.00069648     0.00001148    -0.00000599   
  50  -0.00030722     0.00000253     0.00000379   
  51  -0.00000014    -0.09743901    -0.00047083   
  52   0.00000014     0.00092969    -0.18540393   
  53   0.00000021     0.15109186     0.00076987   
  54   0.00000013     0.00019895    -0.03843034   
  55  -0.00000043    -0.00210483    -0.00001787   
  56  -0.00169679     0.00000091    -0.00000101   
  57   0.00027808    -0.00000490    -0.00000512   
  58   0.00000014    -0.00031038     0.05009137   
  59   0.00000000     0.07178594     0.00042324   
  60  -0.00000002     0.00026055    -0.04693295   

 -----------------------------------------------------------------------------------------------
  Virtual Orbital Coefficients
 -----------------------------------------------------------------------------------------------
           40             41             42             43             44             45       
   1   0.00088253     0.00000000     0.00000543    -0.00000004    -0.00000009     0.00000001   
   2   0.00000687     0.00000023    -0.00067102    -0.00000004     0.00000010    -0.00000002   
   3  -0.00000001    -0.00000279    -0.00000000    -0.00004212    -0.00076321     0.00003211   
   4   0.00000006     0.00000266    -0.00000003     0.00076351    -0.00004183     0.00003570   
   5  -0.00028029    -0.00000001     0.00000030     0.00000002    -0.00000001    -0.00000000   
   6  -0.00000001    -0.00000021     0.00066454    -0.00000000    -0.00000001     0.00000005   
   7  -0.00000004     0.00000867     0.00000004    -0.00004444    -0.00007656    -0.00007811   
   8   0.00000018    -0.00000263    -0.00000002     0.00007607    -0.00004361    -0.00028906   
   9  -0.00136273    -0.00000001     0.00000116     0.00000014    -0.00000017    -0.00000002   
  10   0.00000263    -0.00000032     0.00093709     0.00000016     0.00000016     0.00000002   
  11   0.00010764     0.00000004    -0.00016262    -0.00000030    -0.00000001    -0.00000004   
  12  -0.00015970     0.00000003    -0.00010654     0.00000006    -0.00000014     0.00000001   
  13   0.00000078     0.00000472    -0.00000124     0.00007933     0.00004576     0.00000550   
  14  -0.00000113     0.00000111     0.00000017    -0.00004616     0.00007984    -0.00002089   
  15  -0.00000044    -0.00000068    -0.00000001    -0.00053100     0.00032743    -0.00002707   
  16  -0.00000027     0.00000251    -0.00000037     0.00032706     0.00053055    -0.00000646   
  17   0.00020180    -0.00000000     0.00000004    -0.00000000     0.00000001    -0.00000000   
  18   0.00000002     0.00000030    -0.00098956     0.00000003     0.00000004    -0.00000002   
  19  -0.00027782    -0.00000003    -0.00000098     0.00000004    -0.00000000    -0.00000001   
  20   0.00000078     0.00000068    -0.00195271     0.00000016     0.00000009     0.00000006   
  21  -0.00316229    -0.00000003    -0.00000232    -0.00000015     0.00000009    -0.00000000   
  22   0.00000005     0.00000486    -0.00000000     0.00061698     0.00005055     0.00007784   
  23   0.00000008     0.00000387     0.00000007    -0.00005072     0.00061678    -0.00009221   
  24   0.00000062    -0.00000019     0.00055719    -0.00000016    -0.00000006    -0.00000013   
  25  -0.00000018    -0.00000003    -0.00000009     0.00002275    -0.00002418     0.00002047   
  26  -0.00709836    -0.00000006    -0.00000660    -0.00000042     0.00000023    -0.00000002   
  27   0.00000861     0.00000219    -0.00609133     0.00000049     0.00000025     0.00000004   
  28   0.00535788    -0.00000001     0.00000243     0.00000035    -0.00000007    -0.00000005   
  29  -0.00000031    -0.00021441    -0.00000008     0.00043083     0.00039361    -0.00007987   
  30   0.00000003    -0.00000309    -0.00000011    -0.00039484     0.00043262     0.00186397   
  31  -0.00001388    -0.00000032     0.00099410     0.00000008    -0.00000012     0.00000020   
  32  -0.00105758     0.00000011    -0.00001341     0.00000026     0.00000019     0.00000004   
  33   0.00001840     0.00000619    -0.00000496     0.00002042     0.00000649     0.00000702   
  34   0.00000423     0.00000280     0.00000661    -0.00000764     0.00002099    -0.00001435   
  35  -0.00000010     0.00000060    -0.00192600     0.00000103     0.00000052    -0.00000033   
  36  -0.00000005    -0.00006007     0.00000137     0.00072399     0.00103843     0.00011295   
  37  -0.00000018     0.00001259    -0.00000109    -0.00104127     0.00072772     0.00062567   
  38  -0.13687581    -0.00000077    -0.00004402    -0.00000378     0.00000403    -0.00000029   
  39  -0.00003223    -0.00002070     0.05769994    -0.00000415    -0.00000390    -0.00000032   
  40   0.99010949    -0.00000180     0.00002049    -0.00000132    -0.00000054    -0.00000174   
  41  -0.00000154    -0.99876766    -0.00028142     0.00118729     0.00111763     0.00144434   
  42  -0.00002426    -0.00028050     0.99753546     0.00000329    -0.00001598     0.00001330   
  43   0.00000063    -0.00158502     0.00000268     0.95527487     0.28724383    -0.03252513   
  44   0.00000084    -0.00079029     0.00001506    -0.28725250     0.95527049     0.06090562   
  45   0.00000208     0.04950183     0.00000687     0.05275504     0.04392231     0.08937613   
  46  -0.00000168     0.00300587     0.00001508    -0.04380831     0.05278816    -0.99286325   
  47  -0.00331801    -0.00000538     0.00214220     0.00003236     0.00007506     0.00000783   
  48   0.00041514    -0.00000346     0.01709942     0.00002115    -0.00010186     0.00030326   
  49  -0.00001789     0.00056628     0.00004395    -0.01296805    -0.00306011    -0.02013622   
  50  -0.00001461     0.00032844    -0.00011588     0.00297653    -0.01294964     0.03248163   
  51  -0.01381621    -0.00000123    -0.00001494    -0.00001195    -0.00002534     0.00000868   
  52  -0.00001267     0.00000701    -0.02858692     0.00000522    -0.00001594    -0.00000390   
  53  -0.02528381    -0.00000043     0.00002483     0.00000061     0.00000769     0.00000247   
  54  -0.00000979    -0.00000612     0.01944186    -0.00000049    -0.00000073     0.00000124   
  55   0.00196895    -0.00000000    -0.00000279     0.00000094    -0.00000437    -0.00000063   
  56  -0.00000027    -0.00004479     0.00000022     0.00720204    -0.00016805    -0.00046029   
  57   0.00000131    -0.00004416     0.00000034     0.00016921     0.00719958     0.00044180   
  58   0.00000387     0.00000197    -0.00604808    -0.00000002     0.00000124    -0.00000020   
  59  -0.00314842    -0.00000003    -0.00000360     0.00000021     0.00000090     0.00000017   
  60  -0.00000101     0.00000133    -0.00401985     0.00000015    -0.00000029    -0.00000001   
           46             47             48             49             50             51       
   1   0.00000001    -0.00009518    -0.00001524    -0.00000023     0.00000040    -0.00055803   
   2   0.00000001    -0.00001518     0.00009468    -0.00000033    -0.00000032    -0.00000427   
   3   0.00003553     0.00000015     0.00000021     0.00000345     0.00003314     0.00000008   
   4  -0.00003195    -0.00000002     0.00000002     0.00003311    -0.00000345    -0.00000006   
   5   0.00000000     0.00010792     0.00001637     0.00000020    -0.00000048    -0.00102900   
   6  -0.00000004     0.00001492    -0.00009852     0.00000031     0.00000037     0.00000078   
   7  -0.00028955     0.00000000    -0.00000002     0.00000053    -0.00000095     0.00000002   
   8   0.00007846    -0.00000003     0.00000000    -0.00000078    -0.00000013    -0.00000010   
   9   0.00000001     0.00013047     0.00002006     0.00000076    -0.00000045     0.00083053   
  10  -0.00000002     0.00001940    -0.00013312     0.00000097     0.00000020    -0.00000118   
  11   0.00000004    -0.00031686     0.00034699    -0.00000322     0.00000006     0.00009820   
  12   0.00000000     0.00034915     0.00031543     0.00000042    -0.00000180    -0.00014916   
  13  -0.00001945    -0.00000321     0.00000066     0.00048353    -0.00039270    -0.00000025   
  14  -0.00000522     0.00000016    -0.00000291    -0.00039358    -0.00048386     0.00000018   
  15   0.00000652     0.00000007    -0.00000012    -0.00001907    -0.00000786     0.00000022   
  16  -0.00002718    -0.00000011    -0.00000002     0.00000786    -0.00001875     0.00000014   
  17  -0.00000001     0.00005503     0.00000836     0.00000009    -0.00000025    -0.00049867   
  18   0.00000004     0.00000585    -0.00003829     0.00000009     0.00000016     0.00000018   
  19   0.00000002     0.00005572     0.00000851     0.00000008    -0.00000027    -0.00125632   
  20  -0.00000001     0.00005408    -0.00035375     0.00000100     0.00000143    -0.00000213   
  21   0.00000002    -0.00034432    -0.00005254    -0.00000057     0.00000159     0.00447645   
  22  -0.00009270     0.00000141    -0.00000074    -0.00038978     0.00009544    -0.00000003   
  23  -0.00007835     0.00000114     0.00000186     0.00009583     0.00038961    -0.00000013   
  24   0.00000007    -0.00002568     0.00016787    -0.00000043    -0.00000074     0.00000187   
  25   0.00000055    -0.00000001     0.00000001     0.00000264     0.00000205     0.00000029   
  26   0.00000004    -0.00032358    -0.00004940    -0.00000029     0.00000164     0.01114505   
  27  -0.00000001     0.00001762    -0.00011462     0.00000004     0.00000073    -0.00001167   
  28   0.00000022    -0.00037787    -0.00005774    -0.00000103     0.00000153    -0.00643073   
  29   0.00185567     0.00000039     0.00000007    -0.00003976     0.00005008     0.00000039   
  30   0.00008117    -0.00000005     0.00000035     0.00004852     0.00003868    -0.00000016   
  31  -0.00000005     0.00006805    -0.00040590     0.00000530     0.00000318    -0.00000564   
  32  -0.00000024     0.00045881     0.00007531     0.00000791    -0.00000798    -0.00039787   
  33  -0.00001272    -0.00001038     0.00000108     0.00045179    -0.00023870     0.00000714   
  34  -0.00000623    -0.00000242    -0.00000553    -0.00024025    -0.00045210     0.00000138   
  35   0.00000066     0.00008673    -0.00056757     0.00000238     0.00000175     0.00000042   
  36   0.00062256    -0.00000338    -0.00000165     0.00033504    -0.00069309    -0.00000022   
  37  -0.00011173     0.00000043    -0.00000353    -0.00069475    -0.00033648     0.00000017   
  38  -0.00000030    -0.00108857    -0.00016478     0.00000250     0.00000703     0.12023149   
  39   0.00000074    -0.00012114     0.00078603     0.00000108    -0.00000586     0.00003582   
  40   0.00000147     0.00355440     0.00054098     0.00000810    -0.00001523     0.00683329   
  41  -0.04951049    -0.00001350    -0.00000443     0.00162044    -0.00209957     0.00000143   
  42  -0.00000614    -0.00260428     0.01711600    -0.00005129    -0.00006487    -0.00001316   
  43   0.06093258    -0.00001260    -0.00002320     0.00952892    -0.00459969    -0.00001868   
  44   0.03265120    -0.00004387    -0.00005907    -0.00462892    -0.00953317    -0.00002233   
  45  -0.99156323    -0.00020388    -0.00005220     0.02662915    -0.03063778     0.00000738   
  46  -0.08932576    -0.00001861    -0.00022009    -0.02931336    -0.02579973    -0.00000841   
  47  -0.00028783     0.99936245     0.02635281    -0.00147788     0.00151996     0.02294224   
  48   0.00007683     0.02638937    -0.99949108    -0.00173369    -0.00169340    -0.00287272   
  49   0.03389699     0.00197371    -0.00091572     0.92502363    -0.37761403     0.00012759   
  50   0.02096767     0.00079345     0.00225379    -0.37767857    -0.92502971     0.00009867   
  51  -0.00000956     0.02340582     0.00356059     0.00005458    -0.00010138    -0.98171776   
  52   0.00000286    -0.00042157     0.00274740    -0.00000763    -0.00001057     0.00006397   
  53  -0.00000289     0.00159219     0.00024439     0.00000695    -0.00000577     0.14487719   
  54  -0.00000098     0.00011791    -0.00077162     0.00000306     0.00000248    -0.00000910   
  55   0.00000008    -0.00111628    -0.00017126    -0.00000278     0.00000442    -0.00362252   
  56   0.00043729     0.00000245    -0.00000166    -0.00057119     0.00007785     0.00000062   
  57   0.00045711     0.00000097     0.00000228     0.00007774     0.00057136    -0.00000286   
  58   0.00000022     0.00018074    -0.00117807     0.00000381     0.00000429     0.00000557   
  59  -0.00000012    -0.00063948    -0.00009827    -0.00000151     0.00000266    -0.00105178   
  60  -0.00000003    -0.00000105     0.00000684    -0.00000010     0.00000010     0.00000330   
           52             53             54             55             56             57       
   1   0.00000902     0.00107301     0.00000374     0.00000002     0.00000046     0.00010585   
   2  -0.00117905     0.00000798    -0.00049791    -0.00000001     0.00000010     0.00000060   
   3  -0.00000008    -0.00000005    -0.00000002    -0.00000213    -0.00008019     0.00000040   
   4  -0.00000012     0.00000010    -0.00000005     0.00008017    -0.00000213    -0.00000000   
   5  -0.00000062     0.00036181    -0.00000028     0.00000007     0.00000131     0.00027197   
   6  -0.00099293    -0.00000054    -0.00041199    -0.00000000     0.00000006    -0.00000059   
   7   0.00000006    -0.00000004     0.00000001     0.00000371     0.00000691    -0.00000004   
   8  -0.00000001     0.00000017    -0.00000000    -0.00000695     0.00000376    -0.00000001   
   9   0.00000338    -0.00139502     0.00000101     0.00000006     0.00000020     0.00002642   
  10   0.00160890     0.00000280     0.00045097     0.00000007    -0.00000010     0.00000005   
  11   0.00011288    -0.00002124     0.00000801    -0.00000020     0.00000011     0.00002939   
  12   0.00007748     0.00003432     0.00000603     0.00000003    -0.00000038    -0.00004438   
  13  -0.00000120     0.00000061    -0.00000039     0.00008139     0.00005008    -0.00000024   
  14   0.00000034    -0.00000073     0.00000010    -0.00005021     0.00008141    -0.00000048   
  15  -0.00000002    -0.00000042    -0.00000001     0.00005994    -0.00003464     0.00000015   
  16  -0.00000057    -0.00000027    -0.00000017    -0.00003467    -0.00005998     0.00000032   
  17  -0.00000007     0.00010355    -0.00000024     0.00000007     0.00000129     0.00026210   
  18  -0.00121776     0.00000007    -0.00077551    -0.00000000     0.00000006    -0.00000017   
  19   0.00000031    -0.00080397     0.00000008     0.00000000    -0.00000013    -0.00001649   
  20  -0.00817874     0.00000001    -0.00248320     0.00000003     0.00000055    -0.00000041   
  21  -0.00000240    -0.00655151    -0.00000049     0.00000004     0.00000176     0.00028811   
  22  -0.00000002     0.00000006    -0.00000001    -0.00048905    -0.00005412     0.00000043   
  23   0.00000021     0.00000016     0.00000007     0.00005419    -0.00048890     0.00000247   
  24   0.00793625     0.00000107     0.00249916     0.00000000    -0.00000047     0.00000083   
  25  -0.00000048    -0.00000032    -0.00000014     0.00000302    -0.00000304    -0.00000000   
  26  -0.00001044    -0.01474225    -0.00000244    -0.00000007    -0.00000030    -0.00019487   
  27  -0.01983734     0.00000926    -0.00485667     0.00000002     0.00000106    -0.00000076   
  28   0.00000574     0.00540592     0.00000054    -0.00000032    -0.00000713    -0.00138055   
  29  -0.00000018    -0.00000020    -0.00000002     0.00012639     0.00012225    -0.00000054   
  30   0.00000019    -0.00000003    -0.00000001    -0.00012252     0.00012681    -0.00000065   
  31  -0.00029543    -0.00000423     0.00020027     0.00000024    -0.00000008    -0.00000166   
  32   0.00000349    -0.00033791    -0.00000260     0.00000044    -0.00000044    -0.00013842   
  33   0.00000168     0.00000576    -0.00000096     0.00002817     0.00001049     0.00000239   
  34  -0.00000195     0.00000147     0.00000134    -0.00001056     0.00002826     0.00000038   
  35  -0.00050315    -0.00000011    -0.00159075     0.00000143     0.00000066    -0.00000089   
  36   0.00000027     0.00000007     0.00000116     0.00094880     0.00144457    -0.00000764   
  37  -0.00000000    -0.00000024    -0.00000081    -0.00144536     0.00094870    -0.00000437   
  38  -0.00002652    -0.12967791     0.00000138     0.00000062     0.00001186     0.00135596   
  39   0.18812208     0.00000447     0.03239669     0.00000034    -0.00000750     0.00000290   
  40   0.00001619    -0.04528290     0.00000930    -0.00000040    -0.00000713    -0.00158805   
  41  -0.00000172     0.00000102    -0.00000078     0.00002949     0.00002937    -0.00000017   
  42   0.01660310     0.00001715    -0.02154182     0.00000008     0.00000107     0.00000213   
  43   0.00000040    -0.00000088     0.00000085     0.00685442     0.00227501    -0.00001358   
  44   0.00001731     0.00000425    -0.00000022    -0.00227484     0.00685180    -0.00003398   
  45   0.00000362     0.00000463    -0.00000092    -0.00012052    -0.00010602     0.00000086   
  46  -0.00000216    -0.00000319     0.00000089     0.00010795    -0.00012251     0.00000029   
  47   0.00039437     0.00535387    -0.00015690     0.00000366     0.00000894     0.00120051   
  48   0.00313107    -0.00067244    -0.00125041     0.00000267    -0.00000478    -0.00015166   
  49   0.00000638     0.00003281    -0.00000413    -0.00062733    -0.00016501     0.00000773   
  50  -0.00002148     0.00001997     0.00000825     0.00016508    -0.00062742     0.00000814   
  51   0.00006498    -0.16053667    -0.00001265    -0.00000098    -0.00001269    -0.00269820   
  52   0.98147862    -0.00000897    -0.02826939     0.00000012     0.00000209    -0.00000337   
  53  -0.00001632    -0.97724250    -0.00002492     0.00000158     0.00002710     0.00562949   
  54   0.02212754    -0.00002653     0.99550826     0.00000097    -0.00000726    -0.00002008   
  55   0.00000324     0.00525862     0.00002921     0.00015096     0.00563793     0.99951264   
  56   0.00000018    -0.00000071     0.00000007    -0.99995954    -0.00499882     0.00017971   
  57   0.00000061     0.00000352    -0.00000644     0.00499976    -0.99994367     0.00563976   
  58  -0.00053662     0.00000624     0.05060844    -0.00002209     0.00003688    -0.00006928   
  59   0.00000006    -0.00281496     0.00002583     0.00002075     0.00017411     0.02992685   
  60  -0.00201149     0.00000317     0.06362358     0.00000371    -0.00001436    -0.00010169   
           58             59             60       
   1   0.00000460    -0.00102968     0.00000456   
   2  -0.00071201    -0.00000695    -0.00063328   
   3  -0.00000003     0.00000004    -0.00000002   
   4  -0.00000007    -0.00000009    -0.00000006   
   5  -0.00000077    -0.00082423    -0.00000075   
   6  -0.00046399     0.00000164    -0.00071589   
   7   0.00000003     0.00000003     0.00000002   
   8  -0.00000000    -0.00000014     0.00000000   
   9   0.00000282     0.00112276     0.00000148   
  10   0.00085617    -0.00000286     0.00057384   
  11   0.00011030     0.00007222     0.00004491   
  12   0.00007444    -0.00011084     0.00003070   
  13  -0.00000051    -0.00000042    -0.00000041   
  14   0.00000020     0.00000040     0.00000013   
  15  -0.00000005     0.00000033    -0.00000002   
  16  -0.00000032     0.00000025    -0.00000021   
  17  -0.00000026    -0.00043022    -0.00000022   
  18  -0.00039241     0.00000053    -0.00027110   
  19  -0.00000031    -0.00082540     0.00000015   
  20  -0.00469183     0.00000388    -0.00325379   
  21   0.00000357     0.00558628     0.00000040   
  22   0.00000001    -0.00000001    -0.00000000   
  23  -0.00000002    -0.00000005     0.00000005   
  24   0.00351388    -0.00000405     0.00306179   
  25  -0.00000021     0.00000026    -0.00000016   
  26   0.00000420     0.01055124    -0.00000073   
  27  -0.00862015     0.00000085    -0.00552636   
  28  -0.00000198    -0.00465988     0.00000023   
  29  -0.00000006     0.00000021    -0.00000004   
  30   0.00000011    -0.00000006     0.00000006   
  31  -0.00024223     0.00000070     0.00000450   
  32   0.00000298     0.00005740    -0.00000009   
  33   0.00000128    -0.00000089     0.00000002   
  34  -0.00000161    -0.00000034     0.00000003   
  35   0.00057039     0.00000024    -0.00010752   
  36  -0.00000027    -0.00000029     0.00000005   
  37   0.00000064     0.00000011     0.00000003   
  38   0.00004984     0.06817578     0.00001141   
  39   0.05400421    -0.00005129     0.03803029   
  40   0.00001231     0.01250303     0.00000264   
  41  -0.00000051    -0.00000011     0.00000011   
  42  -0.00989835     0.00001039     0.00367771   
  43   0.00000061    -0.00000023     0.00000007   
  44   0.00000134    -0.00000107     0.00000031   
  45  -0.00000013    -0.00000019     0.00000006   
  46   0.00000020     0.00000009    -0.00000005   
  47   0.00012478     0.00052980     0.00000178   
  48   0.00098472    -0.00006700     0.00001551   
  49   0.00000260     0.00000274     0.00000002   
  50  -0.00000670     0.00000243    -0.00000008   
  51   0.00000028     0.00563320     0.00000740   
  52  -0.01166802     0.00001156    -0.00384384   
  53  -0.00001440    -0.01380570     0.00000391   
  54   0.04091777    -0.00002332    -0.07023835   
  55  -0.00005444    -0.02983613     0.00010816   
  56   0.00002216     0.00001622     0.00000115   
  57  -0.00003933     0.00000559    -0.00000934   
  58  -0.99130182    -0.00006209     0.11046504   
  59  -0.00006891     0.99695275    -0.00004124   
  60   0.11128425     0.00005123     0.99062485   

 -----------------------------------------------------------------------------------------------
  Generalised Fock Matrix (MO basis)
 -----------------------------------------------------------------------------------------------
           1              2              3              4              5              6        
   1  -7.93199923    -0.00000000     0.00000000     0.00000000     0.00000000     0.00000000   
   2  -0.00000000    -7.92924941     0.00000000    -0.00000000     0.00000000     0.00000000   
   3   0.00000000     0.00000000    -7.84270571     0.00000000    -0.00000000    -0.00000000   
   4   0.00000000    -0.00000000     0.00000000    -7.84267790    -0.00000000    -0.00000000   
   5   0.00000000     0.00000000    -0.00000000    -0.00000000    -7.73026435     0.00000000   
   6   0.00000000     0.00000000    -0.00000000    -0.00000000     0.00000000    -7.68755064   
   7   0.00000000    -0.00000000    -0.00000000     0.00000000    -0.00000000     0.00000000   
   8   0.00000000    -0.00000000    -0.00000000    -0.00000000    -0.00000000     0.00000000   
   9   0.00000000    -0.00000000     0.00000000    -0.00000000     0.00000000     0.00000000   
  10  -0.00000000    -0.00000000     0.00000000    -0.00000000    -0.00000000    -0.00000000   
  11  -0.00000000     0.00000000    -0.00000000     0.00000000    -0.00000000    -0.00000000   
  12  -0.00000000     0.00000000     0.00000000     0.00000000     0.00000000     0.00000000   
  13  -0.00000000    -0.00000000    -0.00000000     0.00000000    -0.00000000    -0.00000000   
  14   0.00000000    -0.00000000    -0.00000000    -0.00000000    -0.00000000    -0.00000000   
  15  -0.00000000     0.00000000    -0.00000000     0.00000000     0.00000000     0.00000000   
  16  -0.00000000     0.00000000    -0.00000000     0.00000000     0.00000000     0.00000000   
  17  -0.00000000     0.00000000    -0.00000000    -0.00000000     0.00000000     0.00000000   
  18  -0.00000000     0.00000000     0.00000000     0.00000000    -0.00000000    -0.00000000   
  19  -0.00000000     0.00000000    -0.00000000    -0.00000000    -0.00000000    -0.00000000   
  20  -0.00000000    -0.00000000     0.00000000     0.00000000    -0.00000000    -0.00000000   
  21  -0.00000000    -0.00000000     0.00000000     0.00000000     0.00000000    -0.00000000   
  22   0.00000000    -0.00000000    -0.00000000    -0.00000000    -0.00000000    -0.00000000   
  23  -0.00000000     0.00000000     0.00000000     0.00000000    -0.00000000    -0.00000000   
  24  -0.00000000     0.00000000    -0.00000000     0.00000000     0.00000000     0.00000000   
  25   0.00000000    -0.00000000     0.00000000     0.00000000     0.00000000    -0.00000000   
  26  -0.00000000     0.00000000     0.00000000     0.00000000    -0.00000000     0.00000000   
  27  -0.00000000     0.00000000    -0.00000000     0.00000000     0.00000000    -0.00000000   
  28   0.00000000    -0.00000000    -0.00000000     0.00000000    -0.00000000    -0.00000000   
  29  -0.00000000     0.00000000     0.00000000    -0.00000000    -0.00000000    -0.00000000   
  30  -0.00000000     0.00000000    -0.00000000     0.00000000    -0.00000000     0.00000000   
  31   0.00000000    -0.00000000     0.00000000    -0.00000000    -0.00000000    -0.00000000   
  32   0.00000000    -0.00000000    -0.00000000    -0.00000000     0.00000000     0.00000000   
  33   0.00000000    -0.00000000     0.00000000     0.00000000    -0.00000000    -0.00000000   
  34   0.00000000    -0.00000000     0.00000000     0.00000000     0.00000000    -0.00000000   
  35  -0.00000000     0.00000000    -0.00000000    -0.00000000    -0.00000000     0.00000000   
  36   0.00000000    -0.00000000    -0.00000000     0.00000000     0.00000000    -0.00000000   
  37  -0.00000000     0.00000000    -0.00000000     0.00000000    -0.00000000    -0.00000000   
  38  -0.31157727     0.00287827     0.00000334    -0.00002217    -0.13934937    -0.00060744   
  39  -0.00288691    -0.30608700     0.00000342     0.00002185    -0.00058968     0.16212444   
  40   0.00000002    -0.00000002    -0.00000000     0.00000000     0.00000006    -0.00000003   
  41   0.00000005     0.00000002    -0.00000000    -0.00000000     0.00000003    -0.00000000   
  42  -0.00000001     0.00000001    -0.00000000    -0.00000000     0.00000001    -0.00000005   
  43  -0.00000012    -0.00000008    -0.00000000     0.00000002    -0.00000001     0.00000008   
  44  -0.00000002    -0.00000003     0.00000002     0.00000001     0.00000000     0.00000002   
  45   0.00000001     0.00000008     0.00000000     0.00000001    -0.00000001    -0.00000005   
  46  -0.00000012     0.00000003     0.00000001     0.00000000    -0.00000003     0.00000003   
  47   0.00000002     0.00000003     0.00000000     0.00000001     0.00000003    -0.00000002   
  48  -0.00000001    -0.00000002     0.00000001    -0.00000001    -0.00000000    -0.00000001   
  49  -0.00000001     0.00000001     0.00000000     0.00000003    -0.00000002    -0.00000001   
  50   0.00000001    -0.00000001    -0.00000002     0.00000000     0.00000000     0.00000002   
  51   0.00000002     0.00000002     0.00000001     0.00000001     0.00000002    -0.00000000   
  52   0.00000001     0.00000004    -0.00000002     0.00000001     0.00000003    -0.00000004   
  53  -0.00000005     0.00000002    -0.00000002    -0.00000001    -0.00000004    -0.00000006   
  54   0.00000001     0.00000001    -0.00000001     0.00000000     0.00000000    -0.00000002   
  55   0.00000004    -0.00000002    -0.00000000     0.00000005     0.00000002     0.00000001   
  56  -0.00000000     0.00000005     0.00000004    -0.00000000    -0.00000002     0.00000000   
  57   0.00000003    -0.00000000     0.00000001     0.00000001     0.00000006    -0.00000000   
  58   0.00000001    -0.00000003    -0.00000003     0.00000003     0.00000000     0.00000001   
  59   0.00000005    -0.00000001     0.00000004     0.00000003    -0.00000002     0.00000002   
  60   0.00000001     0.00000001    -0.00000002     0.00000001     0.00000002    -0.00000008   
           7              8              9              10             11             12       
   1   0.00000000     0.00000000     0.00000000    -0.00000000    -0.00000000    -0.00000000   
   2  -0.00000000    -0.00000000    -0.00000000    -0.00000000     0.00000000     0.00000000   
   3  -0.00000000    -0.00000000     0.00000000     0.00000000    -0.00000000     0.00000000   
   4   0.00000000    -0.00000000    -0.00000000    -0.00000000     0.00000000     0.00000000   
   5  -0.00000000    -0.00000000     0.00000000    -0.00000000    -0.00000000     0.00000000   
   6   0.00000000     0.00000000     0.00000000    -0.00000000    -0.00000000     0.00000000   
   7  -6.13013793     0.00000000     0.00000000     0.00000000     0.00000000     0.00000000   
   8   0.00000000    -6.13009012     0.00000000     0.00000000     0.00000000     0.00000000   
   9   0.00000000     0.00000000    -6.04041283     0.00000000    -0.00000000    -0.00000000   
  10   0.00000000     0.00000000     0.00000000    -6.03231162    -0.00000000    -0.00000000   
  11   0.00000000     0.00000000    -0.00000000    -0.00000000    -6.02849713     0.00000000   
  12   0.00000000     0.00000000    -0.00000000    -0.00000000     0.00000000    -6.02848982   
  13   0.00000000     0.00000000     0.00000000    -0.00000000     0.00000000     0.00000000   
  14   0.00000000    -0.00000000     0.00000000     0.00000000     0.00000000     0.00000000   
  15   0.00000000     0.00000000    -0.00000000    -0.00000000    -0.00000000     0.00000000   
  16   0.00000000    -0.00000000     0.00000000     0.00000000    -0.00000000     0.00000000   
  17   0.00000000     0.00000000     0.00000000     0.00000000     0.00000000     0.00000000   
  18  -0.00000000    -0.00000000    -0.00000000     0.00000000     0.00000000    -0.00000000   
  19  -0.00000000    -0.00000000    -0.00000000     0.00000000     0.00000000     0.00000000   
  20   0.00000000    -0.00000000     0.00000000    -0.00000000     0.00000000     0.00000000   
  21   0.00000000     0.00000000     0.00000000     0.00000000     0.00000000    -0.00000000   
  22   0.00000000    -0.00000000     0.00000000    -0.00000000    -0.00000000     0.00000000   
  23   0.00000000    -0.00000000    -0.00000000     0.00000000    -0.00000000    -0.00000000   
  24   0.00000000     0.00000000    -0.00000000    -0.00000000     0.00000000    -0.00000000   
  25   0.00000000     0.00000000     0.00000000     0.00000000     0.00000000    -0.00000000   
  26   0.00000000     0.00000000     0.00000000     0.00000000     0.00000000    -0.00000000   
  27   0.00000000     0.00000000     0.00000000     0.00000000     0.00000000    -0.00000000   
  28   0.00000000     0.00000000     0.00000000     0.00000000     0.00000000    -0.00000000   
  29   0.00000000     0.00000000     0.00000000     0.00000000     0.00000000     0.00000000   
  30  -0.00000000     0.00000000     0.00000000    -0.00000000    -0.00000000     0.00000000   
  31  -0.00000000    -0.00000000    -0.00000000    -0.00000000    -0.00000000    -0.00000000   
  32  -0.00000000     0.00000000     0.00000000    -0.00000000     0.00000000    -0.00000000   
  33  -0.00000000     0.00000000     0.00000000    -0.00000000    -0.00000000    -0.00000000   
  34   0.00000000    -0.00000000    -0.00000000    -0.00000000    -0.00000000     0.00000000   
  35   0.00000000     0.00000000     0.00000000    -0.00000000    -0.00000000     0.00000000   
  36   0.00000000     0.00000000    -0.00000000    -0.00000000    -0.00000000     0.00000000   
  37   0.00000000     0.00000000     0.00000000     0.00000000     0.00000000    -0.00000000   
  38   0.00000412     0.00000588    -0.17389897    -0.00048768     0.01613348    -0.00325408   
  39   0.00000166     0.00000193    -0.00085797     0.09632795     0.00004236    -0.00029894   
  40   0.00000003    -0.00000002    -0.00000008     0.00000000     0.00000000    -0.00000001   
  41   0.00000002     0.00000001     0.00000002     0.00000000    -0.00000001    -0.00000003   
  42   0.00000005    -0.00000005     0.00000002     0.00000003    -0.00000002     0.00000001   
  43   0.00000002     0.00000000    -0.00000003     0.00000004    -0.00000007    -0.00000003   
  44  -0.00000004     0.00000003    -0.00000002     0.00000002     0.00000003    -0.00000002   
  45   0.00000001     0.00000005     0.00000003     0.00000001    -0.00000004    -0.00000006   
  46  -0.00000008    -0.00000004    -0.00000006    -0.00000002    -0.00000001     0.00000014   
  47   0.00000000    -0.00000002     0.00000001     0.00000004     0.00000000     0.00000004   
  48  -0.00000003     0.00000002    -0.00000003     0.00000004    -0.00000007     0.00000000   
  49  -0.00000004     0.00000002    -0.00000001     0.00000002     0.00000004     0.00000002   
  50   0.00000001     0.00000001    -0.00000001     0.00000001    -0.00000005     0.00000006   
  51   0.00000004     0.00000001     0.00000004     0.00000001     0.00000003     0.00000003   
  52   0.00000008     0.00000006     0.00000007     0.00000008     0.00000000     0.00000002   
  53   0.00000004    -0.00000008    -0.00000005    -0.00000002    -0.00000003    -0.00000001   
  54   0.00000006     0.00000001     0.00000004     0.00000002    -0.00000002     0.00000001   
  55  -0.00000000    -0.00000002     0.00000002    -0.00000000    -0.00000004    -0.00000004   
  56   0.00000001    -0.00000001    -0.00000002    -0.00000001     0.00000005    -0.00000003   
  57   0.00000003    -0.00000002     0.00000002    -0.00000001    -0.00000000     0.00000002   
  58   0.00000004     0.00000004     0.00000001     0.00000004    -0.00000001     0.00000003   
  59   0.00000000     0.00000005     0.00000002    -0.00000001     0.00000004    -0.00000000   
  60   0.00000005     0.00000002    -0.00000001     0.00000002     0.00000000     0.00000001   
           13             14             15             16             17             18       
   1  -0.00000000     0.00000000    -0.00000000    -0.00000000    -0.00000000    -0.00000000   
   2  -0.00000000    -0.00000000     0.00000000     0.00000000     0.00000000     0.00000000   
   3  -0.00000000    -0.00000000    -0.00000000    -0.00000000    -0.00000000     0.00000000   
   4   0.00000000    -0.00000000     0.00000000     0.00000000    -0.00000000     0.00000000   
   5  -0.00000000    -0.00000000     0.00000000     0.00000000     0.00000000    -0.00000000   
   6  -0.00000000    -0.00000000     0.00000000     0.00000000     0.00000000    -0.00000000   
   7   0.00000000     0.00000000     0.00000000     0.00000000     0.00000000    -0.00000000   
   8   0.00000000     0.00000000     0.00000000    -0.00000000     0.00000000    -0.00000000   
   9   0.00000000     0.00000000    -0.00000000     0.00000000     0.00000000    -0.00000000   
  10  -0.00000000     0.00000000    -0.00000000     0.00000000     0.00000000     0.00000000   
  11   0.00000000     0.00000000    -0.00000000    -0.00000000     0.00000000     0.00000000   
  12   0.00000000     0.00000000     0.00000000     0.00000000     0.00000000    -0.00000000   
  13  -6.02847745     0.00000000     0.00000000    -0.00000000    -0.00000000    -0.00000000   
  14   0.00000000    -6.01147145    -0.00000000     0.00000000     0.00000000    -0.00000000   
  15   0.00000000    -0.00000000    -6.00594221    -0.00000000    -0.00000000    -0.00000000   
  16  -0.00000000     0.00000000    -0.00000000    -5.98131614    -0.00000000     0.00000000   
  17  -0.00000000     0.00000000    -0.00000000    -0.00000000    -5.98131599     0.00000000   
  18  -0.00000000    -0.00000000    -0.00000000     0.00000000     0.00000000    -3.67737682   
  19  -0.00000000     0.00000000     0.00000000    -0.00000000    -0.00000000     0.00000000   
  20  -0.00000000    -0.00000000     0.00000000     0.00000000     0.00000000     0.00000000   
  21  -0.00000000    -0.00000000     0.00000000     0.00000000     0.00000000    -0.00000000   
  22  -0.00000000     0.00000000    -0.00000000     0.00000000    -0.00000000     0.00000000   
  23   0.00000000    -0.00000000    -0.00000000    -0.00000000     0.00000000     0.00000000   
  24  -0.00000000    -0.00000000     0.00000000    -0.00000000    -0.00000000    -0.00000000   
  25   0.00000000     0.00000000     0.00000000    -0.00000000    -0.00000000    -0.00000000   
  26  -0.00000000    -0.00000000    -0.00000000    -0.00000000    -0.00000000    -0.00000000   
  27   0.00000000     0.00000000     0.00000000     0.00000000     0.00000000     0.00000000   
  28  -0.00000000    -0.00000000    -0.00000000     0.00000000     0.00000000    -0.00000000   
  29   0.00000000     0.00000000    -0.00000000     0.00000000    -0.00000000     0.00000000   
  30  -0.00000000     0.00000000     0.00000000    -0.00000000     0.00000000     0.00000000   
  31  -0.00000000     0.00000000    -0.00000000    -0.00000000    -0.00000000    -0.00000000   
  32   0.00000000     0.00000000    -0.00000000     0.00000000    -0.00000000    -0.00000000   
  33  -0.00000000     0.00000000     0.00000000    -0.00000000    -0.00000000    -0.00000000   
  34  -0.00000000     0.00000000     0.00000000    -0.00000000     0.00000000    -0.00000000   
  35   0.00000000    -0.00000000     0.00000000    -0.00000000    -0.00000000    -0.00000000   
  36  -0.00000000    -0.00000000    -0.00000000     0.00000000    -0.00000000    -0.00000000   
  37   0.00000000     0.00000000    -0.00000000    -0.00000000    -0.00000000    -0.00000000   
  38  -0.01831323    -0.00102714     0.14208643    -0.00005487     0.00010440     0.00015065   
  39   0.00002879     0.18732916     0.00081545    -0.00002209     0.00011695    -0.03088906   
  40  -0.00000002     0.00000002    -0.00000004    -0.00000001    -0.00000000    -0.00000005   
  41  -0.00000003    -0.00000003    -0.00000003    -0.00000002    -0.00000000    -0.00000012   
  42  -0.00000001     0.00000002     0.00000004    -0.00000001     0.00000001    -0.00000005   
  43  -0.00000007     0.00000002     0.00000004     0.00000005     0.00000002     0.00000006   
  44   0.00000006    -0.00000002    -0.00000001     0.00000002    -0.00000006     0.00000002   
  45   0.00000000    -0.00000007     0.00000003    -0.00000001    -0.00000000     0.00000009   
  46   0.00000005    -0.00000003     0.00000007     0.00000002     0.00000003     0.00000017   
  47   0.00000003    -0.00000001    -0.00000004     0.00000005     0.00000002    -0.00000001   
  48   0.00000000    -0.00000003    -0.00000001    -0.00000004     0.00000001     0.00000001   
  49  -0.00000001    -0.00000005     0.00000004    -0.00000001     0.00000000    -0.00000003   
  50  -0.00000003     0.00000001    -0.00000000    -0.00000000     0.00000002     0.00000000   
  51  -0.00000004     0.00000004     0.00000001     0.00000002     0.00000005    -0.00000001   
  52   0.00000000    -0.00000002    -0.00000002     0.00000005    -0.00000003    -0.00000001   
  53   0.00000004    -0.00000002    -0.00000000    -0.00000001    -0.00000003    -0.00000004   
  54  -0.00000001     0.00000002     0.00000001     0.00000001     0.00000000     0.00000003   
  55  -0.00000001    -0.00000001    -0.00000000    -0.00000002    -0.00000001    -0.00000000   
  56   0.00000006    -0.00000003     0.00000000     0.00000000     0.00000002     0.00000000   
  57   0.00000000    -0.00000002     0.00000002     0.00000000     0.00000001     0.00000000   
  58   0.00000000    -0.00000001     0.00000004     0.00000002    -0.00000001    -0.00000000   
  59  -0.00000001    -0.00000002     0.00000001     0.00000001     0.00000003     0.00000000   
  60  -0.00000002     0.00000000    -0.00000001     0.00000001    -0.00000000     0.00000003   
           19             20             21             22             23             24       
   1  -0.00000000    -0.00000000    -0.00000000     0.00000000    -0.00000000    -0.00000000   
   2   0.00000000    -0.00000000    -0.00000000    -0.00000000     0.00000000     0.00000000   
   3  -0.00000000     0.00000000     0.00000000    -0.00000000     0.00000000    -0.00000000   
   4  -0.00000000     0.00000000     0.00000000    -0.00000000     0.00000000     0.00000000   
   5  -0.00000000    -0.00000000     0.00000000    -0.00000000    -0.00000000     0.00000000   
   6  -0.00000000    -0.00000000    -0.00000000    -0.00000000    -0.00000000     0.00000000   
   7  -0.00000000     0.00000000     0.00000000     0.00000000     0.00000000     0.00000000   
   8  -0.00000000    -0.00000000     0.00000000    -0.00000000    -0.00000000     0.00000000   
   9  -0.00000000     0.00000000     0.00000000     0.00000000    -0.00000000    -0.00000000   
  10   0.00000000    -0.00000000     0.00000000    -0.00000000     0.00000000    -0.00000000   
  11   0.00000000     0.00000000     0.00000000    -0.00000000    -0.00000000     0.00000000   
  12   0.00000000     0.00000000    -0.00000000     0.00000000    -0.00000000    -0.00000000   
  13  -0.00000000    -0.00000000    -0.00000000    -0.00000000     0.00000000    -0.00000000   
  14   0.00000000    -0.00000000    -0.00000000     0.00000000    -0.00000000    -0.00000000   
  15   0.00000000     0.00000000     0.00000000    -0.00000000    -0.00000000     0.00000000   
  16  -0.00000000     0.00000000     0.00000000     0.00000000    -0.00000000    -0.00000000   
  17  -0.00000000     0.00000000     0.00000000    -0.00000000     0.00000000    -0.00000000   
  18   0.00000000     0.00000000    -0.00000000     0.00000000     0.00000000    -0.00000000   
  19  -2.70098473     0.00000000     0.00000000    -0.00000000    -0.00000000    -0.00000000   
  20   0.00000000    -1.69023067     0.00000000     0.00000000    -0.00000000     0.00000000   
  21   0.00000000     0.00000000    -1.65872959     0.00000000     0.00000000     0.00000000   
  22  -0.00000000     0.00000000     0.00000000    -1.40817464    -0.00000000     0.00000000   
  23  -0.00000000    -0.00000000     0.00000000    -0.00000000    -1.40816347    -0.00000000   
  24  -0.00000000     0.00000000     0.00000000     0.00000000    -0.00000000    -0.84797695   
  25   0.00000000     0.00000000     0.00000000    -0.00000000    -0.00000000    -0.00000000   
  26  -0.00000000    -0.00000000    -0.00000000     0.00000000     0.00000000     0.00000000   
  27   0.00000000    -0.00000000    -0.00000000    -0.00000000    -0.00000000     0.00000000   
  28   0.00000000    -0.00000000     0.00000000    -0.00000000    -0.00000000    -0.00000000   
  29  -0.00000000    -0.00000000    -0.00000000    -0.00000000     0.00000000    -0.00000000   
  30  -0.00000000    -0.00000000    -0.00000000     0.00000000     0.00000000    -0.00000000   
  31   0.00000000     0.00000000    -0.00000000     0.00000000    -0.00000000     0.00000000   
  32   0.00000000     0.00000000     0.00000000    -0.00000000    -0.00000000     0.00000000   
  33   0.00000000    -0.00000000    -0.00000000     0.00000000     0.00000000    -0.00000000   
  34   0.00000000     0.00000000    -0.00000000    -0.00000000    -0.00000000     0.00000000   
  35  -0.00000000     0.00000000    -0.00000000    -0.00000000    -0.00000000    -0.00000000   
  36   0.00000000     0.00000000    -0.00000000     0.00000000    -0.00000000     0.00000000   
  37  -0.00000000    -0.00000000     0.00000000     0.00000000     0.00000000    -0.00000000   
  38  -0.13502521    -0.00363542    -0.62244379     0.00000100     0.00000810     0.00245001   
  39  -0.00075433     0.67888807    -0.00338618    -0.00000112     0.00000817    -0.47879889   
  40   0.00000002     0.00000004     0.00000000     0.00000001    -0.00000000    -0.00000001   
  41   0.00000006     0.00000007     0.00000007    -0.00000001     0.00000000    -0.00000019   
  42  -0.00000000     0.00000004    -0.00000006    -0.00000002     0.00000001    -0.00000013   
  43  -0.00000013     0.00000006    -0.00000011    -0.00000001    -0.00000001    -0.00000002   
  44   0.00000002     0.00000011    -0.00000013    -0.00000000     0.00000002    -0.00000008   
  45  -0.00000002    -0.00000029     0.00000011     0.00000000     0.00000002     0.00000025   
  46  -0.00000005    -0.00000022    -0.00000002    -0.00000001     0.00000001     0.00000023   
  47   0.00000004    -0.00000004     0.00000013     0.00000001     0.00000001     0.00000005   
  48  -0.00000000    -0.00000010     0.00000002    -0.00000000    -0.00000000     0.00000001   
  49  -0.00000000    -0.00000005    -0.00000006    -0.00000004    -0.00000001     0.00000002   
  50   0.00000003    -0.00000005     0.00000006     0.00000000    -0.00000005     0.00000002   
  51   0.00000000     0.00000004     0.00000002    -0.00000002     0.00000005     0.00000000   
  52  -0.00000003    -0.00000006     0.00000008    -0.00000005    -0.00000004    -0.00000011   
  53   0.00000003    -0.00000002    -0.00000008     0.00000004    -0.00000003     0.00000007   
  54  -0.00000001     0.00000001     0.00000002    -0.00000002    -0.00000000    -0.00000001   
  55  -0.00000005    -0.00000004     0.00000002     0.00000001    -0.00000000     0.00000004   
  56  -0.00000000    -0.00000003    -0.00000006     0.00000001    -0.00000003     0.00000003   
  57  -0.00000002     0.00000001    -0.00000001    -0.00000000     0.00000001     0.00000002   
  58  -0.00000001     0.00000002     0.00000006    -0.00000004    -0.00000001    -0.00000005   
  59  -0.00000001     0.00000005     0.00000007    -0.00000004     0.00000002    -0.00000006   
  60  -0.00000003     0.00000002     0.00000004    -0.00000002    -0.00000000    -0.00000006   
           25             26             27             28             29             30       
   1   0.00000000    -0.00000000    -0.00000000     0.00000000    -0.00000000    -0.00000000   
   2  -0.00000000     0.00000000     0.00000000    -0.00000000     0.00000000     0.00000000   
   3   0.00000000     0.00000000    -0.00000000    -0.00000000     0.00000000    -0.00000000   
   4   0.00000000     0.00000000     0.00000000     0.00000000    -0.00000000     0.00000000   
   5   0.00000000    -0.00000000     0.00000000    -0.00000000    -0.00000000    -0.00000000   
   6  -0.00000000     0.00000000    -0.00000000    -0.00000000    -0.00000000     0.00000000   
   7   0.00000000     0.00000000     0.00000000     0.00000000     0.00000000    -0.00000000   
   8   0.00000000     0.00000000     0.00000000     0.00000000     0.00000000     0.00000000   
   9   0.00000000     0.00000000     0.00000000     0.00000000     0.00000000     0.00000000   
  10   0.00000000     0.00000000     0.00000000     0.00000000     0.00000000    -0.00000000   
  11   0.00000000     0.00000000     0.00000000     0.00000000     0.00000000    -0.00000000   
  12  -0.00000000    -0.00000000    -0.00000000    -0.00000000     0.00000000     0.00000000   
  13   0.00000000    -0.00000000     0.00000000    -0.00000000     0.00000000    -0.00000000   
  14   0.00000000    -0.00000000     0.00000000    -0.00000000     0.00000000     0.00000000   
  15   0.00000000    -0.00000000     0.00000000    -0.00000000    -0.00000000     0.00000000   
  16  -0.00000000    -0.00000000     0.00000000     0.00000000     0.00000000    -0.00000000   
  17  -0.00000000    -0.00000000     0.00000000     0.00000000    -0.00000000     0.00000000   
  18  -0.00000000    -0.00000000     0.00000000    -0.00000000     0.00000000     0.00000000   
  19   0.00000000    -0.00000000     0.00000000     0.00000000    -0.00000000    -0.00000000   
  20   0.00000000    -0.00000000    -0.00000000    -0.00000000    -0.00000000    -0.00000000   
  21   0.00000000    -0.00000000    -0.00000000     0.00000000    -0.00000000    -0.00000000   
  22  -0.00000000     0.00000000    -0.00000000    -0.00000000    -0.00000000     0.00000000   
  23  -0.00000000     0.00000000    -0.00000000    -0.00000000     0.00000000     0.00000000   
  24  -0.00000000     0.00000000     0.00000000    -0.00000000    -0.00000000    -0.00000000   
  25  -0.62194093    -0.00000000    -0.00000000     0.00000000     0.00000000     0.00000000   
  26  -0.00000000     0.00453096     0.00000000    -0.00000000     0.00000000     0.00000000   
  27  -0.00000000     0.00000000     0.66403743     0.00000000     0.00000000     0.00000000   
  28   0.00000000    -0.00000000     0.00000000     1.23869384     0.00000000     0.00000000   
  29   0.00000000     0.00000000     0.00000000     0.00000000     1.32960795     0.00000000   
  30   0.00000000     0.00000000     0.00000000     0.00000000     0.00000000     1.33104051   
  31  -0.00000000    -0.00000000     0.00000000    -0.00000000    -0.00000000     0.00000000   
  32   0.00000000    -0.00000000     0.00000000     0.00000000    -0.00000000     0.00000000   
  33  -0.00000000    -0.00000000     0.00000000     0.00000000     0.00000000     0.00000000   
  34  -0.00000000    -0.00000000     0.00000000     0.00000000    -0.00000000     0.00000000   
  35  -0.00000000     0.00000000    -0.00000000    -0.00000000    -0.00000000     0.00000000   
  36   0.00000000    -0.00000000    -0.00000000    -0.00000000     0.00000000    -0.00000000   
  37   0.00000000    -0.00000000    -0.00000000    -0.00000000     0.00000000     0.00000000   
  38   0.00001216     1.03429219     0.00597812     0.49660288    -0.00003449    -0.00000817   
  39   0.00003306     0.00588605    -1.03649432     0.00274250    -0.00000944    -0.00001367   
  40   0.00000026     0.00000011    -0.00000006    -0.00000013    -0.00000020     0.00000018   
  41   0.00000007    -0.00000010     0.00000015    -0.00000009     0.00000006    -0.00000005   
  42  -0.00000001     0.00000006    -0.00000002     0.00000008    -0.00000031     0.00000023   
  43  -0.00000001     0.00000031    -0.00000016     0.00000014     0.00000003    -0.00000004   
  44  -0.00000002     0.00000014    -0.00000008     0.00000006    -0.00000003     0.00000008   
  45   0.00000006    -0.00000037     0.00000041     0.00000017    -0.00000000     0.00000018   
  46   0.00000003     0.00000000     0.00000029     0.00000026     0.00000005     0.00000003   
  47   0.00000003    -0.00000018     0.00000001    -0.00000024    -0.00000005     0.00000004   
  48  -0.00000003    -0.00000001     0.00000018     0.00000001     0.00000002    -0.00000001   
  49  -0.00000007     0.00000007     0.00000013     0.00000012     0.00000002    -0.00000008   
  50  -0.00000005    -0.00000006    -0.00000000     0.00000005    -0.00000003    -0.00000005   
  51  -0.00000009     0.00000001    -0.00000008     0.00000012     0.00000005     0.00000014   
  52   0.00000004    -0.00000006     0.00000007    -0.00000006    -0.00000012     0.00000016   
  53  -0.00000027     0.00000009    -0.00000003    -0.00000018    -0.00000024     0.00000021   
  54   0.00000001    -0.00000006    -0.00000008     0.00000003    -0.00000005     0.00000011   
  55   0.00000000    -0.00000000     0.00000004     0.00000000     0.00000001    -0.00000001   
  56  -0.00000000     0.00000009     0.00000007     0.00000003    -0.00000002     0.00000002   
  57   0.00000007     0.00000002     0.00000001     0.00000003    -0.00000000     0.00000002   
  58   0.00000002    -0.00000004     0.00000001    -0.00000004    -0.00000002     0.00000008   
  59  -0.00000000    -0.00000001    -0.00000007     0.00000010     0.00000009    -0.00000000   
  60   0.00000002    -0.00000009    -0.00000001     0.00000003     0.00000001    -0.00000000   
           31             32             33             34             35             36       
   1   0.00000000     0.00000000     0.00000000     0.00000000    -0.00000000     0.00000000   
   2  -0.00000000    -0.00000000    -0.00000000    -0.00000000     0.00000000    -0.00000000   
   3   0.00000000    -0.00000000     0.00000000     0.00000000    -0.00000000    -0.00000000   
   4  -0.00000000    -0.00000000     0.00000000     0.00000000    -0.00000000     0.00000000   
   5  -0.00000000     0.00000000    -0.00000000     0.00000000    -0.00000000     0.00000000   
   6  -0.00000000     0.00000000    -0.00000000    -0.00000000     0.00000000    -0.00000000   
   7  -0.00000000    -0.00000000    -0.00000000     0.00000000     0.00000000     0.00000000   
   8  -0.00000000     0.00000000     0.00000000    -0.00000000     0.00000000     0.00000000   
   9  -0.00000000     0.00000000     0.00000000    -0.00000000     0.00000000    -0.00000000   
  10  -0.00000000    -0.00000000    -0.00000000    -0.00000000    -0.00000000    -0.00000000   
  11  -0.00000000     0.00000000    -0.00000000    -0.00000000    -0.00000000    -0.00000000   
  12  -0.00000000    -0.00000000    -0.00000000     0.00000000     0.00000000     0.00000000   
  13  -0.00000000     0.00000000    -0.00000000    -0.00000000     0.00000000    -0.00000000   
  14   0.00000000     0.00000000     0.00000000     0.00000000    -0.00000000    -0.00000000   
  15  -0.00000000    -0.00000000     0.00000000     0.00000000     0.00000000    -0.00000000   
  16  -0.00000000     0.00000000    -0.00000000    -0.00000000    -0.00000000     0.00000000   
  17  -0.00000000    -0.00000000    -0.00000000     0.00000000    -0.00000000    -0.00000000   
  18  -0.00000000    -0.00000000    -0.00000000    -0.00000000    -0.00000000    -0.00000000   
  19   0.00000000     0.00000000     0.00000000     0.00000000    -0.00000000     0.00000000   
  20   0.00000000     0.00000000    -0.00000000     0.00000000     0.00000000     0.00000000   
  21  -0.00000000     0.00000000    -0.00000000    -0.00000000    -0.00000000    -0.00000000   
  22   0.00000000    -0.00000000     0.00000000    -0.00000000    -0.00000000     0.00000000   
  23  -0.00000000    -0.00000000     0.00000000    -0.00000000    -0.00000000    -0.00000000   
  24   0.00000000     0.00000000    -0.00000000     0.00000000    -0.00000000     0.00000000   
  25  -0.00000000     0.00000000    -0.00000000    -0.00000000    -0.00000000     0.00000000   
  26  -0.00000000    -0.00000000    -0.00000000    -0.00000000     0.00000000    -0.00000000   
  27   0.00000000     0.00000000     0.00000000     0.00000000    -0.00000000    -0.00000000   
  28  -0.00000000     0.00000000     0.00000000     0.00000000    -0.00000000    -0.00000000   
  29  -0.00000000    -0.00000000     0.00000000    -0.00000000    -0.00000000     0.00000000   
  30   0.00000000     0.00000000     0.00000000     0.00000000     0.00000000    -0.00000000   
  31   1.51255268    -0.00000000    -0.00000000     0.00000000    -0.00000000    -0.00000000   
  32  -0.00000000     1.51298713     0.00000000     0.00000000     0.00000000     0.00000000   
  33  -0.00000000     0.00000000     1.51416875    -0.00000000     0.00000000     0.00000000   
  34   0.00000000     0.00000000    -0.00000000     1.51418506    -0.00000000     0.00000000   
  35  -0.00000000     0.00000000     0.00000000    -0.00000000     1.59338580     0.00000000   
  36  -0.00000000     0.00000000     0.00000000     0.00000000     0.00000000     1.68589392   
  37  -0.00000000     0.00000000    -0.00000000    -0.00000000     0.00000000     0.00000000   
  38   0.00017427    -0.00993553    -0.00007558     0.00003318    -0.00025107    -0.00000611   
  39   0.00061632    -0.00004370    -0.00000822     0.00000148     0.05172238    -0.00000994   
  40   0.00000003    -0.00000002     0.00000008    -0.00000002     0.00000005     0.00000002   
  41   0.00000002    -0.00000001    -0.00000004    -0.00000001     0.00000010    -0.00000002   
  42  -0.00000006     0.00000002    -0.00000001    -0.00000003    -0.00000010     0.00000001   
  43   0.00000001    -0.00000004    -0.00000015    -0.00000007     0.00000004    -0.00000000   
  44   0.00000012     0.00000010    -0.00000009     0.00000007    -0.00000005    -0.00000011   
  45  -0.00000002     0.00000002     0.00000002     0.00000010     0.00000011    -0.00000003   
  46   0.00000005    -0.00000007    -0.00000018     0.00000004     0.00000030    -0.00000006   
  47   0.00000010     0.00000001    -0.00000003     0.00000007     0.00000005    -0.00000005   
  48   0.00000002     0.00000010     0.00000001     0.00000006    -0.00000015    -0.00000010   
  49  -0.00000002     0.00000000     0.00000005    -0.00000003    -0.00000009    -0.00000001   
  50  -0.00000004    -0.00000006    -0.00000003    -0.00000013     0.00000007     0.00000019   
  51  -0.00000000    -0.00000014    -0.00000021    -0.00000013    -0.00000002    -0.00000001   
  52   0.00000010     0.00000004    -0.00000013     0.00000001    -0.00000020    -0.00000003   
  53   0.00000003     0.00000009     0.00000020     0.00000002    -0.00000002     0.00000002   
  54   0.00000001     0.00000001    -0.00000004    -0.00000003    -0.00000005    -0.00000001   
  55  -0.00000001     0.00000000     0.00000006    -0.00000003    -0.00000001     0.00000001   
  56  -0.00000002    -0.00000001     0.00000005    -0.00000004    -0.00000003     0.00000000   
  57   0.00000000     0.00000002     0.00000001     0.00000001     0.00000008    -0.00000001   
  58  -0.00000002     0.00000001    -0.00000005    -0.00000004    -0.00000004    -0.00000001   
  59  -0.00000003    -0.00000003    -0.00000016    -0.00000002    -0.00000008    -0.00000001   
  60   0.00000002     0.00000001    -0.00000005    -0.00000003    -0.00000002    -0.00000002   
           37             38             39       
   1  -0.00000000    -0.31157729    -0.00288697   
   2   0.00000000     0.00287822    -0.30608701   
   3  -0.00000000     0.00000335     0.00000344   
   4   0.00000000    -0.00002216     0.00002184   
   5  -0.00000000    -0.13934930    -0.00058976   
   6  -0.00000000    -0.00060740     0.16212441   
   7   0.00000000     0.00000415     0.00000158   
   8   0.00000000     0.00000596     0.00000188   
   9   0.00000000    -0.17389893    -0.00085802   
  10   0.00000000    -0.00048764     0.09632790   
  11   0.00000000     0.01613352     0.00004233   
  12  -0.00000000    -0.00325407    -0.00029896   
  13   0.00000000    -0.01831324     0.00002879   
  14   0.00000000    -0.00102714     0.18732920   
  15  -0.00000000     0.14208646     0.00081543   
  16  -0.00000000    -0.00005485    -0.00002213   
  17  -0.00000000     0.00010444     0.00011696   
  18  -0.00000000     0.00015063    -0.03088905   
  19  -0.00000000    -0.13502516    -0.00075442   
  20  -0.00000000    -0.00363514     0.67888800   
  21   0.00000000    -0.62244379    -0.00338641   
  22   0.00000000     0.00000091    -0.00000102   
  23   0.00000000     0.00000813     0.00000821   
  24  -0.00000000     0.00244981    -0.47879880   
  25   0.00000000     0.00001216     0.00003304   
  26  -0.00000000     1.03429204     0.00588638   
  27  -0.00000000     0.00597788    -1.03649441   
  28  -0.00000000     0.49660307     0.00274251   
  29   0.00000000    -0.00003435    -0.00000940   
  30   0.00000000    -0.00000817    -0.00001391   
  31  -0.00000000     0.00017422     0.00061624   
  32   0.00000000    -0.00993559    -0.00004372   
  33  -0.00000000    -0.00007576    -0.00000792   
  34  -0.00000000     0.00003324     0.00000145   
  35   0.00000000    -0.00025108     0.05172258   
  36   0.00000000    -0.00000615    -0.00000994   
  37   1.68590930     0.00001552    -0.00001165   
  38   0.00001563     0.68924367    -0.00000000   
  39  -0.00001179    -0.00000000     0.70970136   
  40   0.00000003    -0.00000000     0.00000022   
  41  -0.00000004     0.00000017     0.00000003   
  42  -0.00000001     0.00000018     0.00000000   
  43   0.00000004    -0.00000007    -0.00000008   
  44  -0.00000000     0.00000025     0.00000015   
  45   0.00000005    -0.00000026     0.00000004   
  46  -0.00000004    -0.00000031    -0.00000022   
  47   0.00000016    -0.00000010     0.00000004   
  48  -0.00000009    -0.00000009    -0.00000018   
  49  -0.00000029     0.00000006    -0.00000017   
  50   0.00000000    -0.00000008    -0.00000008   
  51  -0.00000009     0.00000011    -0.00000011   
  52  -0.00000009     0.00000033    -0.00000009   
  53   0.00000009    -0.00000010     0.00000025   
  54  -0.00000002     0.00000014    -0.00000002   
  55   0.00000003     0.00000008     0.00000003   
  56   0.00000001     0.00000003     0.00000018   
  57   0.00000000     0.00000007     0.00000003   
  58  -0.00000004     0.00000016    -0.00000006   
  59  -0.00000008     0.00000002    -0.00000021   
  60  -0.00000003     0.00000015     0.00000002   

[[ 0.996906  0.003236 -0.000037 ...  0.000005 -0.00103   0.000005]
 [ 0.003215 -0.99847   0.000038 ... -0.000712 -0.000007 -0.000633]
 [-0.000038 -0.000038 -0.99971  ... -0.        0.       -0.      ]
 ...
 [-0.000002 -0.000771  0.       ... -0.991302 -0.000062  0.110465]
 [-0.000968  0.000003  0.       ... -0.000069  0.996953 -0.000041]
 [ 0.000002  0.000543 -0.       ...  0.111284  0.000051  0.990625]]
 Saved MO coefficients to FCIDUMP/FCIDUMP_TTM-Ph-TTM_gwh_mo_coeff.npy

************************************************
 Testing 'core' initial guess method
************************************************

  Initializing L-BFGS optimisation...
    > Num. MOs       =     60
    > Num. params    =    893
    > Max subspace   =     20
    > Max step size   =  0.500
    > Backtracking   =  0.100
    > Parallel tr.   = True
    > Pseudo-canon.  = True
    > Canon interval = 10
    > Hybrid prec.   = True
  ================================================================
           Energy / Eh     Step Len    Max(|G_i|)
  ================================================================
     0   446.4821600037                 1.59e+01
     1   422.2728223112    5.00e-01     1.26e+01    rescaled  
     2   405.5888289498    5.00e-01     1.12e+01    rescaled  
     3   396.7543705969    5.00e-01     1.02e+01    rescaled  
     4   369.6085264682    5.00e-01     9.14e+00    rescaled  
     5   350.3792664719    5.00e-01     8.14e+00    rescaled  
     6   346.7469614331    5.00e-01     7.95e+00    rescaled  
     7   343.5722367613    5.00e-01     7.69e+00    rescaled  
     8   336.1067559171    5.00e-01     6.18e+00    rescaled  
     9   328.1462058493    5.00e-01     5.36e+00    rescaled  
    10   319.8178856875    5.00e-01     5.89e+00    rescaled  
    11   311.7778571123    5.00e-01     6.49e+00    rescaled  
    12   307.3959385851    5.00e-01     6.58e+00    rescaled  
    13   304.7540701115    5.00e-01     6.48e+00    rescaled  
    14   296.0608649247    5.00e-01     5.61e+00    rescaled  
    15   289.7304184316    5.00e-01     4.49e+00    rescaled  
    16   284.7000479771    5.00e-01     4.37e+00    rescaled  
    17   279.5255181641    5.00e-01     4.40e+00    rescaled  
    18   274.8867365414    5.00e-01     4.32e+00    rescaled  
    19   269.6427963672    5.00e-01     4.86e+00    rescaled  
    20   263.9528654404    5.00e-01     4.33e+00    rescaled  
    21   257.4191925988    5.00e-01     7.10e+00    rescaled  
    22   251.1403533208    5.00e-01     4.50e+00    rescaled  
    23   245.2578945224    5.00e-01     3.89e+00    rescaled  
    24   240.9407137949    5.00e-01     3.28e+00    rescaled  
    25   237.9564993544    5.00e-01     3.29e+00    rescaled  
    26   240.0003414611    4.98e-01     2.80e+00              
    27   237.0363891248    3.16e-01     1.45e+00    overstep  
    28   236.7613041018    2.02e-01     2.11e+00              
    29   236.0010070676    1.94e-01     1.56e+00              
    30   235.8487408345    2.70e-01     1.57e+00              
    31   235.5540132320    1.17e-01     1.16e+00              
    32   235.3919717641    6.77e-02     4.64e-01              
    33   235.3913544956    7.60e-02     5.46e-01              
    34   235.2931346819    3.68e-02     2.11e-01              
    35   235.2726751846    1.40e-02     1.54e-01              
    36   235.2660227420    8.28e-03     8.86e-02              
    37   235.2619378076    2.91e-03     5.24e-02              
    38   235.2598945009    3.22e-03     1.76e-02              
    39   235.2596002307    1.39e-03     7.73e-03              
    40   235.2595527896    6.04e-04     3.82e-03              
    41   235.2595457771    2.84e-04     1.71e-03              
    42   235.2595448595    9.14e-05     7.23e-04              
    43   235.2595447188    1.03e-04     1.81e-04              
    44   235.2595446911    2.39e-05     8.62e-05              
    45   235.2595446883    5.46e-06     1.87e-05              
    46   235.2595446881    1.42e-06     3.14e-06              
    47   235.2595446881    2.36e-07     9.06e-07              
  ================================================================
  L-BFGS converged in     47 iterations (  2.31 seconds)

  Initializing Davidson diagonalisation...
    > Max iterations =   1000
    > Target states  =      5
    > Convergence    =  1.000e-04
    > Basis per root =      4
    > Max basis size =     20
  Davidson diagonalisation converged in     31 iterations (  6.39 seconds)

   --------------------------
    Converged eigenvalues:   
   --------------------------
       0        6.80630567   
       1        6.82735260   
       2        7.04656112   
       3        7.05168087   
       4        7.36031047   
   --------------------------

 ---------------------------------------------
         Total Energy =   235.25954469 Eh
              Nuclear =  5151.81221337 Eh
         One Electron = -9722.71478811 Eh
              Coulomb =  5089.50905641 Eh
        ROHF Exchange =  -283.34693697 Eh
 ---------------------------------------------
           <Sz> =  1.00
           <S2> =  2.00
  Spin Coupling = ++

 -----------------------------------------------------------------------------------------------
  Open-Shell Exchange Matrix <Ψ|Êpq Êqp|Ψ> - Np
 -----------------------------------------------------------------------------------------------
           1              2        
   1   0.00000000    -1.00000000   
   2  -1.00000000     0.00000000   

 -----------------------------------------------------------------------------------------------
  Open-Shell Exchange Integrals <pq|qp>
 -----------------------------------------------------------------------------------------------
           1              2        
   1   3.67375743     3.02044249   
   2   3.02044249     3.67718619   

 -----------------------------------------------------------------------------------------------
  Occupied Orbital Coefficients
 -----------------------------------------------------------------------------------------------
           1              2              3              4              5              6        
   1  -0.99690574    -0.00322804     0.00003669    -0.00001751     0.07239711    -0.00039822   
   2  -0.00320642     0.99846989    -0.00003724    -0.00001573     0.00061959     0.04635864   
   3   0.00003732     0.00003716     0.99970953    -0.02310386     0.00000374    -0.00000305   
   4  -0.00001578     0.00001618     0.02310386     0.99970951     0.00001247     0.00000640   
   5  -0.07185767     0.00037629     0.00000668     0.00001109    -0.99717582     0.00015452   
   6   0.00023442     0.04579998    -0.00000465     0.00000572    -0.00015459    -0.99871674   
   7  -0.00000034     0.00000003    -0.00015426     0.00008304    -0.00000084    -0.00000086   
   8   0.00000073    -0.00000008    -0.00008267    -0.00015536     0.00000241     0.00000092   
   9  -0.00486705     0.00003342     0.00000251     0.00000481    -0.00941699    -0.00000477   
  10   0.00002094     0.00400620    -0.00000290     0.00000563     0.00001405    -0.00902251   
  11  -0.00260059     0.00403362     0.00000152    -0.00001155     0.00115102     0.00154278   
  12   0.00396179     0.00265888     0.00000736     0.00000237    -0.00171413     0.00101223   
  13  -0.00000147     0.00000573    -0.00255787     0.00412005     0.00000630     0.00001189   
  14   0.00000554     0.00000116    -0.00412060    -0.00255763    -0.00000923    -0.00000178   
  15  -0.00000107    -0.00000033    -0.00230969    -0.00403108    -0.00000328    -0.00000000   
  16  -0.00000103    -0.00000112    -0.00402790     0.00231177    -0.00000184     0.00000356   
  17   0.00396511    -0.00001824    -0.00000017    -0.00000048     0.00832169    -0.00000675   
  18  -0.00000976    -0.00222092     0.00000004    -0.00000020     0.00000543     0.00607173   
  19   0.00079398    -0.00000279     0.00000001    -0.00000000    -0.00334447     0.00000515   
  20  -0.00004091    -0.00974948     0.00000009    -0.00000067     0.00000445     0.00564687   
  21  -0.00942728     0.00003831     0.00000009     0.00000065    -0.00533695     0.00000905   
  22   0.00000004    -0.00000000    -0.00003734     0.00032659     0.00000006     0.00000003   
  23   0.00000017     0.00000016    -0.00032611    -0.00003721     0.00000011    -0.00000011   
  24   0.00002744     0.00632386    -0.00000004     0.00000045     0.00000009    -0.00162591   
  25  -0.00000033    -0.00000034    -0.00000545    -0.00000548    -0.00000013     0.00000015   
  26  -0.01262117     0.00004816     0.00000009     0.00000090    -0.00554107     0.00001233   
  27  -0.00004004    -0.01113853     0.00000008    -0.00000081     0.00001002     0.00753561   
  28   0.00409061    -0.00001526    -0.00000001    -0.00000030     0.00399768    -0.00000746   
  29  -0.00000019    -0.00000007    -0.00001678     0.00001720    -0.00000023     0.00000009   
  30   0.00000004     0.00000007    -0.00001672    -0.00001624     0.00000005    -0.00000011   
  31   0.00000054    -0.00027749     0.00000118     0.00000193    -0.00000493    -0.00013155   
  32   0.00012396     0.00000292    -0.00000268     0.00000401    -0.00037885     0.00000226   
  33  -0.00000222     0.00000145    -0.00009494     0.00025225     0.00000657     0.00000064   
  34  -0.00000040    -0.00000181    -0.00025223    -0.00009514     0.00000156    -0.00000088   
  35  -0.00000140    -0.00033581     0.00000043    -0.00000093    -0.00000183    -0.00154840   
  36  -0.00000004     0.00000018     0.00091162    -0.00059422    -0.00000001     0.00000127   
  37  -0.00000012    -0.00000018     0.00059454     0.00091241    -0.00000010    -0.00000080   
  38  -0.02558279     0.00010877     0.00000023     0.00000181    -0.01195165     0.00001862   
  39   0.00010657     0.02507271    -0.00000023     0.00000180    -0.00001034    -0.01391426   
  40  -0.00276847     0.00001231     0.00000000     0.00000021    -0.00205706     0.00000231   
  41   0.00000002    -0.00000007    -0.00000014     0.00000014     0.00000002     0.00000009   
  42  -0.00000513    -0.00100558    -0.00000002    -0.00000010     0.00000053     0.00161645   
  43  -0.00000018     0.00000014     0.00024273    -0.00072288    -0.00000003    -0.00000008   
  44   0.00000001    -0.00000009     0.00072250     0.00024255     0.00000003     0.00000001   
  45   0.00000000     0.00000003     0.00006822    -0.00007691    -0.00000001     0.00000001   
  46  -0.00000000    -0.00000003     0.00007694     0.00006817     0.00000002    -0.00000003   
  47  -0.00006382     0.00001156    -0.00000014     0.00000005     0.00011547     0.00001558   
  48   0.00000838     0.00008961     0.00000018     0.00000005    -0.00001440     0.00012523   
  49  -0.00000027     0.00000018     0.00000597    -0.00002258     0.00000065     0.00000040   
  50  -0.00000035    -0.00000062     0.00002264     0.00000609     0.00000047    -0.00000082   
  51  -0.00228328     0.00001033     0.00000005     0.00000015    -0.00035571     0.00000073   
  52  -0.00001683    -0.00389963     0.00000006    -0.00000027     0.00000119     0.00191264   
  53   0.00305746    -0.00001302    -0.00000004    -0.00000021     0.00160998    -0.00000245   
  54  -0.00000218    -0.00053303     0.00000001    -0.00000004     0.00000022     0.00023796   
  55   0.00010844    -0.00000040     0.00000004    -0.00000000     0.00026296    -0.00000058   
  56  -0.00000000    -0.00000002    -0.00000061     0.00007284    -0.00000003     0.00000001   
  57   0.00000001    -0.00000008    -0.00007286    -0.00000061     0.00000015     0.00000004   
  58   0.00000248     0.00077064    -0.00000001     0.00000005    -0.00000071    -0.00046316   
  59   0.00096763    -0.00000333    -0.00000001    -0.00000006     0.00024398    -0.00000072   
  60  -0.00000204    -0.00054321     0.00000000    -0.00000003    -0.00000011    -0.00001577   
           7              8              9              10             11             12       
   1   0.00000031     0.00000042     0.00263059    -0.00002047     0.00364434    -0.00072102   
   2   0.00000007     0.00000014     0.00002043     0.00277146     0.00002934    -0.00001667   
   3   0.00033456    -0.00021686     0.00000316     0.00001509    -0.00268038     0.00373539   
   4  -0.00021545    -0.00033531     0.00000386    -0.00001329    -0.00317472    -0.00395449   
   5   0.00000096     0.00000147     0.01235041    -0.00000574     0.00146539    -0.00028816   
   6   0.00000046     0.00000066    -0.00001102    -0.00582533     0.00000073     0.00001853   
   7  -0.98922699     0.10405821     0.00001826     0.00041069    -0.01800282     0.09603089   
   8   0.10405885     0.98918688     0.00014375    -0.00012893    -0.07618545    -0.03467083   
   9   0.00004552     0.00018200    -0.64134739     0.00013970     0.03783787    -0.00707679   
  10   0.00012737     0.00007071     0.00178433     0.50420460    -0.00066083    -0.00047026   
  11  -0.00019869    -0.00022520     0.19646809    -0.71975505    -0.31243689     0.06245859   
  12  -0.00012033     0.00015485    -0.29508920    -0.47700765     0.46969192    -0.09178820   
  13   0.09275268     0.04148251     0.00039280     0.00116762     0.21310291     0.95955669   
  14   0.04129505    -0.09309254    -0.00030931     0.00094351    -0.71224648     0.17273090   
  15  -0.00128907    -0.01699622    -0.00000282    -0.00005225    -0.11185608    -0.04655806   
  16   0.01697301    -0.00128203     0.00002240     0.00045497    -0.02306920     0.14206214   
  17   0.00001696     0.00002544     0.68000174    -0.00023692     0.32926622    -0.06500951   
  18   0.00000001     0.00000003    -0.00000205     0.00061419    -0.00000096    -0.00000179   
  19   0.00000009     0.00000016    -0.00010393    -0.00000148     0.00080432    -0.00015891   
  20   0.00000008     0.00000012    -0.00000196     0.00690423    -0.00000156    -0.00002172   
  21   0.00000018     0.00000028     0.00922336     0.00000101    -0.00040474     0.00008099   
  22   0.00012191     0.00014155     0.00000099    -0.00000558    -0.00104646    -0.00166626   
  23   0.00014190    -0.00012169    -0.00000131    -0.00000476     0.00116250    -0.00118957   
  24  -0.00000008    -0.00000009    -0.00000024    -0.00284245     0.00000090     0.00000832   
  25  -0.00001222     0.00006456     0.00000016     0.00000016     0.00000167     0.00000010   
  26   0.00000017     0.00000023     0.00911134     0.00000276     0.00056446    -0.00011118   
  27   0.00000008     0.00000010    -0.00000692     0.00443737    -0.00000262    -0.00001284   
  28  -0.00000025    -0.00000028    -0.00332259    -0.00000028    -0.00101110     0.00019973   
  29  -0.00164768    -0.00033848     0.00000026     0.00000041     0.00000627     0.00010865   
  30  -0.00033859     0.00164636    -0.00000005     0.00000002    -0.00008247    -0.00000407   
  31   0.00000004     0.00000090    -0.00000964     0.00167723     0.00002550    -0.00000395   
  32   0.00000174     0.00000071    -0.00074952    -0.00002155     0.00103603    -0.00017044   
  33   0.00008639     0.00006128     0.00001250    -0.00000244     0.00065301     0.00175194   
  34   0.00006104    -0.00008704     0.00000412     0.00001396    -0.00127368     0.00068574   
  35  -0.00000050    -0.00000037     0.00000040     0.00105547     0.00000045    -0.00000299   
  36  -0.00064826     0.00001256    -0.00000006     0.00000100    -0.00007157     0.00061879   
  37   0.00001162     0.00064908     0.00000025     0.00000017    -0.00048546    -0.00016475   
  38   0.00000041     0.00000052     0.01569114    -0.00000010     0.00171773    -0.00033878   
  39  -0.00000019    -0.00000017     0.00000271    -0.00828183     0.00000358     0.00002409   
  40   0.00000004     0.00000004     0.00116722    -0.00000008     0.00033022    -0.00006526   
  41   0.00000597     0.00000113    -0.00000001     0.00000001     0.00000006     0.00000141   
  42   0.00000000    -0.00000000     0.00000016    -0.00007851     0.00000001     0.00000038   
  43  -0.00010084    -0.00007627     0.00000014    -0.00000064    -0.00006577    -0.00015764   
  44  -0.00007660     0.00009997    -0.00000022    -0.00000033     0.00011429    -0.00006852   
  45   0.00027295     0.00006954    -0.00000001    -0.00000034    -0.00000832    -0.00008986   
  46   0.00006927    -0.00027233    -0.00000007    -0.00000002     0.00006839    -0.00000074   
  47   0.00000047     0.00000007     0.00020715    -0.00006005    -0.00028443     0.00006055   
  48  -0.00000023     0.00000049    -0.00002608    -0.00047787     0.00003892    -0.00000622   
  49  -0.00005456    -0.00004742     0.00000135    -0.00000314    -0.00025850    -0.00054048   
  50  -0.00004732     0.00005479     0.00000057     0.00000212     0.00038596    -0.00027652   
  51   0.00000003     0.00000002     0.00103787    -0.00000016    -0.00006101     0.00001212   
  52   0.00000003     0.00000002    -0.00000020     0.00105107    -0.00000039    -0.00000309   
  53  -0.00000005    -0.00000005    -0.00154265     0.00000010    -0.00023826     0.00004701   
  54   0.00000000    -0.00000000     0.00000005     0.00012394    -0.00000000    -0.00000036   
  55  -0.00000001    -0.00000002    -0.00018859     0.00000006    -0.00006078     0.00001196   
  56  -0.00000097    -0.00000142    -0.00000002     0.00000020     0.00004807     0.00006326   
  57  -0.00000143     0.00000099    -0.00000006     0.00000023    -0.00004327     0.00005607   
  58  -0.00000001    -0.00000000     0.00000038    -0.00020093     0.00000004     0.00000065   
  59  -0.00000001    -0.00000000    -0.00030271    -0.00000023     0.00004567    -0.00000906   
  60   0.00000000    -0.00000000    -0.00000004     0.00016291     0.00000001    -0.00000051   
           13             14             15             16             17             18       
   1   0.00416243     0.00003805    -0.00269858    -0.00000095     0.00000141     0.00001408   
   2   0.00003258    -0.00494981    -0.00001620     0.00000085    -0.00000172    -0.00183090   
   3   0.00299234     0.00000131    -0.00000166     0.00187928    -0.00336770    -0.00000006   
   4   0.00209307     0.00000061     0.00000047     0.00337008     0.00188143    -0.00000019   
   5   0.00166111    -0.00000437    -0.00199482    -0.00000222     0.00000243    -0.00000458   
   6   0.00000464    -0.00673341     0.00000741     0.00000159    -0.00000439    -0.00608699   
   7   0.03240305    -0.00000202     0.00001885     0.00005633    -0.00143139     0.00000003   
   8   0.06057384     0.00001644    -0.00005508     0.00138394     0.00005852     0.00000001   
   9   0.04270336     0.00270103     0.76459652     0.00019104    -0.00024479     0.00000178   
  10  -0.00163842     0.86317806    -0.00152469    -0.00008854     0.00025272     0.00073817   
  11  -0.35511794     0.41948366     0.19931301    -0.00022388    -0.00014785    -0.00016427   
  12   0.53521860     0.28002553    -0.30239584     0.00005311     0.00001346    -0.00010784   
  13  -0.02122984    -0.00008601    -0.00013894     0.07054948     0.13436030    -0.00000105   
  14   0.65531230     0.00020926     0.00006116    -0.13442395     0.07042972     0.00000014   
  15   0.08984796     0.00018945    -0.00015601     0.98833296     0.01137570     0.00000001   
  16   0.04477109     0.00016670    -0.00034606     0.01138720    -0.98835019    -0.00000030   
  17   0.37533886     0.00060260     0.53286107     0.00016995    -0.00019629    -0.00000260   
  18  -0.00000148     0.00066611    -0.00000138    -0.00000015     0.00000045    -0.99994699   
  19   0.00091839     0.00000106     0.00278730     0.00000118    -0.00000139    -0.00000202   
  20  -0.00000643     0.00883102    -0.00000314    -0.00000209     0.00000570     0.00171434   
  21  -0.00047121    -0.00000259    -0.00622276    -0.00000369     0.00000423    -0.00000004   
  22   0.00062700     0.00000048     0.00000038     0.00013168     0.00009928     0.00000001   
  23  -0.00122344    -0.00000007    -0.00000009    -0.00009885     0.00013117    -0.00000005   
  24   0.00000334    -0.00578656     0.00000279     0.00000131    -0.00000332     0.00441133   
  25  -0.00000148     0.00000029    -0.00000027    -0.00000118     0.00000031    -0.00000008   
  26   0.00063721    -0.00000001    -0.00813240    -0.00000420     0.00000506     0.00000105   
  27  -0.00000644     0.00861250    -0.00000026    -0.00000197     0.00000496     0.00430924   
  28  -0.00115206    -0.00000149     0.00107939     0.00000065    -0.00000087    -0.00000244   
  29   0.00001353     0.00000001     0.00000001    -0.00000121    -0.00000450     0.00000010   
  30   0.00007134    -0.00000002    -0.00000002     0.00000404    -0.00000112    -0.00000017   
  31   0.00000493    -0.00030075    -0.00000035    -0.00000062     0.00000024     0.00005892   
  32   0.00117725     0.00000455    -0.00006879    -0.00000044    -0.00000152    -0.00000067   
  33  -0.00030472     0.00000094     0.00000079    -0.00006132    -0.00007562    -0.00000027   
  34   0.00122520    -0.00000186     0.00000054     0.00007569    -0.00006061     0.00000041   
  35  -0.00000046     0.00070689     0.00000020     0.00000089     0.00000209    -0.00339367   
  36   0.00016983    -0.00000144     0.00000088     0.00009059     0.00198102     0.00000268   
  37   0.00039665    -0.00000004     0.00000080    -0.00198027     0.00008937    -0.00000170   
  38   0.00194899    -0.00000620    -0.01232022    -0.00000649     0.00000806     0.00000074   
  39   0.00001051    -0.01656289     0.00000808     0.00000396    -0.00000963    -0.00333392   
  40   0.00037633    -0.00000058    -0.00090000    -0.00000044     0.00000059    -0.00000004   
  41   0.00000018     0.00000003     0.00000000     0.00000002     0.00000010    -0.00000002   
  42   0.00000001     0.00037057    -0.00000043    -0.00000007     0.00000015    -0.00077811   
  43   0.00003019    -0.00000013     0.00000005     0.00038814     0.00044693     0.00000002   
  44  -0.00011186    -0.00000026     0.00000033    -0.00044733     0.00038782     0.00000000   
  45  -0.00000829    -0.00000002     0.00000004     0.00001967     0.00006080    -0.00000005   
  46  -0.00005998    -0.00000001     0.00000001    -0.00006050     0.00001963     0.00000003   
  47  -0.00032487     0.00001406     0.00004835     0.00000010     0.00000051     0.00000292   
  48   0.00003805     0.00011301    -0.00000625     0.00000051    -0.00000030     0.00002315   
  49   0.00012935     0.00000054     0.00000042    -0.00005937    -0.00006038     0.00000005   
  50  -0.00038822    -0.00000072     0.00000004     0.00006032    -0.00005955    -0.00000016   
  51  -0.00007053    -0.00000097    -0.00105715    -0.00000056     0.00000067    -0.00000027   
  52  -0.00000122     0.00195963    -0.00000107    -0.00000049     0.00000117    -0.00051884   
  53  -0.00027084     0.00000040     0.00096308     0.00000053    -0.00000068    -0.00000012   
  54  -0.00000010     0.00027666    -0.00000003    -0.00000007     0.00000016    -0.00069177   
  55  -0.00006926    -0.00000009    -0.00017907    -0.00000001     0.00000003    -0.00000020   
  56  -0.00003110    -0.00000003    -0.00000001     0.00007795     0.00004680    -0.00000000   
  57   0.00004750    -0.00000002    -0.00000007    -0.00004678     0.00007796    -0.00000002   
  58   0.00000017    -0.00020718    -0.00000005     0.00000003    -0.00000013     0.00014987   
  59   0.00005243    -0.00000007     0.00031238     0.00000016    -0.00000018     0.00000031   
  60  -0.00000010     0.00024426     0.00000005    -0.00000005     0.00000015    -0.00020086   
           19             20             21             22             23             24       
   1   0.00000949    -0.00004036    -0.00529686    -0.00000003    -0.00000006    -0.00002475   
   2   0.00000010     0.00556053    -0.00003748    -0.00000003     0.00000005     0.00331959   
   3   0.00000000     0.00000016     0.00000017     0.00001106    -0.00034375     0.00000010   
   4  -0.00000003     0.00000045    -0.00000042    -0.00034421    -0.00001087     0.00000029   
   5  -0.00387536     0.00000341    -0.00385851     0.00000001    -0.00000006    -0.00000105   
   6   0.00000566     0.00376689     0.00000616     0.00000001     0.00000005    -0.00004040   
   7   0.00000003    -0.00000036     0.00000021     0.00019240    -0.00035211    -0.00000012   
   8   0.00000003     0.00000011    -0.00000103    -0.00035247    -0.00019267     0.00000001   
   9  -0.00133463    -0.00001736     0.00748610     0.00000149     0.00000060    -0.00000914   
  10   0.00000381    -0.00779137    -0.00001982     0.00000190    -0.00000070    -0.00419796   
  11   0.00004186     0.00143398    -0.00096609    -0.00000460     0.00000057    -0.00015883   
  12  -0.00006093     0.00093853     0.00144345     0.00000091     0.00000296    -0.00011215   
  13   0.00000065     0.00001051    -0.00000494     0.00170218    -0.00103586     0.00000343   
  14  -0.00000089    -0.00000149     0.00000746    -0.00103643    -0.00170223    -0.00000084   
  15  -0.00000037    -0.00000001     0.00000254    -0.00039995    -0.00023356     0.00000006   
  16  -0.00000022     0.00000316     0.00000147     0.00023400    -0.00039910     0.00000155   
  17  -0.00223527     0.00000085    -0.00169782    -0.00000001    -0.00000006    -0.00000070   
  18  -0.00000198     0.00130932     0.00000021     0.00000001     0.00000004    -0.00510423   
  19   0.99902789    -0.00000928    -0.02947572    -0.00000016    -0.00000005    -0.00000412   
  20   0.00001695     0.98864436     0.00017941    -0.00000479    -0.00000394     0.05508282   
  21   0.03365359    -0.00018343     0.98944651     0.00000569    -0.00000480     0.00001017   
  22  -0.00000007     0.00000428    -0.00000602     0.99448331    -0.10477278     0.00000119   
  23  -0.00000030    -0.00000381    -0.00000369    -0.10477278    -0.99448331    -0.00000363   
  24  -0.00000616     0.07450094     0.00003335     0.00000131     0.00000367    -0.98618574   
  25   0.00000061    -0.00000364    -0.00000301    -0.00007691    -0.00007814    -0.00002111   
  26   0.02080959    -0.00002260    -0.10394168     0.00000050    -0.00000296    -0.00012584   
  27   0.00000010    -0.08292004     0.00002136    -0.00000006    -0.00000176    -0.13563366   
  28   0.00153703     0.00000762     0.02352623     0.00000008     0.00000046     0.00001741   
  29  -0.00000014    -0.00000033    -0.00000112     0.00018153    -0.00017372    -0.00000027   
  30   0.00000004     0.00000041     0.00000030    -0.00017228    -0.00018024     0.00000043   
  31  -0.00000017     0.00216101    -0.00003839    -0.00001838    -0.00001111     0.00015380   
  32  -0.00000399    -0.00002758    -0.00305571    -0.00003817     0.00002472    -0.00000267   
  33   0.00000006    -0.00001063     0.00005316    -0.00238244     0.00087336    -0.00000042   
  34   0.00000001     0.00001448     0.00001242     0.00087463     0.00238271     0.00000106   
  35   0.00000204    -0.00022782     0.00000102    -0.00000323     0.00000138     0.00271889   
  36  -0.00000006    -0.00000042     0.00000006    -0.00205842     0.00309720    -0.00000257   
  37   0.00000002     0.00000019    -0.00000085     0.00309811     0.00205690     0.00000173   
  38   0.01809530     0.00002698    -0.09176709    -0.00000021    -0.00000132     0.00000216   
  39  -0.00000875     0.09921611     0.00003130    -0.00000023     0.00000131     0.07641654   
  40   0.00293266     0.00000572    -0.01025545    -0.00000004    -0.00000013     0.00000331   
  41  -0.00000004    -0.00000032     0.00000007     0.00000026    -0.00000025    -0.00000031   
  42   0.00000262    -0.00466908    -0.00000411     0.00000002    -0.00000005    -0.00480833   
  43   0.00000005     0.00000035    -0.00000031    -0.00056729     0.00018481     0.00000026   
  44  -0.00000004    -0.00000008     0.00000013     0.00018505     0.00056712    -0.00000004   
  45   0.00000003     0.00000009     0.00000003    -0.00011230     0.00009793     0.00000002   
  46  -0.00000001    -0.00000004     0.00000002     0.00009764     0.00011224     0.00000001   
  47  -0.00003858    -0.00004609     0.00040076    -0.00000198     0.00000193    -0.00002748   
  48   0.00000490    -0.00036589    -0.00005051    -0.00000160    -0.00000261    -0.00021868   
  49  -0.00000026    -0.00000131     0.00000242     0.00040342    -0.00010373    -0.00000082   
  50  -0.00000012     0.00000236     0.00000147    -0.00010391    -0.00040329     0.00000141   
  51   0.00074984     0.00000360    -0.00676819     0.00000000    -0.00000009     0.00000060   
  52   0.00000211    -0.01291337    -0.00000479     0.00000004    -0.00000015    -0.00884676   
  53  -0.00401030    -0.00000296     0.00883079     0.00000004     0.00000010    -0.00000061   
  54   0.00000031    -0.00179651    -0.00000021     0.00000001    -0.00000001    -0.00092318   
  55   0.00004664    -0.00000011    -0.00029749    -0.00000008    -0.00000028     0.00000049   
  56  -0.00000001     0.00000002     0.00000000    -0.00050294    -0.00000020    -0.00000002   
  57   0.00000009    -0.00000026    -0.00000038    -0.00000015     0.00050278    -0.00000017   
  58   0.00000034     0.00164350    -0.00000100     0.00000002     0.00000011     0.00161653   
  59  -0.00090974     0.00000127     0.00217943    -0.00000002     0.00000010     0.00000125   
  60  -0.00000001    -0.00158688     0.00000024    -0.00000000    -0.00000004    -0.00072006   
           25             26             27             28             29             30       
   1   0.00000009     0.00737647    -0.00004755    -0.00303454    -0.00000020     0.00000004   
   2  -0.00000023     0.00005059     0.00696645    -0.00002116     0.00000006    -0.00000008   
   3  -0.00000536    -0.00000026     0.00000023     0.00000014     0.00003351     0.00003255   
   4  -0.00000564     0.00000062     0.00000061    -0.00000024    -0.00003290     0.00003306   
   5   0.00000003     0.00350409     0.00000683    -0.00384846    -0.00000030     0.00000006   
   6  -0.00000005    -0.00000774     0.00542670     0.00000606     0.00000011    -0.00000014   
   7   0.00001891    -0.00000020    -0.00000025     0.00000024    -0.00159191    -0.00050717   
   8   0.00006296     0.00000099     0.00000004    -0.00000048     0.00050725    -0.00159040   
   9  -0.00000008    -0.00843715    -0.00002051     0.00262564     0.00000029    -0.00000025   
  10   0.00000029     0.00002204    -0.00717060    -0.00000591     0.00000008     0.00000001   
  11  -0.00000001     0.00002161    -0.00012475     0.00025787    -0.00000018     0.00000016   
  12   0.00000002    -0.00001839    -0.00009408    -0.00039287    -0.00000011    -0.00000012   
  13   0.00000197     0.00000390     0.00000620    -0.00000087     0.00006405    -0.00001433   
  14  -0.00000840    -0.00000490    -0.00000147     0.00000066     0.00001383     0.00006473   
  15  -0.00000239    -0.00000254     0.00000009     0.00000069     0.00000874    -0.00003024   
  16  -0.00000065    -0.00000159     0.00000262     0.00000048    -0.00003060    -0.00000871   
  17  -0.00000010     0.00095975     0.00000205    -0.00220382    -0.00000026     0.00000012   
  18   0.00000023    -0.00000005     0.00294546     0.00000186     0.00000011    -0.00000020   
  19   0.00000029     0.01963653     0.00000031    -0.00020736     0.00000004    -0.00000001   
  20  -0.00000362    -0.00004660     0.06964740     0.00001185     0.00000051    -0.00000073   
  21  -0.00000121    -0.08001846    -0.00003174     0.02738480     0.00000191    -0.00000044   
  22  -0.00006859     0.00000129     0.00000035    -0.00000022    -0.00023961     0.00018361   
  23   0.00008613     0.00000281    -0.00000219    -0.00000081    -0.00018496    -0.00023815   
  24   0.00001921     0.00012190    -0.11376812    -0.00002296    -0.00000064     0.00000104   
  25  -0.99999992    -0.00001413     0.00000750     0.00000270     0.00000616    -0.00037405   
  26   0.00001526    -0.96801186    -0.00009529     0.12758283     0.00000914    -0.00000238   
  27   0.00001139    -0.00009224     0.96972705    -0.00004807     0.00000394    -0.00000618   
  28  -0.00000101    -0.14639859    -0.00006026    -0.98590869    -0.00001773     0.00000067   
  29   0.00000574     0.00000757    -0.00000430    -0.00001965     0.99978540     0.00105661   
  30  -0.00037292    -0.00000247     0.00000651     0.00000111    -0.00105703     0.99978267   
  31  -0.00000041     0.00008844    -0.00217494     0.00033600     0.00001253    -0.00006150   
  32  -0.00000011     0.00707385     0.00002909     0.02660611     0.00014329    -0.00002583   
  33  -0.00001888    -0.00012158     0.00001180    -0.00046266     0.00689170    -0.00304782   
  34   0.00004180    -0.00003007    -0.00001445    -0.00010521     0.00300364     0.00701499   
  35  -0.00000035    -0.00001735     0.04527999     0.00005021    -0.00001823     0.00001162   
  36   0.00001504    -0.00000047    -0.00003766     0.00000192    -0.01863194    -0.00424156   
  37   0.00007185     0.00000321     0.00002451    -0.00000482     0.00420426    -0.01871358   
  38   0.00000202     0.18414560     0.00013625    -0.10049810    -0.00000678     0.00000156   
  39  -0.00000541    -0.00010913     0.19829500     0.00004185     0.00000191    -0.00000283   
  40   0.00000024     0.01885969     0.00001593    -0.00739490    -0.00000050     0.00000018   
  41   0.00000002    -0.00000012    -0.00000041     0.00000008    -0.00012222    -0.00000189   
  42   0.00000029     0.00000786    -0.00568877    -0.00000384    -0.00000004     0.00000016   
  43   0.00001414     0.00000042     0.00000041     0.00000002    -0.00061864     0.00029715   
  44  -0.00002834    -0.00000025     0.00000001     0.00000017    -0.00029676    -0.00062073   
  45   0.00000145    -0.00000006     0.00000014    -0.00000018     0.00181050    -0.00008188   
  46  -0.00002345    -0.00000002    -0.00000007     0.00000007     0.00008292     0.00181028   
  47  -0.00000001    -0.00049244    -0.00002114    -0.00035132    -0.00000012     0.00000004   
  48   0.00000001     0.00006215    -0.00016746     0.00004410     0.00000001     0.00000006   
  49   0.00000107    -0.00000308    -0.00000088    -0.00000175     0.00000762    -0.00000463   
  50  -0.00000186    -0.00000173     0.00000100    -0.00000170     0.00000422     0.00000818   
  51   0.00000011     0.01036717     0.00000899    -0.00335435    -0.00000010    -0.00000004   
  52   0.00000059     0.00001163    -0.01672288    -0.00000367    -0.00000009     0.00000020   
  53  -0.00000016    -0.01267630    -0.00000888     0.00663812     0.00000054    -0.00000021   
  54   0.00000006     0.00000022    -0.00173426    -0.00000041    -0.00000002     0.00000006   
  55  -0.00000002    -0.00039748    -0.00000002    -0.00128802    -0.00000018    -0.00000003   
  56  -0.00000286     0.00000006     0.00000003     0.00000009     0.00009970    -0.00009544   
  57   0.00000290    -0.00000001    -0.00000031    -0.00000101     0.00009527     0.00009999   
  58  -0.00000010     0.00000111     0.00161185     0.00000002    -0.00000000     0.00000002   
  59  -0.00000004    -0.00302961     0.00000026     0.00091377     0.00000007    -0.00000002   
  60   0.00000005     0.00000010    -0.00195061    -0.00000013    -0.00000000     0.00000001   
           31             32             33             34             35             36       
   1   0.00000238     0.00023742     0.00000205    -0.00000058    -0.00000023    -0.00000010   
   2   0.00028321    -0.00000341     0.00000178     0.00000062     0.00000672     0.00000009   
   3  -0.00000043     0.00000075    -0.00001494     0.00022964     0.00000006    -0.00107816   
   4  -0.00000146    -0.00000186     0.00022973     0.00001500    -0.00000006     0.00014162   
   5  -0.00000469    -0.00025264    -0.00000210     0.00000070     0.00000163    -0.00000006   
   6  -0.00006837     0.00000153    -0.00000044    -0.00000012     0.00184435     0.00000014   
   7  -0.00000023    -0.00000066     0.00004893    -0.00008271     0.00000010    -0.00069512   
   8   0.00000071     0.00000074    -0.00008301    -0.00004892    -0.00000014    -0.00024483   
   9  -0.00001049    -0.00057449    -0.00000364     0.00000206     0.00000116    -0.00000034   
  10  -0.00057147     0.00001389    -0.00000185    -0.00000188     0.00075957     0.00000027   
  11   0.00133849     0.00087850     0.00001141     0.00000102    -0.00050281     0.00000039   
  12   0.00085096    -0.00137550    -0.00000537     0.00000819    -0.00033243     0.00000095   
  13  -0.00000469    -0.00001486     0.00163570    -0.00092196    -0.00000175    -0.00052501   
  14   0.00000966     0.00000016    -0.00092400    -0.00163696     0.00000009    -0.00061243   
  15   0.00000194     0.00000142    -0.00028208    -0.00017758     0.00000010     0.00067641   
  16  -0.00000008    -0.00000224     0.00017750    -0.00028097    -0.00000050     0.00176345   
  17  -0.00000337    -0.00018155    -0.00000155     0.00000048     0.00000069     0.00000001   
  18   0.00013566    -0.00000261     0.00000076     0.00000041     0.00352107     0.00000021   
  19  -0.00000258    -0.00015047    -0.00000127     0.00000041     0.00000160     0.00000005   
  20  -0.00192132     0.00003566    -0.00001179    -0.00000443     0.00351511     0.00000055   
  21   0.00004694     0.00254878     0.00002136    -0.00000690     0.00000270     0.00000031   
  22   0.00001641     0.00002278    -0.00263650     0.00018882    -0.00000036     0.00096481   
  23  -0.00000711     0.00000529     0.00019010     0.00263642    -0.00000027     0.00351495   
  24  -0.00042743     0.00000765    -0.00000281    -0.00000107    -0.00817754    -0.00000067   
  25  -0.00000029    -0.00000013     0.00003436     0.00003742     0.00000063     0.00003847   
  26   0.00004731     0.00260374     0.00002035    -0.00000795     0.00001902     0.00000080   
  27   0.00322253    -0.00006033     0.00001979     0.00000816     0.04412892     0.00000326   
  28   0.00050389     0.02755892     0.00023092    -0.00007195    -0.00004887    -0.00000015   
  29  -0.00001868    -0.00006684     0.00521541    -0.00467135    -0.00000318     0.01542352   
  30   0.00004142     0.00002646    -0.00474942    -0.00531473     0.00000623     0.01166141   
  31   0.99976472    -0.00570514    -0.00075555    -0.00235634    -0.02044190     0.00007864   
  32   0.00571063     0.99954784    -0.00686276     0.00662420     0.00029470    -0.00031895   
  33  -0.00003155    -0.00859162    -0.94935022     0.31284600     0.00008318    -0.01318557   
  34   0.00245237    -0.00415720     0.31288549     0.94936164    -0.00014804    -0.02340311   
  35  -0.02031964     0.00040788    -0.00013252    -0.00005593    -0.99874697     0.00045373   
  36   0.00007262     0.00018837    -0.01564527     0.02196823     0.00070659     0.91110010   
  37  -0.00018734    -0.00015202     0.02199038     0.01570854    -0.00046605     0.41082354   
  38  -0.00003054    -0.00173256    -0.00001288     0.00000615    -0.00000130    -0.00000138   
  39   0.00024395    -0.00000342     0.00000248    -0.00000020     0.00591477     0.00000209   
  40   0.00001338     0.00069450     0.00000607    -0.00000164    -0.00000012    -0.00000005   
  41  -0.00000003     0.00000003    -0.00000340     0.00000314    -0.00000009    -0.00002959   
  42  -0.00101293     0.00001926    -0.00000627    -0.00000230    -0.00196853    -0.00000002   
  43  -0.00000025    -0.00000048     0.00005568    -0.00001563     0.00000010    -0.00061665   
  44   0.00000022    -0.00000002    -0.00001680    -0.00005626     0.00000009    -0.00119544   
  45  -0.00000013    -0.00000027     0.00002776    -0.00002251    -0.00000015     0.00042383   
  46   0.00000024     0.00000008    -0.00002323    -0.00002840     0.00000015     0.00035227   
  47  -0.00005984    -0.00043374    -0.00000655     0.00000341     0.00006802     0.00000412   
  48  -0.00041040     0.00006222    -0.00000397    -0.00000450     0.00054022    -0.00000436   
  49  -0.00000424    -0.00000700     0.00051589    -0.00011394     0.00000153    -0.00030588   
  50   0.00000461    -0.00000231    -0.00011545    -0.00051628    -0.00000363    -0.00069636   
  51  -0.00001426    -0.00075224    -0.00000639     0.00000200    -0.00000035    -0.00000022   
  52   0.00032098    -0.00000601     0.00000198     0.00000081    -0.00059338    -0.00000031   
  53   0.00000122     0.00007082     0.00000052    -0.00000030     0.00000018     0.00000016   
  54  -0.00022989     0.00000428    -0.00000139    -0.00000055    -0.00155370    -0.00000006   
  55   0.00000305     0.00017336     0.00000149    -0.00000049    -0.00000100    -0.00000092   
  56   0.00000052     0.00000063    -0.00007391    -0.00000258    -0.00000007     0.00027780   
  57  -0.00000009     0.00000027    -0.00000239     0.00007397    -0.00000010     0.00169606   
  58  -0.00026545     0.00000473    -0.00000163    -0.00000064    -0.00072386     0.00000028   
  59   0.00000269     0.00015010     0.00000128    -0.00000041     0.00000004     0.00000026   
  60   0.00001560    -0.00000028     0.00000010     0.00000005    -0.00007493    -0.00000009   
           37             38             39       
   1   0.00000003     0.02804487    -0.00034977   
   2  -0.00000002     0.00035035     0.02772852   
   3   0.00014227    -0.00000092     0.00000081   
   4   0.00107876     0.00000238     0.00000239   
   5   0.00000010     0.01600264    -0.00006970   
   6   0.00000016     0.00006763     0.01736234   
   7  -0.00024321    -0.00000069    -0.00000070   
   8   0.00069588     0.00000278     0.00000014   
   9  -0.00000017    -0.02232717     0.00006609   
  10  -0.00000038    -0.00006537    -0.02142434   
  11   0.00000124    -0.00053484    -0.00082538   
  12  -0.00000043     0.00083422    -0.00058844   
  13  -0.00061272     0.00000979     0.00001738   
  14   0.00052704    -0.00001100    -0.00000453   
  15  -0.00176292    -0.00000664     0.00000058   
  16   0.00067796    -0.00000445     0.00000799   
  17  -0.00000000     0.00593887    -0.00002821   
  18   0.00000023     0.00001656     0.00335199   
  19   0.00000006     0.02578155    -0.00014455   
  20   0.00000076     0.00061860     0.11964884   
  21  -0.00000086    -0.11116371     0.00058148   
  22   0.00351654     0.00000077     0.00000023   
  23  -0.00096376     0.00000233    -0.00000245   
  24  -0.00000114    -0.00046730    -0.09317653   
  25  -0.00005277    -0.00000472     0.00000508   
  26  -0.00000303    -0.18597741     0.00102249   
  27   0.00000497     0.00102042     0.17761212   
  28   0.00000394     0.07117116    -0.00039666   
  29   0.01159121    -0.00000332     0.00000107   
  30  -0.01548550     0.00000091    -0.00000147   
  31  -0.00021640    -0.00003565    -0.00010663   
  32  -0.00036235    -0.00284298     0.00001752   
  33  -0.02337633     0.00004849    -0.00000085   
  34   0.01324680     0.00001301    -0.00000131   
  35   0.00071633     0.00001545     0.00318877   
  36   0.41082622     0.00000010    -0.00000048   
  37  -0.91109831    -0.00000291     0.00000077   
  38   0.00000380    -0.94411639     0.00479544   
  39   0.00000264    -0.00481478    -0.94848780   
  40   0.00000033    -0.12990313     0.00063214   
  41  -0.00002157     0.00000109     0.00000409   
  42  -0.00000030     0.00026260     0.06070700   
  43  -0.00119500    -0.00000484    -0.00000473   
  44   0.00062147     0.00000145     0.00000175   
  45   0.00035081     0.00000018    -0.00000096   
  46  -0.00042544     0.00000010     0.00000069   
  47   0.00000278     0.00145517     0.00008751   
  48   0.00000355    -0.00017964     0.00075941   
  49  -0.00069653     0.00001147     0.00000598   
  50   0.00030722     0.00000250    -0.00000374   
  51   0.00000013    -0.09743902     0.00046956   
  52  -0.00000014     0.00092717     0.18540390   
  53  -0.00000021     0.15109184    -0.00076791   
  54  -0.00000013     0.00019842     0.03843034   
  55   0.00000042    -0.00210484     0.00001784   
  56   0.00169679     0.00000091     0.00000100   
  57  -0.00027803    -0.00000489     0.00000509   
  58  -0.00000014    -0.00030970    -0.05009136   
  59  -0.00000001     0.07178594    -0.00042231   
  60   0.00000002     0.00025991     0.04693295   

 -----------------------------------------------------------------------------------------------
  Virtual Orbital Coefficients
 -----------------------------------------------------------------------------------------------
           40             41             42             43             44             45       
   1   0.00088253    -0.00000001    -0.00000543     0.00000005     0.00000009    -0.00000000   
   2   0.00000687    -0.00000023     0.00067102     0.00000004    -0.00000010     0.00000002   
   3  -0.00000000     0.00000279     0.00000000     0.00004211     0.00076321    -0.00003211   
   4   0.00000006    -0.00000266     0.00000003    -0.00076351     0.00004182    -0.00003569   
   5  -0.00028029     0.00000001    -0.00000030    -0.00000002     0.00000001     0.00000001   
   6  -0.00000001     0.00000021    -0.00066454     0.00000000     0.00000001    -0.00000005   
   7  -0.00000003    -0.00000867    -0.00000004     0.00004443     0.00007656     0.00007814   
   8   0.00000018     0.00000263     0.00000001    -0.00007607     0.00004361     0.00028905   
   9  -0.00136272     0.00000001    -0.00000116    -0.00000015     0.00000017     0.00000002   
  10   0.00000263     0.00000032    -0.00093709    -0.00000016    -0.00000016    -0.00000003   
  11   0.00010764    -0.00000005     0.00016262     0.00000031     0.00000001     0.00000004   
  12  -0.00015970    -0.00000003     0.00010654    -0.00000006     0.00000014    -0.00000001   
  13   0.00000078    -0.00000473     0.00000124    -0.00007933    -0.00004577    -0.00000550   
  14  -0.00000113    -0.00000111    -0.00000017     0.00004616    -0.00007984     0.00002089   
  15  -0.00000044     0.00000068     0.00000001     0.00053100    -0.00032743     0.00002707   
  16  -0.00000027    -0.00000251     0.00000037    -0.00032705    -0.00053055     0.00000647   
  17   0.00020179     0.00000000    -0.00000005     0.00000000    -0.00000001     0.00000000   
  18   0.00000003    -0.00000032     0.00098955    -0.00000003    -0.00000004     0.00000004   
  19  -0.00027781     0.00000002     0.00000097    -0.00000004     0.00000000     0.00000000   
  20   0.00000078    -0.00000069     0.00195271    -0.00000017    -0.00000009    -0.00000003   
  21  -0.00316229     0.00000003     0.00000231     0.00000015    -0.00000010    -0.00000000   
  22   0.00000005    -0.00000486     0.00000001    -0.00061699    -0.00005055    -0.00007783   
  23   0.00000009    -0.00000387    -0.00000007     0.00005072    -0.00061678     0.00009222   
  24   0.00000062     0.00000023    -0.00055717     0.00000017     0.00000006     0.00000009   
  25  -0.00000014     0.00000002     0.00000008    -0.00002275     0.00002418    -0.00002046   
  26  -0.00709835     0.00000007     0.00000660     0.00000041    -0.00000024     0.00000002   
  27   0.00000859    -0.00000215     0.00609134    -0.00000051    -0.00000026    -0.00000001   
  28   0.00535791    -0.00000000    -0.00000244    -0.00000034     0.00000007     0.00000006   
  29  -0.00000025     0.00021441     0.00000009    -0.00043083    -0.00039362     0.00007974   
  30   0.00000001     0.00000309     0.00000004     0.00039485    -0.00043263    -0.00186398   
  31  -0.00001388     0.00000031    -0.00099409    -0.00000006     0.00000013    -0.00000019   
  32  -0.00105759    -0.00000011     0.00001341    -0.00000025    -0.00000021    -0.00000004   
  33   0.00001841    -0.00000619     0.00000498    -0.00002039    -0.00000648    -0.00000702   
  34   0.00000423    -0.00000281    -0.00000660     0.00000761    -0.00002099     0.00001437   
  35  -0.00000013    -0.00000057     0.00192598    -0.00000102    -0.00000053     0.00000038   
  36  -0.00000005     0.00006006    -0.00000136    -0.00072399    -0.00103844    -0.00011299   
  37  -0.00000017    -0.00001259     0.00000109     0.00104125    -0.00072771    -0.00062566   
  38  -0.13687574     0.00000078     0.00004401     0.00000374    -0.00000394     0.00000027   
  39  -0.00003213     0.00002064    -0.05769993     0.00000410     0.00000383     0.00000039   
  40   0.99010950     0.00000180    -0.00002041     0.00000129     0.00000058     0.00000173   
  41  -0.00000154     0.99876766     0.00028054    -0.00118729    -0.00111765    -0.00144018   
  42  -0.00002418     0.00027963    -0.99753546    -0.00000324     0.00001602    -0.00001335   
  43   0.00000062     0.00158502    -0.00000274    -0.95527207    -0.28725307     0.03252016   
  44   0.00000087     0.00079029    -0.00001509     0.28726175    -0.95526771    -0.06090842   
  45   0.00000214    -0.04950181    -0.00000684    -0.05275480    -0.04392288    -0.08929355   
  46  -0.00000166    -0.00300591    -0.00001513     0.04380892    -0.05278777     0.99287068   
  47  -0.00331802     0.00000536    -0.00214221    -0.00003229    -0.00007515    -0.00000781   
  48   0.00041514     0.00000345    -0.01709943    -0.00002109     0.00010200    -0.00030318   
  49  -0.00001789    -0.00056627    -0.00004393     0.01296815     0.00306026     0.02013349   
  50  -0.00001460    -0.00032844     0.00011585    -0.00297669     0.01294974    -0.03248315   
  51  -0.01381623     0.00000123     0.00001492     0.00001204     0.00002519    -0.00000865   
  52  -0.00001259    -0.00000701     0.02858696    -0.00000528     0.00001582     0.00000398   
  53  -0.02528377     0.00000045    -0.00002480    -0.00000066    -0.00000761    -0.00000250   
  54  -0.00000979     0.00000610    -0.01944186     0.00000048     0.00000072    -0.00000124   
  55   0.00196895     0.00000000     0.00000280    -0.00000093     0.00000437     0.00000064   
  56  -0.00000027     0.00004478    -0.00000022    -0.00720203     0.00016798     0.00046025   
  57   0.00000130     0.00004416    -0.00000034    -0.00016914    -0.00719959    -0.00044184   
  58   0.00000386    -0.00000196     0.00604807     0.00000002    -0.00000124     0.00000020   
  59  -0.00314841     0.00000003     0.00000360    -0.00000021    -0.00000089    -0.00000018   
  60  -0.00000101    -0.00000133     0.00401985    -0.00000015     0.00000029     0.00000001   
           46             47             48             49             50             51       
   1  -0.00000001    -0.00009519    -0.00001518     0.00000023     0.00000040    -0.00055803   
   2  -0.00000001    -0.00001513     0.00009469     0.00000034    -0.00000032    -0.00000427   
   3  -0.00003552     0.00000015     0.00000020    -0.00000346     0.00003314     0.00000007   
   4   0.00003196    -0.00000002     0.00000002    -0.00003311    -0.00000347    -0.00000006   
   5   0.00000000     0.00010794     0.00001631    -0.00000020    -0.00000048    -0.00102900   
   6   0.00000003     0.00001486    -0.00009853    -0.00000031     0.00000037     0.00000078   
   7   0.00028955     0.00000000    -0.00000002    -0.00000053    -0.00000095     0.00000002   
   8  -0.00007848    -0.00000003     0.00000000     0.00000079    -0.00000013    -0.00000010   
   9  -0.00000001     0.00013047     0.00001999    -0.00000076    -0.00000045     0.00083053   
  10   0.00000002     0.00001932    -0.00013313    -0.00000097     0.00000020    -0.00000118   
  11  -0.00000004    -0.00031666     0.00034718     0.00000322     0.00000007     0.00009821   
  12  -0.00000001     0.00034933     0.00031523    -0.00000042    -0.00000179    -0.00014916   
  13   0.00001946    -0.00000322     0.00000066    -0.00048337    -0.00039290    -0.00000026   
  14   0.00000521     0.00000016    -0.00000292     0.00039378    -0.00048369     0.00000018   
  15  -0.00000653     0.00000008    -0.00000011     0.00001907    -0.00000785     0.00000022   
  16   0.00002717    -0.00000011    -0.00000002    -0.00000785    -0.00001876     0.00000014   
  17   0.00000000     0.00005503     0.00000833    -0.00000009    -0.00000025    -0.00049866   
  18  -0.00000005     0.00000582    -0.00003829    -0.00000009     0.00000016     0.00000018   
  19  -0.00000002     0.00005573     0.00000848    -0.00000008    -0.00000027    -0.00125633   
  20   0.00000001     0.00005388    -0.00035379    -0.00000100     0.00000142    -0.00000212   
  21  -0.00000001    -0.00034436    -0.00005233     0.00000057     0.00000158     0.00447645   
  22   0.00009271     0.00000141    -0.00000074     0.00038975     0.00009561    -0.00000003   
  23   0.00007834     0.00000114     0.00000186    -0.00009599     0.00038957    -0.00000013   
  24  -0.00000007    -0.00002558     0.00016789     0.00000043    -0.00000074     0.00000186   
  25  -0.00000057    -0.00000001    -0.00000001    -0.00000264     0.00000205     0.00000028   
  26  -0.00000001    -0.00032362    -0.00004921     0.00000029     0.00000163     0.01114505   
  27   0.00000003     0.00001756    -0.00011464    -0.00000004     0.00000072    -0.00001166   
  28  -0.00000017    -0.00037788    -0.00005753     0.00000103     0.00000154    -0.00643074   
  29  -0.00185566     0.00000039     0.00000007     0.00003974     0.00005009     0.00000039   
  30  -0.00008100    -0.00000005     0.00000035    -0.00004853     0.00003865    -0.00000015   
  31   0.00000005     0.00006783    -0.00040594    -0.00000531     0.00000317    -0.00000563   
  32   0.00000024     0.00045885     0.00007504    -0.00000791    -0.00000798    -0.00039784   
  33   0.00001274    -0.00001038     0.00000109    -0.00045170    -0.00023889     0.00000713   
  34   0.00000624    -0.00000243    -0.00000554     0.00024045    -0.00045200     0.00000138   
  35  -0.00000065     0.00008639    -0.00056760    -0.00000239     0.00000175     0.00000044   
  36  -0.00062255    -0.00000339    -0.00000167    -0.00033477    -0.00069325    -0.00000022   
  37   0.00011179     0.00000042    -0.00000355     0.00069494    -0.00033620     0.00000017   
  38   0.00000016    -0.00108856    -0.00016414    -0.00000250     0.00000709     0.12023148   
  39  -0.00000076    -0.00012063     0.00078600    -0.00000104    -0.00000593     0.00003567   
  40  -0.00000154     0.00355474     0.00053894    -0.00000810    -0.00001520     0.00683326   
  41   0.04951059    -0.00001349    -0.00000441    -0.00161956    -0.00210024     0.00000143   
  42   0.00000613    -0.00259446     0.01711752     0.00005133    -0.00006477    -0.00001315   
  43  -0.06093547    -0.00001258    -0.00002325    -0.00952711    -0.00460370    -0.00001874   
  44  -0.03264614    -0.00004399    -0.00005914     0.00463294    -0.00953139    -0.00002215   
  45   0.99157066    -0.00020383    -0.00005189    -0.02661655    -0.03064869     0.00000768   
  46   0.08924309    -0.00001861    -0.00021995     0.02932408    -0.02578732    -0.00000833   
  47   0.00028774     0.99937745     0.02577793     0.00147483     0.00152272     0.02294200   
  48  -0.00007677     0.02581444    -0.99950610     0.00173257    -0.00169644    -0.00287270   
  49  -0.03389871     0.00197167    -0.00091378    -0.92486675    -0.37799812     0.00012765   
  50  -0.02096476     0.00079757     0.00225618     0.37806267    -0.92487279     0.00009879   
  51   0.00000982     0.02340764     0.00354710    -0.00005460    -0.00010148    -0.98171777   
  52  -0.00000290    -0.00041990     0.00274747     0.00000771    -0.00001067     0.00006340   
  53   0.00000276     0.00159242     0.00024348    -0.00000695    -0.00000571     0.14487711   
  54   0.00000099     0.00011747    -0.00077170    -0.00000306     0.00000247    -0.00000912   
  55  -0.00000007    -0.00111637    -0.00017062     0.00000278     0.00000442    -0.00362253   
  56  -0.00043733     0.00000245    -0.00000166     0.00057114     0.00007809     0.00000062   
  57  -0.00045707     0.00000097     0.00000227    -0.00007797     0.00057132    -0.00000286   
  58  -0.00000022     0.00018006    -0.00117816    -0.00000382     0.00000429     0.00000558   
  59   0.00000010    -0.00063953    -0.00009790     0.00000151     0.00000267    -0.00105178   
  60   0.00000004    -0.00000104     0.00000683     0.00000011     0.00000009     0.00000328   
           52             53             54             55             56             57       
   1  -0.00000903     0.00107300    -0.00000374    -0.00000002     0.00000046     0.00010585   
   2   0.00117905     0.00000797     0.00049792     0.00000001     0.00000010     0.00000060   
   3   0.00000008    -0.00000005     0.00000002     0.00000213    -0.00008019     0.00000040   
   4   0.00000012     0.00000010     0.00000004    -0.00008017    -0.00000212    -0.00000000   
   5   0.00000062     0.00036181     0.00000028    -0.00000007     0.00000131     0.00027197   
   6   0.00099293    -0.00000055     0.00041200    -0.00000000     0.00000006    -0.00000059   
   7  -0.00000006    -0.00000003    -0.00000002    -0.00000371     0.00000691    -0.00000004   
   8   0.00000001     0.00000017    -0.00000000     0.00000695     0.00000376    -0.00000001   
   9  -0.00000337    -0.00139502    -0.00000100    -0.00000006     0.00000020     0.00002642   
  10  -0.00160889     0.00000280    -0.00045097    -0.00000007    -0.00000010     0.00000006   
  11  -0.00011288    -0.00002124    -0.00000801     0.00000020     0.00000011     0.00002939   
  12  -0.00007748     0.00003432    -0.00000603    -0.00000003    -0.00000038    -0.00004438   
  13   0.00000121     0.00000061     0.00000039    -0.00008140     0.00005008    -0.00000024   
  14  -0.00000034    -0.00000073    -0.00000010     0.00005021     0.00008141    -0.00000047   
  15   0.00000002    -0.00000042     0.00000001    -0.00005994    -0.00003464     0.00000015   
  16   0.00000057    -0.00000027     0.00000017     0.00003467    -0.00005997     0.00000032   
  17   0.00000007     0.00010356     0.00000024    -0.00000007     0.00000128     0.00026210   
  18   0.00121775     0.00000008     0.00077551     0.00000000     0.00000006    -0.00000016   
  19  -0.00000032    -0.00080396    -0.00000008    -0.00000000    -0.00000013    -0.00001649   
  20   0.00817874     0.00000001     0.00248321    -0.00000003     0.00000054    -0.00000041   
  21   0.00000240    -0.00655151     0.00000049    -0.00000004     0.00000176     0.00028811   
  22   0.00000003     0.00000007     0.00000001     0.00048905    -0.00005413     0.00000042   
  23  -0.00000021     0.00000016    -0.00000007    -0.00005419    -0.00048890     0.00000247   
  24  -0.00793624     0.00000109    -0.00249916    -0.00000001    -0.00000046     0.00000083   
  25   0.00000048    -0.00000036     0.00000014    -0.00000303    -0.00000304    -0.00000001   
  26   0.00001045    -0.01474225     0.00000245     0.00000007    -0.00000029    -0.00019487   
  27   0.01983734     0.00000928     0.00485667    -0.00000001     0.00000105    -0.00000076   
  28  -0.00000573     0.00540595    -0.00000053     0.00000033    -0.00000712    -0.00138055   
  29   0.00000019    -0.00000015     0.00000003    -0.00012639     0.00012225    -0.00000053   
  30  -0.00000022    -0.00000004    -0.00000001     0.00012252     0.00012682    -0.00000064   
  31   0.00029540    -0.00000424    -0.00020027    -0.00000024    -0.00000008    -0.00000166   
  32  -0.00000351    -0.00033793     0.00000259    -0.00000043    -0.00000044    -0.00013842   
  33  -0.00000168     0.00000578     0.00000096    -0.00002817     0.00001050     0.00000239   
  34   0.00000195     0.00000147    -0.00000135     0.00001056     0.00002827     0.00000038   
  35   0.00050313    -0.00000009     0.00159074    -0.00000143     0.00000067    -0.00000089   
  36  -0.00000026     0.00000006    -0.00000116    -0.00094878     0.00144457    -0.00000763   
  37   0.00000002    -0.00000024     0.00000081     0.00144536     0.00094869    -0.00000436   
  38   0.00002653    -0.12967789    -0.00000136    -0.00000062     0.00001184     0.00135593   
  39  -0.18812204     0.00000445    -0.03239669    -0.00000036    -0.00000746     0.00000290   
  40  -0.00001608    -0.04528286    -0.00000930     0.00000040    -0.00000713    -0.00158806   
  41   0.00000169     0.00000102     0.00000078    -0.00002949     0.00002937    -0.00000017   
  42  -0.01660314     0.00001710     0.02154182    -0.00000008     0.00000106     0.00000214   
  43  -0.00000029    -0.00000085    -0.00000085    -0.00685440     0.00227505    -0.00001357   
  44  -0.00001721     0.00000417     0.00000022     0.00227487     0.00685179    -0.00003395   
  45  -0.00000365     0.00000453     0.00000092     0.00012052    -0.00010602     0.00000086   
  46   0.00000227    -0.00000323    -0.00000088    -0.00010795    -0.00012251     0.00000029   
  47  -0.00039429     0.00535393     0.00015691    -0.00000366     0.00000893     0.00120050   
  48  -0.00313088    -0.00067245     0.00125042    -0.00000267    -0.00000478    -0.00015166   
  49  -0.00000640     0.00003279     0.00000413     0.00062732    -0.00016501     0.00000773   
  50   0.00002162     0.00001993    -0.00000824    -0.00016508    -0.00062741     0.00000814   
  51  -0.00006434    -0.16053659     0.00001266     0.00000098    -0.00001268    -0.00269821   
  52  -0.98147863    -0.00000930     0.02826938    -0.00000011     0.00000207    -0.00000336   
  53   0.00001655    -0.97724251     0.00002488    -0.00000158     0.00002708     0.00562950   
  54  -0.02212753    -0.00002651    -0.99550826    -0.00000096    -0.00000727    -0.00002014   
  55  -0.00000323     0.00525862    -0.00002926    -0.00015118     0.00563344     0.99951267   
  56  -0.00000017    -0.00000071    -0.00000006     0.99995952    -0.00500435     0.00017994   
  57  -0.00000060     0.00000351     0.00000645    -0.00500529    -0.99994367     0.00563526   
  58   0.00053661     0.00000622    -0.05060843     0.00002217     0.00003665    -0.00006914   
  59  -0.00000004    -0.00281495    -0.00002577    -0.00002078     0.00017386     0.02992673   
  60   0.00201149     0.00000317    -0.06362355    -0.00000374    -0.00001429    -0.00010158   
           58             59             60       
   1  -0.00000460     0.00102968     0.00000456   
   2   0.00071201     0.00000695    -0.00063328   
   3   0.00000003    -0.00000004    -0.00000002   
   4   0.00000007     0.00000009    -0.00000006   
   5   0.00000077     0.00082424    -0.00000075   
   6   0.00046399    -0.00000164    -0.00071590   
   7  -0.00000003    -0.00000003     0.00000002   
   8   0.00000000     0.00000014     0.00000000   
   9  -0.00000282    -0.00112276     0.00000149   
  10  -0.00085617     0.00000286     0.00057384   
  11  -0.00011030    -0.00007222     0.00004491   
  12  -0.00007444     0.00011084     0.00003070   
  13   0.00000051     0.00000042    -0.00000041   
  14  -0.00000020    -0.00000040     0.00000013   
  15   0.00000005    -0.00000033    -0.00000002   
  16   0.00000032    -0.00000025    -0.00000021   
  17   0.00000026     0.00043022    -0.00000023   
  18   0.00039241    -0.00000053    -0.00027110   
  19   0.00000031     0.00082540     0.00000015   
  20   0.00469183    -0.00000388    -0.00325379   
  21  -0.00000357    -0.00558628     0.00000040   
  22  -0.00000001     0.00000001    -0.00000000   
  23   0.00000002     0.00000005     0.00000005   
  24  -0.00351387     0.00000405     0.00306179   
  25   0.00000021    -0.00000026    -0.00000016   
  26  -0.00000418    -0.01055124    -0.00000074   
  27   0.00862015    -0.00000085    -0.00552636   
  28   0.00000198     0.00465988     0.00000022   
  29   0.00000006    -0.00000020    -0.00000004   
  30  -0.00000012     0.00000006     0.00000006   
  31   0.00024223    -0.00000070     0.00000451   
  32  -0.00000298    -0.00005741    -0.00000009   
  33  -0.00000128     0.00000090     0.00000002   
  34   0.00000160     0.00000034     0.00000004   
  35  -0.00057039    -0.00000026    -0.00010752   
  36   0.00000027     0.00000028     0.00000005   
  37  -0.00000063    -0.00000010     0.00000003   
  38  -0.00004979    -0.06817577     0.00001142   
  39  -0.05400420     0.00005129     0.03803030   
  40  -0.00001229    -0.01250302     0.00000264   
  41   0.00000051     0.00000011     0.00000011   
  42   0.00989835    -0.00001039     0.00367771   
  43  -0.00000061     0.00000024     0.00000006   
  44  -0.00000134     0.00000106     0.00000031   
  45   0.00000013     0.00000017     0.00000006   
  46  -0.00000019    -0.00000010    -0.00000006   
  47  -0.00012477    -0.00052978     0.00000178   
  48  -0.00098470     0.00006699     0.00001551   
  49  -0.00000260    -0.00000274     0.00000002   
  50   0.00000671    -0.00000244    -0.00000009   
  51  -0.00000027    -0.00563320     0.00000738   
  52   0.01166800    -0.00001159    -0.00384384   
  53   0.00001436     0.01380568     0.00000390   
  54  -0.04091777     0.00002321    -0.07023832   
  55   0.00005430     0.02983600     0.00010803   
  56  -0.00002225    -0.00001625     0.00000117   
  57   0.00003909    -0.00000548    -0.00000930   
  58   0.99130183     0.00006272     0.11046495   
  59   0.00006950    -0.99695275    -0.00004090   
  60  -0.11128416    -0.00005097     0.99062486   

 -----------------------------------------------------------------------------------------------
  Generalised Fock Matrix (MO basis)
 -----------------------------------------------------------------------------------------------
           1              2              3              4              5              6        
   1  -7.93199919    -0.00000000     0.00000000    -0.00000000    -0.00000000     0.00000000   
   2  -0.00000000    -7.92924937     0.00000000     0.00000000    -0.00000000    -0.00000000   
   3   0.00000000     0.00000000    -7.84270569    -0.00000000    -0.00000000    -0.00000000   
   4  -0.00000000     0.00000000    -0.00000000    -7.84267784    -0.00000000    -0.00000000   
   5  -0.00000000    -0.00000000    -0.00000000    -0.00000000    -7.73026437     0.00000000   
   6   0.00000000    -0.00000000    -0.00000000    -0.00000000     0.00000000    -7.68755065   
   7  -0.00000000     0.00000000     0.00000000     0.00000000    -0.00000000    -0.00000000   
   8   0.00000000     0.00000000    -0.00000000    -0.00000000     0.00000000     0.00000000   
   9   0.00000000     0.00000000    -0.00000000     0.00000000    -0.00000000    -0.00000000   
  10   0.00000000     0.00000000     0.00000000     0.00000000     0.00000000     0.00000000   
  11  -0.00000000     0.00000000    -0.00000000    -0.00000000    -0.00000000     0.00000000   
  12  -0.00000000     0.00000000     0.00000000    -0.00000000     0.00000000    -0.00000000   
  13  -0.00000000    -0.00000000     0.00000000     0.00000000    -0.00000000    -0.00000000   
  14  -0.00000000     0.00000000     0.00000000     0.00000000    -0.00000000     0.00000000   
  15  -0.00000000    -0.00000000    -0.00000000     0.00000000    -0.00000000    -0.00000000   
  16  -0.00000000     0.00000000     0.00000000    -0.00000000     0.00000000     0.00000000   
  17  -0.00000000     0.00000000     0.00000000    -0.00000000     0.00000000     0.00000000   
  18   0.00000000    -0.00000000     0.00000000     0.00000000     0.00000000     0.00000000   
  19   0.00000000     0.00000000    -0.00000000    -0.00000000     0.00000000     0.00000000   
  20  -0.00000000     0.00000000    -0.00000000     0.00000000     0.00000000    -0.00000000   
  21   0.00000000    -0.00000000    -0.00000000    -0.00000000    -0.00000000    -0.00000000   
  22  -0.00000000     0.00000000    -0.00000000    -0.00000000    -0.00000000    -0.00000000   
  23  -0.00000000     0.00000000    -0.00000000    -0.00000000    -0.00000000    -0.00000000   
  24  -0.00000000     0.00000000     0.00000000     0.00000000     0.00000000    -0.00000000   
  25   0.00000000    -0.00000000     0.00000000    -0.00000000    -0.00000000     0.00000000   
  26  -0.00000000    -0.00000000     0.00000000     0.00000000     0.00000000     0.00000000   
  27  -0.00000000    -0.00000000     0.00000000     0.00000000     0.00000000    -0.00000000   
  28   0.00000000     0.00000000     0.00000000    -0.00000000    -0.00000000     0.00000000   
  29  -0.00000000    -0.00000000     0.00000000    -0.00000000     0.00000000    -0.00000000   
  30  -0.00000000    -0.00000000    -0.00000000    -0.00000000     0.00000000     0.00000000   
  31  -0.00000000    -0.00000000    -0.00000000     0.00000000     0.00000000    -0.00000000   
  32  -0.00000000    -0.00000000    -0.00000000     0.00000000    -0.00000000     0.00000000   
  33   0.00000000    -0.00000000    -0.00000000    -0.00000000    -0.00000000    -0.00000000   
  34  -0.00000000    -0.00000000    -0.00000000     0.00000000    -0.00000000    -0.00000000   
  35   0.00000000     0.00000000    -0.00000000     0.00000000    -0.00000000     0.00000000   
  36   0.00000000     0.00000000    -0.00000000    -0.00000000    -0.00000000     0.00000000   
  37   0.00000000     0.00000000     0.00000000    -0.00000000    -0.00000000     0.00000000   
  38   0.31157738    -0.00287678    -0.00000325    -0.00002212     0.13934928     0.00060534   
  39  -0.00288531    -0.30608710     0.00000333    -0.00002179    -0.00058791     0.16212455   
  40  -0.00000003    -0.00000005    -0.00000011    -0.00000001    -0.00000005     0.00000007   
  41   0.00000003     0.00000002     0.00000000     0.00000003     0.00000002    -0.00000000   
  42  -0.00000003    -0.00000005    -0.00000001     0.00000002    -0.00000006    -0.00000009   
  43   0.00000002     0.00000000     0.00000005     0.00000001    -0.00000002     0.00000002   
  44  -0.00000001     0.00000000    -0.00000003     0.00000001    -0.00000000     0.00000001   
  45   0.00000004    -0.00000003    -0.00000002    -0.00000001     0.00000010    -0.00000001   
  46  -0.00000008    -0.00000003     0.00000001    -0.00000005    -0.00000001    -0.00000007   
  47   0.00000005     0.00000000     0.00000001     0.00000001     0.00000002     0.00000000   
  48   0.00000005    -0.00000003     0.00000005     0.00000002     0.00000001     0.00000003   
  49   0.00000001    -0.00000005    -0.00000001    -0.00000006     0.00000002    -0.00000001   
  50   0.00000001     0.00000001     0.00000000     0.00000000     0.00000001    -0.00000001   
  51   0.00000007     0.00000000     0.00000001     0.00000000    -0.00000013    -0.00000002   
  52  -0.00000004     0.00000010    -0.00000004    -0.00000003    -0.00000000     0.00000003   
  53   0.00000002     0.00000005     0.00000003    -0.00000000     0.00000006    -0.00000004   
  54  -0.00000001    -0.00000004     0.00000000     0.00000001    -0.00000001     0.00000007   
  55   0.00000000    -0.00000005    -0.00000001    -0.00000000    -0.00000001    -0.00000001   
  56   0.00000000    -0.00000001    -0.00000006     0.00000000     0.00000001    -0.00000000   
  57  -0.00000002    -0.00000005    -0.00000001     0.00000001     0.00000001     0.00000005   
  58   0.00000000     0.00000000     0.00000002    -0.00000003     0.00000006     0.00000002   
  59   0.00000001     0.00000003     0.00000001    -0.00000001     0.00000006    -0.00000007   
  60  -0.00000001     0.00000003    -0.00000001     0.00000000     0.00000003    -0.00000007   
           7              8              9              10             11             12       
   1  -0.00000000     0.00000000     0.00000000     0.00000000    -0.00000000    -0.00000000   
   2   0.00000000     0.00000000     0.00000000     0.00000000     0.00000000     0.00000000   
   3   0.00000000    -0.00000000    -0.00000000     0.00000000    -0.00000000     0.00000000   
   4   0.00000000    -0.00000000     0.00000000     0.00000000    -0.00000000    -0.00000000   
   5  -0.00000000     0.00000000    -0.00000000     0.00000000    -0.00000000     0.00000000   
   6  -0.00000000     0.00000000    -0.00000000     0.00000000     0.00000000    -0.00000000   
   7  -6.13013794    -0.00000000     0.00000000    -0.00000000     0.00000000    -0.00000000   
   8  -0.00000000    -6.13009017    -0.00000000    -0.00000000    -0.00000000    -0.00000000   
   9   0.00000000    -0.00000000    -6.04041287    -0.00000000    -0.00000000     0.00000000   
  10  -0.00000000    -0.00000000    -0.00000000    -6.03231155     0.00000000    -0.00000000   
  11   0.00000000    -0.00000000    -0.00000000     0.00000000    -6.02849705    -0.00000000   
  12  -0.00000000    -0.00000000     0.00000000    -0.00000000    -0.00000000    -6.02848975   
  13  -0.00000000     0.00000000    -0.00000000     0.00000000     0.00000000    -0.00000000   
  14  -0.00000000    -0.00000000     0.00000000    -0.00000000    -0.00000000     0.00000000   
  15  -0.00000000     0.00000000    -0.00000000    -0.00000000    -0.00000000    -0.00000000   
  16   0.00000000    -0.00000000    -0.00000000    -0.00000000    -0.00000000    -0.00000000   
  17  -0.00000000    -0.00000000    -0.00000000    -0.00000000    -0.00000000    -0.00000000   
  18  -0.00000000    -0.00000000    -0.00000000    -0.00000000    -0.00000000    -0.00000000   
  19   0.00000000     0.00000000    -0.00000000    -0.00000000     0.00000000    -0.00000000   
  20  -0.00000000    -0.00000000    -0.00000000    -0.00000000     0.00000000    -0.00000000   
  21   0.00000000    -0.00000000     0.00000000    -0.00000000    -0.00000000     0.00000000   
  22  -0.00000000    -0.00000000    -0.00000000    -0.00000000     0.00000000     0.00000000   
  23   0.00000000    -0.00000000    -0.00000000    -0.00000000    -0.00000000    -0.00000000   
  24  -0.00000000    -0.00000000    -0.00000000    -0.00000000    -0.00000000    -0.00000000   
  25   0.00000000    -0.00000000    -0.00000000    -0.00000000    -0.00000000    -0.00000000   
  26  -0.00000000    -0.00000000    -0.00000000    -0.00000000     0.00000000    -0.00000000   
  27   0.00000000     0.00000000    -0.00000000    -0.00000000     0.00000000    -0.00000000   
  28   0.00000000    -0.00000000    -0.00000000    -0.00000000     0.00000000     0.00000000   
  29  -0.00000000     0.00000000    -0.00000000    -0.00000000     0.00000000     0.00000000   
  30   0.00000000    -0.00000000    -0.00000000    -0.00000000    -0.00000000    -0.00000000   
  31  -0.00000000    -0.00000000     0.00000000    -0.00000000    -0.00000000     0.00000000   
  32  -0.00000000    -0.00000000    -0.00000000    -0.00000000     0.00000000    -0.00000000   
  33   0.00000000     0.00000000    -0.00000000    -0.00000000    -0.00000000     0.00000000   
  34   0.00000000     0.00000000     0.00000000    -0.00000000    -0.00000000    -0.00000000   
  35   0.00000000    -0.00000000    -0.00000000    -0.00000000     0.00000000    -0.00000000   
  36   0.00000000    -0.00000000     0.00000000    -0.00000000     0.00000000    -0.00000000   
  37  -0.00000000     0.00000000    -0.00000000     0.00000000    -0.00000000    -0.00000000   
  38  -0.00000418    -0.00000596    -0.17389885     0.00048705    -0.01615306     0.00318303   
  39   0.00000161     0.00000191     0.00085589     0.09632777     0.00004222    -0.00029792   
  40   0.00000006     0.00000004     0.00000013    -0.00000004     0.00000003    -0.00000001   
  41  -0.00000001     0.00000002     0.00000000     0.00000001     0.00000002     0.00000003   
  42   0.00000008     0.00000004     0.00000001    -0.00000001     0.00000001     0.00000002   
  43  -0.00000002    -0.00000000    -0.00000006     0.00000002     0.00000000     0.00000003   
  44   0.00000001    -0.00000000     0.00000000    -0.00000000     0.00000001    -0.00000001   
  45   0.00000013    -0.00000005    -0.00000004    -0.00000002    -0.00000003     0.00000001   
  46   0.00000011    -0.00000007     0.00000006     0.00000001     0.00000002    -0.00000001   
  47  -0.00000000    -0.00000001    -0.00000004    -0.00000001     0.00000003    -0.00000002   
  48  -0.00000003    -0.00000002    -0.00000001     0.00000000     0.00000005     0.00000006   
  49  -0.00000001    -0.00000003     0.00000003     0.00000004    -0.00000002     0.00000000   
  50  -0.00000001     0.00000000    -0.00000003    -0.00000001     0.00000003    -0.00000005   
  51  -0.00000002     0.00000000    -0.00000004    -0.00000000    -0.00000001     0.00000005   
  52   0.00000008     0.00000005     0.00000000     0.00000001    -0.00000003    -0.00000010   
  53   0.00000005     0.00000008    -0.00000007    -0.00000000    -0.00000005     0.00000001   
  54   0.00000005     0.00000005     0.00000005     0.00000001     0.00000002    -0.00000003   
  55   0.00000001     0.00000000     0.00000001     0.00000005     0.00000003     0.00000001   
  56   0.00000001    -0.00000000     0.00000000     0.00000002    -0.00000001     0.00000000   
  57   0.00000003     0.00000003    -0.00000004    -0.00000002     0.00000001    -0.00000002   
  58   0.00000001     0.00000001    -0.00000003     0.00000002    -0.00000002     0.00000001   
  59   0.00000004     0.00000004    -0.00000003     0.00000002     0.00000002    -0.00000003   
  60  -0.00000002    -0.00000003     0.00000008    -0.00000001     0.00000003     0.00000000   
           13             14             15             16             17             18       
   1  -0.00000000    -0.00000000    -0.00000000    -0.00000000    -0.00000000     0.00000000   
   2  -0.00000000     0.00000000    -0.00000000     0.00000000     0.00000000    -0.00000000   
   3   0.00000000     0.00000000    -0.00000000     0.00000000     0.00000000     0.00000000   
   4   0.00000000     0.00000000     0.00000000    -0.00000000    -0.00000000     0.00000000   
   5  -0.00000000    -0.00000000    -0.00000000     0.00000000     0.00000000     0.00000000   
   6  -0.00000000     0.00000000    -0.00000000     0.00000000     0.00000000     0.00000000   
   7  -0.00000000    -0.00000000    -0.00000000     0.00000000    -0.00000000    -0.00000000   
   8   0.00000000    -0.00000000     0.00000000    -0.00000000    -0.00000000    -0.00000000   
   9  -0.00000000     0.00000000    -0.00000000    -0.00000000    -0.00000000    -0.00000000   
  10   0.00000000    -0.00000000    -0.00000000    -0.00000000    -0.00000000    -0.00000000   
  11   0.00000000    -0.00000000    -0.00000000    -0.00000000    -0.00000000    -0.00000000   
  12  -0.00000000     0.00000000    -0.00000000    -0.00000000    -0.00000000    -0.00000000   
  13  -6.02847747    -0.00000000    -0.00000000    -0.00000000     0.00000000    -0.00000000   
  14  -0.00000000    -6.01147142     0.00000000    -0.00000000    -0.00000000    -0.00000000   
  15  -0.00000000     0.00000000    -6.00594221    -0.00000000     0.00000000    -0.00000000   
  16  -0.00000000    -0.00000000    -0.00000000    -5.98131608    -0.00000000     0.00000000   
  17   0.00000000    -0.00000000     0.00000000    -0.00000000    -5.98131598     0.00000000   
  18  -0.00000000    -0.00000000    -0.00000000     0.00000000     0.00000000    -3.67737696   
  19   0.00000000     0.00000000    -0.00000000    -0.00000000    -0.00000000     0.00000000   
  20   0.00000000    -0.00000000     0.00000000    -0.00000000    -0.00000000     0.00000000   
  21  -0.00000000     0.00000000    -0.00000000    -0.00000000     0.00000000     0.00000000   
  22  -0.00000000    -0.00000000     0.00000000     0.00000000     0.00000000    -0.00000000   
  23   0.00000000    -0.00000000    -0.00000000    -0.00000000    -0.00000000    -0.00000000   
  24  -0.00000000    -0.00000000     0.00000000     0.00000000     0.00000000     0.00000000   
  25  -0.00000000     0.00000000    -0.00000000    -0.00000000    -0.00000000    -0.00000000   
  26  -0.00000000    -0.00000000    -0.00000000    -0.00000000    -0.00000000    -0.00000000   
  27   0.00000000    -0.00000000    -0.00000000    -0.00000000    -0.00000000    -0.00000000   
  28   0.00000000     0.00000000     0.00000000    -0.00000000    -0.00000000     0.00000000   
  29  -0.00000000    -0.00000000     0.00000000    -0.00000000    -0.00000000    -0.00000000   
  30  -0.00000000     0.00000000    -0.00000000    -0.00000000     0.00000000    -0.00000000   
  31  -0.00000000     0.00000000    -0.00000000    -0.00000000    -0.00000000     0.00000000   
  32   0.00000000     0.00000000    -0.00000000    -0.00000000     0.00000000     0.00000000   
  33   0.00000000     0.00000000     0.00000000     0.00000000    -0.00000000     0.00000000   
  34   0.00000000    -0.00000000     0.00000000    -0.00000000     0.00000000     0.00000000   
  35   0.00000000    -0.00000000     0.00000000    -0.00000000    -0.00000000     0.00000000   
  36   0.00000000    -0.00000000     0.00000000    -0.00000000    -0.00000000     0.00000000   
  37  -0.00000000    -0.00000000    -0.00000000     0.00000000    -0.00000000     0.00000000   
  38  -0.01830679     0.00102387     0.14208675     0.00007432    -0.00009126     0.00015024   
  39  -0.00002660     0.18732932    -0.00081255    -0.00004481     0.00010997     0.03088902   
  40   0.00000006    -0.00000000     0.00000001     0.00000002    -0.00000004     0.00000013   
  41  -0.00000002    -0.00000002     0.00000002    -0.00000002     0.00000002    -0.00000004   
  42  -0.00000001     0.00000004    -0.00000001     0.00000001    -0.00000000    -0.00000011   
  43   0.00000007    -0.00000001     0.00000003     0.00000001     0.00000002     0.00000006   
  44   0.00000000    -0.00000000    -0.00000000     0.00000000     0.00000001     0.00000000   
  45  -0.00000003     0.00000002    -0.00000002     0.00000001    -0.00000003     0.00000015   
  46   0.00000004     0.00000008    -0.00000000     0.00000002    -0.00000003    -0.00000016   
  47   0.00000004     0.00000002     0.00000002    -0.00000006     0.00000001    -0.00000004   
  48   0.00000002    -0.00000000     0.00000002    -0.00000002     0.00000006    -0.00000003   
  49   0.00000000    -0.00000000    -0.00000007     0.00000006     0.00000002    -0.00000001   
  50  -0.00000005    -0.00000006     0.00000004     0.00000002     0.00000000    -0.00000000   
  51  -0.00000008    -0.00000003     0.00000002    -0.00000001    -0.00000008     0.00000002   
  52  -0.00000002    -0.00000013    -0.00000007     0.00000008    -0.00000003    -0.00000005   
  53   0.00000005     0.00000001    -0.00000003    -0.00000000     0.00000003     0.00000010   
  54   0.00000004     0.00000000     0.00000001     0.00000002     0.00000001     0.00000005   
  55  -0.00000003     0.00000003    -0.00000000    -0.00000001    -0.00000001    -0.00000001   
  56  -0.00000001     0.00000000     0.00000000    -0.00000001     0.00000002     0.00000001   
  57  -0.00000003     0.00000001    -0.00000003    -0.00000002    -0.00000000     0.00000002   
  58   0.00000002    -0.00000005    -0.00000002     0.00000002    -0.00000001     0.00000007   
  59   0.00000002     0.00000002    -0.00000005     0.00000001     0.00000004     0.00000001   
  60   0.00000002     0.00000002     0.00000003    -0.00000002    -0.00000000    -0.00000001   
           19             20             21             22             23             24       
   1   0.00000000    -0.00000000     0.00000000    -0.00000000    -0.00000000    -0.00000000   
   2   0.00000000     0.00000000    -0.00000000     0.00000000     0.00000000     0.00000000   
   3  -0.00000000    -0.00000000    -0.00000000    -0.00000000    -0.00000000     0.00000000   
   4  -0.00000000     0.00000000    -0.00000000    -0.00000000    -0.00000000     0.00000000   
   5   0.00000000     0.00000000    -0.00000000    -0.00000000    -0.00000000     0.00000000   
   6   0.00000000    -0.00000000    -0.00000000    -0.00000000    -0.00000000    -0.00000000   
   7   0.00000000    -0.00000000     0.00000000    -0.00000000     0.00000000    -0.00000000   
   8   0.00000000    -0.00000000    -0.00000000    -0.00000000    -0.00000000    -0.00000000   
   9  -0.00000000    -0.00000000     0.00000000    -0.00000000    -0.00000000    -0.00000000   
  10  -0.00000000    -0.00000000    -0.00000000    -0.00000000    -0.00000000    -0.00000000   
  11   0.00000000     0.00000000    -0.00000000     0.00000000    -0.00000000    -0.00000000   
  12  -0.00000000    -0.00000000     0.00000000     0.00000000    -0.00000000    -0.00000000   
  13   0.00000000     0.00000000    -0.00000000    -0.00000000     0.00000000    -0.00000000   
  14   0.00000000    -0.00000000     0.00000000    -0.00000000    -0.00000000    -0.00000000   
  15  -0.00000000     0.00000000    -0.00000000     0.00000000    -0.00000000     0.00000000   
  16  -0.00000000    -0.00000000    -0.00000000     0.00000000    -0.00000000     0.00000000   
  17  -0.00000000    -0.00000000     0.00000000     0.00000000    -0.00000000     0.00000000   
  18   0.00000000     0.00000000     0.00000000    -0.00000000    -0.00000000     0.00000000   
  19  -2.70098484    -0.00000000     0.00000000    -0.00000000    -0.00000000     0.00000000   
  20  -0.00000000    -1.69023063     0.00000000     0.00000000     0.00000000    -0.00000000   
  21   0.00000000     0.00000000    -1.65872954    -0.00000000     0.00000000     0.00000000   
  22  -0.00000000     0.00000000    -0.00000000    -1.40817459     0.00000000    -0.00000000   
  23  -0.00000000     0.00000000     0.00000000     0.00000000    -1.40816346    -0.00000000   
  24   0.00000000    -0.00000000     0.00000000    -0.00000000    -0.00000000    -0.84797699   
  25   0.00000000     0.00000000     0.00000000     0.00000000     0.00000000     0.00000000   
  26   0.00000000     0.00000000     0.00000000    -0.00000000    -0.00000000    -0.00000000   
  27  -0.00000000     0.00000000     0.00000000    -0.00000000    -0.00000000     0.00000000   
  28   0.00000000     0.00000000     0.00000000    -0.00000000    -0.00000000    -0.00000000   
  29   0.00000000    -0.00000000    -0.00000000     0.00000000     0.00000000     0.00000000   
  30   0.00000000    -0.00000000    -0.00000000    -0.00000000    -0.00000000     0.00000000   
  31   0.00000000    -0.00000000     0.00000000     0.00000000    -0.00000000     0.00000000   
  32   0.00000000    -0.00000000     0.00000000     0.00000000    -0.00000000     0.00000000   
  33   0.00000000     0.00000000    -0.00000000    -0.00000000    -0.00000000    -0.00000000   
  34   0.00000000    -0.00000000     0.00000000    -0.00000000     0.00000000     0.00000000   
  35  -0.00000000     0.00000000     0.00000000    -0.00000000    -0.00000000    -0.00000000   
  36  -0.00000000     0.00000000     0.00000000    -0.00000000     0.00000000     0.00000000   
  37  -0.00000000     0.00000000     0.00000000    -0.00000000    -0.00000000    -0.00000000   
  38  -0.13502504    -0.00362647     0.62244391     0.00000095     0.00000817    -0.00244344   
  39   0.00075273    -0.67888819    -0.00337818     0.00000105    -0.00000826    -0.47879878   
  40  -0.00000001    -0.00000009     0.00000009    -0.00000000     0.00000006    -0.00000015   
  41   0.00000002     0.00000007     0.00000000     0.00000001    -0.00000000     0.00000016   
  42   0.00000015    -0.00000004    -0.00000002     0.00000001    -0.00000004     0.00000011   
  43   0.00000008     0.00000012    -0.00000011     0.00000009    -0.00000001     0.00000011   
  44  -0.00000001     0.00000001     0.00000001     0.00000001    -0.00000000     0.00000002   
  45   0.00000006    -0.00000003     0.00000017     0.00000001     0.00000004    -0.00000013   
  46   0.00000000     0.00000021    -0.00000014    -0.00000003     0.00000002     0.00000018   
  47  -0.00000003    -0.00000008     0.00000001     0.00000001    -0.00000000    -0.00000002   
  48   0.00000000    -0.00000002    -0.00000005    -0.00000002    -0.00000001     0.00000005   
  49   0.00000001     0.00000007    -0.00000002    -0.00000002     0.00000001    -0.00000002   
  50  -0.00000000     0.00000003     0.00000002     0.00000001    -0.00000005     0.00000003   
  51   0.00000010     0.00000008    -0.00000008    -0.00000003     0.00000004     0.00000007   
  52   0.00000010    -0.00000001     0.00000008     0.00000002     0.00000004     0.00000006   
  53  -0.00000017    -0.00000000     0.00000011     0.00000001     0.00000002     0.00000018   
  54   0.00000005    -0.00000004     0.00000002     0.00000003    -0.00000001    -0.00000003   
  55   0.00000001     0.00000003    -0.00000005     0.00000000     0.00000000    -0.00000003   
  56  -0.00000000    -0.00000003    -0.00000001     0.00000000    -0.00000003    -0.00000001   
  57   0.00000004    -0.00000006    -0.00000009     0.00000001    -0.00000001    -0.00000006   
  58  -0.00000002     0.00000003     0.00000005     0.00000002     0.00000000     0.00000000   
  59  -0.00000002    -0.00000002     0.00000007     0.00000004     0.00000000    -0.00000000   
  60   0.00000006     0.00000003    -0.00000004    -0.00000002     0.00000001    -0.00000000   
           25             26             27             28             29             30       
   1   0.00000000    -0.00000000    -0.00000000     0.00000000    -0.00000000    -0.00000000   
   2  -0.00000000    -0.00000000    -0.00000000     0.00000000    -0.00000000    -0.00000000   
   3   0.00000000     0.00000000     0.00000000     0.00000000     0.00000000    -0.00000000   
   4  -0.00000000     0.00000000     0.00000000    -0.00000000    -0.00000000    -0.00000000   
   5  -0.00000000     0.00000000     0.00000000    -0.00000000     0.00000000     0.00000000   
   6   0.00000000     0.00000000    -0.00000000     0.00000000    -0.00000000     0.00000000   
   7   0.00000000    -0.00000000     0.00000000     0.00000000    -0.00000000     0.00000000   
   8  -0.00000000    -0.00000000     0.00000000    -0.00000000     0.00000000    -0.00000000   
   9  -0.00000000    -0.00000000    -0.00000000    -0.00000000    -0.00000000    -0.00000000   
  10  -0.00000000    -0.00000000    -0.00000000    -0.00000000    -0.00000000    -0.00000000   
  11  -0.00000000     0.00000000     0.00000000     0.00000000     0.00000000    -0.00000000   
  12  -0.00000000    -0.00000000    -0.00000000     0.00000000     0.00000000    -0.00000000   
  13  -0.00000000    -0.00000000     0.00000000     0.00000000    -0.00000000    -0.00000000   
  14   0.00000000    -0.00000000    -0.00000000     0.00000000    -0.00000000     0.00000000   
  15  -0.00000000    -0.00000000    -0.00000000     0.00000000     0.00000000    -0.00000000   
  16  -0.00000000    -0.00000000    -0.00000000    -0.00000000    -0.00000000    -0.00000000   
  17  -0.00000000    -0.00000000    -0.00000000    -0.00000000    -0.00000000     0.00000000   
  18  -0.00000000    -0.00000000    -0.00000000     0.00000000    -0.00000000    -0.00000000   
  19   0.00000000     0.00000000    -0.00000000     0.00000000     0.00000000     0.00000000   
  20   0.00000000     0.00000000     0.00000000     0.00000000    -0.00000000    -0.00000000   
  21   0.00000000     0.00000000     0.00000000     0.00000000    -0.00000000    -0.00000000   
  22   0.00000000    -0.00000000    -0.00000000    -0.00000000     0.00000000    -0.00000000   
  23   0.00000000    -0.00000000    -0.00000000    -0.00000000     0.00000000    -0.00000000   
  24   0.00000000    -0.00000000     0.00000000    -0.00000000     0.00000000     0.00000000   
  25  -0.62194102    -0.00000000    -0.00000000    -0.00000000    -0.00000000    -0.00000000   
  26  -0.00000000     0.00453091     0.00000000     0.00000000    -0.00000000    -0.00000000   
  27  -0.00000000     0.00000000     0.66403749    -0.00000000     0.00000000     0.00000000   
  28  -0.00000000     0.00000000    -0.00000000     1.23869393    -0.00000000    -0.00000000   
  29  -0.00000000    -0.00000000     0.00000000    -0.00000000     1.32960791    -0.00000000   
  30  -0.00000000    -0.00000000     0.00000000    -0.00000000    -0.00000000     1.33104046   
  31  -0.00000000     0.00000000    -0.00000000    -0.00000000     0.00000000    -0.00000000   
  32  -0.00000000     0.00000000    -0.00000000     0.00000000    -0.00000000    -0.00000000   
  33   0.00000000    -0.00000000    -0.00000000    -0.00000000     0.00000000    -0.00000000   
  34   0.00000000     0.00000000    -0.00000000    -0.00000000    -0.00000000     0.00000000   
  35   0.00000000    -0.00000000    -0.00000000    -0.00000000    -0.00000000    -0.00000000   
  36   0.00000000    -0.00000000     0.00000000     0.00000000     0.00000000    -0.00000000   
  37   0.00000000    -0.00000000    -0.00000000     0.00000000     0.00000000     0.00000000   
  38  -0.00001210    -1.03429207    -0.00596406     0.49660312     0.00003391    -0.00000795   
  39   0.00003306     0.00587249    -1.03649465    -0.00273560    -0.00000961     0.00001417   
  40  -0.00000004     0.00000002     0.00000022     0.00000013    -0.00000011     0.00000035   
  41  -0.00000017     0.00000006     0.00000001    -0.00000000     0.00000002     0.00000005   
  42  -0.00000011     0.00000001    -0.00000009    -0.00000017    -0.00000046     0.00000017   
  43   0.00000004     0.00000014     0.00000016    -0.00000005     0.00000002     0.00000003   
  44   0.00000001    -0.00000006     0.00000006     0.00000003     0.00000002     0.00000003   
  45   0.00000020    -0.00000028    -0.00000005    -0.00000008    -0.00000029    -0.00000018   
  46  -0.00000017     0.00000026     0.00000010    -0.00000002    -0.00000020    -0.00000025   
  47  -0.00000006    -0.00000001    -0.00000009     0.00000001    -0.00000000    -0.00000001   
  48  -0.00000018     0.00000007    -0.00000001     0.00000001     0.00000002     0.00000001   
  49   0.00000003     0.00000008     0.00000010    -0.00000024    -0.00000001     0.00000001   
  50   0.00000002    -0.00000009     0.00000017     0.00000015     0.00000001     0.00000001   
  51   0.00000008     0.00000003     0.00000009    -0.00000006    -0.00000000     0.00000008   
  52  -0.00000002    -0.00000003     0.00000020     0.00000014    -0.00000022     0.00000004   
  53  -0.00000014    -0.00000003    -0.00000025     0.00000026    -0.00000018     0.00000028   
  54   0.00000003     0.00000004    -0.00000005     0.00000007    -0.00000010     0.00000005   
  55  -0.00000005     0.00000003    -0.00000005     0.00000002    -0.00000003    -0.00000001   
  56  -0.00000000     0.00000001    -0.00000004    -0.00000001    -0.00000000    -0.00000000   
  57  -0.00000015     0.00000007    -0.00000000    -0.00000003    -0.00000004    -0.00000004   
  58   0.00000007    -0.00000003     0.00000006     0.00000011    -0.00000005    -0.00000000   
  59   0.00000006    -0.00000002    -0.00000008    -0.00000003    -0.00000006     0.00000005   
  60   0.00000005    -0.00000000     0.00000005    -0.00000005     0.00000004     0.00000001   
           31             32             33             34             35             36       
   1  -0.00000000    -0.00000000     0.00000000    -0.00000000     0.00000000     0.00000000   
   2  -0.00000000    -0.00000000    -0.00000000    -0.00000000     0.00000000     0.00000000   
   3  -0.00000000    -0.00000000    -0.00000000    -0.00000000    -0.00000000    -0.00000000   
   4   0.00000000     0.00000000    -0.00000000     0.00000000     0.00000000    -0.00000000   
   5   0.00000000    -0.00000000    -0.00000000    -0.00000000    -0.00000000    -0.00000000   
   6  -0.00000000     0.00000000    -0.00000000    -0.00000000     0.00000000     0.00000000   
   7  -0.00000000    -0.00000000     0.00000000     0.00000000     0.00000000     0.00000000   
   8  -0.00000000    -0.00000000     0.00000000     0.00000000    -0.00000000    -0.00000000   
   9   0.00000000    -0.00000000    -0.00000000     0.00000000    -0.00000000     0.00000000   
  10  -0.00000000    -0.00000000    -0.00000000    -0.00000000    -0.00000000    -0.00000000   
  11  -0.00000000     0.00000000    -0.00000000    -0.00000000     0.00000000     0.00000000   
  12   0.00000000    -0.00000000     0.00000000    -0.00000000    -0.00000000    -0.00000000   
  13  -0.00000000     0.00000000     0.00000000     0.00000000     0.00000000     0.00000000   
  14   0.00000000     0.00000000     0.00000000    -0.00000000    -0.00000000    -0.00000000   
  15  -0.00000000    -0.00000000     0.00000000     0.00000000     0.00000000     0.00000000   
  16  -0.00000000    -0.00000000     0.00000000    -0.00000000    -0.00000000    -0.00000000   
  17  -0.00000000     0.00000000    -0.00000000     0.00000000    -0.00000000    -0.00000000   
  18   0.00000000     0.00000000     0.00000000     0.00000000     0.00000000     0.00000000   
  19   0.00000000     0.00000000     0.00000000     0.00000000    -0.00000000    -0.00000000   
  20  -0.00000000    -0.00000000     0.00000000    -0.00000000     0.00000000     0.00000000   
  21   0.00000000     0.00000000    -0.00000000     0.00000000     0.00000000     0.00000000   
  22   0.00000000     0.00000000    -0.00000000    -0.00000000    -0.00000000    -0.00000000   
  23  -0.00000000    -0.00000000    -0.00000000     0.00000000    -0.00000000     0.00000000   
  24   0.00000000     0.00000000    -0.00000000     0.00000000    -0.00000000     0.00000000   
  25  -0.00000000    -0.00000000     0.00000000     0.00000000     0.00000000     0.00000000   
  26   0.00000000     0.00000000    -0.00000000     0.00000000    -0.00000000    -0.00000000   
  27  -0.00000000    -0.00000000    -0.00000000    -0.00000000    -0.00000000     0.00000000   
  28  -0.00000000     0.00000000    -0.00000000    -0.00000000    -0.00000000     0.00000000   
  29   0.00000000    -0.00000000     0.00000000    -0.00000000    -0.00000000     0.00000000   
  30  -0.00000000    -0.00000000    -0.00000000     0.00000000    -0.00000000    -0.00000000   
  31   1.51255270     0.00000000     0.00000000     0.00000000     0.00000000     0.00000000   
  32   0.00000000     1.51298715     0.00000000    -0.00000000    -0.00000000    -0.00000000   
  33   0.00000000     0.00000000     1.51416878     0.00000000     0.00000000    -0.00000000   
  34   0.00000000    -0.00000000     0.00000000     1.51418507    -0.00000000    -0.00000000   
  35   0.00000000    -0.00000000     0.00000000    -0.00000000     1.59338577     0.00000000   
  36   0.00000000    -0.00000000    -0.00000000    -0.00000000     0.00000000     1.68589392   
  37  -0.00000000     0.00000000    -0.00000000     0.00000000    -0.00000000    -0.00000000   
  38   0.00017418     0.00993573     0.00007596    -0.00003342    -0.00025064     0.00000622   
  39  -0.00061609    -0.00004344    -0.00000787     0.00000153    -0.05172280    -0.00001000   
  40   0.00000004     0.00000011    -0.00000004    -0.00000003    -0.00000021    -0.00000003   
  41   0.00000003    -0.00000001    -0.00000004     0.00000004     0.00000007     0.00000004   
  42  -0.00000001    -0.00000002     0.00000008    -0.00000012    -0.00000016    -0.00000009   
  43  -0.00000015    -0.00000013     0.00000000     0.00000015     0.00000010     0.00000017   
  44  -0.00000016     0.00000017    -0.00000001     0.00000012    -0.00000001    -0.00000002   
  45  -0.00000005     0.00000002    -0.00000002    -0.00000012     0.00000012    -0.00000015   
  46  -0.00000005    -0.00000000     0.00000001    -0.00000007    -0.00000018    -0.00000009   
  47  -0.00000002    -0.00000005     0.00000009    -0.00000001    -0.00000008     0.00000013   
  48   0.00000007    -0.00000005     0.00000003     0.00000006     0.00000004     0.00000033   
  49   0.00000004     0.00000001    -0.00000007    -0.00000003    -0.00000002    -0.00000002   
  50   0.00000001     0.00000002    -0.00000001     0.00000008     0.00000010    -0.00000000   
  51  -0.00000009    -0.00000002     0.00000007     0.00000013     0.00000012    -0.00000000   
  52   0.00000008     0.00000022    -0.00000019     0.00000000     0.00000005    -0.00000016   
  53   0.00000011     0.00000005    -0.00000002    -0.00000005     0.00000025    -0.00000001   
  54  -0.00000001     0.00000007    -0.00000002    -0.00000000    -0.00000007    -0.00000002   
  55   0.00000005    -0.00000003     0.00000001    -0.00000006    -0.00000006    -0.00000010   
  56  -0.00000001     0.00000000     0.00000000    -0.00000002    -0.00000000     0.00000006   
  57   0.00000001    -0.00000001     0.00000001    -0.00000008     0.00000004    -0.00000009   
  58   0.00000006     0.00000008    -0.00000003     0.00000002     0.00000006    -0.00000002   
  59   0.00000002     0.00000008    -0.00000005    -0.00000007    -0.00000015    -0.00000005   
  60  -0.00000003    -0.00000005     0.00000003     0.00000001    -0.00000008     0.00000002   
           37             38             39       
   1   0.00000000     0.31157734    -0.00288535   
   2   0.00000000    -0.00287671    -0.30608706   
   3   0.00000000    -0.00000322     0.00000331   
   4  -0.00000000    -0.00002213    -0.00002181   
   5  -0.00000000     0.13934926    -0.00058796   
   6   0.00000000     0.00060527     0.16212444   
   7  -0.00000000    -0.00000418     0.00000159   
   8   0.00000000    -0.00000599     0.00000188   
   9  -0.00000000    -0.17389885     0.00085596   
  10   0.00000000     0.00048696     0.09632774   
  11  -0.00000000    -0.01615307     0.00004222   
  12  -0.00000000     0.00318307    -0.00029790   
  13  -0.00000000    -0.01830684    -0.00002663   
  14  -0.00000000     0.00102390     0.18732932   
  15  -0.00000000     0.14208679    -0.00081251   
  16   0.00000000     0.00007431    -0.00004482   
  17  -0.00000000    -0.00009127     0.00010997   
  18   0.00000000     0.00015023     0.03088905   
  19  -0.00000000    -0.13502512     0.00075266   
  20   0.00000000    -0.00362630    -0.67888806   
  21   0.00000000     0.62244386    -0.00337837   
  22  -0.00000000     0.00000088     0.00000099   
  23  -0.00000000     0.00000820    -0.00000828   
  24  -0.00000000    -0.00244345    -0.47879875   
  25   0.00000000    -0.00001214     0.00003304   
  26  -0.00000000    -1.03429208     0.00587266   
  27  -0.00000000    -0.00596390    -1.03649454   
  28   0.00000000     0.49660317    -0.00273585   
  29   0.00000000     0.00003396    -0.00000945   
  30   0.00000000    -0.00000808     0.00001412   
  31  -0.00000000     0.00017401    -0.00061615   
  32   0.00000000     0.00993569    -0.00004356   
  33  -0.00000000     0.00007601    -0.00000782   
  34   0.00000000    -0.00003340     0.00000148   
  35  -0.00000000    -0.00025049    -0.05172274   
  36  -0.00000000     0.00000618    -0.00000997   
  37   1.68590931    -0.00001551    -0.00001163   
  38  -0.00001555     0.68924371     0.00000000   
  39  -0.00001173     0.00000000     0.70970131   
  40   0.00000004     0.00000021     0.00000008   
  41   0.00000000    -0.00000012     0.00000000   
  42  -0.00000005    -0.00000020    -0.00000000   
  43  -0.00000013    -0.00000011    -0.00000017   
  44   0.00000002    -0.00000002     0.00000000   
  45   0.00000002     0.00000017     0.00000006   
  46  -0.00000001    -0.00000008    -0.00000030   
  47  -0.00000021     0.00000009     0.00000009   
  48   0.00000004    -0.00000001    -0.00000003   
  49   0.00000006    -0.00000007    -0.00000006   
  50   0.00000001     0.00000006    -0.00000008   
  51   0.00000010     0.00000013    -0.00000004   
  52   0.00000002    -0.00000010     0.00000010   
  53  -0.00000012     0.00000002    -0.00000013   
  54  -0.00000003    -0.00000003    -0.00000001   
  55  -0.00000013    -0.00000010    -0.00000007   
  56  -0.00000001    -0.00000000     0.00000001   
  57  -0.00000003    -0.00000007    -0.00000004   
  58   0.00000006    -0.00000003    -0.00000001   
  59   0.00000004    -0.00000001    -0.00000005   
  60  -0.00000002     0.00000012    -0.00000002   

[[-0.996906 -0.003228  0.000037 ... -0.000005  0.00103   0.000005]
 [-0.003206  0.99847  -0.000037 ...  0.000712  0.000007 -0.000633]
 [ 0.000037  0.000037  0.99971  ...  0.       -0.       -0.      ]
 ...
 [ 0.000002  0.000771 -0.       ...  0.991302  0.000063  0.110465]
 [ 0.000968 -0.000003 -0.       ...  0.00007  -0.996953 -0.000041]
 [-0.000002 -0.000543  0.       ... -0.111284 -0.000051  0.990625]]
 Saved MO coefficients to FCIDUMP/FCIDUMP_TTM-Ph-TTM_core_mo_coeff.npy
